episode,scenario_seed,steps,time_limit_truncated,option_count,high_option_count,low_option_count,low_move_selection_count,low_stay_selection_count,low_active_stay_selection_count,low_forced_stay_selection_count,low_stay_selection_rate,low_active_stay_selection_rate,low_forced_stay_selection_rate,low_top1_urgency_selection_rate,avg_low_selected_urgency_rank,avg_low_selected_urgency,avg_low_selected_remain_kwh,avg_low_selected_need_power_kwh,avg_low_selected_distance_ratio,avg_low_selected_attraction,avg_low_selected_mcs_competition,avg_low_selected_fcs_competition,avg_low_selected_desirability,avg_low_available_attraction,avg_low_available_mcs_competition,avg_low_available_fcs_competition,avg_low_available_desirability,low_selected_minus_available_attraction,low_selected_minus_available_mcs_competition,low_selected_minus_available_fcs_competition,low_selected_minus_available_desirability,avg_low_raw_quasi_count,avg_low_safe_quasi_count,avg_low_topk_truncated_count,low_topk_truncation_rate,low_selected_urgency_reward_corr,low_selected_need_power_reward_corr,low_selected_mcs_competition_reward_corr,low_selected_fcs_competition_reward_corr,serve_option_count,recharge_option_count,wait_option_count,recharge_match_count,recharge_match_rate,avg_option_duration,avg_high_option_duration,avg_low_option_duration,episode_high_reward,episode_low_reward,episode_low_step_weighted,episode_low_event_weighted,low_event_absolute_contribution_ratio,episode_reward,avg_high_reward,avg_low_reward,avg_reward,charge_success_rate,charge_success_count,charge_success_mcs_count,charge_success_fcs_count,charge_failure_count,unresolved_count,attributed_mcs_success_count,attributed_mcs_success_weight_sum,low_attributed_mcs_success_weight_sum,controllable_failure_count,uncontrollable_failure_count,controllable_failure_weight_sum,low_controllable_failure_weight_sum,fcs_success_kpi_count,unattributed_mcs_success_count,forced_wait_count,voluntary_wait_count,energy_stranded_count,low_active_wait_count,low_passive_wait_count,low_delayed_event_count,total_mcs_profit,avg_mcs_profit,total_mcs_cost,avg_mcs_cost,total_mcs_energy_consumed_kwh,avg_mcs_energy_consumed_kwh,total_mcs_charged_kwh,avg_mcs_charged_kwh,total_mcs_idle_time_min,avg_mcs_idle_time_min,broken_mcs_count,energy_stranded_mcs_count,avg_reward_system_success,avg_reward_system_failure,avg_reward_attributed_mcs_success,avg_reward_controllable_failure,avg_reward_uncontrollable_failure,avg_reward_fcs_success_kpi,avg_reward_attributed_mcs_success_weight,avg_reward_controllable_failure_weight,avg_reward_service,avg_reward_serve_attraction,avg_reward_serve_competition,avg_reward_serve_potential_improvement,avg_reward_recharge,avg_reward_movement,avg_reward_wait,avg_reward_wait_base,avg_reward_wait_opportunity,avg_reward_wait_streak,avg_reward_wait_forced_time,avg_reward_recharge_match_failure,avg_reward_broken,avg_reward_energy_stranded,avg_reward_energy_stranded_event,avg_reward_battery_potential,avg_reward_high_step,avg_reward_high_event,avg_reward_recharge_step,avg_reward_recharge_event,avg_reward_broken_event,avg_reward_high_total,avg_reward_low_total,avg_reward_low_step,avg_reward_low_event,avg_reward_low_step_weighted,avg_reward_low_event_weighted,avg_reward_resource_gap_improvement,avg_reward_low_spatial_opportunity_gain,avg_reward_low_attraction_metric,avg_reward_low_mcs_competition_metric,avg_reward_low_fcs_competition_metric,avg_reward_urgency_coverage,avg_reward_low_attraction_reward,avg_reward_low_immediate_iev_attraction,avg_reward_mcs_cluster_penalty,avg_reward_fcs_redundancy_penalty,avg_reward_high_serve_suitability,avg_reward_low_attributed_mcs_success,avg_reward_low_controllable_failure,avg_reward_low_active_wait_count,avg_reward_low_passive_wait_count,actor_loss,high_actor_loss,low_actor_loss,critic_loss,high_critic_loss,low_critic_loss,high_explained_variance,low_explained_variance,high_sample_count,low_sample_count,high_frozen,high_entropy,low_entropy,update_index,episodes_in_update,update_sample_count,update_high_sample_count,update_low_sample_count,update_avg_reward,training_device,peak_cuda_memory_mb,low_entropy_coef,low_normalized_entropy,low_top1_probability,low_top1_top2_probability_gap,low_sample_greedy_consistency,low_valid_action_count,low_advantage_mean,low_advantage_std,low_advantage_positive_fraction,low_approx_kl,low_clip_fraction,low_actor_grad_norm
1,42,200,True,1113,1113,508,295,213,77,136,0.4192913385826771,0.1515748031496063,0.2677165354330709,0.3254237288135593,2.277966101694916,0.7153790101156396,15.214133456601935,29.20976679284694,0.6322512355869857,0.5160851763466657,0.2236349713625544,0.2627995600639763,0.109769804308475,0.5169706153667579,0.2280868875936179,0.269003529448883,0.1065465894417237,-0.0008854390200921,-0.0044519162310634,-0.0062039693849066,0.0032232148667513,10.753937007874017,10.753937007874017,8.279527559055119,0.5078740157480315,0.063866767279518,0.1061011878358108,-0.0440028784014874,-0.091709816303266,508,605,0,605,1.0,1.7816711590296497,1.7816711590296497,3.877952755905512,59.29031350554096,27.02881683933113,-2.552573216691272,29.58139005602241,0.920564631414178,86.3191303448721,0.0296451567527704,0.0135144084196655,0.043159565172436,0.7419354838709677,207,146,61,72,0,144,72.22619047619045,42.74185340802989,4,68,4.0,3.0,60,0,136,77,0,77,136,0,4266.61209768248,426.661209768248,9172.867440925862,917.2867440925862,357.66986189426984,35.76698618942699,5375.372339606523,537.5372339606523,2540.0,254.0,0,0,0.0361130952380952,-0.0022,0.0361130952380952,-0.0022,0.0,0.0,0.0361130952380952,0.002,0.0620021158032189,0.0777805388801475,-0.0784278677850007,0.0033203975138097,5.340281147139498e-05,-0.0067823314468184,-0.001737021076642,-0.0011549999999999,-0.000374521076642,-0.0002075,0.0,0.0,0.0,0.0,0.0,5.340281147139498e-05,0.0037734028114713,0.0361130952380952,5.340281147139498e-05,0.0,0.0,0.0296451567527703,0.0135144084196655,-0.0051051464333825,0.0197209267040149,-0.0012762866083456,0.0147906950280112,0.0033203975138097,0.0033203975138097,0.4587347849873817,0.1747964737034061,0.2245327974475907,0.0,0.0,0.0097224416548013,0.0,0.0,0.0037199999999999,0.0213709267040149,-0.00165,0.0385,0.068,-0.0167930334930618,-0.0089837509021162,-0.0078092825909455,0.4945564298207561,0.2862997758761048,0.2082566539446513,0.0493646264076232,0.0548412799835205,9219,4224,0,0.68512162566185,0.9718574815326266,1,8,13443,9219,4224,0.046909252211481,cuda,39.9658203125,,,,,,,,,,,,
2,43,200,True,1256,1256,584,305,279,90,189,0.4777397260273973,0.1541095890410959,0.3236301369863014,0.3540983606557377,2.2098360655737705,0.6282971672347335,17.578913138342685,27.34624589262683,0.6372417649240844,0.466530079773215,0.2084444240590588,0.2325583909058058,0.1004767555315963,0.4625094700543606,0.2091489803962043,0.238532936159277,0.1019682221481057,0.0040206097188543,-0.0007045563371455,-0.0059745452534712,-0.0014914666165093,6.133561643835616,6.133561643835616,3.958904109589041,0.398972602739726,0.1013036421722534,-0.0010293738087458,-0.1471887007919288,-0.2692163344238626,584,672,0,672,1.0,1.5652866242038217,1.5652866242038217,3.315068493150685,60.47576969007232,34.01330618288593,-1.9117638451252896,35.9250700280112,0.9494734720263522,94.48907587295824,0.0302378848450361,0.0170066530914429,0.0472445379364791,0.6750902527075813,187,117,70,90,0,113,73.61904761904762,52.30009337068163,6,84,6.0,4.0,69,0,189,90,0,90,189,0,3456.3772491514424,345.63772491514425,7560.810371578793,756.0810371578793,369.7485180225924,36.97485180225924,4355.757930895599,435.5757930895599,2920.0,292.0,0,0,0.0368095238095238,-0.0033,0.0368095238095238,-0.0033,0.0,0.0,0.0368095238095238,0.003,0.0485388503413814,0.0777957684144991,-0.0653820450674539,0.0051393403336,1.3289870855590104e-06,-0.0070675904897046,-0.0019903432981705,-0.0013499999999999,-0.0003953432981705,-0.000245,0.0,0.0,0.0,0.0,0.0,1.3289870855590104e-06,0.0039513289870855,0.0368095238095238,1.3289870855590104e-06,0.0,0.0,0.0302378848450359,0.0170066530914429,-0.0038235276902505,0.0239500466853408,-0.0009558819225626,0.0179625350140056,0.0051393403336,0.0051393403336,0.3757912701924795,0.1399171632168773,0.1685672766649604,0.0,0.0,0.0109304541192601,0.0,0.0,0.0039499999999999,0.0261500466853408,-0.0022,0.045,0.0945,-0.0167930334930618,-0.0089837509021162,-0.0078092825909455,0.4945564298207561,0.2862997758761048,0.2082566539446513,0.0493646264076232,0.0548412799835205,9219,4224,0,0.68512162566185,0.9718574815326266,1,8,13443,9219,4224,0.046909252211481,cuda,39.9658203125,,,,,,,,,,,,
3,44,200,True,1060,1060,474,239,235,92,143,0.4957805907172996,0.1940928270042194,0.3016877637130801,0.3598326359832636,2.2468619246861925,0.7049673767643494,15.676771287638772,30.03342480040993,0.6426853667457576,0.5216465263810617,0.1933801852353696,0.2244010787519575,0.1106848925601488,0.5258631636408083,0.1918417591851002,0.2337137890519831,0.1129773088407441,-0.0042166372597466,0.0015384260502694,-0.0093127103000255,-0.0022924162805953,9.789029535864978,9.789029535864978,7.525316455696203,0.4451476793248945,0.1778507246631551,-0.0018883970152865,-0.054938248418544,-0.1678272270549225,474,586,0,586,1.0,1.868867924528302,1.868867924528302,4.09915611814346,73.676380952381,33.88198436144827,-2.002475097296569,35.884459458744864,0.9471460248562852,107.55836531382926,0.0368381904761905,0.0169409921807241,0.0537791826569146,0.7706093189964157,215,161,54,64,0,159,90.4404761904762,58.31193708252533,11,53,11.0,9.514537397756534,52,0,143,92,0,92,143,0,4421.482757418607,442.1482757418608,9470.369226094626,947.0369226094626,343.77467864761513,34.37746786476151,5575.205793255912,557.5205793255911,2370.0,237.0,0,0,0.045220238095238,-0.00605,0.045220238095238,-0.00605,0.0,0.0,0.045220238095238,0.0055,0.0682169412134734,0.067321816993265,-0.0553023588036937,0.0037946051398789,0.0,-0.0055855201003715,-0.0020188732243282,-0.0013799999999999,-0.0003913732243282,-0.0002475,0.0,0.0,0.0,0.0,0.0,0.0,0.0033099999999999,0.045220238095238,0.0,0.0,0.0,0.0368381904761905,0.0169409921807241,-0.0040049501945931,0.0239229729724965,-0.0010012375486482,0.0179422297293724,0.0037946051398789,0.0037946051398789,0.4395502760620926,0.1317065648092637,0.1688160923181159,0.0,0.0,0.0149447821183876,0.0,0.0,0.0033099999999999,0.0291559685412626,-0.005232995568766,0.046,0.0715,-0.0167930334930618,-0.0089837509021162,-0.0078092825909455,0.4945564298207561,0.2862997758761048,0.2082566539446513,0.0493646264076232,0.0548412799835205,9219,4224,0,0.68512162566185,0.9718574815326266,1,8,13443,9219,4224,0.046909252211481,cuda,39.9658203125,,,,,,,,,,,,
4,45,200,True,1066,1066,488,262,226,89,137,0.4631147540983606,0.1823770491803278,0.2807377049180328,0.3167938931297709,2.2900763358778624,0.6943027056355513,15.468110084533691,30.98733021364412,0.6470423100466435,0.5371549280203936,0.2013204116943001,0.2234516094708886,0.1140875203236368,0.5356776519244864,0.1940840191868994,0.2194232918421617,0.1165444143116474,0.0014772760959071,0.0072363925074006,0.0040283176287269,-0.0024568939880105,10.71311475409836,10.71311475409836,8.23360655737705,0.5020491803278688,0.1440268362058055,0.066937836394711,-0.1356699207200906,-0.1229810545377942,488,578,0,578,1.0,1.8564727954971856,1.8564727954971856,4.038934426229508,71.02091464908308,32.78806049376141,-1.909883229182307,34.69794372294372,0.9478285550333276,103.80897514284447,0.0355104573245415,0.0163940302468807,0.0519044875714222,0.8125,234,153,81,54,0,150,86.94285714285712,55.06392496392498,10,44,10.0,8.0,81,0,137,89,0,89,137,0,4506.129117749789,450.6129117749789,9630.322046889803,963.0322046889804,339.51345890265014,33.95134589026502,5679.437827115351,567.943782711535,2440.0,244.0,0,0,0.0434714285714285,-0.0054999999999999,0.0434714285714285,-0.0054999999999999,0.0,0.0,0.0434714285714285,0.005,0.0645874788653788,0.0762177416445967,-0.0689238069057956,0.0039247932453457,0.0001565723369931,-0.0061645485714842,-0.0020483249112773,-0.0013349999999999,-0.0004608249112773,-0.0002525,0.0,0.0,0.0,0.0,0.0,0.0001565723369931,0.0036665723369931,0.0434714285714285,0.0001565723369931,0.0,0.0,0.0355104573245416,0.0163940302468807,-0.0038197664583646,0.0231319624819624,-0.0009549416145911,0.0173489718614718,0.0039247932453457,0.0039247932453457,0.4560708393444772,0.1389351000635266,0.1644923385417234,0.0,0.0,0.0121038186791367,0.0,0.0,0.0035099999999999,0.0275319624819624,-0.0043999999999999,0.0445,0.0685,-0.0167930334930618,-0.0089837509021162,-0.0078092825909455,0.4945564298207561,0.2862997758761048,0.2082566539446513,0.0493646264076232,0.0548412799835205,9219,4224,0,0.68512162566185,0.9718574815326266,1,8,13443,9219,4224,0.046909252211481,cuda,39.9658203125,,,,,,,,,,,,
5,46,200,True,1164,1164,533,293,240,87,153,0.450281425891182,0.1632270168855534,0.2870544090056285,0.3549488054607508,2.16382252559727,0.7038619302645478,15.421701154611217,28.64060101452134,0.6841200424216007,0.510090710716036,0.2814031167419901,0.2861801986979899,0.0912579966696303,0.5102115406212954,0.2883741173785141,0.3024607826176865,0.0978508137560643,-0.0001208299052594,-0.006971000636524,-0.0162805839196966,-0.006592817086434,10.180112570356473,10.180112570356473,7.801125703564728,0.4559099437148217,0.1209368639967377,-0.0126163696407065,-0.1296422713693035,-0.2430324891408824,533,631,0,631,1.0,1.6786941580756014,1.6786941580756014,3.624765478424015,61.9127671125502,25.4763120449885,-2.6251324587824607,28.101444503770978,0.914564760598562,87.3890791575387,0.0309563835562751,0.0127381560224942,0.0436945395787693,0.6715328467153284,184,139,45,90,0,133,75.45515873015873,50.57387791946616,13,77,13.0,11.91389567979229,45,0,153,87,0,87,153,0,3956.6415992414254,395.6641599241426,8576.14454167566,857.614454167566,373.7432069136808,37.37432069136808,4986.686075856676,498.6686075856677,2665.0,266.5,0,0,0.0377275793650793,-0.0071499999999999,0.0377275793650793,-0.0071499999999999,0.0,0.0,0.0377275793650793,0.0065,0.0569451382458135,0.0789249757836818,-0.0789435441528371,0.0037637350677469,7.160032105800695e-05,-0.0072889881000667,-0.0019596095990032,-0.0013049999999999,-0.0004121095990032,-0.0002425,0.0,0.0,0.0,0.0,0.0,7.160032105800695e-05,0.0038716003210579,0.0377275793650793,7.160032105800695e-05,0.0,0.0,0.0309563835562748,0.0127381560224942,-0.0052502649175649,0.0187342963358473,-0.0013125662293912,0.0140507222518854,0.0037637350677469,0.0037637350677469,0.4334184588734505,0.2081521679196626,0.2258608320615817,0.0,0.0,0.0131459714502052,0.0,0.0,0.0037999999999999,0.025286938959733,-0.0065526426238857,0.0435,0.0765,-0.0167930334930618,-0.0089837509021162,-0.0078092825909455,0.4945564298207561,0.2862997758761048,0.2082566539446513,0.0493646264076232,0.0548412799835205,9219,4224,0,0.68512162566185,0.9718574815326266,1,8,13443,9219,4224,0.046909252211481,cuda,39.9658203125,,,,,,,,,,,,
6,47,200,True,1173,1173,542,255,287,116,171,0.5295202952029521,0.2140221402214022,0.3154981549815498,0.4705882352941176,1.988235294117647,0.6252018459871703,18.030315010220395,29.64694099893757,0.6230207539674845,0.4363090490593629,0.1954637066041137,0.2506132613246639,0.0968960323900568,0.4335071055328144,0.1997746914917347,0.2594760382840154,0.0965974121847573,0.0028019435265485,-0.0043109848876209,-0.0088627769593515,0.0002986202052995,5.097785977859779,5.097785977859779,3.101476014760148,0.3284132841328413,0.1573142604546457,-0.0404598869580741,-0.1757252259281705,-0.2792986772094272,542,631,0,631,1.0,1.6734867860187552,1.6734867860187552,3.581180811808118,68.66988832433813,34.09898044992993,-2.263134845473104,36.36211529540304,0.9414078915419608,102.76886877426809,0.034334944162169,0.0170494902249649,0.051384434387134,0.5957446808510638,168,130,38,114,0,126,83.79761904761902,60.32100677100679,14,100,14.0,10.761987615578237,36,0,171,116,0,116,171,0,3989.407559426416,398.94075594264166,8570.904478330864,857.0904478330864,330.77134284048225,33.07713428404823,5026.0442681948525,502.6044268194853,2710.0,271.0,0,0,0.0418988095238095,-0.0077,0.0418988095238095,-0.0077,0.0,0.0,0.0418988095238095,0.007,0.0544979884240009,0.0696167096717653,-0.0536744559744909,0.0035492262031204,0.0003694827156072,-0.005777101549164,-0.0025030268088507,-0.0017399999999999,-0.0004230268088507,-0.00034,0.0,0.0,0.0,0.0,0.0,0.0003694827156072,0.0040794827156071,0.0418988095238095,0.0003694827156072,0.0,0.0,0.0343349441621691,0.0170494902249649,-0.0045262696909462,0.0242414101969353,-0.0011315674227365,0.0181810576477015,0.0035492262031204,0.0035492262031204,0.3665953384987827,0.1458577814753705,0.1714902036047511,0.0,0.0,0.0227871255535817,0.0,0.0,0.0037099999999999,0.0301605033855033,-0.005919093188568,0.058,0.0855,-0.0167930334930618,-0.0089837509021162,-0.0078092825909455,0.4945564298207561,0.2862997758761048,0.2082566539446513,0.0493646264076232,0.0548412799835205,9219,4224,0,0.68512162566185,0.9718574815326266,1,8,13443,9219,4224,0.046909252211481,cuda,39.9658203125,,,,,,,,,,,,
7,48,200,True,1168,1168,517,251,266,84,182,0.5145067698259188,0.1624758220502901,0.3520309477756286,0.3745019920318725,2.139442231075697,0.6858182031794848,16.07080488850871,31.979052635778,0.6615064687712908,0.5209560520145523,0.2892516587834909,0.3013843964540448,0.0961246463021196,0.5203324963015864,0.2948067770692041,0.3027174470434151,0.0961309919853609,0.0006235557129659,-0.0055551182857132,-0.0013330505893702,-6.345683241273936e-06,9.965183752417795,9.965183752417795,7.849129593810445,0.3965183752417795,0.0850798722364618,-0.0126081838355242,-0.1581353161823632,-0.14556446783863,517,651,0,651,1.0,1.6797945205479452,1.6797945205479452,3.756286266924565,58.39213457861824,22.35188333441766,-2.514537303711484,24.86642063812914,0.9081647432112286,80.7440179130359,0.0291960672893091,0.0111759416672088,0.0403720089565179,0.6810035842293907,190,135,55,89,0,130,71.21547619047621,40.47467203848783,10,79,10.0,6.654040473620281,54,0,182,84,0,84,182,0,4039.2889196828,403.92889196828,8644.757746990801,864.4757746990801,316.21563326158446,31.621563326158444,5086.7581742969705,508.6758174296971,2585.0,258.5,0,0,0.0356077380952381,-0.0055,0.0356077380952381,-0.0055,0.0,0.0,0.0356077380952381,0.005,0.0561338953060514,0.0715826104740218,-0.0846648952567056,0.0024149678824112,0.0001993840655931,-0.0060377499450501,-0.001848283097459,-0.0012599999999999,-0.000368283097459,-0.00022,0.0,0.0,0.0,0.0,0.0,0.0001993840655931,0.0035493840655931,0.0356077380952381,0.0001993840655931,0.0,0.0,0.0291960672893089,0.0111759416672088,-0.0050290746074229,0.0165776137587527,-0.0012572686518557,0.0124332103190645,0.0024149678824112,0.0024149678824112,0.4161200381985858,0.1900479592627866,0.2025090578474094,0.0,0.0,0.0158916499588812,0.0,0.0,0.0033499999999999,0.0202373360192439,-0.0036597222604911,0.042,0.091,-0.0167930334930618,-0.0089837509021162,-0.0078092825909455,0.4945564298207561,0.2862997758761048,0.2082566539446513,0.0493646264076232,0.0548412799835205,9219,4224,0,0.68512162566185,0.9718574815326266,1,8,13443,9219,4224,0.046909252211481,cuda,39.9658203125,,,,,,,,,,,,
8,49,200,True,1219,1219,578,316,262,99,163,0.4532871972318339,0.1712802768166089,0.2820069204152249,0.3734177215189873,2.1772151898734178,0.6950955646513384,15.632532874240152,28.212006526825288,0.5993861527875864,0.5083913239591484,0.2563897774708045,0.2918939810759046,0.1056017471430233,0.5066831380223171,0.2693437300239324,0.2949304096813349,0.107911941483381,0.0017081859368313,-0.0129539525531279,-0.0030364286054302,-0.0023101943403576,9.865051903114187,9.865051903114187,7.4878892733564015,0.4913494809688581,0.1647004650367087,0.0504075247490396,-0.081255711766974,-0.2065466982833277,578,641,0,641,1.0,1.6004922067268252,1.6004922067268252,3.36159169550173,59.88910333188871,27.58141953246051,-2.991426916582786,30.572846449043293,0.910874670695348,87.47052286434922,0.0299445516659443,0.0137907097662302,0.0437352614321746,0.7117437722419929,200,129,71,81,0,124,72.72380952380955,52.8559523809524,17,64,17.0,10.992870105055744,68,0,163,99,0,99,163,0,3731.8908480419054,373.18908480419066,8083.615234816715,808.3615234816715,351.45433307147977,35.145433307147975,4700.805083914236,470.0805083914236,2890.0,289.0,0,0,0.0363619047619047,-0.0093499999999999,0.0363619047619047,-0.0093499999999999,0.0,0.0,0.0363619047619047,0.0085,0.0532559022089038,0.0869003440867441,-0.0933149301495755,0.0029124133737316,0.0001251392821026,-0.0068874917799527,-0.0022167070400663,-0.0014849999999999,-0.0004642070400663,-0.0002675,0.0,0.0,0.0,0.0,0.0,0.0001251392821026,0.0042751392821026,0.0363619047619047,0.0001251392821026,0.0,0.0,0.0299445516659441,0.0137907097662302,-0.0059828538331655,0.0203818976326955,-0.0014957134582913,0.0152864232245216,0.0029124133737316,0.0029124133737316,0.4409057983097897,0.1979496294924833,0.2196836025084606,0.0,0.0,0.0102212736570537,0.0,0.0,0.0041499999999999,0.0264279761904762,-0.0060460785577806,0.0495,0.0815,-0.0167930334930618,-0.0089837509021162,-0.0078092825909455,0.4945564298207561,0.2862997758761048,0.2082566539446513,0.0493646264076232,0.0548412799835205,9219,4224,0,0.68512162566185,0.9718574815326266,1,8,13443,9219,4224,0.046909252211481,cuda,39.9658203125,,,,,,,,,,,,
9,50,200,True,1006,1006,539,301,238,78,160,0.4415584415584415,0.1447124304267161,0.2968460111317254,0.3089700996677741,2.395348837209302,0.6841776087830629,16.340034202879846,30.614018713121,0.6376497916420117,0.4939027292486837,0.2172671947442614,0.3011375476491709,0.1005778456001582,0.4989383377110047,0.2139325388134813,0.292165052749068,0.102779987698229,-0.0050356084623209,0.0033346559307801,0.0089724949001028,-0.0022021420980707,8.578849721706865,8.578849721706865,6.122448979591836,0.4860853432282003,0.1198117309755106,0.0654467371836073,-0.1927315504159998,-0.1923272543372772,539,467,0,467,1.0,1.8220675944333995,1.8220675944333995,3.391465677179963,59.96813407729863,31.99848929796969,-2.3252355242205454,34.32372482219022,0.9365538475787004,91.96662337526833,0.0299840670386493,0.0159992446489848,0.0459833116876341,0.6808510638297872,192,143,49,90,1,141,74.975,53.98165394546975,11,79,11.0,7.4697159235297885,47,0,160,78,1,78,160,0,4132.92472636313,413.29247263631294,8647.128687636045,864.7128687636044,348.7489756063452,34.87489756063452,5205.480738376993,520.5480738376993,2695.0,269.5,0,1,0.0374875,-0.0060499999999999,0.0374875,-0.0060499999999999,0.0,0.0,0.0374875,0.0055,0.0605131908010739,0.0755048849245334,-0.0733631827315721,0.0038652105300106,0.0001803351932464,-0.0069793668082078,-0.0018167799396655,-0.0011699999999999,-0.0004167799396655,-0.00023,0.0,0.0,0.0,-0.001,-0.001,0.0001803351932464,0.0039703351932464,0.0364875,0.0001803351932464,0.0,0.0,0.0299840670386491,0.0159992446489848,-0.004650471048441,0.0228824832147934,-0.0011626177621102,0.0171618624110951,0.0038652105300106,0.0038652105300106,0.4019931652909827,0.1384312369901787,0.2053327236254954,0.0,0.0,0.0120126684105238,0.0,0.0,0.0037899999999999,0.0269908269727348,-0.0041083437579413,0.039,0.08,-0.0162061133794486,-0.0090281526558101,-0.0071779607236385,0.3883639116750823,0.2128567265139685,0.1755071851611137,0.6197993755340576,0.4456557035446167,8819,4716,0,0.6609022749794854,0.9763608241081236,2,8,13535,8819,4716,0.0498494402959857,cuda,53.44775390625,,,,,,,,,,,,
10,51,200,True,1135,1135,623,351,272,109,163,0.4365971107544141,0.174959871589085,0.261637239165329,0.358974358974359,2.23931623931624,0.7520157243960943,14.032152928518094,30.277844033010325,0.6385709180057505,0.5115537724094174,0.2523543456956701,0.2496150199315932,0.1097640947802284,0.5135280106142376,0.2630232389050501,0.262208644467528,0.1073152607736679,-0.0019742382048202,-0.0106688932093799,-0.0125936245359347,0.0024488340065604,10.414125200642054,10.396468699839486,8.067415730337078,0.4365971107544141,0.1438953408526178,0.0282648278378593,-0.1357517465620284,-0.2173639185061555,623,512,0,512,1.0,1.7286343612334802,1.7286343612334802,3.126805778491172,69.38053928364396,33.92116509400498,-3.4971890288206504,37.41835412282561,0.9145266380588196,103.30170437764892,0.0346902696418219,0.0169605825470024,0.0516508521888244,0.7086330935251799,197,145,52,81,0,141,84.25674603174603,57.59113883043416,9,72,9.0,7.0,51,0,163,109,0,109,163,0,4213.839663008861,421.3839663008861,9095.682342141336,909.5682342141338,378.9608839281732,37.89608839281732,5305.840778329303,530.5840778329303,3115.0,311.5,0,0,0.042128373015873,-0.0049499999999999,0.042128373015873,-0.0049499999999999,0.0,0.0,0.042128373015873,0.0045,0.0604975099809377,0.0901983513811439,-0.0912909314750533,0.0031751989470755,0.0003378561456176,-0.0081504869849465,-0.0024620755662405,-0.0016349999999999,-0.0005270755662405,-0.0003,0.0,0.0,0.0,0.0,0.0,0.0003378561456176,0.0049378561456176,0.042128373015873,0.0003378561456176,0.0,0.0,0.0346902696418219,0.0169605825470024,-0.0069943780576413,0.024945569415217,-0.0017485945144103,0.0187091770614128,0.0031751989470755,0.0031751989470755,0.454713325840385,0.1932534137587352,0.1940413764218719,0.0,0.0,0.012133929108252,0.0,0.0,0.0045999999999999,0.028795569415217,-0.0038499999999999,0.0545,0.0815,-0.0162061133794486,-0.0090281526558101,-0.0071779607236385,0.3883639116750823,0.2128567265139685,0.1755071851611137,0.6197993755340576,0.4456557035446167,8819,4716,0,0.6609022749794854,0.9763608241081236,2,8,13535,8819,4716,0.0498494402959857,cuda,53.44775390625,,,,,,,,,,,,
11,52,200,True,1124,1124,616,359,257,81,176,0.4172077922077922,0.1314935064935065,0.2857142857142857,0.3036211699164345,2.3036211699164344,0.7140207399398836,15.085002551171772,34.63857457531528,0.6305218007727488,0.5460852373360259,0.2687770526098674,0.2693878790457061,0.1145938857819127,0.5413685179935525,0.2815263984091891,0.2805106454583346,0.1130830047646937,0.0047167193424734,-0.0127493457993217,-0.0111227664126285,0.001510881017219,12.59577922077922,12.59577922077922,10.066558441558442,0.5162337662337663,0.2207554118475966,0.0281226957865693,-0.0831024259187832,-0.1340751307783478,616,508,0,508,1.0,1.7793594306049825,1.7793594306049825,3.2224025974025974,75.53720619266271,40.89680101612417,-3.539219213646032,44.43602022977021,0.9262282115794268,116.43400720878688,0.0377686030963313,0.020448400508062,0.0582170036043934,0.75,210,146,64,70,0,146,92.1626984126984,65.848026973027,7,63,7.0,6.0,64,0,176,81,0,81,176,0,4227.700244342434,422.77002443424345,9128.621809531029,912.8621809531028,380.2165471433213,38.02165471433213,5325.172232405023,532.5172232405023,3080.0,308.0,0,0,0.0460813492063492,-0.0038499999999999,0.0460813492063492,-0.0038499999999999,0.0,0.0,0.0460813492063492,0.0035,0.0630253988687473,0.0973120945632573,-0.1093185396213504,0.0031305118253056,0.0001176186562598,-0.0082311755202563,-0.001865555582982,-0.0012149999999999,-0.000440555582982,-0.00021,0.0,0.0,0.0,0.0,0.0,0.0001176186562598,0.0045176186562598,0.0460813492063492,0.0001176186562598,0.0,0.0,0.0377686030963314,0.0204484005080621,-0.007078438427292,0.0296240134865134,-0.001769609606823,0.0222180101148851,0.0031305118253056,0.0031305118253056,0.459539268395645,0.1942649610553055,0.2023991450429987,0.0,0.0,0.0127501047391785,0.0,0.0,0.0043999999999999,0.0329240134865135,-0.0033,0.0405,0.088,-0.0162061133794486,-0.0090281526558101,-0.0071779607236385,0.3883639116750823,0.2128567265139685,0.1755071851611137,0.6197993755340576,0.4456557035446167,8819,4716,0,0.6609022749794854,0.9763608241081236,2,8,13535,8819,4716,0.0498494402959857,cuda,53.44775390625,,,,,,,,,,,,
12,53,200,True,1045,1045,536,306,230,64,166,0.4291044776119403,0.1194029850746268,0.3097014925373134,0.3235294117647059,2.303921568627451,0.7164813647277994,14.978861818126605,27.833487897624376,0.657498914831747,0.5059021172765034,0.2217376088127007,0.2489476654849021,0.1047212241424454,0.5016941182266653,0.2272871700967692,0.2518020166887664,0.103627184582448,0.004207999049838,-0.0055495612840685,-0.0028543512038643,0.0010940395599973,9.115671641791044,9.115671641791044,6.755597014925373,0.4664179104477612,0.1893319443566782,0.0320643449534175,-0.1443717252904,-0.2068332275995227,536,509,0,509,1.0,1.860287081339713,1.860287081339713,3.593283582089552,73.43482113842653,38.38918220673667,-2.305747863193399,40.69493006993005,0.9463788020556468,111.8240033451632,0.0367174105692132,0.0191945911033683,0.0559120016725816,0.8284671532846716,227,160,67,47,0,154,89.89761904761906,56.45990675990678,5,42,5.0,2.0,65,0,166,64,0,64,166,0,4612.643824075687,461.2643824075687,9883.660155714037,988.3660155714036,365.8118745755352,36.581187457553526,5811.475697130431,581.147569713043,2680.0,268.0,0,0,0.0449488095238095,-0.00275,0.0449488095238095,-0.00275,0.0,0.0,0.0449488095238095,0.0025,0.0659234549613367,0.0730303130043071,-0.0707308835076172,0.003827798291275,9.181475082820122e-05,-0.007316169735688,-0.0014767450598699,-0.00096,-0.0003442450598699,-0.0001725,0.0,0.0,0.0,0.0,0.0,9.181475082820122e-05,0.0037918147508281,0.0449488095238095,9.181475082820122e-05,0.0,0.0,0.0367174105692133,0.0191945911033683,-0.0046114957263867,0.0271299533799533,-0.0011528739315966,0.020347465034965,0.003827798291275,0.003827798291275,0.4513190066461756,0.1631828243591341,0.1752910027218089,0.0,0.0,0.010259961624354,0.0,0.0,0.0036999999999999,0.0282299533799533,-0.0011,0.032,0.083,-0.0162061133794486,-0.0090281526558101,-0.0071779607236385,0.3883639116750823,0.2128567265139685,0.1755071851611137,0.6197993755340576,0.4456557035446167,8819,4716,0,0.6609022749794854,0.9763608241081236,2,8,13535,8819,4716,0.0498494402959857,cuda,53.44775390625,,,,,,,,,,,,
13,54,200,True,1078,1078,583,357,226,101,125,0.3876500857632933,0.1732418524871355,0.2144082332761578,0.3501400560224089,2.238095238095238,0.6986935794854364,15.399463113950414,27.78971121892208,0.6761656028325526,0.4830529587943347,0.2280359966602145,0.2428112447963563,0.097534459386887,0.4886899281616638,0.2328207525333353,0.2531737058214107,0.1023450452176963,-0.0056369693673291,-0.0047847558731207,-0.0103624610250544,-0.0048105858308093,10.123499142367066,10.123499142367066,7.481989708404803,0.5042881646655232,0.1310412438843179,0.0420514723448545,-0.1769455072188654,-0.1801414204669649,583,495,0,495,1.0,1.705009276437848,1.705009276437848,3.113207547169812,59.39928097889593,27.51424005281921,-4.235844237890079,31.750084290709285,0.8822916509011656,86.91352103171513,0.0296996404894479,0.0137571200264096,0.0434567605158575,0.7627737226277372,209,133,76,65,0,130,73.90952380952382,50.03344572094575,9,56,9.0,7.0,73,0,125,101,1,101,125,0,3870.022884424485,387.0022884424485,8178.083939310745,817.8083939310745,388.1369220799333,38.81369220799333,4873.125807240848,487.3125807240848,2915.0,291.5,0,1,0.0369547619047619,-0.0049499999999999,0.0369547619047619,-0.0049499999999999,0.0,0.0,0.0369547619047619,0.0045,0.0556814421989771,0.0938091290037359,-0.0908377830910055,0.0024139131009536,9.915482819218738e-05,-0.0087778589148592,-0.0022725122246456,-0.0015149999999999,-0.0004750122246456,-0.0002825,0.0,0.0,0.0,-0.001,-0.001,9.915482819218738e-05,0.0046791548281921,0.0359547619047619,9.915482819218738e-05,0.0,0.0,0.0296996404894477,0.0137571200264096,-0.0084716884757801,0.0211667228604728,-0.002117922118945,0.0158750421453546,0.0024139131009536,0.0024139131009536,0.4122490854789195,0.1578733171484272,0.1885994947000333,0.0,0.0,0.0128673659967492,0.0,0.0,0.0045799999999999,0.0250167228604728,-0.0038499999999999,0.0505,0.0625,-0.0162061133794486,-0.0090281526558101,-0.0071779607236385,0.3883639116750823,0.2128567265139685,0.1755071851611137,0.6197993755340576,0.4456557035446167,8819,4716,0,0.6609022749794854,0.9763608241081236,2,8,13535,8819,4716,0.0498494402959857,cuda,53.44775390625,,,,,,,,,,,,
14,55,200,True,1155,1155,595,330,265,103,162,0.4453781512605042,0.173109243697479,0.2722689075630252,0.3727272727272727,2.209090909090909,0.6516216800971465,17.590930771105217,29.72271249366529,0.6472644232820268,0.4963444889946417,0.2605757004835389,0.2795627535687703,0.0961197144097902,0.497995186168136,0.2742522009789492,0.2901714304335077,0.0981554484615723,-0.0016506971734943,-0.0136765004954103,-0.0106086768647373,-0.002035734051782,10.364705882352942,10.364705882352942,8.073949579831933,0.4235294117647059,0.0880817220017404,0.0003299680867357,-0.0951141901122575,-0.118626648039972,595,560,0,560,1.0,1.7255411255411257,1.7255411255411257,3.3378151260504203,63.021030241797504,34.88907494244045,-3.1633506795381705,38.05242562197864,0.9232490331761202,97.91010518423796,0.0315105151208987,0.0174445374712202,0.0489550525921189,0.6727272727272727,185,137,48,90,0,136,76.44761904761901,52.93656749597153,2,88,2.0,2.0,47,0,162,103,0,103,162,0,4060.985355101895,406.09853551018944,8801.532979004241,880.1532979004241,385.496689779763,38.5496689779763,5115.461533129925,511.5461533129925,2975.0,297.5,0,0,0.0382238095238095,-0.0011,0.0382238095238095,-0.0011,0.0,0.0,0.0382238095238095,0.001,0.0588277891343963,0.0878282689839385,-0.0873355735818682,0.0035931098706324,0.0003273375092555,-0.0077671730792802,-0.0022507407701621,-0.0015449999999999,-0.0004032407701621,-0.0003025,0.0,0.0,0.0,0.0,0.0,0.0003273375092555,0.0046573375092555,0.0382238095238095,0.0003273375092555,0.0,0.0,0.0315105151208985,0.0174445374712202,-0.0063267013590763,0.0253682837479857,-0.001581675339769,0.0190262128109893,0.0035931098706324,0.0035931098706324,0.4459122196328238,0.2049184554604509,0.2242309321419327,0.0,0.0,0.0125186943380315,0.0,0.0,0.0043299999999999,0.0264682837479857,-0.0011,0.0515,0.081,-0.0162061133794486,-0.0090281526558101,-0.0071779607236385,0.3883639116750823,0.2128567265139685,0.1755071851611137,0.6197993755340576,0.4456557035446167,8819,4716,0,0.6609022749794854,0.9763608241081236,2,8,13535,8819,4716,0.0498494402959857,cuda,53.44775390625,,,,,,,,,,,,
15,56,200,True,1201,1201,637,314,323,104,219,0.5070643642072213,0.1632653061224489,0.3437990580847723,0.4203821656050955,2.06687898089172,0.664066553590404,16.767595439959482,31.764385572332102,0.6674774614936497,0.504188573047234,0.2277537844126012,0.2119097714816593,0.1041894681413604,0.5000751803919767,0.2218884529017956,0.2211721103177198,0.1096254497630059,0.0041133926552572,0.0058653315108055,-0.0092623388360604,-0.0054359816216454,7.940345368916797,7.940345368916797,5.888540031397175,0.4081632653061224,0.1404452121427994,-0.0023657369031638,-0.1761209468540791,-0.2133848260979214,637,564,0,564,1.0,1.6253122398001665,1.6253122398001665,3.025117739403454,69.27657343999539,37.92716192115993,-2.604105971093958,40.53126789225388,0.9396294563403176,107.20373536115532,0.0346382867199977,0.0189635809605799,0.0536018676805776,0.5693950177935944,160,125,35,121,0,120,84.44523809523811,64.31207819957822,13,108,13.0,9.33671606961183,33,0,219,104,0,104,219,0,3702.076147215585,370.20761472155846,8076.014166723549,807.601416672355,383.7383407993522,38.37383407993522,4663.771065150574,466.3771065150574,3185.0,318.5,0,0,0.042222619047619,-0.0071499999999999,0.042222619047619,-0.0071499999999999,0.0,0.0,0.042222619047619,0.0065,0.0516787816588713,0.0850199544686157,-0.0779673591451867,0.0046148980312507,0.0001209574095122,-0.00762137903857,-0.00230135626563,-0.0015599999999999,-0.00043885626563,-0.0003025,0.0,0.0,0.0,0.0,0.0,0.0001209574095122,0.0043009574095121,0.042222619047619,0.0001209574095122,0.0,0.0,0.0346382867199977,0.0189635809605799,-0.0052082119421879,0.0270208452615026,-0.0013020529855469,0.0202656339461269,0.0046148980312507,0.0046148980312507,0.394748445260202,0.1440851230651297,0.1545107181713164,0.0,0.0,0.0210027197796761,0.0,0.0,0.0041799999999999,0.0321560390997891,-0.0051351938382865,0.052,0.1095,-0.0162061133794486,-0.0090281526558101,-0.0071779607236385,0.3883639116750823,0.2128567265139685,0.1755071851611137,0.6197993755340576,0.4456557035446167,8819,4716,0,0.6609022749794854,0.9763608241081236,2,8,13535,8819,4716,0.0498494402959857,cuda,53.44775390625,,,,,,,,,,,,
16,57,200,True,1075,1075,587,299,288,87,201,0.4906303236797274,0.1482112436115843,0.3424190800681431,0.3979933110367893,2.100334448160535,0.6138892624290492,18.623386867867666,31.779246402026025,0.6443955327343681,0.4162782048401625,0.1893105366980551,0.2437877224004488,0.0939918291758135,0.4129763603409795,0.2050802486085871,0.2549555470456796,0.0966253471825533,0.0033018444991829,-0.015769711910532,-0.0111678246452307,-0.0026335180067398,4.592844974446337,4.592844974446337,2.5894378194207834,0.3168654173764906,0.0576061162310428,0.092657768475968,-0.1397074353137946,-0.1698781498388976,587,488,0,488,1.0,1.5655813953488371,1.5655813953488371,2.8534923339011926,51.34897534636907,30.688369505426845,-2.3366846071272653,33.02505411255412,0.9339205397774536,82.03734485179592,0.0256744876731845,0.0153441847527134,0.0410186724258979,0.5236363636363637,144,101,43,131,0,97,66.14285714285714,53.93340548340552,10,121,10.0,9.0,42,0,201,87,2,87,201,0,3228.258986748128,322.8258986748128,6567.164435507537,656.7164435507536,340.9417938682152,34.09417938682152,4063.3688833765577,406.33688833765575,2935.0,293.5,0,2,0.0330714285714285,-0.0054999999999999,0.0330714285714285,-0.0054999999999999,0.0,0.0,0.0330714285714285,0.005,0.0418889751744909,0.068154761833289,-0.0566310740499755,0.0039312704356289,0.0002267240802083,-0.0070063368770591,-0.0018781985883972,-0.0013049999999999,-0.0003306985883972,-0.0002425,0.0,0.0,0.0,-0.002,-0.002,0.0002267240802083,0.0040867240802082,0.0310714285714285,0.0002267240802083,0.0,0.0,0.0256744876731843,0.0153441847527134,-0.0046733692142545,0.0220167027417027,-0.0011683423035636,0.016512527056277,0.0039312704356289,0.0039312704356289,0.28311920679075,0.0946916049900214,0.1395385131230413,0.0,0.0,0.0172921639452018,0.0,0.0,0.0038599999999999,0.0269667027417027,-0.0049499999999999,0.0435,0.1005,-0.0162061133794486,-0.0090281526558101,-0.0071779607236385,0.3883639116750823,0.2128567265139685,0.1755071851611137,0.6197993755340576,0.4456557035446167,8819,4716,0,0.6609022749794854,0.9763608241081236,2,8,13535,8819,4716,0.0498494402959857,cuda,53.44775390625,,,,,,,,,,,,
17,58,200,True,1065,1065,669,389,280,108,172,0.4185351270553064,0.1614349775784753,0.2571001494768311,0.3239074550128534,2.2930591259640103,0.7131037516351837,15.2743736551476,29.046013986849847,0.5862329263679424,0.4985023912013649,0.2036608439082504,0.1983918160808232,0.126253310452122,0.4970160655696471,0.2181927134045866,0.2122556486790688,0.1148371665779223,0.0014863256317177,-0.0145318694963361,-0.0138638325982456,0.0114161438741996,10.50373692077728,10.50373692077728,8.088191330343797,0.4573991031390134,0.1788010908969802,0.0470884908328098,-0.118072888186088,-0.1684418036070778,669,396,0,396,1.0,1.872300469483568,1.872300469483568,2.976083707025411,82.60348746683479,44.43091412321832,-3.779456692762407,48.21037081598073,0.9273039193652486,127.03440159005312,0.0413017437334174,0.0222154570616091,0.0635172007950265,0.8475177304964538,239,156,83,43,0,155,100.7190476190476,69.28928571428573,5,38,5.0,4.553446629980055,82,0,172,108,0,108,172,0,4506.367839960475,450.6367839960475,9699.222169213906,969.9222169213906,384.9509190831458,38.495091908314585,5677.062756481482,567.7062756481482,3345.0,334.5,0,0,0.0503595238095238,-0.0027499999999999,0.0503595238095238,-0.0027499999999999,0.0,0.0,0.0503595238095238,0.0025,0.0668766347216208,0.095703323881194,-0.0839522296046317,0.0030468772328825,0.0001006234289917,-0.0082925312043104,-0.0025010470362648,-0.0016199999999999,-0.0005835470362648,-0.0002975,0.0,0.0,0.0,0.0,0.0,0.0001006234289917,0.0050706234289916,0.0503595238095238,0.0001006234289917,0.0,0.0,0.0413017437334178,0.0222154570616091,-0.0075589133855248,0.0321402472106538,-0.0018897283463812,0.0241051854079903,0.0030468772328825,0.0030468772328825,0.4484265832160967,0.1497651826209969,0.1523842669879389,0.0,0.0,0.0109269223016271,0.0,0.0,0.0049699999999999,0.0346446428571428,-0.002504395646489,0.054,0.086,-0.0088839775826217,-0.0055375434147814,-0.0033464341678402,0.501613456823609,0.255994489789009,0.2456189670346,0.7436601519584656,0.5062692165374756,8544,5408,0,0.6064677874247233,0.9722257018089294,3,8,13952,8544,5408,0.0639653614870754,cuda,58.6044921875,,,,,,,,,,,,
18,59,200,True,1118,1118,717,458,259,104,155,0.3612273361227336,0.1450488145048814,0.2161785216178521,0.3733624454148471,2.185589519650655,0.7124561575042109,15.223390766626885,27.78691222209597,0.6096000439092399,0.4833666752519566,0.2164047018149013,0.1879768208010878,0.1138686484425414,0.4836516870942178,0.2254535841275673,0.1974158899453936,0.1122362876034394,-0.0002850118422612,-0.0090488823126659,-0.0094390691443057,0.0016323608391019,8.835425383542539,8.835425383542539,6.343096234309623,0.4588563458856345,0.1472604336020298,0.0488813389776395,-0.0963086436376973,-0.1519737490903873,717,401,0,401,1.0,1.7692307692307692,1.7692307692307692,2.7294281729428174,81.39257525518691,49.14012450249715,-3.4952463766237267,52.63537087912086,0.9377301275576831,130.53269975768407,0.0406962876275934,0.0245700622512485,0.065266349878842,0.7692307692307693,210,144,66,63,0,141,98.88095238095238,74.58049450549453,6,57,6.0,4.0,65,0,155,104,0,104,155,0,4113.467016397833,411.3467016397833,9014.736815278418,901.4736815278418,452.9761533707072,45.29761533707072,5182.114471265237,518.2114471265237,3585.0,358.5,0,0,0.0494404761904761,-0.0033,0.0494404761904761,-0.0033,0.0,0.0,0.0494404761904761,0.003,0.0603429475473213,0.112765076978194,-0.095544505553065,0.0050960577705132,9.95333760624197e-05,-0.0101526116143161,-0.0023608086986345,-0.0015599999999999,-0.0004933086986345,-0.0003075,0.0,0.0,0.0,0.0,0.0,9.95333760624197e-05,0.0057195333760623,0.0494404761904761,9.95333760624197e-05,0.0,0.0,0.0406962876275937,0.0245700622512485,-0.0069904927532474,0.0350902472527472,-0.0017476231883118,0.0263176854395604,0.0050960577705132,0.0050960577705132,0.4396464201758069,0.167771802916671,0.150549262214547,0.0,0.0,0.0156711348077325,0.0,0.0,0.0056199999999999,0.0372902472527472,-0.0022,0.052,0.0775,-0.0088839775826217,-0.0055375434147814,-0.0033464341678402,0.501613456823609,0.255994489789009,0.2456189670346,0.7436601519584656,0.5062692165374756,8544,5408,0,0.6064677874247233,0.9722257018089294,3,8,13952,8544,5408,0.0639653614870754,cuda,58.6044921875,,,,,,,,,,,,
19,60,200,True,1019,1019,626,379,247,73,174,0.3945686900958466,0.1166134185303514,0.2779552715654952,0.366754617414248,2.2058047493403694,0.7283396950497791,14.853890393843438,25.78338439837295,0.6292654495954447,0.5018914005372643,0.2031128098475587,0.1835645024706474,0.1189483238634773,0.502021540359331,0.2112912771815439,0.1914068996079393,0.1166291632947553,-0.0001301398220666,-0.0081784673339851,-0.0078423971372919,0.002319160568722,10.231629392971248,10.231629392971248,7.832268370607029,0.4408945686900958,0.1382061281977302,0.109865797321622,-0.1598873811568514,-0.2176213894385281,626,393,0,393,1.0,1.9391560353287536,1.9391560353287536,3.137380191693291,93.63118438324368,53.514078655156986,-3.626955310876968,57.14103396603396,0.9403147059161452,147.14526303840069,0.0468155921916218,0.0267570393275784,0.0735726315192003,0.7285714285714285,204,160,44,76,0,158,114.55476190476188,86.08804528804531,10,66,10.0,9.0,43,0,174,73,0,73,174,0,4695.757040590875,469.57570405908746,10101.6272425877,1010.16272425877,399.4075689315205,39.94075689315205,5914.109664743252,591.4109664743253,3130.0,313.0,0,0,0.0572773809523809,-0.0054999999999999,0.0572773809523809,-0.0054999999999999,0.0,0.0,0.0572773809523809,0.005,0.0678023404982671,0.0894970939786072,-0.069853730124128,0.0031691151224926,0.0004484371485852,-0.008672422009028,-0.0016320996182272,-0.001095,-0.0003345996182272,-0.0002025,0.0,0.0,0.0,0.0,0.0,0.0004484371485852,0.0049684371485851,0.0572773809523809,0.0004484371485852,0.0,0.0,0.0468155921916222,0.0267570393275784,-0.0072539106217539,0.0380940226440226,-0.0018134776554384,0.0285705169830169,0.0031691151224926,0.0031691151224926,0.44772523340136,0.1427215068133701,0.1410814279280672,0.0,0.0,0.0172976119122078,0.0,0.0,0.0045199999999999,0.0430440226440226,-0.0049499999999999,0.0365,0.087,-0.0088839775826217,-0.0055375434147814,-0.0033464341678402,0.501613456823609,0.255994489789009,0.2456189670346,0.7436601519584656,0.5062692165374756,8544,5408,0,0.6064677874247233,0.9722257018089294,3,8,13952,8544,5408,0.0639653614870754,cuda,58.6044921875,,,,,,,,,,,,
20,61,200,True,1071,1071,685,389,296,85,211,0.4321167883211679,0.1240875912408759,0.3080291970802919,0.3676092544987147,2.249357326478149,0.7647862998256341,13.646053549563057,30.122478645074644,0.6257419577679432,0.5424903436997249,0.2254789990293949,0.2231777555723423,0.1201274011111734,0.5398742040968799,0.2358734080960595,0.2316514752556241,0.1176708996305505,0.002616139602845,-0.0103944090666646,-0.0084737196832818,0.0024565014806228,12.138686131386862,12.138686131386862,9.76058394160584,0.472992700729927,0.1124637224663108,0.0980007617282444,-0.1385534316542802,-0.1267017438127014,685,386,0,386,1.0,1.8450046685340804,1.8450046685340804,2.8525547445255475,61.20163266150329,27.57851794981705,-3.0226034230030336,30.60112137282008,0.9101050391841624,88.78015061132035,0.0306008163307516,0.0137892589749085,0.0443900753056601,0.8042704626334519,226,156,70,55,0,153,74.06666666666669,45.8062271062271,5,50,5.0,4.549756311333633,69,0,211,85,0,85,211,0,4529.872118131408,452.9872118131408,9759.878169284371,975.9878169284372,394.8340259576325,39.48340259576325,5705.089722255099,570.50897222551,3425.0,342.5,0,0,0.0370333333333333,-0.00275,0.0370333333333333,-0.00275,0.0,0.0,0.0370333333333333,0.0025,0.0658880017782793,0.101904567573627,-0.1050156864849806,0.0045075522021453,0.0001307483204247,-0.0088514044062728,-0.0019901512396391,-0.0012749999999999,-0.0004876512396391,-0.0002275,0.0,0.0,0.0,0.0,0.0,0.0001307483204247,0.0048707483204247,0.0370333333333333,0.0001307483204247,0.0,0.0,0.0306008163307513,0.0137892589749085,-0.006045206846006,0.02040074758188,-0.0015113017115015,0.01530056068641,0.0045075522021453,0.0045075522021453,0.4628890637871124,0.1634766266516535,0.1768588172240664,0.0,0.0,0.0068703527693308,0.0,0.0,0.0047399999999999,0.0229031135531135,-0.0025023659712334,0.0425,0.1055,-0.0088839775826217,-0.0055375434147814,-0.0033464341678402,0.501613456823609,0.255994489789009,0.2456189670346,0.7436601519584656,0.5062692165374756,8544,5408,0,0.6064677874247233,0.9722257018089294,3,8,13952,8544,5408,0.0639653614870754,cuda,58.6044921875,,,,,,,,,,,,
21,62,200,True,1024,1024,657,381,276,75,201,0.4200913242009132,0.1141552511415525,0.3059360730593607,0.3490813648293963,2.238845144356956,0.7460754891549508,14.28990888470427,28.5327249449382,0.5954800502793115,0.5307904121678645,0.2889590167154477,0.214644949039899,0.1213336588467747,0.524565170677941,0.3067123564742408,0.235157765175541,0.1194409101253028,0.0062252414899235,-0.017753339758793,-0.020512816135642,0.0018927487214719,10.951293759512938,10.951293759512938,8.598173515981735,0.4474885844748858,0.1667181489148855,0.0985321028424033,-0.1438186292097225,-0.1836071160732615,657,367,0,367,1.0,1.919921875,1.919921875,2.964992389649924,92.18184463845093,46.29490350707562,-3.8137052164571856,50.10860872353278,0.929274080843388,138.47674814552656,0.0460909223192254,0.0231474517535378,0.0692383740727632,0.6280701754385964,179,159,20,106,0,156,112.67936507936508,79.60478220609801,14,92,14.0,11.630276280049332,20,0,201,75,0,75,201,0,4627.068698631818,462.7068698631818,9938.443173453195,993.8443173453196,382.7715711375901,38.27715711375901,5828.754931927238,582.8754931927239,3285.0,328.5,0,0,0.0563396825396825,-0.0077,0.0563396825396825,-0.0077,0.0,0.0,0.0563396825396825,0.007,0.067215132773074,0.0948080674868789,-0.1001124347417701,0.0018658915886516,0.0005358814373971,-0.0082501054062311,-0.0017520389600328,-0.001125,-0.0004170389600328,-0.00021,0.0,0.0,0.0,0.0,0.0,0.0005358814373971,0.0050958814373971,0.0563396825396825,0.0005358814373971,0.0,0.0,0.0460909223192258,0.0231474517535377,-0.0076274104329143,0.0334057391490218,-0.0019068526082285,0.0250543043617663,0.0018658915886516,0.0018658915886516,0.4671467497192523,0.2140768733490133,0.1605918590735555,0.0,0.0,0.0189658681048589,0.0,0.0,0.0045599999999999,0.039802391103049,-0.0063966519540271,0.0375,0.1005,-0.0088839775826217,-0.0055375434147814,-0.0033464341678402,0.501613456823609,0.255994489789009,0.2456189670346,0.7436601519584656,0.5062692165374756,8544,5408,0,0.6064677874247233,0.9722257018089294,3,8,13952,8544,5408,0.0639653614870754,cuda,58.6044921875,,,,,,,,,,,,
22,63,200,True,1027,1027,628,301,327,52,275,0.5207006369426752,0.0828025477707006,0.4378980891719745,0.3820598006644518,2.1362126245847177,0.6482011886233111,17.4337457707554,35.821970311510206,0.6365840432057746,0.5348899674871039,0.1262777708470821,0.1643650126071071,0.1307600472970213,0.5281769112000038,0.1342023324772121,0.1763190526663762,0.1340429121999695,0.0067130562871001,-0.00792456163013,-0.011954040059269,-0.0032828649029482,8.071656050955413,8.071656050955413,6.127388535031847,0.4156050955414013,0.1982160440600637,0.0051377133932069,-0.1328162793895495,-0.1975305564317703,628,399,0,399,1.0,1.791626095423564,1.791626095423564,2.888535031847134,84.56762527426912,56.791701933047975,-1.9788337812377288,58.770535714285685,0.9674262663518912,141.3593272073171,0.0422838126371345,0.0283958509665239,0.0706796636036585,0.5928571428571429,166,132,34,114,0,127,105.75,89.36071428571427,11,103,11.0,10.0,33,0,275,52,1,52,275,0,4071.311794311865,407.13117943118647,8514.918639448622,851.4918639448622,343.05626522807387,34.30562652280739,5128.212387634612,512.8212387634612,3140.0,314.0,0,1,0.0528749999999999,-0.00605,0.0528749999999999,-0.00605,0.0,0.0,0.0528749999999999,0.0055,0.0550051750656628,0.0776790118275353,-0.0507582388482659,0.0041019854068018,0.0003890631856726,-0.0069677017217844,-0.0012805637218798,-0.00078,-0.0003630637218798,-0.0001375,0.0,0.0,0.0,-0.001,-0.001,0.0003890631856726,0.0039190631856726,0.0518749999999999,0.0003890631856726,0.0,0.0,0.0422838126371347,0.028395850966524,-0.0039576675624754,0.0391803571428571,-0.0009894168906188,0.0293852678571428,0.0041019854068018,0.0041019854068018,0.3663039375567361,0.0772142903388416,0.096981060299478,0.0,0.0,0.0187835779216514,0.0,0.0,0.0035299999999999,0.0446803571428571,-0.0054999999999999,0.026,0.1375,-0.0088839775826217,-0.0055375434147814,-0.0033464341678402,0.501613456823609,0.255994489789009,0.2456189670346,0.7436601519584656,0.5062692165374756,8544,5408,0,0.6064677874247233,0.9722257018089294,3,8,13952,8544,5408,0.0639653614870754,cuda,58.6044921875,,,,,,,,,,,,
23,64,200,True,1175,1175,764,494,270,79,191,0.3534031413612565,0.1034031413612565,0.25,0.3380566801619433,2.242914979757085,0.6807332972464292,15.921612546511508,26.082389395186294,0.6096044772942993,0.4851473084526506,0.2407182511620917,0.2140923299212084,0.1138518828566861,0.4838175639691141,0.2530065655448146,0.2258953674133633,0.1129220619398029,0.0013297444835365,-0.0122883143827228,-0.0118030374921549,0.0009298209168831,9.909685863874346,9.909685863874346,7.30890052356021,0.4960732984293193,0.2102104033946185,0.0758871241448942,-0.139730994986452,-0.1844245039637569,764,411,0,411,1.0,1.6502127659574468,1.6502127659574468,2.531413612565445,59.95478894381437,30.82195200044101,-4.692820823754191,35.51477282419519,0.8832852106285269,90.77674094425538,0.0299773944719071,0.0154109760002205,0.0453883704721276,0.7473309608540926,210,127,83,71,0,121,72.00952380952381,49.2690836940837,2,69,2.0,1.741866601657668,80,0,191,79,0,79,191,0,3952.335106638768,395.2335106638768,8677.042872458043,867.7042872458044,447.7061474723714,44.77061474723715,4975.445840661439,497.544584066144,3820.0,382.0,0,0,0.0360047619047619,-0.0011,0.0360047619047619,-0.0011,0.0,0.0,0.0360047619047619,0.001,0.0520344568263245,0.1200786060324283,-0.1163611387810182,0.0031099724362829,0.0001379247404882,-0.0109507131652284,-0.001808320953447,-0.0011849999999999,-0.000413320953447,-0.00021,0.0,0.0,0.0,0.0,0.0,0.0001379247404882,0.0058679247404881,0.0360047619047619,0.0001379247404882,0.0,0.0,0.0299773944719068,0.0154109760002205,-0.0093856416475083,0.0236765152161301,-0.002346410411877,0.0177573864120975,0.0031099724362829,0.0031099724362829,0.4322996683822875,0.1659066267132236,0.1624467922228664,0.0,0.0,0.0069286516649686,0.0,0.0,0.0057299999999999,0.0246345418470418,-0.0009580266309117,0.0395,0.0955,-0.0088839775826217,-0.0055375434147814,-0.0033464341678402,0.501613456823609,0.255994489789009,0.2456189670346,0.7436601519584656,0.5062692165374756,8544,5408,0,0.6064677874247233,0.9722257018089294,3,8,13952,8544,5408,0.0639653614870754,cuda,58.6044921875,,,,,,,,,,,,
24,65,200,True,1045,1045,662,399,263,63,200,0.3972809667673716,0.0951661631419939,0.3021148036253776,0.2957393483709273,2.298245614035088,0.6678642306784938,16.505805158973637,29.604565215439425,0.6304571847850048,0.4933931574337464,0.1530486688783443,0.1688663333649735,0.1223833874792308,0.4915095242417247,0.152874447550055,0.1795131279410033,0.1197318267870815,0.0018836331920217,0.0001742213282892,-0.0106467945760298,0.0026515606921492,8.478851963746223,8.478851963746223,6.051359516616314,0.472809667673716,0.0535427371324346,0.0167357186007154,-0.0626136586730666,-0.1610257718495786,662,383,0,383,1.0,1.8832535885167463,1.8832535885167463,2.9486404833836857,97.1628162234055,62.17763627524435,-3.158970867612771,65.33660714285713,0.9538806597539784,159.34045249864985,0.0485814081117027,0.0310888181376221,0.0796702262493249,0.7762237762237763,222,154,68,64,0,152,118.91666666666666,94.81547619047618,9,55,9.0,7.0,67,0,200,63,0,63,200,0,4559.917204517962,455.9917204517962,9847.02782868008,984.7027828680078,409.3562541793229,40.935625417932286,5745.0361011899095,574.503610118991,3310.0,331.0,0,0,0.0594583333333333,-0.0049499999999999,0.0594583333333333,-0.0049499999999999,0.0,0.0,0.0594583333333333,0.0045,0.0654452794200253,0.0934390150808621,-0.0656007265324462,0.0043662161702668,0.0004537072251804,-0.0091473606036634,-0.0015039586650829,-0.000945,-0.0003939586650829,-0.000165,0.0,0.0,0.0,0.0,0.0,0.0004537072251804,0.0050737072251803,0.0594583333333333,0.0004537072251804,0.0,0.0,0.0485814081117031,0.0310888181376221,-0.0063179417352255,0.043557738095238,-0.0015794854338063,0.0326683035714285,0.0043662161702668,0.0043662161702668,0.4239950669037212,0.1094058666432157,0.1172745623674738,0.0,0.0,0.0190326665396075,0.0,0.0,0.0046199999999999,0.047407738095238,-0.0038499999999999,0.0315,0.1,-0.0088839775826217,-0.0055375434147814,-0.0033464341678402,0.501613456823609,0.255994489789009,0.2456189670346,0.7436601519584656,0.5062692165374756,8544,5408,0,0.6064677874247233,0.9722257018089294,3,8,13952,8544,5408,0.0639653614870754,cuda,58.6044921875,,,,,,,,,,,,
25,66,200,True,990,990,714,445,269,82,187,0.376750700280112,0.1148459383753501,0.2619047619047619,0.3730337078651685,2.143820224719101,0.6566993193010265,16.848619709657818,31.16253630847073,0.6178145108669943,0.4940293832441394,0.1693109894150428,0.1653851641206008,0.1263359467676851,0.4942928466569172,0.1799227914218319,0.1782867238961495,0.1246556629039598,-0.0002634634127777,-0.0106118020067891,-0.0129015597755486,0.0016802838637252,10.542016806722687,10.542016806722687,8.126050420168067,0.469187675070028,0.1611560785452851,0.0093380820014797,-0.1068934948461914,-0.0949994071883475,714,276,0,276,1.0,1.8737373737373737,1.8737373737373737,2.592436974789916,85.55947782654522,53.01279029234692,-4.133024309717673,57.14581460206458,0.9325538084090068,138.57226811889214,0.0427797389132726,0.0265063951461734,0.069286134059446,0.6866197183098591,195,145,50,89,0,143,106.12857142857138,81.69441946941947,5,84,5.0,5.0,50,0,187,82,1,82,187,0,4136.947124786499,413.69471247864993,8789.675189356754,878.9675189356755,428.5102285289433,42.85102285289433,5214.9335552669845,521.4933555266985,3570.0,357.0,0,1,0.0530642857142856,-0.00275,0.0530642857142856,-0.00275,0.0,0.0,0.0530642857142856,0.0025,0.0614355407276768,0.1111595458137033,-0.0831988961155982,0.0031872962079179,0.0003715517092201,-0.0099973620865553,-0.0019179194733014,-0.0012299999999999,-0.0004704194733014,-0.0002175,0.0,0.0,0.0,-0.001,-0.001,0.0003715517092201,0.00564155170922,0.0520642857142856,0.0003715517092201,0.0,0.0,0.0427797389132729,0.0265063951461734,-0.0082660486194353,0.0380972097347097,-0.0020665121548588,0.0285729073010322,0.0031872962079179,0.0031872962079179,0.4017829953458676,0.1123689907292024,0.1183108243126349,0.0,0.0,0.0196869073010414,0.0,0.0,0.0052699999999999,0.0408472097347097,-0.00275,0.041,0.0935,0.0045916160956646,0.0090628859276572,-0.0044712698319926,0.4118578335477246,0.2051216973198784,0.2067361362278461,0.8347320556640625,0.6892051696777344,8211,5840,0,0.553705546591017,0.951916699608167,4,8,14051,8211,5840,0.0670363522079179,cuda,60.8466796875,,,,,,,,,,,,
26,67,200,True,1053,1053,737,405,332,68,264,0.4504748982360922,0.0922659430122116,0.3582089552238806,0.4172839506172839,2.091358024691358,0.6582346614864137,17.475026140095274,29.25424432062808,0.62953049679442,0.5002707726425595,0.1531256377788973,0.1666946631154896,0.1239620918500018,0.4948786622212257,0.1593164695173869,0.1879706841281235,0.1218667372578272,0.0053921104213338,-0.0061908317384896,-0.0212760210126339,0.0020953545921746,8.976933514246948,8.723202170963365,6.621438263229308,0.3962008141112618,0.2233685736217094,0.0597269419195408,-0.0403750297594655,-0.2182513621451087,737,316,0,316,1.0,1.88698955365622,1.88698955365622,2.687924016282225,91.65754976110004,57.81601291187816,-3.61910613574084,61.43511904761903,0.9443678542701855,149.4735626729782,0.04582877488055,0.028908006455939,0.0747367813364891,0.7464788732394366,212,156,56,72,0,154,111.90238095238094,86.31349206349206,5,67,5.0,4.0,56,0,264,68,0,68,264,0,4462.687815797774,446.2687815797775,9628.582076461982,962.8582076461984,396.35779612507474,39.63577961250748,5621.506641881672,562.1506641881672,3685.0,368.5,0,0,0.0559511904761904,-0.00275,0.0559511904761904,-0.00275,0.0,0.0,0.0559511904761904,0.0025,0.0662709567051567,0.0941693042755105,-0.0701800758063625,0.0033244948522851,0.0006091124979879,-0.00927126731531,-0.0015629767951848,-0.00102,-0.0003629767951848,-0.00018,0.0,0.0,0.0,0.0,0.0,0.0006091124979879,0.0053391124979879,0.0559511904761904,0.0006091124979879,0.0,0.0,0.0458287748805503,0.028908006455939,-0.0072382122714816,0.040956746031746,-0.0018095530678704,0.0307175595238095,0.0033244948522851,0.0033244948522851,0.4240757942322729,0.1202508933752016,0.1179650655422654,0.0,0.0,0.0163774097005918,0.0,0.0,0.0047299999999999,0.043156746031746,-0.0022,0.034,0.132,0.0045916160956646,0.0090628859276572,-0.0044712698319926,0.4118578335477246,0.2051216973198784,0.2067361362278461,0.8347320556640625,0.6892051696777344,8211,5840,0,0.553705546591017,0.951916699608167,4,8,14051,8211,5840,0.0670363522079179,cuda,60.8466796875,,,,,,,,,,,,
27,68,200,True,948,948,693,471,222,61,161,0.3203463203463203,0.088023088023088,0.2323232323232323,0.3481953290870488,2.1974522292993632,0.7147164824408837,15.40932911064974,29.34089772513971,0.605014529892623,0.5140454187324852,0.2040335983433414,0.1645730207169986,0.1275972546396614,0.5087260020829563,0.2105448064285542,0.1770679710458592,0.1244047730607465,0.0053194166495289,-0.0065112080852127,-0.0124949503288606,0.0031924815789149,11.47041847041847,11.47041847041847,8.844155844155845,0.5050505050505051,0.1342187689107661,0.10212348898065,-0.0967833534456976,-0.1409875597066998,693,255,0,255,1.0,1.9588607594936709,1.9588607594936709,2.6738816738816737,83.42830556468269,48.24417820399127,-3.4776020990390486,51.72178030303028,0.936999257098415,131.67248376867394,0.0417141527823413,0.0241220891019956,0.0658362418843369,0.8072727272727273,222,151,71,53,0,148,103.46904761904764,74.46237373737377,5,48,5.0,5.0,71,0,161,61,1,61,161,0,4449.099892268836,444.9099892268836,9401.273407057874,940.1273407057872,424.4534575842259,42.44534575842259,5602.088011929425,560.2088011929425,3465.0,346.5,0,1,0.0517345238095238,-0.00275,0.0517345238095238,-0.00275,0.0,0.0,0.0517345238095238,0.0025,0.0638903680161691,0.1119734344318716,-0.0971220997687858,0.0047314132211922,0.0003126686736113,-0.0103622488476354,-0.0014836258470514,-0.000915,-0.0003986258470514,-0.00017,0.0,0.0,0.0,-0.001,-0.001,0.0003126686736113,0.0056326686736112,0.0507345238095238,0.0003126686736113,0.0,0.0,0.0417141527823417,0.0241220891019956,-0.006955204198078,0.0344811868686868,-0.0017388010495195,0.0258608901515151,0.0047314132211922,0.0047314132211922,0.4401543226890949,0.1348022192206102,0.115630839903519,0.0,0.0,0.0084006098294278,0.0,0.0,0.0053199999999999,0.0372311868686868,-0.00275,0.0305,0.0805,0.0045916160956646,0.0090628859276572,-0.0044712698319926,0.4118578335477246,0.2051216973198784,0.2067361362278461,0.8347320556640625,0.6892051696777344,8211,5840,0,0.553705546591017,0.951916699608167,4,8,14051,8211,5840,0.0670363522079179,cuda,60.8466796875,,,,,,,,,,,,
28,69,200,True,1053,1053,750,510,240,85,155,0.32,0.1133333333333333,0.2066666666666666,0.3549019607843137,2.243137254901961,0.7755379741682725,13.538426763871136,27.173938783944823,0.6417318341765078,0.5343774847832381,0.2555905345754296,0.2231472487597927,0.114508151522308,0.5340041321282293,0.2688201178851373,0.2402385362588307,0.1186025158556945,0.0003733526550088,-0.0132295833097076,-0.017091287499038,-0.0040943643333865,13.038666666666666,13.038666666666666,10.321333333333332,0.5533333333333333,0.126557321347228,0.0968938007301021,-0.1369227176108761,-0.0829186455342374,750,303,0,303,1.0,1.8414055080721747,1.8414055080721747,2.574666666666667,59.11797540344781,21.29970247378613,-5.041500730903915,26.34120320469003,0.8393541633235148,80.41767787723394,0.0295589877017239,0.010649851236893,0.0402088389386169,0.7978339350180506,221,163,58,56,0,156,70.88373015873017,42.82160427292008,7,49,7.0,7.0,56,0,155,85,0,85,155,0,4567.947666664553,456.7947666664553,9947.599536503294,994.7599536503294,467.9031428419887,46.790314284198864,5751.089829410603,575.1089829410603,3750.0,375.0,0,0,0.035441865079365,-0.00385,0.035441865079365,-0.00385,0.0,0.0,0.035441865079365,0.0035,0.0667500997887792,0.128550424263627,-0.1370651799284377,0.0037728853555075,7.747819115915092e-05,-0.0119012085687893,-0.0019614767616891,-0.0012749999999999,-0.0004539767616891,-0.0002325,0.0,0.0,0.0,0.0,0.0,7.747819115915092e-05,0.006027478191159,0.035441865079365,7.747819115915092e-05,0.0,0.0,0.0295589877017236,0.010649851236893,-0.0100830014618078,0.01756080213646,-0.0025207503654519,0.013170601602345,0.0037728853555075,0.0037728853555075,0.4997551307057306,0.213551192022935,0.2109211970364243,0.0,0.0,0.0079592240742211,0.0,0.0,0.0059499999999999,0.02141080213646,-0.00385,0.0425,0.0775,0.0045916160956646,0.0090628859276572,-0.0044712698319926,0.4118578335477246,0.2051216973198784,0.2067361362278461,0.8347320556640625,0.6892051696777344,8211,5840,0,0.553705546591017,0.951916699608167,4,8,14051,8211,5840,0.0670363522079179,cuda,60.8466796875,,,,,,,,,,,,
29,70,200,True,1053,1053,726,342,384,61,323,0.5289256198347108,0.0840220385674931,0.4449035812672176,0.3654970760233918,2.154970760233918,0.650015869510104,17.08881688815111,32.55373074576171,0.6496126198547495,0.4588380617617864,0.126001169567394,0.1382558777579787,0.1134115009192834,0.4555510043749335,0.1396493316649824,0.1569503079119481,0.1154876298309244,0.0032870573868528,-0.0136481620975884,-0.0186944301539694,-0.0020761289116409,5.637741046831956,5.5440771349862255,3.789256198347108,0.3168044077134986,0.109492118005992,0.0391501962529092,-0.0497249602719355,-0.2223130725004503,726,327,0,327,1.0,1.878442545109212,1.878442545109212,2.716253443526171,98.75234755231332,64.29741225525309,-2.474016316175464,66.77142857142856,0.9642717824949903,163.04975980756643,0.0493761737761566,0.0321487061276265,0.0815248799037832,0.6857142857142857,192,148,44,88,0,144,121.08333333333331,100.02857142857144,11,77,11.0,10.0,44,0,323,61,0,61,323,0,4489.982414275768,448.9982414275768,9652.36432400202,965.236432400202,379.3773921092039,37.93773921092039,5654.347353048698,565.4347353048698,3630.0,363.0,0,0,0.0605416666666666,-0.0060499999999999,0.0605416666666666,-0.0060499999999999,0.0,0.0,0.0605416666666666,0.0055,0.0622698142767838,0.072001914412221,-0.0448957939325666,0.0044625805203951,0.0006842022141165,-0.0080788187566363,-0.0014003601848411,-0.000915,-0.0003203601848411,-0.000165,0.0,0.0,0.0,0.0,0.0,0.0006842022141165,0.0047142022141165,0.0605416666666666,0.0006842022141165,0.0,0.0,0.0493761737761569,0.0321487061276265,-0.0049480326323509,0.0445142857142857,-0.0012370081580877,0.0333857142857142,0.0044625805203951,0.0044625805203951,0.36883646200694,0.0812010722407914,0.0838401405900522,0.0,0.0,0.0276595549213314,0.0,0.0,0.0040299999999999,0.0500142857142857,-0.0054999999999999,0.0305,0.1615,0.0045916160956646,0.0090628859276572,-0.0044712698319926,0.4118578335477246,0.2051216973198784,0.2067361362278461,0.8347320556640625,0.6892051696777344,8211,5840,0,0.553705546591017,0.951916699608167,4,8,14051,8211,5840,0.0670363522079179,cuda,60.8466796875,,,,,,,,,,,,
30,71,200,True,1056,1056,757,488,269,84,185,0.3553500660501981,0.1109643328929986,0.2443857331571994,0.3545081967213114,2.1762295081967213,0.756216933981317,14.442515359550226,29.986115344968,0.6107961477602777,0.5409467780015996,0.2470356751782972,0.1826796988616926,0.1288448296884288,0.5343466087198648,0.2547636966079809,0.1952157809650029,0.1274647364568454,0.0066001692817347,-0.0077280214296837,-0.0125360821033102,0.0013800932315834,13.001321003963012,13.001321003963012,10.45310435931308,0.5323645970937912,0.145697011824895,0.038758754640387,0.0039011345457535,-0.1404103791817244,757,299,0,299,1.0,1.865530303030303,1.865530303030303,2.59445178335535,77.19174268045214,34.57150125352978,-4.862156755128223,39.43365800865801,0.89023439841763,111.76324393398193,0.038595871340226,0.0172857506267648,0.0558816219669909,0.8936170212765957,252,165,87,30,0,161,93.4833333333333,56.9782106782107,5,25,5.0,4.0,85,0,185,84,0,84,185,0,4491.278042544618,449.1278042544618,9765.441138593962,976.5441138593962,446.9431899800428,44.69431899800428,5656.457578460168,565.6457578460169,3785.0,378.5,0,0,0.0467416666666666,-0.00275,0.0467416666666666,-0.00275,0.0,0.0,0.0467416666666666,0.0025,0.0686616406071469,0.1267504137007713,-0.1252941912294957,0.0029902029827095,0.0002926900344636,-0.0108388552561906,-0.0020029339391347,-0.0012599999999999,-0.0005079339391347,-0.000235,0.0,0.0,0.0,0.0,0.0,0.0002926900344636,0.0060126900344635,0.0467416666666666,0.0002926900344636,0.0,0.0,0.0385958713402263,0.0172857506267649,-0.0097243135102564,0.0262891053391053,-0.0024310783775641,0.019716829004329,0.0029902029827095,0.0029902029827095,0.4814348501088374,0.178359756221317,0.1386379268860984,0.0,0.0,0.0125462655061454,0.0,0.0,0.0057199999999999,0.0284891053391053,-0.0022,0.042,0.0925,0.0045916160956646,0.0090628859276572,-0.0044712698319926,0.4118578335477246,0.2051216973198784,0.2067361362278461,0.8347320556640625,0.6892051696777344,8211,5840,0,0.553705546591017,0.951916699608167,4,8,14051,8211,5840,0.0670363522079179,cuda,60.8466796875,,,,,,,,,,,,
31,72,200,True,1118,1118,824,566,258,100,158,0.3131067961165049,0.1213592233009708,0.1917475728155339,0.3621908127208481,2.2279151943462896,0.7438914779007646,14.206247486411051,27.9254331562418,0.5848261187534471,0.5141855714441188,0.2704023756810823,0.2132558172483115,0.1253925630223835,0.5144614033901228,0.279257175018978,0.2278489103975176,0.118603624729275,-0.000275831946004,-0.0088547993378957,-0.014593093149206,0.0067889382931084,12.199029126213592,12.194174757281552,9.41383495145631,0.5606796116504854,0.1747724822345147,0.0998470274037722,-0.1613890409493802,-0.1275008281450242,824,294,0,294,1.0,1.7692307692307692,1.7692307692307692,2.3992718446601944,74.89449054971935,44.8171933313441,-5.347798968023249,50.16499229936727,0.9036654643744304,119.71168388106344,0.0374472452748596,0.022408596665672,0.0598558419405317,0.8063380281690141,229,151,78,55,0,148,90.20714285714288,69.08665639915644,3,52,3.0,2.0,78,0,158,100,0,100,158,0,4175.494764101943,417.5494764101943,9181.122835131802,918.1122835131804,475.5080300421062,47.55080300421062,5262.693536620611,526.2693536620611,4120.0,412.0,0,0,0.0451035714285714,-0.00165,0.0451035714285714,-0.00165,0.0,0.0,0.0451035714285714,0.0015,0.0634048669485839,0.1442383663421172,-0.1579160526217048,0.0034302607328112,0.0001619406600124,-0.0120367848234994,-0.002354371366217,-0.0014999999999999,-0.0005768713662171,-0.0002775,0.0,0.0,0.0,0.0,0.0,0.0001619406600124,0.0068219406600123,0.0451035714285714,0.0001619406600124,0.0,0.0,0.0374472452748598,0.022408596665672,-0.0106955979360464,0.0334433281995782,-0.0026738994840116,0.0250824961496836,0.0034302607328112,0.0034302607328112,0.4683408816362061,0.1897410102679405,0.1710714974367953,0.0,0.0,0.0086981605512774,0.0,0.0,0.0066599999999999,0.0345433281995782,-0.0011,0.05,0.079,0.0045916160956646,0.0090628859276572,-0.0044712698319926,0.4118578335477246,0.2051216973198784,0.2067361362278461,0.8347320556640625,0.6892051696777344,8211,5840,0,0.553705546591017,0.951916699608167,4,8,14051,8211,5840,0.0670363522079179,cuda,60.8466796875,,,,,,,,,,,,
32,73,200,True,940,940,639,346,293,66,227,0.458528951486698,0.1032863849765258,0.3552425665101721,0.4161849710982659,2.054913294797688,0.657086762174361,16.957156349468782,29.68548330165058,0.6374383724989058,0.4848219521042239,0.1314131943831984,0.1364439221777323,0.1214347933203714,0.4766016255396639,0.1401012970209983,0.1463724536918146,0.1242258392591998,0.00822032656456,-0.0086881026377998,-0.0099285315140823,-0.0027910459388284,6.751173708920188,6.560250391236306,4.575899843505478,0.3474178403755869,0.1143612624859176,0.0792091970990378,-0.1622539866055282,-0.1533627868323878,639,301,0,301,1.0,1.985106382978724,1.985106382978724,2.8763693270735526,104.25388916305056,73.6670661032467,-2.053496667316108,75.72056277056275,0.9735966377201088,177.92095526629726,0.0521269445815252,0.0368335330516233,0.0889604776331486,0.610909090909091,168,145,23,107,1,144,129.92619047619047,115.26075036075036,14,93,14.0,13.0,22,0,227,66,1,66,227,0,4417.788402432929,441.7788402432929,9258.164332789696,925.8164332789696,370.292118085696,37.0292118085696,5565.456066522701,556.5456066522701,3195.0,319.5,0,1,0.0649630952380952,-0.0076999999999999,0.0649630952380952,-0.0076999999999999,0.0,0.0,0.0649630952380952,0.007,0.0624734580375997,0.0796377188433443,-0.0441823512779434,0.0053577639248194,0.0006623419552453,-0.0080201337067781,-0.0014943614093215,-0.00099,-0.0003118614093215,-0.0001925,0.0,0.0,0.0,-0.001,-0.001,0.0006623419552453,0.0047823419552452,0.0639630952380952,0.0006623419552453,0.0,0.0,0.0521269445815256,0.0368335330516233,-0.0041069933346322,0.0504803751803751,-0.001026748333658,0.0378602813852813,0.0053577639248194,0.0053577639248194,0.3826300911686624,0.0898588819886456,0.0889768671287636,0.0,0.0,0.0325030305706157,0.0,0.0,0.0041199999999999,0.0576303751803751,-0.0071499999999999,0.033,0.1135,0.0045916160956646,0.0090628859276572,-0.0044712698319926,0.4118578335477246,0.2051216973198784,0.2067361362278461,0.8347320556640625,0.6892051696777344,8211,5840,0,0.553705546591017,0.951916699608167,4,8,14051,8211,5840,0.0670363522079179,cuda,60.8466796875,,,,,,,,,,,,
33,74,200,True,1082,1082,808,533,275,80,195,0.3403465346534653,0.099009900990099,0.2413366336633663,0.3658536585365853,2.24953095684803,0.7033227720974087,15.433523813287044,30.91777966740431,0.6179540833204069,0.5289226709454413,0.1873909416791981,0.1311940431549418,0.1340736197290232,0.5229155813216269,0.1960593119462843,0.1482944229834382,0.1329332438540447,0.0060070896238144,-0.0086683702670862,-0.0171003798284964,0.0011403758749785,11.764851485148515,11.764851485148515,9.206683168316832,0.5371287128712872,0.1498041603531447,0.0862568774679782,-0.0909423435228991,-0.1300261205882082,808,274,0,274,1.0,1.8484288354898333,1.8484288354898333,2.474009900990099,88.73517742966725,48.07833766545276,-4.486496622341806,52.56483428779453,0.9213603512701808,136.81351509512,0.0443675887148336,0.0240391688327263,0.06840675754756,0.8321428571428572,233,154,79,47,0,154,107.67619047619048,73.70761183261185,5,42,5.0,3.2919691959567574,79,0,195,80,0,80,195,0,4244.820552704677,424.4820552704677,9322.01646430042,932.201646430042,477.0897834258491,47.708978342584906,5349.170290092838,534.9170290092837,4040.0,404.0,0,0,0.0538380952380952,-0.00275,0.0538380952380952,-0.00275,0.0,0.0,0.0538380952380952,0.0025,0.066104397493241,0.1342107585512668,-0.1070684173228099,0.0046020237975893,0.0003555626217872,-0.0119770736776787,-0.0019184827489993,-0.0011999999999999,-0.0004809827489993,-0.0002375,0.0,0.0,0.0,0.0,0.0,0.0003555626217872,0.0064855626217871,0.0538380952380952,0.0003555626217872,0.0,0.0,0.0443675887148341,0.0240391688327263,-0.0089729932446836,0.0350432228585297,-0.0022432483111709,0.0262824171438972,0.0046020237975893,0.0046020237975893,0.4635342386571173,0.1505037398177287,0.1163880769962861,0.0,0.0,0.0143587472023393,0.0,0.0,0.0061299999999999,0.0368538059163059,-0.0018105830577762,0.04,0.0975,-0.0104686560807749,-0.0058825482381507,-0.0045861078426241,0.4386534236371517,0.2345311969518661,0.2041222266852855,0.8606773614883423,0.7474168539047241,8015,5936,0,0.5177720554172993,0.9554650276899338,5,8,13951,8015,5936,0.0778320322176063,cuda,62.3037109375,,,,,,,,,,,,
34,75,200,True,991,991,728,425,303,88,215,0.4162087912087912,0.1208791208791208,0.2953296703296703,0.4258823529411765,2.072941176470588,0.669800482322188,17.345526430466595,28.35579232329832,0.6234232771758209,0.47608666444526,0.1498199561457423,0.1435311762462644,0.121899779846563,0.4703313216391732,0.1571111944011029,0.1527740860533188,0.1258322604482664,0.0057553428060868,-0.0072912382553605,-0.0092429098070544,-0.0039324806017034,8.126373626373626,8.122252747252746,6.009615384615385,0.3791208791208791,0.0952983021410578,0.0336855035635846,-0.1021006220824417,-0.1789921928618441,728,263,0,263,1.0,1.9212916246215943,1.9212916246215943,2.608516483516484,101.16688303736116,65.48401769548738,-3.5561234134037134,69.04014110889109,0.951015063422284,166.65090073284853,0.0505834415186805,0.0327420088477436,0.0833254503664242,0.7188612099644128,202,156,46,79,1,152,125.53571428571428,104.15352147852148,11,68,11.0,11.0,45,0,215,88,1,88,215,0,4542.594796907171,454.2594796907171,9568.2486788577,956.82486788577,406.8132706598219,40.68132706598219,5722.795413349517,572.2795413349517,3640.0,364.0,0,1,0.0627678571428571,-0.00605,0.0627678571428571,-0.00605,0.0,0.0,0.0627678571428571,0.0055,0.0653256131001426,0.0975506807118651,-0.0524041108351018,0.004595806657626,0.0007157790219743,-0.0096347233747055,-0.0020835487008179,-0.0013199999999999,-0.0004960487008179,-0.0002675,0.0,0.0,0.0,-0.001,-0.001,0.0007157790219743,0.0058457790219743,0.0617678571428571,0.0007157790219743,0.0,0.0,0.050583441518681,0.0327420088477437,-0.0071122468268074,0.0460267607392607,-0.0017780617067018,0.0345200705544455,0.004595806657626,0.004595806657626,0.4082267934659436,0.1040736803055414,0.0936411252893656,0.0,0.0,0.0255015530929232,0.0,0.0,0.0051299999999999,0.0520767607392607,-0.00605,0.044,0.1075,-0.0104686560807749,-0.0058825482381507,-0.0045861078426241,0.4386534236371517,0.2345311969518661,0.2041222266852855,0.8606773614883423,0.7474168539047241,8015,5936,0,0.5177720554172993,0.9554650276899338,5,8,13951,8015,5936,0.0778320322176063,cuda,62.3037109375,,,,,,,,,,,,
35,76,200,True,1011,1011,739,475,264,73,191,0.3572395128552097,0.0987821380243572,0.2584573748308525,0.3936842105263158,2.183157894736842,0.7179340156128532,14.993462369818436,29.419896234713104,0.6089716474802577,0.5175706145637914,0.2434476038499882,0.1974790080126963,0.1261576639409912,0.5072847087759721,0.2503553454617136,0.2151984336148751,0.1215180328037393,0.0102859057878192,-0.0069077416117253,-0.0177194256021788,0.0046396311372518,10.755074424898512,10.755074424898512,8.346414073071719,0.4682002706359945,0.0915982124107509,0.0730899425987547,-0.1334039255742014,-0.2250563611424073,739,272,0,272,1.0,1.8427299703264093,1.8427299703264093,2.512855209742896,94.9640914327878,56.09936820698275,-3.4953828752683087,59.59475108225106,0.9445969970895628,151.06345963977057,0.0474820457163939,0.0280496841034913,0.0755317298198852,0.6057347670250897,169,140,29,110,0,138,117.70357142857142,94.85966810966812,14,96,14.0,14.0,29,0,191,73,1,73,191,0,4179.057657779571,417.9057657779571,8881.023381512881,888.1023381512881,439.8555446800124,43.98555446800124,5260.672829448242,526.0672829448242,3695.0,369.5,0,1,0.0588517857142857,-0.0076999999999999,0.0588517857142857,-0.0076999999999999,0.0,0.0,0.0588517857142857,0.007,0.0594872661415496,0.1149115577772181,-0.1085979370325092,0.0047356197104683,0.0005230857248266,-0.010518601191207,-0.0017870417219505,-0.001095,-0.0004795417219505,-0.0002125,0.0,0.0,0.0,-0.001,-0.001,0.0005230857248266,0.0060030857248266,0.0578517857142857,0.0005230857248266,0.0,0.0,0.0474820457163944,0.0280496841034913,-0.0069907657505366,0.039729834054834,-0.0017476914376341,0.0297973755411255,0.0047356197104683,0.0047356197104683,0.4290196744839952,0.1509943713346763,0.1309408025929218,0.0,0.0,0.0259249655729783,0.0,0.0,0.0054799999999999,0.047429834054834,-0.0076999999999999,0.0365,0.0955,-0.0104686560807749,-0.0058825482381507,-0.0045861078426241,0.4386534236371517,0.2345311969518661,0.2041222266852855,0.8606773614883423,0.7474168539047241,8015,5936,0,0.5177720554172993,0.9554650276899338,5,8,13951,8015,5936,0.0778320322176063,cuda,62.3037109375,,,,,,,,,,,,
36,77,200,True,1016,1016,744,511,233,70,163,0.3131720430107527,0.0940860215053763,0.2190860215053763,0.3757338551859099,2.156555772994129,0.7346729260601409,14.72239981425485,25.601865308858645,0.644106398031882,0.4839030751510142,0.2383543224804788,0.1571181439749036,0.1111643396777241,0.4793528297409386,0.2439125016433735,0.1741623796897151,0.1153998314503237,0.0045502454100755,-0.0055581791628946,-0.0170442357148115,-0.0042354917725996,9.98521505376344,9.973118279569892,7.452956989247312,0.4556451612903225,0.1011474970120401,0.0573919586448559,-0.1002598549026896,-0.1854425035389181,744,272,0,272,1.0,1.93503937007874,1.93503937007874,2.618279569892473,89.74463110726815,44.32541962039994,-4.968682111201789,49.29410173160172,0.908432967140134,134.0700507276681,0.044872315553634,0.0221627098101999,0.067035025363834,0.773851590106007,219,165,54,64,0,160,109.11904761904758,73.42546897546897,8,56,8.0,7.0,54,0,163,70,0,70,163,0,4669.515428796253,466.9515428796253,10167.681647174864,1016.7681647174862,477.0835563542344,47.70835563542344,5877.717105279007,587.7717105279007,3720.0,372.0,0,0,0.0545595238095237,-0.0044,0.0545595238095237,-0.0044,0.0,0.0,0.0545595238095237,0.004,0.0685700146846905,0.1124896314772664,-0.0988402061614453,0.0032582509962786,0.0003134825300751,-0.0119686679554799,-0.0015408330297284,-0.00105,-0.0002908330297284,-0.0002,0.0,0.0,0.0,0.0,0.0,0.0003134825300751,0.006123482530075,0.0545595238095237,0.0003134825300751,0.0,0.0,0.0448723155536346,0.0221627098101999,-0.0099373642224035,0.0328627344877344,-0.0024843410556008,0.0246470508658008,0.0032582509962786,0.0032582509962786,0.4593440600937012,0.1685268028890477,0.1294652298541197,0.0,0.0,0.0141054132332905,0.0,0.0,0.0058099999999999,0.0367127344877345,-0.00385,0.035,0.0815,-0.0104686560807749,-0.0058825482381507,-0.0045861078426241,0.4386534236371517,0.2345311969518661,0.2041222266852855,0.8606773614883423,0.7474168539047241,8015,5936,0,0.5177720554172993,0.9554650276899338,5,8,13951,8015,5936,0.0778320322176063,cuda,62.3037109375,,,,,,,,,,,,
37,78,200,True,1016,1016,773,514,259,81,178,0.3350582147477361,0.1047865459249676,0.2302716688227684,0.3618677042801556,2.186770428015564,0.7301001769095543,14.904947752154754,27.48385758738573,0.6423252913529001,0.5176701810109476,0.1797533344970255,0.138340096195964,0.1294109395629063,0.5080038352873075,0.1921087022443167,0.1528590861780402,0.129933731210081,0.0096663457236401,-0.0123553677472912,-0.0145189899820761,-0.0005227916471747,10.652005174644245,10.652005174644245,7.979301423027167,0.5239327296248383,0.1011810679821952,0.0644704093771132,-0.0908046130382487,-0.181154949287768,773,243,0,243,1.0,1.9606299212598424,1.9606299212598424,2.5640362225097024,109.5931972951507,65.56144122644275,-4.873704877453324,70.4351461038961,0.9352837705801632,175.15463852159343,0.0547965986475753,0.0327807206132213,0.0875773192607967,0.8057553956834532,224,170,54,54,0,169,133.7190476190476,100.51352813852812,6,48,6.0,6.0,53,0,178,81,0,81,178,0,4636.9912225076805,463.699122250768,10097.709562983851,1009.7709562983852,469.4132577937812,46.94132577937812,5841.655394812394,584.1655394812394,3865.0,386.5,0,0,0.0668595238095238,-0.0033,0.0668595238095238,-0.0033,0.0,0.0,0.0668595238095238,0.003,0.0722637752077618,0.1232892188008127,-0.0961364793966928,0.0038195743646757,0.0005948979997814,-0.0120056436147416,-0.0020345556147578,-0.0012149999999999,-0.0005745556147578,-0.000245,0.0,0.0,0.0,0.0,0.0,0.0005948979997814,0.0065448979997813,0.0668595238095238,0.0005948979997814,0.0,0.0,0.0547965986475759,0.0327807206132214,-0.0097474097549066,0.046956764069264,-0.0024368524387266,0.035217573051948,0.0038195743646757,0.0038195743646757,0.4663390356014735,0.145822798131128,0.1260891600163336,0.0,0.0,0.0166142775634258,0.0,0.0,0.0059499999999999,0.050256764069264,-0.0033,0.0405,0.089,-0.0104686560807749,-0.0058825482381507,-0.0045861078426241,0.4386534236371517,0.2345311969518661,0.2041222266852855,0.8606773614883423,0.7474168539047241,8015,5936,0,0.5177720554172993,0.9554650276899338,5,8,13951,8015,5936,0.0778320322176063,cuda,62.3037109375,,,,,,,,,,,,
38,79,200,True,855,855,618,340,278,50,228,0.4498381877022653,0.0809061488673139,0.3689320388349514,0.3470588235294117,2.276470588235294,0.7072379768333015,15.600198131449082,34.00778797847383,0.618467697200557,0.5522657623624101,0.1667347401599673,0.1374992322450613,0.1434151696232969,0.5451820785946706,0.1717511552166851,0.1649619786969303,0.1376146066824303,0.0070836837677394,-0.0050164150567177,-0.027462746451869,0.0058005629408666,11.1747572815534,11.155339805825244,8.946601941747574,0.4498381877022653,0.1479781464318273,0.0505675524817087,-0.052710853414829,-0.1953459136814026,618,237,0,237,1.0,2.0257309941520467,2.0257309941520467,2.799352750809061,93.90832229408028,59.07669867051553,-3.165860853293998,62.24255952380952,0.9515985734704852,152.98502096459583,0.0469541611470401,0.0295383493352577,0.0764925104822979,0.6164874551971327,172,146,26,107,0,145,119.0642857142857,95.09007936507936,12,95,12.0,11.0,25,0,228,50,2,50,228,0,4310.745788211487,431.0745788211487,8750.276216980663,875.0276216980662,338.40274303820746,33.84027430382075,5429.687064999179,542.9687064999179,3090.0,309.0,0,2,0.0595321428571428,-0.0066,0.0595321428571428,-0.0066,0.0,0.0,0.0595321428571428,0.006,0.0625273194555025,0.0818182510699408,-0.062379537739661,0.0021974757585633,0.0007422343066291,-0.0076465097140027,-0.0012444263430038,-0.00075,-0.0003594263430038,-0.000135,0.0,0.0,0.0,-0.002,-0.002,0.0007422343066291,0.0046422343066291,0.0575321428571428,0.0007422343066291,0.0,0.0,0.0469541611470403,0.0295383493352577,-0.0063317217065879,0.0414950396825396,-0.0015829304266469,0.0311212797619047,0.0021974757585633,0.0021974757585633,0.4011195793897131,0.102317178624092,0.0941940993979197,0.0,0.0,0.0219839646956387,0.0,0.0,0.0038999999999999,0.0475450396825396,-0.00605,0.025,0.114,-0.0104686560807749,-0.0058825482381507,-0.0045861078426241,0.4386534236371517,0.2345311969518661,0.2041222266852855,0.8606773614883423,0.7474168539047241,8015,5936,0,0.5177720554172993,0.9554650276899338,5,8,13951,8015,5936,0.0778320322176063,cuda,62.3037109375,,,,,,,,,,,,
39,80,200,True,1022,1022,770,500,270,75,195,0.3506493506493506,0.0974025974025974,0.2532467532467532,0.3,2.374,0.7152874453067779,15.180495502471924,31.47989585649967,0.6395557679594495,0.5506183215081691,0.1859364825263619,0.1577770053762942,0.1324874678105116,0.5491441261768341,0.2051371486168354,0.1915985086467117,0.1351515509523451,0.001474195331335,-0.0192006660904735,-0.0338215032704174,-0.0026640831418335,13.931168831168833,13.931168831168833,11.268831168831168,0.5636363636363636,0.1739530571119135,-0.0343308378900893,-0.0644945656192178,-0.1348065914613564,770,252,0,252,1.0,1.9569471624266144,1.9569471624266144,2.5922077922077924,100.0943138842448,57.86155132236584,-5.0120225914654375,62.87357391383127,0.9261695727889144,157.95586520661064,0.0500471569421223,0.0289307756611829,0.0789779326033053,0.7587412587412588,217,172,45,69,0,172,121.95555555555552,93.73143188510832,9,60,9.0,9.0,44,0,195,75,0,75,195,0,4513.002779526648,451.3002779526648,9844.248850941116,984.4248850941116,463.6636910272743,46.36636910272743,5688.992199968875,568.8992199968875,3850.0,385.0,0,0,0.0609777777777777,-0.0049499999999999,0.0609777777777777,-0.0049499999999999,0.0,0.0,0.0609777777777777,0.0045,0.0734664673318309,0.1276047501930913,-0.118313339983042,0.0032898857214581,0.0005746735995009,-0.0116282867088322,-0.0017921212684267,-0.001125,-0.0004696212684267,-0.0001975,0.0,0.0,0.0,0.0,0.0,0.0005746735995009,0.0063246735995008,0.0609777777777777,0.0005746735995009,0.0,0.0,0.0500471569421228,0.0289307756611829,-0.0100240451829308,0.0419157159425541,-0.0025060112957327,0.0314367869569156,0.0032898857214581,0.0032898857214581,0.492933348300586,0.1500178035073741,0.1531120983857965,0.0,0.0,0.0126354183839698,0.0,0.0,0.0057499999999999,0.0468657159425541,-0.0049499999999999,0.0375,0.0975,-0.0104686560807749,-0.0058825482381507,-0.0045861078426241,0.4386534236371517,0.2345311969518661,0.2041222266852855,0.8606773614883423,0.7474168539047241,8015,5936,0,0.5177720554172993,0.9554650276899338,5,8,13951,8015,5936,0.0778320322176063,cuda,62.3037109375,,,,,,,,,,,,
40,81,200,True,1022,1022,756,451,305,61,244,0.4034391534391534,0.0806878306878306,0.3227513227513227,0.3325942350332594,2.2749445676274944,0.7214774850202506,14.68897208194775,33.16599014698798,0.6398313719323142,0.5462272073371447,0.2069056117721315,0.1421033445138591,0.1284040606946182,0.5424615743419283,0.2171443354848466,0.152192697243893,0.1371742354152505,0.0037656329952163,-0.0102387237127151,-0.0100893527300338,-0.0087701747206322,11.462962962962964,11.452380952380953,9.051587301587302,0.5145502645502645,0.1851308190817491,0.0036683148375461,-0.0955032591847261,-0.1879975290764894,756,266,0,266,1.0,1.918786692759296,1.918786692759296,2.585978835978836,104.23450037037628,66.3845642231182,-4.511472032293041,70.89603625541125,0.940172111043899,170.61906459349447,0.0521172501851881,0.0331922821115591,0.0853095322967472,0.6881720430107527,192,160,32,87,0,155,127.39285714285714,102.22804834054833,7,80,7.0,7.0,31,0,244,61,0,61,244,0,4546.435060080532,454.6435060080532,9866.03129019447,986.6031290194472,436.22508939130176,43.62250893913018,5730.04510830158,573.004510830158,3780.0,378.0,0,0,0.0636964285714285,-0.0038499999999999,0.0636964285714285,-0.0038499999999999,0.0,0.0,0.0636964285714285,0.0035,0.0663814868326539,0.1132504647145206,-0.1001648886955734,0.0023095507842481,0.0006805366402263,-0.0104932345442674,-0.001494663385972,-0.000915,-0.000407163385972,-0.0001725,0.0,0.0,0.0,0.0,0.0,0.0006805366402263,0.0058005366402263,0.0636964285714285,0.0006805366402263,0.0,0.0,0.0521172501851886,0.0331922821115591,-0.009022944064586,0.0472640241702741,-0.0022557360161465,0.0354480181277056,0.0023095507842481,0.0023095507842481,0.4617944156974753,0.1522630091198158,0.1037151386577888,0.0,0.0,0.0222808190003877,0.0,0.0,0.0051199999999999,0.0511140241702741,-0.0038499999999999,0.0305,0.122,-0.0104686560807749,-0.0058825482381507,-0.0045861078426241,0.4386534236371517,0.2345311969518661,0.2041222266852855,0.8606773614883423,0.7474168539047241,8015,5936,0,0.5177720554172993,0.9554650276899338,5,8,13951,8015,5936,0.0778320322176063,cuda,62.3037109375,,,,,,,,,,,,
41,82,200,True,1024,1024,798,583,215,61,154,0.2694235588972431,0.0764411027568922,0.1929824561403508,0.3087478559176672,2.3653516295025727,0.7496108622585725,14.347073980301976,26.85803500675368,0.6283338962068484,0.5107269053240379,0.2034915627378133,0.1534953685557249,0.1245855100702104,0.5086722914289242,0.2201663385022361,0.1748296798376197,0.1231335329808818,0.0020546138951136,-0.0166747757644228,-0.0213343112818947,0.0014519770893285,11.240601503759398,11.240601503759398,8.296992481203008,0.5864661654135338,0.0919512918128854,0.0947991785046801,-0.1244983455781054,-0.1074620378285432,798,226,0,226,1.0,1.912109375,1.912109375,2.448621553884712,88.5580507303835,52.80823419779064,-5.317834525153069,58.12606872294371,0.9161805271602264,141.36628492817414,0.0442790253651917,0.0264041170988953,0.070683142464087,0.875886524822695,247,161,86,35,0,156,107.2595238095238,79.70142496392498,3,32,3.0,2.0,85,0,154,61,0,61,154,0,4704.023728456027,470.4023728456027,10250.945259101847,1025.0945259101848,482.98847148454,48.298847148454,5923.852147854043,592.3852147854043,3990.0,399.0,0,0,0.0536297619047618,-0.00165,0.0536297619047618,-0.00165,0.0,0.0,0.0536297619047618,0.0015,0.06660530777525,0.1349116026843193,-0.1137209885553586,0.0040814889058734,0.0004360792069111,-0.0133206786184505,-0.001456844657432,-0.000915,-0.000381844657432,-0.00016,0.0,0.0,0.0,0.0,0.0,0.0004360792069111,0.006876079206911,0.0536297619047618,0.0004360792069111,0.0,0.0,0.0442790253651922,0.0264041170988953,-0.0106356690503061,0.0387507124819625,-0.0026589172625765,0.0290630343614718,0.0040814889058734,0.0040814889058734,0.4762276941105632,0.154667570935394,0.1370187069675061,0.0,0.0,0.006565443983373,0.0,0.0,0.0064399999999999,0.0398507124819624,-0.0011,0.0305,0.077,-0.0038711152414584,-0.0009372772441969,-0.0029338379972614,0.309424461156894,0.1627588416139284,0.1466656195429655,0.9122995138168336,0.8021240830421448,8328,6603,0,0.4527388883961571,0.9868529970829304,6,8,14931,8328,6603,0.0731074627090184,cuda,67.3984375,,,,,,,,,,,,
42,83,200,True,1032,1032,808,516,292,48,244,0.3613861386138614,0.0594059405940594,0.3019801980198019,0.3565891472868217,2.2713178294573644,0.7598697033154872,13.956729539605076,30.114758321019107,0.6363505105232611,0.5467040943371695,0.1974634208117229,0.1364982336932836,0.1327006441122282,0.5401026263775289,0.2115071412652384,0.1598765716631716,0.1344898640531902,0.0066014679596405,-0.0140437204535155,-0.0233783379698879,-0.001789219940962,11.396039603960396,11.396039603960396,8.897277227722773,0.5358910891089109,0.141102499730773,0.0257266643816992,-0.0824025671830168,-0.0620700714459587,808,224,0,224,1.0,1.8837209302325584,1.8837209302325584,2.39480198019802,95.94946241719126,51.79183100069114,-4.700645273035111,56.49247627372628,0.9231834370560248,147.7412934178824,0.0479747312085956,0.0258959155003455,0.0738706467089412,0.773851590106007,219,160,59,64,0,153,116.94285714285718,78.62330169830172,3,61,3.0,3.0,59,0,244,48,0,48,244,0,4595.29149606699,459.529149606699,9989.047588974478,998.9047588974478,455.6382057798772,45.56382057798772,5787.516470530435,578.7516470530435,4040.0,404.0,0,0,0.0584714285714285,-0.00165,0.0584714285714285,-0.00165,0.0,0.0,0.0584714285714285,0.0015,0.065517372948232,0.1250784812014201,-0.1123071393484073,0.003594001546419,0.0003479417572637,-0.011940249572161,-0.0011984182891988,-0.00072,-0.0003509182891988,-0.0001275,0.0,0.0,0.0,0.0,0.0,0.0003479417572637,0.0059879417572636,0.0584714285714285,0.0003479417572637,0.0,0.0,0.0479747312085961,0.0258959155003455,-0.0094012905460702,0.0376616508491508,-0.0023503226365175,0.0282462381368631,0.003594001546419,0.003594001546419,0.4703654219046012,0.1479607079468719,0.1337122935056694,0.0,0.0,0.0126560990389026,0.0,0.0,0.0056399999999999,0.0393116508491508,-0.00165,0.024,0.122,-0.0038711152414584,-0.0009372772441969,-0.0029338379972614,0.309424461156894,0.1627588416139284,0.1466656195429655,0.9122995138168336,0.8021240830421448,8328,6603,0,0.4527388883961571,0.9868529970829304,6,8,14931,8328,6603,0.0731074627090184,cuda,67.3984375,,,,,,,,,,,,
43,84,200,True,1066,1066,856,550,306,58,248,0.3574766355140187,0.0677570093457943,0.2897196261682243,0.4327272727272727,2.0872727272727274,0.7595806975527243,14.163340422890403,29.51310995838859,0.6204090232762709,0.5208381065997211,0.1782657105374065,0.0698812856084921,0.1418710472773421,0.5148221240531314,0.1806703618372028,0.0858572224762544,0.1405776068703694,0.0060159825465896,-0.0024046512997963,-0.0159759368677623,0.0012934404069727,10.550233644859814,10.121495327102805,7.723130841121495,0.5046728971962616,0.1685909033334773,0.0775444320584274,-0.1416060111057966,-0.0464433461696061,856,210,0,210,1.0,1.8508442776735456,1.8508442776735456,2.294392523364486,100.20150783061408,58.307665207000255,-5.118078840618785,63.42574404761903,0.9253312898966268,158.50917303761435,0.050100753915307,0.0291538326035001,0.0792545865188071,0.7898550724637681,218,148,70,58,0,146,121.8095238095238,92.26765873015871,7,51,7.0,7.0,68,0,248,58,0,58,248,0,4426.762030823008,442.6762030823008,9648.496967153473,964.8496967153472,454.8117971552043,45.48117971552043,5575.498812058913,557.5498812058913,4280.0,428.0,0,0,0.0609047619047618,-0.00385,0.0609047619047618,-0.00385,0.0,0.0,0.0609047619047618,0.0035,0.0630792030793545,0.1314332109145408,-0.1063185787626409,0.0034195028983238,0.0008047219574874,-0.012408180465157,-0.0014021299332609,-0.00087,-0.0003746299332609,-0.0001575,0.0,0.0,0.0,0.0,0.0,0.0008047219574874,0.0068847219574873,0.0609047619047618,0.0008047219574874,0.0,0.0,0.0501007539153073,0.0291538326035,-0.0102361576812375,0.0422838293650793,-0.0025590394203093,0.0317128720238095,0.0034195028983238,0.0034195028983238,0.4435432018915082,0.124611636083375,0.0673634828378524,0.0,0.0,0.0107052638726724,0.0,0.0,0.0060799999999999,0.0461338293650793,-0.00385,0.029,0.124,-0.0038711152414584,-0.0009372772441969,-0.0029338379972614,0.309424461156894,0.1627588416139284,0.1466656195429655,0.9122995138168336,0.8021240830421448,8328,6603,0,0.4527388883961571,0.9868529970829304,6,8,14931,8328,6603,0.0731074627090184,cuda,67.3984375,,,,,,,,,,,,
44,85,200,True,1130,1130,908,615,293,68,225,0.3226872246696035,0.0748898678414096,0.2477973568281938,0.3268292682926829,2.3008130081300813,0.7660594403259153,13.699611618848351,32.00419379695644,0.6138166846117342,0.5546292156465654,0.2438367059863195,0.1774885436504837,0.1338030800465645,0.553336676906764,0.2599462348801212,0.2021694678268054,0.1299675107789718,0.0012925387398013,-0.0161095288938017,-0.0246809241763217,0.0038355692675927,13.357929515418505,13.357929515418505,10.658590308370044,0.5848017621145375,0.1021985191171792,0.0393828787719609,-0.0938343112193662,-0.1132984202943594,908,222,0,222,1.0,1.7628318584070797,1.7628318584070797,2.188325991189428,76.69549996981577,40.12752340335959,-5.855768598901454,45.98329200226102,0.8870394538212342,116.82302337317536,0.0383477499849078,0.0200637617016797,0.0584115116865876,0.7992831541218638,223,154,69,56,0,153,92.30238095238096,65.24636474636478,4,52,4.0,3.577553403045478,67,0,225,68,0,68,225,0,4169.291103981262,416.92911039812617,9159.226148778736,915.9226148778736,472.6689701076541,47.26689701076541,5251.847348699398,525.1847348699398,4540.0,454.0,0,0,0.0461511904761904,-0.0022,0.0461511904761904,-0.0022,0.0,0.0,0.0461511904761904,0.002,0.0655747518675862,0.1569425741551807,-0.1705509455775675,0.0034011805777322,0.0003039880197775,-0.0137271731131365,-0.0016398561351819,-0.00102,-0.0004448561351819,-0.000175,0.0,0.0,0.0,0.0,0.0,0.0003039880197775,0.0071339880197774,0.0461511904761904,0.0003039880197775,0.0,0.0,0.0383477499849081,0.0200637617016797,-0.0117115371978029,0.0306555280015073,-0.0029278842994507,0.0229916460011305,0.0034011805777322,0.0034011805777322,0.4760670738260763,0.1929023404086239,0.1504604412453578,0.0,0.0,0.0068886023002122,0.0,0.0,0.0068299999999998,0.0326231823731824,-0.001967654371675,0.034,0.1125,-0.0038711152414584,-0.0009372772441969,-0.0029338379972614,0.309424461156894,0.1627588416139284,0.1466656195429655,0.9122995138168336,0.8021240830421448,8328,6603,0,0.4527388883961571,0.9868529970829304,6,8,14931,8328,6603,0.0731074627090184,cuda,67.3984375,,,,,,,,,,,,
45,86,200,True,1078,1078,861,663,198,91,107,0.229965156794425,0.1056910569105691,0.1242740998838559,0.4102564102564102,2.114630467571644,0.7367143390495133,14.5142397930899,26.819012371663053,0.592001341704032,0.5064296069727764,0.2417142648491474,0.1536974814912897,0.1324137417518085,0.4980635251709419,0.2538426202549114,0.1839867734011729,0.1276636082021629,0.0083660818018345,-0.0121283554057639,-0.0302892919098831,0.0047501335496456,13.181184668989546,13.169570267131244,10.332171893147503,0.5458768873403019,0.1999690796570042,0.0697719498727089,-0.1296155994505524,-0.1406346510020416,861,217,0,217,1.0,1.808905380333952,1.808905380333952,2.2590011614401857,93.84164675379736,50.69755657526915,-5.165428356465788,55.862984931734914,0.9153602710909006,144.5392033290665,0.0469208233768986,0.0253487782876345,0.0722696016645332,0.8145454545454546,224,159,65,51,0,153,113.37619047619047,78.88397990897991,6,45,6.0,4.0,65,0,107,91,0,91,107,0,4376.766518859991,437.6766518859992,9643.69009561961,964.369009561961,517.7794413962772,51.77794413962772,5512.6462466255,551.26462466255,4305.0,430.5,0,0,0.0566880952380952,-0.0033,0.0566880952380952,-0.0033,0.0,0.0,0.0566880952380952,0.003,0.0655363312667108,0.1586964504675833,-0.1346761166293572,0.0053720163607871,0.0003117359321123,-0.0142726141573543,-0.0021496917202498,-0.0013649999999999,-0.0005246917202498,-0.00026,0.0,0.0,0.0,0.0,0.0,0.0003117359321123,0.0078517359321122,0.0566880952380952,0.0003117359321123,0.0,0.0,0.0469208233768993,0.0253487782876345,-0.0103308567129315,0.0372419899544899,-0.0025827141782328,0.0279314924658674,0.0053720163607871,0.0053720163607871,0.4929092542995514,0.2069184505195886,0.1636883368515973,0.0,0.0,0.0105368452356662,0.0,0.0,0.0075399999999998,0.0394419899544899,-0.0022,0.0455,0.0535,-0.0038711152414584,-0.0009372772441969,-0.0029338379972614,0.309424461156894,0.1627588416139284,0.1466656195429655,0.9122995138168336,0.8021240830421448,8328,6603,0,0.4527388883961571,0.9868529970829304,6,8,14931,8328,6603,0.0731074627090184,cuda,67.3984375,,,,,,,,,,,,
46,87,200,True,1029,1029,806,524,282,78,204,0.3498759305210918,0.0967741935483871,0.2531017369727047,0.4103053435114503,2.095419847328244,0.7143095924255957,15.384053319465114,28.376057410201028,0.5962447868955157,0.4852219953678036,0.1939282477442317,0.1502501392036761,0.1342559940775302,0.4815543108257173,0.2041661504510335,0.1684243292152305,0.1289640789663149,0.0036676845420862,-0.0102379027068017,-0.0181741900115544,0.0052919151112152,9.73697270471464,9.73697270471464,7.326302729528536,0.4404466501240694,0.1165587729355539,0.0680403051177153,-0.1237664652261012,-0.1598181000173149,806,223,0,223,1.0,1.9387755102040816,1.9387755102040816,2.4739454094292803,108.24988644686236,68.25062667738513,-4.702427866110602,72.95305454349571,0.939444998341432,176.5005131242475,0.0541249432234311,0.0341253133386925,0.0882502565621237,0.8093525179856115,225,160,65,53,0,159,131.97142857142856,101.6707393913276,4,49,4.0,4.0,65,0,204,78,0,78,204,0,4569.889765621451,456.9889765621451,9918.586246654277,991.8586246654274,442.2534907735035,44.22534907735034,5756.862816491027,575.6862816491027,4030.0,403.0,0,0,0.0659857142857143,-0.0022,0.0659857142857143,-0.0022,0.0,0.0,0.0659857142857143,0.002,0.0684054145945133,0.116119187587294,-0.0890444614288199,0.0036027923374339,0.0006618589742987,-0.0113611733826801,-0.0018280865042406,-0.0011699999999999,-0.0004380865042406,-0.00022,0.0,0.0,0.0,0.0,0.0,0.0006618589742987,0.0066818589742986,0.0659857142857143,0.0006618589742987,0.0,0.0,0.0541249432234318,0.0341253133386926,-0.0094048557322212,0.0486353696956638,-0.0023512139330553,0.0364765272717478,0.0036027923374339,0.0036027923374339,0.4490973437739832,0.1409048570982287,0.1186146645247892,0.0,0.0,0.0181495426176146,0.0,0.0,0.0060199999999999,0.0508353696956638,-0.0022,0.039,0.102,-0.0038711152414584,-0.0009372772441969,-0.0029338379972614,0.309424461156894,0.1627588416139284,0.1466656195429655,0.9122995138168336,0.8021240830421448,8328,6603,0,0.4527388883961571,0.9868529970829304,6,8,14931,8328,6603,0.0731074627090184,cuda,67.3984375,,,,,,,,,,,,
47,88,200,True,903,903,722,477,245,47,198,0.3393351800554016,0.0650969529085872,0.2742382271468144,0.389937106918239,2.1362683438155137,0.7511284921154286,14.349529852157367,29.34521186376768,0.6071840871265152,0.5112770395021519,0.1854493351852369,0.0963313835253255,0.1430767670789229,0.5049392061163545,0.188895510585756,0.1123420116030347,0.1366716399007873,0.0063378333857974,-0.0034461754005191,-0.0160106280777091,0.0064051271781356,10.84349030470914,10.84349030470914,8.385041551246537,0.484764542936288,0.1101307162488329,0.0785569873546241,-0.0376806661407245,-0.1252185814025184,722,181,0,181,1.0,2.0487264673311185,2.0487264673311185,2.541551246537396,101.05826177644136,58.04899897329753,-4.007846264797687,62.056845238095214,0.9393345193381826,159.10726074973888,0.0505291308882206,0.0290244994866487,0.0795536303748694,0.7852112676056338,223,163,60,61,0,160,125.5,88.24246031746031,8,53,8.0,5.0,60,0,198,47,1,47,198,0,4698.293116737366,469.82931167373664,9863.929600127376,986.3929600127376,396.1053503444827,39.61053503444827,5918.649365346315,591.8649365346315,3610.0,361.0,0,1,0.0627499999999999,-0.0043999999999999,0.0627499999999999,-0.0043999999999999,0.0,0.0,0.0627499999999999,0.004,0.0688663646516338,0.1074351986837376,-0.0785474175938957,0.0037795546297841,0.0004056544411034,-0.0105318839981393,-0.0011788247306262,-0.000705,-0.0003488247306262,-0.000125,0.0,0.0,0.0,-0.001,-0.001,0.0004056544411034,0.0056456544411033,0.0617499999999999,0.0004056544411034,0.0,0.0,0.0505291308882211,0.0290244994866487,-0.0080156925295953,0.0413712301587301,-0.0020039231323988,0.0310284226190476,0.0037795546297841,0.0037795546297841,0.4356330862417858,0.1217622865741211,0.0762951880284981,0.0,0.0,0.016887217222563,0.0,0.0,0.0052399999999999,0.0441212301587301,-0.00275,0.0235,0.099,-0.0038711152414584,-0.0009372772441969,-0.0029338379972614,0.309424461156894,0.1627588416139284,0.1466656195429655,0.9122995138168336,0.8021240830421448,8328,6603,0,0.4527388883961571,0.9868529970829304,6,8,14931,8328,6603,0.0731074627090184,cuda,67.3984375,,,,,,,,,,,,
48,89,200,True,1066,1066,844,554,290,68,222,0.3436018957345971,0.0805687203791469,0.2630331753554502,0.3808664259927797,2.149819494584837,0.7340132456393879,14.801007121048247,28.67221527656924,0.5882577854219155,0.5265795179114875,0.1878195486740891,0.143317807491008,0.1427567813222696,0.5237712425714366,0.2015377355383083,0.1626073622971854,0.1377790423466518,0.0028082753400509,-0.0137181868642191,-0.0192895548061773,0.0049777389756178,11.687203791469194,11.687203791469194,9.22037914691943,0.5154028436018957,0.1525841103344516,0.0889582843166496,-0.1014926983427761,-0.1225326054695093,844,222,0,222,1.0,1.8414634146341464,1.8414634146341464,2.321090047393365,79.71013012225232,45.42252126214313,-5.0831334997616215,50.50565476190474,0.9085582963990076,125.13265138439544,0.0398550650611261,0.0227112606310715,0.0625663256921977,0.8,228,160,68,57,0,155,96.28333333333332,69.54087301587306,2,55,2.0,2.0,68,0,222,68,0,68,222,0,4582.917035910394,458.2917035910394,9915.234212446172,991.5234212446172,424.67784362103225,42.46778436210322,5772.343516442884,577.2343516442884,4220.0,422.0,0,0,0.0481416666666666,-0.0011,0.0481416666666666,-0.0011,0.0,0.0,0.0481416666666666,0.001,0.0664994211146059,0.1318238145318909,-0.1127243972302611,0.0029879480431565,0.000488658638964,-0.0118507204643934,-0.0016385416923185,-0.00102,-0.0004285416923185,-0.00019,0.0,0.0,0.0,0.0,0.0,0.000488658638964,0.0067086586389639,0.0481416666666666,0.000488658638964,0.0,0.0,0.0398550650611264,0.0227112606310715,-0.0101662669995232,0.0336704365079365,-0.0025415667498808,0.0252528273809523,0.0029879480431565,0.0029879480431565,0.4585932348452133,0.139182449524975,0.116940984085111,0.0,0.0,0.0096795043911699,0.0,0.0,0.0062199999999999,0.0347704365079365,-0.0011,0.034,0.111,-0.0038711152414584,-0.0009372772441969,-0.0029338379972614,0.309424461156894,0.1627588416139284,0.1466656195429655,0.9122995138168336,0.8021240830421448,8328,6603,0,0.4527388883961571,0.9868529970829304,6,8,14931,8328,6603,0.0731074627090184,cuda,67.3984375,,,,,,,,,,,,
49,90,200,True,1009,1009,829,543,286,65,221,0.3449939686369119,0.0784077201447527,0.2665862484921592,0.4180478821362799,2.05340699815838,0.738429044848428,14.636290281517072,26.76018875189688,0.5721477479364124,0.4821278356001961,0.1740503258296523,0.0837969798577561,0.1468695297727488,0.475086901453538,0.1904712658732251,0.1082528315250406,0.1309106027395301,0.007040934146658,-0.0164209400435727,-0.0244558516672844,0.0159589270332186,9.135102533172496,9.010856453558503,6.658624849215923,0.4330518697225573,0.0468514772674532,0.0999544028703773,-0.129440812939835,-0.0358059482124222,829,180,0,180,1.0,1.940535183349852,1.940535183349852,2.361881785283474,100.33140166604134,63.19928086419169,-4.447742945332101,67.6470238095238,0.9383069930657272,163.53068253023304,0.0501657008330206,0.0315996404320958,0.0817653412651165,0.7509025270758123,208,161,47,69,0,156,121.97619047619044,100.09603174603174,9,60,9.0,9.0,47,0,221,65,0,65,221,0,4835.207322928579,483.5207322928579,10421.027654723224,1042.1027654723223,426.1408013626608,42.61408013626608,6087.00169802466,608.700169802466,4145.0,414.5,0,0,0.0609880952380952,-0.0049499999999999,0.0609880952380952,-0.0049499999999999,0.0,0.0,0.0609880952380952,0.0045,0.0669380708384662,0.1165804167670342,-0.0781463534929603,0.003984719364705,0.0007961232127225,-0.0112973173730653,-0.0015483324495669,-0.000975,-0.0003783324495669,-0.000195,0.0,0.0,0.0,0.0,0.0,0.0007961232127225,0.0068761232127224,0.0609880952380952,0.0007961232127225,0.0,0.0,0.0501657008330212,0.0315996404320958,-0.0088954858906642,0.0450980158730158,-0.002223871472666,0.0338235119047619,0.003984719364705,0.003984719364705,0.4347829706450997,0.1228202221836705,0.0771081975911165,0.0,0.0,0.0196395316502186,0.0,0.0,0.0060799999999999,0.0500480158730158,-0.0049499999999999,0.0325,0.1105,-0.0019693004706549,-0.0008663488758934,-0.0011029515947614,0.2698681581824544,0.1412154601679908,0.1286526980144637,0.9302250146865844,0.8373298645019531,8314,6892,0,0.4116487761338552,0.9298247141497477,7,8,15206,8314,6892,0.0744482417069143,cuda,68.63818359375,,,,,,,,,,,,
50,91,200,True,1066,1066,886,583,303,74,229,0.3419864559819413,0.0835214446952596,0.2584650112866817,0.3276157804459691,2.2847341337907374,0.7192368944196309,14.99884373941307,27.81470050283837,0.600452805402372,0.5215672307470446,0.19552627378375,0.1220627999105722,0.1447573169318265,0.5187369096340487,0.2102871182826739,0.1490351939837466,0.1374756604925079,0.0028303211129958,-0.0147608444989238,-0.0269723940731743,0.0072816564393186,11.034988713318285,11.034988713318285,8.423250564334086,0.5530474040632054,0.0645486565187306,0.0811567545949355,-0.0721076799325259,-0.0583556045604304,886,180,0,180,1.0,1.866791744840525,1.866791744840525,2.2415349887133185,98.49086641237692,58.538039052170056,-5.683966026085003,64.22200507825507,0.918691265763246,157.028905464547,0.0492454332061884,0.029269019526085,0.0785144527322735,0.8666666666666667,234,161,73,36,0,160,119.63571428571429,92.22934010434008,7,29,7.0,6.0,73,0,229,74,0,74,229,0,4413.962066111525,441.3962066111525,9631.902180127494,963.1902180127494,457.10491582522747,45.71049158252275,5562.8337747930445,556.2833774793045,4430.0,443.0,0,0,0.0598178571428571,-0.0038499999999999,0.0598178571428571,-0.0038499999999999,0.0,0.0,0.0598178571428571,0.0035,0.0684629946238097,0.1427930385957994,-0.1125226373044431,0.0031630474225602,0.0003857374595137,-0.0127295994879438,-0.0017996661497385,-0.00111,-0.0004871661497385,-0.0002025,0.0,0.0,0.0,0.0,0.0,0.0003857374595137,0.0069557374595136,0.0598178571428571,0.0003857374595137,0.0,0.0,0.049245433206189,0.029269019526085,-0.01136793205217,0.04281467005217,-0.0028419830130425,0.0321110025391275,0.0031630474225602,0.0031630474225602,0.4649690879256692,0.1536383777810219,0.1125073343887342,0.0,0.0,0.0103174115164576,0.0,0.0,0.0065699999999999,0.04611467005217,-0.0033,0.037,0.1145,-0.0019693004706549,-0.0008663488758934,-0.0011029515947614,0.2698681581824544,0.1412154601679908,0.1286526980144637,0.9302250146865844,0.8373298645019531,8314,6892,0,0.4116487761338552,0.9298247141497477,7,8,15206,8314,6892,0.0744482417069143,cuda,68.63818359375,,,,,,,,,,,,
51,92,200,True,1099,1099,910,526,384,72,312,0.421978021978022,0.0791208791208791,0.3428571428571428,0.3212927756653992,2.2547528517110265,0.694865273942059,15.60840180980842,32.05803448075124,0.5852518704136769,0.5407469417659049,0.1627352603519965,0.1225901953380257,0.1525821227070383,0.534758666140725,0.1842814397983989,0.1440476672555684,0.1435067278506524,0.0059882756251798,-0.0215461794464023,-0.0214574719175427,0.0090753948563858,12.08131868131868,12.08131868131868,9.757142857142858,0.4736263736263736,0.2235496073239076,0.0315911456420199,-0.0115128538455324,-0.0884673838199778,910,189,0,189,1.0,1.7797998180163783,1.7797998180163783,2.1373626373626373,77.82421780870655,35.895460664167366,-5.130756868300181,41.02621753246751,0.8888411353883099,113.71967847287392,0.0389121089043532,0.0179477303320836,0.0568598392364369,0.74822695035461,211,148,63,71,0,144,94.15476190476193,65.70162337662342,10,61,10.0,10.0,62,0,312,72,0,72,312,0,4362.692297236046,436.2692297236046,9437.24260573007,943.7242605730072,404.002418356008,40.4002418356008,5494.274362752519,549.4274362752519,4550.0,455.0,0,0,0.0470773809523809,-0.0054999999999999,0.0470773809523809,-0.0054999999999999,0.0,0.0,0.0470773809523809,0.005,0.0619433188076723,0.1366907540705104,-0.1189672107855693,0.0029439703463817,0.0002710207122426,-0.0111942721252568,-0.0018072305908998,-0.00108,-0.0005097305908998,-0.0002175,0.0,0.0,0.0,0.0,0.0,0.0002710207122426,0.0062510207122426,0.0470773809523809,0.0002710207122426,0.0,0.0,0.0389121089043537,0.0179477303320836,-0.0102615137366003,0.0273508116883117,-0.00256537843415,0.0205131087662337,0.0029439703463817,0.0029439703463817,0.4422551778666292,0.126975815916877,0.1086606070176918,0.0,0.0,0.0110909050436049,0.0,0.0,0.0059799999999999,0.0328508116883117,-0.0054999999999999,0.036,0.156,-0.0019693004706549,-0.0008663488758934,-0.0011029515947614,0.2698681581824544,0.1412154601679908,0.1286526980144637,0.9302250146865844,0.8373298645019531,8314,6892,0,0.4116487761338552,0.9298247141497477,7,8,15206,8314,6892,0.0744482417069143,cuda,68.63818359375,,,,,,,,,,,,
52,93,200,True,1042,1042,865,523,342,60,282,0.3953757225433526,0.0693641618497109,0.3260115606936416,0.3766730401529636,2.170172084130019,0.7312882797895837,14.68759519055514,32.21858173392243,0.6016762619119148,0.5301765667890728,0.20205501709169,0.0525614798699379,0.1498685466805847,0.521159571853696,0.2149039698305253,0.0665549784847562,0.143802429184346,0.0090169949353767,-0.0128489527388352,-0.0139934986148182,0.0060661174962386,11.546820809248556,11.546820809248556,9.26242774566474,0.4450867052023121,0.2154073169776849,0.0561328026510675,-0.0637533860889533,-0.1183092554557647,865,177,0,177,1.0,1.910748560460653,1.910748560460653,2.300578034682081,111.73645744417924,61.83312101678099,-4.6802054363793735,66.51332645316032,0.9342608055512552,173.56957846096026,0.0558682287220896,0.0309165605083904,0.0867847892304801,0.7402135231316725,208,153,55,73,0,152,136.41666666666669,103.18174603174602,16,57,16.0,13.179373418968703,54,0,282,60,0,60,282,0,4587.376222504046,458.7376222504046,9903.362895924727,990.3362895924728,415.131730450503,41.5131730450503,5776.108846088503,577.6108846088503,4325.0,432.5,0,0,0.0682083333333333,-0.0088,0.0682083333333333,-0.0088,0.0,0.0,0.0682083333333333,0.008,0.0658069055966896,0.127482894751423,-0.0995618552426624,0.0036544562554564,0.0006778102771147,-0.0114427885522128,-0.0015202370932236,-0.0009,-0.0004452370932236,-0.000175,0.0,0.0,0.0,0.0,0.0,0.0006778102771147,0.0065078102771146,0.0682083333333333,0.0006778102771147,0.0,0.0,0.0558682287220901,0.0309165605083905,-0.0093604108727587,0.0443422176354402,-0.0023401027181896,0.0332566632265801,0.0036544562554564,0.0036544562554564,0.4385415597367844,0.1328396695249906,0.0476215685670288,0.0,0.0,0.0270299741109736,0.0,0.0,0.0058299999999999,0.051590873015873,-0.0072486553804327,0.03,0.141,-0.0019693004706549,-0.0008663488758934,-0.0011029515947614,0.2698681581824544,0.1412154601679908,0.1286526980144637,0.9302250146865844,0.8373298645019531,8314,6892,0,0.4116487761338552,0.9298247141497477,7,8,15206,8314,6892,0.0744482417069143,cuda,68.63818359375,,,,,,,,,,,,
53,94,200,True,1096,1096,918,610,308,66,242,0.3355119825708061,0.0718954248366013,0.2636165577342048,0.3655737704918033,2.180327868852459,0.7649909510964253,13.93036087692761,32.22877330897284,0.600644044320268,0.5356712233091964,0.2143232951612501,0.1119462225303725,0.1443371102702422,0.5345628904514625,0.2392201092292661,0.1390639131199797,0.1362695811774398,0.0011083328577338,-0.0248968140680159,-0.0271176905896071,0.0080675290928023,12.647058823529411,12.55119825708061,10.006535947712418,0.5239651416122004,0.1411137469509371,0.047508436978442,-0.1134143376086198,-0.1097398041713129,918,178,0,178,1.0,1.8102189781021896,1.8102189781021896,2.15359477124183,86.46265044733907,46.8600384382132,-5.389961561786798,52.24999999999997,0.9064891541260126,133.32268888555228,0.0432313252236695,0.0234300192191066,0.0666613444427761,0.8695652173913043,240,151,89,36,0,149,104.45,70.76666666666668,1,35,1.0,1.0,87,0,242,66,0,66,242,0,4377.907636901812,437.7907636901812,9536.175188169236,953.6175188169236,447.64175589731735,44.764175589731735,5512.467788962975,551.2467788962974,4590.0,459.0,0,0,0.0522249999999999,-0.00055,0.0522249999999999,-0.00055,0.0,0.0,0.0522249999999999,0.0005,0.0641742006135867,0.1488528462687145,-0.1403000670600114,0.0039220367862578,0.0004966261183475,-0.0133233769668964,-0.0015803242402734,-0.00099,-0.0004228242402734,-0.0001675,0.0,0.0,0.0,0.0,0.0,0.0004966261183475,0.0072566261183474,0.0522249999999999,0.0004966261183475,0.0,0.0,0.0432313252236701,0.0234300192191066,-0.0107799231235735,0.0348333333333333,-0.0026949807808933,0.0261249999999999,0.0039220367862578,0.0039220367862578,0.470121735395779,0.1715568760090057,0.1045289973521209,0.0,0.0,0.0089327721315554,0.0,0.0,0.0067599999999999,0.0353833333333333,-0.00055,0.033,0.121,-0.0019693004706549,-0.0008663488758934,-0.0011029515947614,0.2698681581824544,0.1412154601679908,0.1286526980144637,0.9302250146865844,0.8373298645019531,8314,6892,0,0.4116487761338552,0.9298247141497477,7,8,15206,8314,6892,0.0744482417069143,cuda,68.63818359375,,,,,,,,,,,,
54,95,200,True,1038,1038,864,603,261,50,211,0.3020833333333333,0.0578703703703703,0.2442129629629629,0.3565505804311774,2.2122719734660032,0.7541260614521665,14.03660331080802,30.01254064437762,0.6034421339608589,0.5494301554624912,0.2178281687484254,0.1253880908362147,0.1428833231329918,0.5417047966870898,0.2391521543431193,0.1481194466809629,0.1404346593780749,0.0077253587754013,-0.0213239855946938,-0.0227313558447481,0.0024486637549168,13.84722222222222,13.84722222222222,11.150462962962964,0.5532407407407407,0.146023136889586,0.072901291107877,-0.1173478634010461,-0.0600488798134417,864,174,0,174,1.0,1.915221579961464,1.915221579961464,2.297453703703704,85.61579685549131,38.053434313279205,-6.006860600140709,44.06029491341989,0.8800239290903242,123.66923116877052,0.0428078984277456,0.0190267171566396,0.0618346155843852,0.7979094076655052,229,159,70,58,0,157,103.4190476190476,68.64705988455992,9,49,9.0,9.0,68,0,211,50,0,50,211,0,4585.184511080542,458.5184511080541,9993.804102021362,999.3804102021362,470.0554834119066,47.00554834119066,5776.072208997187,577.6072208997186,4320.0,432.0,0,0,0.0517095238095237,-0.00495,0.0517095238095237,-0.00495,0.0,0.0,0.0517095238095237,0.0045,0.0676835485510191,0.1499799088038977,-0.1466764368388823,0.0021585740693853,0.000671396900633,-0.0132318402468295,-0.0012508924717514,-0.00075,-0.0003633924717514,-0.0001375,0.0,0.0,0.0,0.0,0.0,0.000671396900633,0.0072013969006329,0.0517095238095237,0.000671396900633,0.0,0.0,0.0428078984277461,0.0190267171566395,-0.0120137212002814,0.0293735299422799,-0.0030034303000703,0.0220301474567099,0.0021585740693853,0.0021585740693853,0.484638192040137,0.1624458223407989,0.1196221797057521,0.0,0.0,0.0138704172729004,0.0,0.0,0.0065299999999999,0.0343235299422799,-0.00495,0.025,0.1055,-0.0019693004706549,-0.0008663488758934,-0.0011029515947614,0.2698681581824544,0.1412154601679908,0.1286526980144637,0.9302250146865844,0.8373298645019531,8314,6892,0,0.4116487761338552,0.9298247141497477,7,8,15206,8314,6892,0.0744482417069143,cuda,68.63818359375,,,,,,,,,,,,
55,96,200,True,1026,1026,828,527,301,54,247,0.3635265700483092,0.0652173913043478,0.2983091787439613,0.396584440227704,2.0891840607210628,0.7360252460616815,14.46247253743702,31.28446128630774,0.6042748113421879,0.5346136555725981,0.1838403576543197,0.0668861067339608,0.1500787035168009,0.5218405973809493,0.1939541835945799,0.089174358520579,0.1445008820590812,0.0127730581916487,-0.0101138259402601,-0.0222882517866182,0.0055778214577196,11.53623188405797,11.53623188405797,9.189613526570048,0.4879227053140096,0.2172898923303901,-0.0143132143435487,-0.0568450105587622,-0.1069748383601535,828,198,0,198,1.0,1.9337231968810915,1.9337231968810915,2.3816425120772946,113.12897735756324,65.49950016264371,-4.672253084109553,70.17175324675324,0.937573450257928,178.62847752020696,0.0565644886787816,0.0327497500813218,0.0893142387601034,0.7056737588652482,199,161,38,83,1,159,138.2,104.56233766233768,11,72,11.0,10.0,38,0,247,54,0,54,247,0,4512.421896844291,451.2421896844291,9814.162033249995,981.4162033249996,449.41148788763,44.941148788763,5684.439692924619,568.4439692924618,4140.0,414.0,0,0,0.0691,-0.00605,0.0691,-0.00605,0.0,0.0,0.0691,0.0055,0.0681954385773404,0.127320171246919,-0.0957309250387959,0.0036510347710792,0.0006124433939079,-0.0115801027302394,-0.0013543958866605,-0.00081,-0.0003968958866605,-0.0001475,0.0,0.0,0.0,0.0,0.0,0.0006124433939079,0.0064224433939078,0.0691,0.0006124433939079,0.0,0.0,0.056564488678782,0.0327497500813217,-0.0093445061682191,0.0467811688311688,-0.0023361265420547,0.0350858766233766,0.0036510347710792,0.0036510347710792,0.4344782081800937,0.1312938397144403,0.0678853176891478,0.0,0.0,0.0167488716238975,0.0,0.0,0.0058099999999999,0.0522811688311688,-0.0055,0.027,0.1235,-0.0019693004706549,-0.0008663488758934,-0.0011029515947614,0.2698681581824544,0.1412154601679908,0.1286526980144637,0.9302250146865844,0.8373298645019531,8314,6892,0,0.4116487761338552,0.9298247141497477,7,8,15206,8314,6892,0.0744482417069143,cuda,68.63818359375,,,,,,,,,,,,
56,97,200,True,938,938,792,541,251,72,179,0.3169191919191919,0.0909090909090909,0.226010101010101,0.388170055452865,2.164510166358596,0.7376065643128978,14.474483976522787,30.56842806530417,0.5878665485368119,0.5182355745607736,0.1640589307931677,0.117604287608067,0.1429217121014698,0.5122143475824275,0.1710609424026087,0.1569473669653786,0.1371241540625664,0.0060212269783461,-0.007002011609441,-0.0393430793573115,0.0057975580389034,11.75378787878788,11.75378787878788,9.113636363636363,0.5391414141414141,0.1837505310905622,0.0936237771861144,0.0221581481425801,-0.1065865082190603,792,146,0,146,1.0,1.943496801705757,1.943496801705757,2.301767676767677,90.98023701302452,56.72238779446104,-4.861682302109089,61.58407009657008,0.9268323086637854,147.70262480748556,0.0454901185065122,0.0283611938972305,0.0738513124037427,0.7793594306049823,219,149,70,62,0,147,112.4797619047619,84.31209346209347,2,60,2.0,2.0,69,0,179,72,1,72,179,0,4419.797925425496,441.9797925425496,9325.38852128013,932.5388521280132,413.5821822850827,41.35821822850827,5564.774404691332,556.4774404691332,3960.0,396.0,0,1,0.0562398809523809,-0.0011,0.0562398809523809,-0.0011,0.0,0.0,0.0562398809523809,0.001,0.0631905800817901,0.1275366649070653,-0.1090086958692262,0.0032802929801538,0.0003610687230376,-0.0115649382628519,-0.001697016441156,-0.00108,-0.000422016441156,-0.000195,0.0,0.0,0.0,-0.001,-0.001,0.0003610687230376,0.0064910687230375,0.0552398809523809,0.0003610687230376,0.0,0.0,0.0454901185065128,0.0283611938972304,-0.0097233646042181,0.0410560467310467,-0.0024308411510545,0.030792035048285,0.0032802929801538,0.0032802929801538,0.4372094895620678,0.1199210077393302,0.1231129038778895,0.0,0.0,0.0100555866245878,0.0,0.0,0.0061299999999999,0.0421560467310467,-0.0011,0.036,0.0895,-0.0019693004706549,-0.0008663488758934,-0.0011029515947614,0.2698681581824544,0.1412154601679908,0.1286526980144637,0.9302250146865844,0.8373298645019531,8314,6892,0,0.4116487761338552,0.9298247141497477,7,8,15206,8314,6892,0.0744482417069143,cuda,68.63818359375,,,,,,,,,,,,
57,98,200,True,1047,1047,914,614,300,44,256,0.3282275711159737,0.0481400437636761,0.2800875273522976,0.3648208469055374,2.237785016286645,0.7721207596191754,13.672620625759958,29.02266415002292,0.581520499739491,0.5413520038613279,0.1969327941803862,0.0551160583082974,0.1599887066190085,0.5309804166130212,0.2113270468142259,0.0735628670068224,0.1467126545250561,0.0103715872483066,-0.0143942526338397,-0.0184468086985249,0.0132760520939524,12.285557986870897,12.285557986870897,9.793216630196936,0.5306345733041575,0.1283085796159219,0.1020999876847088,-0.0488527987347639,-0.1052246249128586,914,133,0,133,1.0,1.872970391595033,1.872970391595033,2.1455142231947484,107.96981003189023,59.11980044639908,-5.057580505981852,64.17738095238093,0.9269504828276184,167.0896104782893,0.0539849050159451,0.0295599002231995,0.0835448052391446,0.8381294964028777,233,164,69,45,0,159,131.47619047619045,92.16984126984126,6,39,6.0,6.0,69,0,256,44,0,44,256,0,4601.896986875097,460.18969868750975,9973.50472118747,997.350472118747,436.9947571119246,43.69947571119246,5796.445684615643,579.6445684615643,4570.0,457.0,0,0,0.0657380952380952,-0.0033,0.0657380952380952,-0.0033,0.0,0.0,0.0657380952380952,0.003,0.0681736174935845,0.1456104010376829,-0.1148921586506573,0.0038860205224628,0.0003921441273448,-0.0129837667977429,-0.0011152736280426,-0.00066,-0.0003327736280426,-0.0001225,0.0,0.0,0.0,0.0,0.0,0.0003921441273448,0.0069721441273447,0.0657380952380952,0.0003921441273448,0.0,0.0,0.0539849050159457,0.0295599002231995,-0.0101151610119637,0.0427849206349206,-0.0025287902529909,0.0320886904761904,0.0038860205224628,0.0038860205224628,0.4556955817559489,0.1464140672419148,0.057804200618052,0.0,0.0,0.0072794449009227,0.0,0.0,0.0065799999999999,0.0460849206349206,-0.0033,0.022,0.128,-0.0035358629534519,-0.001748923692503,-0.0017869392609489,0.2598398932122758,0.1298812413588166,0.1299586518534592,0.9336224794387816,0.7873034477233887,8135,7048,0,0.3531858585774898,0.991705401454653,8,8,15183,8135,7048,0.0723567135276657,cuda,70.431640625,,,,,,,,,,,,
58,99,200,True,1047,1047,904,597,307,59,248,0.3396017699115044,0.0652654867256637,0.2743362831858407,0.3400335008375209,2.2428810720268006,0.7610051355869127,14.033057952446354,30.91970073997076,0.5823896221553874,0.5568484672948942,0.2109283844892004,0.0964582617974947,0.1560114426553948,0.550397311273332,0.2169462908012558,0.1274218693427457,0.1439834292478846,0.0064511560215622,-0.0060179063120554,-0.030963607545251,0.0120280134075101,13.00995575221239,13.00995575221239,10.491150442477876,0.5143805309734514,0.0953629907761887,0.0923155795568338,0.0234730528929055,-0.0535008189968624,904,143,0,143,1.0,1.893027698185292,1.893027698185292,2.1924778761061945,95.19688677289784,50.57622537565248,-5.624036818183502,56.20026219383594,0.909031935532498,145.7731121485503,0.0475984433864489,0.0252881126878262,0.0728865560742751,0.8220640569395018,231,163,68,50,0,161,115.46904761904756,76.5011904761905,2,48,2.0,1.425006864614427,68,0,248,59,0,59,248,0,4670.974279867818,467.0974279867818,10085.689366145429,1008.5689366145428,421.97096469360827,42.19709646936083,5881.584754947484,588.1584754947484,4520.0,452.0,0,0,0.0577345238095237,-0.0011,0.0577345238095237,-0.0011,0.0,0.0,0.0577345238095237,0.001,0.0692540335442674,0.1477039090278694,-0.1365139292059626,0.0024424662146208,0.0004941216941492,-0.0126431492533412,-0.0013702925447056,-0.000885,-0.0003127925447056,-0.0001725,0.0,0.0,0.0,0.0,0.0,0.0004941216941492,0.0070541216941491,0.0577345238095237,0.0004941216941492,0.0,0.0,0.0475984433864494,0.0252881126878262,-0.011248073636367,0.0374668414625573,-0.0028120184090917,0.0281001310969179,0.0024424662146208,0.0024424662146208,0.4806867050011861,0.1601461831638232,0.1041191050843729,0.0,0.0,0.0084619197421964,0.0,0.0,0.0065599999999999,0.0382505952380952,-0.0007837537755379,0.0295,0.124,-0.0035358629534519,-0.001748923692503,-0.0017869392609489,0.2598398932122758,0.1298812413588166,0.1299586518534592,0.9336224794387816,0.7873034477233887,8135,7048,0,0.3531858585774898,0.991705401454653,8,8,15183,8135,7048,0.0723567135276657,cuda,70.431640625,,,,,,,,,,,,
59,100,200,True,1086,1086,943,691,252,65,187,0.2672322375397667,0.0689289501590668,0.1983032873806998,0.4095513748191027,2.08972503617945,0.7700641458010363,13.814067327165397,27.362737192948888,0.561618252925185,0.5179260073798437,0.2096211466501573,0.1261808170246933,0.1483688650305036,0.5106103347584756,0.2275691857984675,0.1499447834746394,0.135495395969745,0.0073156726213681,-0.0179480391483101,-0.0237639664499461,0.0128734690607585,12.030752916224817,12.030752916224817,9.304347826086955,0.5471898197242842,0.1296426105051354,0.072170126550916,-0.0918286328021686,-0.0533340816907948,943,143,0,143,1.0,1.8278084714548803,1.8278084714548803,2.1039236479321315,90.7851058426487,49.30786200464382,-6.119221328689483,55.42708333333332,0.9005753251589554,140.09296784729253,0.0453925529213243,0.0246539310023219,0.0700464839236462,0.8805970149253731,236,163,73,32,0,161,109.4166666666666,79.4027777777778,5,27,5.0,5.0,72,0,187,65,0,65,187,0,4411.819091459716,441.1819091459717,9645.50397585772,964.550397585772,473.3650787256829,47.33650787256829,5559.951228901822,555.9951228901822,4715.0,471.5,0,0,0.0547083333333333,-0.00275,0.0547083333333333,-0.00275,0.0,0.0,0.0547083333333333,0.0025,0.0686403060672976,0.1625340118752938,-0.1391525947941656,0.0033006990667785,0.0005694312732884,-0.0141119350135156,-0.001557883543606,-0.000975,-0.000380383543606,-0.0002025,0.0,0.0,0.0,0.0,0.0,0.0005694312732884,0.0081294312732883,0.0547083333333333,0.0005694312732884,0.0,0.0,0.045392552921325,0.0246539310023219,-0.0122384426573789,0.0369513888888889,-0.0030596106643447,0.0277135416666666,0.0033006990667785,0.0033006990667785,0.4746796620599157,0.1656153153110355,0.1151210160784782,0.0,0.0,0.0067719472418543,0.0,0.0,0.0075599999999998,0.0397013888888888,-0.00275,0.0325,0.0935,-0.0035358629534519,-0.001748923692503,-0.0017869392609489,0.2598398932122758,0.1298812413588166,0.1299586518534592,0.9336224794387816,0.7873034477233887,8135,7048,0,0.3531858585774898,0.991705401454653,8,8,15183,8135,7048,0.0723567135276657,cuda,70.431640625,,,,,,,,,,,,
60,101,200,True,937,937,833,668,165,76,89,0.198079231692677,0.0912364945978391,0.1068427370948379,0.3697604790419161,2.2230538922155687,0.7649450899062756,13.691988706588743,27.80189352478096,0.5813062348893009,0.5341211015102035,0.2218215314303329,0.113476654198188,0.1533725376569939,0.528402518101795,0.2360258803279055,0.1421315765128928,0.1414668504371793,0.0057185834084085,-0.0142043488975726,-0.0286549223147048,0.0119056872198146,15.3937575030012,15.3937575030012,12.285714285714286,0.6446578631452581,0.172413850628069,0.0600066849832194,-0.1246482627888034,-0.0937290556025689,833,104,0,104,1.0,2.0,2.0,2.2496998799519807,96.2176474094528,43.20290112901432,-6.074229032490831,49.27713016150516,0.890260526192287,139.42054853846713,0.0481088237047264,0.0216014505645071,0.0697102742692335,0.7972027972027972,228,169,59,58,0,165,118.1785714285714,75.60284021534025,10,48,10.0,9.0,59,0,89,76,1,76,89,0,4835.758692563954,483.5758692563954,10250.83836210625,1025.083836210625,472.751595921744,47.2751595921744,6090.519303897371,609.0519303897371,4165.0,416.5,0,1,0.0590892857142856,-0.0055,0.0590892857142856,-0.0055,0.0,0.0,0.0590892857142856,0.005,0.0705209891296916,0.1643497432930868,-0.1313024510743838,0.0029537272622946,0.0007469756664891,-0.0141204569090452,-0.0018679448924931,-0.00114,-0.0005204448924931,-0.0002075,0.0,0.0,0.0,-0.001,-0.001,0.0007469756664891,0.008186975666489,0.0580892857142856,0.0007469756664891,0.0,0.0,0.0481088237047272,0.0216014505645071,-0.0121484580649816,0.0328514201076701,-0.0030371145162454,0.0246385650807525,0.0029537272622946,0.0029537272622946,0.5165020104449398,0.1875819328191152,0.1160150569448139,0.0,0.0,0.0107951166095283,0.0,0.0,0.0074399999999998,0.0378014201076701,-0.00495,0.038,0.0445,-0.0035358629534519,-0.001748923692503,-0.0017869392609489,0.2598398932122758,0.1298812413588166,0.1299586518534592,0.9336224794387816,0.7873034477233887,8135,7048,0,0.3531858585774898,0.991705401454653,8,8,15183,8135,7048,0.0723567135276657,cuda,70.431640625,,,,,,,,,,,,
61,102,200,True,1043,1043,895,638,257,49,208,0.2871508379888268,0.0547486033519553,0.2324022346368715,0.3448275862068966,2.2789968652037618,0.765820290764858,13.849581699012589,28.33291475152521,0.5904086452628633,0.5599331558684943,0.2201905666287042,0.1110928572034083,0.1503006484575546,0.5519839311982023,0.2287845821222027,0.1420653696204054,0.1391316008400814,0.007949224670292,-0.0085940154934985,-0.030972512416997,0.0111690476174731,13.158659217877094,13.158659217877094,10.320670391061451,0.5899441340782123,0.1138303979437532,0.0677485880383819,-0.1214733688734395,-0.0990441374148739,895,148,0,148,1.0,1.909875359539789,1.909875359539789,2.223463687150838,84.71549406934115,40.38945129529997,-5.880340371366694,46.269791666666656,0.8872420808622664,125.10494536464113,0.0423577470346705,0.0201947256476499,0.0625524726823205,0.856140350877193,244,171,73,41,0,170,102.2595238095238,64.99305555555554,3,38,3.0,3.0,73,0,208,49,0,49,208,0,4624.02403968008,462.402403968008,10052.9290453296,1005.29290453296,458.5086503519515,45.85086503519515,5824.572059303562,582.4572059303562,4475.0,447.5,0,0,0.0511297619047619,-0.00165,0.0511297619047619,-0.00165,0.0,0.0,0.0511297619047619,0.0015,0.0723474804253314,0.1547614238801588,-0.1391795259890033,0.002980536450624,0.0003996875543053,-0.0136974805675419,-0.0012175407854164,-0.000735,-0.0003525407854164,-0.00013,0.0,0.0,0.0,0.0,0.0,0.0003996875543053,0.0072696875543052,0.0511297619047619,0.0003996875543053,0.0,0.0,0.042357747034671,0.0201947256476499,-0.0117606807427333,0.0308465277777778,-0.0029401701856833,0.0231348958333333,0.002980536450624,0.002980536450624,0.4925650369102569,0.1631309031834157,0.1183248104211262,0.0,0.0,0.0057858589929636,0.0,0.0,0.0068699999999998,0.0324965277777778,-0.00165,0.0245,0.104,-0.0035358629534519,-0.001748923692503,-0.0017869392609489,0.2598398932122758,0.1298812413588166,0.1299586518534592,0.9336224794387816,0.7873034477233887,8135,7048,0,0.3531858585774898,0.991705401454653,8,8,15183,8135,7048,0.0723567135276657,cuda,70.431640625,,,,,,,,,,,,
62,103,200,True,1028,1028,890,645,245,75,170,0.2752808988764045,0.0842696629213483,0.1910112359550561,0.3550387596899225,2.2031007751937985,0.7652716001336889,13.837664916164192,25.672345319644425,0.5809601215742684,0.5115227329407551,0.2842544854207094,0.1633355923516805,0.1314373149110596,0.5079204943522002,0.2889999796297083,0.1949029971130712,0.118838055492487,0.0036022385885549,-0.0047454942089989,-0.0315674047613906,0.0125992594185725,11.878651685393258,11.878651685393258,9.15505617977528,0.5258426966292135,0.0142049175168404,0.126405063077592,-0.2063066055991588,-0.0722892830974604,890,138,0,138,1.0,1.9221789883268483,1.9221789883268483,2.2202247191011235,75.5510712309291,40.21585164394631,-6.251481023386353,46.46733266733266,0.8814184048210685,115.7669228748754,0.0377755356154645,0.0201079258219731,0.0578834614374377,0.7874564459930313,226,161,65,61,0,158,90.64999999999998,66.35644355644361,5,56,5.0,4.0,65,0,170,75,0,75,170,0,4772.314641209899,477.2314641209898,10360.08320627762,1036.0083206277618,464.1247749955678,46.41247749955678,6011.255364097469,601.1255364097469,4450.0,445.0,0,0,0.0453249999999999,-0.00275,0.0453249999999999,-0.00275,0.0,0.0,0.0453249999999999,0.0025,0.0679402058752611,0.1487563912959155,-0.1521247982885346,0.0025489646610452,0.0003776780773226,-0.0136261555627026,-0.0017277899928536,-0.001125,-0.0004002899928536,-0.0002025,0.0,0.0,0.0,0.0,0.0,0.0003776780773226,0.0075776780773225,0.0453249999999999,0.0003776780773226,0.0,0.0,0.0377755356154651,0.0201079258219731,-0.0125029620467727,0.0309782217782217,-0.0031257405116931,0.0232336663336663,0.0025489646610452,0.0025489646610452,0.4974612748942052,0.2051642886611945,0.1509682501126276,0.0,0.0,0.0067189522143544,0.0,0.0,0.0071999999999998,0.0331782217782218,-0.0022,0.0375,0.085,-0.0035358629534519,-0.001748923692503,-0.0017869392609489,0.2598398932122758,0.1298812413588166,0.1299586518534592,0.9336224794387816,0.7873034477233887,8135,7048,0,0.3531858585774898,0.991705401454653,8,8,15183,8135,7048,0.0723567135276657,cuda,70.431640625,,,,,,,,,,,,
63,104,200,True,1014,1014,858,614,244,58,186,0.2843822843822843,0.0675990675990676,0.2167832167832167,0.4397394136807817,2.034201954397394,0.7606155302023655,14.005280295878356,24.98402520737547,0.54234457780801,0.4879559201555454,0.2061883053448087,0.1562491351850816,0.1442277909420333,0.4846173716096226,0.2232111730530906,0.192695683979047,0.1273166521191475,0.0033385485459228,-0.0170228677082819,-0.0364465487939654,0.0169111388228858,10.044289044289044,10.044289044289044,7.46037296037296,0.4953379953379953,0.157232539720421,0.0844978647787105,-0.1195506824467252,-0.1051793449323048,858,156,0,156,1.0,1.940828402366864,1.940828402366864,2.2902097902097904,95.62522581052409,54.1608480048326,-4.686071807810893,58.846919812643485,0.9262419148179666,149.7860738153567,0.047812612905262,0.0270804240024163,0.0748930369076783,0.7269503546099291,205,159,46,77,0,155,115.9293401043401,87.26255975019133,11,66,11.0,8.0,44,0,186,58,0,58,186,0,4664.07424846686,466.407424846686,10131.711361850228,1013.1711361850228,465.92595325708464,46.59259532570847,5873.593462913454,587.3593462913453,4290.0,429.0,0,0,0.05796467005217,-0.00605,0.05796467005217,-0.00605,0.0,0.0,0.05796467005217,0.0055,0.0662882410527026,0.1320344242549267,-0.1115256491185686,0.0041325933207722,0.00048438431763,-0.0121090753009602,-0.0013344485030333,-0.00087,-0.0003019485030333,-0.0001625,0.0,0.0,0.0,0.0,0.0,0.00048438431763,0.0072043843176299,0.05796467005217,0.00048438431763,0.0,0.0,0.0478126129052627,0.0270804240024163,-0.0093721436156217,0.0392312798750956,-0.0023430359039054,0.0294234599063217,0.0041325933207722,0.0041325933207722,0.481404238726251,0.1758312442846161,0.161764667576165,0.0,0.0,0.0150430614357595,0.0,0.0,0.0067199999999999,0.0436312798750956,-0.0044,0.029,0.093,-0.0035358629534519,-0.001748923692503,-0.0017869392609489,0.2598398932122758,0.1298812413588166,0.1299586518534592,0.9336224794387816,0.7873034477233887,8135,7048,0,0.3531858585774898,0.991705401454653,8,8,15183,8135,7048,0.0723567135276657,cuda,70.431640625,,,,,,,,,,,,
64,105,200,True,933,933,811,606,205,72,133,0.2527743526510481,0.0887792848335388,0.1639950678175092,0.429042904290429,2.0742574257425743,0.762331023025434,14.031220193743312,28.53102107926367,0.5612765147389918,0.5360547910773321,0.1862695909569365,0.1347458020787034,0.1559084884533443,0.5317139659728548,0.197740576319126,0.1685727369777932,0.1419734157185399,0.0043408251044773,-0.0114709853621894,-0.0338269348990897,0.0139350727348044,14.53514180024661,14.53514180024661,11.69173859432799,0.5844636251541308,0.1567670485032396,-0.0012910124046379,-0.0943167720240112,-0.1816916482963355,811,122,0,122,1.0,1.988210075026796,1.988210075026796,2.2872996300863133,107.93253233691333,66.74070303826672,-5.718521324225312,72.45922436249201,0.9268523123301456,174.67323537518,0.0539662661684566,0.0333703515191333,0.08733661768759,0.823943661971831,234,177,57,50,0,170,133.21865079365074,101.77653628322297,6,44,6.0,4.694761030212312,57,0,133,72,1,72,133,0,4759.77397084725,475.977397084725,10075.712239029195,1007.5712239029197,448.9405959088161,44.89405959088161,5997.563010540537,599.7563010540537,4055.0,405.5,0,1,0.0666093253968253,-0.0033,0.0666093253968253,-0.0033,0.0,0.0,0.0666093253968253,0.003,0.0721729119087436,0.1453092294783479,-0.1260015584992779,0.002311071822623,0.0006140292549818,-0.0123684933942879,-0.0017220052818596,-0.00108,-0.0004420052818596,-0.0002,0.0,0.0,0.0,-0.001,-0.001,0.0006140292549818,0.0073940292549817,0.0656093253968253,0.0006140292549818,0.0,0.0,0.0539662661684573,0.0333703515191333,-0.0114370426484506,0.0483061495749947,-0.0028592606621126,0.036229612181246,0.002311071822623,0.002311071822623,0.4904560553893007,0.1437947652064127,0.1250856578360648,0.0,0.0,0.0118611863915079,0.0,0.0,0.0067799999999999,0.0508882681416114,-0.0025821185666167,0.036,0.0665,-0.0035358629534519,-0.001748923692503,-0.0017869392609489,0.2598398932122758,0.1298812413588166,0.1299586518534592,0.9336224794387816,0.7873034477233887,8135,7048,0,0.3531858585774898,0.991705401454653,8,8,15183,8135,7048,0.0723567135276657,cuda,70.431640625,,,,,,,,,,,,
65,106,200,True,996,996,888,623,265,64,201,0.2984234234234234,0.072072072072072,0.2263513513513513,0.3723916532905297,2.203852327447833,0.7678485318994446,13.870690388625928,28.36693927793977,0.5583053159447691,0.5497856768712186,0.2385725846176258,0.1335468732551589,0.1593570560157107,0.5504860416365664,0.2571683781607193,0.1649342818244735,0.1413653489698567,-0.0007003647653478,-0.0185957935430934,-0.0313874085693146,0.0179917070458539,14.094594594594597,14.094594594594597,11.390765765765764,0.5743243243243243,0.0592529993855271,0.0579657251397101,-0.0847265129025432,-0.1320473506236367,888,108,0,108,1.0,1.8534136546184736,1.8534136546184736,2.06981981981982,87.32032272744618,47.33820732405579,-5.5125179922945735,52.85072531635033,0.9055481210469664,134.65853005150197,0.043660161363723,0.0236691036620278,0.0673292650257509,0.775438596491228,221,149,72,64,0,146,107.33690476190478,82.56763375513374,11,53,11.0,11.0,70,0,201,64,1,64,201,0,4232.843245510919,423.2843245510919,8988.340715513943,898.8340715513943,435.6788746974827,43.56788746974827,5331.292787800659,533.129278780066,4440.0,444.0,0,1,0.0536684523809523,-0.0060499999999999,0.0536684523809523,-0.0060499999999999,0.0,0.0,0.0536684523809523,0.0055,0.0624972108762449,0.1558841764081836,-0.1535273088126079,0.0027859314829409,0.0007569972948057,-0.0126481531460729,-0.0015936726451646,-0.00096,-0.0004586726451646,-0.000175,0.0,0.0,0.0,-0.001,-0.001,0.0007569972948057,0.0076269972948056,0.0526684523809523,0.0007569972948057,0.0,0.0,0.0436601613637236,0.0236691036620278,-0.0110250359845891,0.0352338168775668,-0.0027562589961472,0.0264253626581751,0.0027859314829409,0.0027859314829409,0.4648627557990393,0.1735003559233403,0.1165554604557923,0.0,0.0,0.0114275270136682,0.0,0.0,0.0068699999999998,0.0412838168775668,-0.0060499999999999,0.032,0.1005,0.0032984425458643,0.0079683313353194,-0.004669888789455,0.2516983515024185,0.1309526552756627,0.1207456962267557,0.9347790479660034,0.8331320881843567,8248,7332,0,0.319198101096683,0.961957950592041,9,8,15580,8248,7332,0.0757192188291574,cuda,71.6240234375,,,,,,,,,,,,
66,107,200,True,1083,1083,980,740,240,69,171,0.2448979591836734,0.0704081632653061,0.1744897959183673,0.3310810810810811,2.225675675675676,0.7824048971807634,13.52042451420346,29.00387182932448,0.5737903882856354,0.5375110179588601,0.2299314713004875,0.1186582534655777,0.1543055658404891,0.5363574941214677,0.2383084639403465,0.1481639418291633,0.1411060027023022,0.0011535238373924,-0.0083769926398589,-0.0295056883635855,0.0131995631381869,13.809183673469388,13.809183673469388,10.859183673469389,0.6122448979591837,0.171361034253863,0.009707203279773,-0.1182056832379152,-0.0987865043065815,980,103,0,103,1.0,1.840258541089566,1.840258541089566,2.033673469387755,94.64724559358888,47.33257602049856,-6.810000153327605,54.14257617382615,0.8882737931080065,141.97982161408746,0.0473236227967944,0.0236662880102492,0.0709899108070437,0.8432055749128919,242,168,74,45,0,167,114.06666666666668,78.79010156510155,6,39,6.0,6.0,70,0,171,69,0,69,171,0,4389.932935985378,438.9932935985378,9643.990697221812,964.3990697221813,506.0181035453673,50.60181035453673,5531.314469644452,553.1314469644452,4900.0,490.0,0,0,0.0570333333333333,-0.0033,0.0570333333333333,-0.0033,0.0,0.0,0.0570333333333333,0.003,0.0707636015149631,0.1815006506287265,-0.1643313953401481,0.0032862267379399,0.0003947806506389,-0.0154401777326736,-0.0016523407875055,-0.001035,-0.0004323407875055,-0.000185,0.0,0.0,0.0,0.0,0.0,0.0003947806506389,0.0084847806506387,0.0570333333333333,0.0003947806506389,0.0,0.0,0.047323622796795,0.0236662880102493,-0.0136200003066552,0.0360950507825507,-0.0034050000766638,0.027071288086913,0.0032862267379399,0.0032862267379399,0.497791197777034,0.1772321896970632,0.1183790959353427,0.0,0.0,0.0093394495197547,0.0,0.0,0.0080899999999998,0.0393950507825507,-0.0033,0.0345,0.0855,0.0032984425458643,0.0079683313353194,-0.004669888789455,0.2516983515024185,0.1309526552756627,0.1207456962267557,0.9347790479660034,0.8331320881843567,8248,7332,0,0.319198101096683,0.961957950592041,9,8,15580,8248,7332,0.0757192188291574,cuda,71.6240234375,,,,,,,,,,,,
67,108,200,True,1079,1079,952,730,222,76,146,0.2331932773109243,0.0798319327731092,0.1533613445378151,0.4328767123287671,2.0506849315068494,0.7501332692904015,14.085913352443749,29.35435150445324,0.5725163478838847,0.5315628912555028,0.291672095360413,0.1260180698057049,0.1412107093770006,0.5274546900840654,0.2938580307101652,0.1626748721689394,0.1300771707694416,0.0041082011714373,-0.0021859353497521,-0.0366568023632344,0.0111335386075589,14.742647058823527,14.742647058823527,11.894957983193278,0.5882352941176471,0.149407995631141,0.0668757218985424,-0.1116794997975813,-0.1041956077433814,952,127,0,127,1.0,1.839666357738647,1.839666357738647,2.0840336134453783,95.670052186456,47.89984524446387,-6.339534738298483,54.23937998276232,0.8953508036997816,143.56989743091987,0.047835026093228,0.0239499226222319,0.0717849487154599,0.8592592592592593,232,161,71,38,0,159,115.27142857142852,75.61917331034981,3,35,3.0,3.0,70,0,146,76,0,76,146,0,4480.352490078226,448.0352490078226,9819.271799768308,981.9271799768306,496.52212227487433,49.65221222748743,5643.918192779544,564.3918192779544,4760.0,476.0,0,0,0.0576357142857142,-0.00165,0.0576357142857142,-0.00165,0.0,0.0,0.0576357142857142,0.0015,0.0681589710079408,0.1774142857907857,-0.1898740957896831,0.0037768897083288,0.0005722733232827,-0.0151977066958604,-0.0018766553746273,-0.00114,-0.0005291553746273,-0.0002075,0.0,0.0,0.0,0.0,0.0,0.0005722733232827,0.0086322733232826,0.0576357142857142,0.0005722733232827,0.0,0.0,0.0478350260932288,0.0239499226222319,-0.0126790694765969,0.0361595866551749,-0.0031697673691492,0.0271196899913811,0.0037768897083288,0.0037768897083288,0.508093197762579,0.2348694790404244,0.1307810414405487,0.0,0.0,0.007670270227859,0.0,0.0,0.0080599999999998,0.0378095866551749,-0.00165,0.038,0.073,0.0032984425458643,0.0079683313353194,-0.004669888789455,0.2516983515024185,0.1309526552756627,0.1207456962267557,0.9347790479660034,0.8331320881843567,8248,7332,0,0.319198101096683,0.961957950592041,9,8,15580,8248,7332,0.0757192188291574,cuda,71.6240234375,,,,,,,,,,,,
68,109,200,True,992,992,875,600,275,72,203,0.3142857142857143,0.0822857142857142,0.232,0.4066666666666667,2.103333333333333,0.7292969762037198,14.753953499794006,26.3312227922678,0.5743015279122725,0.5011348501344521,0.2288848629935334,0.088800949905999,0.1441550217041124,0.4935771173238754,0.2388509920611977,0.1041307279789665,0.1340799744768689,0.0075577328105767,-0.0099661290676643,-0.0153297780729675,0.0100750472272435,10.525714285714283,10.525714285714283,8.085714285714285,0.4845714285714286,0.0400199086031113,0.1327459034722915,-0.1226628461994244,-0.13503395821236,875,117,0,117,1.0,1.995967741935484,1.995967741935484,2.256,116.61531709702894,63.081440939503445,-5.397130489068004,68.4785714285714,0.926943090231684,179.69675803653237,0.0583076585485144,0.0315407204697517,0.0898483790182661,0.75,213,166,47,71,0,163,141.91666666666666,100.10476190476189,9,62,9.0,8.0,47,0,203,72,0,72,203,0,4920.264124113822,492.0264124113822,10612.65409865406,1061.265409865406,444.32188925787534,44.432188925787536,6193.493192291488,619.3493192291488,4375.0,437.5,0,0,0.0709583333333333,-0.00495,0.0709583333333333,-0.00495,0.0,0.0,0.0709583333333333,0.0045,0.0703394233976506,0.1370360270150968,-0.0969967297303498,0.0033746584759667,0.0009849594092389,-0.0125302151482018,-0.0016110005639974,-0.00108,-0.0003285005639974,-0.0002025,0.0,0.0,0.0,0.0,0.0,0.0009849594092389,0.0077049594092388,0.0709583333333333,0.0009849594092389,0.0,0.0,0.0583076585485152,0.0315407204697516,-0.010794260978136,0.0456523809523809,-0.002698565244534,0.0342392857142857,0.0033746584759667,0.0033746584759667,0.4777509501204123,0.165767722727906,0.0810587776440455,0.0,0.0,0.0219671244750457,0.0,0.0,0.0067199999999999,0.0500523809523809,-0.0044,0.036,0.1015,0.0032984425458643,0.0079683313353194,-0.004669888789455,0.2516983515024185,0.1309526552756627,0.1207456962267557,0.9347790479660034,0.8331320881843567,8248,7332,0,0.319198101096683,0.961957950592041,9,8,15580,8248,7332,0.0757192188291574,cuda,71.6240234375,,,,,,,,,,,,
69,110,200,True,1073,1073,968,701,267,60,207,0.2758264462809917,0.0619834710743801,0.2138429752066115,0.3552068473609129,2.2410841654778886,0.7468213514875244,14.27934539267068,30.034682545869394,0.581997707633867,0.5417005051984937,0.1921656660459266,0.1157913963216092,0.1561618065793657,0.5414859397647724,0.2098224698652256,0.1457791584802953,0.1449555687462849,0.0002145654337212,-0.017656803819299,-0.029987762158686,0.0112062378330807,13.675619834710744,13.675619834710744,10.929752066115702,0.5805785123966942,0.1890018761893308,0.0194528541705799,-0.0924753607898129,-0.0724752307460607,968,105,0,105,1.0,1.843429636533085,1.843429636533085,2.0351239669421486,92.07691946770962,49.0943867621066,-6.084550232271566,55.17893699437815,0.9006822740964576,141.1713062298162,0.0460384597338548,0.0245471933810533,0.0705856531149081,0.8626760563380281,245,167,78,39,0,164,111.05238095238096,77.97191599250424,4,35,4.0,4.0,76,0,207,60,0,60,207,0,4473.403490458719,447.3403490458719,9778.72285907023,977.8722859070232,483.9936548638818,48.39936548638818,5633.793468965796,563.3793468965796,4840.0,484.0,0,0,0.0555261904761904,-0.0022,0.0555261904761904,-0.0022,0.0,0.0,0.0555261904761904,0.002,0.0700746914560845,0.1689907089303572,-0.1533938131719517,0.0040716892174192,0.000477536764512,-0.0148356506654274,-0.001500959043901,-0.0009,-0.000433459043901,-0.0001675,0.0,0.0,0.0,0.0,0.0,0.000477536764512,0.0080875367645119,0.0555261904761904,0.000477536764512,0.0,0.0,0.0460384597338553,0.0245471933810532,-0.0121691004645431,0.0367859579962521,-0.0030422751161357,0.027589468497189,0.0040716892174192,0.0040716892174192,0.4954679962082744,0.1548976117645213,0.1227963521961316,0.0,0.0,0.0095800862796906,0.0,0.0,0.0076099999999998,0.0389859579962521,-0.0022,0.03,0.1035,0.0032984425458643,0.0079683313353194,-0.004669888789455,0.2516983515024185,0.1309526552756627,0.1207456962267557,0.9347790479660034,0.8331320881843567,8248,7332,0,0.319198101096683,0.961957950592041,9,8,15580,8248,7332,0.0757192188291574,cuda,71.6240234375,,,,,,,,,,,,
70,111,200,True,1027,1027,902,635,267,42,225,0.2960088691796009,0.0465631929046563,0.2494456762749445,0.4125984251968504,2.0661417322834645,0.7296815182280353,14.72228205673338,27.69284171654484,0.5898691145426824,0.5183018402555796,0.1979940978414195,0.0446205041715948,0.1545495799060647,0.5094830365631524,0.2091182204051398,0.0623124942678488,0.1430713417433847,0.0088188036924271,-0.0111241225637202,-0.017691990096254,0.0114782381626799,11.456762749445677,11.456762749445677,8.92461197339246,0.4844789356984479,0.1741788579212415,0.0813250661185112,-0.1082262907718516,-0.0848376850491765,902,125,0,125,1.0,1.9191820837390456,1.9191820837390456,2.1851441241685143,109.586123917715,63.63947852522128,-5.07342436708287,68.7129028923041,0.9312416736877572,173.22560244293626,0.0547930619588574,0.0318197392626106,0.0866128012214681,0.7323943661971831,208,162,46,76,0,158,133.28333333333333,101.17781385281388,10,66,10.0,8.691463633098481,46,0,225,42,0,42,225,0,4536.209661771311,453.6209661771312,9929.426462549647,992.9426462549648,495.4986910762631,49.54986910762631,5716.126844281817,571.6126844281818,4510.0,451.0,0,0,0.0666416666666666,-0.0055,0.0666416666666666,-0.0055,0.0,0.0,0.0666416666666666,0.005,0.0677364025412167,0.143850264851841,-0.0989653652059111,0.0045313890613898,0.0006286431276207,-0.0136206141117325,-0.0009634502597595,-0.00063,-0.0002209502597595,-0.0001125,0.0,0.0,0.0,0.0,0.0,0.0006286431276207,0.0073986431276206,0.0666416666666666,0.0006286431276207,0.0,0.0,0.0547930619588582,0.0318197392626106,-0.0101468487341657,0.0458086019282027,-0.0025367121835414,0.034356451446152,0.0045313890613898,0.0045313890613898,0.4627980086558212,0.1521355907950719,0.0538802516658796,0.0,0.0,0.0155460356845758,0.0,0.0,0.0067699999999999,0.0505889069264069,-0.0047803049982041,0.021,0.1125,0.0032984425458643,0.0079683313353194,-0.004669888789455,0.2516983515024185,0.1309526552756627,0.1207456962267557,0.9347790479660034,0.8331320881843567,8248,7332,0,0.319198101096683,0.961957950592041,9,8,15580,8248,7332,0.0757192188291574,cuda,71.6240234375,,,,,,,,,,,,
71,112,200,True,1059,1059,954,661,293,51,242,0.3071278825995807,0.0534591194968553,0.2536687631027253,0.4145234493192133,2.074130105900151,0.769215167312687,13.781345918571716,27.55676557004181,0.5672323611763421,0.5063421184509858,0.2121010439501407,0.0774263108019546,0.1548416534616258,0.5024707871468093,0.2270607896397135,0.1096921122510341,0.1396084579465834,0.0038713313041764,-0.0149597456895728,-0.0322658014490794,0.0152331955150423,10.545073375262056,10.545073375262056,7.992662473794549,0.5136268343815513,0.0535089683075399,0.1187979416010223,-0.0779420578065413,-0.0594213576480671,954,105,0,105,1.0,1.8441926345609063,1.8441926345609063,2.0450733752620547,85.92545854859793,42.39933195220338,-6.122394238272813,48.52172619047619,0.8879587741510844,128.32479050080133,0.0429627292742989,0.0211996659761016,0.0641623952504006,0.8256227758007118,232,150,82,49,0,145,103.5,69.09563492063496,5,44,5.0,4.0,80,0,242,51,0,51,242,0,4601.994387802769,460.19943878027686,9984.208708701146,998.4208708701146,449.3707393257656,44.93707393257656,5794.253634646952,579.4253634646951,4770.0,477.0,0,0,0.0517499999999999,-0.00275,0.0517499999999999,-0.00275,0.0,0.0,0.0517499999999999,0.0025,0.0625386659176591,0.1517277238035346,-0.1295683729730056,0.0024634799785474,0.0006936463714949,-0.0136342033361495,-0.0011725323124118,-0.000765,-0.0002675323124118,-0.00014,0.0,0.0,0.0,0.0,0.0,0.0006936463714949,0.0078136463714948,0.0517499999999999,0.0006936463714949,0.0,0.0,0.0429627292742995,0.0211996659761017,-0.0122447884765456,0.0323478174603174,-0.0030611971191364,0.024260863095238,0.0024634799785474,0.0024634799785474,0.4685037555549957,0.1604864770662489,0.0849652870160228,0.0,0.0,0.0114976689874538,0.0,0.0,0.0071199999999998,0.0345478174603174,-0.0022,0.0255,0.121,0.0032984425458643,0.0079683313353194,-0.004669888789455,0.2516983515024185,0.1309526552756627,0.1207456962267557,0.9347790479660034,0.8331320881843567,8248,7332,0,0.319198101096683,0.961957950592041,9,8,15580,8248,7332,0.0757192188291574,cuda,71.6240234375,,,,,,,,,,,,
72,113,200,True,939,939,813,579,234,60,174,0.2878228782287823,0.07380073800738,0.2140221402214022,0.4024179620034542,2.145077720207254,0.7221666125641791,15.15819344166441,28.88190888164369,0.5601523075717125,0.5115348305006308,0.163366201280621,0.0839201838601644,0.1581274298130693,0.5054174207910149,0.1727367075134409,0.1088985487312442,0.1417054428891093,0.0061174097096158,-0.0093705062328199,-0.0249783648710797,0.0164219869239599,12.317343173431734,12.271832718327182,9.71709717097171,0.4907749077490775,0.1261870695275082,0.0692733069128942,-0.0693788551278134,-0.078270312706465,813,126,0,126,1.0,1.9680511182108624,1.9680511182108624,2.27060270602706,103.46162419740828,65.41917076251589,-4.990948285103159,70.41011904761906,0.9338079889097642,168.88079495992417,0.0517308120987041,0.0327095853812579,0.084440397479962,0.8607142857142858,241,158,83,39,0,156,127.78571428571423,93.88015873015873,0,39,0.0,0.0,82,0,174,60,1,60,174,0,4548.776619229991,454.87766192299904,9581.262489386463,958.1262489386464,417.8015313296275,41.78015313296275,5727.740967340726,572.7740967340726,4065.0,406.5,0,1,0.0638928571428571,0.0,0.0638928571428571,0.0,0.0,0.0,0.0638928571428571,0.0,0.0668977927706445,0.132564862710801,-0.094634391045063,0.0033458264139938,0.0006926319220921,-0.0117937522208757,-0.0013848641642645,-0.0009,-0.0003123641642645,-0.0001725,0.0,0.0,0.0,-0.001,-0.001,0.0006926319220921,0.007082631922092,0.0628928571428571,0.0006926319220921,0.0,0.0,0.0517308120987048,0.032709585381258,-0.0099818965702063,0.0469400793650793,-0.0024954741425515,0.0352050595238095,0.0033458264139938,0.0033458264139938,0.4506665304728767,0.1218786749666586,0.0809452415021103,0.0,0.0,0.0161664515643598,0.0,0.0,0.0063899999999999,0.0469400793650793,0.0,0.03,0.087,0.0032984425458643,0.0079683313353194,-0.004669888789455,0.2516983515024185,0.1309526552756627,0.1207456962267557,0.9347790479660034,0.8331320881843567,8248,7332,0,0.319198101096683,0.961957950592041,9,8,15580,8248,7332,0.0757192188291574,cuda,71.6240234375,,,,,,,,,,,,
73,114,200,True,1022,1022,919,700,219,49,170,0.2383025027203482,0.0533188248095756,0.1849836779107725,0.39,2.15,0.7497553845388548,14.102785508292062,26.305190173898424,0.5805503098671657,0.5222406155935355,0.2118159246258437,0.0623875125510884,0.1554417988737779,0.5173785582397665,0.2292693352579538,0.0934183839931418,0.1388665413617023,0.0048620573537689,-0.01745341063211,-0.0310308714420534,0.0165752575120755,13.189336235038084,13.189336235038084,10.330794341675734,0.573449401523395,0.1545464721643548,0.0479926871209587,-0.0520810033637801,-0.0751060055789629,919,103,0,103,1.0,1.9119373776908024,1.9119373776908024,2.1251360174102287,105.3607871447694,56.02648160145501,-6.284213952990505,62.31069555444555,0.9083865843964812,161.3872687462244,0.0526803935723847,0.0280132408007275,0.0806936343731122,0.8169014084507042,232,169,63,52,0,163,127.69285714285714,84.18092740592743,2,50,2.0,1.0,60,0,170,49,0,49,170,0,4622.258778353007,462.2258778353007,10135.12785043628,1013.512785043628,508.240683963804,50.824068396380405,5826.21435511501,582.621435511501,4595.0,459.5,0,0,0.0638464285714285,-0.0011,0.0638464285714285,-0.0011,0.0,0.0,0.0638464285714285,0.001,0.0693629001291325,0.160070683091598,-0.1266868317386585,0.0030646196994531,0.0005262535762091,-0.0147776442413528,-0.0012493507753188,-0.000735,-0.0003818507753188,-0.0001325,0.0,0.0,0.0,0.0,0.0,0.0005262535762091,0.008016253576209,0.0638464285714285,0.0005262535762091,0.0,0.0,0.0526803935723854,0.0280132408007275,-0.012568427905981,0.0415404637029637,-0.0031421069764952,0.0311553477772227,0.0030646196994531,0.0030646196994531,0.500084660241662,0.173219504431924,0.0853428417387468,0.0,0.0,0.0086439273456394,0.0,0.0,0.0074899999999998,0.0420904637029637,-0.00055,0.0245,0.085,0.0006564564521734,-0.0011366736376658,0.0017931300898392,0.2928700752059618,0.1597942601889372,0.1330758150170246,0.922531008720398,0.824458658695221,8006,7180,0,0.3047278128564358,0.924924659729004,10,8,15186,8006,7180,0.0803088192736135,cuda,70.95703125,,,,,,,,,,,,
74,115,200,True,992,992,886,602,284,44,240,0.3205417607223476,0.0496613995485327,0.2708803611738149,0.3986710963455149,2.1029900332225915,0.7364940566576993,14.593280606887664,27.712577641056697,0.5820532294341821,0.52433184935306,0.1686882859102119,0.0431939706305332,0.1598204534804058,0.5143710447110211,0.1831739315162861,0.0603488448715654,0.1473965773705479,0.0099608046420388,-0.0144856456060742,-0.0171548742410321,0.0124238761098578,11.489841986455982,11.489841986455982,9.015801354401804,0.510158013544018,0.1346834789843339,0.0639156563006887,-0.1088000587239835,0.0448453413528701,886,106,0,106,1.0,1.991935483870968,1.991935483870968,2.230248306997743,120.79050540082224,67.90921963090376,-4.733042273858096,72.64226190476191,0.9388300656895392,188.699725031726,0.0603952527004111,0.0339546098154518,0.094349862515863,0.7347670250896058,205,167,38,74,0,165,147.50000000000003,108.95634920634922,12,62,12.0,11.0,37,0,240,44,0,44,240,0,4758.897011758627,475.8897011758627,10301.020464281812,1030.1020464281814,451.9526478780933,45.195264787809336,5992.915841211813,599.2915841211814,4430.0,443.0,0,0,0.07375,-0.0066,0.07375,-0.0066,0.0,0.0,0.07375,0.006,0.0705760405818127,0.1346679473491893,-0.0909137239906332,0.0043391470380765,0.0005162635020555,-0.0127416743353701,-0.0011136907738643,-0.00066,-0.0003436907738643,-0.00011,0.0,0.0,0.0,0.0,0.0,0.0005162635020555,0.0069762635020554,0.07375,0.0005162635020555,0.0,0.0,0.0603952527004118,0.0339546098154519,-0.0094660845477161,0.0484281746031746,-0.002366521136929,0.0363211309523809,0.0043391470380765,0.0043391470380765,0.4651541531201237,0.1205971295782953,0.0548648874220925,0.0,0.0,0.0165356969335471,0.0,0.0,0.0064599999999999,0.0544781746031745,-0.00605,0.022,0.12,0.0006564564521734,-0.0011366736376658,0.0017931300898392,0.2928700752059618,0.1597942601889372,0.1330758150170246,0.922531008720398,0.824458658695221,8006,7180,0,0.3047278128564358,0.924924659729004,10,8,15186,8006,7180,0.0803088192736135,cuda,70.95703125,,,,,,,,,,,,
75,116,200,True,998,998,909,666,243,52,191,0.2673267326732673,0.0572057205720572,0.2101210121012101,0.3918918918918919,2.1246246246246248,0.7575738715740653,14.581747855510082,26.77076599118229,0.570404334144206,0.5045319105367044,0.2035307870344356,0.0723562558907344,0.1570065593732907,0.5015364699177556,0.2260558226064697,0.1047011553841243,0.139815156188634,0.0029954406189488,-0.0225250355720341,-0.0323448994933898,0.0171914031846566,11.442244224422442,11.442244224422442,8.704070407040705,0.5335533553355336,0.1276944477749093,0.0804831497004503,-0.0247915674831666,-0.0539654537491873,909,89,0,89,1.0,1.993987975951904,1.993987975951904,2.189218921892189,113.69028126454216,67.31470906985699,-5.652555386700915,72.96726445655793,0.9281026667579476,181.0049903343992,0.056845140632271,0.0336573545349284,0.0905024951671995,0.7178571428571429,201,170,31,79,0,169,138.13090243090238,108.28968594207728,11,68,11.0,10.0,30,0,191,52,0,52,191,0,4652.499302284767,465.2499302284767,10153.99658761054,1015.399658761054,497.291040127832,49.7291040127832,5860.183074362551,586.0183074362551,4545.0,454.5,0,0,0.0690654512154511,-0.0060499999999999,0.0690654512154511,-0.0060499999999999,0.0,0.0,0.0690654512154511,0.0055,0.072025231244286,0.1491840963997369,-0.1132211180670636,0.0037341042713414,0.0007838982995504,-0.0138141558868054,-0.0012417035178644,-0.00078,-0.0003217035178644,-0.00014,0.0,0.0,0.0,0.0,0.0,0.0007838982995504,0.0079638982995503,0.0690654512154511,0.0007838982995504,0.0,0.0,0.0568451406322719,0.0336573545349285,-0.0113051107734018,0.0486448429710386,-0.0028262776933504,0.0364836322282789,0.0037341042713414,0.0037341042713414,0.4822351016595675,0.175370888313402,0.0978470171377247,0.0,0.0,0.0167541683929149,0.0,0.0,0.0071799999999998,0.0541448429710386,-0.0054999999999999,0.026,0.0955,0.0006564564521734,-0.0011366736376658,0.0017931300898392,0.2928700752059618,0.1597942601889372,0.1330758150170246,0.922531008720398,0.824458658695221,8006,7180,0,0.3047278128564358,0.924924659729004,10,8,15186,8006,7180,0.0803088192736135,cuda,70.95703125,,,,,,,,,,,,
76,117,200,True,761,761,680,536,144,47,97,0.2117647058823529,0.0691176470588235,0.1426470588235294,0.3899253731343283,2.139925373134328,0.7317716491255742,14.653970853606268,29.37442950748685,0.5814701044431813,0.531481440304153,0.158957922268214,0.067933657601017,0.1604032924906142,0.521048097996347,0.1860850219607853,0.0894700953443256,0.143863115563933,0.010433342307806,-0.0271270996925712,-0.0215364377433086,0.0165401769266811,14.141176470588237,14.141176470588237,11.216176470588236,0.5808823529411765,0.2431606997654395,0.0354829508937876,-0.0454216455923479,-0.1015404726305282,680,81,0,81,1.0,2.2063074901445465,2.2063074901445465,2.447058823529412,114.94580980360196,68.85626921878863,-4.237183162163768,73.09345238095237,0.94520692695198,183.8020790223906,0.0574729049018009,0.0344281346093943,0.0919010395111953,0.6992753623188406,193,165,28,83,0,163,146.52136752136752,108.45793650793648,10,73,10.0,10.0,28,0,97,47,3,47,97,0,4532.997171211303,453.2997171211303,9054.30352187012,905.430352187012,417.0468456035574,41.704684560355744,5710.110011256522,571.0110011256522,3400.0,340.0,0,3,0.0732606837606837,-0.0054999999999999,0.0732606837606837,-0.0054999999999999,0.0,0.0,0.0732606837606837,0.005,0.0696719725682992,0.1250296624392786,-0.0879703836337917,0.0038901926812774,0.0004917894662698,-0.0113333809488866,-0.0011899750974019,-0.000705,-0.0003599750974019,-0.000125,0.0,0.0,0.0,-0.003,-0.003,0.0004917894662698,0.0063217894662697,0.0702606837606837,0.0004917894662698,0.0,0.0,0.0574729049018015,0.0344281346093942,-0.0084743663243275,0.0487289682539682,-0.0021185915810818,0.0365467261904761,0.0038901926812774,0.0038901926812774,0.4398512680844909,0.1242012404950397,0.0699355019148127,0.0,0.0,0.01851050927577,0.0,0.0,0.0058299999999999,0.0542289682539682,-0.0054999999999999,0.0235,0.0485,0.0006564564521734,-0.0011366736376658,0.0017931300898392,0.2928700752059618,0.1597942601889372,0.1330758150170246,0.922531008720398,0.824458658695221,8006,7180,0,0.3047278128564358,0.924924659729004,10,8,15186,8006,7180,0.0803088192736135,cuda,70.95703125,,,,,,,,,,,,
77,118,200,True,1042,1042,930,632,298,67,231,0.3204301075268817,0.0720430107526881,0.2483870967741935,0.3876582278481013,2.087025316455696,0.7252999572672799,14.75914970832535,28.02494669561805,0.5841325427642073,0.4689509266680932,0.2072772769186693,0.0836600017795763,0.1320368824983487,0.4654811062861847,0.2242490820501212,0.1103600654916843,0.1285468093104825,0.0034698203819084,-0.0169718051314519,-0.026700063712108,0.0034900731878661,9.461290322580645,9.461290322580645,7.089247311827957,0.410752688172043,0.089821843006951,0.0952706790444695,-0.1761375803463978,-0.0765967968181952,930,112,0,112,1.0,1.8973128598848368,1.8973128598848368,2.1258064516129034,91.32535590755845,49.930290387659866,-6.369344352599885,56.29963474025973,0.8983652766520718,141.2556462952183,0.0456626779537792,0.0249651451938299,0.0706278231476091,0.8857142857142857,248,156,92,32,0,153,110.43571428571428,75.06617965367967,0,32,0.0,0.0,92,0,231,67,0,67,231,0,4700.961236967509,470.0961236967509,10178.2330085944,1017.82330085944,445.03813330925,44.503813330925,5916.357434754095,591.6357434754095,4650.0,465.0,0,0,0.0552178571428571,0.0,0.0552178571428571,0.0,0.0,0.0,0.0552178571428571,0.0,0.0659689737685547,0.134008271288623,-0.0997456703752963,0.0020635704505896,0.0004519611974674,-0.0134244278993386,-0.0015801885402576,-0.001005,-0.0003826885402576,-0.0001925,0.0,0.0,0.0,0.0,0.0,0.0004519611974674,0.0074419611974673,0.0552178571428571,0.0004519611974674,0.0,0.0,0.04566267795378,0.0249651451938299,-0.0127386887051997,0.0375330898268398,-0.0031846721762999,0.0281498173701298,0.0020635704505896,0.0020635704505896,0.4518181711873757,0.1513064361392634,0.0908221804350931,0.0,0.0,0.0095617221070241,0.0,0.0,0.0069899999999998,0.0375330898268398,0.0,0.0335,0.1155,0.0006564564521734,-0.0011366736376658,0.0017931300898392,0.2928700752059618,0.1597942601889372,0.1330758150170246,0.922531008720398,0.824458658695221,8006,7180,0,0.3047278128564358,0.924924659729004,10,8,15186,8006,7180,0.0803088192736135,cuda,70.95703125,,,,,,,,,,,,
78,119,200,True,1032,1032,923,714,209,64,145,0.2264355362946912,0.0693391115926327,0.1570964247020585,0.4103641456582633,2.070028011204482,0.7663317034516682,13.726173179156309,25.32461247816473,0.5657363993579427,0.4962249493398586,0.2262194945062158,0.1167554537262193,0.1396798635846009,0.4920997918904328,0.2415071810564386,0.1463963518653545,0.1291560370615926,0.0041251574494257,-0.0152876865502227,-0.0296408981391351,0.0105238265230082,12.520043336944743,12.520043336944743,9.82448537378115,0.5005417118093174,0.1623103550845979,0.1123617189599317,-0.0821294726587743,-0.0986400795559628,923,109,0,109,1.0,1.9089147286821704,1.9089147286821704,2.1300108342361863,88.60237675409593,45.10563996952154,-6.745540100408546,51.85118006993004,0.8848819510580199,133.70801672361748,0.0443011883770479,0.0225528199847607,0.0668540083618087,0.7773722627737226,213,162,51,61,0,159,106.63809523809525,71.33490675990676,3,58,3.0,2.0,51,0,145,64,0,64,145,0,4593.695958039867,459.3695958039867,10042.150111325744,1004.2150111325744,503.0272134003094,50.30272134003094,5783.995810323528,578.3995810323528,4615.0,461.5,0,0,0.0533190476190476,-0.00165,0.0533190476190476,-0.00165,0.0,0.0,0.0533190476190476,0.0015,0.0681518305179789,0.1564824079463323,-0.1323065364531662,0.0023044329956853,0.0004497514090494,-0.0146885741354157,-0.0014490423327127,-0.00096,-0.0003240423327127,-0.000165,0.0,0.0,0.0,0.0,0.0,0.0004497514090494,0.0082297514090492,0.0533190476190476,0.0004497514090494,0.0,0.0,0.0443011883770488,0.0225528199847607,-0.013491080200817,0.0345674533799534,-0.0033727700502042,0.025925590034965,0.0023044329956853,0.0023044329956853,0.4972605661757807,0.1973518693867331,0.1225774692465753,0.0,0.0,0.0098284706721365,0.0,0.0,0.0077799999999998,0.0356674533799534,-0.0011,0.032,0.0725,0.0006564564521734,-0.0011366736376658,0.0017931300898392,0.2928700752059618,0.1597942601889372,0.1330758150170246,0.922531008720398,0.824458658695221,8006,7180,0,0.3047278128564358,0.924924659729004,10,8,15186,8006,7180,0.0803088192736135,cuda,70.95703125,,,,,,,,,,,,
79,120,200,True,1091,1091,978,764,214,77,137,0.2188139059304703,0.0787321063394683,0.140081799591002,0.3599476439790576,2.223821989528796,0.7865259995518242,13.309159155291413,26.414066336385865,0.5741986499268509,0.5184645987266957,0.2489227702139013,0.1213150181056668,0.1434158035675892,0.5121172221075178,0.2686069030546295,0.1554817276057806,0.132226096239448,0.0063473766191779,-0.0196841328407281,-0.0341667095001138,0.0111897073281412,13.129856850715749,13.129856850715749,10.20961145194274,0.5797546012269938,0.1057204687836711,0.136011191009761,-0.166994840078327,-0.1136824629137236,978,113,0,113,1.0,1.8148487626031164,1.8148487626031164,2.0245398773006134,85.63469762680398,38.34321229118825,-7.337496583270607,45.68070887445887,0.8616042070846651,123.97790991799224,0.0428173488134019,0.0191716061455941,0.0619889549589961,0.8913043478260869,246,156,90,30,0,154,102.61904761904756,62.00761183261191,2,28,2.0,1.0,90,0,137,77,0,77,137,0,4397.619158944983,439.7619158944983,9691.447483392049,969.1447483392049,520.4833369671123,52.04833369671123,5538.394474583451,553.839447458345,4890.0,489.0,0,0,0.0513095238095237,-0.0011,0.0513095238095237,-0.0011,0.0,0.0,0.0513095238095237,0.001,0.0656416621784759,0.1794473316331948,-0.1668433487942061,0.0028175916694553,0.0004386488289144,-0.0159522824892097,-0.0018130180289975,-0.0011549999999999,-0.0004305180289975,-0.0002275,0.0,0.0,0.0,0.0,0.0,0.0004386488289144,0.0088486488289143,0.0513095238095237,0.0004386488289144,0.0,0.0,0.0428173488134027,0.0191716061455941,-0.0146749931665412,0.0304538059163059,-0.0036687482916353,0.0228403544372294,0.0028175916694553,0.0028175916694553,0.501140680031275,0.2126028670778024,0.1241415599747787,0.0,0.0,0.0050862943534142,0.0,0.0,0.0084099999999998,0.0310038059163059,-0.00055,0.0385,0.0685,0.0006564564521734,-0.0011366736376658,0.0017931300898392,0.2928700752059618,0.1597942601889372,0.1330758150170246,0.922531008720398,0.824458658695221,8006,7180,0,0.3047278128564358,0.924924659729004,10,8,15186,8006,7180,0.0803088192736135,cuda,70.95703125,,,,,,,,,,,,
80,121,200,True,1068,1068,955,615,340,54,286,0.3560209424083769,0.056544502617801,0.2994764397905759,0.4113821138211382,2.12520325203252,0.7528823625266068,14.13016268102134,30.36544420234556,0.5251020419956289,0.5090927884103806,0.2127483532771589,0.1099516086401493,0.1556202418314732,0.5039107697039116,0.2281563612859605,0.1300218338756329,0.141760401906279,0.005182018706469,-0.0154080080088016,-0.0200702252354836,0.0138598399251941,10.642931937172776,10.642931937172776,8.339267015706806,0.4732984293193717,0.0710069367881127,0.0220088648206736,-0.125379185751172,-0.1521107994273824,955,113,0,113,1.0,1.857677902621723,1.857677902621723,2.0774869109947645,104.56768663336328,66.53778567288538,-4.869724831316308,71.40751050420168,0.9361575598552304,171.10547230624866,0.0522838433166816,0.0332688928364426,0.0855527361531243,0.7184115523465704,199,152,47,78,0,150,126.9801587301587,99.61001400560224,5,73,5.0,4.0,45,0,286,54,0,54,286,0,4537.016064844675,453.7016064844676,9787.495332316212,978.7495332316212,416.4363626102677,41.64363626102677,5709.680807302899,570.9680807302899,4775.0,477.5,0,0,0.0634900793650793,-0.00275,0.0634900793650793,-0.00275,0.0,0.0,0.0634900793650793,0.0025,0.0647527163025195,0.1427247350100723,-0.1191166460076693,0.0028024585756555,0.0007688991230906,-0.0117431911186542,-0.0013402654889755,-0.00081,-0.0003752654889755,-0.000155,0.0,0.0,0.0,0.0,0.0,0.0007688991230906,0.0074588991230905,0.0634900793650793,0.0007688991230906,0.0,0.0,0.0522838433166822,0.0332688928364426,-0.0097394496626326,0.0476050070028011,-0.0024348624156581,0.0357037552521008,0.0028024585756555,0.0028024585756555,0.4486728422271996,0.1547531364988231,0.0833401174015636,0.0,0.0,0.0175282663544931,0.0,0.0,0.0066899999999999,0.0498050070028011,-0.0022,0.027,0.143,0.0006564564521734,-0.0011366736376658,0.0017931300898392,0.2928700752059618,0.1597942601889372,0.1330758150170246,0.922531008720398,0.824458658695221,8006,7180,0,0.3047278128564358,0.924924659729004,10,8,15186,8006,7180,0.0803088192736135,cuda,70.95703125,,,,,,,,,,,,
81,122,200,True,992,992,901,642,259,58,201,0.2874583795782464,0.0643729189789123,0.223085460599334,0.4501557632398754,1.9875389408099688,0.757587246805708,14.187334567215585,28.169823394757564,0.5619961137332025,0.4794600073282963,0.2048939653669376,0.0554564420737302,0.1510136761322524,0.4763600306115418,0.2247628406926154,0.0896616137263399,0.1336036338021172,0.0030999767167545,-0.0198688753256777,-0.0342051716526096,0.0174100423301352,10.391786903440622,10.391786903440622,7.933407325194229,0.4461709211986681,0.1270558907747163,0.1323242909347353,-0.0620114873005988,-0.0328442982408567,901,91,0,91,1.0,1.996975806451613,1.996975806451613,2.1942286348501665,110.63341658697404,54.83872879586287,-5.4427543043702284,60.281483100233096,0.9171880189211749,165.4721453828369,0.055316708293487,0.0274193643979314,0.0827360726914184,0.8309352517985612,231,158,73,47,0,156,134.5857142857143,86.97531080031081,6,41,6.0,6.0,71,0,201,58,0,58,201,0,4852.902470939211,485.290247093921,10467.886170417483,1046.7886170417485,449.9658064105159,44.99658064105159,6108.199319513547,610.8199319513548,4505.0,450.5,0,0,0.0672928571428571,-0.0033,0.0672928571428571,-0.0033,0.0,0.0,0.0672928571428571,0.003,0.0676778881048197,0.1327478165708503,-0.1061706106318024,0.0030151091769195,0.0004121128960063,-0.013120054722931,-0.0013596588699318,-0.00087,-0.0003321588699318,-0.0001575,0.0,0.0,0.0,0.0,0.0,0.0004121128960063,0.0074121128960062,0.0672928571428571,0.0004121128960063,0.0,0.0,0.0553167082934879,0.0274193643979314,-0.0108855086087404,0.0401876554001554,-0.0027213771521851,0.0301407415501165,0.0030151091769195,0.0030151091769195,0.4612304404789654,0.1613716668704972,0.0825087119865534,0.0,0.0,0.0101442964320171,0.0,0.0,0.0069999999999998,0.0434876554001554,-0.0033,0.029,0.1005,-0.0584580255237718,-0.0571110167540609,-0.0013470087697108,0.2534024346606909,0.1374799434082686,0.1159224912524223,0.9373847842216492,0.8499064445495605,8194,7468,0,0.2493149999115202,0.8833304953575134,11,8,15662,8194,7468,0.0786841627286214,cuda,72.41162109375,,,,,,,,,,,,
82,123,200,True,1021,1021,944,737,207,54,153,0.2192796610169491,0.0572033898305084,0.1620762711864407,0.3690637720488466,2.1519674355495253,0.7511185925236551,14.064837328938,25.37301405285721,0.5357648288982004,0.4893961171524819,0.2299446612343778,0.0880281462320196,0.1526004357776494,0.4877242604460127,0.2476941249289093,0.1338019547832364,0.1320199210479795,0.0016718567064691,-0.0177494636945315,-0.0457738085512167,0.0205805147296699,11.544491525423728,11.539194915254235,8.707627118644067,0.5391949152542372,0.1683241303515184,0.1523850818143018,-0.0460677305652939,-0.0773956980944794,944,77,0,77,1.0,1.940254652301665,1.940254652301665,2.0985169491525424,100.90677481978138,55.75874758604074,-6.469953492292705,62.22870107833343,0.9058212488624326,156.66552240582212,0.0504533874098906,0.0278793737930203,0.078332761202911,0.7634408602150538,213,159,54,66,1,157,121.82731990231991,88.47160143777789,5,61,5.0,5.0,51,0,153,54,0,54,153,0,4626.231885393451,462.6231885393451,10098.491538056323,1009.8491538056326,496.9321557546908,49.69321557546908,5826.524884558418,582.6524884558419,4720.0,472.0,0,0,0.0609136599511599,-0.00275,0.0609136599511599,-0.00275,0.0,0.0,0.0609136599511599,0.0025,0.0675281528221793,0.1589581968179873,-0.1349361929131053,0.0020637273103899,0.0007022972448135,-0.0143584974072694,-0.0013364495917241,-0.00081,-0.0003839495917241,-0.0001425,0.0,0.0,0.0,0.0,0.0,0.0007022972448135,0.0086122972448134,0.0609136599511599,0.0007022972448135,0.0,0.0,0.0504533874098917,0.0278793737930203,-0.0129399069845854,0.0414858007188889,-0.0032349767461463,0.0311143505391667,0.0020637273103899,0.0020637273103899,0.5012203014817883,0.1938604916686455,0.1147140281070782,0.0,0.0,0.0150110705138644,0.0,0.0,0.0079099999999998,0.0442358007188889,-0.00275,0.027,0.0765,-0.0584580255237718,-0.0571110167540609,-0.0013470087697108,0.2534024346606909,0.1374799434082686,0.1159224912524223,0.9373847842216492,0.8499064445495605,8194,7468,0,0.2493149999115202,0.8833304953575134,11,8,15662,8194,7468,0.0786841627286214,cuda,72.41162109375,,,,,,,,,,,,
83,124,200,True,1051,1051,961,697,264,70,194,0.2747138397502601,0.072840790842872,0.2018730489073881,0.3830703012912482,2.152080344332855,0.7720332662848866,13.612293283087622,28.650734816297057,0.5810017342812989,0.5498048177408522,0.2329150950977073,0.0842173645818015,0.1614477620266345,0.5454254845849411,0.2544966135467997,0.1159216358080517,0.1461353433429339,0.0043793331559111,-0.0215815184490923,-0.0317042712262501,0.0153124186837006,14.944849115504685,14.944849115504685,12.168574401664932,0.5920915712799167,0.1412866927501176,0.0140093034172424,-0.1018445602614867,-0.1075299949217821,961,90,0,90,1.0,1.8725023786869648,1.8725023786869648,2.038501560874089,103.33936072322572,52.82698375416511,-6.644228367047025,59.47121212121211,0.8995056477279779,156.16634447739082,0.0516696803616128,0.0264134918770825,0.0780831722386954,0.8210526315789474,234,172,62,51,0,168,125.14999999999996,84.79494949494949,6,45,6.0,5.0,60,0,194,70,0,70,194,0,4508.032557006674,450.8032557006674,9863.259048430918,986.3259048430918,486.74669051934,48.674669051934,5680.012885843451,568.001288584345,4805.0,480.5,0,0,0.0625749999999999,-0.0033,0.0625749999999999,-0.0033,0.0,0.0,0.0625749999999999,0.003,0.0713671138916661,0.1703663935204089,-0.1550817265973182,0.0025410799497423,0.0003784018080643,-0.014725753019785,-0.0017494466605583,-0.00105,-0.0004819466605583,-0.0002175,0.0,0.0,0.0,0.0,0.0,0.0003784018080643,0.0080484018080642,0.0625749999999999,0.0003784018080643,0.0,0.0,0.0516696803616136,0.0264134918770825,-0.013288456734094,0.0396474747474747,-0.0033221141835235,0.029735606060606,0.0025410799497423,0.0025410799497423,0.5104466024497167,0.198285232571844,0.0827200170197295,0.0,0.0,0.0074881198956623,0.0,0.0,0.0076699999999998,0.0423974747474747,-0.00275,0.035,0.097,-0.0584580255237718,-0.0571110167540609,-0.0013470087697108,0.2534024346606909,0.1374799434082686,0.1159224912524223,0.9373847842216492,0.8499064445495605,8194,7468,0,0.2493149999115202,0.8833304953575134,11,8,15662,8194,7468,0.0786841627286214,cuda,72.41162109375,,,,,,,,,,,,
84,125,200,True,1084,1084,993,745,248,60,188,0.2497482376636455,0.0604229607250755,0.18932527693857,0.3892617449664429,2.1328859060402685,0.7363425274623321,14.650333606796776,28.02443592298351,0.5567003985106689,0.5158816856625896,0.1833344406029522,0.0743793180549904,0.1630425338077065,0.5110606370356259,0.1997019730658339,0.1116557079742368,0.1421532963946361,0.0048210486269637,-0.0163675324628817,-0.0372763899192463,0.0208892374130703,13.040281973816716,13.040281973816716,10.246727089627392,0.5599194360523666,0.1465587357348731,0.0249648063458422,-0.0436935145181531,-0.0713578184045962,993,91,0,91,1.0,1.828413284132841,1.828413284132841,1.9959718026183284,106.2357243740693,61.45358991489235,-6.896166578614139,68.3497564935065,0.9083516249511032,167.68931428896167,0.0531178621870346,0.0307267949574461,0.0838446571444808,0.8421052631578947,240,164,76,45,0,162,128.49999999999997,94.43300865800866,4,41,4.0,3.0,76,0,188,60,0,60,188,0,4351.215771098729,435.1215771098729,9571.334632957383,957.1334632957384,500.7635549345396,50.07635549345396,5483.901300225176,548.3901300225176,4965.0,496.5,0,0,0.06425,-0.0022,0.06425,-0.0022,0.0,0.0,0.06425,0.002,0.0689915362837489,0.1721149298363258,-0.1325790301090147,0.0027376520071092,0.0005393109351733,-0.0150815198776833,-0.0015061483889208,-0.0009,-0.0004386483889208,-0.0001675,0.0,0.0,0.0,0.0,0.0,0.0005393109351733,0.0085893109351731,0.06425,0.0005393109351733,0.0,0.0,0.0531178621870354,0.0307267949574461,-0.0137923331572282,0.0455665043290043,-0.003448083289307,0.0341748782467532,0.0027376520071092,0.0027376520071092,0.4875974372514612,0.1545047312528799,0.0871726448115575,0.0,0.0,0.0086058644113291,0.0,0.0,0.0080499999999998,0.0472165043290043,-0.00165,0.03,0.094,-0.0584580255237718,-0.0571110167540609,-0.0013470087697108,0.2534024346606909,0.1374799434082686,0.1159224912524223,0.9373847842216492,0.8499064445495605,8194,7468,0,0.2493149999115202,0.8833304953575134,11,8,15662,8194,7468,0.0786841627286214,cuda,72.41162109375,,,,,,,,,,,,
85,126,200,True,1049,1049,947,697,250,51,199,0.2639915522703273,0.0538542766631467,0.2101372756071805,0.4261119081779053,2.09038737446198,0.7888337062882899,13.607111346601927,25.4872837877342,0.5099553993267242,0.5076900397132083,0.2596876644709787,0.0613818920312323,0.1675053374197767,0.4996889795215434,0.2730161083482708,0.0872272518886002,0.1438860275236144,0.0080010601916648,-0.013328443877292,-0.0258453598573678,0.0236193098961622,11.362196409714889,11.362196409714889,8.75818373812038,0.5248152059134108,0.1045111467331891,0.074367664619176,-0.1063877087719513,-0.0423378088901066,947,102,0,102,1.0,1.8722592945662533,1.8722592945662533,2.073917634635692,102.03019289485688,50.30684409724313,-5.537257634358633,55.84410173160172,0.909789263523066,152.3370369921,0.0510150964474284,0.0251534220486215,0.07616851849605,0.7746478873239436,220,158,62,64,0,154,123.66666666666666,82.15880230880232,8,56,8.0,7.0,59,0,199,51,0,51,199,0,4549.224127316945,454.92241273169446,9878.339652764393,987.8339652764392,447.3086516949466,44.73086516949466,5727.186934269149,572.7186934269149,4735.0,473.5,0,0,0.0618333333333333,-0.0043999999999999,0.0618333333333333,-0.0043999999999999,0.0,0.0,0.0618333333333333,0.004,0.0659782178199142,0.1549980162747798,-0.1458049895100922,0.002959451368577,0.0002621489038086,-0.0129250514165707,-0.0012227198916388,-0.000765,-0.0003252198916388,-0.0001325,0.0,0.0,0.0,0.0,0.0,0.0002621489038086,0.0077421489038085,0.0618333333333333,0.0002621489038086,0.0,0.0,0.0510150964474293,0.0251534220486215,-0.0110745152687172,0.0372294011544011,-0.0027686288171793,0.0279220508658008,0.002959451368577,0.002959451368577,0.4824551027038379,0.1927924855970072,0.0697640070217034,0.0,0.0,0.011101467052928,0.0,0.0,0.0074799999999998,0.0410794011544011,-0.0038499999999999,0.0255,0.0995,-0.0584580255237718,-0.0571110167540609,-0.0013470087697108,0.2534024346606909,0.1374799434082686,0.1159224912524223,0.9373847842216492,0.8499064445495605,8194,7468,0,0.2493149999115202,0.8833304953575134,11,8,15662,8194,7468,0.0786841627286214,cuda,72.41162109375,,,,,,,,,,,,
86,127,200,True,945,945,853,602,251,40,211,0.2942555685814771,0.0468933177022274,0.2473622508792497,0.4186046511627907,2.0415282392026577,0.7333619130212207,14.68306869050593,27.971682954121665,0.556457058409435,0.4994697044804643,0.1986481589435343,0.0780000158452561,0.1551427070695003,0.4930827866410496,0.2141670884233451,0.1163166930479,0.1368190921731664,0.0063869178394146,-0.0155189294798107,-0.0383166772026438,0.0183236148963338,10.947245017584994,10.947245017584994,8.38335287221571,0.4853458382180539,0.1907686661304302,0.1130710785231794,-0.147145283662112,-0.1000172725468083,853,92,0,92,1.0,1.984126984126984,1.984126984126984,2.198124267291911,97.61691815506684,59.32672263485552,-4.951207768074882,64.2779304029304,0.928480869488152,156.94364078992234,0.0488084590775334,0.0296633613174277,0.0784718203949611,0.8201438848920863,228,152,76,50,0,151,120.4833333333333,89.00390720390722,3,47,3.0,3.0,76,0,211,40,1,40,211,0,4555.914877926105,455.5914877926105,9620.328059101908,962.0328059101906,426.2919630590125,42.62919630590125,5735.907766093199,573.5907766093198,4265.0,426.5,0,1,0.0602416666666666,-0.00165,0.0602416666666666,-0.00165,0.0,0.0,0.0602416666666666,0.0015,0.0652063224009913,0.1320436336385286,-0.0991263284512786,0.0031198967854703,0.0006556287210003,-0.0121813508853026,-0.0010253749773376,-0.0006,-0.0003178749773376,-0.0001075,0.0,0.0,0.0,-0.001,-0.001,0.0006556287210003,0.0070756287210002,0.0592416666666666,0.0006556287210003,0.0,0.0,0.0488084590775341,0.0296633613174277,-0.0099024155361497,0.0428519536019536,-0.0024756038840374,0.0321389652014652,0.0031198967854703,0.0031198967854703,0.4454224097709253,0.133525613777803,0.0747387983568864,0.0,0.0,0.0177604889231285,0.0,0.0,0.0064199999999999,0.0445019536019536,-0.00165,0.02,0.1055,-0.0584580255237718,-0.0571110167540609,-0.0013470087697108,0.2534024346606909,0.1374799434082686,0.1159224912524223,0.9373847842216492,0.8499064445495605,8194,7468,0,0.2493149999115202,0.8833304953575134,11,8,15662,8194,7468,0.0786841627286214,cuda,72.41162109375,,,,,,,,,,,,
87,128,200,True,939,939,866,547,319,51,268,0.3683602771362587,0.0588914549653579,0.3094688221709007,0.3802559414990859,2.170018281535649,0.752708465923339,14.257136855744356,29.33033279236917,0.5446381034427487,0.5455010369338327,0.1882714789694471,0.0933601937258456,0.1722372014218536,0.5398406605125563,0.2031534625867712,0.1163641425393184,0.1514914930071103,0.0056603764212763,-0.014881983617324,-0.0230039488134728,0.0207457084147433,13.115473441108543,13.115473441108543,10.80715935334873,0.4780600461893764,0.1665924029250161,0.0885105959982864,-0.0857778125691641,-0.1217999786031093,866,73,0,73,1.0,1.979765708200213,1.979765708200213,2.1466512702078524,110.04651969478633,71.64625682067236,-4.45992866051313,76.10618548118548,0.9446426241599656,181.6927765154587,0.0550232598473931,0.0358231284103361,0.0908463882577293,0.7836879432624113,221,164,57,61,0,162,136.12857142857143,110.27491397491396,8,53,8.0,8.0,56,0,268,51,1,51,268,0,4570.833399460375,457.0833399460376,9584.378485867555,958.4378485867558,387.9909966148809,38.799099661488086,5759.197110578878,575.9197110578878,4330.0,433.0,0,1,0.0680642857142857,-0.0043999999999999,0.0680642857142857,-0.0043999999999999,0.0,0.0,0.0680642857142857,0.004,0.069162915893629,0.13230338502057,-0.1037361882874664,0.0031238750005025,0.0008791563798228,-0.0108333469900396,-0.0012631440479776,-0.000765,-0.0003606440479776,-0.0001375,0.0,0.0,0.0,-0.001,-0.001,0.0008791563798228,0.0068591563798227,0.0670642857142857,0.0008791563798228,0.0,0.0,0.0550232598473936,0.0358231284103361,-0.0089198573210262,0.0507374569874569,-0.0022299643302565,0.0380530927405927,0.0031238750005025,0.0031238750005025,0.4413029092042439,0.1298880241968236,0.0749324943945423,0.0,0.0,0.0241931405837741,0.0,0.0,0.0059799999999999,0.0551374569874569,-0.0043999999999999,0.0255,0.134,-0.0584580255237718,-0.0571110167540609,-0.0013470087697108,0.2534024346606909,0.1374799434082686,0.1159224912524223,0.9373847842216492,0.8499064445495605,8194,7468,0,0.2493149999115202,0.8833304953575134,11,8,15662,8194,7468,0.0786841627286214,cuda,72.41162109375,,,,,,,,,,,,
88,129,200,True,1113,1113,1003,675,328,79,249,0.3270189431704885,0.0787637088733798,0.2482552342971086,0.4888888888888889,1.9822222222222223,0.7637522546450297,13.958712628682454,27.36255648811658,0.5293483038197909,0.4835344495596709,0.2290247945018388,0.1223593546953742,0.1458241025799954,0.4793333220040356,0.2417515077366045,0.160625359741281,0.1277732716887085,0.0042011275556352,-0.0127267132347656,-0.0382660050459068,0.0180508308912868,10.425722831505484,10.425722831505484,8.108673978065802,0.4366899302093718,0.1961920997177363,0.0885272711614715,-0.0941186456669372,-0.1438651878788417,1003,110,0,110,1.0,1.7610062893081762,1.7610062893081762,1.954137587238285,79.03190872985384,42.94791407559595,-6.251869474187623,49.19978354978351,0.8872554895435667,121.9798228054498,0.0395159543649269,0.0214739570377979,0.0609899114027249,0.8975265017667845,254,142,112,29,0,137,94.78571428571422,68.89971139971142,3,26,3.0,3.0,110,0,249,79,0,79,249,0,4397.898226099284,439.7898226099284,9552.149125036603,955.2149125036606,434.3877662307319,43.4387766230732,5537.240972870829,553.7240972870829,5015.0,501.5,0,0,0.0473928571428571,-0.00165,0.0473928571428571,-0.00165,0.0,0.0,0.0473928571428571,0.0015,0.0592535678777402,0.1497797302066996,-0.131407308658549,0.0018658622176079,0.000468343253206,-0.0129930947227176,-0.0018098936717252,-0.0011849999999999,-0.0003873936717252,-0.0002375,0.0,0.0,0.0,0.0,0.0,0.000468343253206,0.0080083432532059,0.0473928571428571,0.000468343253206,0.0,0.0,0.0395159543649277,0.021473957037798,-0.0125037389483752,0.0327998556998557,-0.0031259347370938,0.0245998917748917,0.0018658622176079,0.0018658622176079,0.4514649576135736,0.1684850836434723,0.1145786176456481,0.0,0.0,0.0068912624755706,0.0,0.0,0.0075399999999998,0.0344498556998557,-0.00165,0.0395,0.1245,-0.0584580255237718,-0.0571110167540609,-0.0013470087697108,0.2534024346606909,0.1374799434082686,0.1159224912524223,0.9373847842216492,0.8499064445495605,8194,7468,0,0.2493149999115202,0.8833304953575134,11,8,15662,8194,7468,0.0786841627286214,cuda,72.41162109375,,,,,,,,,,,,
89,130,200,True,1079,1079,988,674,314,58,256,0.3178137651821862,0.0587044534412955,0.2591093117408907,0.3961424332344214,2.133531157270029,0.7339491203692617,14.785316000352628,27.36032778183855,0.5175824886841581,0.5206564928153502,0.1920848315421392,0.0826506841276946,0.1729542301133142,0.5149964580107868,0.2087151487634271,0.1141494718772008,0.146765715691319,0.0056600348045634,-0.0166303172212878,-0.0314987877495061,0.0261885144219952,11.93421052631579,11.93421052631579,9.407894736842104,0.5192307692307693,0.1513086653920551,0.0500320117912378,-0.1338725773804745,-0.098624440545634,988,91,0,91,1.0,1.839666357738647,1.839666357738647,1.998987854251012,101.50419745930752,58.38428262344536,-5.570803956641224,63.95508658008656,0.9198743962337542,159.8884800827529,0.0507520987296537,0.0291921413117226,0.0799442400413764,0.8327402135231317,234,162,72,47,0,160,122.97619047619044,92.97344877344878,7,40,7.0,7.0,71,0,256,58,0,58,256,0,4383.342366472277,438.33423664722767,9537.110324210957,953.7110324210956,435.8630747091695,43.58630747091695,5524.831134739181,552.4831134739181,4940.0,494.0,0,0,0.0614880952380952,-0.0038499999999999,0.0614880952380952,-0.0038499999999999,0.0,0.0,0.0614880952380952,0.0035,0.0682437776065993,0.1571382023729696,-0.1262041284917346,0.0030289878832331,0.0004881126958876,-0.0126854762832822,-0.0014257505095612,-0.00087,-0.0003982505095612,-0.0001575,0.0,0.0,0.0,0.0,0.0,0.0004881126958876,0.0078081126958875,0.0614880952380952,0.0004881126958876,0.0,0.0,0.0507520987296543,0.0291921413117226,-0.0111416079132824,0.0426367243867243,-0.0027854019783206,0.0319775432900432,0.0030289878832331,0.0030289878832331,0.462442342702521,0.146250469184973,0.0814192082501503,0.0,0.0,0.0107147059608052,0.0,0.0,0.0073199999999998,0.0464867243867243,-0.0038499999999999,0.029,0.128,-0.004477896042582,-0.0039482989762392,-0.0005295970663428,0.2899538002411524,0.1536984880765279,0.1362553121646245,0.9346030950546264,0.8417051434516907,8313,7577,0,0.235512575507164,0.8590520270665487,12,8,15890,8313,7577,0.0837551949211441,cuda,74.0458984375,,,,,,,,,,,,
90,131,200,True,1093,1093,1007,758,249,64,185,0.2472691161866931,0.0635551142005958,0.1837140019860973,0.4129287598944591,2.1015831134564644,0.7435428023259684,14.223641884987462,27.833586700120264,0.5291274942024267,0.4949342410490506,0.2136262608028575,0.0849538486688041,0.1554938040398513,0.4938683598093433,0.2387165544925645,0.119411734664766,0.1373846596598349,0.0010658812397073,-0.025090293689707,-0.0344578859959618,0.0181091443800163,12.18867924528302,12.18867924528302,9.526315789473683,0.5163853028798411,0.1713412362743944,0.0937556701614302,-0.1316190776014587,0.001189717109937,1007,86,0,86,1.0,1.8133577310155533,1.8133577310155533,1.9642502482621649,86.29027128802494,48.19519711726471,-6.7393808048131945,54.93457792207791,0.8907256653548544,134.48546840528965,0.0431451356440124,0.0240975985586323,0.0672427342026448,0.8494623655913979,237,154,83,42,0,152,103.66666666666664,75.44610389610388,2,40,2.0,2.0,80,0,185,64,0,64,185,0,4390.681502588725,439.06815025887255,9568.866255778375,956.8866255778375,470.71388543559976,47.071388543559976,5532.056067173025,553.2056067173025,5035.0,503.5,0,0,0.0518333333333333,-0.0011,0.0518333333333333,-0.0011,0.0,0.0,0.0518333333333333,0.001,0.0650952784288861,0.170354452065198,-0.1422585277359525,0.0025912532915169,0.000172344886729,-0.014584677821795,-0.0015071005409683,-0.00096,-0.0003621005409683,-0.000185,0.0,0.0,0.0,0.0,0.0,0.000172344886729,0.0083923448867289,0.0518333333333333,0.000172344886729,0.0,0.0,0.0431451356440133,0.0240975985586323,-0.0134787616096263,0.0366230519480519,-0.0033696904024065,0.0274672889610389,0.0025912532915169,0.0025912532915169,0.4799604234899804,0.1735012508775148,0.0897820043665548,0.0,0.0,0.0088841506660286,0.0,0.0,0.0082199999999998,0.0377230519480519,-0.0011,0.032,0.0925,-0.004477896042582,-0.0039482989762392,-0.0005295970663428,0.2899538002411524,0.1536984880765279,0.1362553121646245,0.9346030950546264,0.8417051434516907,8313,7577,0,0.235512575507164,0.8590520270665487,12,8,15890,8313,7577,0.0837551949211441,cuda,74.0458984375,,,,,,,,,,,,
91,132,200,True,1147,1147,1056,764,292,67,225,0.2765151515151515,0.0634469696969697,0.2130681818181818,0.3298429319371728,2.2801047120418847,0.7399624880227743,14.430451959839663,30.26552064365741,0.5766383455930636,0.5448351484669752,0.231966498771107,0.0864188960943546,0.1612159271361257,0.5396374919261607,0.2547458177883451,0.1200671531967038,0.1407258995694074,0.0051976565408144,-0.022779319017238,-0.0336482571023492,0.0204900275667183,14.449810606060606,14.446969696969695,11.710227272727272,0.584280303030303,0.192334990143912,0.0325495802250174,-0.0567750876821541,-0.0838519058992129,1056,91,0,91,1.0,1.7375762859633828,1.7375762859633828,1.887310606060606,105.6528297890324,55.30259174573961,-7.2609283738466734,62.56352011958628,0.896011661667051,160.95542153477203,0.0528264148945162,0.0276512958728698,0.080477710767386,0.7887323943661971,224,153,71,60,0,152,127.66825396825396,88.91802682611505,5,55,5.0,5.0,70,0,225,67,0,67,225,0,3907.924110267745,390.7924110267745,8711.69549929352,871.1695499293521,525.9101478809354,52.59101478809354,4924.588309146368,492.4588309146368,5280.0,528.0,0,0,0.0638341269841269,-0.00275,0.0638341269841269,-0.00275,0.0,0.0,0.0638341269841269,0.0025,0.0646423643015364,0.1915049549138345,-0.1857680322184803,0.0027740482831489,0.0004855665360732,-0.0160200616628339,-0.0016584672303439,-0.001005,-0.0004734672303439,-0.00018,0.0,0.0,0.0,0.0,0.0,0.0004855665360732,0.0087955665360731,0.0638341269841269,0.0004855665360732,0.0,0.0,0.052826414894517,0.0276512958728698,-0.0145218567476933,0.0417090134130575,-0.0036304641869233,0.0312817600597931,0.0027740482831489,0.0027740482831489,0.486377944130555,0.1890105919378485,0.0994835533755381,0.0,0.0,0.0124329933831229,0.0,0.0,0.0083099999999998,0.0444590134130575,-0.00275,0.0335,0.1125,-0.004477896042582,-0.0039482989762392,-0.0005295970663428,0.2899538002411524,0.1536984880765279,0.1362553121646245,0.9346030950546264,0.8417051434516907,8313,7577,0,0.235512575507164,0.8590520270665487,12,8,15890,8313,7577,0.0837551949211441,cuda,74.0458984375,,,,,,,,,,,,
92,133,200,True,1022,1022,924,628,296,48,248,0.3203463203463203,0.0519480519480519,0.2683982683982684,0.4187898089171974,2.140127388535032,0.7561518364366452,13.96035356886068,31.02168694223948,0.5503015533414228,0.5466453003560662,0.2261119184861327,0.0502596096518289,0.1710779958042749,0.536979456877063,0.2475314216101008,0.0795641596752343,0.1506774333768352,0.0096658434790031,-0.021419503123968,-0.0293045500234054,0.0204005624274396,14.442640692640692,14.311688311688313,11.897186147186147,0.5216450216450217,0.1798110710987778,0.0226774648643988,-0.1049962628319623,-0.0804134535872755,924,98,0,98,1.0,1.9452054794520548,1.9452054794520548,2.1515151515151514,120.19793577824842,69.41784715508089,-5.613170981838945,75.03101813691987,0.9303958407521112,189.6157829333293,0.0600989678891242,0.0347089235775404,0.0948078914666646,0.7237762237762237,207,167,40,79,0,165,146.4440476190476,111.04135751589314,11,68,11.0,10.0,40,0,248,48,0,48,248,0,4598.366443262096,459.8366443262096,9960.980500719124,996.0980500719122,442.33725809014624,44.23372580901462,5792.871532226332,579.2871532226333,4620.0,462.0,0,0,0.0732220238095238,-0.0060499999999999,0.0732220238095238,-0.0060499999999999,0.0,0.0,0.0732220238095238,0.0055,0.0708278221218166,0.1535817405161059,-0.1456980198830132,0.002990863679452,0.0008467442075255,-0.0125668863749768,-0.0012420130116695,-0.00072,-0.0003945130116695,-0.0001275,0.0,0.0,0.0,0.0,0.0,0.0008467442075255,0.0076067442075254,0.0732220238095238,0.0008467442075255,0.0,0.0,0.0600989678891247,0.0347089235775404,-0.0112263419636778,0.0500206787579465,-0.0028065854909194,0.0375155090684599,0.002990863679452,0.002990863679452,0.4799611031167871,0.1699458699480242,0.0719068023316555,0.0,0.0,0.0192010864977722,0.0,0.0,0.0067599999999999,0.0555206787579465,-0.0054999999999999,0.024,0.124,-0.004477896042582,-0.0039482989762392,-0.0005295970663428,0.2899538002411524,0.1536984880765279,0.1362553121646245,0.9346030950546264,0.8417051434516907,8313,7577,0,0.235512575507164,0.8590520270665487,12,8,15890,8313,7577,0.0837551949211441,cuda,74.0458984375,,,,,,,,,,,,
93,134,200,True,1049,1049,954,677,277,52,225,0.290356394129979,0.0545073375262054,0.2358490566037736,0.4062038404726735,2.121122599704579,0.7371209309583576,14.407216741204088,27.121790129113585,0.5408045952602553,0.5066710326000718,0.2267426432686771,0.0761167818784955,0.162763156855212,0.4998913140557541,0.2420486121643417,0.1145637850373422,0.1374457244083087,0.0067797185443176,-0.0153059688956645,-0.0384470031588466,0.0253174324469032,11.725366876310272,11.60062893081761,9.037735849056604,0.4874213836477987,0.2018483595258377,0.1034530406843664,-0.1276224658467717,-0.0715136209718921,954,95,0,95,1.0,1.88465204957102,1.88465204957102,2.0670859538784065,96.1523014066046,47.14862274749773,-5.651412633787633,52.800035381285376,0.9033144117776124,143.30092415410235,0.0480761507033023,0.0235743113737488,0.0716504620770511,0.8197879858657244,232,159,73,51,0,156,116.24285714285716,77.00004717504717,6,45,6.0,6.0,72,0,225,52,0,52,225,0,4557.93828225474,455.79382822547393,9901.23477479854,990.1234774798538,452.7654923493441,45.276549234934414,5738.615377299973,573.8615377299973,4770.0,477.0,0,0,0.0581214285714285,-0.0033,0.0581214285714285,-0.0033,0.0,0.0,0.0581214285714285,0.003,0.0670113354980429,0.1519182633051721,-0.124128576217311,0.0029410481388283,0.0006050392307971,-0.0133136258549809,-0.001207632358065,-0.00078,-0.000290132358065,-0.0001375,0.0,0.0,0.0,0.0,0.0,0.0006050392307971,0.007895039230797,0.0581214285714285,0.0006050392307971,0.0,0.0,0.0480761507033031,0.0235743113737488,-0.0113028252675752,0.0352000235875236,-0.0028257063168938,0.0264000176906426,0.0029410481388283,0.0029410481388283,0.4750389545166203,0.173621672505386,0.0945863307695885,0.0,0.0,0.0133399201305939,0.0,0.0,0.0072899999999998,0.0385000235875236,-0.0033,0.026,0.1125,-0.004477896042582,-0.0039482989762392,-0.0005295970663428,0.2899538002411524,0.1536984880765279,0.1362553121646245,0.9346030950546264,0.8417051434516907,8313,7577,0,0.235512575507164,0.8590520270665487,12,8,15890,8313,7577,0.0837551949211441,cuda,74.0458984375,,,,,,,,,,,,
94,135,200,True,1022,1022,942,711,231,47,184,0.2452229299363057,0.0498938428874734,0.1953290870488322,0.4486638537271448,2.036568213783404,0.7112604024205698,15.329345147820968,26.335377071875392,0.5489625034083608,0.4681182756244549,0.1524993754326039,0.0567264711384762,0.1562836522029506,0.4591191053683915,0.1741134253803394,0.0731683465866332,0.1370404571289545,0.0089991702560634,-0.0216140499477354,-0.016441875448157,0.0192431950739961,9.90127388535032,9.90127388535032,7.279193205944798,0.4893842887473461,0.1579418123950494,0.1032475889049152,-0.0672408805443157,-0.0457870484722731,942,80,0,80,1.0,1.9569471624266144,1.9569471624266144,2.123142250530785,118.98047801179592,74.83604150471653,-5.916068884893846,80.75211038961042,0.9317388580858972,193.81651951651247,0.0594902390058979,0.0374180207523582,0.0969082597582562,0.8345070422535211,237,167,70,47,0,167,144.6166666666667,112.06948051948048,4,43,4.0,4.0,69,0,184,47,0,47,184,0,4713.495304532125,471.3495304532125,10193.682394801852,1019.3682394801853,480.3637483467817,48.03637483467817,5937.326069996165,593.7326069996165,4710.0,471.0,0,0,0.0723083333333333,-0.0022,0.0723083333333333,-0.0022,0.0,0.0,0.0723083333333333,0.002,0.071672952173062,0.1447624561201885,-0.0897845652098908,0.003096037746358,0.0006378616961564,-0.0141931759923308,-0.0011168575463029,-0.000705,-0.0002843575463029,-0.0001275,0.0,0.0,0.0,0.0,0.0,0.0006378616961564,0.0082178616961563,0.0723083333333333,0.0006378616961564,0.0,0.0,0.0594902390058989,0.0374180207523582,-0.0118321377697876,0.0538347402597402,-0.0029580344424469,0.0403760551948052,0.003096037746358,0.003096037746358,0.4516692684779324,0.1203923054700446,0.0629826907255526,0.0,0.0,0.0193176762319634,0.0,0.0,0.0075799999999998,0.0560347402597402,-0.0022,0.0235,0.092,-0.004477896042582,-0.0039482989762392,-0.0005295970663428,0.2899538002411524,0.1536984880765279,0.1362553121646245,0.9346030950546264,0.8417051434516907,8313,7577,0,0.235512575507164,0.8590520270665487,12,8,15890,8313,7577,0.0837551949211441,cuda,74.0458984375,,,,,,,,,,,,
95,136,200,True,872,872,789,612,177,33,144,0.2243346007604562,0.0418250950570342,0.182509505703422,0.4101307189542483,2.07843137254902,0.7349267117192153,14.617749228196985,24.39291677697032,0.5646979090925253,0.4858006907541767,0.1590505339253961,0.0357793601400225,0.1577640996722419,0.4752277920594792,0.1811678198354891,0.0505779365182616,0.1382071712401275,0.0105728986946975,-0.0221172859100929,-0.0147985763782391,0.0195569284321143,10.365019011406844,10.365019011406844,7.653992395437262,0.4866920152091255,0.1339870810594078,0.1466632890356355,-0.1528556068924439,-0.0764594849178636,789,83,0,83,1.0,2.1192660550458715,2.1192660550458715,2.3422053231939164,127.81747588249932,80.91451258662248,-4.978001149641248,85.89251373626375,0.945218741679944,208.7319884691218,0.0639087379412496,0.0404572562933112,0.1043659942345609,0.7711267605633803,219,172,47,65,0,169,158.14285714285714,124.42335164835164,9,56,9.0,9.0,46,0,144,33,1,33,144,0,4861.864411995328,486.1864411995328,10251.454763103886,1025.1454763103886,437.4951507017281,43.74951507017281,6122.556848922348,612.2556848922347,3945.0,394.5,0,1,0.0790714285714285,-0.00495,0.0790714285714285,-0.00495,0.0,0.0,0.0790714285714285,0.0045,0.0720359930985151,0.1253238035672077,-0.0758836772178102,0.0032685257262192,0.0008079754205339,-0.0125670952732038,-0.0008093343543034,-0.000495,-0.0002293343543034,-8.500000000000005e-05,0.0,0.0,0.0,-0.001,-0.001,0.0008079754205339,0.0072579754205338,0.0780714285714285,0.0008079754205339,0.0,0.0,0.0639087379412504,0.0404572562933112,-0.0099560022992824,0.0572616758241757,-0.0024890005748206,0.0429462568681318,0.0032685257262192,0.0032685257262192,0.4497962232286615,0.1155616665254319,0.0390036120251863,0.0,0.0,0.0273059882878263,0.0,0.0,0.0064499999999999,0.0622116758241757,-0.00495,0.0165,0.072,-0.004477896042582,-0.0039482989762392,-0.0005295970663428,0.2899538002411524,0.1536984880765279,0.1362553121646245,0.9346030950546264,0.8417051434516907,8313,7577,0,0.235512575507164,0.8590520270665487,12,8,15890,8313,7577,0.0837551949211441,cuda,74.0458984375,,,,,,,,,,,,
96,137,200,True,1029,1029,917,629,288,43,245,0.3140676117775354,0.0468920392584514,0.2671755725190839,0.3942766295707472,2.1287758346581875,0.7402554166241178,14.700084173812018,26.785541465959035,0.520011007384613,0.4877499161208187,0.1820640206538342,0.1175019554171965,0.1535866780410889,0.4883118372274317,0.2076961149140268,0.1619798060682778,0.1289648615410151,-0.0005619211066129,-0.0256320942601926,-0.0444778506510812,0.0246218165000737,10.151581243184296,10.151581243184296,7.69247546346783,0.4667393675027262,0.1291010322638951,0.1512641935196643,-0.0687313398362221,-0.0895372663246165,917,112,0,112,1.0,1.9261418853255587,1.9261418853255587,2.1603053435114505,93.59193518304004,55.69659845938588,-4.737319705782297,60.433918165168144,0.927309655907366,149.28853364242593,0.04679596759152,0.0278482992296929,0.0746442668212129,0.7572463768115942,209,161,48,67,0,159,113.29285714285712,88.27855755355755,8,59,8.0,7.0,46,0,245,43,0,43,245,0,4720.575592469589,472.0575592469589,10157.330901310768,1015.7330901310768,420.9872026723302,42.09872026723302,5945.941000805551,594.5941000805551,4585.0,458.5,0,0,0.0566464285714285,-0.0043999999999999,0.0566464285714285,-0.0043999999999999,0.0,0.0,0.0566464285714285,0.004,0.0683254749498565,0.1328440768313627,-0.1097811479107259,0.0033972402568832,0.0006741236718856,-0.0118940699485509,-0.001106219791392,-0.000645,-0.000353719791392,-0.0001075,0.0,0.0,0.0,0.0,0.0,0.0006741236718856,0.0073941236718855,0.0566464285714285,0.0006741236718856,0.0,0.0,0.0467959675915207,0.0278482992296929,-0.0094746394115645,0.0402892787767787,-0.0023686598528911,0.030216959082584,0.0033972402568832,0.0033972402568832,0.462926171039894,0.1334717947827006,0.1153614931048537,0.0,0.0,0.0128363288454788,0.0,0.0,0.0067199999999999,0.0441392787767787,-0.0038499999999999,0.0215,0.1225,-0.004477896042582,-0.0039482989762392,-0.0005295970663428,0.2899538002411524,0.1536984880765279,0.1362553121646245,0.9346030950546264,0.8417051434516907,8313,7577,0,0.235512575507164,0.8590520270665487,12,8,15890,8313,7577,0.0837551949211441,cuda,74.0458984375,,,,,,,,,,,,
97,138,200,True,992,992,915,692,223,33,190,0.2437158469945355,0.0360655737704918,0.2076502732240437,0.4985549132947977,1.917630057803468,0.7889036948798019,13.3073351507242,27.500806709859155,0.4642677874724993,0.5025747005391672,0.211029540849688,0.0586315450834573,0.1857935591961521,0.4941230198163862,0.2302956362604836,0.0798553395814483,0.1548816879748264,0.0084516807227809,-0.0192660954107955,-0.0212237944979909,0.0309118712213256,11.817486338797814,11.817486338797814,9.306010928961747,0.4852459016393443,0.1672817521392019,0.0655460374096384,-0.1262571117621568,-0.0690916788052626,915,77,0,77,1.0,1.9828629032258065,1.9828629032258065,2.143169398907104,128.64393760809074,76.63679012159766,-4.4489054328479245,81.08569555444558,0.9479870674382544,205.2807277296884,0.0643219688040453,0.0383183950607988,0.1026403638648442,0.8006993006993007,229,177,52,57,0,174,156.89285714285714,118.01426073926076,9,48,9.0,9.0,52,0,190,33,0,33,190,0,4807.771890736626,480.7771890736626,10353.641904044567,1035.3641904044566,417.06150509350186,41.70615050935019,6057.723585630665,605.7723585630665,4575.0,457.5,0,0,0.0784464285714285,-0.0049499999999999,0.0784464285714285,-0.0049499999999999,0.0,0.0,0.0784464285714285,0.0045,0.0744930041405963,0.1492384186594272,-0.107589557530592,0.0037679717466753,0.0005741297345124,-0.011682665782468,-0.0008371587212284,-0.000495,-0.0002521587212284,-9.000000000000005e-05,0.0,0.0,0.0,0.0,0.0,0.0005741297345124,0.0078241297345123,0.0784464285714285,0.0005741297345124,0.0,0.0,0.0643219688040461,0.0383183950607988,-0.0088978108656958,0.0540571303696303,-0.0022244527164239,0.0405428477772227,0.0037679717466753,0.0037679717466753,0.4712107624963297,0.1553422822148209,0.0608645143550786,0.0,0.0,0.0226428126924475,0.0,0.0,0.0072499999999998,0.0590071303696303,-0.0049499999999999,0.0165,0.095,-0.0041714103232758,-0.0020858591073192,-0.0020855512159566,0.2887128853797912,0.1670952290296554,0.1216176563501358,0.9323612451553344,0.864118218421936,7994,7408,0,0.2184386134147644,0.8091622233390808,13,8,15402,7994,7408,0.0872286411260111,cuda,71.98095703125,,,,,,,,,,,,
98,139,200,True,1084,1084,995,750,245,71,174,0.2462311557788944,0.0713567839195979,0.1748743718592965,0.4373333333333333,2.066666666666667,0.7423429024616878,14.633341196695964,26.79152749379476,0.5506382479670768,0.4953116600314776,0.1994562355031569,0.1027073100035389,0.1523741664377351,0.4951661889751752,0.2223918749305109,0.1473950310995181,0.1276801211920877,0.0001454710563023,-0.0229356394273539,-0.0446877210959792,0.0246940452456474,11.650251256281408,11.650251256281408,8.98391959798995,0.5396984924623116,0.0808888350669291,0.1140724293416947,-0.1302510692302276,-0.0805869066984939,995,89,0,89,1.0,1.828413284132841,1.828413284132841,1.9889447236180904,85.22564847525491,46.16487377552196,-6.554858881526892,52.71973265704881,0.8894153681807995,131.39052225077688,0.0426128242376274,0.0230824368877609,0.0656952611253884,0.8491228070175438,242,164,78,43,0,162,102.36666666666667,74.69297687606516,4,39,4.0,4.0,74,0,174,71,0,71,174,0,4370.123392115082,437.0123392115082,9575.762346456457,957.5762346456456,489.0764769313792,48.90764769313792,5506.947798523457,550.6947798523457,4975.0,497.5,0,0,0.0511833333333333,-0.0022,0.0511833333333333,-0.0022,0.0,0.0,0.0511833333333333,0.002,0.0689871646697183,0.1668304647774285,-0.1466256975392492,0.0037258770770992,0.0001207878548039,-0.0150174067654084,-0.0016369408230159,-0.001065,-0.0003794408230159,-0.0001925,0.0,0.0,0.0,0.0,0.0,0.0001207878548039,0.0083307878548037,0.0511833333333333,0.0001207878548039,0.0,0.0,0.0426128242376281,0.0230824368877609,-0.0131097177630537,0.0351464884380325,-0.0032774294407634,0.0263598663285244,0.0037258770770992,0.0037258770770992,0.4757866214182615,0.1630324499413468,0.1203455375678263,0.0,0.0,0.0052661162094111,0.0,0.0,0.0082099999999998,0.0373464884380325,-0.0022,0.0355,0.087,-0.0041714103232758,-0.0020858591073192,-0.0020855512159566,0.2887128853797912,0.1670952290296554,0.1216176563501358,0.9323612451553344,0.864118218421936,7994,7408,0,0.2184386134147644,0.8091622233390808,13,8,15402,7994,7408,0.0872286411260111,cuda,71.98095703125,,,,,,,,,,,,
99,140,200,True,1075,1075,994,700,294,40,254,0.2957746478873239,0.0402414486921529,0.255533199195171,0.3585714285714286,2.1985714285714284,0.7459911169537476,14.38004876273019,29.936797266517367,0.5225355695421292,0.5242749719747475,0.2144071535845952,0.0677668481293533,0.173034172787198,0.5149202511353153,0.2333132019772061,0.0904063603711048,0.1459052575539265,0.0093547208394322,-0.0189060483926108,-0.0226395122417514,0.0271289152332714,11.271629778672033,11.269617706237424,8.638832997987928,0.5492957746478874,0.1525267363591727,0.1108254184774787,-0.1569690911520758,-0.0892552752159858,994,81,0,81,1.0,1.8465116279069769,1.8465116279069769,1.9969818913480888,104.72676091760474,59.86456632972207,-5.952799148344449,65.81736547806649,0.9170574683877224,164.5913272473268,0.0523633804588023,0.029932283164861,0.0822956636236634,0.8220640569395018,231,155,76,50,0,153,126.85238095238093,95.02710345210345,7,43,7.0,6.609651043649786,75,0,254,40,0,40,254,0,4425.089547137103,442.5089547137103,9609.00315612915,960.900315612915,443.4437337585725,44.34437337585725,5573.382810943905,557.3382810943905,4970.0,497.0,0,0,0.0634261904761904,-0.00385,0.0634261904761904,-0.00385,0.0,0.0,0.0634261904761904,0.0035,0.0656790445804173,0.1621600574827871,-0.1288199875830993,0.0022704633798046,0.0007121403892499,-0.0133009053991981,-0.000974660502161,-0.0006,-0.000269660502161,-0.000105,0.0,0.0,0.0,0.0,0.0,0.0007121403892499,0.0081121403892498,0.0634261904761904,0.0007121403892499,0.0,0.0,0.0523633804588031,0.029932283164861,-0.0119055982966888,0.0438782436520443,-0.0029763995741722,0.0329086827390332,0.0022704633798046,0.0022704633798046,0.4656265154365073,0.1521293591277023,0.0756034160104637,0.0,0.0,0.0128975216061543,0.0,0.0,0.0073999999999998,0.0475135517260517,-0.0036353080740073,0.02,0.127,-0.0041714103232758,-0.0020858591073192,-0.0020855512159566,0.2887128853797912,0.1670952290296554,0.1216176563501358,0.9323612451553344,0.864118218421936,7994,7408,0,0.2184386134147644,0.8091622233390808,13,8,15402,7994,7408,0.0872286411260111,cuda,71.98095703125,,,,,,,,,,,,
100,141,200,True,934,934,870,609,261,26,235,0.3,0.0298850574712643,0.2701149425287356,0.3940886699507389,2.139573070607553,0.7410887228737911,14.409828665221266,30.891774955837207,0.5295883143410142,0.5306625782660467,0.1815135492767361,0.036986150352165,0.1756497798655763,0.5201681542817399,0.197663123378368,0.0513292736639933,0.1558423203176074,0.0104944239843067,-0.0161495741016318,-0.0143431233118283,0.0198074595479689,12.591954022988508,12.591954022988508,10.116091954022988,0.4689655172413793,0.1305221673101954,0.0150938503167483,-0.0172547526714075,-0.0629274253520942,870,64,0,64,1.0,1.993576017130621,1.993576017130621,2.1344827586206896,120.0205298024552,75.6606171619866,-4.911406647537207,80.5720238095238,0.9425455129575756,195.68114696444167,0.0600102649012275,0.0378303085809932,0.0978405734822208,0.7964912280701755,227,166,61,58,0,162,148.66666666666666,112.92936507936508,5,53,5.0,5.0,61,0,235,26,1,26,235,0,4682.356735050254,468.23567350502543,9761.553677268876,976.1553677268878,400.9618176899491,40.09618176899491,5899.31268740986,589.931268740986,4350.0,435.0,0,1,0.0743333333333333,-0.00275,0.0743333333333333,-0.00275,0.0,0.0,0.0743333333333333,0.0025,0.0693074085514003,0.1370554638513283,-0.1026049272771033,0.0023960227209592,0.0003679911728048,-0.011727973962228,-0.0007367602606382,-0.00039,-0.0002792602606382,-6.750000000000004e-05,0.0,0.0,0.0,-0.001,-0.001,0.0003679911728048,0.0067179911728047,0.0733333333333333,0.0003679911728048,0.0,0.0,0.0600102649012283,0.0378303085809932,-0.0098228132950744,0.0537146825396825,-0.0024557033237686,0.0402860119047619,0.0023960227209592,0.0023960227209592,0.4576599982971999,0.1272727678569605,0.040028738890041,0.0,0.0,0.0218450572400849,0.0,0.0,0.0063499999999999,0.0564646825396825,-0.00275,0.013,0.1175,-0.0041714103232758,-0.0020858591073192,-0.0020855512159566,0.2887128853797912,0.1670952290296554,0.1216176563501358,0.9323612451553344,0.864118218421936,7994,7408,0,0.2184386134147644,0.8091622233390808,13,8,15402,7994,7408,0.0872286411260111,cuda,71.98095703125,,,,,,,,,,,,
101,142,200,True,979,979,909,698,211,50,161,0.2321232123212321,0.055005500550055,0.1771177117711771,0.4598853868194842,1.9799426934097424,0.7541775151147884,14.133431517975378,24.85001429682731,0.5456736705619188,0.4741446960151708,0.2140766263680591,0.0399567800171054,0.1566183050923625,0.4665548919478597,0.2351444070294157,0.0714908849479988,0.1319282815356693,0.007589804067311,-0.0210677806613566,-0.0315341049308934,0.0246900235566932,10.898789878987898,10.898789878987898,8.236523652365236,0.4928492849284928,0.1443243139921289,0.1130956930234265,-0.1044610739810612,0.0001276252994694,909,70,0,70,1.0,1.9897854954034728,1.9897854954034728,2.137513751375137,120.37579171487327,70.21738014698788,-6.514194528336818,76.73157467532467,0.9217474402524916,190.59317186186115,0.0601878958574366,0.0351086900734939,0.0952965859309305,0.7608695652173914,210,173,37,66,0,168,146.24285714285713,112.20876623376624,9,57,9.0,9.0,36,0,161,50,0,50,161,0,4915.658897499097,491.5658897499097,10544.629353297449,1054.4629353297448,469.2480552447061,46.92480552447061,6191.654591224796,619.1654591224795,4545.0,454.5,0,0,0.0731214285714285,-0.0049499999999999,0.0731214285714285,-0.0049499999999999,0.0,0.0,0.0731214285714285,0.0045,0.0718159557530801,0.1471536683768099,-0.0967136870562202,0.0023007499301132,0.0009737650014688,-0.0138501898713064,-0.0012171941452425,-0.00075,-0.0003321941452425,-0.000135,0.0,0.0,0.0,0.0,0.0,0.0009737650014688,0.0084537650014686,0.0731214285714285,0.0009737650014688,0.0,0.0,0.0601878958574375,0.0351086900734939,-0.0130283890566736,0.0511543831168831,-0.0032570972641684,0.0383657873376623,0.0023007499301132,0.0023007499301132,0.4843585251997424,0.1610551676272575,0.0806156715258287,0.0,0.0,0.0197905316353847,0.0,0.0,0.0074799999999998,0.0561043831168831,-0.0049499999999999,0.025,0.0805,-0.0041714103232758,-0.0020858591073192,-0.0020855512159566,0.2887128853797912,0.1670952290296554,0.1216176563501358,0.9323612451553344,0.864118218421936,7994,7408,0,0.2184386134147644,0.8091622233390808,13,8,15402,7994,7408,0.0872286411260111,cuda,71.98095703125,,,,,,,,,,,,
102,143,200,True,827,827,769,594,175,37,138,0.2275682704811443,0.048114434330299,0.1794538361508452,0.3888888888888889,2.0707070707070705,0.7600962687221039,14.080209003153072,28.811331997741554,0.5139784147914519,0.5254335913694266,0.2016406208151318,0.0687925805312641,0.1769949450104274,0.5171625874560288,0.2267559191560128,0.1010614774164019,0.1416923016566871,0.0082710039133977,-0.025115298340881,-0.0322688968851378,0.0353026433537403,13.921976592977892,13.921976592977892,11.11703511053316,0.5851755526657998,0.1215504613396097,0.1072122368046487,-0.1290869699668552,-0.0750440270633139,769,58,0,58,1.0,2.128174123337364,2.128174123337364,2.2873862158647595,105.98245076236326,63.70383128001733,-5.25093894975289,68.9547702297702,0.9292380733529614,169.68628204238058,0.0529912253811816,0.0318519156400086,0.0848431410211903,0.7391304347826086,204,159,45,72,0,157,133.0595238095238,98.53969363969362,6,66,6.0,6.0,45,0,138,37,2,37,138,0,4728.897561144802,472.8897561144802,9651.837358018782,965.183735801878,380.8070153495109,38.08070153495109,5954.111623048178,595.4111623048178,3845.0,384.5,0,2,0.0665297619047619,-0.0033,0.0665297619047619,-0.0033,0.0,0.0,0.0665297619047619,0.003,0.0676924896045375,0.1342581060610623,-0.1023823745800101,0.0016038438745677,0.0005270792868605,-0.0111019337634623,-0.0009338056913881,-0.000555,-0.0002813056913881,-9.750000000000008e-05,0.0,0.0,0.0,-0.002,-0.002,0.0005270792868605,0.0068370792868604,0.0645297619047619,0.0005270792868605,0.0,0.0,0.0529912253811823,0.0318519156400086,-0.0105018778995057,0.0459698468198468,-0.0026254694748764,0.0344773851148851,0.0016038438745677,0.0016038438745677,0.4583924327694064,0.1391981945364654,0.0674669585534472,0.0,0.0,0.0148881795209386,0.0,0.0,0.0063099999999999,0.0492698468198468,-0.0033,0.0185,0.069,-0.0041714103232758,-0.0020858591073192,-0.0020855512159566,0.2887128853797912,0.1670952290296554,0.1216176563501358,0.9323612451553344,0.864118218421936,7994,7408,0,0.2184386134147644,0.8091622233390808,13,8,15402,7994,7408,0.0872286411260111,cuda,71.98095703125,,,,,,,,,,,,
103,144,200,True,1014,1014,938,546,392,26,366,0.417910447761194,0.0277185501066098,0.3901918976545842,0.4249084249084249,2.0824175824175826,0.7573116723543558,14.00781149217934,31.49320889183836,0.5266925536592407,0.550687662711292,0.1542457191157581,0.0397280673897269,0.1977702032488126,0.5447273220007236,0.1778108679140225,0.0626699746596616,0.164125167061967,0.0059603407105683,-0.0235651487982644,-0.0229419072699347,0.0336450361868455,12.282515991471216,12.266524520255864,10.245202558635397,0.4051172707889126,0.1715906928597121,0.0586415901981305,-0.0546862109203639,0.0272352907084784,938,76,0,76,1.0,1.952662721893491,1.952662721893491,2.109808102345416,116.26014337403132,62.82464468246139,-3.960176746110033,66.78482142857142,0.9440218128731632,179.0847880564927,0.0581300716870156,0.0314123223412306,0.0895423940282463,0.7544483985765125,212,166,46,69,0,163,142.08333333333334,101.14642857142854,11,58,11.0,11.0,45,0,366,26,0,26,366,0,4772.141545633913,477.2141545633913,10196.807131799498,1019.68071317995,374.2194348677792,37.42194348677792,6010.554049101145,601.0554049101145,4690.0,469.0,0,0,0.0710416666666666,-0.0060499999999999,0.0710416666666666,-0.0060499999999999,0.0,0.0,0.0710416666666666,0.0055,0.0702269057668902,0.127072748371174,-0.0929251540372485,0.0031175214402391,0.0007636917684116,-0.0104572412515371,-0.0007145796592283,-0.00039,-0.0002545796592283,-7.000000000000005e-05,0.0,0.0,0.0,0.0,0.0,0.0007636917684116,0.0064836917684115,0.0710416666666666,0.0007636917684116,0.0,0.0,0.058130071687016,0.0314123223412306,-0.00792035349222,0.0445232142857142,-0.001980088373055,0.0333924107142857,0.0031175214402391,0.0031175214402391,0.4454239818808632,0.1169104699779904,0.0434159916157503,0.0,0.0,0.0215276119359411,0.0,0.0,0.0057199999999999,0.0505732142857142,-0.0060499999999999,0.013,0.183,-0.0041714103232758,-0.0020858591073192,-0.0020855512159566,0.2887128853797912,0.1670952290296554,0.1216176563501358,0.9323612451553344,0.864118218421936,7994,7408,0,0.2184386134147644,0.8091622233390808,13,8,15402,7994,7408,0.0872286411260111,cuda,71.98095703125,,,,,,,,,,,,
104,145,200,True,1089,1089,1018,747,271,48,223,0.2662082514734774,0.0471512770137524,0.2190569744597249,0.4631860776439089,2.0,0.7786843712669779,13.45475379147204,27.65466848634173,0.5062072222612202,0.5027084023638103,0.1867953518522751,0.1024285145615099,0.1675174116609565,0.4968610121662837,0.2061664280350727,0.1303456725800158,0.1434297962151617,0.0058473901975266,-0.0193710761827976,-0.0279171580185059,0.0240876154457948,11.719056974459724,11.719056974459724,9.196463654223969,0.4921414538310412,0.1363481057027186,0.0750229449297371,-0.089296033716037,-0.1213744788630941,1018,71,0,71,1.0,1.8236914600550964,1.8236914600550964,1.9459724950884087,102.8075313889539,56.542760474255495,-5.657783038604176,62.20054351285968,0.9166235991052136,159.3502918632094,0.0514037656944769,0.0282713802371277,0.0796751459316047,0.8576512455516014,241,159,82,40,0,157,124.3646825396825,88.43405801714623,5,35,5.0,5.0,81,0,223,48,0,48,223,0,4415.694486187485,441.5694486187485,9612.987875807694,961.2987875807694,447.4670298852225,44.74670298852225,5562.164236577538,556.2164236577538,5090.0,509.0,0,0,0.0621823412698412,-0.00275,0.0621823412698412,-0.00275,0.0,0.0,0.0621823412698412,0.0025,0.0672207047226489,0.1640834696312357,-0.1289542613916122,0.003617125997403,0.0003394633930196,-0.0137504289023362,-0.0011737400081745,-0.00072,-0.0003212400081745,-0.0001325,0.0,0.0,0.0,0.0,0.0,0.0003394633930196,0.0082894633930195,0.0621823412698412,0.0003394633930196,0.0,0.0,0.0514037656944778,0.0282713802371277,-0.0113155660772083,0.0414670290085731,-0.002828891519302,0.0311002717564298,0.003617125997403,0.003617125997403,0.4688983419620425,0.15246484405845,0.0997925193354655,0.0,0.0,0.0057225374225728,0.0,0.0,0.0079499999999998,0.0442170290085731,-0.00275,0.024,0.1115,-0.0041714103232758,-0.0020858591073192,-0.0020855512159566,0.2887128853797912,0.1670952290296554,0.1216176563501358,0.9323612451553344,0.864118218421936,7994,7408,0,0.2184386134147644,0.8091622233390808,13,8,15402,7994,7408,0.0872286411260111,cuda,71.98095703125,,,,,,,,,,,,
105,146,200,True,1052,1052,981,722,259,49,210,0.2640163098878695,0.0499490316004077,0.2140672782874617,0.4501385041551246,2.00415512465374,0.7225289179265004,15.141971256594248,27.286812729452457,0.5216247276964125,0.4887743039763535,0.2069205343155732,0.1093279648981111,0.1545944964587998,0.4861721128555546,0.2261157625488978,0.1483039897181277,0.1290790805595713,0.0026021911207989,-0.0191952282333245,-0.0389760248200165,0.0255154158992285,11.957186544342507,11.957186544342507,9.476044852191642,0.472986748216106,0.1976943573244803,0.0954309070704937,-0.1261478357790373,-0.0763035196752452,981,71,0,71,1.0,1.861216730038023,1.861216730038023,1.99592252803262,81.88057665554783,41.10562716042731,-6.422639364714198,47.528266525141504,0.8809540032965074,122.98620381597512,0.0409402883277739,0.0205528135802136,0.0614931019079875,0.7491289198606271,215,158,57,72,0,154,98.43809523809524,68.87102203352205,6,66,6.0,5.0,57,0,210,49,0,49,210,0,4582.754479956163,458.2754479956163,9882.047265805872,988.2047265805872,449.2169985830468,44.92169985830468,5770.520858695927,577.0520858695927,4905.0,490.5,0,0,0.0492190476190476,-0.0033,0.0492190476190476,-0.0033,0.0,0.0,0.0492190476190476,0.003,0.0661932773992329,0.1558786209955409,-0.128562488054585,0.0025718509047971,0.000115251162679,-0.01369502011876,-0.0011492051938202,-0.000735,-0.0002767051938202,-0.0001375,0.0,0.0,0.0,0.0,0.0,0.000115251162679,0.0078252511626789,0.0492190476190476,0.000115251162679,0.0,0.0,0.0409402883277745,0.0205528135802136,-0.0128452787294283,0.031685511016761,-0.003211319682357,0.0237641332625707,0.0025718509047971,0.0025718509047971,0.4834302130854934,0.1752805395909034,0.1338091325170986,0.0,0.0,0.0067608907648887,0.0,0.0,0.0077099999999998,0.034435511016761,-0.00275,0.0245,0.105,-0.0040452933466682,-0.0008337000850588,-0.0032115932616094,0.3225248025854428,0.1846828073263168,0.137841995259126,0.9172979593276978,0.8379837274551392,8169,7623,0,0.2004216287285089,0.7353207572301229,14,8,15792,8169,7623,0.0745660539689429,cuda,74.2578125,,,,,,,,,,,,
106,147,200,True,916,916,860,621,239,30,209,0.2779069767441861,0.0348837209302325,0.2430232558139534,0.4138486312399356,2.077294685990338,0.7473461689628457,14.17420452689203,28.20230261350408,0.5012306649730645,0.5315572955614127,0.1768931201486676,0.0288470606649543,0.1970792105226461,0.5252207251514598,0.1982193774095288,0.0459836697344249,0.1617759501174596,0.0063365704099529,-0.0213262572608612,-0.0171366090694706,0.0353032604051864,13.877906976744184,13.877906976744184,11.202325581395348,0.5488372093023256,0.1807814603314864,0.0513897325920141,-0.0920820962128286,-0.0558692726411279,860,56,0,56,1.0,2.0032751091703056,2.0032751091703056,2.133720930232558,116.28327441737356,73.95531328199728,-5.350295692361715,79.30560897435896,0.9367994977618498,190.23858769937084,0.0581416372086867,0.0369776566409986,0.0951192938496854,0.8285714285714286,232,163,69,48,0,159,143.68571428571423,113.440811965812,7,41,7.0,7.0,69,0,209,30,1,30,209,0,4665.497830429846,466.5497830429846,9791.55720476809,979.155720476809,395.0719275162529,39.50719275162529,5874.248242885914,587.4248242885914,4300.0,430.0,0,1,0.0718428571428571,-0.0038499999999999,0.0718428571428571,-0.0038499999999999,0.0,0.0,0.0718428571428571,0.0035,0.06825486044322,0.1447364396359156,-0.1096210400102344,0.0018782783399781,0.0008267574720053,-0.0113186997456029,-0.0008093682967669,-0.00045,-0.0002793682967669,-8.000000000000006e-05,0.0,0.0,0.0,-0.001,-0.001,0.0008267574720053,0.0073367574720052,0.0708428571428571,0.0008267574720053,0.0,0.0,0.0581416372086874,0.0369776566409986,-0.0107005913847234,0.0528704059829059,-0.0026751478461808,0.0396528044871794,0.0018782783399781,0.0018782783399781,0.4528868392284101,0.1232863038637154,0.0428681516543056,0.0,0.0,0.019913657383623,0.0,0.0,0.0065099999999999,0.0567204059829059,-0.0038499999999999,0.015,0.1045,-0.0040452933466682,-0.0008337000850588,-0.0032115932616094,0.3225248025854428,0.1846828073263168,0.137841995259126,0.9172979593276978,0.8379837274551392,8169,7623,0,0.2004216287285089,0.7353207572301229,14,8,15792,8169,7623,0.0745660539689429,cuda,74.2578125,,,,,,,,,,,,
107,148,200,True,1140,1140,1054,793,261,67,194,0.2476280834914611,0.0635673624288425,0.1840607210626186,0.4199243379571248,2.0529634300126105,0.7519688964979946,14.150354250683009,25.4433850825096,0.4639783294834088,0.4925879894897886,0.218648337875346,0.1602983979172394,0.1743660380201787,0.4985802544734216,0.2379049304543911,0.2260309584734757,0.1361165924272576,-0.0059922649836329,-0.019256592579045,-0.0657325605562363,0.0382494455929211,12.050284629981023,12.050284629981023,9.434535104364326,0.5199240986717267,0.0638923398956666,0.0640819065607165,-0.1262436089198913,-0.0738534394673702,1054,86,0,86,1.0,1.7359649122807017,1.7359649122807017,1.866223908918406,76.62399548865613,43.997780014410495,-5.867273162238562,49.86505317664901,0.8947240578733094,120.62177550306664,0.038311997744328,0.0219988900072052,0.0603108877515333,0.8309352517985612,231,153,78,47,0,150,91.28209290709292,73.08673756886536,7,40,7.0,6.0,78,0,194,67,0,67,194,0,4140.71592757915,414.071592757915,9043.22611071408,904.322611071408,436.8873311010672,43.68873311010672,5217.126755846482,521.7126755846482,5270.0,527.0,0,0,0.0456410464535464,-0.0038499999999999,0.0456410464535464,-0.0038499999999999,0.0,0.0,0.0456410464535464,0.0035,0.0639910187889355,0.1783536644516652,-0.1630203414606869,0.0031555514454036,0.0003958029074545,-0.0133794478278323,-0.0015754752760528,-0.001005,-0.0003929752760528,-0.0001775,0.0,0.0,0.0,0.0,0.0,0.0003958029074545,0.0089958029074544,0.0456410464535464,0.0003958029074545,0.0,0.0,0.0383119977443286,0.0219988900072052,-0.0117345463244771,0.0332433687844327,-0.0029336365811192,0.0249325265883245,0.0031555514454036,0.0031555514454036,0.4727678545319711,0.1679672302507837,0.1770752587089868,0.0,0.0,0.0059598148969342,0.0,0.0,0.0085999999999998,0.0365433687844326,-0.0033,0.0335,0.097,-0.0040452933466682,-0.0008337000850588,-0.0032115932616094,0.3225248025854428,0.1846828073263168,0.137841995259126,0.9172979593276978,0.8379837274551392,8169,7623,0,0.2004216287285089,0.7353207572301229,14,8,15792,8169,7623,0.0745660539689429,cuda,74.2578125,,,,,,,,,,,,
108,149,200,True,904,904,836,621,215,39,176,0.2571770334928229,0.0466507177033492,0.2105263157894736,0.4605475040257649,1.99194847020934,0.7856805716159839,13.45253957911198,26.84653064095072,0.4858616972415244,0.4949049509809788,0.1911495341326975,0.1014286975605764,0.1820331046180784,0.4893045214015312,0.2122274638737001,0.1354798612663981,0.142433844740696,0.0056004295794476,-0.0210779297410026,-0.0340511637058217,0.0395992598773824,11.663875598086124,11.663875598086124,9.196172248803828,0.4760765550239234,0.1081694034119951,0.0867185860748371,-0.127937895087614,-0.1214718196491679,836,68,0,68,1.0,2.0420353982300883,2.0420353982300883,2.185406698564593,111.95533381619676,72.50888949239629,-4.592003364746521,77.10089285714287,0.9437894409781484,184.46422330859303,0.0559776669080983,0.0362544447461981,0.0922321116542965,0.8450704225352113,240,165,75,44,0,163,138.39523809523808,105.00119047619047,2,42,2.0,2.0,75,0,176,39,1,39,176,0,4744.165703328604,474.4165703328604,9851.993238600176,985.1993238600174,377.241685309602,37.7241685309602,5974.377921717303,597.4377921717303,4180.0,418.0,0,1,0.069197619047619,-0.0011,0.069197619047619,-0.0011,0.0,0.0,0.069197619047619,0.001,0.0699969553435632,0.1314316970380887,-0.0959195000319746,0.0026578807592119,0.0004978583500156,-0.0109716405063024,-0.0008892418612067,-0.000585,-0.0001992418612067,-0.000105,0.0,0.0,0.0,-0.001,-0.001,0.0004978583500156,0.0070978583500155,0.068197619047619,0.0004978583500156,0.0,0.0,0.0559776669080991,0.0362544447461982,-0.009184006729493,0.0514005952380952,-0.0022960016823732,0.0385504464285714,0.0026578807592119,0.0026578807592119,0.4581558999271928,0.1315266040974881,0.0965954668702357,0.0,0.0,0.0134573010836334,0.0,0.0,0.0065999999999999,0.0525005952380952,-0.0011,0.0195,0.088,-0.0040452933466682,-0.0008337000850588,-0.0032115932616094,0.3225248025854428,0.1846828073263168,0.137841995259126,0.9172979593276978,0.8379837274551392,8169,7623,0,0.2004216287285089,0.7353207572301229,14,8,15792,8169,7623,0.0745660539689429,cuda,74.2578125,,,,,,,,,,,,
109,150,200,True,1231,1231,1164,863,301,63,238,0.2585910652920962,0.0541237113402061,0.20446735395189,0.4264194669756663,2.0753186558516803,0.747919805114819,14.379260978168295,28.90961422563152,0.4996492063094414,0.5085625430420128,0.2098542921858066,0.1008502175073168,0.1762137624725423,0.5094595026410469,0.2273419405401685,0.1541505035612978,0.1415049407203808,-0.0008969595990341,-0.0174876483543619,-0.0533002860539809,0.0347088217521615,12.411512027491408,12.411512027491408,9.758591065292096,0.5352233676975945,0.0935939709265786,0.0688406914338535,-0.0672663929920595,-0.0058731551517494,1164,67,0,67,1.0,1.602761982128351,1.602761982128351,1.6950171821305842,67.06814948392845,26.625703470469983,-7.162389686373174,33.788093156843146,0.8250963312497385,93.69385295439844,0.0335340747419642,0.0133128517352349,0.0468469264771992,0.8194945848375451,227,136,91,50,0,133,79.0952380952381,56.05079087579091,10,40,10.0,10.0,89,0,238,63,0,63,238,0,3739.671697088587,373.9671697088587,8237.345604913078,823.7345604913078,476.0993562348213,47.60993562348213,4710.237608235621,471.02376082356216,5820.0,582.0,0,0,0.039547619047619,-0.0055,0.039547619047619,-0.0055,0.0,0.0,0.039547619047619,0.005,0.0569860908146627,0.201097846255208,-0.1880624935335904,0.003208068433274,0.0002198975193449,-0.0156799005374293,-0.0015419673193045,-0.000945,-0.0003894673193045,-0.0002075,0.0,0.0,0.0,0.0,0.0,0.0002198975193449,0.0094798975193447,0.039547619047619,0.0002198975193449,0.0,0.0,0.0335340747419641,0.013312851735235,-0.0143247793727463,0.0225253954378954,-0.0035811948431865,0.0168940465784215,0.003208068433274,0.003208068433274,0.4650204430148463,0.1631072969181805,0.132510382420838,0.0,0.0,0.0029327465633649,0.0,0.0,0.0092599999999998,0.0280253954378954,-0.0055,0.0315,0.119,-0.0040452933466682,-0.0008337000850588,-0.0032115932616094,0.3225248025854428,0.1846828073263168,0.137841995259126,0.9172979593276978,0.8379837274551392,8169,7623,0,0.2004216287285089,0.7353207572301229,14,8,15792,8169,7623,0.0745660539689429,cuda,74.2578125,,,,,,,,,,,,
110,151,200,True,953,953,897,564,333,29,304,0.3712374581939799,0.0323299888517279,0.3389074693422519,0.4698581560283688,1.966312056737589,0.7457889377912308,14.58786738510673,27.81525981753853,0.4608471887558223,0.4941102297223629,0.1646721851978953,0.0521061430959334,0.1926662086192122,0.48623505641594,0.1837478099896156,0.0680628176923042,0.1593491427653224,0.0078751733064229,-0.0190756247917203,-0.0159566745963707,0.0333170658538897,9.462653288740244,9.451505016722408,7.376811594202898,0.3823857302118171,0.1181174504004324,0.0736174779694491,-0.0623673607342861,-0.1134294004867956,897,56,0,56,1.0,1.974816369359916,1.974816369359916,2.0981047937569675,119.64489456044586,69.49355053394501,-3.569842323197854,73.06339285714284,0.9534165259394703,189.13844509439087,0.0598224472802229,0.0347467752669725,0.0945692225471954,0.6785714285714286,190,158,32,90,0,155,148.25000000000003,119.41785714285712,20,70,20.0,20.0,32,0,304,29,1,29,304,0,4689.777832528558,468.97778325285583,9685.514017672798,968.5514017672798,351.1572571882263,35.11572571882263,5904.475523874116,590.4475523874116,4485.0,448.5,0,1,0.074125,-0.011,0.074125,-0.011,0.0,0.0,0.074125,0.01,0.0667861778183082,0.1196139817779026,-0.0819304078473679,0.0031057091057026,0.0006822364011142,-0.0094515569152504,-0.0007379538314247,-0.000435,-0.0002304538314247,-7.250000000000005e-05,0.0,0.0,0.0,-0.001,-0.001,0.0006822364011142,0.0066122364011141,0.073125,0.0006822364011142,0.0,0.0,0.0598224472802233,0.0347467752669725,-0.0071396846463957,0.0487089285714285,-0.0017849211615989,0.0365316964285714,0.0031057091057026,0.0031057091057026,0.4156771889989645,0.1136901935207269,0.0413254441761222,0.0,0.0,0.0357771403719733,0.0,0.0,0.0059299999999999,0.0597089285714285,-0.011,0.0145,0.152,-0.0040452933466682,-0.0008337000850588,-0.0032115932616094,0.3225248025854428,0.1846828073263168,0.137841995259126,0.9172979593276978,0.8379837274551392,8169,7623,0,0.2004216287285089,0.7353207572301229,14,8,15792,8169,7623,0.0745660539689429,cuda,74.2578125,,,,,,,,,,,,
111,152,200,True,964,964,900,653,247,40,207,0.2744444444444444,0.0444444444444444,0.23,0.4563552833078101,2.0107197549770293,0.7377699901781988,14.505937922420763,27.58405872791504,0.5235576183627596,0.4745179862468567,0.1349336005929874,0.0488242066406843,0.1717273671733383,0.470578021605201,0.1495761618697031,0.0797088256577859,0.1451302681825655,0.0039399646416557,-0.0146425612767157,-0.0308846190171016,0.0265970989907727,10.134444444444444,10.13,7.665555555555556,0.4577777777777778,0.1276330032438452,0.0757664520259853,-0.0870569002933779,-0.0196830153134378,900,64,0,64,1.0,1.8786307053941909,1.8786307053941909,2.0122222222222224,95.35733836939632,59.19039703342322,-5.112847638571466,64.30324467199466,0.9263449227925896,154.54773540281957,0.0476786691846981,0.0295951985167116,0.0772738677014097,0.7681660899653979,222,149,73,67,0,144,117.46904761904764,95.63765956265956,9,58,9.0,9.0,73,0,207,40,1,40,207,0,4331.556900213252,433.15569002132526,9144.488689089809,914.4488689089808,420.3225805495076,42.03225805495076,5454.90383866418,545.4903838664179,4500.0,450.0,0,1,0.0587345238095238,-0.0049499999999999,0.0587345238095238,-0.0049499999999999,0.0,0.0,0.0587345238095238,0.0045,0.0616696320565931,0.1357209290918098,-0.0818800330238039,0.0028640041807451,0.0005252506853953,-0.0124321136235672,-0.0009170481870356,-0.0006,-0.0002070481870356,-0.00011,0.0,0.0,0.0,-0.001,-0.001,0.0005252506853953,0.0074552506853952,0.0577345238095238,0.0005252506853953,0.0,0.0,0.0476786691846988,0.0295951985167115,-0.0102256952771429,0.0428688297813297,-0.0025564238192857,0.0321516223359973,0.0028640041807451,0.0028640041807451,0.4156342697695259,0.1007584582675003,0.0686689608896391,0.0,0.0,0.0145901744669408,0.0,0.0,0.0069299999999998,0.0478188297813297,-0.0049499999999999,0.02,0.1035,-0.0040452933466682,-0.0008337000850588,-0.0032115932616094,0.3225248025854428,0.1846828073263168,0.137841995259126,0.9172979593276978,0.8379837274551392,8169,7623,0,0.2004216287285089,0.7353207572301229,14,8,15792,8169,7623,0.0745660539689429,cuda,74.2578125,,,,,,,,,,,,
112,153,200,True,1009,1009,931,605,326,30,296,0.3501611170784103,0.0322234156820623,0.317937701396348,0.4033057851239669,2.066115702479338,0.7577636013838871,14.083208605868755,25.9153917223954,0.4842123383658549,0.4778968318927387,0.1437387031587687,0.1062818493732551,0.1724761090156707,0.4787157494174547,0.1692624869410041,0.1522320976076755,0.1345772173655919,-0.000818917524716,-0.0255237837822353,-0.0459502482344203,0.0378988916500787,9.07626208378088,9.07626208378088,6.837808807733619,0.4232008592910848,0.0606603615539403,0.1570948337543806,-0.095372874181317,-0.1126257008805717,931,78,0,78,1.0,1.9286422200198217,1.9286422200198217,2.0837808807733618,86.48658579445333,50.87945393001906,-4.0319415823633,54.91139551238234,0.9315963129830545,137.3660397244724,0.0432432928972266,0.0254397269650095,0.0686830198622362,0.8181818181818182,234,164,70,52,0,159,104.7654761904762,79.8151940165098,6,46,6.0,6.0,68,0,296,30,0,30,296,0,4941.462522600063,494.14625226000624,10464.950568908467,1046.4950568908469,365.7935001525423,36.57935001525424,6221.206884531827,622.1206884531828,4655.0,465.5,0,0,0.052382738095238,-0.0033,0.052382738095238,-0.0033,0.0,0.0,0.052382738095238,0.003,0.0683647170983189,0.1207083005702479,-0.0851671447047432,0.0030531314481276,0.0003355121051807,-0.0106526714496946,-0.0006781054645949,-0.00045,-0.0001456054645949,-8.250000000000005e-05,0.0,0.0,0.0,0.0,0.0,0.0003355121051807,0.0066855121051806,0.052382738095238,0.0003355121051807,0.0,0.0,0.0432432928972271,0.0254397269650095,-0.0080638831647266,0.0366075970082549,-0.0020159707911816,0.0274556977561911,0.0030531314481276,0.0030531314481276,0.4608157469989213,0.1211236539325744,0.1210482083790149,0.0,0.0,0.0092796799475817,0.0,0.0,0.0063499999999999,0.0399075970082549,-0.0033,0.015,0.148,-0.0040452933466682,-0.0008337000850588,-0.0032115932616094,0.3225248025854428,0.1846828073263168,0.137841995259126,0.9172979593276978,0.8379837274551392,8169,7623,0,0.2004216287285089,0.7353207572301229,14,8,15792,8169,7623,0.0745660539689429,cuda,74.2578125,,,,,,,,,,,,
113,154,200,True,1027,1027,963,806,157,45,112,0.1630321910695742,0.0467289719626168,0.1163032191069574,0.4689826302729528,1.9379652605459057,0.7417665186982888,14.353072122663775,24.402314090994984,0.5023613426115487,0.4580273115013728,0.2726795586269746,0.0598838448653889,0.1563476636143812,0.4517701876444497,0.2974595763216779,0.0877923014895556,0.1261870750207592,0.0062571238569231,-0.0247800176947033,-0.0279084566241666,0.030160588593622,10.36552440290758,10.36552440290758,7.585669781931464,0.4963655244029076,0.0995458825664638,0.1271008599997067,-0.1407534542813538,-0.0516662106084333,963,64,0,64,1.0,1.9201557935735152,1.9201557935735152,2.047767393561786,117.9510101526777,67.82802819005029,-6.771552437655375,74.59958062770563,0.9167818834203016,185.779038342728,0.0589755050763388,0.0339140140950251,0.0928895191713639,0.7907801418439716,223,164,59,59,0,160,142.90238095238092,107.1661075036075,7,52,7.0,7.0,57,0,112,45,0,45,112,0,4703.739488313429,470.3739488313429,10153.045127355355,1015.3045127355356,470.7991636885747,47.07991636885747,5922.553935309287,592.2553935309287,4815.0,481.5,0,0,0.0714511904761904,-0.00385,0.0714511904761904,-0.00385,0.0,0.0,0.0714511904761904,0.0035,0.0687212988160656,0.1608425633608562,-0.1405782678464171,0.0024407925754757,0.0005627634769324,-0.014723754226157,-0.0010380389568719,-0.000675,-0.0002480389568719,-0.000115,0.0,0.0,0.0,0.0,0.0,0.0005627634769324,0.0090727634769323,0.0714511904761904,0.0005627634769324,0.0,0.0,0.05897550507634,0.0339140140950251,-0.0135431048753107,0.0497330537518037,-0.0033857762188276,0.0372997903138528,0.0024407925754757,0.0024407925754757,0.4794814032577376,0.2099406400956498,0.0772392210818195,0.0,0.0,0.0124977992272882,0.0,0.0,0.0085099999999998,0.0535830537518037,-0.00385,0.0225,0.056,-0.0012265829867101,-0.0003259243196225,-0.0009006586670875,0.2823778943469127,0.1457580547779798,0.1366198395689328,0.9358395338058472,0.8789271116256714,8108,7661,0,0.171103773638606,0.7695992390314738,15,8,15769,8108,7661,0.0850594957007476,cuda,74.44189453125,,,,,,,,,,,,
114,155,200,True,922,922,876,649,227,28,199,0.2591324200913242,0.0319634703196347,0.2271689497716895,0.423728813559322,2.016949152542373,0.7771161823592311,13.51950563157468,26.63209985253991,0.4747782934575833,0.5102045254778972,0.1722658676122572,0.042839845837609,0.1937793939932607,0.5049934009741561,0.1974894573900544,0.071633339795149,0.1518688838475474,0.005211124503741,-0.0252235897777972,-0.02879349395754,0.0419105101457132,11.985159817351596,11.985159817351596,9.358447488584474,0.5182648401826484,0.1447740963391705,0.0575522778181566,-0.065320753502526,-0.0754372665427915,876,46,0,46,1.0,2.031453362255965,2.031453362255965,2.1381278538812785,120.65484030362562,70.5608897417649,-4.873363504988337,75.43425324675326,0.9393162977298458,191.2157300453905,0.0603274201518128,0.0352804448708824,0.0956078650226952,0.7464788732394366,212,172,40,72,0,168,149.16666666666666,111.57900432900432,10,62,10.0,10.0,38,0,199,28,1,28,199,0,4816.43475170279,481.643475170279,9977.926447435968,997.7926447435968,389.1558411567164,38.91558411567164,6066.586532120327,606.6586532120327,4380.0,438.0,0,1,0.0745833333333333,-0.0054999999999999,0.0745833333333333,-0.0054999999999999,0.0,0.0,0.0745833333333333,0.005,0.0720730718827921,0.1425234472051641,-0.1051635810430809,0.002337560400561,0.0005337674257301,-0.011204767728669,-0.0007479031647524,-0.00042,-0.0002579031647524,-7.000000000000005e-05,0.0,0.0,0.0,-0.001,-0.001,0.0005337674257301,0.00730376742573,0.0735833333333333,0.0005337674257301,0.0,0.0,0.0603274201518135,0.0352804448708824,-0.0097467270099766,0.0502895021645021,-0.0024366817524941,0.0377171266233766,0.002337560400561,0.002337560400561,0.4788487371809519,0.1413308275141655,0.058080740760297,0.0,0.0,0.0175158552997981,0.0,0.0,0.0067699999999999,0.0557895021645021,-0.0054999999999999,0.014,0.0995,-0.0012265829867101,-0.0003259243196225,-0.0009006586670875,0.2823778943469127,0.1457580547779798,0.1366198395689328,0.9358395338058472,0.8789271116256714,8108,7661,0,0.171103773638606,0.7695992390314738,15,8,15769,8108,7661,0.0850594957007476,cuda,74.44189453125,,,,,,,,,,,,
115,156,200,True,1077,1077,1019,738,281,46,235,0.2757605495583906,0.0451422963689892,0.2306182531894013,0.4607046070460704,1.9647696476964769,0.7432648545600534,14.222324748672444,26.26416103271288,0.5019929326225124,0.4838573484805218,0.1976060665699686,0.0881370953883632,0.1680203355901791,0.477448468689673,0.2111054216284395,0.1261113912676685,0.1342341562917299,0.0064088797908488,-0.0134993550584709,-0.0379742958793053,0.0337861792984491,11.242394504416094,11.242394504416094,8.752698724239451,0.4896957801766438,0.1465899417442012,0.0599249077350737,-0.091914513041489,-0.0963275397172266,1019,58,0,58,1.0,1.8012999071494893,1.8012999071494893,1.900883218842002,96.54214250218313,53.79099304923534,-6.390218753667596,60.181211802902965,0.90400959239959,150.33313555141848,0.0482710712510915,0.0268954965246176,0.0751665677757092,0.8763250883392226,248,160,88,35,0,154,116.54285714285712,83.54161573720398,3,32,3.0,3.0,88,0,235,46,0,46,235,0,4510.121423587718,451.01214235877177,9712.976390984271,971.2976390984272,433.5214064281732,43.35214064281732,5683.192009287698,568.3192009287698,5095.0,509.5,0,0,0.0582714285714285,-0.00165,0.0582714285714285,-0.00165,0.0,0.0,0.0582714285714285,0.0015,0.0658748179692092,0.1588324897675329,-0.1298176659174553,0.0022012525250561,0.0004296419697435,-0.0134716648887007,-0.0011608321174603,-0.00069,-0.0003358321174603,-0.000135,0.0,0.0,0.0,0.0,0.0,0.0004296419697435,0.0082696419697434,0.0582714285714285,0.0004296419697435,0.0,0.0,0.0482710712510923,0.0268954965246176,-0.0127804375073351,0.040120807868602,-0.0031951093768337,0.0300906059014514,0.0022012525250561,0.0022012525250561,0.4712332558870261,0.1608649500032612,0.1012917546251098,0.0,0.0,0.0076016851388028,0.0,0.0,0.0078399999999998,0.0417708078686019,-0.00165,0.023,0.1175,-0.0012265829867101,-0.0003259243196225,-0.0009006586670875,0.2823778943469127,0.1457580547779798,0.1366198395689328,0.9358395338058472,0.8789271116256714,8108,7661,0,0.171103773638606,0.7695992390314738,15,8,15769,8108,7661,0.0850594957007476,cuda,74.44189453125,,,,,,,,,,,,
116,157,200,True,1047,1047,992,675,317,40,277,0.3195564516129032,0.0403225806451612,0.2792338709677419,0.4711111111111111,1.9466666666666668,0.7402242753461555,14.683355331420898,24.67925280553323,0.5311763204597325,0.4613804292237317,0.2075532880480642,0.0579607438020132,0.153157453250002,0.4580631124531781,0.231713453128382,0.0881968543181816,0.1283822587022074,0.0033173167705536,-0.0241601650803177,-0.0302361105161684,0.0247751945477945,9.007056451612904,9.007056451612904,6.721774193548387,0.4243951612903225,0.1499786099737835,0.167479011961086,-0.0903995100553294,-0.0656846821923497,992,55,0,55,1.0,1.8968481375358168,1.8968481375358168,2.002016129032258,110.4966364317726,54.31338149034804,-6.312167153234565,60.62554864358255,0.905700888085358,164.8100179221206,0.0552483182158862,0.027156690745174,0.0824050089610603,0.8079710144927537,223,168,55,53,0,166,134.33333333333331,89.91749639249635,9,44,9.0,8.257665031260274,54,0,277,40,0,40,277,0,4730.470787419426,473.0470787419426,10020.825418858563,1002.0825418858564,418.108775365569,41.8108775365569,5958.667932964646,595.8667932964646,4960.0,496.0,0,0,0.0671666666666666,-0.00495,0.0671666666666666,-0.00495,0.0,0.0,0.0671666666666666,0.0045,0.0711804501263724,0.1361726046885443,-0.0956347432614102,0.0016291597027408,0.0004249244127649,-0.0130379642360549,-0.0010305327534575,-0.0006,-0.0003280327534575,-0.0001025,0.0,0.0,0.0,0.0,0.0,0.0004249244127649,0.0075749244127648,0.0671666666666666,0.0004249244127649,0.0,0.0,0.0552483182158871,0.027156690745174,-0.0126243343064691,0.040417032429055,-0.0031560835766172,0.0303127743217912,0.0016291597027408,0.0016291597027408,0.4501915728706407,0.1541418591203379,0.0675065376345509,0.0,0.0,0.0170567976506521,0.0,0.0,0.0071499999999998,0.0449587481962481,-0.0045417157671931,0.02,0.1385,-0.0012265829867101,-0.0003259243196225,-0.0009006586670875,0.2823778943469127,0.1457580547779798,0.1366198395689328,0.9358395338058472,0.8789271116256714,8108,7661,0,0.171103773638606,0.7695992390314738,15,8,15769,8108,7661,0.0850594957007476,cuda,74.44189453125,,,,,,,,,,,,
117,158,200,True,995,995,936,707,229,37,192,0.2446581196581196,0.0395299145299145,0.2051282051282051,0.4384724186704384,2.045261669024045,0.7529215125164183,14.150234811882656,28.06868590441924,0.5061064625101872,0.4947992016942025,0.1890780414853777,0.048714997151358,0.1813504314827278,0.4892111450770957,0.2096406454997614,0.0728109235173194,0.1454270480482548,0.0055880566171068,-0.0205626040143837,-0.0240959263659613,0.035923383434473,10.974358974358974,10.974358974358974,8.330128205128204,0.5,0.1330482377732656,0.0643426095292034,-0.1044498833041226,-0.0410775140543772,936,59,0,59,1.0,2.0050251256281406,2.0050251256281406,2.1314102564102564,126.46437280419336,73.02830031048897,-5.833604451415784,78.86190476190475,0.9311226237896176,199.4926731146824,0.0632321864020966,0.0365141501552444,0.0997463365573411,0.7956989247311828,222,180,42,57,0,179,154.0,111.7492063492063,7,50,7.0,6.0,41,0,192,37,0,37,192,0,4836.413938852676,483.6413938852676,10420.631347610166,1042.0631347610165,437.3179492589933,43.73179492589934,6097.499988714346,609.7499988714346,4680.0,468.0,0,0,0.0769999999999999,-0.0038499999999999,0.0769999999999999,-0.0038499999999999,0.0,0.0,0.0769999999999999,0.0035,0.0763488089503006,0.1510987030858862,-0.0968994558358929,0.0020307613361981,0.0007209320104835,-0.0130115370680344,-0.0008672103510491,-0.000555,-0.0002022103510491,-0.00011,0.0,0.0,0.0,0.0,0.0,0.0007209320104835,0.0081609320104834,0.0769999999999999,0.0007209320104835,0.0,0.0,0.0632321864020975,0.0365141501552445,-0.0116672089028315,0.0525746031746031,-0.0029168022257078,0.0394309523809523,0.0020307613361981,0.0020307613361981,0.480377105872066,0.1469910340908379,0.0636094870722757,0.0,0.0,0.0178967756433483,0.0,0.0,0.0074399999999998,0.0558746031746031,-0.0033,0.0185,0.096,-0.0012265829867101,-0.0003259243196225,-0.0009006586670875,0.2823778943469127,0.1457580547779798,0.1366198395689328,0.9358395338058472,0.8789271116256714,8108,7661,0,0.171103773638606,0.7695992390314738,15,8,15769,8108,7661,0.0850594957007476,cuda,74.44189453125,,,,,,,,,,,,
118,159,200,True,986,986,939,697,242,46,196,0.2577209797657082,0.0489882854100106,0.2087326943556975,0.4519368723098996,1.978479196556672,0.7245002268804197,14.839199103105017,27.34516652824205,0.4940129987604617,0.4775276859444559,0.1574659810629987,0.0686399799616609,0.183799567175401,0.4782879747012082,0.1799157402188206,0.1131056158912302,0.1400802148000966,-0.0007602887567522,-0.0224497591558218,-0.0444656359295693,0.0437193523753044,11.331203407880723,11.331203407880723,8.817891373801917,0.4643237486687966,0.1565192204621827,0.1273022354585369,-0.0829623066560136,-0.0816318094041901,939,47,0,47,1.0,1.8225152129817443,1.8225152129817443,1.9105431309904155,89.32637634346791,57.11976900481237,-5.5605694067760405,62.68033841158838,0.9185156003261782,146.44614534828028,0.0446631881717339,0.0285598845024061,0.0732230726741401,0.8205128205128205,224,141,83,49,0,136,109.61904761904762,91.27378454878456,8,41,8.0,7.0,82,0,196,46,1,46,196,0,4301.406820107776,430.1406820107776,8997.891461728863,899.7891461728863,398.05859997169455,39.805859997169456,5415.303774758194,541.5303774758194,4695.0,469.5,0,1,0.0548095238095238,-0.0043999999999999,0.0548095238095238,-0.0043999999999999,0.0,0.0,0.0548095238095238,0.004,0.0586582039574197,0.1500420646736237,-0.1087008942283669,0.0025710553053386,0.0006478456205743,-0.0125209840314223,-0.001050381609694,-0.00069,-0.000235381609694,-0.000125,0.0,0.0,0.0,-0.001,-0.001,0.0006478456205743,0.0080778456205742,0.0538095238095238,0.0006478456205743,0.0,0.0,0.0446631881717346,0.0285598845024061,-0.011121138813552,0.0417868922743922,-0.002780284703388,0.0313401692057941,0.0025710553053386,0.0025710553053386,0.41762075550953,0.1138350921193833,0.075169727402624,0.0,0.0,0.011995129195588,0.0,0.0,0.0074299999999998,0.0456368922743922,-0.0038499999999999,0.023,0.098,-0.0012265829867101,-0.0003259243196225,-0.0009006586670875,0.2823778943469127,0.1457580547779798,0.1366198395689328,0.9358395338058472,0.8789271116256714,8108,7661,0,0.171103773638606,0.7695992390314738,15,8,15769,8108,7661,0.0850594957007476,cuda,74.44189453125,,,,,,,,,,,,
119,160,200,True,992,992,930,755,175,32,143,0.1881720430107527,0.0344086021505376,0.153763440860215,0.4675496688741722,1.9748344370860929,0.7584542428815602,13.918240850334923,26.00020621971579,0.4757924676912302,0.4830402243611039,0.2091828677753936,0.0539251300765337,0.182000622397523,0.4771186571050164,0.2348796910304107,0.0802589301511781,0.1426428663020102,0.0059215672560875,-0.0256968232550171,-0.0263338000746443,0.0393577560955128,11.63548387096774,11.63548387096774,8.933333333333334,0.5064516129032258,0.0830374632618472,0.0614750836661591,-0.0921954700745271,-0.0337717247302164,930,62,0,62,1.0,1.97983870967742,1.97983870967742,2.111827956989248,118.05846460195492,66.4323267678953,-5.98308490376636,72.41541167166166,0.9236836780663268,184.49079136985023,0.0590292323009774,0.0332161633839476,0.0922453956849251,0.7824561403508772,223,177,46,62,0,172,143.40238095238098,107.55388222888222,10,52,10.0,10.0,44,0,143,32,0,32,143,0,4800.6456689045945,480.06456689045945,10386.179917120884,1038.6179917120885,450.1207847197364,45.01207847197364,6049.3121622517065,604.9312162251706,4650.0,465.0,0,0,0.0717011904761904,-0.0054999999999999,0.0717011904761904,-0.0054999999999999,0.0,0.0,0.0717011904761904,0.005,0.0732378963461801,0.1578405742044743,-0.0987975750449856,0.0018563336216526,0.0004713996001253,-0.0130626659364421,-0.0007801647824279,-0.00048,-0.0002176647824279,-8.250000000000005e-05,0.0,0.0,0.0,0.0,0.0,0.0004713996001253,0.0083413996001252,0.0717011904761904,0.0004713996001253,0.0,0.0,0.0590292323009783,0.0332161633839476,-0.0119661698075327,0.0482769411144411,-0.0029915424518831,0.0362077058358308,0.0018563336216526,0.0018563336216526,0.4956737051289663,0.1723917236699617,0.064721954521733,0.0,0.0,0.0135730200555919,0.0,0.0,0.0078699999999998,0.0537769411144411,-0.0054999999999999,0.016,0.0715,-0.0012265829867101,-0.0003259243196225,-0.0009006586670875,0.2823778943469127,0.1457580547779798,0.1366198395689328,0.9358395338058472,0.8789271116256714,8108,7661,0,0.171103773638606,0.7695992390314738,15,8,15769,8108,7661,0.0850594957007476,cuda,74.44189453125,,,,,,,,,,,,
120,161,200,True,1062,1062,1006,748,258,44,214,0.2564612326043737,0.0437375745526839,0.2127236580516898,0.4438502673796791,2.0093582887700534,0.752166733922646,14.131700954335258,25.71724220122245,0.5142160368469343,0.4731051678804153,0.227783423265751,0.0724690193851991,0.1591397167312947,0.4716552850357032,0.2414792453867687,0.1229846794626683,0.1249044730656725,0.001449882844712,-0.0136958221210176,-0.0505156600774691,0.0342352436656222,10.823061630218689,10.823061630218689,8.245526838966203,0.4950298210735586,0.1362201802382803,0.1250628557804986,-0.1458272145610588,0.0226853997336439,1006,56,0,56,1.0,1.8465160075329567,1.8465160075329567,1.9493041749502984,88.17894233673587,50.20545718075637,-6.0861636983645,56.29162087912085,0.9024305890376036,138.38439951749223,0.0440894711683679,0.0251027285903781,0.0691921997587461,0.8795620437956204,241,154,87,33,0,150,106.09285714285711,77.25549450549451,3,30,3.0,2.0,86,0,214,44,0,44,214,0,4688.741148123257,468.8741148123257,10041.573218387888,1004.1573218387888,444.3129204319445,44.43129204319445,5905.427067804259,590.542706780426,5030.0,503.0,0,0,0.0530464285714285,-0.00165,0.0530464285714285,-0.00165,0.0,0.0,0.0530464285714285,0.0015,0.0647391491024842,0.1582395032205284,-0.1433773889734204,0.0027210059065099,0.0003416415561253,-0.0139866761985281,-0.0010922785939493,-0.00066,-0.0003097785939493,-0.0001225,0.0,0.0,0.0,0.0,0.0,0.0003416415561253,0.0082616415561251,0.0530464285714285,0.0003416415561253,0.0,0.0,0.0440894711683689,0.0251027285903782,-0.012172327396729,0.0375277472527472,-0.0030430818491822,0.0281458104395604,0.0027210059065099,0.0027210059065099,0.471687830161311,0.1743505818659231,0.0935308273460526,0.0,0.0,0.0059392325522257,0.0,0.0,0.0079199999999998,0.0386277472527472,-0.0011,0.022,0.107,-0.0012265829867101,-0.0003259243196225,-0.0009006586670875,0.2823778943469127,0.1457580547779798,0.1366198395689328,0.9358395338058472,0.8789271116256714,8108,7661,0,0.171103773638606,0.7695992390314738,15,8,15769,8108,7661,0.0850594957007476,cuda,74.44189453125,,,,,,,,,,,,
121,162,200,True,1016,1016,956,755,201,58,143,0.2102510460251046,0.0606694560669456,0.1495815899581589,0.4291390728476821,2.006622516556291,0.7286447857586753,14.973252455603998,23.59270694796613,0.5001412684744627,0.4581631562172972,0.1693794696141552,0.0649954317655685,0.1710465703381607,0.4551851949549668,0.1998620466767064,0.091292223433304,0.1371370373256751,0.0029779612623303,-0.0304825770625511,-0.0262967916677354,0.0339095330124856,10.633891213389122,10.633891213389122,7.928870292887029,0.4414225941422594,0.1649298246525154,0.1153409953953389,-0.1152759469071556,-0.0213838494694838,956,60,0,60,1.0,1.941929133858268,1.941929133858268,2.059623430962343,113.44877438538512,68.6568202568673,-6.478623466076396,75.13544372294372,0.920618789269848,182.1055946422524,0.0567243871926925,0.0343284101284336,0.0910527973211262,0.7950530035335689,225,168,57,58,0,165,137.3928571428571,106.7805916305916,6,52,6.0,6.0,55,0,143,58,0,58,143,0,4808.443359782741,480.8443359782741,10367.847359832907,1036.7847359832908,448.0730478375694,44.80730478375694,6057.230813752887,605.7230813752888,4780.0,478.0,0,0,0.0686964285714285,-0.0033,0.0686964285714285,-0.0033,0.0,0.0,0.0686964285714285,0.0029999999999999,0.0706130749964512,0.1572487861074705,-0.099094250255716,0.0023612394406638,0.0007062216777486,-0.0137311511788182,-0.0013873037994678,-0.00087,-0.0003698037994678,-0.0001475,0.0,0.0,0.0,0.0,0.0,0.0007062216777486,0.0088362216777485,0.0686964285714285,0.0007062216777486,0.0,0.0,0.0567243871926937,0.0343284101284336,-0.0129572469321527,0.0500902958152957,-0.0032393117330381,0.0375677218614718,0.0023612394406638,0.0023612394406638,0.4859353689066026,0.1419734585865994,0.0745858531231764,0.0,0.0,0.0138853257187282,0.0,0.0,0.0081299999999998,0.0533902958152957,-0.0033,0.029,0.0715,-0.0007480497536663,0.0004713121620524,-0.0012193619157187,0.2275650101299915,0.1249673235747549,0.1025976865552365,0.9406664967536926,0.8632920980453491,8586,8120,0,0.1753525108098984,0.7512105837464332,16,8,16706,8586,8120,0.0745845029485655,cuda,77.3291015625,,,,,,,,,,,,
122,163,200,True,1075,1075,1013,816,197,60,137,0.1944718657453109,0.0592300098716683,0.1352418558736426,0.4620098039215686,1.968137254901961,0.7644110610891207,13.79107151779474,25.442899837480475,0.5091544357107844,0.4764348268508911,0.2287179425988784,0.1079695822577467,0.1546269055414835,0.477519593950288,0.2514569461425565,0.1444104951924779,0.1258125396641701,-0.0010847670993968,-0.022739003543678,-0.0364409129347312,0.0288143658773133,11.660414610069102,11.660414610069102,8.895360315893386,0.5389930898321816,0.1419424333566375,0.0992049433901212,-0.1806900304755125,-0.1252251366889667,1013,62,0,62,1.0,1.8130232558139527,1.8130232558139527,1.9239881539980257,87.9176256109069,48.68888611054452,-6.9105186513602375,55.59940476190473,0.8894492542300286,136.6065117214514,0.0439588128054534,0.0243444430552722,0.0683032558607256,0.8428571428571429,236,159,77,44,0,154,105.41666666666666,78.53253968253969,4,40,4.0,4.0,77,0,137,60,0,60,137,0,4573.332632626702,457.33326326267024,9877.083579990462,987.708357999046,467.9021488103827,46.79021488103827,5761.106803166486,576.1106803166487,5065.0,506.5,0,0,0.0527083333333333,-0.0022,0.0527083333333333,-0.0022,0.0,0.0,0.0527083333333333,0.002,0.0660114457465936,0.1759833544679344,-0.1524243892545801,0.0024334864843729,0.0002007306939337,-0.0151080007044902,-0.0013945783813062,-0.0009,-0.0003320783813062,-0.0001625,0.0,0.0,0.0,0.0,0.0,0.0002007306939337,0.0089607306939336,0.0527083333333333,0.0002007306939337,0.0,0.0,0.0439588128054543,0.0243444430552722,-0.0138210373027204,0.0370662698412698,-0.0034552593256801,0.0277997023809523,0.0024334864843729,0.0024334864843729,0.4869352615587617,0.1775398165228769,0.1136417036242464,0.0,0.0,0.0069588253515756,0.0,0.0,0.0087599999999998,0.0392662698412698,-0.0022,0.03,0.0685,-0.0007480497536663,0.0004713121620524,-0.0012193619157187,0.2275650101299915,0.1249673235747549,0.1025976865552365,0.9406664967536926,0.8632920980453491,8586,8120,0,0.1753525108098984,0.7512105837464332,16,8,16706,8586,8120,0.0745845029485655,cuda,77.3291015625,,,,,,,,,,,,
123,164,200,True,1002,1002,945,673,272,42,230,0.2878306878306878,0.0444444444444444,0.2433862433862433,0.4279346210995542,2.0312035661218424,0.7795924914760008,13.865780213966769,27.396011999643576,0.4924769608874651,0.5001816467048509,0.2128691675659008,0.0727348088841736,0.1905686545807087,0.4992642705543257,0.2428514316655906,0.1074450621436755,0.1476118089257563,0.0009173761505251,-0.0299822640996897,-0.0347102532595019,0.0429568456549523,10.743915343915344,10.743915343915344,8.271957671957672,0.4962962962962963,0.0844608586229634,0.1195688577707847,-0.1510660606873659,-0.1259691612706893,945,57,0,57,1.0,1.960079840319361,1.960079840319361,2.0783068783068783,116.46801862695042,68.44571105519941,-5.223511613569867,73.66922266876925,0.9337896998869868,184.91372968214984,0.0582340093134752,0.0342228555275997,0.0924568648410749,0.7753623188405797,214,172,42,62,0,168,141.71785714285713,104.21270951270948,6,56,6.0,5.442799352439829,42,0,230,42,0,42,230,0,4824.973368274471,482.4973368274471,10317.593123092143,1031.7593123092145,418.11157072953887,41.81115707295389,6077.352680543797,607.7352680543797,4725.0,472.5,0,0,0.0708589285714285,-0.0033,0.0708589285714285,-0.0033,0.0,0.0,0.0708589285714285,0.003,0.0720647116087937,0.1421790529181496,-0.1146846990976574,0.0029613758786762,0.0005843322816617,-0.0120522543627747,-0.0010023040967973,-0.00063,-0.0002523040967973,-0.00012,0.0,0.0,0.0,0.0,0.0,0.0005843322816617,0.0077343322816616,0.0708589285714285,0.0005843322816617,0.0,0.0,0.0582340093134759,0.0342228555275997,-0.0104470232271397,0.0491128151125128,-0.0026117558067849,0.0368346113343846,0.0029613758786762,0.0029613758786762,0.4756350313117006,0.1639000707398933,0.0834767131138552,0.0,0.0,0.0132064101582355,0.0,0.0,0.0071499999999998,0.0521063547563547,-0.0029935396438419,0.021,0.115,-0.0007480497536663,0.0004713121620524,-0.0012193619157187,0.2275650101299915,0.1249673235747549,0.1025976865552365,0.9406664967536926,0.8632920980453491,8586,8120,0,0.1753525108098984,0.7512105837464332,16,8,16706,8586,8120,0.0745845029485655,cuda,77.3291015625,,,,,,,,,,,,
124,165,200,True,1090,1090,1026,725,301,60,241,0.2933723196881092,0.0584795321637426,0.2348927875243664,0.4289655172413793,2.0689655172413794,0.7563594279001499,14.335762667162664,24.283244025707244,0.5044034593710516,0.4680196422749552,0.2338919477318895,0.0767717864313002,0.1594989840018338,0.466617497760674,0.2550491364223176,0.1366764874627878,0.1244222698180839,0.0014021445142811,-0.021157188690428,-0.0599047010314875,0.0350767141837498,9.43664717348928,9.43664717348928,6.923001949317738,0.4512670565302144,0.1271094629185394,0.1539473598207413,-0.1034533478326941,-0.0596379308732626,1026,64,0,64,1.0,1.8073394495412844,1.8073394495412844,1.920077972709552,85.5386998206971,46.177892036593576,-5.907929356280841,52.085821392874415,0.8981281727778765,131.71659185729067,0.0427693499103485,0.0230889460182967,0.0658582959286453,0.8057553956834532,224,150,74,54,0,145,102.77308802308802,71.6477618571659,2,52,2.0,2.0,72,0,241,60,0,60,241,0,4506.621234653261,450.6621234653261,9647.948321674889,964.7948321674888,419.5168222758663,41.95168222758663,5671.541454370051,567.1541454370051,5130.0,513.0,0,0,0.051386544011544,-0.0011,0.051386544011544,-0.0011,0.0,0.0,0.051386544011544,0.001,0.0625158661140131,0.1538117309829806,-0.1295481280983825,0.0028507648012094,0.0004505735055668,-0.0132979093975959,-0.0014239408018564,-0.0009,-0.0003639408018564,-0.00016,0.0,0.0,0.0,0.0,0.0,0.0004505735055668,0.0083005735055667,0.051386544011544,0.0004505735055668,0.0,0.0,0.0427693499103494,0.0230889460182968,-0.0118158587125616,0.0347238809285829,-0.0029539646781404,0.0260429106964372,0.0028507648012094,0.0028507648012094,0.4620554760263872,0.1808394590046372,0.1262297818930833,0.0,0.0,0.0098875457500223,0.0,0.0,0.0078499999999998,0.0358238809285829,-0.0011,0.03,0.1205,-0.0007480497536663,0.0004713121620524,-0.0012193619157187,0.2275650101299915,0.1249673235747549,0.1025976865552365,0.9406664967536926,0.8632920980453491,8586,8120,0,0.1753525108098984,0.7512105837464332,16,8,16706,8586,8120,0.0745845029485655,cuda,77.3291015625,,,,,,,,,,,,
125,166,200,True,1126,1126,1070,773,297,39,258,0.2775700934579439,0.0364485981308411,0.2411214953271028,0.4126778783958603,2.104786545924968,0.7879784688025828,13.424100831440164,29.930368954120603,0.4858229476694019,0.5235469353037078,0.1831666926623238,0.0877195765248669,0.1880783924729326,0.5219468883639936,0.2103606749839242,0.1475117137510435,0.1431208704640416,0.0016000469397141,-0.0271939823216003,-0.0597921372261765,0.0449575220088909,12.244859813084112,12.244859813084112,9.578504672897196,0.5439252336448598,0.115585514376096,0.0394115214784708,-0.0603359757924169,-0.0509531680814509,1070,56,0,56,1.0,1.7477797513321491,1.7477797513321491,1.8355140186915888,80.73062674469952,40.86733773328999,-6.360424010899775,47.22776174418976,0.8813092116988548,121.5979644779895,0.0403653133723497,0.0204336688666449,0.0607989822389947,0.8621908127208481,244,155,89,39,0,151,96.69484126984123,69.57034899225309,6,33,6.0,6.0,89,0,258,39,0,39,258,0,4277.576777637078,427.75767776370776,9267.20814884974,926.7208148849738,427.88146857534105,42.7881468575341,5388.832772477873,538.8832772477873,5350.0,535.0,0,0,0.0483474206349206,-0.0033,0.0483474206349206,-0.0033,0.0,0.0,0.0483474206349206,0.003,0.0644311613268426,0.1801965885579391,-0.1690349846195684,0.0018996334454842,0.0003168843220661,-0.0136560414013793,-0.0009715295635447,-0.000585,-0.0002840295635447,-0.0001025,0.0,0.0,0.0,0.0,0.0,0.0003168843220661,0.008436884322066,0.0483474206349206,0.0003168843220661,0.0,0.0,0.0403653133723501,0.0204336688666449,-0.0127208480217995,0.0314851744961265,-0.0031802120054498,0.0236138808720948,0.0018996334454842,0.0018996334454842,0.4785962697433197,0.1523523969998388,0.1210398420743854,0.0,0.0,0.0059404676218479,0.0,0.0,0.0081199999999998,0.0347851744961265,-0.0033,0.0195,0.129,-0.0007480497536663,0.0004713121620524,-0.0012193619157187,0.2275650101299915,0.1249673235747549,0.1025976865552365,0.9406664967536926,0.8632920980453491,8586,8120,0,0.1753525108098984,0.7512105837464332,16,8,16706,8586,8120,0.0745845029485655,cuda,77.3291015625,,,,,,,,,,,,
126,167,200,True,1103,1103,1047,795,252,62,190,0.2406876790830945,0.0592168099331423,0.1814708691499522,0.410062893081761,2.066666666666667,0.7683221755162725,13.895276427119033,26.44486199962268,0.4566666740993493,0.4871635896792202,0.2355978070471271,0.0747592538934927,0.1794340812044698,0.4894878954257605,0.2564345760317812,0.1232590345320227,0.1450406858334376,-0.0023243057465403,-0.020836768984654,-0.04849978063853,0.0343933953710322,11.42502387774594,11.42502387774594,8.778414517669532,0.5167144221585482,0.0636784042678225,0.0979229628536232,-0.1464086896823542,-0.0222385242443719,1047,56,0,56,1.0,1.7941976427923845,1.7941976427923845,1.8901623686723967,87.02416048047434,46.2871056050629,-6.493297905255517,52.78040351031834,0.8904522958718175,133.31126608553723,0.0435120802402371,0.0231435528025314,0.0666556330427686,0.8210526315789474,234,152,82,51,0,149,104.393759018759,75.87387134709122,5,46,5.0,5.0,80,0,190,62,0,62,190,0,4352.931869344155,435.2931869344155,9447.254517484373,944.7254517484372,431.328434538576,43.1328434538576,5482.428677631772,548.2428677631772,5235.0,523.5,0,0,0.0521968795093795,-0.00275,0.0521968795093795,-0.00275,0.0,0.0,0.0521968795093795,0.0025,0.0639318574853919,0.1739532218357343,-0.1585941223302383,0.002038673713378,0.0002028831636677,-0.0132018183892669,-0.0014684416976112,-0.00093,-0.0003659416976112,-0.0001725,0.0,0.0,0.0,0.0,0.0,0.0002028831636677,0.0087728831636676,0.0521968795093795,0.0002028831636677,0.0,0.0,0.0435120802402378,0.0231435528025314,-0.012986595810511,0.0351869356735456,-0.0032466489526277,0.0263902017551591,0.002038673713378,0.002038673713378,0.48399233667281,0.1767734242041928,0.1185263222067347,0.0,0.0,0.0080173130916493,0.0,0.0,0.0085699999999998,0.0379369356735456,-0.00275,0.031,0.095,-0.0007480497536663,0.0004713121620524,-0.0012193619157187,0.2275650101299915,0.1249673235747549,0.1025976865552365,0.9406664967536926,0.8632920980453491,8586,8120,0,0.1753525108098984,0.7512105837464332,16,8,16706,8586,8120,0.0745845029485655,cuda,77.3291015625,,,,,,,,,,,,
127,168,200,True,1064,1064,1007,710,297,36,261,0.29493545183714,0.0357497517378351,0.2591857000993048,0.4267605633802817,2.073239436619718,0.7476146116013258,14.372137318194753,28.054794902574848,0.5095882685937936,0.5240629754016097,0.1913227505745812,0.0654178022774277,0.1884944689919201,0.5162954436641344,0.2168158313902226,0.0937453441944917,0.1441895497989067,0.0077675317374753,-0.0254930808156413,-0.028327541917064,0.0443049191930134,12.320754716981131,12.320754716981131,9.818272095332672,0.5362462760675273,0.1706054641380787,0.0859543677102631,-0.0611973085474314,-0.0781491745478912,1007,57,0,57,1.0,1.8590225563909768,1.8590225563909768,1.9642502482621649,95.3631875833628,52.33694887680882,-5.870175249065333,58.20712412587411,0.9083891595568532,147.70013646017162,0.0476815937916814,0.0261684744384044,0.0738500682300858,0.8829787234042553,249,160,89,33,0,157,115.22619047619044,80.90949883449885,4,29,4.0,3.0,89,0,261,36,0,36,261,0,4584.508174059622,458.4508174059623,9907.639466873105,990.7639466873104,420.3496903789592,42.03496903789592,5774.8975820511805,577.489758205118,5035.0,503.5,0,0,0.0576130952380952,-0.0022,0.0576130952380952,-0.0022,0.0,0.0,0.0576130952380952,0.002,0.0674399539968083,0.1646148759809475,-0.1423872889148077,0.0024356711020518,0.0004955880060258,-0.0131566425663445,-0.0009656804891219,-0.00054,-0.0003281804891219,-9.750000000000008e-05,0.0,0.0,0.0,0.0,0.0,0.0004955880060258,0.0079555880060257,0.0576130952380952,0.0004955880060258,0.0,0.0,0.0476815937916821,0.0261684744384043,-0.0117403504981306,0.0388047494172494,-0.0029350876245326,0.029103562062937,0.0024356711020518,0.0024356711020518,0.4743049025977401,0.1465819347092533,0.0718705574882486,0.0,0.0,0.0121126424757081,0.0,0.0,0.0074599999999998,0.0404547494172494,-0.00165,0.018,0.1305,-0.0007480497536663,0.0004713121620524,-0.0012193619157187,0.2275650101299915,0.1249673235747549,0.1025976865552365,0.9406664967536926,0.8632920980453491,8586,8120,0,0.1753525108098984,0.7512105837464332,16,8,16706,8586,8120,0.0745845029485655,cuda,77.3291015625,,,,,,,,,,,,
128,169,200,True,1110,1110,1056,776,280,48,232,0.2651515151515151,0.0454545454545454,0.2196969696969697,0.4832474226804124,1.981958762886598,0.762330606157325,14.057919113906388,24.048497536901348,0.493486304924463,0.4721953315641155,0.1914187442108067,0.0592119259784987,0.1802515397640425,0.4716788050670599,0.219141179221663,0.09757570901702,0.1390232844734276,0.0005165264970555,-0.0277224350108563,-0.0383637830385213,0.0412282552906148,9.695075757575758,9.695075757575758,7.225378787878788,0.4696969696969697,0.0680827178325033,0.13802776014063,-0.1140527636872262,-0.036596974386332,1056,54,0,54,1.0,1.7837837837837838,1.7837837837837838,1.8664772727272727,96.91620982693254,58.48404242327396,-6.02004374902888,64.50408617230283,0.9146385250588114,155.4002522502065,0.0484581049134662,0.0292420212116369,0.0777001261251032,0.7777777777777778,217,151,66,62,0,148,116.78333333333336,89.83733766233766,4,58,4.0,3.483535847818671,63,0,232,48,0,48,232,0,4339.74963520261,433.974963520261,9344.57747252849,934.457747252849,441.9297912296777,44.19297912296777,5463.574360694301,546.35743606943,5280.0,528.0,0,0,0.0583916666666666,-0.0022,0.0583916666666666,-0.0022,0.0,0.0,0.0583916666666666,0.002,0.0636001185144268,0.1635272414726,-0.1239616612320877,0.0030103423146244,0.0004838579006645,-0.013925286279452,-0.001160326959805,-0.00072,-0.000317826959805,-0.0001225,0.0,0.0,0.0,0.0,0.0,0.0004838579006645,0.0087238579006644,0.0583916666666666,0.0004838579006645,0.0,0.0,0.048458104913467,0.0292420212116369,-0.0120400874980577,0.0430027241148685,-0.0030100218745144,0.0322520430861514,0.0030103423146244,0.0030103423146244,0.4540446195642663,0.1584695993335119,0.0754722489308178,0.0,0.0,0.011798786010796,0.0,0.0,0.0082399999999998,0.0449186688311688,-0.0019159447163002,0.024,0.116,-0.0007480497536663,0.0004713121620524,-0.0012193619157187,0.2275650101299915,0.1249673235747549,0.1025976865552365,0.9406664967536926,0.8632920980453491,8586,8120,0,0.1753525108098984,0.7512105837464332,16,8,16706,8586,8120,0.0745845029485655,cuda,77.3291015625,,,,,,,,,,,,
129,170,200,True,1087,1087,1033,799,234,37,197,0.2265246853823814,0.0358180058083252,0.1907066795740561,0.3817271589486858,2.126408010012516,0.7353236572502253,14.597726548568478,23.47220339017159,0.4968760305393666,0.5047094754231289,0.2348049466448075,0.0620263590511209,0.1694174466820175,0.4985205981885089,0.2521583341104031,0.0942173764751862,0.1376427916602438,0.00618887723462,-0.0173533874655956,-0.0321910174240653,0.0317746550217737,11.43078412391094,11.43078412391094,8.68054211035818,0.5653436592449177,0.0804165689354829,0.1105175298034778,-0.1061061308354266,-0.0566199454430813,1033,54,0,54,1.0,1.8086476540938363,1.8086476540938363,1.9031945788964184,102.7806174407109,51.95208483355757,-6.818802612329926,58.77088744588743,0.8960384992477085,154.73270227426846,0.0513903087203554,0.0259760424167787,0.0773663511371342,0.855072463768116,236,162,74,40,0,159,124.11666666666665,86.0611832611833,7,33,7.0,7.0,74,0,197,37,0,37,197,0,4453.0977564994255,445.30977564994254,9661.43830718946,966.143830718946,455.73827715187895,45.573827715187896,5609.592082132647,560.9592082132647,5165.0,516.5,0,0,0.0620583333333333,-0.0038499999999999,0.0620583333333333,-0.0038499999999999,0.0,0.0,0.0620583333333333,0.0035,0.0678226572726354,0.1766098737920351,-0.1547426006014677,0.0018288204210298,0.0003582102684438,-0.0144365072133092,-0.0008830052068732,-0.000555,-0.0002230052068732,-0.000105,0.0,0.0,0.0,0.0,0.0,0.0003582102684438,0.0087182102684437,0.0620583333333333,0.0003582102684438,0.0,0.0,0.0513903087203563,0.0259760424167787,-0.0136376052246598,0.0391805916305916,-0.0034094013061649,0.0293854437229437,0.0018288204210298,0.0018288204210298,0.479809507891924,0.1772455429720094,0.0734962851599264,0.0,0.0,0.0083371170745869,0.0,0.0,0.0083599999999998,0.0430305916305916,-0.0038499999999999,0.0185,0.0985,-0.0006758376457987,-7.349767515228855e-05,-0.0006023399706464,0.2499909959733486,0.1385206669569015,0.111470329016447,0.940535008907318,0.8630165457725525,8471,8038,0,0.1508242593871222,0.7400721505284309,17,8,16509,8471,8038,0.0864837414847067,cuda,77.13037109375,,,,,,,,,,,,
130,171,200,True,1043,1043,999,700,299,26,273,0.2992992992992993,0.026026026026026,0.2732732732732733,0.4485714285714285,1.9928571428571429,0.7527295257364001,14.184974581854684,26.822723729099547,0.4980632079396517,0.4963897114992142,0.1544307112161602,0.0216748918978763,0.1896355966212494,0.489310065976211,0.1894484240940905,0.0407828684277566,0.1515542498124497,0.0070796455230031,-0.0350177128779302,-0.0191079765298802,0.0380813468087996,10.64064064064064,10.64064064064064,8.245245245245245,0.4544544544544545,0.1594398563262057,0.0355389685141319,-0.1138755867575908,-0.0231929012358864,999,44,0,44,1.0,1.8705656759348035,1.8705656759348035,1.952952952952953,126.6991929941328,79.28257531649331,-5.56474611207809,84.84732142857143,0.9384512901491144,205.9817683106261,0.0633495964970664,0.0396412876582466,0.102990884155313,0.8453237410071942,235,171,64,43,0,166,154.33333333333331,123.02976190476188,9,34,9.0,9.0,64,0,273,26,0,26,273,0,4629.075995872177,462.90759958721776,9840.661404102377,984.0661404102376,414.9207630508382,41.49207630508382,5835.1964982319205,583.519649823192,4995.0,499.5,0,0,0.0771666666666666,-0.00495,0.0771666666666666,-0.00495,0.0,0.0,0.0771666666666666,0.0045,0.0706557964087551,0.1505026870875254,-0.1068403952330057,0.0023048189049709,0.0008213158186653,-0.0126779725799918,-0.0006731771351325,-0.00039,-0.0002081771351325,-7.500000000000005e-05,0.0,0.0,0.0,0.0,0.0,0.0008213158186653,0.0080813158186652,0.0771666666666666,0.0008213158186653,0.0,0.0,0.0633495964970672,0.0396412876582467,-0.0111294922241561,0.0565648809523809,-0.002782373056039,0.0424236607142857,0.0023048189049709,0.0023048189049709,0.4334593736017996,0.1105060390665077,0.0325739970197564,0.0,0.0,0.0222091561064394,0.0,0.0,0.0072599999999998,0.0615148809523809,-0.00495,0.013,0.1365,-0.0006758376457987,-7.349767515228855e-05,-0.0006023399706464,0.2499909959733486,0.1385206669569015,0.111470329016447,0.940535008907318,0.8630165457725525,8471,8038,0,0.1508242593871222,0.7400721505284309,17,8,16509,8471,8038,0.0864837414847067,cuda,77.13037109375,,,,,,,,,,,,
131,172,200,True,1127,1127,1048,826,222,51,171,0.2118320610687022,0.0486641221374045,0.1631679389312977,0.4322033898305085,2.023002421307506,0.7245948604391504,14.712169457867416,27.23790966829434,0.5064440142127695,0.4596905448715277,0.1906948431776092,0.0647329098339808,0.165935935529251,0.4592252184815037,0.220544768581911,0.1110063366714265,0.1279104161042422,0.000465326390024,-0.0298499254043017,-0.0462734268374456,0.0380255194250088,10.401717557251908,10.401717557251908,7.718511450381679,0.4780534351145038,0.1303998407338444,0.1108916015420879,-0.1097321345686652,-0.0527703002580569,1048,79,0,79,1.0,1.7595385980479148,1.7595385980479148,1.892175572519084,87.5687048468991,41.903057499716674,-6.70406892806267,48.6071264277793,0.8787936350872123,129.47176234661578,0.0437843524234495,0.0209515287498583,0.0647358811733078,0.8085106382978723,228,145,83,54,0,143,104.9785714285714,72.18085843894669,7,47,7.0,6.701233213855391,81,0,171,51,0,51,171,0,4243.662990946703,424.3662990946703,9277.897991990583,927.7897991990584,482.27681803787664,48.22768180378766,5343.115513769056,534.3115513769055,5240.0,524.0,0,0,0.0524892857142857,-0.0038499999999999,0.0524892857142857,-0.0038499999999999,0.0,0.0,0.0524892857142857,0.0035,0.0614848371645799,0.1733148559685056,-0.1436978787890766,0.0030916573255876,0.0001946192601051,-0.0152117365473105,-0.001209887428242,-0.000765,-0.000299887428242,-0.000145,0.0,0.0,0.0,0.0,0.0,0.0001946192601051,0.0089646192601049,0.0524892857142857,0.0001946192601051,0.0,0.0,0.0437843524234505,0.0209515287498583,-0.0134081378561253,0.0324047509518529,-0.0033520344640313,0.0243035632138896,0.0030916573255876,0.0030916573255876,0.4673611247924723,0.170482298071889,0.1058984517723331,0.0,0.0,0.0088370471259019,0.0,0.0,0.0087699999999998,0.0360904292194733,-0.0036856782676204,0.0255,0.0855,-0.0006758376457987,-7.349767515228855e-05,-0.0006023399706464,0.2499909959733486,0.1385206669569015,0.111470329016447,0.940535008907318,0.8630165457725525,8471,8038,0,0.1508242593871222,0.7400721505284309,17,8,16509,8471,8038,0.0864837414847067,cuda,77.13037109375,,,,,,,,,,,,
132,173,200,True,1058,1058,1003,696,307,23,284,0.3060817547357926,0.0229312063808574,0.2831505483549352,0.4094827586206896,2.103448275862069,0.7396995067467977,14.491724778865946,29.179285549200085,0.4777370878047344,0.5231679556784273,0.1983879536347485,0.0595819010270823,0.1953057128475743,0.5239302661783737,0.226951718976689,0.0998775720637794,0.150906608354343,-0.0007623104999463,-0.0285637653419405,-0.0402956710366971,0.0443991044932312,11.792622133599204,11.792622133599204,9.267198404785644,0.5333998005982054,0.10562089354036,0.0864467567322578,-0.0785457898030776,-0.0640354427929818,1003,55,0,55,1.0,1.8516068052930057,1.8516068052930057,1.9441674975074776,105.34285465176532,61.51991400515724,-5.146371792378539,66.66628579753578,0.9283361462297236,166.86276865692255,0.0526714273258826,0.0307599570025786,0.0834313843284612,0.7385159010600707,209,158,51,74,0,153,127.77142857142856,96.58838106338106,9,65,9.0,7.0,50,0,284,23,0,23,284,0,4676.755045990496,467.6755045990496,9886.245527629442,988.6245527629442,391.46596251756034,39.14659625175604,5886.8479499171945,588.6847949917194,5015.0,501.5,0,0,0.0638857142857142,-0.00495,0.0638857142857142,-0.00495,0.0,0.0,0.0638857142857142,0.0045,0.065704233377054,0.1599462546442896,-0.1419006025307166,0.0024213963079888,0.000624279486556,-0.0120910913696009,-0.000604010175112,-0.000345,-0.000201510175112,-5.750000000000004e-05,0.0,0.0,0.0,0.0,0.0,0.000624279486556,0.0078142794865559,0.0638857142857142,0.000624279486556,0.0,0.0,0.0526714273258833,0.0307599570025786,-0.010292743584757,0.0444441905316905,-0.0025731858961892,0.0333331428987678,0.0024213963079888,0.0024213963079888,0.4786594724306877,0.1483648239532018,0.086131706461647,0.0,0.0,0.015059090159094,0.0,0.0,0.0071899999999998,0.0482941905316905,-0.0038499999999999,0.0115,0.142,-0.0006758376457987,-7.349767515228855e-05,-0.0006023399706464,0.2499909959733486,0.1385206669569015,0.111470329016447,0.940535008907318,0.8630165457725525,8471,8038,0,0.1508242593871222,0.7400721505284309,17,8,16509,8471,8038,0.0864837414847067,cuda,77.13037109375,,,,,,,,,,,,
133,174,200,True,1015,1015,971,749,222,38,184,0.2286302780638517,0.03913491246138,0.1894953656024716,0.4766355140186916,1.946595460614152,0.7455855237944263,14.322834678262833,24.48940969170016,0.4756329596668696,0.442849878176987,0.1980244388060273,0.0419791431187369,0.1637777900957416,0.4386953583188623,0.2254942143485149,0.0644451591226014,0.133518024712045,0.0041545198581247,-0.0274697755424875,-0.0224660160038645,0.0302597653836966,9.623069001029869,9.623069001029869,7.204943357363542,0.3892893923789907,0.1048626242437861,0.1580598018207228,-0.1098023275978801,-0.0250851825686244,971,44,0,44,1.0,1.96256157635468,1.96256157635468,2.051493305870237,117.06401938702972,69.2326515304932,-5.734096305004663,74.96674783549784,0.9289462661007432,186.29667091752293,0.0585320096935148,0.0346163257652466,0.0931483354587614,0.8085106382978723,228,172,56,54,0,171,141.98571428571427,110.95566378066376,11,43,11.0,10.0,55,0,184,38,0,38,184,0,4930.002680243415,493.0002680243415,10422.925135512216,1042.2925135512216,415.99156000170143,41.59915600017014,6210.373773413176,621.0373773413176,4855.0,485.5,0,0,0.0709928571428571,-0.00605,0.0709928571428571,-0.00605,0.0,0.0,0.0709928571428571,0.0055,0.0734662767930369,0.1424393030278894,-0.0973590033624645,0.0022253992869929,0.0008186198961458,-0.0129545122510547,-0.0009204477501229,-0.00057,-0.0002379477501229,-0.0001125,0.0,0.0,0.0,0.0,0.0,0.0008186198961458,0.0086886198961456,0.0709928571428571,0.0008186198961458,0.0,0.0,0.0585320096935159,0.0346163257652466,-0.0114681926100093,0.0499778318903318,-0.0028670481525023,0.0374833739177489,0.0022253992869929,0.0022253992869929,0.4639148366045988,0.1547940099409086,0.0648578890181904,0.0,0.0,0.0180520241620756,0.0,0.0,0.0078699999999998,0.0554778318903318,-0.0055,0.019,0.092,-0.0006758376457987,-7.349767515228855e-05,-0.0006023399706464,0.2499909959733486,0.1385206669569015,0.111470329016447,0.940535008907318,0.8630165457725525,8471,8038,0,0.1508242593871222,0.7400721505284309,17,8,16509,8471,8038,0.0864837414847067,cuda,77.13037109375,,,,,,,,,,,,
134,175,200,True,1049,1049,1001,683,318,42,276,0.3176823176823177,0.0419580419580419,0.2757242757242757,0.4494875549048316,1.982430453879941,0.717999356993819,15.465226092415358,26.671170904817902,0.458489946425146,0.4389477899055355,0.1439128787710848,0.0480447173340854,0.1850082771048102,0.4337469333261906,0.1684552681690973,0.0706362278435221,0.141649627774452,0.0052008565793449,-0.0245423893980125,-0.0225915105094366,0.0433586493303581,7.130869130869131,7.130869130869131,4.862137862137862,0.3856143856143856,0.1438284516997332,0.1434088556360476,-0.0665805007787335,-0.1049378466229975,1001,48,0,48,1.0,1.891325071496664,1.891325071496664,1.982017982017982,114.83225601747164,76.31421667097695,-5.252747614737354,81.56696428571428,0.9394982141755986,191.1464726884486,0.0574161280087358,0.0381571083354884,0.0955732363442243,0.8392857142857143,235,155,80,45,0,153,139.58333333333334,113.15595238095236,5,40,5.0,4.0,78,0,276,42,0,42,276,0,4706.95728314896,470.695728314896,9982.257214952358,998.2257214952358,379.1917470041172,37.91917470041172,5924.844642818798,592.4844642818798,5005.0,500.5,0,0,0.0697916666666666,-0.00275,0.0697916666666666,-0.00275,0.0,0.0,0.0697916666666666,0.0025,0.0660776990598449,0.1329833555966076,-0.0680964119597988,0.001963995238755,0.0006639733770124,-0.0113872230153619,-0.0009833512428853,-0.00063,-0.0002158512428853,-0.0001375,0.0,0.0,0.0,0.0,0.0,0.0006639733770124,0.0079139733770123,0.0697916666666666,0.0006639733770124,0.0,0.0,0.0574161280087367,0.0381571083354884,-0.0105054952294747,0.0543779761904761,-0.0026263738073686,0.0407834821428571,0.001963995238755,0.001963995238755,0.428958906785773,0.109482497292898,0.0488365223669012,0.0,0.0,0.0227140734817959,0.0,0.0,0.0072499999999998,0.0565779761904761,-0.0022,0.021,0.138,-0.0006758376457987,-7.349767515228855e-05,-0.0006023399706464,0.2499909959733486,0.1385206669569015,0.111470329016447,0.940535008907318,0.8630165457725525,8471,8038,0,0.1508242593871222,0.7400721505284309,17,8,16509,8471,8038,0.0864837414847067,cuda,77.13037109375,,,,,,,,,,,,
135,176,200,True,1083,1083,1028,787,241,30,211,0.2344357976653696,0.0291828793774319,0.2052529182879377,0.3786531130876747,2.1664548919949174,0.7396256536851238,14.570869540319965,26.70746008008529,0.5010157119149244,0.4892282200245875,0.2009557599043225,0.0330038470094206,0.1811423934830454,0.4838564130826705,0.2275600623460119,0.0701098610141718,0.1419993072412103,0.005371806941917,-0.0266043024416894,-0.0371060140047511,0.0391430862418351,10.76556420233463,10.76556420233463,8.025291828793774,0.5136186770428015,0.2097112420784337,0.1522748938417518,-0.0991387277861531,-0.0248038812612777,1028,55,0,55,1.0,1.8328716528162512,1.8328716528162512,1.9309338521400776,117.53011159158454,67.6892027404344,-6.2163875026558895,73.90559024309024,0.9224134541163904,185.2193143320189,0.0587650557957922,0.0338446013702172,0.0926096571660094,0.8523985239852399,231,163,68,40,0,161,142.5773809523809,101.840786990787,3,37,3.0,3.0,67,0,211,30,0,30,211,0,4430.1134035381165,443.0113403538117,9523.33071537051,952.333071537051,455.0049682363125,45.50049682363125,5579.36110803663,557.936110803663,5140.0,514.0,0,0,0.0712886904761904,-0.00165,0.0712886904761904,-0.00165,0.0,0.0,0.0712886904761904,0.0015,0.0686758264727141,0.1678620030736854,-0.1218493344177456,0.0025585208593512,0.0005005170741993,-0.0143381587479448,-0.0008189576727778,-0.00045,-0.0002939576727778,-7.500000000000005e-05,0.0,0.0,0.0,0.0,0.0,0.0005005170741993,0.0086705170741991,0.0712886904761904,0.0005005170741993,0.0,0.0,0.0587650557957931,0.0338446013702171,-0.0124327750053117,0.0492703934953934,-0.0031081937513279,0.0369527951215451,0.0025585208593512,0.0025585208593512,0.4691540188848427,0.1632527522227841,0.064998885689138,0.0,0.0,0.0118960580665708,0.0,0.0,0.0081699999999998,0.0509203934953934,-0.00165,0.015,0.1055,-0.0006758376457987,-7.349767515228855e-05,-0.0006023399706464,0.2499909959733486,0.1385206669569015,0.111470329016447,0.940535008907318,0.8630165457725525,8471,8038,0,0.1508242593871222,0.7400721505284309,17,8,16509,8471,8038,0.0864837414847067,cuda,77.13037109375,,,,,,,,,,,,
136,177,200,True,1009,1009,955,737,218,44,174,0.2282722513089005,0.0460732984293193,0.1821989528795811,0.4409769335142469,2.023066485753053,0.7606817270392803,13.989477672602783,28.587318736791936,0.4988774230390638,0.4960116568947744,0.2209711390543663,0.0373972460698321,0.1884471433896829,0.4904273975251326,0.2460893080576122,0.0677827976112035,0.1503632625961724,0.0055842593696418,-0.0251181690032458,-0.0303855515413714,0.0380838807935104,12.040837696335078,12.040837696335078,9.41151832460733,0.5109947643979058,0.0748289220337587,0.058560453308622,-0.1280068880320436,-0.0452290701288974,955,54,0,54,1.0,1.863230921704658,1.863230921704658,1.968586387434555,105.09494561097344,58.93345861791138,-5.856598161563553,64.79005677947491,0.9171001349398432,164.02840422888482,0.0525474728054867,0.0294667293089556,0.0820142021144424,0.7644927536231884,211,157,54,65,0,155,129.1428571428571,91.49200244200246,6,59,6.0,4.641145517608374,52,0,174,44,1,44,174,0,4342.715175562329,434.2715175562329,8998.359780829296,899.8359780829296,434.7675234971131,43.476752349711305,5470.619034521223,547.0619034521222,4775.0,477.5,0,1,0.0645714285714285,-0.0033,0.0645714285714285,-0.0033,0.0,0.0,0.0645714285714285,0.003,0.0665362261134288,0.1588512969009706,-0.1276880050324669,0.0027277360506868,0.0006416497417192,-0.0133699149255118,-0.0010258795187288,-0.00066,-0.0002458795187288,-0.00012,0.0,0.0,0.0,-0.001,-0.001,0.0006416497417192,0.0084516497417191,0.0635714285714285,0.0006416497417192,0.0,0.0,0.0525474728054876,0.0294667293089556,-0.0117131963231271,0.0431933711863166,-0.0029282990807817,0.0323950283897374,0.0027277360506868,0.0027277360506868,0.4587112390194457,0.1714699059107605,0.0520249262648536,0.0,0.0,0.0125839849513428,0.0,0.0,0.0078099999999998,0.0457460012210012,-0.0025526300346846,0.022,0.087,-0.0006758376457987,-7.349767515228855e-05,-0.0006023399706464,0.2499909959733486,0.1385206669569015,0.111470329016447,0.940535008907318,0.8630165457725525,8471,8038,0,0.1508242593871222,0.7400721505284309,17,8,16509,8471,8038,0.0864837414847067,cuda,77.13037109375,,,,,,,,,,,,
137,178,200,True,980,980,925,676,249,23,226,0.2691891891891892,0.0248648648648648,0.2443243243243243,0.4482248520710059,1.9763313609467457,0.754279646096674,14.906213135408931,25.430876315345422,0.4745712579770742,0.4828996061397022,0.1728594990381034,0.0378064943295655,0.18677666791599,0.4761735674368559,0.1979210364863761,0.0608061138852554,0.1477817484513807,0.0067260387028463,-0.0250615374482727,-0.0229996195556899,0.0389949194646093,10.24216216216216,10.24,7.767567567567568,0.4724324324324324,0.1817892208679411,0.1215512416452999,-0.0467672139492617,-0.0555908055213431,925,55,0,55,1.0,2.0,2.0,2.107027027027027,132.81549828394216,80.11466383517542,-4.926732268720721,85.0413961038961,0.9452391379276458,212.9301621191176,0.066407749141971,0.0400573319175877,0.1064650810595587,0.8647686832740213,243,181,62,38,0,177,162.16666666666666,118.88852813852812,5,33,5.0,5.0,59,0,226,23,0,23,226,0,4962.047384195858,496.20473841958585,10576.273842501998,1057.6273842501998,394.9481589246429,39.494815892464295,6251.2030857340205,625.1203085734021,4625.0,462.5,0,0,0.0810833333333333,-0.00275,0.0810833333333333,-0.00275,0.0,0.0,0.0810833333333333,0.0025,0.075610680156829,0.1381191328148073,-0.0878432329990374,0.0027940669956834,0.000715412376522,-0.0116658243812017,-0.0006324256113294,-0.000345,-0.0002299256113294,-5.750000000000004e-05,0.0,0.0,0.0,0.0,0.0,0.000715412376522,0.0077054123765219,0.0810833333333333,0.000715412376522,0.0,0.0,0.0664077491419712,0.0400573319175877,-0.0098534645374414,0.056694264069264,-0.0024633661343603,0.042520698051948,0.0027940669956834,0.0027940669956834,0.4725907772763716,0.130620146322534,0.0569104773910415,0.0,0.0,0.0166275521853973,0.0,0.0,0.0069899999999998,0.059444264069264,-0.00275,0.0115,0.113,-0.0026817065514882,-0.0008367378989027,-0.0018449686525855,0.2615370441021191,0.1421341391073333,0.1194029049947857,0.9415125250816344,0.8741815090179443,8484,8042,0,0.1451076060533523,0.6983484275639057,18,8,16526,8484,8042,0.08670922700145,cuda,77.140625,,,,,,,,,,,,
138,179,200,True,997,997,951,670,281,36,245,0.2954784437434279,0.0378548895899053,0.2576235541535226,0.4626865671641791,1.943283582089552,0.7310435426991377,15.013663811470146,26.468402581962188,0.5130457199426236,0.4619468857770535,0.1649140274457967,0.0265311680935712,0.177577391772795,0.4569272258833273,0.1975303342955103,0.047064797721678,0.1407303264142194,0.0050196598937262,-0.0326163068497136,-0.0205336296281068,0.0368470653585756,9.52155625657203,9.52155625657203,7.181913774973712,0.3964248159831756,0.1531512945937906,0.112103472013669,-0.1260947826095995,-0.0015319748478181,951,46,0,46,1.0,1.986960882647944,1.986960882647944,2.0830704521556256,126.3932051614448,83.82025111861557,-4.9440345956701215,88.76428571428572,0.9472401748391508,210.2134562800604,0.0631966025807224,0.0419101255593077,0.1051067281400301,0.7978723404255319,225,173,52,57,1,171,154.00000000000006,128.25238095238092,10,47,10.0,9.0,52,0,245,36,0,36,245,0,4937.081106365778,493.7081106365778,10475.259896646094,1047.5259896646094,410.3647675885209,41.03647675885209,6218.055515129104,621.8055515129104,4755.0,475.5,0,0,0.077,-0.0055,0.077,-0.0055,0.0,0.0,0.077,0.005,0.0734849792720485,0.1332746721512648,-0.0898607829127873,0.003255662181053,0.0009230129036115,-0.0124996593618746,-0.0008642963557264,-0.00054,-0.0002342963557264,-9.000000000000006e-05,0.0,0.0,0.0,0.0,0.0,0.0009230129036115,0.0079830129036114,0.077,0.0009230129036115,0.0,0.0,0.0631966025807232,0.0419101255593076,-0.0098880691913402,0.0591761904761904,-0.002472017297835,0.0443821428571428,0.003255662181053,0.003255662181053,0.4418095093191772,0.1226852298733711,0.0429670828827095,0.0,0.0,0.0303279645482054,0.0,0.0,0.0070599999999998,0.0641261904761904,-0.00495,0.018,0.1225,-0.0026817065514882,-0.0008367378989027,-0.0018449686525855,0.2615370441021191,0.1421341391073333,0.1194029049947857,0.9415125250816344,0.8741815090179443,8484,8042,0,0.1451076060533523,0.6983484275639057,18,8,16526,8484,8042,0.08670922700145,cuda,77.140625,,,,,,,,,,,,
139,180,200,True,1128,1128,1068,822,246,58,188,0.2303370786516854,0.0543071161048689,0.1760299625468165,0.4124087591240876,2.063260340632604,0.7724200804194394,13.635078759669096,25.7393287087444,0.4572869778804862,0.5070088364709613,0.23816132922079,0.0701054976267373,0.1953852090864485,0.5073978002851607,0.2649189659435111,0.1187403408613355,0.143506659757926,-0.0003889638141993,-0.0267576367227211,-0.0486348432345982,0.0518785493285225,13.02996254681648,13.02996254681648,10.282771535580524,0.5580524344569289,0.158275134355269,0.0606212775964415,-0.1163973813697472,0.0162693189694007,1068,60,0,60,1.0,1.74468085106383,1.74468085106383,1.8323970037453183,89.5578840911935,44.92928696787765,-6.629668659828013,51.55895562770564,0.8860658979138581,134.48717105907116,0.0447789420455967,0.0224646434839388,0.0672435855295355,0.8853046594982079,247,156,91,32,0,153,107.38571428571426,75.34527417027415,6,26,6.0,6.0,91,0,188,58,0,58,188,0,4272.561774865378,427.25617748653775,9255.531665507266,925.5531665507266,429.43406909898647,42.94340690989865,5382.186086660253,538.2186086660253,5340.0,534.0,0,0,0.0536928571428571,-0.0033,0.0536928571428571,-0.0033,0.0,0.0,0.0536928571428571,0.003,0.0652224945677281,0.1859331579483378,-0.1621455041646726,0.0022438831068371,0.000323281656555,-0.0136687234874659,-0.0013774187773555,-0.00087,-0.0003474187773555,-0.00016,0.0,0.0,0.0,0.0,0.0,0.000323281656555,0.0091232816565548,0.0536928571428571,0.000323281656555,0.0,0.0,0.0447789420455975,0.0224646434839387,-0.013259337319656,0.034372637085137,-0.003314834329914,0.0257794778138528,0.0022438831068371,0.0022438831068371,0.4882691178694505,0.1855892213511181,0.0917025226724011,0.0,0.0,0.0046400989516073,0.0,0.0,0.0087999999999998,0.037672637085137,-0.0033,0.029,0.094,-0.0026817065514882,-0.0008367378989027,-0.0018449686525855,0.2615370441021191,0.1421341391073333,0.1194029049947857,0.9415125250816344,0.8741815090179443,8484,8042,0,0.1451076060533523,0.6983484275639057,18,8,16526,8484,8042,0.08670922700145,cuda,77.140625,,,,,,,,,,,,
140,181,200,True,1078,1078,1021,741,280,51,229,0.2742409402546523,0.0499510284035259,0.2242899118511263,0.4655870445344129,1.9824561403508767,0.7403639400134041,14.360274141134038,26.43879245404612,0.5335542300186047,0.4663488549380167,0.2037157324191771,0.0634663713110583,0.1561289386026933,0.4624868881324364,0.2219859078104196,0.0968666200443735,0.1293432333641126,0.0038619668055803,-0.0182701753912425,-0.0334002487333152,0.0267857052385807,10.371204701273262,10.371204701273262,7.969637610186092,0.4515181194906954,0.1662607934185768,0.1119264873975827,-0.1321870419609271,-0.0838991754575394,1021,57,0,57,1.0,1.816326530612245,1.816326530612245,1.916748285994124,102.03347287197867,58.465314948517744,-6.513535367832584,64.97885031635029,0.9088919007877834,160.49878782049643,0.0510167364359893,0.0292326574742588,0.0802493939102482,0.8505338078291815,239,162,77,42,0,157,123.39285714285714,92.13846708846708,6,36,6.0,5.0,75,0,229,51,0,51,229,0,4579.621340238513,457.96213402385126,9732.60195536604,973.260195536604,441.9026396409941,44.19026396409941,5767.397550780162,576.7397550780163,5105.0,510.5,0,0,0.0616964285714285,-0.0033,0.0616964285714285,-0.0033,0.0,0.0,0.0616964285714285,0.003,0.0671783306920755,0.1546602635888993,-0.1162962831880143,0.0022907385215043,0.0003779678942322,-0.0143768612207329,-0.001180158744476,-0.000765,-0.000272658744476,-0.0001425,0.0,0.0,0.0,0.0,0.0,0.0003779678942322,0.0082979678942321,0.0616964285714285,0.0003779678942322,0.0,0.0,0.0510167364359902,0.0292326574742588,-0.0130270707356651,0.0433192335442335,-0.0032567676839162,0.0324894251581751,0.0022907385215043,0.0022907385215043,0.4592573089801231,0.1567925393343876,0.0773624770584302,0.0,0.0,0.0125815858919579,0.0,0.0,0.0079199999999998,0.0460692335442335,-0.00275,0.0255,0.1145,-0.0026817065514882,-0.0008367378989027,-0.0018449686525855,0.2615370441021191,0.1421341391073333,0.1194029049947857,0.9415125250816344,0.8741815090179443,8484,8042,0,0.1451076060533523,0.6983484275639057,18,8,16526,8484,8042,0.08670922700145,cuda,77.140625,,,,,,,,,,,,
141,182,200,True,1099,1099,1050,816,234,70,164,0.2228571428571428,0.0666666666666666,0.1561904761904761,0.4656862745098039,1.9583333333333333,0.7649746757804179,13.809000487421072,26.459538069425843,0.4865014743211706,0.50912371885908,0.2242814344993116,0.0540249329185862,0.1919088687247815,0.507968486304961,0.252079203508009,0.0984933955652534,0.1400259686782317,0.0011552325541189,-0.0277977690086973,-0.0444684626466672,0.0518829000465498,14.055238095238096,14.055238095238096,11.256190476190476,0.5733333333333334,0.1514239644760353,0.0823400368548919,-0.1580007017117858,-0.0093264661580982,1050,49,0,49,1.0,1.8043676069153776,1.8043676069153776,1.8885714285714288,104.87591819506476,58.44795388649211,-6.71976277184951,65.16771665834165,0.906523878356662,163.32387208155686,0.0524379590975323,0.029223976943246,0.0816619360407784,0.8402777777777778,242,160,82,46,0,158,126.34682539682538,91.29028887778884,4,42,4.0,4.0,81,0,164,70,0,70,164,0,4418.759338209923,441.8759338209923,9508.279913893124,950.8279913893124,449.360254042652,44.9360254042652,5564.911670327247,556.4911670327247,5250.0,525.0,0,0,0.0631734126984126,-0.0022,0.0631734126984126,-0.0022,0.0,0.0,0.0631734126984126,0.002,0.0675506578021969,0.1920309435595143,-0.1702555265692742,0.0027851608540216,0.0006361446940111,-0.0144358255653412,-0.0017130483283688,-0.00105,-0.0004355483283688,-0.0002275,0.0,0.0,0.0,0.0,0.0,0.0006361446940111,0.0094961446940109,0.0631734126984126,0.0006361446940111,0.0,0.0,0.0524379590975333,0.0292239769432461,-0.013439525543699,0.0434451444388944,-0.0033598813859247,0.0325838583291708,0.0027851608540216,0.0027851608540216,0.4938271120582572,0.1786553163602569,0.0892167144181895,0.0,0.0,0.0108860550816587,0.0,0.0,0.0088599999999998,0.0456451444388944,-0.0022,0.035,0.082,-0.0026817065514882,-0.0008367378989027,-0.0018449686525855,0.2615370441021191,0.1421341391073333,0.1194029049947857,0.9415125250816344,0.8741815090179443,8484,8042,0,0.1451076060533523,0.6983484275639057,18,8,16526,8484,8042,0.08670922700145,cuda,77.140625,,,,,,,,,,,,
142,183,200,True,1114,1114,1032,829,203,45,158,0.1967054263565891,0.0436046511627907,0.1531007751937984,0.4523522316043425,2.04583835946924,0.7373615053400343,14.66504285188866,23.761616813151484,0.5094807289404868,0.4832911441423924,0.1650888323738937,0.0801529099471615,0.1857676990959339,0.4857407181879867,0.1935504201880518,0.1262582103508065,0.1352444837348416,-0.0024495740455943,-0.028461587814158,-0.0461053004036449,0.0505232153610922,11.979651162790695,11.979651162790695,9.196705426356589,0.5571705426356589,0.1430620490080624,0.10738310464945,-0.0634921357723114,-0.0528359356362191,1032,82,0,82,1.0,1.7755834829443446,1.7755834829443446,1.9137596899224807,82.0839579699625,46.10023981175059,-6.413188426677624,52.51342823842821,0.8911665255935987,128.1841977817131,0.0410419789849812,0.0230501199058752,0.0640920988908565,0.833922261484099,236,160,76,47,0,157,98.08809523809522,73.31790431790438,3,44,3.0,3.0,76,0,158,45,0,45,158,0,4285.126590541002,428.5126590541002,9393.02775634411,939.3027756344112,486.1769783988224,48.61769783988224,5397.732053478957,539.7732053478957,5160.0,516.0,0,0,0.0490440476190476,-0.00165,0.0490440476190476,-0.00165,0.0,0.0,0.0490440476190476,0.0015,0.0667850763719549,0.1798775596328465,-0.128402967943855,0.0034854099734344,0.0002937044487155,-0.0153585281645446,-0.0011102731761601,-0.000675,-0.0003102731761601,-0.000125,0.0,0.0,0.0,0.0,0.0,0.0002937044487155,0.0090337044487154,0.0490440476190476,0.0002937044487155,0.0,0.0,0.0410419789849819,0.0230501199058753,-0.0128263768533552,0.0350089521589521,-0.0032065942133388,0.0262567141192141,0.0034854099734344,0.0034854099734344,0.4831002027470068,0.1527491821783619,0.1040882344286505,0.0,0.0,0.0052640479708338,0.0,0.0,0.0087399999999998,0.0366589521589521,-0.00165,0.0225,0.079,-0.0026817065514882,-0.0008367378989027,-0.0018449686525855,0.2615370441021191,0.1421341391073333,0.1194029049947857,0.9415125250816344,0.8741815090179443,8484,8042,0,0.1451076060533523,0.6983484275639057,18,8,16526,8484,8042,0.08670922700145,cuda,77.140625,,,,,,,,,,,,
143,184,200,True,1070,1070,1025,712,313,38,275,0.3053658536585366,0.0370731707317073,0.2682926829268293,0.4087078651685393,2.109550561797753,0.7650884202357089,13.9313836794221,27.73224324959048,0.4976876559451667,0.5240086059849919,0.1774553285723321,0.0355959087597164,0.188023012568337,0.5210330438789692,0.206443229232381,0.0676243638072366,0.150016960886757,0.0029755621060226,-0.0289879006600488,-0.0320284550475202,0.03800605168158,12.72,12.72,10.248780487804876,0.4926829268292683,0.1049606250022712,0.041456616187037,-0.0572021031714116,-0.0463458370790655,1025,45,0,45,1.0,1.857943925233645,1.857943925233645,1.9395121951219512,111.12879906219644,58.64190872332329,-5.765215402550854,64.4071241258741,0.9178420522773718,169.77070778551973,0.0555643995310982,0.0293209543616616,0.0848853538927598,0.7427536231884058,205,159,46,71,0,158,134.86190476190473,96.8761655011655,10,61,10.0,10.0,45,0,275,38,0,38,275,0,4536.479643934658,453.6479643934658,9574.514870047928,957.4514870047929,423.18896658404935,42.31889665840494,5713.669115698893,571.3669115698892,5125.0,512.5,0,0,0.0674309523809523,-0.0055,0.0674309523809523,-0.0055,0.0,0.0,0.0674309523809523,0.005,0.0678853746264378,0.164510490162972,-0.1305891665515284,0.0021838482308193,0.0005981881316815,-0.0128855858305382,-0.0009350885520787,-0.00057,-0.0002550885520787,-0.00011,0.0,0.0,0.0,0.0,0.0,0.0005981881316815,0.0080981881316814,0.0674309523809523,0.0005981881316815,0.0,0.0,0.0555643995310989,0.0293209543616616,-0.0115304308051017,0.0429380827505827,-0.0028826077012754,0.032203562062937,0.0021838482308193,0.0021838482308193,0.4795235002638665,0.1535047686770214,0.064178304321205,0.0,0.0,0.0153366806671081,0.0,0.0,0.0074999999999998,0.0484380827505827,-0.0055,0.019,0.1375,-0.0026817065514882,-0.0008367378989027,-0.0018449686525855,0.2615370441021191,0.1421341391073333,0.1194029049947857,0.9415125250816344,0.8741815090179443,8484,8042,0,0.1451076060533523,0.6983484275639057,18,8,16526,8484,8042,0.08670922700145,cuda,77.140625,,,,,,,,,,,,
144,185,200,True,1018,1018,970,787,183,46,137,0.1886597938144329,0.0474226804123711,0.1412371134020618,0.5273189326556544,1.857687420584498,0.7353423614589808,14.649908663205604,25.17499500516864,0.4789660007743463,0.4570293208013798,0.2229060640575167,0.0256846765307129,0.1741437987984173,0.4519849660057276,0.2521973632197954,0.0396586366805746,0.1413564162572616,0.0050443547956522,-0.0292912991622786,-0.0139739601498616,0.0327873825411557,11.931958762886598,11.931958762886598,9.418556701030928,0.4309278350515464,0.1719040709576537,0.0813745953430067,-0.1457791865386264,-0.0103059597594313,970,48,0,48,1.0,1.956777996070727,1.956777996070727,2.05360824742268,129.44330701694287,78.49597007872221,-6.579327540325389,85.07529761904765,0.928216088071006,207.9392770956651,0.0647216535084714,0.0392479850393611,0.1039696385478325,0.8168498168498168,223,173,50,50,0,172,157.25,116.73373015873015,3,47,3.0,3.0,50,0,137,46,0,46,137,0,4776.114497574334,477.6114497574334,10284.97164808417,1028.497164808417,440.4770660243828,44.04770660243828,6018.316187572628,601.8316187572628,4850.0,485.0,0,0,0.078625,-0.00165,0.078625,-0.00165,0.0,0.0,0.078625,0.0015,0.0736618213308795,0.1574327379280232,-0.10557194616901,0.0018651247587524,0.0007782675423569,-0.0137071360942425,-0.0011265275389862,-0.00069,-0.0003140275389862,-0.0001225,0.0,0.0,0.0,0.0,0.0,0.0007782675423569,0.0091082675423568,0.078625,0.0007782675423569,0.0,0.0,0.0647216535084716,0.0392479850393611,-0.0131586550806507,0.056716865079365,-0.0032896637701626,0.0425376488095238,0.0018651247587524,0.0018651247587524,0.4649341955335739,0.1664651155526922,0.0430701171433469,0.0,0.0,0.0146751020717059,0.0,0.0,0.0083299999999998,0.058366865079365,-0.00165,0.023,0.0685,-0.0026817065514882,-0.0008367378989027,-0.0018449686525855,0.2615370441021191,0.1421341391073333,0.1194029049947857,0.9415125250816344,0.8741815090179443,8484,8042,0,0.1451076060533523,0.6983484275639057,18,8,16526,8484,8042,0.08670922700145,cuda,77.140625,,,,,,,,,,,,
145,186,200,True,1150,1150,1102,751,351,37,314,0.3185117967332123,0.0335753176043557,0.2849364791288566,0.4141145139813582,2.078561917443409,0.7764779132271258,13.63867549032727,28.52629885554671,0.5134205776905411,0.5104896638309273,0.2210064876512109,0.0370607140998587,0.1762776221712919,0.5045668815129923,0.2539358280274209,0.0724201945312998,0.1355473678435053,0.0059227823179349,-0.0329293403762099,-0.035359480431441,0.0407302543277866,10.692377495462797,10.692377495462797,8.20508166969147,0.530852994555354,0.1376478012949292,0.0982150752787263,-0.1045519776219544,0.0418579855936427,1102,48,0,48,1.0,1.7017391304347826,1.7017391304347826,1.7749546279491832,97.49536437173552,46.71207598229092,-6.761192415977481,53.47326839826839,0.8877520886784727,144.20744035402643,0.0487476821858677,0.0233560379911454,0.0721037201770132,0.8021978021978022,219,144,75,54,0,139,117.83333333333334,80.09769119769116,11,43,11.0,8.0,74,0,314,37,0,37,314,0,4183.780564430814,418.3780564430814,8878.878919581985,887.8878919581985,437.42390372625255,43.74239037262525,5269.925850075515,526.9925850075515,5510.0,551.0,0,0,0.0589166666666666,-0.0060499999999999,0.0589166666666666,-0.0060499999999999,0.0,0.0,0.0589166666666666,0.0055,0.0593661260774507,0.1732342823893805,-0.1589758502593065,0.0016224928032152,0.0001917442626719,-0.0140210492238614,-0.0009179999285807,-0.000555,-0.0002679999285807,-9.500000000000006e-05,0.0,0.0,0.0,0.0,0.0,0.0001917442626719,0.0080717442626718,0.0589166666666666,0.0001917442626719,0.0,0.0,0.0487476821858683,0.0233560379911454,-0.0135223848319549,0.0356488455988456,-0.0033805962079887,0.0267366341991341,0.0016224928032152,0.0016224928032152,0.4487508765169428,0.1551138588930118,0.058668965013296,0.0,0.0,0.0133011591290867,0.0,0.0,0.0078799999999998,0.0400488455988455,-0.0043999999999999,0.0185,0.157,0.0002672771134206,0.000893329994546,-0.0006260528811253,0.2062930944479174,0.108172810739941,0.0981202837079763,0.9559622406959534,0.8970524072647095,8438,8017,0,0.1487378322415881,0.6551308490335941,19,8,16455,8438,8017,0.0842652901481866,cuda,77.07763671875,,,,,,,,,,,,
146,187,200,True,1035,1035,976,632,344,26,318,0.3524590163934426,0.026639344262295,0.3258196721311475,0.3971518987341772,2.151898734177215,0.7992386815810129,13.144740490973753,27.73893328973009,0.4971288507321666,0.5164536510747445,0.2255696904303246,0.0450669051666708,0.1933051298808636,0.5088085061340015,0.2570689169062254,0.0686781950681057,0.1433875891910512,0.0076451449407429,-0.0314992264759007,-0.0236112899014349,0.0499175406898124,11.101434426229508,11.086065573770492,8.756147540983607,0.4631147540983606,0.0679797177876542,0.1302488958198825,-0.1262287693121557,-0.0644586318423113,976,59,0,59,1.0,1.8975845410628016,1.8975845410628016,2.008196721311476,116.42761599429664,67.0869601615152,-5.493694600389577,72.58065476190477,0.9296350895619152,183.51457615581185,0.0582138079971483,0.0335434800807575,0.0917572880779059,0.8235294117647058,238,167,71,51,0,162,141.89285714285714,101.17420634920636,4,47,4.0,4.0,70,0,318,26,0,26,318,0,4767.614009650496,476.7614009650496,10105.03063024005,1010.503063024005,380.563029119017,38.0563029119017,6004.19815453196,600.419815453196,4880.0,488.0,0,0,0.0709464285714285,-0.0022,0.0709464285714285,-0.0022,0.0,0.0,0.0709464285714285,0.002,0.0696058109823651,0.1365767052012792,-0.1276715285362339,0.0013128914900526,0.0007033257000272,-0.0114249248501045,-0.000633705922403,-0.00039,-0.000178705922403,-6.500000000000005e-05,0.0,0.0,0.0,0.0,0.0,0.0007033257000272,0.0072833257000271,0.0709464285714285,0.0007033257000272,0.0,0.0,0.058213807997149,0.0335434800807576,-0.0109873892007791,0.0483871031746031,-0.0027468473001947,0.0362903273809523,0.0013128914900526,0.0013128914900526,0.4593817089536793,0.1506453683540361,0.0583209082442881,0.0,0.0,0.0115476570685233,0.0,0.0,0.0065799999999999,0.0505871031746031,-0.0022,0.013,0.159,0.0002672771134206,0.000893329994546,-0.0006260528811253,0.2062930944479174,0.108172810739941,0.0981202837079763,0.9559622406959534,0.8970524072647095,8438,8017,0,0.1487378322415881,0.6551308490335941,19,8,16455,8438,8017,0.0842652901481866,cuda,77.07763671875,,,,,,,,,,,,
147,188,200,True,1011,1011,967,666,301,26,275,0.3112719751809721,0.0268872802481902,0.2843846949327818,0.3708708708708709,2.096096096096096,0.7658019043259077,13.776705246429902,27.81734387867444,0.4898407738181885,0.520130650842333,0.1775313614400568,0.0287434246402245,0.1983111276942956,0.5156940237672122,0.2202921467581512,0.0426663528591556,0.1515704442637863,0.0044366270751208,-0.0427607853180944,-0.0139229282189311,0.0467406834305093,11.66804550155119,11.664943123061011,9.222337125129268,0.4881075491209927,0.1878359608896181,0.0770597124426672,-0.1047109224803442,-0.0771543593654498,967,44,0,44,1.0,1.962413452027696,1.962413452027696,2.0517063081695968,125.31670533815628,76.94305817356695,-4.959121554599608,81.90217972816659,0.9429075839140862,202.25976351172324,0.0626583526690781,0.0384715290867834,0.1011298817558616,0.6947368421052632,198,167,31,87,0,165,152.76071428571427,119.10290630422207,10,77,10.0,9.0,30,0,275,26,0,26,275,0,4778.239149077337,477.8239149077337,10154.913613680555,1015.4913613680555,409.6777217195045,40.96777217195045,6016.598666867863,601.6598666867864,4835.0,483.5,0,0,0.0763803571428571,-0.0055,0.0763803571428571,-0.0055,0.0,0.0,0.0763803571428571,0.005,0.0707820944895009,0.1474207801953915,-0.1087563240618385,0.0029853099427155,0.0008503347739619,-0.0118630529327158,-0.0005933505645593,-0.00039,-0.0001333505645593,-7.000000000000005e-05,0.0,0.0,0.0,0.0,0.0,0.0008503347739619,0.0077703347739618,0.0763803571428571,0.0008503347739619,0.0,0.0,0.0626583526690788,0.0384715290867834,-0.0099182431091992,0.054601453152111,-0.0024795607772998,0.0409510898640832,0.0029853099427155,0.0029853099427155,0.4608597633445787,0.1424190735555176,0.0500979125543852,0.0,0.0,0.0205537128429335,0.0,0.0,0.0069199999999998,0.059551453152111,-0.00495,0.013,0.1375,0.0002672771134206,0.000893329994546,-0.0006260528811253,0.2062930944479174,0.108172810739941,0.0981202837079763,0.9559622406959534,0.8970524072647095,8438,8017,0,0.1487378322415881,0.6551308490335941,19,8,16455,8438,8017,0.0842652901481866,cuda,77.07763671875,,,,,,,,,,,,
148,189,200,True,1039,1039,983,711,272,49,223,0.2767039674465921,0.0498474059003051,0.2268565615462869,0.4950773558368495,1.929676511954993,0.7478882187529455,14.072691431863731,25.40516319053585,0.4315196047049099,0.4786684558151811,0.1918003652375794,0.0864664462123867,0.1880460904345293,0.4757259769362572,0.2158674195044675,0.1242119473632446,0.1448589584629055,0.0029424788789239,-0.0240670542668881,-0.0377455011508578,0.0431871319716238,10.886063072227874,10.886063072227874,8.489318413021364,0.4587995930824008,0.1045829022481596,0.1143042685873561,-0.1202467031198721,-0.1023926178690869,983,56,0,56,1.0,1.9018286814244465,1.9018286814244465,2.010172939979654,101.99154846489148,61.75340058568936,-4.685206640417897,66.43860722610722,0.9341260488475712,163.74494905058083,0.0509957742324457,0.0308767002928446,0.0818724745252904,0.8210526315789474,234,162,72,51,0,159,123.48571428571428,92.98480963480962,4,47,4.0,4.0,72,0,223,49,0,49,223,0,4738.316434598343,473.8316434598343,10071.234632100804,1007.1234632100802,373.1119491959617,37.31119491959617,5968.113438868984,596.8113438868984,4915.0,491.5,0,0,0.0617428571428571,-0.0022,0.0617428571428571,-0.0022,0.0,0.0,0.0617428571428571,0.002,0.0683988842261873,0.1494375282726435,-0.1056603704825507,0.002716225260627,0.0004074425907999,-0.0111567432295632,-0.0011014205479755,-0.000735,-0.0002264205479755,-0.00014,0.0,0.0,0.0,0.0,0.0,0.0004074425907999,0.0080074425907998,0.0617428571428571,0.0004074425907999,0.0,0.0,0.0509957742324466,0.0308767002928446,-0.0093704132808357,0.0442924048174048,-0.0023426033202089,0.0332193036130536,0.002716225260627,0.002716225260627,0.4735116227146325,0.1599423002246283,0.0943352828828048,0.0,0.0,0.0120915318850365,0.0,0.0,0.0075999999999998,0.0464924048174048,-0.0022,0.0245,0.1115,0.0002672771134206,0.000893329994546,-0.0006260528811253,0.2062930944479174,0.108172810739941,0.0981202837079763,0.9559622406959534,0.8970524072647095,8438,8017,0,0.1487378322415881,0.6551308490335941,19,8,16455,8438,8017,0.0842652901481866,cuda,77.07763671875,,,,,,,,,,,,
149,190,200,True,1080,1080,1027,777,250,39,211,0.243427458617332,0.0379746835443038,0.2054527750730282,0.5302445302445302,1.851994851994852,0.7479529837997417,14.144782029523812,28.45575900565704,0.5123857162366777,0.4639089595972341,0.2184410956154842,0.0420155097967783,0.167369324721137,0.4611394681333728,0.2476735180591447,0.0680457311490625,0.1335443224724348,0.0027694914638612,-0.0292324224436605,-0.0260302213522841,0.0338250022487022,10.502434274586172,10.502434274586172,8.108081791626095,0.4255111976630964,0.1392909964190821,0.094646209045533,-0.1703262162844181,0.0092341978441068,1027,53,0,53,1.0,1.832407407407408,1.832407407407408,1.9269717624148004,107.69893823010078,65.83545821414371,-6.650832578397128,72.48629079254079,0.9159581206000778,173.5343964442445,0.0538494691150503,0.0329177291070718,0.0867671982221222,0.8483754512635379,235,157,78,42,0,154,130.24285714285713,102.1483877233877,5,37,5.0,5.0,77,0,211,39,0,39,211,0,4562.71280121843,456.271280121843,9785.822869744654,978.5822869744654,449.2187508666728,44.92187508666727,5747.5739103811375,574.7573910381137,5135.0,513.5,0,0,0.0651214285714285,-0.00275,0.0651214285714285,-0.00275,0.0,0.0,0.0651214285714285,0.0025,0.0663174732220848,0.1583017292921235,-0.1177003149630925,0.0020711345353228,0.0006016312895376,-0.0144772255528741,-0.000875351466205,-0.000585,-0.000190351466205,-0.0001,0.0,0.0,0.0,0.0,0.0,0.0006016312895376,0.0087616312895375,0.0651214285714285,0.0006016312895376,0.0,0.0,0.0538494691150513,0.0329177291070718,-0.0133016651567942,0.0483241938616938,-0.0033254162891985,0.0362431453962703,0.0020711345353228,0.0020711345353228,0.4487646518291697,0.1637579534327121,0.0625535811724895,0.0,0.0,0.0124166832853357,0.0,0.0,0.0081599999999998,0.0510741938616938,-0.00275,0.0195,0.1055,0.0002672771134206,0.000893329994546,-0.0006260528811253,0.2062930944479174,0.108172810739941,0.0981202837079763,0.9559622406959534,0.8970524072647095,8438,8017,0,0.1487378322415881,0.6551308490335941,19,8,16455,8438,8017,0.0842652901481866,cuda,77.07763671875,,,,,,,,,,,,
150,191,200,True,1062,1062,1006,740,266,43,223,0.2644135188866799,0.0427435387673956,0.2216699801192843,0.4067567567567567,2.0945945945945947,0.7441836756427546,14.445310070707992,26.31693188145354,0.4894703688412256,0.4931396937450847,0.1971305473028002,0.0424755602470926,0.1811323567419438,0.4903733045668215,0.2329153523478355,0.0681137224947215,0.1404349801810206,0.0027663891782631,-0.0357848050450352,-0.0256381622476289,0.0406973765609232,10.809145129224651,10.809145129224651,8.192842942345925,0.5119284294234593,0.189012662106486,0.158817775985058,-0.1128086458197662,-0.060935872923528,1006,56,0,56,1.0,1.862523540489642,1.862523540489642,1.9662027833001987,105.40743902725848,58.929708142159946,-6.049169230467382,64.97887737262735,0.9148340758366876,164.33714716941844,0.0527037195136292,0.0294648540710799,0.0821685735847092,0.8243727598566308,230,160,70,49,0,157,127.55952380952378,91.03850316350317,5,44,5.0,4.0,69,0,223,43,0,43,223,0,4554.286364634533,455.4286364634533,9814.80167281724,981.480167281724,422.9358516002396,42.293585160023966,5736.901568279332,573.6901568279333,5030.0,503.0,0,0,0.0637797619047618,-0.00275,0.0637797619047618,-0.00275,0.0,0.0,0.0637797619047618,0.0025,0.0673120484595782,0.159532085887076,-0.1271140145369035,0.0017636993692025,0.0005695499490986,-0.0131712026698577,-0.0009710115410234,-0.000645,-0.0002060115410234,-0.00012,0.0,0.0,0.0,0.0,0.0,0.0005695499490986,0.0083995499490985,0.0637797619047618,0.0005695499490986,0.0,0.0,0.0527037195136301,0.02946485407108,-0.0120983384609347,0.0433192515817515,-0.0030245846152336,0.0324894386863136,0.0017636993692025,0.0017636993692025,0.4581846281103605,0.149296800036045,0.0679455741218782,0.0,0.0,0.0158771248041827,0.0,0.0,0.0078299999999998,0.0455192515817515,-0.0022,0.0215,0.1115,0.0002672771134206,0.000893329994546,-0.0006260528811253,0.2062930944479174,0.108172810739941,0.0981202837079763,0.9559622406959534,0.8970524072647095,8438,8017,0,0.1487378322415881,0.6551308490335941,19,8,16455,8438,8017,0.0842652901481866,cuda,77.07763671875,,,,,,,,,,,,
151,192,200,True,1095,1095,1043,785,258,42,216,0.2473633748801534,0.0402684563758389,0.2070949185043144,0.4585987261146497,1.9707006369426752,0.7297154878165312,14.695237175522337,25.68619017008763,0.4409912877896308,0.4611703534794461,0.1674391098415396,0.0578599140611566,0.1913313877928978,0.4607409422564658,0.1945938929381549,0.097320165978537,0.1447249852951355,0.0004294112229802,-0.0271547830966153,-0.0394602519173803,0.0466064024977623,9.837008628954935,9.837008628954935,7.349952061361457,0.4707574304889741,0.1503288263104746,0.1341829878269176,-0.1065808059719454,-0.0139730945074224,1043,52,0,52,1.0,1.8146118721461184,1.8146118721461184,1.9050814956855224,101.35011348900817,57.75176812354826,-5.615483374953208,63.36725149850146,0.9185958140793558,159.10188161255644,0.050675056744504,0.0288758840617741,0.0795509408062782,0.8483754512635379,235,166,69,42,0,164,122.36904761904758,89.98966866466868,5,37,5.0,5.0,67,0,216,42,0,42,216,0,4437.081102219531,443.7081102219531,9513.556994220697,951.3556994220696,405.82635128663327,40.58263512866333,5594.130352154118,559.4130352154118,5215.0,521.5,0,0,0.0611845238095237,-0.00275,0.0611845238095237,-0.00275,0.0,0.0,0.0611845238095237,0.0025,0.070251882121699,0.1589699035364498,-0.1096347611033081,0.0021826675765376,0.000367188484425,-0.0125882967711031,-0.0010078363828885,-0.00063,-0.0002703363828885,-0.0001075,0.0,0.0,0.0,0.0,0.0,0.000367188484425,0.0086371884844249,0.0611845238095237,0.000367188484425,0.0,0.0,0.0506750567445048,0.0288758840617741,-0.0112309667499064,0.0422448343323343,-0.0028077416874766,0.0316836257492507,0.0021826675765376,0.0021826675765376,0.4666620451780311,0.1457961602369102,0.0917567904568186,0.0,0.0,0.0059462380420507,0.0,0.0,0.0082699999999998,0.0449948343323343,-0.00275,0.021,0.108,0.0002672771134206,0.000893329994546,-0.0006260528811253,0.2062930944479174,0.108172810739941,0.0981202837079763,0.9559622406959534,0.8970524072647095,8438,8017,0,0.1487378322415881,0.6551308490335941,19,8,16455,8438,8017,0.0842652901481866,cuda,77.07763671875,,,,,,,,,,,,
152,193,200,True,966,966,913,648,265,30,235,0.2902519167579409,0.0328587075575027,0.2573932092004381,0.4089506172839506,2.0354938271604937,0.7563447568703581,13.987256666760386,28.33958605612501,0.4785005430145966,0.5028920537435714,0.1645463721907157,0.0572073715156875,0.1885298726919256,0.5029157598813375,0.1951871128540118,0.0931381534080432,0.1449689475825217,-2.3706137766144053e-05,-0.0306407406632961,-0.0359307818923556,0.0435609251094039,11.393209200438116,11.393209200438116,8.91566265060241,0.4698795180722891,0.1571677265922898,0.0326872355666199,-0.1057011668339231,-0.051949128019014,913,53,0,53,1.0,1.9275362318840576,1.9275362318840576,2.0383351588170866,100.26531572225792,57.27917235036719,-4.7827324115375776,62.06190476190475,0.9284500206182916,157.5444880726251,0.0501326578611289,0.0286395861751835,0.0787722440363125,0.8369565217391305,231,165,66,45,0,159,123.69999999999996,87.14920634920638,4,41,4.0,4.0,66,0,235,30,1,30,235,0,4694.123781781035,469.4123781781035,9638.910643217772,963.8910643217772,377.4155905768124,37.74155905768124,5914.189115428583,591.4189115428583,4565.0,456.5,0,1,0.0618499999999999,-0.0022,0.0618499999999999,-0.0022,0.0,0.0,0.0618499999999999,0.002,0.0679638256778716,0.1434193325029535,-0.1048834091424316,0.0024431023268036,0.0004832893056448,-0.0112752128045083,-0.0007292434198367,-0.00045,-0.0001992434198367,-8.000000000000006e-05,0.0,0.0,0.0,-0.001,-0.001,0.0004832893056448,0.0072632893056447,0.0608499999999999,0.0004832893056448,0.0,0.0,0.0501326578611297,0.0286395861751836,-0.0095654648230751,0.0413746031746031,-0.0023913662057687,0.0310309523809523,0.0024431023268036,0.0024431023268036,0.4692686338122291,0.1312113129604747,0.0690777689247402,0.0,0.0,0.0109728873772961,0.0,0.0,0.0067799999999999,0.0435746031746031,-0.0022,0.015,0.1175,0.0002672771134206,0.000893329994546,-0.0006260528811253,0.2062930944479174,0.108172810739941,0.0981202837079763,0.9559622406959534,0.8970524072647095,8438,8017,0,0.1487378322415881,0.6551308490335941,19,8,16455,8438,8017,0.0842652901481866,cuda,77.07763671875,,,,,,,,,,,,
153,194,200,True,974,974,916,656,260,27,233,0.2838427947598253,0.029475982532751,0.2543668122270742,0.4161585365853658,2.0853658536585367,0.7182976540359782,14.997747608801214,29.21426167520808,0.4911718016359617,0.5123516312777633,0.1206231675133472,0.0697416176539618,0.1918124579725128,0.5083937475957522,0.1548380213321141,0.0963095538554182,0.1480431817060268,0.0039578836820111,-0.0342148538187668,-0.0265679362014563,0.0437692762664859,12.024017467248909,12.024017467248909,9.532751091703055,0.50764192139738,0.2487573597951486,-0.0272721535583257,-0.0910514263712709,-0.1189272144250149,916,58,0,58,1.0,1.8983572895277208,1.8983572895277208,2.018558951965065,112.89692525053196,67.17897155757684,-4.991564156708888,72.17053571428568,0.9353106749938872,180.0758968081088,0.0564484626252659,0.0335894857787884,0.0900379484040544,0.8315789473684211,237,167,70,48,0,165,139.41666666666666,103.92738095238094,7,41,7.0,7.0,67,0,233,27,1,27,233,0,4382.257871064127,438.2257871064127,9150.843892028885,915.0843892028884,387.9321508871553,38.793215088715534,5520.876755403233,552.0876755403233,4580.0,458.0,0,1,0.0697083333333333,-0.0038499999999999,0.0697083333333333,-0.0038499999999999,0.0,0.0,0.0697083333333333,0.0035,0.0704191599309258,0.1449320507477386,-0.1021057657179445,0.0031126996216451,0.0005789797929965,-0.0117166800518144,-0.0006246675377418,-0.000405,-0.0001471675377418,-7.250000000000005e-05,0.0,0.0,0.0,-0.001,-0.001,0.0005789797929965,0.0074089797929964,0.0687083333333333,0.0005789797929965,0.0,0.0,0.0564484626252665,0.0335894857787884,-0.0099831283134177,0.0481136904761904,-0.0024957820783544,0.0360852678571428,0.0031126996216451,0.0031126996216451,0.4308102998822546,0.1024835665745349,0.0710100772463273,0.0,0.0,0.0116590995923582,0.0,0.0,0.0068299999999998,0.0519636904761904,-0.0038499999999999,0.0135,0.1165,-0.0025738715866787,-0.0024123418584672,-0.0001615297282114,0.2167513930238783,0.1244416549801826,0.0923097380436956,0.9442890286445618,0.8908579349517822,8506,8060,0,0.1425948368178473,0.7003104701638222,20,8,16566,8506,8060,0.0763143204543922,cuda,77.1826171875,,,,,,,,,,,,
154,195,200,True,1053,1053,988,775,213,53,160,0.2155870445344129,0.0536437246963562,0.1619433198380566,0.4296774193548387,2.0206451612903225,0.7469397900565978,14.179019236410818,24.494493228543188,0.4736581109965881,0.4778795282879183,0.2044082858101014,0.0762501006519361,0.1800313950269933,0.4797963857458484,0.2325429647139484,0.1301203455845074,0.1327040137650985,-0.00191685745793,-0.0281346789038469,-0.0538702449325712,0.0473273812618947,11.23582995951417,11.23582995951417,8.588056680161943,0.478744939271255,0.1726803089546195,0.1168794265468572,-0.0782175242811407,-0.0262290535720564,988,65,0,65,1.0,1.876543209876543,1.876543209876543,2.0,88.82111656258624,41.88533511006305,-5.4982500547721065,47.38358516483514,0.8960276240047453,130.70645167264928,0.0444105582812931,0.0209426675550315,0.0653532258363246,0.8226950354609929,232,161,71,50,0,159,106.76904761904758,73.07811355311358,9,41,9.0,9.0,71,0,160,53,0,53,160,0,4683.758667241406,468.3758667241406,10100.25360173326,1010.025360173326,426.20626999668735,42.62062699966874,5899.787154093254,589.9787154093253,4940.0,494.0,0,0,0.0533845238095237,-0.0049499999999999,0.0533845238095237,-0.0049499999999999,0.0,0.0,0.0533845238095237,0.0045,0.0684107221508487,0.1637079733449402,-0.1223223633536207,0.0037060181680798,0.0002346961683703,-0.0133485467632753,-0.0011499931076478,-0.000795,-0.0002024931076478,-0.0001525,0.0,0.0,0.0,0.0,0.0,0.0002346961683703,0.0085146961683702,0.0533845238095237,0.0002346961683703,0.0,0.0,0.044410558281294,0.0209426675550314,-0.0109965001095442,0.0315890567765568,-0.002749125027386,0.0236917925824175,0.0037060181680798,0.0037060181680798,0.4833822418341371,0.1711036474749746,0.0995324190571825,0.0,0.0,0.0091617722074213,0.0,0.0,0.0082799999999998,0.0365390567765568,-0.0049499999999999,0.0265,0.08,-0.0025738715866787,-0.0024123418584672,-0.0001615297282114,0.2167513930238783,0.1244416549801826,0.0923097380436956,0.9442890286445618,0.8908579349517822,8506,8060,0,0.1425948368178473,0.7003104701638222,20,8,16566,8506,8060,0.0763143204543922,cuda,77.1826171875,,,,,,,,,,,,
155,196,200,True,1120,1120,1050,769,281,68,213,0.2676190476190476,0.0647619047619047,0.2028571428571428,0.482444733420026,1.9232769830949288,0.7407974010364907,14.450595079379832,26.95843236065035,0.4739749957103988,0.4860140212916893,0.1692481591561215,0.0683929151564749,0.1918451351722792,0.4878019101055453,0.1986091553544812,0.1079056273566944,0.1425877772077859,-0.0017878888138559,-0.0293609961983596,-0.0395127122002194,0.0492573579644932,11.172380952380951,11.172380952380951,8.661904761904761,0.4695238095238095,0.245753110614703,0.1081326190268271,-0.0859955953749551,-0.0578387370424404,1050,70,0,70,1.0,1.7508928571428573,1.7508928571428573,1.8676190476190475,91.732989938779,50.08438610251299,-5.667426668049803,55.75181277056274,0.9077255478926224,141.81737604129196,0.0458664949693894,0.0250421930512564,0.0709086880206459,0.8626760563380281,245,152,93,39,0,146,110.41666666666669,77.63575036075034,4,35,4.0,3.0,92,0,213,68,0,68,213,0,4274.333516924886,427.4333516924886,9242.332476885442,924.2332476885442,430.0742991509486,43.00742991509486,5384.696159491534,538.4696159491534,5250.0,525.0,0,0,0.0552083333333333,-0.0022,0.0552083333333333,-0.0022,0.0,0.0,0.0552083333333333,0.002,0.062641841935959,0.1746868058945093,-0.1255962767013905,0.0036184012772099,0.0001291415136141,-0.0132540644238384,-0.0014966731636561,-0.00102,-0.0002591731636561,-0.0002175,0.0,0.0,0.0,0.0,0.0,0.0001291415136141,0.008499141513614,0.0552083333333333,0.0001291415136141,0.0,0.0,0.0458664949693903,0.0250421930512564,-0.0113348533360996,0.0371678751803751,-0.0028337133340249,0.0278759063852813,0.0036184012772099,0.0036184012772099,0.4605896378272517,0.1451388414820687,0.080764238709913,0.0,0.0,0.0088729121161133,0.0,0.0,0.0083699999999998,0.0388178751803751,-0.00165,0.034,0.1065,-0.0025738715866787,-0.0024123418584672,-0.0001615297282114,0.2167513930238783,0.1244416549801826,0.0923097380436956,0.9442890286445618,0.8908579349517822,8506,8060,0,0.1425948368178473,0.7003104701638222,20,8,16566,8506,8060,0.0763143204543922,cuda,77.1826171875,,,,,,,,,,,,
156,197,200,True,1024,1024,979,738,241,35,206,0.2461695607763023,0.0357507660878447,0.2104187946884576,0.3672086720867208,2.1558265582655824,0.7484174658289446,14.141313220750348,30.287984346551948,0.4877736656518803,0.5134696755709687,0.1785200384362199,0.0393699306065877,0.1959992902615892,0.5111448026204174,0.215890639793471,0.0729816089276045,0.1470958723870881,0.0023248729505512,-0.037370601357251,-0.0336116783210167,0.0489034178745011,13.090909090909092,13.090909090909092,10.29826353421859,0.5709908069458631,0.179739180955317,0.071124731873059,-0.1298707089146625,-0.0385623492547085,979,45,0,45,1.0,1.82421875,1.82421875,1.9080694586312563,101.47373320469204,61.38746549889795,-5.606013938331482,66.99347943722942,0.922781638305225,162.86119870359,0.050736866602346,0.0306937327494489,0.081430599351795,0.8494623655913979,237,147,90,42,0,147,124.72619047619048,92.62463924963926,3,39,3.0,3.0,89,0,206,35,1,35,206,0,4181.678468751907,418.16784687519066,8733.342585669065,873.3342585669064,405.5710577675779,40.55710577675779,5268.154794074792,526.8154794074792,4895.0,489.5,0,1,0.0623630952380952,-0.00165,0.0623630952380952,-0.00165,0.0,0.0,0.0623630952380952,0.0015,0.0632325946135756,0.1681277537509342,-0.1279705622983653,0.0029973323593042,0.000501952059349,-0.0130900714690491,-0.0008994674286683,-0.000525,-0.0002819674286683,-9.250000000000008e-05,0.0,0.0,0.0,-0.001,-0.001,0.000501952059349,0.0082319520593489,0.0613630952380952,0.000501952059349,0.0,0.0,0.0507368666023467,0.030693732749449,-0.0112120278766629,0.0446623196248196,-0.0028030069691657,0.0334967397186147,0.0029973323593042,0.0029973323593042,0.4437590016200435,0.1383016417567014,0.0533805591714953,0.0,0.0,0.0083618958052317,0.0,0.0,0.0077299999999998,0.0463123196248196,-0.00165,0.0175,0.103,-0.0025738715866787,-0.0024123418584672,-0.0001615297282114,0.2167513930238783,0.1244416549801826,0.0923097380436956,0.9442890286445618,0.8908579349517822,8506,8060,0,0.1425948368178473,0.7003104701638222,20,8,16566,8506,8060,0.0763143204543922,cuda,77.1826171875,,,,,,,,,,,,
157,198,200,True,994,994,943,635,308,31,277,0.3266171792152704,0.0328738069989395,0.2937433722163308,0.4472440944881889,2.017322834645669,0.7564704288178542,14.117022195951206,31.409428762544795,0.5033628157280408,0.495511477200065,0.1530881860652777,0.0572877171068034,0.1844132208947356,0.489655877286055,0.187720224507681,0.0875374896686494,0.1436220762503194,0.00585559991401,-0.0346320384424033,-0.030249772561846,0.0407911446444162,9.907741251325556,9.907741251325556,7.485683987274656,0.4772004241781548,0.2119569659960035,0.0229929686896448,-0.0476130480479937,-0.0648973012169599,943,51,0,51,1.0,1.9627766599597585,1.9627766599597585,2.068928950159066,108.60735659052524,60.95558447989218,-4.743411622045085,65.69899610193727,0.9326625568985176,169.56294107041742,0.0543036782952626,0.030477792239946,0.0847814705352087,0.7676056338028169,218,165,53,66,0,159,131.9551587301587,95.29866146924972,7,59,7.0,7.0,51,0,277,31,0,31,277,0,4920.215647007072,492.0215647007072,10502.429814152129,1050.2429814152126,400.3821299377547,40.038212993775474,6196.353898753025,619.6353898753025,4715.0,471.5,0,0,0.0659775793650793,-0.0038499999999999,0.0659775793650793,-0.0038499999999999,0.0,0.0,0.0659775793650793,0.0035,0.0683417007665701,0.1393749358816443,-0.1065269159714244,0.002942243886421,0.0009480740159955,-0.0116231050326797,-0.0007492592653428,-0.000465,-0.0001867592653428,-9.750000000000004e-05,0.0,0.0,0.0,0.0,0.0,0.0009480740159955,0.0076080740159954,0.0659775793650793,0.0009480740159955,0.0,0.0,0.0543036782952633,0.030477792239946,-0.0094868232440901,0.0437993307346248,-0.0023717058110225,0.0328494980509686,0.002942243886421,0.002942243886421,0.452617574175178,0.1238350741025481,0.0703466421714121,0.0,0.0,0.0174297748525429,0.0,0.0,0.0066599999999999,0.0476493307346248,-0.0038499999999999,0.0155,0.1385,-0.0025738715866787,-0.0024123418584672,-0.0001615297282114,0.2167513930238783,0.1244416549801826,0.0923097380436956,0.9442890286445618,0.8908579349517822,8506,8060,0,0.1425948368178473,0.7003104701638222,20,8,16566,8506,8060,0.0763143204543922,cuda,77.1826171875,,,,,,,,,,,,
158,199,200,True,1085,1085,1034,764,270,36,234,0.2611218568665377,0.034816247582205,0.2263056092843327,0.3795811518324607,2.119109947643979,0.7372561522725365,14.336110457075828,28.34623315087788,0.5008818464802542,0.5092964169632702,0.1701535259090676,0.0503975175362548,0.1895309656088031,0.5081345661694466,0.2109990028593767,0.0812279885248963,0.1503668558754573,0.0011618507938235,-0.0408454769503091,-0.0308304709886415,0.0391641097333457,12.49613152804642,12.48549323017408,9.802707930367506,0.5328820116054158,0.1446557467702216,0.0562150220635332,-0.0886889693973057,-0.0029315070009567,1034,51,0,51,1.0,1.8,1.8,1.8887814313346227,102.5889744035627,64.41360261888842,-6.430353425067631,70.84395604395603,0.9167853654176578,167.0025770224511,0.0512944872017813,0.0322068013094442,0.0835012885112255,0.8321678321678322,238,158,80,48,0,153,123.86190476190475,98.85860805860806,4,44,4.0,4.0,78,0,234,36,0,36,234,0,4519.006754551779,451.90067545517786,9679.382320145553,967.9382320145552,444.43482747310895,44.443482747310895,5690.063115126361,569.0063115126361,5170.0,517.0,0,0,0.0619309523809523,-0.0022,0.0619309523809523,-0.0022,0.0,0.0,0.0619309523809523,0.002,0.0656505784462258,0.177219739013104,-0.1463368086427136,0.0018385825644752,0.0007486264850972,-0.0139154083937339,-0.0008370775708291,-0.00054,-0.0001970775708291,-0.0001,0.0,0.0,0.0,0.0,0.0,0.0007486264850972,0.0087486264850971,0.0619309523809523,0.0007486264850972,0.0,0.0,0.0512944872017822,0.0322068013094441,-0.0128607068501352,0.047229304029304,-0.0032151767125338,0.035421978021978,0.0018385825644752,0.0018385825644752,0.4841126975201247,0.1520786611158944,0.0688392492946928,0.0,0.0,0.0135781567848528,0.0,0.0,0.0079999999999998,0.049429304029304,-0.0022,0.018,0.117,-0.0025738715866787,-0.0024123418584672,-0.0001615297282114,0.2167513930238783,0.1244416549801826,0.0923097380436956,0.9442890286445618,0.8908579349517822,8506,8060,0,0.1425948368178473,0.7003104701638222,20,8,16566,8506,8060,0.0763143204543922,cuda,77.1826171875,,,,,,,,,,,,
159,200,200,True,1129,1129,1081,871,210,37,173,0.1942645698427382,0.03422756706753,0.1600370027752081,0.4293915040183697,2.0126291618828933,0.7152690851181985,15.436111496181905,25.573297800139088,0.4511183979886793,0.4634002786553138,0.1342894691507728,0.0674136521810094,0.1851014112679439,0.4683840722872113,0.1751986552408365,0.1115863396874099,0.1402466706268652,-0.0049837936318974,-0.0409091860900636,-0.0441726875064004,0.0448547406410787,10.449583718778907,10.449583718778907,7.6586493987049025,0.5013876040703052,0.2165741863169925,0.139564017219128,-0.0643053634993884,-0.00995673713796,1081,48,0,48,1.0,1.7643932683790966,1.7643932683790966,1.8427382053654024,88.96331972890553,50.746887737016735,-6.543104562350559,57.28999229936727,0.8974966767392637,139.71020746592228,0.0444816598644527,0.0253734438685083,0.0698551037329611,0.8434163701067615,237,152,85,44,0,151,106.50714285714284,80.78665639915643,5,39,5.0,4.0,83,0,173,37,0,37,173,0,4325.694521496172,432.5694521496172,9278.112872804357,927.8112872804356,436.0930139373381,43.609301393733816,5447.494241605358,544.7494241605358,5405.0,540.5,0,0,0.0532535714285714,-0.00275,0.0532535714285714,-0.00275,0.0,0.0,0.0532535714285714,0.0025,0.0645822506403257,0.1791486450167385,-0.1176807682839585,0.0020529330826014,0.000314013607978,-0.0142881499731332,-0.0008675814147959,-0.000555,-0.0002050814147959,-0.0001075,0.0,0.0,0.0,0.0,0.0,0.000314013607978,0.0093940136079779,0.0532535714285714,0.000314013607978,0.0,0.0,0.0444816598644537,0.0253734438685083,-0.0130862091247011,0.0381933281995782,-0.0032715522811752,0.0286449961496836,0.0020529330826014,0.0020529330826014,0.4821953090072419,0.1358590330229248,0.1017452042121574,0.0,0.0,0.0112460306398489,0.0,0.0,0.0090799999999998,0.0403933281995782,-0.0022,0.0185,0.0865,-0.0025738715866787,-0.0024123418584672,-0.0001615297282114,0.2167513930238783,0.1244416549801826,0.0923097380436956,0.9442890286445618,0.8908579349517822,8506,8060,0,0.1425948368178473,0.7003104701638222,20,8,16566,8506,8060,0.0763143204543922,cuda,77.1826171875,,,,,,,,,,,,
160,201,200,True,1127,1127,1069,781,288,36,252,0.2694106641721235,0.0336763330215154,0.235734331150608,0.4263764404609475,2.0102432778489114,0.7555790746753867,14.00067260292825,25.665771344421422,0.4737224202187338,0.4785127808815691,0.2047176932660855,0.067952187945315,0.1780499149991554,0.4812988702222113,0.2445089165169016,0.1155571565589487,0.1342928244037107,-0.0027860893406422,-0.039791223250816,-0.0476049686136337,0.0437570905954447,10.578110383536014,10.578110383536014,8.034611786716557,0.4490177736202058,0.1452196005063705,0.1114568587505026,-0.1201343837121835,-0.0559442227440059,1069,58,0,58,1.0,1.7604259094942325,1.7604259094942325,1.8559401309635173,83.1022846801748,46.19019380567069,-6.338385947909089,52.52857975357972,0.8923269464906566,129.2924784858455,0.0415511423400874,0.0230950969028353,0.0646462392429227,0.823943661971831,234,148,86,50,0,146,99.6285714285714,72.23810633810635,2,48,2.0,2.0,85,0,252,36,0,36,252,0,4387.7146660857725,438.77146660857727,9376.89568810148,937.689568810148,416.0812791674589,41.60812791674589,5522.445278728971,552.2445278728972,5345.0,534.5,0,0,0.0498142857142857,-0.0011,0.0498142857142857,-0.0011,0.0,0.0,0.0498142857142857,0.001,0.0629495510876184,0.1633461241555069,-0.1416719934444689,0.0016456099633299,0.000328568843294,-0.0134537167252219,-0.0008510728592349,-0.00054,-0.0002185728592349,-9.250000000000004e-05,0.0,0.0,0.0,0.0,0.0,0.000328568843294,0.0084985688432939,0.0498142857142857,0.000328568843294,0.0,0.0,0.0415511423400882,0.0230950969028353,-0.0126767718958181,0.0350190531690531,-0.0031691929739545,0.0262642898767898,0.0016456099633299,0.0016456099633299,0.4666368388303042,0.170677557174211,0.0946336950896684,0.0,0.0,0.0098644509598649,0.0,0.0,0.0081699999999998,0.0361190531690531,-0.0011,0.018,0.126,-0.0025738715866787,-0.0024123418584672,-0.0001615297282114,0.2167513930238783,0.1244416549801826,0.0923097380436956,0.9442890286445618,0.8908579349517822,8506,8060,0,0.1425948368178473,0.7003104701638222,20,8,16566,8506,8060,0.0763143204543922,cuda,77.1826171875,,,,,,,,,,,,
161,202,200,True,1112,1112,1057,848,209,48,161,0.1977294228949858,0.0454115421002838,0.152317880794702,0.5094339622641509,1.883254716981132,0.7630772204753363,13.913890800386104,25.13394797185682,0.4354693189479289,0.4731148542168568,0.2183997512241509,0.0796267453318611,0.1864092990136617,0.4757618341278636,0.2398682951681175,0.1258375596532099,0.1387486653446378,-0.0026469799110068,-0.0214685439439666,-0.0462108143213488,0.0476606336690239,11.67833491012299,11.67833491012299,9.135288552507095,0.4758751182592242,0.1262780748315131,0.0993012722325081,-0.1162150397860765,-0.0373484097347603,1057,55,0,55,1.0,1.7742805755395683,1.7742805755395683,1.8666035950804163,86.2180641278051,46.44755815051352,-5.623237720282329,52.07079587079585,0.9025334619496614,132.6656222783186,0.0431090320639025,0.0232237790752567,0.0663328111391593,0.8602150537634409,240,155,85,39,0,152,103.15238095238092,72.72772782772785,3,36,3.0,3.0,82,0,161,48,0,48,161,0,4431.46259093349,443.146259093349,9494.404043895884,949.4404043895886,416.5938227805497,41.65938227805497,5580.387073211753,558.0387073211753,5285.0,528.5,0,0,0.0515761904761904,-0.00165,0.0515761904761904,-0.00165,0.0,0.0,0.0515761904761904,0.0015,0.0653302361068938,0.1788630338576042,-0.1455576551061781,0.0032038048297349,0.0002803984147508,-0.0134282902895957,-0.00108125670932,-0.00072,-0.00022125670932,-0.00014,0.0,0.0,0.0,0.0,0.0,0.0002803984147508,0.0092403984147507,0.0515761904761904,0.0002803984147508,0.0,0.0,0.0431090320639034,0.0232237790752567,-0.0112464754405646,0.0347138639138639,-0.0028116188601411,0.0260353979353979,0.0032038048297349,0.0032038048297349,0.4860590294900432,0.183058389588004,0.1121516626557281,0.0,0.0,0.0075902140746405,0.0,0.0,0.0089599999999998,0.0363638639138639,-0.00165,0.024,0.0805,0.0013513229978141,0.0022498300402528,-0.0008985070424387,0.2516650510951876,0.1457687348127365,0.1058963162824511,0.9356889128684998,0.8780049681663513,8382,7973,0,0.1344813659787178,0.7010421320796013,21,8,16355,8382,7973,0.084180099198606,cuda,76.97412109375,,,,,,,,,,,,
162,203,200,True,1047,1047,981,660,321,40,281,0.327217125382263,0.0407747196738022,0.2864424057084607,0.4727272727272727,1.990909090909091,0.7476949333693041,14.447566585829763,28.91522935990132,0.4907845190242039,0.5056673037283348,0.1722651393293882,0.0609961601609194,0.1862766464889952,0.5029964323748242,0.2000272478922411,0.0882395899168455,0.1421220757067203,0.0026708713535106,-0.0277621085628528,-0.027243429755926,0.0441545707822748,11.776758409785932,11.776758409785932,9.497451580020387,0.4464831804281345,0.1907825784827795,0.0855623928124676,-0.072690420530639,-0.0804263853201647,981,66,0,66,1.0,1.8853868194842407,1.8853868194842407,2.0122324159021407,108.17036977609102,57.10433524096207,-5.32215285427604,62.42648809523807,0.9214426624699072,165.2747050170531,0.0540851848880455,0.028552167620481,0.0826373525085265,0.8700361010830325,241,164,77,36,0,161,131.41666666666663,88.73531746031742,6,30,6.0,5.0,75,0,281,40,0,40,281,0,4680.834870494433,468.0834870494433,10027.036574584865,1002.7036574584864,389.94987524491546,38.99498752449155,5893.178820851736,589.3178820851737,4905.0,490.5,0,0,0.0657083333333333,-0.0033,0.0657083333333333,-0.0033,0.0,0.0,0.0657083333333333,0.003,0.069251401935244,0.1475207329662085,-0.1100061991807345,0.0021443716692928,0.0005925911068942,-0.0117788284634056,-0.0009513904421826,-0.0006,-0.0002413904421826,-0.00011,0.0,0.0,0.0,0.0,0.0,0.0005925911068942,0.0075925911068941,0.0657083333333333,0.0005925911068942,0.0,0.0,0.0540851848880462,0.028552167620481,-0.010644305708552,0.0416176587301587,-0.002661076427138,0.031213244047619,0.0021443716692928,0.0021443716692928,0.455869251497827,0.1446586025703761,0.0653719344707168,0.0,0.0,0.0142048660303715,0.0,0.0,0.0069999999999998,0.0443676587301587,-0.00275,0.02,0.1405,0.0013513229978141,0.0022498300402528,-0.0008985070424387,0.2516650510951876,0.1457687348127365,0.1058963162824511,0.9356889128684998,0.8780049681663513,8382,7973,0,0.1344813659787178,0.7010421320796013,21,8,16355,8382,7973,0.084180099198606,cuda,76.97412109375,,,,,,,,,,,,
163,204,200,True,1096,1096,1048,767,281,42,239,0.2681297709923664,0.0400763358778625,0.2280534351145038,0.378096479791395,2.1473272490221644,0.7630501585724767,14.095478189659865,29.437173777717653,0.4633870090706218,0.5476084429833848,0.1739292419533763,0.0290605727209183,0.2131335285323461,0.5426068231366293,0.2056398580343774,0.0579476655962375,0.1624443109792012,0.0050016198467555,-0.031710616081001,-0.0288870928753191,0.0506892175531449,14.580152671755725,14.580152671755725,11.813931297709924,0.5896946564885496,0.1928091750534055,0.0446214403369928,-0.0860425847828941,-0.0342247649813839,1048,48,0,48,1.0,1.8047445255474448,1.8047445255474448,1.887404580152672,117.63260570023742,67.22330258223747,-6.039178686493848,73.26248126873126,0.9238454946604692,184.8559082824749,0.0588163028501187,0.0336116512911187,0.0924279541412374,0.8666666666666667,247,174,73,38,0,171,142.80952380952382,103.18330835830834,5,33,5.0,5.0,72,0,239,42,0,42,239,0,4347.950909379055,434.7950909379055,9261.384276768107,926.1384276768108,415.686557518119,41.5686557518119,5481.991424662371,548.1991424662372,5240.0,524.0,0,0,0.0714047619047619,-0.00275,0.0714047619047619,-0.00275,0.0,0.0,0.0714047619047619,0.0025,0.0722790710815346,0.1891787817862364,-0.1528314951669418,0.0021992973120486,0.0003724666315459,-0.0129242849651391,-0.0010884363900566,-0.00063,-0.0003434363900566,-0.000115,0.0,0.0,0.0,0.0,0.0,0.0003724666315459,0.0084624666315458,0.0714047619047619,0.0003724666315459,0.0,0.0,0.0588163028501194,0.0336116512911187,-0.0120783573729876,0.0488416541791541,-0.0030195893432469,0.0366312406343656,0.0021992973120486,0.0021992973120486,0.4955881612825831,0.1482331952764249,0.0570018873716026,0.0,0.0,0.0103957209075524,0.0,0.0,0.0080899999999998,0.0515916541791541,-0.00275,0.021,0.1195,0.0013513229978141,0.0022498300402528,-0.0008985070424387,0.2516650510951876,0.1457687348127365,0.1058963162824511,0.9356889128684998,0.8780049681663513,8382,7973,0,0.1344813659787178,0.7010421320796013,21,8,16355,8382,7973,0.084180099198606,cuda,76.97412109375,,,,,,,,,,,,
164,205,200,True,1069,1069,1025,760,265,26,239,0.2585365853658536,0.0253658536585365,0.233170731707317,0.406578947368421,2.101315789473684,0.7435041391339742,14.46753758505771,26.963770577154666,0.4828546635637394,0.4939963579177856,0.1978293830479838,0.0521073424036761,0.187599700880482,0.4966912919753476,0.2299603092864057,0.10061635189126,0.1393457542614717,-0.0026949340575619,-0.0321309262384219,-0.0485090094875838,0.0482539466190102,11.811707317073171,11.811707317073171,9.125853658536585,0.504390243902439,0.1348007520701734,0.0729616201783625,-0.1017549101041778,-0.0463912593063623,1025,44,0,44,1.0,1.8550046772684752,1.8550046772684752,1.9258536585365853,104.4284604709323,57.85894129271419,-5.272231895244706,63.13117318795888,0.9229244232968852,162.28740176364647,0.0522142302354661,0.028929470646357,0.0811437008818232,0.8055555555555556,232,166,66,56,0,164,126.29285714285712,88.04452769452767,5,51,5.0,3.5178455550750027,65,0,239,26,0,26,239,0,4580.257951050631,458.0257951050632,9751.146718626684,975.1146718626684,426.8989298999467,42.68989298999468,5769.537328321918,576.9537328321918,5125.0,512.5,0,0,0.0631464285714285,-0.00275,0.0631464285714285,-0.00275,0.0,0.0,0.0631464285714285,0.0025,0.0701628666798274,0.1639341755163123,-0.122418759780336,0.0035210071557269,0.0006254368916165,-0.0133443470782109,-0.0006478589311911,-0.00039,-0.0001903589311911,-6.750000000000003e-05,0.0,0.0,0.0,0.0,0.0,0.0006254368916165,0.0084854368916164,0.0631464285714285,0.0006254368916165,0.0,0.0,0.052214230235467,0.028929470646357,-0.0105444637904894,0.0420874487919725,-0.0026361159476223,0.0315655865939794,0.0035210071557269,0.0035210071557269,0.4851201207619382,0.1569422155560156,0.0705950639081365,0.0,0.0,0.0145802764582202,0.0,0.0,0.0078599999999998,0.0440222638472638,-0.0019348150552912,0.013,0.1195,0.0013513229978141,0.0022498300402528,-0.0008985070424387,0.2516650510951876,0.1457687348127365,0.1058963162824511,0.9356889128684998,0.8780049681663513,8382,7973,0,0.1344813659787178,0.7010421320796013,21,8,16355,8382,7973,0.084180099198606,cuda,76.97412109375,,,,,,,,,,,,
165,206,200,True,1175,1175,1119,796,323,62,261,0.2886505808757819,0.0554066130473637,0.2332439678284182,0.4233668341708542,2.128140703517588,0.7343515612596843,14.44358694852896,31.26863849294096,0.4864247553064046,0.5117180804586291,0.1754747561305462,0.0900672022545775,0.1889738844726328,0.5178017450599515,0.197203003294794,0.1498593520582244,0.1426911217057562,-0.0060836646013223,-0.0217282471642478,-0.0597921498036468,0.0462827627668765,12.16532618409294,12.16532618409294,9.604110813226097,0.5210008936550492,0.1953454214528069,0.0501101429324921,-0.0834408154500341,-0.06812735612533,1119,56,0,56,1.0,1.691063829787234,1.691063829787234,1.775692582663092,77.41630488257546,40.77852597106797,-7.093201488778679,47.87172745984665,0.8709504110264827,118.19483085364342,0.0387081524412877,0.0203892629855339,0.0590974154268217,0.8673835125448028,242,145,97,37,0,143,92.35995670995668,68.22896994646223,4,33,4.0,4.0,92,0,261,62,0,62,261,0,4016.7238980271422,401.67238980271424,8737.396247725641,873.7396247725641,433.6494098671496,43.36494098671496,5058.999487230875,505.8999487230875,5595.0,559.5,0,0,0.0461799783549783,-0.0022,0.0461799783549783,-0.0022,0.0,0.0,0.0461799783549783,0.002,0.061295176788401,0.1871090915663422,-0.1655165421729003,0.0017974083564527,0.0002408487865251,-0.0140797856310974,-0.0013980440219787,-0.00093,-0.0002955440219787,-0.0001725,0.0,0.0,0.0,0.0,0.0,0.0002408487865251,0.008820848786525,0.0461799783549783,0.0002408487865251,0.0,0.0,0.038708152441288,0.0203892629855339,-0.0141864029775573,0.0319144849732311,-0.0035466007443893,0.0239358637299233,0.0017974083564527,0.0017974083564527,0.4646947171574428,0.1516135441008883,0.1242607599348777,0.0,0.0,0.0062902121307228,0.0,0.0,0.0085799999999998,0.0341144849732311,-0.0022,0.031,0.1305,0.0013513229978141,0.0022498300402528,-0.0008985070424387,0.2516650510951876,0.1457687348127365,0.1058963162824511,0.9356889128684998,0.8780049681663513,8382,7973,0,0.1344813659787178,0.7010421320796013,21,8,16355,8382,7973,0.084180099198606,cuda,76.97412109375,,,,,,,,,,,,
166,207,200,True,1036,1036,990,816,174,47,127,0.1757575757575757,0.0474747474747474,0.1282828282828282,0.4583333333333333,1.9865196078431373,0.7365672275716183,14.304456082044863,23.908798528305603,0.454004837436211,0.4681274406429307,0.1870630355232267,0.0448770722306981,0.1894171495885387,0.4670651286256079,0.2175829970818834,0.0742917301763287,0.1418549768813867,0.0010623120173227,-0.0305199615586567,-0.0294146579456305,0.0475621727071519,11.303030303030305,11.303030303030305,8.488888888888889,0.5464646464646464,0.1808398634574894,0.1451160801656766,-0.1032729161551597,-0.0350166988230503,990,46,0,46,1.0,1.914092664092664,1.914092664092664,2.002020202020202,110.51050155327523,62.611337074826615,-6.036824142139479,68.64816121696607,0.9191695075909462,173.12183862810187,0.0552552507766376,0.0313056685374133,0.0865609193140509,0.841726618705036,234,168,66,44,0,166,133.49285714285713,96.30411255411254,5,39,5.0,4.339300846810091,64,0,127,47,0,47,127,0,4751.791337340865,475.17913373408646,10147.327603901618,1014.7327603901618,427.0901179903922,42.70901179903922,5984.798576466877,598.4798576466877,4950.0,495.0,0,0,0.0667464285714285,-0.00275,0.0667464285714285,-0.00275,0.0,0.0,0.0667464285714285,0.0025,0.0710265827133338,0.173977227782732,-0.1202152057106463,0.0025483563568648,0.0006605395974739,-0.0134715617273642,-0.0012295654397909,-0.000705,-0.0003945654397909,-0.00013,0.0,0.0,0.0,0.0,0.0,0.0006605395974739,0.0092905395974738,0.0667464285714285,0.0006605395974739,0.0,0.0,0.0552552507766388,0.0313056685374132,-0.0120736482842789,0.0457654408113107,-0.0030184120710697,0.034324080608483,0.0025483563568648,0.0025483563568648,0.4912356636959261,0.1583918721357619,0.0776755702004161,0.0,0.0,0.0118328075671569,0.0,0.0,0.0086299999999998,0.0481520562770562,-0.0023866154657455,0.0235,0.0635,0.0013513229978141,0.0022498300402528,-0.0008985070424387,0.2516650510951876,0.1457687348127365,0.1058963162824511,0.9356889128684998,0.8780049681663513,8382,7973,0,0.1344813659787178,0.7010421320796013,21,8,16355,8382,7973,0.084180099198606,cuda,76.97412109375,,,,,,,,,,,,
167,208,200,True,953,953,910,663,247,19,228,0.2714285714285714,0.0208791208791208,0.2505494505494505,0.3815987933634992,2.120663650075415,0.7598543606282719,13.951217307584136,27.039538928646127,0.4983346286096956,0.5189992554407135,0.1867743486912182,0.0446085577829267,0.1883352713330703,0.5143287894323041,0.2197322448150874,0.0732851540459092,0.1518707110983394,0.0046704660084093,-0.0329578961238692,-0.0286765962629824,0.0364645602347309,12.163736263736263,12.163736263736263,9.526373626373626,0.521978021978022,0.1019951261623065,0.0971337646364763,-0.0969350141197619,-0.0542525498093115,910,43,0,43,1.0,2.0010493179433366,2.0010493179433366,2.095604395604396,118.9804109580989,73.42275624244489,-4.421616051927372,77.84437229437228,0.9462521980126888,192.4031672005438,0.0594902054790494,0.0367113781212224,0.0962015836002719,0.7816901408450704,222,171,51,62,0,170,147.08333333333331,109.29249639249636,6,56,6.0,5.0,49,0,228,19,1,19,228,0,4832.756294202654,483.27562942026543,9895.945654890962,989.5945654890962,389.33236824985937,38.93323682498594,6087.550605358357,608.7550605358357,4550.0,455.0,0,1,0.0735416666666666,-0.0033,0.0735416666666666,-0.0033,0.0,0.0,0.0735416666666666,0.003,0.0730628455532137,0.1440538483324492,-0.1171518510930797,0.0035000573337864,0.0004643607285807,-0.0120143948612043,-0.0004969272715915,-0.000285,-0.0001619272715915,-5.000000000000003e-05,0.0,0.0,0.0,-0.001,-0.001,0.0004643607285807,0.0072843607285806,0.0725416666666666,0.0004643607285807,0.0,0.0,0.0594902054790502,0.0367113781212224,-0.0088432321038547,0.0518962481962482,-0.0022108080259636,0.0389221861471861,0.0035000573337864,0.0035000573337864,0.4742446642244898,0.1460680761502501,0.0629333170024403,0.0,0.0,0.014305561863549,0.0,0.0,0.0068199999999998,0.0546462481962481,-0.00275,0.0095,0.114,0.0013513229978141,0.0022498300402528,-0.0008985070424387,0.2516650510951876,0.1457687348127365,0.1058963162824511,0.9356889128684998,0.8780049681663513,8382,7973,0,0.1344813659787178,0.7010421320796013,21,8,16355,8382,7973,0.084180099198606,cuda,76.97412109375,,,,,,,,,,,,
168,209,200,True,894,894,843,562,281,23,258,0.3333333333333333,0.0272835112692763,0.3060498220640569,0.5142348754448398,1.8558718861209964,0.7507929013399043,14.265384772494173,24.132917648055376,0.5196088999325452,0.4570112371306826,0.1433186725285766,0.0379914035490346,0.1723743976852806,0.4520250684266837,0.1645820619707456,0.0568101885376392,0.135445589713381,0.0049861687039989,-0.021263389442169,-0.0188187849886045,0.0369288079718996,8.288256227758007,8.288256227758007,6.202846975088968,0.3772241992882562,0.1204511110644527,0.1981257049856064,-0.1030469530078742,-0.0749819983499163,843,51,0,51,1.0,2.175615212527964,2.175615212527964,2.3072360616844603,133.01417667338788,85.06393648052743,-4.423563519472598,89.4875,0.9528962472184616,218.0781131539153,0.0665070883366939,0.0425319682402637,0.1090390565769576,0.8398576512455516,236,184,52,45,0,180,162.78571428571428,123.7166666666666,4,41,4.0,4.0,51,0,258,23,0,23,258,0,5491.255733704092,549.1255733704091,11592.04579828345,1159.204579828345,368.68872424393777,36.86887242439378,6915.740807924683,691.5740807924683,4215.0,421.5,0,0,0.0813928571428571,-0.0022,0.0813928571428571,-0.0022,0.0,0.0,0.0813928571428571,0.002,0.0775289424435708,0.1008502753330017,-0.0403245216898573,0.0025007320987587,0.0011140131120409,-0.0106189164202852,-0.0005379735743096,-0.000345,-0.0001354735743096,-5.750000000000004e-05,0.0,0.0,0.0,0.0,0.0,0.0011140131120409,0.0069640131120408,0.0813928571428571,0.0011140131120409,0.0,0.0,0.0665070883366937,0.0425319682402637,-0.0088471270389451,0.0596583333333333,-0.0022117817597362,0.04474375,0.0025007320987587,0.0025007320987587,0.4616931494093617,0.1149044819244757,0.0514732913298725,0.0,0.0,0.016393439583992,0.0,0.0,0.0058499999999999,0.0618583333333333,-0.0022,0.0115,0.129,0.0013513229978141,0.0022498300402528,-0.0008985070424387,0.2516650510951876,0.1457687348127365,0.1058963162824511,0.9356889128684998,0.8780049681663513,8382,7973,0,0.1344813659787178,0.7010421320796013,21,8,16355,8382,7973,0.084180099198606,cuda,76.97412109375,,,,,,,,,,,,
169,210,200,True,1080,1080,1026,721,305,27,278,0.297270955165692,0.0263157894736842,0.2709551656920078,0.3966712898751733,2.0943134535367545,0.7454875345947674,14.688278137397502,25.7908025546808,0.4617316607052976,0.4991679943880988,0.1588754638998502,0.033888608649962,0.206835839520215,0.4946971802498199,0.1943842148583966,0.0591472210930905,0.1529793904244321,0.0044708141382788,-0.0355087509585464,-0.0252586124431285,0.0538564490957829,10.52046783625731,10.467836257309942,7.966861598440546,0.4873294346978557,0.1542050841819644,0.1462821903090423,-0.1051837537044364,-0.0398127608487458,1026,54,0,54,1.0,1.7962962962962965,1.7962962962962965,1.887914230019493,112.57120838801126,65.4454480808037,-5.08342096681539,70.52886904761904,0.9327699112691208,178.01665646881497,0.0562856041940056,0.0327227240404018,0.0890083282344074,0.8546099290780141,241,165,76,41,0,158,136.65238095238092,95.13849206349204,1,40,1.0,1.0,74,0,278,27,0,27,278,0,4459.406020771472,445.9406020771472,9512.384090977692,951.2384090977692,390.4714020748884,39.047140207488845,5616.6536724064645,561.6653672406464,5130.0,513.0,0,0,0.0683261904761904,-0.00055,0.0683261904761904,-0.00055,0.0,0.0,0.0683261904761904,0.0005,0.0671681950346383,0.1525800931850303,-0.1081465834208747,0.0026732196623972,0.0006432590652662,-0.0121057646186143,-0.0007269607999505,-0.000405,-0.0002519607999505,-7.000000000000005e-05,0.0,0.0,0.0,0.0,0.0,0.0006432590652662,0.0081232590652661,0.0683261904761904,0.0006432590652662,0.0,0.0,0.0562856041940064,0.0327227240404018,-0.0101668419336307,0.047019246031746,-0.0025417104834076,0.0352644345238095,0.0026732196623972,0.0026732196623972,0.4519066381091335,0.1256073751295747,0.0522506484133737,0.0,0.0,0.0137417856190039,0.0,0.0,0.0074799999999998,0.047569246031746,-0.00055,0.0135,0.139,-0.0029492008771436,0.0005733017887299,-0.0035225026658736,0.2354680326042904,0.1274779303206338,0.1079901022836566,0.946246862411499,0.8934727907180786,8243,7821,0,0.1325268344746695,0.6850870572030544,22,8,16064,8243,7821,0.0862443394898568,cuda,76.62158203125,,,,,,,,,,,,
170,211,200,True,1142,1142,1067,723,344,50,294,0.3223992502343017,0.0468603561387066,0.2755388940955951,0.4135546334716459,2.031811894882434,0.7475846897022358,14.271695539334669,29.96072665870932,0.4882461418411652,0.5080091566630583,0.1925322263866127,0.0794193986764649,0.1874840714624808,0.5077546677483893,0.2199967504938855,0.1379681323776678,0.1373046413295867,0.000254488914669,-0.0274645241072728,-0.0585487337012029,0.0501794301328941,11.192127460168695,11.192127460168695,8.749765698219306,0.5023430178069354,0.1485027661990935,0.0383106646439663,-0.1270082332228677,-0.0720994620705916,1067,75,0,75,1.0,1.745183887915937,1.745183887915937,1.8678537956888472,85.66530326802174,48.8868258282757,-5.649606489406619,54.53643231768231,0.9061309466217738,134.55212909629745,0.0428326516340108,0.0244434129141378,0.0672760645481487,0.8613138686131386,236,155,81,38,0,154,103.05476190476192,74.91524309024311,3,35,3.0,2.0,79,0,294,50,0,50,294,0,4238.817629229919,423.8817629229919,9120.596083305049,912.0596083305048,403.2490253056064,40.32490253056064,5340.979220181982,534.0979220181982,5335.0,533.5,0,0,0.0515273809523809,-0.00165,0.0515273809523809,-0.00165,0.0,0.0,0.0515273809523809,0.0015,0.0657891742227602,0.1633368670024928,-0.1554242814259594,0.0029874494020748,0.0003237343605305,-0.0128364349196765,-0.0012080816219577,-0.00075,-0.0003105816219577,-0.0001475,0.0,0.0,0.0,0.0,0.0,0.0003237343605305,0.0080537343605304,0.0515273809523809,0.0003237343605305,0.0,0.0,0.0428326516340114,0.0244434129141378,-0.0112992129788132,0.0363576215451215,-0.0028248032447033,0.0272682161588411,0.0029874494020748,0.0029874494020748,0.4537257520096437,0.161692953465202,0.0959696005023895,0.0,0.0,0.0062747939496963,0.0,0.0,0.0077299999999998,0.0374576215451215,-0.0011,0.025,0.147,-0.0029492008771436,0.0005733017887299,-0.0035225026658736,0.2354680326042904,0.1274779303206338,0.1079901022836566,0.946246862411499,0.8934727907180786,8243,7821,0,0.1325268344746695,0.6850870572030544,22,8,16064,8243,7821,0.0862443394898568,cuda,76.62158203125,,,,,,,,,,,,
171,212,200,True,989,989,946,744,202,36,166,0.2135306553911205,0.0380549682875264,0.175475687103594,0.4690860215053763,1.948924731182796,0.7528046938760947,14.187966281367888,24.97342381558271,0.4442967515742272,0.4591529148841096,0.1593772067778533,0.0368345409571643,0.1956202817720271,0.4534518750965274,0.1893726109304235,0.0583742581738499,0.147211172442723,0.0057010397875821,-0.0299954041525701,-0.0215397172166855,0.048409109329304,10.142706131078224,10.142706131078224,7.584566596194503,0.4788583509513742,0.1715956668230885,0.101459736772392,-0.0896265507857697,-0.0456643486177221,946,43,0,43,1.0,2.0111223458038423,2.0111223458038423,2.102536997885835,130.30753825266078,80.94694944936435,-5.533659524994642,86.48060897435897,0.9398608540257696,211.2544877020252,0.0651537691263303,0.0404734747246821,0.1056272438510125,0.784452296819788,222,179,43,61,0,178,158.51904761904763,124.10747863247862,8,53,8.0,8.0,42,0,166,36,0,36,166,0,4996.979532487521,499.6979532487521,10485.520105812471,1048.552010581247,396.1491311404628,39.61491311404628,6295.7016557338375,629.5701655733837,4730.0,473.0,0,0,0.0792595238095238,-0.0043999999999999,0.0792595238095238,-0.0043999999999999,0.0,0.0,0.0792595238095238,0.004,0.0761478011922314,0.1441280562028103,-0.0712136798250967,0.0017512847129476,0.0009307503935566,-0.0120202466625115,-0.000890527883913,-0.00054,-0.000253027883913,-9.750000000000008e-05,0.0,0.0,0.0,0.0,0.0,0.0009307503935566,0.0087307503935564,0.0792595238095238,0.0009307503935566,0.0,0.0,0.0651537691263308,0.0404734747246822,-0.0110673190499892,0.0576537393162393,-0.0027668297624973,0.0432403044871794,0.0017512847129476,0.0017512847129476,0.4712140582814557,0.124445146457335,0.0592544170507514,0.0,0.0,0.0190747335305436,0.0,0.0,0.0077999999999998,0.0620537393162393,-0.0043999999999999,0.018,0.083,-0.0029492008771436,0.0005733017887299,-0.0035225026658736,0.2354680326042904,0.1274779303206338,0.1079901022836566,0.946246862411499,0.8934727907180786,8243,7821,0,0.1325268344746695,0.6850870572030544,22,8,16064,8243,7821,0.0862443394898568,cuda,76.62158203125,,,,,,,,,,,,
172,213,200,True,1006,1006,959,678,281,28,253,0.2930135557872784,0.0291970802919708,0.2638164754953076,0.4292035398230088,2.0132743362831858,0.7364246879970782,14.79531295461289,25.135975482013723,0.4958814088732547,0.4785558469044072,0.13173343043137,0.0311071892010712,0.1877258650431063,0.4730841705361299,0.1617490620225953,0.0580580602824113,0.1476404847505785,0.0054716763682773,-0.0300156315912253,-0.02695087108134,0.0400853802925278,10.281543274244004,10.281543274244004,7.881126173096976,0.4191866527632951,0.1827101113867752,0.1349786127871697,-0.0282101262688557,-0.0049554837258633,959,47,0,47,1.0,1.9512922465208749,1.9512922465208749,2.0417101147028154,110.44676805377304,60.20741430953635,-5.015032286396495,65.22244659593287,0.9285989137679856,170.65418236330936,0.0552233840268865,0.0301037071547681,0.0853270911816546,0.8531468531468531,244,171,73,42,0,167,134.14285714285714,91.89965034965034,5,37,5.0,4.487625656127122,71,0,253,28,0,28,253,0,4908.510953209976,490.8510953209976,10424.387791628824,1042.4387791628824,399.6376799920163,39.96376799920163,6183.8302054182295,618.3830205418229,4795.0,479.5,0,0,0.0670714285714285,-0.00275,0.0670714285714285,-0.00275,0.0,0.0,0.0670714285714285,0.0025,0.0715903119778774,0.1384691294022666,-0.0744296172069191,0.0032355729265717,0.0007712058487182,-0.0122257307280493,-0.0007151756441802,-0.00042,-0.0002076756441802,-8.750000000000005e-05,0.0,0.0,0.0,0.0,0.0,0.0007712058487182,0.0078312058487181,0.0670714285714285,0.0007712058487182,0.0,0.0,0.0552233840268873,0.0301037071547681,-0.0100300645727929,0.0434816310639552,-0.0025075161431982,0.0326112232979664,0.0032355729265717,0.0032355729265717,0.4580344637378394,0.1250945769023813,0.0534949262370176,0.0,0.0,0.0111304354839282,0.0,0.0,0.0070599999999998,0.0459498251748251,-0.0024681941108699,0.014,0.1265,-0.0029492008771436,0.0005733017887299,-0.0035225026658736,0.2354680326042904,0.1274779303206338,0.1079901022836566,0.946246862411499,0.8934727907180786,8243,7821,0,0.1325268344746695,0.6850870572030544,22,8,16064,8243,7821,0.0862443394898568,cuda,76.62158203125,,,,,,,,,,,,
173,214,200,True,1085,1085,1036,770,266,46,220,0.2567567567567567,0.0444015444015444,0.2123552123552123,0.4402597402597402,2.016883116883117,0.766124549779025,13.743311359355976,24.48728439908523,0.4553198135188628,0.4797945652882774,0.1720947852914596,0.0327249241333648,0.1902429811317812,0.4801510911870312,0.2042607159511029,0.0714615079432169,0.1484671729749866,-0.0003565258987538,-0.0321659306596432,-0.0387365838098521,0.0417758081567945,10.072393822393822,10.072393822393822,7.454633204633205,0.5135135135135135,0.1785613215983069,0.1145939229748587,-0.0954888505612608,-0.0210326623351676,1036,49,0,49,1.0,1.816589861751152,1.816589861751152,1.9025096525096523,97.62735607251064,47.919196579776205,-5.804315324985661,53.72351190476189,0.9024940839418863,145.54655265228683,0.0488136780362553,0.0239595982898881,0.0727732763261434,0.8586572438162544,243,160,83,40,0,156,117.7,74.93134920634922,3,37,3.0,3.0,82,0,220,46,0,46,220,0,4548.575643055375,454.8575643055375,9701.004941709632,970.1004941709632,401.5897476992812,40.15897476992812,5728.011018288575,572.8011018288574,5180.0,518.0,0,0,0.0588499999999999,-0.00165,0.0588499999999999,-0.00165,0.0,0.0,0.0588499999999999,0.0015,0.0666609082145976,0.1627709501315399,-0.115099129956908,0.0026681978267776,0.0005083901812764,-0.0127489547809897,-0.0011379960897525,-0.00069,-0.0003279960897525,-0.00012,0.0,0.0,0.0,0.0,0.0,0.0005083901812764,0.0086683901812763,0.0588499999999999,0.0005083901812764,0.0,0.0,0.0488136780362561,0.0239595982898881,-0.0116086306499713,0.0358156746031746,-0.0029021576624928,0.0268617559523809,0.0026681978267776,0.0026681978267776,0.4679376229291251,0.147280301854389,0.0621926269123746,0.0,0.0,0.0084557176609648,0.0,0.0,0.0081599999999998,0.0374656746031746,-0.00165,0.023,0.11,-0.0029492008771436,0.0005733017887299,-0.0035225026658736,0.2354680326042904,0.1274779303206338,0.1079901022836566,0.946246862411499,0.8934727907180786,8243,7821,0,0.1325268344746695,0.6850870572030544,22,8,16064,8243,7821,0.0862443394898568,cuda,76.62158203125,,,,,,,,,,,,
174,215,200,True,966,966,912,642,270,44,226,0.2960526315789473,0.0482456140350877,0.2478070175438596,0.4890965732087227,1.968847352024922,0.7579124410668637,14.088402910024575,31.78119876080213,0.4912763856008612,0.4752722946097175,0.1425824737367786,0.0521088848768144,0.1896971318569046,0.4729213696495394,0.1725940402695833,0.0891088701005244,0.1437586824528617,0.002350924960178,-0.0300115665328047,-0.03699998522371,0.0459384494040428,10.025219298245617,10.025219298245617,7.656798245614035,0.4440789473684211,0.0889683250492411,0.0719964265726996,-0.1021811812520877,-0.0302501463407544,912,54,0,54,1.0,1.8985507246376807,1.8985507246376807,2.0109649122807016,88.20572880143926,57.59760434572409,-5.157761122141393,62.75536546786543,0.924053546330168,145.80333314716336,0.0441028644007196,0.028798802172862,0.0729016665735816,0.8483754512635379,235,150,85,42,0,146,108.5785714285714,88.07382062382064,5,37,5.0,4.0,83,0,226,44,1,44,226,0,4574.07276869937,457.40727686993694,9540.911273681786,954.0911273681786,370.17439408282127,37.01743940828213,5759.349016661058,575.9349016661058,4560.0,456.0,0,1,0.0542892857142857,-0.00275,0.0542892857142857,-0.00275,0.0,0.0,0.0542892857142857,0.0025,0.063232413945577,0.1314210677211192,-0.0901126327090945,0.0018799201181967,0.0004971791464553,-0.0114690705264891,-0.001059023920957,-0.00066,-0.000264023920957,-0.000135,0.0,0.0,0.0,-0.001,-0.001,0.0004971791464553,0.0073571791464552,0.0532892857142857,0.0004971791464553,0.0,0.0,0.0441028644007203,0.028798802172862,-0.0103155222442827,0.0418369103119103,-0.0025788805610706,0.0313776827339327,0.0018799201181967,0.0018799201181967,0.4224690772535767,0.1090017467587204,0.0737177149308508,0.0,0.0,0.0088990038261539,0.0,0.0,0.0068599999999998,0.0440369103119103,-0.0022,0.022,0.113,-0.0029492008771436,0.0005733017887299,-0.0035225026658736,0.2354680326042904,0.1274779303206338,0.1079901022836566,0.946246862411499,0.8934727907180786,8243,7821,0,0.1325268344746695,0.6850870572030544,22,8,16064,8243,7821,0.0862443394898568,cuda,76.62158203125,,,,,,,,,,,,
175,216,200,True,991,991,948,778,170,47,123,0.1793248945147679,0.0495780590717299,0.1297468354430379,0.4627249357326478,1.9665809768637528,0.7447003349853358,14.275700691733078,23.53547826907322,0.4589518981751271,0.4624417012217419,0.1748278466074854,0.0670384918315609,0.1724026274668642,0.4612166328800981,0.2103521224622468,0.0911112051016643,0.1403372808620525,0.0012250683416437,-0.0355242758547614,-0.0240727132701034,0.0320653466048116,10.462025316455696,10.462025316455696,7.732067510548523,0.5147679324894515,0.1556005829846359,0.1757257355650144,-0.0894837405570123,-0.1062453535744066,948,43,0,43,1.0,1.9848637739656911,1.9848637739656911,2.0748945147679323,125.25556641935464,74.742211447592,-6.173704544310846,80.91591599190282,0.9291109031558624,199.99777786694665,0.0626277832096773,0.037371105723796,0.0999988889334733,0.7762237762237763,222,178,44,64,0,174,151.91785714285712,116.68788798920376,8,56,8.0,8.0,42,0,123,47,0,47,123,0,4884.125179154142,488.4125179154142,10387.57545991572,1038.757545991572,434.3310192704559,43.43310192704559,6153.6489134979,615.36489134979,4740.0,474.0,0,0,0.0759589285714285,-0.0044,0.0759589285714285,-0.0044,0.0,0.0,0.0759589285714285,0.004,0.0741548199285302,0.1553693018548712,-0.1037673110990951,0.0018372108989528,0.0010532017626723,-0.0129841664187983,-0.001118809582395,-0.000705,-0.000271309582395,-0.0001425,0.0,0.0,0.0,0.0,0.0,0.0010532017626723,0.0093032017626722,0.0759589285714285,0.0010532017626723,0.0,0.0,0.0626277832096785,0.0373711057237959,-0.0123474090886216,0.0539439439946018,-0.0030868522721554,0.0404579579959514,0.0018372108989528,0.0018372108989528,0.4879736431229206,0.1590157067706538,0.0763684469070169,0.0,0.0,0.0151012520257113,0.0,0.0,0.0082499999999998,0.0583439439946018,-0.0044,0.0235,0.0615,-0.0029492008771436,0.0005733017887299,-0.0035225026658736,0.2354680326042904,0.1274779303206338,0.1079901022836566,0.946246862411499,0.8934727907180786,8243,7821,0,0.1325268344746695,0.6850870572030544,22,8,16064,8243,7821,0.0862443394898568,cuda,76.62158203125,,,,,,,,,,,,
176,217,200,True,984,984,927,665,262,42,220,0.2826321467098166,0.0453074433656957,0.2373247033441208,0.4345864661654135,2.001503759398496,0.7477616883534238,14.192604186839628,24.80786976635008,0.5000184215145944,0.4802507839032582,0.1984939112363005,0.0318259122732438,0.1771837930538152,0.4714703865293273,0.2268829838855934,0.0551366709211239,0.1413251932962496,0.0087803973739308,-0.0283890726492929,-0.02331075864788,0.0358585997575655,10.069039913700108,10.069039913700108,7.62891046386192,0.4498381877022653,0.1604759344572457,0.1668848017754768,-0.0978303235222708,-0.0868624503832934,927,57,0,57,1.0,1.9735772357723576,1.9735772357723576,2.0906148867313914,122.32022617875002,71.76408636211556,-5.19930649502738,76.96339285714286,0.9367193807406226,194.0843125408656,0.061160113089375,0.0358820431810577,0.0970421562704327,0.8280701754385965,236,168,68,49,0,162,148.97619047619045,107.01785714285712,4,45,4.0,4.0,67,0,220,42,0,42,220,0,4987.594210087016,498.7594210087016,10641.896969745729,1064.1896969745726,403.3401822701992,40.33401822701992,6277.708007536821,627.7708007536821,4635.0,463.5,0,0,0.0744880952380952,-0.0022,0.0744880952380952,-0.0022,0.0,0.0,0.0744880952380952,0.002,0.0696963264990102,0.1377275228703021,-0.0881855495220386,0.0026201702474862,0.000778184494494,-0.012091354549881,-0.0009957047802417,-0.00063,-0.0002532047802417,-0.0001125,0.0,0.0,0.0,0.0,0.0,0.000778184494494,0.0078481844944938,0.0744880952380952,0.000778184494494,0.0,0.0,0.061160113089376,0.0358820431810577,-0.0103986129900547,0.0513089285714285,-0.0025996532475136,0.0384816964285714,0.0026201702474862,0.0026201702474862,0.4697852209480711,0.1520879316953483,0.0532277193432703,0.0,0.0,0.0192066993542925,0.0,0.0,0.0070699999999998,0.0535089285714285,-0.0022,0.021,0.11,-0.0029492008771436,0.0005733017887299,-0.0035225026658736,0.2354680326042904,0.1274779303206338,0.1079901022836566,0.946246862411499,0.8934727907180786,8243,7821,0,0.1325268344746695,0.6850870572030544,22,8,16064,8243,7821,0.0862443394898568,cuda,76.62158203125,,,,,,,,,,,,
177,218,200,True,862,862,816,554,262,28,234,0.321078431372549,0.034313725490196,0.2867647058823529,0.3916967509025271,2.115523465703971,0.775481611113686,13.54905173064139,30.501519685725444,0.5100245588438691,0.5299965423205699,0.1401370097664504,0.0326696843798154,0.1965169617704482,0.5250389897113242,0.1857028275539944,0.0582389810075479,0.1544920977722813,0.0049575526092456,-0.0455658177875439,-0.0255692966277324,0.0420248639981669,12.397058823529411,12.397058823529411,9.904411764705882,0.5073529411764706,0.0976118747969741,0.0255560748038807,-0.1147125072834161,-0.0377543771599229,816,46,0,46,1.0,1.9675174013921115,1.9675174013921115,2.07843137254902,103.14815717064384,58.76815591944887,-4.0265410502481,62.794696969696936,0.9397415975883856,161.9163130900927,0.0515740785853219,0.0293840779597244,0.0809581565450463,0.7243816254416962,205,148,57,78,0,145,129.83333333333331,95.8262626262626,11,67,11.0,11.0,57,0,234,28,2,28,234,0,4360.848224798632,436.0848224798632,8858.609782429807,885.8609782429807,345.8874396857861,34.58874396857861,5490.175755125826,549.0175755125827,4080.0,408.0,0,2,0.0649166666666666,-0.00605,0.0649166666666666,-0.00605,0.0,0.0,0.0649166666666666,0.0055,0.0623954713151145,0.1249910558473735,-0.0941394387776879,0.003017690514507,0.0003837262599427,-0.010274676560553,-0.0007307674707063,-0.00042,-0.0002132674707063,-9.750000000000004e-05,0.0,0.0,0.0,-0.002,-0.002,0.0003837262599427,0.0062037262599426,0.0629166666666666,0.0003837262599427,0.0,0.0,0.0515740785853224,0.0293840779597244,-0.0080530821004962,0.0418631313131313,-0.002013270525124,0.0313973484848484,0.003017690514507,0.003017690514507,0.4058142057246509,0.0996880373615091,0.0449451635600323,0.0,0.0,0.0219608933403237,0.0,0.0,0.0058199999999999,0.0479131313131312,-0.00605,0.014,0.117,-0.0029458683860462,-0.0014457487358918,-0.0015001196501543,0.2193237638514902,0.1243019488122728,0.0950218150392174,0.9481427669525146,0.8946496248245239,8417,8000,0,0.1416704985830519,0.6447676867246628,23,8,16417,8417,8000,0.0793016323912888,cuda,77.03759765625,,,,,,,,,,,,
178,219,200,True,963,963,909,624,285,25,260,0.3135313531353135,0.0275027502750275,0.286028602860286,0.3701923076923077,2.17948717948718,0.7599799047486905,14.245849033196768,33.13954544373048,0.4981780947560438,0.5473741937476473,0.15490898821885,0.0354056885176433,0.2138207814005466,0.5468435304191632,0.1963323320303924,0.0785488514539349,0.1614193194307004,0.000530663328484,-0.0414233438115423,-0.0431431629362916,0.0524014619698461,11.812981298129811,11.812981298129811,9.23982398239824,0.5665566556655666,0.1068982620661067,0.046588898512315,-0.0805485972830703,-0.0050435878643798,909,54,0,54,1.0,1.944963655244029,1.944963655244029,2.0605060506050603,107.14910765896242,67.10851283215352,-4.77303766160029,71.88155049375375,0.937733177146202,174.25762049111594,0.0535745538294812,0.0335542564160767,0.0871288102455579,0.7722419928825622,217,164,53,64,0,160,132.3333333333333,100.66551226551223,5,59,5.0,4.384949945915657,51,0,260,25,1,25,260,0,4650.930681462325,465.0930681462325,9639.831358910367,963.9831358910368,380.1263018020808,38.01263018020808,5860.963136686178,586.0963136686178,4545.0,454.5,0,1,0.0661666666666666,-0.00275,0.0661666666666666,-0.00275,0.0,0.0,0.0661666666666666,0.0025,0.0686225283341675,0.1450773858509899,-0.1188144845942569,0.0024303513146346,0.0007161024807395,-0.0113041138653773,-0.0005786004358936,-0.000375,-0.0001311004358936,-7.250000000000004e-05,0.0,0.0,0.0,-0.001,-0.001,0.0007161024807395,0.0072061024807394,0.0651666666666666,0.0007161024807395,0.0,0.0,0.0535745538294818,0.0335542564160767,-0.0095460753232005,0.0479210336625025,-0.0023865188308001,0.0359407752468768,0.0024303513146346,0.0024303513146346,0.4509501347842522,0.1266320242310797,0.0589889963600655,0.0,0.0,0.0125394073894598,0.0,0.0,0.0064899999999999,0.0503327561327561,-0.0024117224702536,0.0125,0.13,-0.0029458683860462,-0.0014457487358918,-0.0015001196501543,0.2193237638514902,0.1243019488122728,0.0950218150392174,0.9481427669525146,0.8946496248245239,8417,8000,0,0.1416704985830519,0.6447676867246628,23,8,16417,8417,8000,0.0793016323912888,cuda,77.03759765625,,,,,,,,,,,,
179,220,200,True,1131,1131,1074,746,328,67,261,0.3054003724394786,0.0623836126629422,0.2430167597765363,0.4088471849865951,2.1206434316353886,0.7314665614160392,14.65984868364104,31.5955586564445,0.5137597441398002,0.5362003481979345,0.1750533763249342,0.0519566319011471,0.1883104140658041,0.5331287511671836,0.2041134495767527,0.1029286140814141,0.148661137188987,0.0030715970307508,-0.0290600732518185,-0.050971982180267,0.0396492768768171,13.883612662942271,13.883612662942271,11.371508379888269,0.5251396648044693,0.1746289988945528,-0.0244021838746918,-0.0566504272841443,-0.0669707499101114,1074,57,0,57,1.0,1.74447391688771,1.74447391688771,1.8370577281191809,94.3811227419214,54.15128945334073,-6.231208257282003,60.3824977106227,0.9064575650499872,148.53241219526214,0.0471905613709607,0.0270756447266703,0.074266206097631,0.8398576512455516,236,154,82,45,0,151,113.75357142857142,82.70999694749698,2,43,2.0,2.0,81,0,261,67,0,67,261,0,4298.513975741361,429.85139757413606,9177.004758702024,917.7004758702026,426.305156491654,42.6305156491654,5413.765606403226,541.3765606403226,5370.0,537.0,0,0,0.0568767857142857,-0.0011,0.0568767857142857,-0.0011,0.0,0.0,0.0568767857142857,0.001,0.0647087239636905,0.1820840606500935,-0.163266210036912,0.0035322146883987,0.0003156639976606,-0.0139369007124226,-0.0015325200651474,-0.001005,-0.0003125200651474,-0.000215,0.0,0.0,0.0,0.0,0.0,0.0003156639976606,0.0084456639976605,0.0568767857142857,0.0003156639976606,0.0,0.0,0.0471905613709613,0.0270756447266703,-0.012462416514564,0.0402549984737485,-0.003115604128641,0.0301912488553113,0.0035322146883987,0.0035322146883987,0.4717594950679419,0.1536997710429157,0.0946914677685594,0.0,0.0,0.0054825437138169,0.0,0.0,0.0081299999999998,0.0413549984737485,-0.0011,0.0335,0.1305,-0.0029458683860462,-0.0014457487358918,-0.0015001196501543,0.2193237638514902,0.1243019488122728,0.0950218150392174,0.9481427669525146,0.8946496248245239,8417,8000,0,0.1416704985830519,0.6447676867246628,23,8,16417,8417,8000,0.0793016323912888,cuda,77.03759765625,,,,,,,,,,,,
180,221,200,True,1045,1045,985,682,303,45,258,0.3076142131979695,0.0456852791878172,0.2619289340101522,0.4868035190615836,1.8988269794721409,0.7619817238574154,14.04619147840483,26.55666789467121,0.5045755163450889,0.4912225409817835,0.1849499037789721,0.056827800071872,0.1794253130145698,0.487386294539548,0.2149258604112062,0.0860366808445823,0.1400031868253679,0.0038362464422354,-0.029975956632234,-0.0292088807727103,0.0394221261892019,11.171573604060914,11.171573604060914,8.928934010152284,0.4436548223350254,0.1200531879056905,0.0841473971468373,-0.1345581591127347,-0.0485447417957929,985,60,0,60,1.0,1.876555023923445,1.876555023923445,1.9908629441624368,109.47441157201897,63.22563823814783,-5.600552238042653,68.82619047619046,0.9247508081934154,172.70004981016675,0.0547372057860094,0.0316128191190739,0.0863500249050833,0.8339350180505415,231,164,67,46,0,160,133.0095238095238,98.36825396825397,6,40,6.0,6.0,63,0,258,45,0,45,258,0,4621.547378062639,462.1547378062639,9854.003289455388,985.4003289455388,418.0394887733549,41.803948877335486,5823.19250154682,582.319250154682,4925.0,492.5,0,0,0.0665047619047618,-0.0033,0.0665047619047618,-0.0033,0.0,0.0,0.0665047619047618,0.003,0.0683848431747843,0.1429043168620402,-0.0940817775988386,0.0025792019244089,0.0003969813109997,-0.0125134728168299,-0.0010220594781117,-0.000675,-0.0002120594781117,-0.000135,0.0,0.0,0.0,0.0,0.0,0.0003969813109997,0.0076669813109996,0.0665047619047618,0.0003969813109997,0.0,0.0,0.0547372057860102,0.0316128191190739,-0.0112011044760853,0.0458841269841269,-0.0028002761190213,0.0344130952380952,0.0025792019244089,0.0025792019244089,0.4588100622759641,0.1417467968728925,0.0635242309859085,0.0,0.0,0.0113222504319383,0.0,0.0,0.0072699999999998,0.0491841269841269,-0.0033,0.0225,0.129,-0.0029458683860462,-0.0014457487358918,-0.0015001196501543,0.2193237638514902,0.1243019488122728,0.0950218150392174,0.9481427669525146,0.8946496248245239,8417,8000,0,0.1416704985830519,0.6447676867246628,23,8,16417,8417,8000,0.0793016323912888,cuda,77.03759765625,,,,,,,,,,,,
181,222,200,True,1120,1120,1060,779,281,44,237,0.2650943396226415,0.0415094339622641,0.2235849056603773,0.4210526315789473,2.044929396662388,0.7446856784881768,14.185626874686204,27.171494543475884,0.512761148697274,0.5025831487924052,0.2512087452539813,0.0650171282054409,0.1653798177948315,0.5008188282571188,0.2727508845790474,0.1140639184421497,0.1340880589547718,0.0017643205352864,-0.0215421393250661,-0.0490467902367088,0.0312917588400596,11.563207547169812,11.563207547169812,8.978301886792453,0.4783018867924528,0.2135401827138138,0.1163262737252361,-0.1547078430282507,-0.0029379123581552,1060,60,0,60,1.0,1.7580357142857144,1.7580357142857144,1.8575471698113208,95.41258079313758,53.24952013167334,-6.901126403164376,60.15064653483769,0.8970776446202943,148.66210092481091,0.0477062903965687,0.0266247600658366,0.0743310504624054,0.8207885304659498,229,154,75,50,0,150,114.93849206349203,84.60086204645026,5,45,5.0,4.0,75,0,237,44,0,44,237,0,4344.613901031907,434.4613901031906,9388.746609872056,938.8746609872056,444.5828469358636,44.45828469358636,5473.317760656898,547.3317760656898,5300.0,530.0,0,0,0.057469246031746,-0.00275,0.057469246031746,-0.00275,0.0,0.0,0.057469246031746,0.0025,0.0642438490368654,0.1689785297287189,-0.146560036497533,0.0017530449627107,0.0004244678558598,-0.0145251249125331,-0.0009913284564732,-0.00066,-0.0001963284564732,-0.000135,0.0,0.0,0.0,0.0,0.0,0.0004244678558598,0.0086544678558597,0.057469246031746,0.0004244678558598,0.0,0.0,0.0477062903965697,0.0266247600658366,-0.0138022528063287,0.0401004310232251,-0.0034505632015821,0.0300753232674188,0.0017530449627107,0.0017530449627107,0.4758187103198149,0.1927050851585894,0.0804977397179105,0.0,0.0,0.0065059819804083,0.0,0.0,0.0082299999999998,0.0423004310232251,-0.0022,0.022,0.1185,-0.0029458683860462,-0.0014457487358918,-0.0015001196501543,0.2193237638514902,0.1243019488122728,0.0950218150392174,0.9481427669525146,0.8946496248245239,8417,8000,0,0.1416704985830519,0.6447676867246628,23,8,16417,8417,8000,0.0793016323912888,cuda,77.03759765625,,,,,,,,,,,,
182,223,200,True,1115,1115,1059,747,312,53,259,0.2946175637393767,0.0500472143531633,0.2445703493862134,0.4431057563587684,1.911646586345381,0.7470383756211803,14.585811538389889,28.186043713346542,0.4505479949993202,0.4627980065633015,0.2002687434475105,0.0567236492145991,0.1851572406788667,0.4612896824617143,0.225575224791904,0.100202335264793,0.1433249533954394,0.0015083241015872,-0.0253064813443934,-0.0434786860501939,0.0418322872834272,8.858356940509916,8.858356940509916,6.5354107648725215,0.4173748819641171,0.130284017645557,0.0314525093250468,-0.1078739483240715,-0.0194345116130621,1059,56,0,56,1.0,1.770403587443946,1.770403587443946,1.8640226628895185,88.81942553087909,47.58774340347741,-5.271120649136633,52.85886405261402,0.9093218297547928,136.4071689343565,0.0444097127654395,0.0237938717017387,0.0682035844671782,0.8422939068100358,235,152,83,44,0,148,106.75714285714288,74.87848540348544,6,38,6.0,4.0,83,0,259,53,0,53,259,0,4311.634579483986,431.1634579483986,9280.287343418306,928.0287343418306,392.7359021062456,39.27359021062456,5431.608731856374,543.1608731856375,5295.0,529.5,0,0,0.0533785714285714,-0.0033,0.0533785714285714,-0.0033,0.0,0.0,0.0533785714285714,0.003,0.0633170753178255,0.1552538346209699,-0.1175742435146624,0.0031953321894558,0.0005342781129119,-0.0122385219191071,-0.0012313913711775,-0.000795,-0.0002888913711775,-0.0001475,0.0,0.0,0.0,0.0,0.0,0.0005342781129119,0.0085342781129117,0.0533785714285714,0.0005342781129119,0.0,0.0,0.0444097127654401,0.0237938717017387,-0.0105422412982732,0.0352392427017427,-0.0026355603245683,0.026429432026307,0.0031953321894558,0.0031953321894558,0.4367947255356388,0.1518609060487205,0.0928680320993958,0.0,0.0,0.00765767302995,0.0,0.0,0.0079999999999998,0.0374392427017427,-0.0022,0.0265,0.1295,-0.0029458683860462,-0.0014457487358918,-0.0015001196501543,0.2193237638514902,0.1243019488122728,0.0950218150392174,0.9481427669525146,0.8946496248245239,8417,8000,0,0.1416704985830519,0.6447676867246628,23,8,16417,8417,8000,0.0793016323912888,cuda,77.03759765625,,,,,,,,,,,,
183,224,200,True,1036,1036,996,756,240,50,190,0.2409638554216867,0.0502008032128514,0.1907630522088353,0.5119047619047619,1.9007936507936507,0.7705977005617959,13.686267184202002,27.42611145740621,0.4871287370289753,0.503430270230171,0.196942563188415,0.0455402992591853,0.1892703354590272,0.4987648760200177,0.220053754074292,0.0901898446720137,0.1452866641942549,0.0046653942101532,-0.023111190885877,-0.0446495454128284,0.0439836712647722,13.16967871485944,13.16967871485944,10.679718875502008,0.4909638554216867,0.1764509183723436,0.0584913052168478,-0.0644442035384205,-0.0592622632893332,996,40,0,40,1.0,1.9073359073359075,1.9073359073359075,1.983935742971888,116.02060350258373,61.97013137148154,-6.031662667812488,68.00179403929403,0.9185278800140976,177.99073487406525,0.0580103017512918,0.0309850656857407,0.0889953674370326,0.8556338028169014,243,169,74,41,0,167,140.68809523809523,92.86905871905874,2,39,2.0,2.0,73,0,190,50,0,50,190,0,4758.881664814632,475.8881664814632,10197.79761632121,1019.779761632121,427.2178137706658,42.72178137706658,5992.516576484171,599.2516576484171,4980.0,498.0,0,0,0.0703440476190476,-0.0011,0.0703440476190476,-0.0011,0.0,0.0,0.0703440476190476,0.001,0.0715924542460824,0.162405678082091,-0.1266883186627439,0.0025757930628229,0.0006153182802689,-0.0133916118362379,-0.0011992577100693,-0.00075,-0.0002592577100693,-0.00019,0.0,0.0,0.0,0.0,0.0,0.0006153182802689,0.0086753182802688,0.0703440476190476,0.0006153182802689,0.0,0.0,0.0580103017512928,0.0309850656857407,-0.0120633253356249,0.0453345293595293,-0.0030158313339062,0.034000897019647,0.0025757930628229,0.0025757930628229,0.4969101397291007,0.1706856010027285,0.0746908567783492,0.0,0.0,0.0146264428410088,0.0,0.0,0.0080599999999998,0.0464345293595293,-0.0011,0.025,0.095,-0.0029458683860462,-0.0014457487358918,-0.0015001196501543,0.2193237638514902,0.1243019488122728,0.0950218150392174,0.9481427669525146,0.8946496248245239,8417,8000,0,0.1416704985830519,0.6447676867246628,23,8,16417,8417,8000,0.0793016323912888,cuda,77.03759765625,,,,,,,,,,,,
184,225,200,True,1145,1145,1101,866,235,52,183,0.2134423251589464,0.0472297910990009,0.1662125340599455,0.4376443418013857,2.0,0.7257189487406067,14.762840881083358,27.760489853920618,0.501273760051702,0.5003854268452036,0.1721756705846508,0.053237665868332,0.1870711068321647,0.4960126597907471,0.1991037501777171,0.092259955313917,0.1457049069080854,0.0043727670544564,-0.0269280795930663,-0.039022289445585,0.0413661999240792,12.943687556766577,12.943687556766577,10.303360581289736,0.5376930063578564,0.1892021132833718,0.0558010576494381,-0.0665862436622054,-0.0544024786096038,1101,44,0,44,1.0,1.7292576419213974,1.7292576419213974,1.7983651226158035,96.25487775671915,52.1048401840322,-8.008606785664771,60.113446969696966,0.8824373848970396,148.35971794075135,0.0481274388783595,0.0260524200920161,0.0741798589703756,0.8333333333333334,235,152,83,47,0,149,115.43571428571428,84.55126262626261,4,43,4.0,4.0,80,0,183,52,0,52,183,0,4197.037147287712,419.7037147287712,9035.776370038651,903.5776370038652,471.6006021141728,47.16006021141728,5287.802361660897,528.7802361660897,5505.0,550.5,0,0,0.0577178571428571,-0.0022,0.0577178571428571,-0.0022,0.0,0.0,0.0577178571428571,0.002,0.0639277777477157,0.1968943037672877,-0.1559221591197375,0.0012090074576762,0.0005857658203693,-0.0157855664068541,-0.0012145812038508,-0.00078,-0.0002970812038508,-0.0001375,0.0,0.0,0.0,0.0,0.0,0.0005857658203693,0.0097657658203692,0.0577178571428571,0.0005857658203693,0.0,0.0,0.0481274388783605,0.0260524200920161,-0.0160172135713295,0.0400756313131313,-0.0040043033928323,0.0300567234848484,0.0012090074576762,0.0012090074576762,0.4837851320315692,0.161149149450598,0.0754587649810163,0.0,0.0,0.0141361523179724,0.0,0.0,0.0091799999999998,0.0422756313131313,-0.0022,0.026,0.0915,-0.0029458683860462,-0.0014457487358918,-0.0015001196501543,0.2193237638514902,0.1243019488122728,0.0950218150392174,0.9481427669525146,0.8946496248245239,8417,8000,0,0.1416704985830519,0.6447676867246628,23,8,16417,8417,8000,0.0793016323912888,cuda,77.03759765625,,,,,,,,,,,,
185,226,200,True,940,940,896,698,198,56,142,0.2209821428571428,0.0625,0.1584821428571428,0.5315186246418339,1.845272206303725,0.7496654348805504,14.160440999662296,26.476029670084788,0.4860327746860784,0.4696003750478982,0.1714169422009783,0.0357231574518643,0.1917500988804444,0.4671213958188251,0.2013387178990824,0.0607495434659954,0.1392268427129952,0.002478979229073,-0.029921775698104,-0.0250263860141311,0.0525232561674492,11.233258928571429,11.233258928571429,8.716517857142858,0.4832589285714285,0.1780908793045929,0.1298985970605813,-0.1215542111199214,-0.0721430650820694,896,44,0,44,1.0,1.9297872340425533,1.9297872340425533,2.024553571428572,111.79040823066369,65.83452289799112,-5.716305440337259,71.55082833832833,0.9260189273137552,177.6249311286548,0.0558952041153318,0.0329172614489955,0.0888124655643274,0.8339350180505415,231,157,74,46,0,152,137.66071428571428,99.80110445110446,4,42,4.0,4.0,72,0,142,56,1,56,142,0,4576.572529076231,457.6572529076231,9510.05763288446,951.005763288446,393.2264184457781,39.32264184457781,5762.731785917734,576.2731785917733,4480.0,448.0,0,1,0.0688303571428571,-0.0022,0.0688303571428571,-0.0022,0.0,0.0,0.0688303571428571,0.002,0.0654413446092624,0.1453610847491992,-0.0939404394835442,0.0018931068625004,0.0006145920052305,-0.0123363955532401,-0.0013631367932276,-0.00084,-0.0003131367932276,-0.00021,0.0,0.0,0.0,-0.001,-0.001,0.0006145920052305,0.0081545920052304,0.0678303571428571,0.0006145920052305,0.0,0.0,0.0558952041153327,0.0329172614489954,-0.0114326108806745,0.0477005522255522,-0.0028581527201686,0.0357754141691641,0.0018931068625004,0.0018931068625004,0.4378940279991298,0.13181163747199,0.0491944243184483,0.0,0.0,0.0106706558895187,0.0,0.0,0.0075399999999998,0.0499005522255522,-0.0022,0.028,0.071,-0.0015688144485466,-0.0003529459587298,-0.0012158684898167,0.2496479864232242,0.1465947089716792,0.103053277451545,0.939842402935028,0.8957057595252991,8149,7732,0,0.1265242524445056,0.6312640197575092,24,8,15881,8149,7732,0.0851481464825697,cuda,74.16357421875,,,,,,,,,,,,
186,227,200,True,1034,1034,977,676,301,52,249,0.308085977482088,0.0532241555783009,0.2548618219037871,0.4674556213017751,2.0310650887573964,0.7526199104782392,14.051989535608236,29.96598702851,0.5036243767190495,0.5027750869165863,0.1741485128498818,0.0458099174798196,0.1807356908278176,0.4944554873736652,0.198724505567328,0.0785688773925917,0.1416562458985215,0.0083195995429211,-0.0245759927174462,-0.0327589599127721,0.039079444929296,11.83828045035824,11.83828045035824,9.40532241555783,0.4779938587512794,0.2022404846013062,0.1040034118897086,-0.1391270873735201,-0.0770105972676125,977,57,0,57,1.0,1.918762088974855,1.918762088974855,2.0276356192425795,115.40199001450796,68.31274082893071,-5.686961552021685,73.9997023809524,0.9286334592096228,183.71473084343867,0.0577009950072539,0.0341563704144653,0.0918573654217193,0.7885304659498208,220,164,56,59,0,162,140.20000000000002,101.9662698412698,3,56,3.0,3.0,54,0,249,52,0,52,249,0,4781.33298116132,478.133298116132,10198.344877785115,1019.8344877785116,400.8208058014347,40.08208058014347,6021.051210391339,602.1051210391339,4885.0,488.5,0,0,0.0701,-0.00165,0.0701,-0.00165,0.0,0.0,0.0701,0.0015,0.0698715340773834,0.1506108855000452,-0.1233268461128156,0.0023171444557899,0.0008249750362698,-0.0123800028558591,-0.0012978179426645,-0.00078,-0.0003653179426645,-0.0001525,0.0,0.0,0.0,0.0,0.0,0.0008249750362698,0.0081049750362697,0.0701,0.0008249750362698,0.0,0.0,0.0577009950072547,0.0341563704144653,-0.0113739231040433,0.0493331349206348,-0.0028434807760108,0.0369998511904762,0.0023171444557899,0.0023171444557899,0.4555826685135969,0.1381508676923042,0.0616900765195674,0.0,0.0,0.01454895500611,0.0,0.0,0.0072799999999998,0.0509831349206348,-0.00165,0.026,0.1245,-0.0015688144485466,-0.0003529459587298,-0.0012158684898167,0.2496479864232242,0.1465947089716792,0.103053277451545,0.939842402935028,0.8957057595252991,8149,7732,0,0.1265242524445056,0.6312640197575092,24,8,15881,8149,7732,0.0851481464825697,cuda,74.16357421875,,,,,,,,,,,,
187,228,200,True,1017,1017,963,688,275,55,220,0.2855659397715472,0.0571131879543094,0.2284527518172378,0.4345930232558139,2.015988372093023,0.7302293044536613,14.60107419379922,32.3825265192535,0.465282475855633,0.5084799955014226,0.1220663509245009,0.0499057761281133,0.2125941183916185,0.5086250064981191,0.1508706832902917,0.103119284410854,0.1532542015707423,-0.0001450109966965,-0.0288043323657908,-0.0532135082827407,0.0593399168208761,12.234683281412254,12.234683281412254,9.66147455867082,0.5109034267912772,0.1945932067196693,0.028353372441016,-0.03031041083006,-0.0518165798744037,963,54,0,54,1.0,1.839724680432645,1.839724680432645,1.9428868120456904,102.1679022425254,67.98813800595138,-5.484100172536804,73.47223817848817,0.930542622833451,170.15604024847676,0.0510839511212626,0.0339940690029756,0.0850780201242383,0.8298611111111112,239,153,86,49,0,151,125.65238095238097,102.36298423798426,4,45,4.0,4.0,86,0,220,55,1,55,220,0,4378.049976864161,437.8049976864161,9098.189425296656,909.8189425296656,369.0514751761067,36.90514751761067,5513.876216308577,551.3876216308577,4815.0,481.5,0,1,0.0628261904761904,-0.0022,0.0628261904761904,-0.0022,0.0,0.0,0.0628261904761904,0.002,0.0648407168885732,0.158345800401209,-0.1170470673911554,0.0023350937440837,0.0006849937015516,-0.0116405215644328,-0.001369451260946,-0.000825,-0.000326951260946,-0.0002175,0.0,0.0,0.0,-0.001,-0.001,0.0006849937015516,0.0081149937015515,0.0618261904761904,0.0006849937015516,0.0,0.0,0.0510839511212634,0.0339940690029756,-0.0109682003450736,0.0489814921189921,-0.0027420500862684,0.036736119089244,0.0023350937440837,0.0023350937440837,0.4402800532535028,0.0980781560114259,0.0710477072609454,0.0,0.0,0.0121814696697428,0.0,0.0,0.0074299999999998,0.0511814921189921,-0.0022,0.0275,0.11,-0.0015688144485466,-0.0003529459587298,-0.0012158684898167,0.2496479864232242,0.1465947089716792,0.103053277451545,0.939842402935028,0.8957057595252991,8149,7732,0,0.1265242524445056,0.6312640197575092,24,8,15881,8149,7732,0.0851481464825697,cuda,74.16357421875,,,,,,,,,,,,
188,229,200,True,1100,1100,1054,745,309,34,275,0.2931688804554079,0.032258064516129,0.2609108159392789,0.4228187919463087,2.0644295302013425,0.7401319396975856,14.436904994273348,29.482608274005404,0.4879742559731349,0.5404001651594302,0.1826190047016079,0.0205574482791875,0.2154834497444981,0.5346693105745636,0.2352091446362635,0.0377832355696532,0.1600977629173122,0.0057308545848666,-0.0525901399346556,-0.0172257872904657,0.0553856868271859,13.995256166982925,13.878557874762809,11.359582542694495,0.5332068311195446,0.1587554013207269,0.0480290380081802,-0.1357314918770359,-0.0575614903020591,1054,46,0,46,1.0,1.7954545454545454,1.7954545454545454,1.8738140417457303,126.5721111481219,78.411771777149,-5.743241959114699,84.15501373626375,0.9361139777997944,204.9838829252709,0.0632860555740609,0.0392058858885745,0.1024919414626354,0.7509025270758123,208,169,39,69,0,166,153.90238095238092,114.40668498168496,2,67,2.0,2.0,37,0,275,34,0,34,275,0,4373.068154827401,437.30681548274,9424.281641092282,942.4281641092282,425.35420801979103,42.5354208019791,5510.457916583155,551.0457916583155,5270.0,527.0,0,0,0.0769511904761904,-0.0011,0.0769511904761904,-0.0011,0.0,0.0,0.0769511904761904,0.001,0.0705211812696553,0.1754701758851024,-0.1481170262821554,0.0023600288631477,0.0008355159655428,-0.0132196661861139,-0.0008121784094669,-0.00051,-0.0002096784094669,-9.250000000000008e-05,0.0,0.0,0.0,0.0,0.0,0.0008355159655428,0.0086255159655426,0.0769511904761904,0.0008355159655428,0.0,0.0,0.0632860555740617,0.0392058858885745,-0.0114864839182293,0.0561033424908424,-0.0028716209795573,0.0420775068681318,0.0023600288631477,0.0023600288631477,0.455457765199708,0.1433539523894056,0.0388256626039544,0.0,0.0,0.0146928373329232,0.0,0.0,0.0077899999999998,0.0572033424908424,-0.0011,0.017,0.1375,-0.0015688144485466,-0.0003529459587298,-0.0012158684898167,0.2496479864232242,0.1465947089716792,0.103053277451545,0.939842402935028,0.8957057595252991,8149,7732,0,0.1265242524445056,0.6312640197575092,24,8,15881,8149,7732,0.0851481464825697,cuda,74.16357421875,,,,,,,,,,,,
189,230,200,True,1089,1089,1028,747,281,42,239,0.2733463035019455,0.0408560311284046,0.2324902723735408,0.4431057563587684,2.0107095046854084,0.7368748031426944,14.586713937710886,29.71290188357533,0.4748112013810487,0.4805686636821652,0.1433709456225037,0.0768461912730771,0.1901877643353489,0.486882712008803,0.1729784721304155,0.1217545098194994,0.1474359379844413,-0.0063140483266378,-0.0296075265079118,-0.0449083185464223,0.0427518263509075,10.61284046692607,10.61284046692607,8.144941634241246,0.4922178988326848,0.1696433246004193,0.0045638982617982,-0.0609328775150846,-0.0711351216484361,1028,61,0,61,1.0,1.808080808080808,1.808080808080808,1.9134241245136188,98.4400684332644,55.26608470332682,-5.646496465504328,60.91258116883116,0.9151656443239006,153.7061531365912,0.0492200342166321,0.0276330423516634,0.0768530765682956,0.825,231,164,67,49,0,160,118.8380952380952,82.31677489177491,2,47,2.0,1.0,66,0,239,42,0,42,239,0,4475.967508034544,447.5967508034544,9601.51429976959,960.151429976959,411.4127934850056,41.14127934850056,5639.121431032105,563.9121431032105,5140.0,514.0,0,0,0.0594190476190476,-0.0011,0.0594190476190476,-0.0011,0.0,0.0,0.0594190476190476,0.001,0.0684200665537376,0.1633596929014094,-0.1128623640526912,0.0026499303204495,0.0005339806069704,-0.0128975988147235,-0.0010549346921242,-0.00063,-0.0002999346921242,-0.000125,0.0,0.0,0.0,0.0,0.0,0.0005339806069704,0.0084239806069702,0.0594190476190476,0.0005339806069704,0.0,0.0,0.0492200342166328,0.0276330423516634,-0.0112929929310086,0.0406083874458874,-0.0028232482327521,0.0304562905844155,0.0026499303204495,0.0026499303204495,0.4605548332355237,0.1369159614127944,0.0972154140354339,0.0,0.0,0.0139888554557302,0.0,0.0,0.0078899999999998,0.0411583874458874,-0.00055,0.021,0.1195,-0.0015688144485466,-0.0003529459587298,-0.0012158684898167,0.2496479864232242,0.1465947089716792,0.103053277451545,0.939842402935028,0.8957057595252991,8149,7732,0,0.1265242524445056,0.6312640197575092,24,8,15881,8149,7732,0.0851481464825697,cuda,74.16357421875,,,,,,,,,,,,
190,231,200,True,916,916,872,608,264,50,214,0.3027522935779816,0.0573394495412844,0.2454128440366972,0.5230263157894737,1.8700657894736843,0.7396153010869104,14.626106393964667,27.448118726869943,0.5009003296107901,0.4649877126426681,0.1180089499868795,0.0415298580146076,0.1832455462733234,0.4676104052188365,0.150283625729284,0.0727788165409277,0.1435600169505433,-0.0026226925761684,-0.0322746757424044,-0.0312489585263201,0.03968552932278,9.832568807339449,9.832568807339449,7.51605504587156,0.4162844036697247,0.1898789129299066,0.09777484376716,-0.0736475960070739,-0.0762049421029691,872,44,0,44,1.0,1.997816593886463,1.997816593886463,2.0986238532110093,113.05948411797544,72.09050743483529,-4.71723066040284,76.8077380952381,0.9421375962186256,185.14999155281072,0.0565297420589877,0.0360452537174176,0.0925749957764053,0.7859649122807018,224,163,61,61,0,160,139.66666666666663,111.21031746031746,8,53,8.0,8.0,60,0,214,50,1,50,214,0,4662.2254306414525,466.22254306414527,9652.328576420256,965.2328576420256,367.5797742006912,36.75797742006912,5871.95690664505,587.195690664505,4360.0,436.0,0,1,0.0698333333333333,-0.0044,0.0698333333333333,-0.0044,0.0,0.0,0.0698333333333333,0.004,0.0687281204172065,0.124035962427322,-0.0746118736939874,0.0030522376130272,0.0007353769616051,-0.0110744509485553,-0.0011606386626212,-0.00075,-0.0002506386626212,-0.00016,0.0,0.0,0.0,-0.001,-0.001,0.0007353769616051,0.007315376961605,0.0688333333333333,0.0007353769616051,0.0,0.0,0.0565297420589884,0.0360452537174176,-0.0094344613208056,0.0512051587301587,-0.0023586153302014,0.038403869047619,0.0030522376130272,0.0030522376130272,0.4180152555714257,0.0981503344077639,0.0534974096812855,0.0,0.0,0.0167245886854814,0.0,0.0,0.0065799999999999,0.0556051587301587,-0.0044,0.025,0.107,-0.0015688144485466,-0.0003529459587298,-0.0012158684898167,0.2496479864232242,0.1465947089716792,0.103053277451545,0.939842402935028,0.8957057595252991,8149,7732,0,0.1265242524445056,0.6312640197575092,24,8,15881,8149,7732,0.0851481464825697,cuda,74.16357421875,,,,,,,,,,,,
191,232,200,True,1026,1026,973,711,262,53,209,0.2692702980472765,0.0544707091469681,0.2147995889003083,0.4838255977496484,1.9254571026722929,0.7732585885898641,13.556370776749194,26.78692726847492,0.4815025325516945,0.4820430513927202,0.1485070325277022,0.044395214181168,0.1947244057030994,0.4840655551932532,0.1743613713828299,0.0959686846004041,0.1490405303767965,-0.0020225038005329,-0.0258543388551276,-0.0515734704192361,0.0456838753263029,11.027749229188078,11.027749229188078,8.608427543679342,0.4748201438848921,0.1673121360558217,0.0696309997206788,-0.1184434668914465,-0.010260602518487,973,53,0,53,1.0,1.9113060428849904,1.9113060428849904,2.015416238437821,101.17478271487931,60.60071302193693,-5.63449551952161,66.23520854145852,0.9216012422321812,161.77549573681625,0.0505873913574396,0.0303003565109684,0.0808877478684081,0.8680555555555556,250,174,76,38,0,169,122.37142857142857,91.6136113886114,4,34,4.0,3.0,73,0,209,53,0,53,209,0,4877.283283607303,487.7283283607303,10210.648281815698,1021.06482818157,398.3703502721653,39.83703502721653,6141.909221493075,614.1909221493075,4865.0,486.5,0,0,0.0611857142857142,-0.0022,0.0611857142857142,-0.0022,0.0,0.0,0.0611857142857142,0.002,0.07252651900792,0.150366069847872,-0.1076586592692837,0.0025718337097796,0.0005540996443411,-0.0124490290961366,-0.0012315254260157,-0.000795,-0.0002890254260157,-0.0001475,0.0,0.0,0.0,0.0,0.0,0.0005540996443411,0.008194099644341,0.0611857142857142,0.0005540996443411,0.0,0.0,0.0505873913574404,0.0303003565109684,-0.0112689910390432,0.0441568056943056,-0.0028172477597608,0.0331176042707292,0.0025718337097796,0.0025718337097796,0.4752505351259283,0.1247373902944417,0.0917781121508067,0.0,0.0,0.0087121774747942,0.0,0.0,0.0076399999999998,0.0458068056943056,-0.00165,0.0265,0.1045,-0.0015688144485466,-0.0003529459587298,-0.0012158684898167,0.2496479864232242,0.1465947089716792,0.103053277451545,0.939842402935028,0.8957057595252991,8149,7732,0,0.1265242524445056,0.6312640197575092,24,8,15881,8149,7732,0.0851481464825697,cuda,74.16357421875,,,,,,,,,,,,
192,233,200,True,1027,1027,969,715,254,52,202,0.262125902992776,0.0536635706914344,0.2084623323013416,0.3818181818181818,2.135664335664336,0.6988989858568965,15.394083986082276,25.781899859355047,0.4547876446612584,0.476085800495181,0.1346892888104165,0.0633853004867588,0.194895343792501,0.4778732982965616,0.1639812854607101,0.1140833988841102,0.1451061883902216,-0.0017874978013805,-0.0292919966502935,-0.0506980983973513,0.0497891554022794,10.031991744066048,10.031991744066048,7.40454076367389,0.5170278637770898,0.1667639050995135,0.0873360763742889,-0.0682076319203931,0.0003702867462668,969,58,0,58,1.0,1.7702044790652385,1.7702044790652385,1.862745098039216,80.59172287599874,44.66739527305819,-5.683849315686394,50.35124458874456,0.8985662569713844,125.25911814905692,0.0402958614379993,0.022333697636529,0.0626295590745284,0.8333333333333334,230,148,82,46,0,143,98.78333333333332,71.53499278499281,5,41,5.0,4.0,82,0,202,52,1,52,202,0,4179.826684553301,417.9826684553301,8722.915914180125,872.2915914180124,373.5739427298066,37.35739427298066,5265.851363406971,526.5851363406971,4845.0,484.5,0,1,0.0493916666666666,-0.00275,0.0493916666666666,-0.00275,0.0,0.0,0.0493916666666666,0.0025,0.0611539478919753,0.1533362671579174,-0.104715633271607,0.0016407105097811,0.0002426405233299,-0.0118244787732432,-0.0012373184339382,-0.00078,-0.0002998184339382,-0.0001575,0.0,0.0,0.0,-0.001,-0.001,0.0002426405233299,0.0079126405233298,0.0483916666666666,0.0002426405233299,0.0,0.0,0.0402958614379999,0.022333697636529,-0.0113676986313727,0.0335674963924964,-0.0028419246578431,0.0251756222943722,0.0016407105097811,0.0016407105097811,0.4378320544141342,0.1152985897664082,0.0954494408878627,0.0,0.0,0.0069254873587523,0.0,0.0,0.0076699999999998,0.0357674963924964,-0.0022,0.026,0.101,-0.0015688144485466,-0.0003529459587298,-0.0012158684898167,0.2496479864232242,0.1465947089716792,0.103053277451545,0.939842402935028,0.8957057595252991,8149,7732,0,0.1265242524445056,0.6312640197575092,24,8,15881,8149,7732,0.0851481464825697,cuda,74.16357421875,,,,,,,,,,,,
193,234,200,True,995,995,956,721,235,29,206,0.2458158995815899,0.0303347280334728,0.2154811715481171,0.4604715672676838,1.976421636615812,0.7686421073012147,13.973829610668504,24.588703258689,0.4768021821815213,0.4948277836368417,0.1675945764172424,0.0139882022956703,0.1957722154294816,0.4849540906830403,0.2023815063633097,0.0280598575629076,0.150629154601536,0.0098736929538014,-0.0347869299460672,-0.0140716552672372,0.0451430608279455,10.839958158995817,10.839958158995817,8.17050209205021,0.5313807531380753,0.1924631468167046,0.1413118801157192,-0.1005927619416861,-0.05113331207473,956,39,0,39,1.0,1.997989949748744,1.997989949748744,2.0784518828451883,142.95432218887655,91.11450711119991,-4.746207174514356,95.8607142857143,0.9528242480176616,234.0688293000765,0.0714771610944382,0.0455572535555999,0.1170344146500382,0.7801418439716312,220,182,38,62,0,181,174.41666666666669,138.81428571428572,10,52,10.0,10.0,37,0,206,29,0,29,206,0,4905.645684636814,490.5645684636814,10288.076049343064,1028.8076049343065,420.698304646572,42.0698304646572,6177.798362157281,617.7798362157281,4780.0,478.0,0,0,0.0872083333333333,-0.0055,0.0872083333333333,-0.0055,0.0,0.0,0.0872083333333333,0.005,0.07716317260025,0.1513760047845476,-0.0900775950527986,0.0037163656420322,0.001052472138858,-0.0125008863077745,-0.0007028381132344,-0.000435,-0.0001928381132344,-7.500000000000005e-05,0.0,0.0,0.0,0.0,0.0,0.001052472138858,0.0085524721388579,0.0872083333333333,0.001052472138858,0.0,0.0,0.0714771610944381,0.0455572535555999,-0.0094924143490287,0.0639071428571428,-0.0023731035872571,0.0479303571428571,0.0037163656420322,0.0037163656420322,0.4688610781089743,0.1295963835891619,0.0334078158858821,0.0,0.0,0.0230390099350921,0.0,0.0,0.0074999999999998,0.0694071428571428,-0.0055,0.0145,0.103,-0.0052226520628513,-0.0037013350248647,-0.0015213170379865,0.2660964884898729,0.1585235512918896,0.1075729371979832,0.9357225298881532,0.8902247548103333,8266,7883,0,0.1242998553646935,0.6380263164639473,25,8,16149,8266,7883,0.0866756610145103,cuda,76.75927734375,,,,,,,,,,,,
194,235,200,True,1141,1141,1083,827,256,66,190,0.2363804247460757,0.0609418282548476,0.175438596491228,0.4280532043530834,2.0241837968561063,0.7491967509058107,14.28306478917815,26.547202196111847,0.4564594474819934,0.4868657546795841,0.157471193084009,0.1120995188091387,0.196824134202469,0.493211187179028,0.1868089303991418,0.1761517629559189,0.1416089040449085,-0.0063454324994439,-0.0293377373151328,-0.0640522441467801,0.0552152301575605,10.745152354570637,10.745152354570637,7.907663896583564,0.5586334256694367,0.0456853779667232,0.05340911361802,-0.0866820585816016,-0.0578271735718101,1083,58,0,58,1.0,1.725679228746713,1.725679228746713,1.8180978762696207,81.3223078745089,46.33667912511576,-6.14660474787402,52.48328387298972,0.8951626057552031,127.65898699962466,0.0406611539372544,0.0231683395625578,0.0638294934998123,0.8798586572438163,249,155,94,34,1,151,97.0,73.27771183065303,3,31,3.0,3.0,91,0,190,66,0,66,190,0,4170.163496669413,417.01634966694127,9076.75355256402,907.675355256402,434.06625587820383,43.40662558782039,5256.27789918901,525.627789918901,5415.0,541.5,0,0,0.0484999999999999,-0.00165,0.0484999999999999,-0.00165,0.0,0.0,0.0484999999999999,0.0015,0.0642506164068176,0.1876409755927634,-0.1484010732288823,0.0029432511439012,0.0003757696862722,-0.0137269804885646,-0.001565996905135,-0.00099,-0.000383496905135,-0.0001925,0.0,0.0,0.0,0.0,0.0,0.0003757696862722,0.0093057696862721,0.0484999999999999,0.0003757696862722,0.0,0.0,0.0406611539372548,0.0231683395625578,-0.012293209495748,0.0349888559153265,-0.003073302373937,0.0262416419364948,0.0029432511439012,0.0029432511439012,0.4689009858038455,0.1364262978759883,0.139029746381282,0.0,0.0,0.0070135592804556,0.0,0.0,0.0089299999999998,0.0366388559153265,-0.00165,0.033,0.095,-0.0052226520628513,-0.0037013350248647,-0.0015213170379865,0.2660964884898729,0.1585235512918896,0.1075729371979832,0.9357225298881532,0.8902247548103333,8266,7883,0,0.1242998553646935,0.6380263164639473,25,8,16149,8266,7883,0.0866756610145103,cuda,76.75927734375,,,,,,,,,,,,
195,236,200,True,1139,1139,1087,820,267,37,230,0.2456301747930082,0.0340386384544618,0.2115915363385464,0.4609756097560976,1.921951219512195,0.7239038160297929,14.961535864341547,25.65324978145157,0.4747092827266187,0.4555480799297007,0.1627961367323267,0.0432708029481923,0.1872040591248106,0.4566301117219576,0.1949030506345102,0.083772465904107,0.1396139289797624,-0.0010820317922569,-0.0321069139021835,-0.0405016629559146,0.0475901301450482,9.588776448942042,9.588776448942042,7.091996320147194,0.4535418583256669,0.162576768722003,0.1238621511896421,-0.0949881753040969,-0.0383476563416839,1087,52,0,52,1.0,1.748902546093064,1.748902546093064,1.8307267709291628,96.85393013761434,55.0400301991341,-6.180189164835282,61.22021936396936,0.9083063545201796,151.89396033674845,0.0484269650688071,0.027520015099567,0.0759469801683742,0.7879858657243817,223,146,77,60,0,145,116.58571428571427,84.92695915195915,3,57,3.0,3.0,71,0,230,37,0,37,230,0,4221.702515293763,422.1702515293763,9117.065219797238,911.7065219797238,437.5201377968349,43.75201377968349,5315.443284671836,531.5443284671836,5435.0,543.5,0,0,0.0582928571428571,-0.00165,0.0582928571428571,-0.00165,0.0,0.0,0.0582928571428571,0.0015,0.0622718868266811,0.1679426735710534,-0.1209533775965237,0.0028443527801893,0.0003933967726072,-0.0141549676788668,-0.0008736590513169,-0.000555,-0.0001836590513169,-0.000135,0.0,0.0,0.0,0.0,0.0,0.0003933967726072,0.0089633967726071,0.0582928571428571,0.0003933967726072,0.0,0.0,0.0484269650688081,0.027520015099567,-0.0123603783296705,0.0408134795759795,-0.0030900945824176,0.0306101096819846,0.0028443527801893,0.0028443527801893,0.4483494396601578,0.1366036270278235,0.0739162882735954,0.0,0.0,0.0111889731483672,0.0,0.0,0.0085699999999998,0.0424634795759795,-0.00165,0.0185,0.115,-0.0052226520628513,-0.0037013350248647,-0.0015213170379865,0.2660964884898729,0.1585235512918896,0.1075729371979832,0.9357225298881532,0.8902247548103333,8266,7883,0,0.1242998553646935,0.6380263164639473,25,8,16149,8266,7883,0.0866756610145103,cuda,76.75927734375,,,,,,,,,,,,
196,237,200,True,1056,1056,996,687,309,49,260,0.3102409638554217,0.0491967871485943,0.2610441767068273,0.4526928675400291,1.9767103347889368,0.7507618450528496,14.185225343773633,28.32942245030854,0.4880986503426482,0.4975949205252107,0.2300318007017153,0.1032191408354805,0.1787883087049145,0.4978348062505194,0.2571991293893088,0.1540209402545766,0.1307395287373224,-0.0002398857253086,-0.0271673286875934,-0.050801799419096,0.0480487799675921,11.273092369477911,11.273092369477911,8.96285140562249,0.4618473895582329,0.1121722042523202,0.0934168323549909,-0.1700655698305714,-0.0502219016277695,996,60,0,60,1.0,1.8778409090909087,1.8778409090909087,1.9909638554216869,84.95175645115549,45.81230242528424,-5.417459479477664,51.22976190476189,0.904364956531038,130.76405887643972,0.0424758782255777,0.0229061512126421,0.0653820294382198,0.8257839721254355,237,157,80,50,0,155,102.26666666666668,72.70634920634919,5,45,5.0,4.0,80,0,260,49,0,49,260,0,4722.5447259053535,472.2544725905353,10103.091893828112,1010.3091893828112,384.7765377954201,38.47765377954201,5945.046459432208,594.5046459432208,4980.0,498.0,0,0,0.0511333333333332,-0.00275,0.0511333333333332,-0.00275,0.0,0.0,0.0511333333333332,0.0025,0.0670037078651217,0.1472505364378229,-0.1397265929671605,0.0027779618885658,0.0004860577945552,-0.0121935917416419,-0.0010425771281913,-0.000735,-0.0001525771281913,-0.000155,0.0,0.0,0.0,0.0,0.0,0.0004860577945552,0.007846057794555,0.0511333333333332,0.0004860577945552,0.0,0.0,0.0424758782255785,0.0229061512126421,-0.0108349189589553,0.0341531746031746,-0.0027087297397388,0.0256148809523809,0.0027779618885658,0.0027779618885658,0.4635381607171452,0.1652678112645978,0.1028279353290492,0.0,0.0,0.0107200161375218,0.0,0.0,0.0073599999999998,0.0363531746031746,-0.0022,0.0245,0.13,-0.0052226520628513,-0.0037013350248647,-0.0015213170379865,0.2660964884898729,0.1585235512918896,0.1075729371979832,0.9357225298881532,0.8902247548103333,8266,7883,0,0.1242998553646935,0.6380263164639473,25,8,16149,8266,7883,0.0866756610145103,cuda,76.75927734375,,,,,,,,,,,,
197,238,200,True,928,928,877,638,239,18,221,0.2725199543899658,0.0205245153933865,0.2519954389965792,0.4122257053291536,2.047021943573668,0.7150478422595042,15.745136225111432,28.60457817476745,0.5090890457432353,0.4984296056730994,0.1390743508853228,0.0210356634215314,0.185970175377791,0.491178017354871,0.1695112137570626,0.0466132550971103,0.1447086299369608,0.0072515883182283,-0.0304368628717398,-0.0255775916755789,0.0412615454408302,11.043329532497149,11.043329532497149,8.537058152793614,0.4800456100342075,0.1732885080839966,0.0492976044392665,-0.0373951774898395,-0.0542590262395585,877,51,0,51,1.0,2.052801724137931,2.052801724137931,2.167616875712657,129.45433934643464,82.99846446083481,-4.8894295530460905,87.88789401388084,0.9472993036976436,212.45280380726945,0.0647271696732173,0.0414992322304174,0.1062264019036347,0.7464285714285714,209,172,37,71,0,170,160.02738095238092,129.28385868517444,12,59,12.0,11.0,35,0,221,18,1,18,221,0,4895.228707403179,489.5228707403179,10271.43895198902,1027.143895198902,405.7474984381629,40.574749843816285,6169.476381463305,616.9476381463305,4385.0,438.5,0,1,0.0800136904761904,-0.0066,0.0800136904761904,-0.0066,0.0,0.0,0.0800136904761904,0.006,0.0731899500542516,0.1326391455344463,-0.0772148318397682,0.0024203474022795,0.0010210864613245,-0.0118108658710624,-0.0004456876729164,-0.00027,-0.0001306876729164,-4.500000000000002e-05,0.0,0.0,0.0,-0.001,-0.001,0.0010210864613245,0.0075810864613244,0.0790136904761904,0.0010210864613245,0.0,0.0,0.0647271696732179,0.0414992322304174,-0.0097788591060921,0.0585919293425872,-0.002444714776523,0.0439439470069404,0.0024203474022795,0.0024203474022795,0.4405488475542093,0.1038528688685414,0.0436468440772594,0.0,0.0,0.0210451199388333,0.0,0.0,0.0065599999999999,0.0646419293425872,-0.00605,0.009,0.1105,-0.0052226520628513,-0.0037013350248647,-0.0015213170379865,0.2660964884898729,0.1585235512918896,0.1075729371979832,0.9357225298881532,0.8902247548103333,8266,7883,0,0.1242998553646935,0.6380263164639473,25,8,16149,8266,7883,0.0866756610145103,cuda,76.75927734375,,,,,,,,,,,,
198,239,200,True,1058,1058,1014,807,207,50,157,0.2041420118343195,0.04930966469428,0.1548323471400394,0.4770755885997522,1.9256505576208176,0.7557379279327215,14.011728338740276,26.754550723929093,0.4418323153078549,0.4866590955037314,0.252874875305015,0.0444861531974297,0.1932661444516541,0.4829560385871554,0.2744867783166754,0.0795975898013391,0.1452850932636225,0.003703056916576,-0.0216119030116603,-0.0351114366039093,0.0479810511880315,11.183431952662724,11.183431952662724,8.520710059171599,0.4911242603550296,0.2177091729331032,0.1247726457250519,-0.1497149817986768,-0.067201202512168,1014,44,0,44,1.0,1.8431001890359169,1.8431001890359169,1.9230769230769231,108.89733449037624,60.10113267910213,-5.305117320897862,65.40624999999999,0.9249750426006824,168.99846716947835,0.0544486672451881,0.030050566339551,0.0844992335847391,0.8091872791519434,229,159,70,54,0,153,131.49999999999997,90.50833333333334,4,50,4.0,3.0,67,0,157,50,0,50,157,0,4566.775319823513,456.6775319823513,9839.507906717185,983.9507906717184,419.17849005861166,41.91784900586117,5750.4015422056855,575.0401542205685,5070.0,507.0,0,0,0.0657499999999999,-0.0022,0.0657499999999999,-0.0022,0.0,0.0,0.0657499999999999,0.002,0.0656835141351151,0.1742915078699318,-0.1432977722318107,0.0034866751586494,0.0006733362259405,-0.0129657701270821,-0.0010920084990172,-0.00075,-0.0002070084990172,-0.000135,0.0,0.0,0.0,0.0,0.0,0.0006733362259405,0.0092433362259404,0.0657499999999999,0.0006733362259405,0.0,0.0,0.0544486672451891,0.030050566339551,-0.0106102346417957,0.0436041666666666,-0.0026525586604489,0.0327031249999999,0.0034866751586494,0.0034866751586494,0.4768339227728991,0.1886910705081317,0.0673581959378906,0.0,0.0,0.0125660557742611,0.0,0.0,0.0085699999999998,0.0452541666666666,-0.00165,0.025,0.0785,-0.0052226520628513,-0.0037013350248647,-0.0015213170379865,0.2660964884898729,0.1585235512918896,0.1075729371979832,0.9357225298881532,0.8902247548103333,8266,7883,0,0.1242998553646935,0.6380263164639473,25,8,16149,8266,7883,0.0866756610145103,cuda,76.75927734375,,,,,,,,,,,,
199,240,200,True,1043,1043,998,726,272,49,223,0.2725450901803607,0.0490981963927855,0.2234468937875751,0.4614325068870523,1.940771349862259,0.759021997102857,14.099006606855996,29.453625971353908,0.4628773250955188,0.4890740496150061,0.2071854074949978,0.0575337761181814,0.183305115395382,0.4864857842935347,0.2256538921430932,0.1085159090570797,0.1419911437588371,0.0025882653214714,-0.0184684846480954,-0.0509821329388983,0.0413139716365449,10.907815631262524,10.907815631262524,8.434869739478957,0.4729458917835671,0.1693568412067573,0.0878791626857029,-0.149675198552961,-0.0558410704412132,998,45,0,45,1.0,1.8868648130393093,1.8868648130393093,1.971943887775551,101.33219566897232,60.75324243342665,-5.663311768305569,66.41655420173221,0.9214300457958716,162.08543810239897,0.0506660978344861,0.0303766212167133,0.0810427190511994,0.7929824561403509,226,163,63,59,0,159,122.40079365079364,92.95540560230964,4,55,4.0,4.0,63,0,223,49,0,49,223,0,4676.639195213623,467.6639195213623,10013.173315820772,1001.3173315820771,397.024451997066,39.7024451997066,5889.180293043365,588.9180293043365,4990.0,499.0,0,0,0.0612003968253968,-0.0022,0.0612003968253968,-0.0022,0.0,0.0,0.0612003968253968,0.002,0.0682886415795517,0.1531468303310518,-0.1289332373525186,0.0021478677835044,0.0007789018708433,-0.0122199613774365,-0.0011092587990798,-0.000735,-0.0002142587990798,-0.00016,0.0,0.0,0.0,0.0,0.0,0.0007789018708433,0.0085289018708432,0.0612003968253968,0.0007789018708433,0.0,0.0,0.050666097834487,0.0303766212167133,-0.0113266235366111,0.0442777028011548,-0.0028316558841527,0.0332082771008661,0.0021478677835044,0.0021478677835044,0.4657742664972322,0.1588946863840709,0.10072911972488,0.0,0.0,0.0127643404559034,0.0,0.0,0.0077499999999998,0.0464777028011548,-0.0022,0.0245,0.1115,-0.0052226520628513,-0.0037013350248647,-0.0015213170379865,0.2660964884898729,0.1585235512918896,0.1075729371979832,0.9357225298881532,0.8902247548103333,8266,7883,0,0.1242998553646935,0.6380263164639473,25,8,16149,8266,7883,0.0866756610145103,cuda,76.75927734375,,,,,,,,,,,,
200,241,200,True,906,906,872,647,225,21,204,0.2580275229357798,0.0240825688073394,0.2339449541284403,0.4744976816074188,1.9536321483771253,0.7381498813168527,14.432149138295854,28.524323177485044,0.4912768702154845,0.4956981984227665,0.1038198323180493,0.0268661485181709,0.1977849625903174,0.4904771925308605,0.1345752592254689,0.0493901388727235,0.1490550390639021,0.005221005891906,-0.0307554269074196,-0.0225239903545525,0.0487299235264153,11.150229357798166,11.150229357798166,8.661697247706423,0.4885321100917431,0.1668114956663419,0.0325704704618425,0.0015933166855853,-0.0503112361952796,872,34,0,34,1.0,2.0309050772626933,2.0309050772626933,2.110091743119266,124.118992709079,74.76903893104956,-4.621437259426609,79.39047619047618,0.9449906915620672,198.8880316401286,0.0620594963545395,0.0373845194655247,0.0994440158200642,0.8617021276595744,243,175,68,39,0,172,153.33333333333334,113.55396825396824,7,32,7.0,7.0,65,0,204,21,1,21,204,0,4780.199993117178,478.01999931171775,9775.162535147429,977.5162535147426,371.8424720343687,37.18424720343687,6022.224283480293,602.2224283480293,4360.0,436.0,0,1,0.0766666666666666,-0.00385,0.0766666666666666,-0.00385,0.0,0.0,0.0766666666666666,0.0035,0.0736460711000217,0.1340097522294359,-0.0784777439459355,0.0029749010631904,0.000950815106031,-0.0115584049125136,-0.0004900406654986,-0.000315,-0.0001175406654986,-5.750000000000004e-05,0.0,0.0,0.0,-0.001,-0.001,0.000950815106031,0.0076308151060309,0.0756666666666666,0.000950815106031,0.0,0.0,0.0620594963545402,0.0373845194655247,-0.0092428745188532,0.0529269841269841,-0.0023107186297133,0.039695238095238,0.0029749010631904,0.0029749010631904,0.4346421634872524,0.0962299559775326,0.0464100072840924,0.0,0.0,0.0179833777857997,0.0,0.0,0.0066799999999999,0.0567769841269841,-0.00385,0.0105,0.102,-0.0052226520628513,-0.0037013350248647,-0.0015213170379865,0.2660964884898729,0.1585235512918896,0.1075729371979832,0.9357225298881532,0.8902247548103333,8266,7883,0,0.1242998553646935,0.6380263164639473,25,8,16149,8266,7883,0.0866756610145103,cuda,76.75927734375,,,,,,,,,,,,
201,242,200,True,1073,1073,1038,784,254,27,227,0.2447013487475915,0.0260115606936416,0.2186897880539499,0.4681122448979591,1.9438775510204085,0.7772495041278248,13.609942053045543,26.91432085982999,0.4621005512928085,0.5035852465436471,0.1940191452942636,0.0265126324155396,0.1961358159576181,0.4978001957227077,0.2252780325943604,0.0423351358534704,0.1521198338025952,0.0057850508209394,-0.0312588873000967,-0.0158225034379307,0.0440159821550228,11.739884393063583,11.739884393063583,9.204238921001927,0.5009633911368016,0.0996379565106604,0.1111865226390738,-0.1280492171972234,-0.0346620689631053,1038,35,0,35,1.0,1.841565703634669,1.841565703634669,1.9036608863198456,122.50517432380272,74.15581251691322,-5.744187483086729,79.9,0.9329296283624487,196.660986840716,0.0612525871619013,0.0370779062584566,0.0983304934203579,0.8142857142857143,228,170,58,52,0,167,148.75,112.03333333333332,5,47,5.0,5.0,58,0,227,27,0,27,227,0,4533.136773310002,453.3136773310002,9601.680608735503,960.1680608735504,418.09402973904736,41.80940297390474,5714.427819813611,571.4427819813611,5190.0,519.0,0,0,0.074375,-0.00275,0.074375,-0.00275,0.0,0.0,0.074375,0.0025,0.0710024480613943,0.169351406307449,-0.1177469093059553,0.002373796736699,0.0006529358095068,-0.0131740666182236,-0.0006294332805111,-0.000405,-0.0001544332805111,-7.000000000000005e-05,0.0,0.0,0.0,0.0,0.0,0.0006529358095068,0.0087629358095066,0.074375,0.0006529358095068,0.0,0.0,0.0612525871619023,0.0370779062584565,-0.0114883749661734,0.0532666666666666,-0.0028720937415433,0.03995,0.002373796736699,0.002373796736699,0.4681481680839795,0.1481927338035364,0.0431853322791775,0.0,0.0,0.013898077795556,0.0,0.0,0.0081099999999998,0.0560166666666666,-0.00275,0.0135,0.1135,0.0167039268915282,0.0165894040113521,0.000114522880176,0.2472029266258081,0.1406982456644376,0.1065046809613704,0.942803680896759,0.8931698203086853,8221,7873,0,0.1232350713676876,0.5886450484395027,26,8,16094,8221,7873,0.0842149736467256,cuda,76.7314453125,,,,,,,,,,,,
202,243,200,True,1057,1057,1008,716,292,45,247,0.2896825396825397,0.0446428571428571,0.2450396825396825,0.4748603351955307,1.962290502793296,0.7697656777317964,13.751291533422204,27.36531380867825,0.451166859848727,0.4865843257008318,0.1827073431412517,0.0538320698405943,0.1930186395408512,0.4832614522905989,0.2113648930645168,0.0931135524085764,0.140653914324523,0.0033228734102329,-0.028657549923265,-0.039281482567982,0.0523647252163282,10.466269841269842,10.466269841269842,8.007936507936508,0.4791666666666667,0.0780868947541883,0.1019235055914559,-0.0874372578212621,-0.0112260774078743,1008,49,0,49,1.0,1.8647114474929043,1.8647114474929043,1.9553571428571428,105.43746280390364,62.21789622623331,-5.335079964242926,67.55297619047617,0.926804469131154,167.65535903013694,0.0527187314019518,0.0311089481131166,0.0838276795150684,0.8029197080291971,220,160,60,54,0,156,127.78333333333332,93.37063492063491,3,51,3.0,3.0,59,0,247,45,0,45,247,0,4674.792325649585,467.4792325649585,9934.935195712462,993.4935195712462,381.36396378484005,38.13639637848401,5885.837327275413,588.5837327275414,5040.0,504.0,0,0,0.0638916666666666,-0.00165,0.0638916666666666,-0.00165,0.0,0.0,0.0638916666666666,0.0015,0.067003170571059,0.1548370334999836,-0.1237115867907197,0.0022939312694749,0.0004169903430923,-0.0117467444251082,-0.0010807950017571,-0.000675,-0.0002882950017571,-0.0001175,0.0,0.0,0.0,0.0,0.0,0.0004169903430923,0.0080269903430922,0.0638916666666666,0.0004169903430923,0.0,0.0,0.0527187314019526,0.0311089481131166,-0.0106701599284858,0.0450353174603174,-0.0026675399821214,0.033776488095238,0.0022939312694749,0.0022939312694749,0.4608989767868615,0.1403603912406808,0.0689070334269474,0.0,0.0,0.0170502874017746,0.0,0.0,0.0076099999999998,0.0466853174603174,-0.00165,0.0225,0.1235,0.0167039268915282,0.0165894040113521,0.000114522880176,0.2472029266258081,0.1406982456644376,0.1065046809613704,0.942803680896759,0.8931698203086853,8221,7873,0,0.1232350713676876,0.5886450484395027,26,8,16094,8221,7873,0.0842149736467256,cuda,76.7314453125,,,,,,,,,,,,
203,244,200,True,916,916,873,541,332,24,308,0.3802978235967926,0.0274914089347079,0.3528064146620848,0.4953789279112754,1.8613678373382625,0.7666897009404001,13.95759476575305,28.46386319850597,0.453558965240807,0.4797655255869444,0.1147865485365531,0.0364468359162896,0.2104884953050428,0.4723827855974821,0.1391042335261892,0.0634188409081303,0.159079734225673,0.0073827399894622,-0.024317684989636,-0.0269720049918407,0.0514087610793697,8.029782359679267,8.029782359679267,5.894616265750287,0.4020618556701031,0.1280078688633093,0.1155781552694587,-0.0385932784484924,-0.0540601104150816,873,43,0,43,1.0,2.061135371179039,2.061135371179039,2.1626575028636883,122.82100585506971,84.02855701522846,-3.5672763181048626,87.59583333333333,0.9608692997447724,206.8495628702982,0.0614105029275348,0.0420142785076142,0.1034247814351491,0.7263157894736842,207,169,38,78,0,168,152.25,127.79444444444444,10,68,10.0,10.0,38,0,308,24,1,24,308,0,4923.359834866328,492.3359834866328,9996.32060112038,999.632060112038,317.6960784219957,31.76960784219957,6198.924387061396,619.8924387061396,4365.0,436.5,0,1,0.076125,-0.0054999999999999,0.076125,-0.0054999999999999,0.0,0.0,0.076125,0.005,0.0720489803377976,0.107002695706623,-0.0478755585154513,0.002187045190506,0.0009025146376741,-0.0089227418156855,-0.0005813730292979,-0.00036,-0.0001538730292979,-6.750000000000004e-05,0.0,0.0,0.0,-0.001,-0.001,0.0009025146376741,0.006552514637674,0.075125,0.0009025146376741,0.0,0.0,0.0614105029275355,0.0420142785076142,-0.0071345526362097,0.0583972222222222,-0.0017836381590524,0.0437979166666666,0.002187045190506,0.002187045190506,0.4146989506705339,0.0878685284688345,0.0427017708125755,0.0,0.0,0.021966200486656,0.0,0.0,0.0056499999999999,0.0638972222222222,-0.0054999999999999,0.012,0.154,0.0167039268915282,0.0165894040113521,0.000114522880176,0.2472029266258081,0.1406982456644376,0.1065046809613704,0.942803680896759,0.8931698203086853,8221,7873,0,0.1232350713676876,0.5886450484395027,26,8,16094,8221,7873,0.0842149736467256,cuda,76.7314453125,,,,,,,,,,,,
204,245,200,True,1007,1007,963,729,234,27,207,0.2429906542056074,0.02803738317757,0.2149532710280373,0.4883401920438957,1.947873799725652,0.7460957866555542,14.62683602321295,27.49540171480964,0.4398822620894834,0.4563673461987975,0.1243356143945856,0.0364742421012356,0.202600467962881,0.4477703362417156,0.1443777562953296,0.0697490169485617,0.154173939132396,0.0085970099570819,-0.020042141900744,-0.033274774847326,0.0484265288304849,8.195223260643822,8.195223260643822,5.610591900311526,0.4807892004153686,0.1127958302098404,0.1087554448202029,-0.0723355559743596,-0.0209206912792182,963,44,0,44,1.0,1.863952333664349,1.863952333664349,1.9491173416407064,98.02135945196964,62.64859327398182,-4.703517115628545,67.35211038961036,0.9347238060582213,160.66995272595148,0.0490106797259848,0.0313242966369909,0.0803349763629757,0.8050541516245487,223,155,68,54,0,153,120.4166666666666,96.40281385281388,6,48,6.0,6.0,63,0,207,27,1,27,207,0,4379.580190121597,437.95801901215975,9166.90418434111,916.690418434111,379.7270252812557,37.972702528125566,5516.95961675561,551.695961675561,4815.0,481.5,0,1,0.0602083333333333,-0.0033,0.0602083333333333,-0.0033,0.0,0.0,0.0602083333333333,0.003,0.0655836214868269,0.1411465058096301,-0.0719298445228901,0.002761810055266,0.0006600652965906,-0.0116608788761004,-0.0005993640495785,-0.000405,-0.0001218640495785,-7.250000000000005e-05,0.0,0.0,0.0,-0.001,-0.001,0.0006600652965906,0.0082200652965905,0.0592083333333333,0.0006600652965906,0.0,0.0,0.0490106797259856,0.0313242966369909,-0.009407034231257,0.0449014069264069,-0.0023517585578142,0.0336760551948051,0.002761810055266,0.002761810055266,0.4142275423378891,0.0968269616244432,0.0620839147835927,0.0,0.0,0.0133255874162532,0.0,0.0,0.0075599999999998,0.0482014069264069,-0.0033,0.0135,0.1035,0.0167039268915282,0.0165894040113521,0.000114522880176,0.2472029266258081,0.1406982456644376,0.1065046809613704,0.942803680896759,0.8931698203086853,8221,7873,0,0.1232350713676876,0.5886450484395027,26,8,16094,8221,7873,0.0842149736467256,cuda,76.7314453125,,,,,,,,,,,,
205,246,200,True,963,963,926,675,251,32,219,0.2710583153347732,0.0345572354211663,0.2365010799136069,0.4637037037037037,1.951111111111111,0.7581081301636166,14.632066875033908,26.113888150674324,0.4448922214264705,0.4719319530107357,0.1605145573685014,0.0447255002948697,0.1917861186933738,0.4687181242307027,0.1778589723383387,0.0852367867103398,0.1436069537174922,0.003213828780033,-0.0173444149698372,-0.0405112864154701,0.0481791649758815,9.36501079913607,9.36501079913607,6.87365010799136,0.4827213822894168,0.1481398262237436,0.1588853162004099,-0.1071351391517791,-0.0775643184620299,926,37,0,37,1.0,1.904465212876428,1.904465212876428,1.980561555075594,99.41353844585308,65.68044038594454,-4.50765485215067,70.18809523809522,0.9396531282341416,165.0939788317976,0.0497067692229265,0.0328402201929722,0.0825469894158988,0.8357664233576643,229,152,77,45,0,146,122.41666666666664,97.984126984127,5,40,5.0,4.0,76,0,219,32,1,32,219,0,4624.980328732542,462.4980328732542,9596.796099377403,959.6796099377405,358.59712251834696,35.859712251834694,5821.818724088488,582.1818724088488,4630.0,463.0,0,1,0.0612083333333333,-0.00275,0.0612083333333333,-0.00275,0.0,0.0,0.0612083333333333,0.0025,0.0629151112290959,0.134462746635429,-0.0814597402530643,0.0025877926452491,0.0006305127812995,-0.0109200817933388,-0.0007293482657705,-0.00048,-0.0001493482657705,-0.0001,0.0,0.0,0.0,-0.001,-0.001,0.0006305127812995,0.0077005127812993,0.0602083333333333,0.0006305127812995,0.0,0.0,0.0497067692229273,0.0328402201929722,-0.0090153097043013,0.0467920634920634,-0.0022538274260753,0.0350940476190476,0.0025877926452491,0.0025877926452491,0.4324160921752349,0.1258355334355143,0.0571239415910909,0.0,0.0,0.0079200010840964,0.0,0.0,0.0070699999999998,0.0489920634920634,-0.0022,0.016,0.1095,0.0167039268915282,0.0165894040113521,0.000114522880176,0.2472029266258081,0.1406982456644376,0.1065046809613704,0.942803680896759,0.8931698203086853,8221,7873,0,0.1232350713676876,0.5886450484395027,26,8,16094,8221,7873,0.0842149736467256,cuda,76.7314453125,,,,,,,,,,,,
206,247,200,True,1102,1102,1046,721,325,66,259,0.3107074569789675,0.0630975143403441,0.2476099426386233,0.463245492371706,2.016643550624133,0.7438494405617496,14.151749669100145,28.35232072746208,0.4925547625371437,0.488577710090001,0.2052492370283885,0.1100751697318305,0.1707037233989091,0.4900658578920629,0.2302552168961516,0.1611931954423965,0.1277898346718488,-0.0014881478020619,-0.0250059798677631,-0.0511180257105659,0.0429138887270603,11.554493307839389,11.554493307839389,9.19885277246654,0.4588910133843212,0.197721657899353,0.0623424996742334,-0.1456897718393155,-0.109013606374301,1046,56,0,56,1.0,1.8030852994555355,1.8030852994555355,1.89961759082218,84.70631800051845,48.05786811706542,-6.310013266257102,54.36788138332254,0.8960080387973577,132.76418611758388,0.0423531590002592,0.0240289340585327,0.0663820930587919,0.8159722222222222,235,153,82,53,0,151,101.68015873015874,74.69050851109675,2,51,2.0,2.0,81,0,259,66,0,66,259,0,4475.018223271779,447.5018223271779,9543.246783631945,954.3246783631944,406.2150447322444,40.62150447322444,5633.304641825352,563.3304641825351,5230.0,523.0,0,0,0.0508400793650793,-0.0011,0.0508400793650793,-0.0011,0.0,0.0,0.0508400793650793,0.001,0.0651124866402569,0.164259176353453,-0.1547865739828282,0.0018356717971529,0.0005354775409786,-0.0129138903100434,-0.0015214127741664,-0.00099,-0.0002989127741664,-0.0002325,0.0,0.0,0.0,0.0,0.0,0.0005354775409786,0.0084054775409784,0.0508400793650793,0.0005354775409786,0.0,0.0,0.04235315900026,0.0240289340585327,-0.0126200265325142,0.0362452542555483,-0.0031550066331285,0.0271839406916612,0.0018356717971529,0.0018356717971529,0.4615517431905742,0.1571112038361783,0.1151281297781988,0.0,0.0,0.010306757367857,0.0,0.0,0.0078699999999998,0.0373452542555483,-0.0011,0.033,0.1295,0.0167039268915282,0.0165894040113521,0.000114522880176,0.2472029266258081,0.1406982456644376,0.1065046809613704,0.942803680896759,0.8931698203086853,8221,7873,0,0.1232350713676876,0.5886450484395027,26,8,16094,8221,7873,0.0842149736467256,cuda,76.7314453125,,,,,,,,,,,,
207,248,200,True,956,956,908,574,334,24,310,0.36784140969163,0.026431718061674,0.3414096916299559,0.4233449477351916,2.0853658536585367,0.7450463361129528,14.428917015886473,32.391880080675,0.5191405320521107,0.5121212292215965,0.1267777767928012,0.0393883934023851,0.1931326937300351,0.5113509011808588,0.1585373125616655,0.085096345173977,0.1467240269422427,0.0007703280407377,-0.0317595357688643,-0.0457079517715918,0.0464086667877923,10.337004405286343,10.337004405286343,8.099118942731277,0.4515418502202643,0.1710100964008233,0.0710376598669958,-0.0499166578410063,-0.0401438138109321,908,48,0,48,1.0,1.9769874476987448,1.9769874476987448,2.078193832599119,107.24478379618016,67.53575329695197,-4.46365146495281,71.99940476190477,0.9416234233208044,174.78053709313212,0.05362239189809,0.0337678766484759,0.087390268546566,0.7862318840579711,217,161,56,59,0,158,132.7,100.39920634920634,6,53,6.0,4.0,56,0,310,24,1,24,310,0,4780.792041738992,478.07920417389926,9950.37517077291,995.037517077291,364.00957143420106,36.40095714342011,6019.891129636301,601.9891129636301,4540.0,454.0,0,1,0.0663499999999999,-0.0033,0.0663499999999999,-0.0033,0.0,0.0,0.0663499999999999,0.003,0.0681648357614528,0.1200318640187768,-0.0823086728208687,0.0025278906895501,0.0007319594904503,-0.0108358787290259,-0.0005508025743405,-0.00036,-0.0001208025743405,-7.000000000000005e-05,0.0,0.0,0.0,-0.001,-0.001,0.0007319594904503,0.0067119594904502,0.0653499999999999,0.0007319594904503,0.0,0.0,0.0536223918980906,0.0337678766484759,-0.0089273029299056,0.0479996031746031,-0.0022318257324764,0.0359997023809523,0.0025278906895501,0.0025278906895501,0.4264760920301469,0.1131430837140239,0.060356423480248,0.0,0.0,0.0129620381165677,0.0,0.0,0.0059799999999999,0.0501996031746031,-0.0022,0.012,0.155,0.0167039268915282,0.0165894040113521,0.000114522880176,0.2472029266258081,0.1406982456644376,0.1065046809613704,0.942803680896759,0.8931698203086853,8221,7873,0,0.1232350713676876,0.5886450484395027,26,8,16094,8221,7873,0.0842149736467256,cuda,76.7314453125,,,,,,,,,,,,
208,249,200,True,1147,1147,1111,873,238,63,175,0.2142214221422142,0.0567056705670567,0.1575157515751575,0.5143184421534936,1.838487972508591,0.7405407804769613,14.552179065630062,27.7762717073794,0.439327733540909,0.4759328540623666,0.1880150985480515,0.0440264048795178,0.1955127642625454,0.4758434498774364,0.2152620734804803,0.0842059655368375,0.1460634165199181,8.940418493019742e-05,-0.0272469749324288,-0.0401795606573196,0.0494493477426273,12.8010801080108,12.8010801080108,10.178217821782178,0.4788478847884788,0.1582101210661455,0.0691971282302222,-0.0797875146041172,-0.0563444202698772,1111,36,0,36,1.0,1.7367044463818655,1.7367044463818655,1.792979297929793,92.80800442015448,50.15701041783988,-6.44294379461432,56.599954212454186,0.8978006405433341,142.96501483799435,0.0464040022100772,0.0250785052089199,0.0714825074189971,0.8612099644128114,242,150,92,39,0,149,111.15238095238092,78.76660561660563,3,36,3.0,3.0,92,0,175,63,0,63,175,0,4192.1041117898885,419.21041117898886,8995.514801388925,899.5514801388924,422.6237763233403,42.26237763233403,5281.960656514572,528.1960656514573,5555.0,555.5,0,0,0.0555761904761904,-0.00165,0.0555761904761904,-0.00165,0.0,0.0,0.0555761904761904,0.0015,0.0640302849098075,0.1916759993328841,-0.1390833876895678,0.0026850946332365,0.0003552491456242,-0.0139466586036477,-0.0014946532568962,-0.000945,-0.0003796532568962,-0.00017,0.0,0.0,0.0,0.0,0.0,0.0003552491456242,0.009715249145624,0.0555761904761904,0.0003552491456242,0.0,0.0,0.0464040022100782,0.0250785052089199,-0.0128858875892286,0.0377333028083028,-0.0032214718973071,0.028299977106227,0.0026850946332365,0.0026850946332365,0.47517313073025,0.1684439083139778,0.0766498181029472,0.0,0.0,0.0080652258973544,0.0,0.0,0.0093599999999998,0.0393833028083028,-0.00165,0.0315,0.0875,0.0167039268915282,0.0165894040113521,0.000114522880176,0.2472029266258081,0.1406982456644376,0.1065046809613704,0.942803680896759,0.8931698203086853,8221,7873,0,0.1232350713676876,0.5886450484395027,26,8,16094,8221,7873,0.0842149736467256,cuda,76.7314453125,,,,,,,,,,,,
209,250,200,True,1047,1047,1006,723,283,45,238,0.2813121272365805,0.0447316103379721,0.2365805168986083,0.4398340248962655,2.044260027662517,0.7507343231848497,14.171254937579524,26.41199922454473,0.4822244543024397,0.4833210774518312,0.1843630815051073,0.0445917488010097,0.1834020832705506,0.4815111437485261,0.2100867831314376,0.0861989106328573,0.1365408131242169,0.0018099337033051,-0.0257237016263303,-0.0416071618318475,0.0468612701463336,10.211729622266402,10.211729622266402,7.732604373757455,0.4751491053677932,0.22163647349076,0.1454125203414736,-0.1463872000638411,-0.1011247770384797,1006,41,0,41,1.0,1.8672397325692447,1.8672397325692447,1.940357852882704,102.33413875493756,64.2220196538253,-5.348272553966905,69.57029220779219,0.928612186165413,166.55615840876288,0.0511670693774687,0.0321110098269126,0.0832780792043814,0.8767605633802817,249,163,86,35,0,157,123.91666666666669,93.86038961038965,1,34,1.0,1.0,86,0,238,45,0,45,238,0,4736.2672892682085,473.6267289268209,10013.677056621884,1001.3677056621884,398.3557234342352,39.83557234342352,5963.772360108736,596.3772360108735,5030.0,503.0,0,0,0.0619583333333333,-0.00055,0.0619583333333333,-0.00055,0.0,0.0,0.0619583333333333,0.0005,0.0673337557311723,0.1502980891659507,-0.1110562626549263,0.0028905757781757,0.0003220135540103,-0.0126781193008539,-0.0010433397885548,-0.000675,-0.0002183397885548,-0.00015,0.0,0.0,0.0,0.0,0.0,0.0003220135540103,0.0080020135540102,0.0619583333333333,0.0003220135540103,0.0,0.0,0.0511670693774696,0.0321110098269126,-0.0106965451079338,0.0463801948051948,-0.0026741362769834,0.034785146103896,0.0028905757781757,0.0028905757781757,0.4764659736867955,0.1570463544954359,0.0787043942793283,0.0,0.0,0.0073342760953678,0.0,0.0,0.0076799999999998,0.0469301948051948,-0.00055,0.0225,0.119,-0.0082012438816794,-0.0072673961597805,-0.0009338477218989,0.1933808828807539,0.1070474780268139,0.08633340485394,0.9541884660720824,0.913766384124756,8360,8025,0,0.1003904145624902,0.5981209054589272,27,8,16385,8360,8025,0.0831439171977884,cuda,77.08447265625,,,,,,,,,,,,
210,251,200,True,1101,1101,1063,782,281,50,231,0.264346190028222,0.0470366886171213,0.2173095014111006,0.4194373401534527,2.002557544757033,0.7580528331687079,14.116650259403317,28.88032290316604,0.4608489496512938,0.5130389032270902,0.1773493045421741,0.0175579996187659,0.2108855978383318,0.512052467697874,0.2101024801252157,0.0522247217062627,0.1525362044206017,0.0009864355292161,-0.0327531755830416,-0.0346667220874968,0.05834939341773,11.861712135465662,11.861712135465662,9.185324553151458,0.541862652869238,0.1308944067400005,0.0313277723831471,-0.0906335728630745,0.0493519392548956,1063,38,0,38,1.0,1.7974568574023615,1.7974568574023615,1.8617121354656632,116.43284136775586,68.43438895692479,-5.977515804979952,74.41190476190478,0.9256430042308044,184.86723032468063,0.0582164206838779,0.0342171944784623,0.0924336151623403,0.8201438848920863,228,165,63,50,0,162,141.16666666666666,104.715873015873,5,45,5.0,5.0,60,0,231,50,0,50,231,0,4408.871001041014,440.8871001041014,9309.874793972032,930.9874793972032,414.8203537412699,41.482035374126994,5554.209529674299,555.4209529674299,5315.0,531.5,0,0,0.0705833333333333,-0.00275,0.0705833333333333,-0.00275,0.0,0.0,0.0705833333333333,0.0025,0.069021682796219,0.1784091301248447,-0.1310520333220443,0.002147464346556,0.0004287700860564,-0.0131048683163717,-0.0011366418408839,-0.00075,-0.0002491418408839,-0.0001375,0.0,0.0,0.0,0.0,0.0,0.0004287700860564,0.0087487700860562,0.0705833333333333,0.0004287700860564,0.0,0.0,0.0582164206838789,0.0342171944784623,-0.0119550316099599,0.0496079365079365,-0.0029887579024899,0.0372059523809523,0.002147464346556,0.002147464346556,0.4723720575594707,0.1426439008342361,0.04567929289498,0.0,0.0,0.0135762253688998,0.0,0.0,0.0083199999999998,0.0523579365079365,-0.00275,0.025,0.1155,-0.0082012438816794,-0.0072673961597805,-0.0009338477218989,0.1933808828807539,0.1070474780268139,0.08633340485394,0.9541884660720824,0.913766384124756,8360,8025,0,0.1003904145624902,0.5981209054589272,27,8,16385,8360,8025,0.0831439171977884,cuda,77.08447265625,,,,,,,,,,,,
211,252,200,True,1011,1011,968,693,275,58,217,0.2840909090909091,0.0599173553719008,0.2241735537190082,0.4906204906204906,1.8888888888888888,0.7273068331923835,14.853601930461403,29.169540321500097,0.4628195217939082,0.4835860896721203,0.1861152418151304,0.0460413679928071,0.1969177760694493,0.4802322934716295,0.212927674046821,0.0813595181039412,0.145756188194129,0.0033537962004908,-0.0268124322316906,-0.035318150111134,0.0511615878753203,10.388429752066116,10.388429752066116,7.919421487603306,0.4690082644628099,0.2170405756686529,0.0644785091793532,-0.0902091046804533,-0.0054990723430657,968,43,0,43,1.0,1.9426310583580613,1.9426310583580613,2.0237603305785123,118.60352676290088,78.30103055327005,-4.684689241640937,82.98571979491096,0.946564761210504,196.90455731617087,0.0593017633814504,0.039150515276635,0.0984522786580854,0.8884892086330936,247,174,73,31,0,170,144.2968253968254,111.74762639321465,1,30,1.0,1.0,71,0,217,58,0,58,217,0,4832.027145639644,483.2027145639644,10171.90121746838,1017.190121746838,388.14111345997617,38.81411134599762,6088.294689058842,608.8294689058841,4840.0,484.0,0,0,0.0721484126984127,-0.00055,0.0721484126984127,-0.00055,0.0,0.0,0.0721484126984127,0.0005,0.0729685924153738,0.1476906443052752,-0.0948898725858548,0.0033167588691327,0.0004051661136013,-0.0116630519322377,-0.0013566940343203,-0.00087,-0.0003066940343203,-0.00018,0.0,0.0,0.0,0.0,0.0,0.0004051661136013,0.0079151661136012,0.0721484126984127,0.0004051661136013,0.0,0.0,0.0593017633814512,0.039150515276635,-0.0093693784832818,0.0553238131966073,-0.0023423446208204,0.0414928598974554,0.0033167588691327,0.0033167588691327,0.4734411481519138,0.1573003629117782,0.0705776933541151,0.0,0.0,0.011619345889602,0.0,0.0,0.0075099999999998,0.0558738131966073,-0.00055,0.029,0.1085,-0.0082012438816794,-0.0072673961597805,-0.0009338477218989,0.1933808828807539,0.1070474780268139,0.08633340485394,0.9541884660720824,0.913766384124756,8360,8025,0,0.1003904145624902,0.5981209054589272,27,8,16385,8360,8025,0.0831439171977884,cuda,77.08447265625,,,,,,,,,,,,
212,253,200,True,1088,1088,1049,746,303,49,254,0.2888465204957102,0.0467111534795042,0.2421353670162059,0.4369973190348525,2.0160857908847185,0.7543800631812686,14.150880630789748,27.909841331156425,0.469282141766608,0.5029438652557598,0.1810628427617032,0.0390161249921444,0.197192243272913,0.4986214194117219,0.2101968637150749,0.0845017700812507,0.1463411956571102,0.0043224458440379,-0.0291340209533717,-0.0454856450891062,0.0508510476158028,11.426120114394662,11.426120114394662,8.929456625357483,0.5052430886558628,0.1518583773363017,0.0608694807209676,-0.089849041837406,-0.0703696840485385,1049,39,0,39,1.0,1.8134191176470589,1.8134191176470589,1.880838894184938,102.55481592846888,61.43507300246171,-5.651317690178982,67.08639069264068,0.9223055301600098,163.9898889309306,0.0512774079642344,0.0307175365012308,0.0819949444654652,0.8884892086330936,247,162,85,31,0,159,124.0595238095238,91.64852092352092,2,29,2.0,2.0,84,0,254,49,0,49,254,0,4518.277739473612,451.8277739473612,9673.435062734829,967.3435062734828,396.0491528440359,39.60491528440359,5689.679008228605,568.9679008228605,5245.0,524.5,0,0,0.0620297619047619,-0.0011,0.0620297619047619,-0.0011,0.0,0.0,0.0620297619047619,0.001,0.0679169471921869,0.1637954744890318,-0.1312713498534278,0.0022730359147961,0.0003179922021245,-0.0127303446293217,-0.0011489276255544,-0.000735,-0.0002814276255544,-0.0001325,0.0,0.0,0.0,0.0,0.0,0.0003179922021245,0.0082679922021244,0.0620297619047619,0.0003179922021245,0.0,0.0,0.0512774079642353,0.0307175365012308,-0.0113026353803579,0.0447242604617604,-0.0028256588450894,0.0335431953463203,0.0022730359147961,0.0022730359147961,0.4679468370781258,0.1467122197148209,0.073078967372084,0.0,0.0,0.006023650404549,0.0,0.0,0.0079499999999998,0.0458242604617604,-0.0011,0.0245,0.127,-0.0082012438816794,-0.0072673961597805,-0.0009338477218989,0.1933808828807539,0.1070474780268139,0.08633340485394,0.9541884660720824,0.913766384124756,8360,8025,0,0.1003904145624902,0.5981209054589272,27,8,16385,8360,8025,0.0831439171977884,cuda,77.08447265625,,,,,,,,,,,,
213,254,200,True,954,954,909,552,357,38,319,0.3927392739273927,0.0418041804180418,0.3509350935093509,0.4329710144927536,2.0181159420289854,0.740815505925296,14.463425373685531,31.16208580757181,0.4557393935098936,0.5030590653203536,0.1553717768697095,0.0375664914330548,0.2129846977785337,0.5034879762679338,0.1788465765024791,0.0849894059603051,0.1541166927773451,-0.0004289109475802,-0.0234747996327696,-0.0474229145272503,0.0588680050011886,9.916391639163916,9.916391639163916,7.814081408140814,0.4191419141914191,0.2001502095153941,0.0482110692285689,-0.0709747162179193,-0.0236388153709987,909,45,0,45,1.0,1.960167714884696,1.960167714884696,2.0484048404840483,98.25159782702814,56.91125782710083,-3.9902385931456,60.90149642024639,0.9385092940985148,155.16285565412898,0.049125798913514,0.0284556289135504,0.0775814278270644,0.8817204301075269,246,161,85,33,0,158,121.53571428571426,87.8019952269952,7,26,7.0,6.0,85,0,319,38,1,38,319,0,4702.232521381569,470.2232521381569,9651.84597220067,965.184597220067,313.7681931379673,31.376819313796727,5922.345936106676,592.2345936106676,4545.0,454.5,0,1,0.0607678571428571,-0.0038499999999999,0.0607678571428571,-0.0038499999999999,0.0,0.0,0.0607678571428571,0.0035,0.0680486375626754,0.1195265699787816,-0.0789153765564813,0.0021986232740311,0.0006575659961418,-0.0091479325504303,-0.0008424786988385,-0.00057,-0.0001649786988385,-0.0001075,0.0,0.0,0.0,-0.001,-0.001,0.0006575659961418,0.0065575659961417,0.0597678571428571,0.0006575659961418,0.0,0.0,0.0491257989135146,0.0284556289135503,-0.0079804771862912,0.0406009976134976,-0.0019951192965728,0.0304507482101231,0.0021986232740311,0.0021986232740311,0.4331202593684569,0.1142585415292555,0.0595313615471118,0.0,0.0,0.0139759588201856,0.0,0.0,0.0058999999999999,0.0439009976134976,-0.0033,0.019,0.1595,-0.0082012438816794,-0.0072673961597805,-0.0009338477218989,0.1933808828807539,0.1070474780268139,0.08633340485394,0.9541884660720824,0.913766384124756,8360,8025,0,0.1003904145624902,0.5981209054589272,27,8,16385,8360,8025,0.0831439171977884,cuda,77.08447265625,,,,,,,,,,,,
214,255,200,True,1068,1068,1021,809,212,59,153,0.207639569049951,0.0577864838393731,0.1498530852105778,0.4622991347342398,1.9517923362175524,0.7646882371201061,13.81878823255579,25.76996886371019,0.4578800267053787,0.4784597328257354,0.2159189894629644,0.0590415068951577,0.1922955137731597,0.4841115729070564,0.2401662938301399,0.1167930779994174,0.1359143218115359,-0.0056518400813209,-0.0242473043671754,-0.0577515711042597,0.0563811919616238,11.312438785504408,11.312438785504408,8.625857002938297,0.5053868756121449,0.1389650487685945,0.1219294850114383,-0.1154597423773853,-0.0781247000927156,1021,47,0,47,1.0,1.845505617977528,1.845505617977528,1.930460333006856,89.23196875929933,50.926581541387314,-6.578203257147515,57.50478479853477,0.8973486808787433,140.15855030068664,0.0446159843796496,0.0254632907706936,0.0700792751503433,0.8422939068100358,235,165,70,44,0,161,106.98809523809524,76.67304639804638,0,44,0.0,0.0,69,0,153,59,0,59,153,0,4617.2042310077695,461.72042310077694,9768.912764869612,976.8912764869611,417.7309397257228,41.77309397257228,5815.216336299782,581.5216336299782,5105.0,510.5,0,0,0.0534940476190476,0.0,0.0534940476190476,0.0,0.0,0.0,0.0534940476190476,0.0,0.068934327487058,0.1742097136079611,-0.135104939694988,0.0016300149519929,0.0004237314220578,-0.0134699979027484,-0.0012820956896803,-0.000885,-0.0002070956896803,-0.00019,0.0,0.0,0.0,0.0,0.0,0.0004237314220578,0.0091037314220577,0.0534940476190476,0.0004237314220578,0.0,0.0,0.0446159843796505,0.0254632907706936,-0.013156406514295,0.0383365231990231,-0.0032891016285737,0.0287523923992673,0.0016300149519929,0.0016300149519929,0.4950925815248942,0.1739134250205847,0.0947036265986428,0.0,0.0,0.012039608035192,0.0,0.0,0.0086799999999998,0.0383365231990231,0.0,0.0295,0.0765,-0.0082012438816794,-0.0072673961597805,-0.0009338477218989,0.1933808828807539,0.1070474780268139,0.08633340485394,0.9541884660720824,0.913766384124756,8360,8025,0,0.1003904145624902,0.5981209054589272,27,8,16385,8360,8025,0.0831439171977884,cuda,77.08447265625,,,,,,,,,,,,
215,256,200,True,991,991,953,670,283,42,241,0.2969569779643232,0.0440713536201469,0.2528856243441763,0.4656716417910447,1.9462686567164176,0.7548112186478145,14.098653026125325,24.87779544680866,0.4462081689253661,0.4655285597737156,0.1395398925378251,0.0312824786696305,0.1911098859620405,0.4643693699543156,0.1756387254195426,0.0599570685412053,0.1473822665164497,0.0011591898193999,-0.0360988328817175,-0.0286745898715748,0.0437276194455908,9.780692549842602,9.780692549842602,7.436516264428121,0.4144805876180483,0.1201034456907114,0.1320201635602532,-0.0586043437335576,0.0077950198161503,953,38,0,38,1.0,1.970736629667003,1.970736629667003,2.049317943336831,108.6236489746754,66.75575691042813,-4.791862137190946,71.54761904761904,0.9372295689881576,175.37940588510355,0.0543118244873377,0.033377878455214,0.0876897029425517,0.8291814946619217,233,170,63,48,0,165,131.91666666666669,99.79682539682535,4,44,4.0,4.0,60,0,241,42,0,42,241,0,5062.25180838197,506.2251808381969,10539.470255908524,1053.9470255908525,358.9999071360812,35.89999071360812,6374.037886674679,637.4037886674679,4765.0,476.5,0,0,0.0659583333333333,-0.0022,0.0659583333333333,-0.0022,0.0,0.0,0.0659583333333333,0.002,0.0709405159659555,0.1351352059314884,-0.0964987134471307,0.0023329287373588,0.0006057891033549,-0.0108712535603504,-0.0009552136110026,-0.00063,-0.0001902136110026,-0.000135,0.0,0.0,0.0,0.0,0.0,0.0006057891033549,0.0077257891033548,0.0659583333333333,0.0006057891033549,0.0,0.0,0.0543118244873386,0.033377878455214,-0.0095837242743818,0.0476984126984126,-0.0023959310685954,0.0357738095238095,0.0023329287373588,0.0023329287373588,0.478605641080232,0.1287298605671816,0.0585090900522977,0.0,0.0,0.0153306481359491,0.0,0.0,0.0071199999999998,0.0498984126984126,-0.0022,0.021,0.1205,-0.0082012438816794,-0.0072673961597805,-0.0009338477218989,0.1933808828807539,0.1070474780268139,0.08633340485394,0.9541884660720824,0.913766384124756,8360,8025,0,0.1003904145624902,0.5981209054589272,27,8,16385,8360,8025,0.0831439171977884,cuda,77.08447265625,,,,,,,,,,,,
216,257,200,True,1100,1100,1056,741,315,57,258,0.2982954545454545,0.0539772727272727,0.2443181818181818,0.4925775978407557,1.892037786774629,0.7723219343203442,13.722999079829124,28.823747479803007,0.4212984084654669,0.4828208184797271,0.155970876671967,0.0546797424776029,0.2142049347599729,0.4905895366359818,0.1871243153469996,0.1123482975962681,0.1489880704302114,-0.0077687181562547,-0.0311534386750325,-0.0576685551186651,0.0652168643297615,10.213068181818182,10.213068181818182,7.798295454545454,0.4820075757575757,0.1483535301624981,0.0449318876189892,-0.0591593486844507,0.015078830159339,1056,44,0,44,1.0,1.801818181818181,1.801818181818181,1.87689393939394,92.27231484644751,55.01171349770412,-4.957941033218986,59.96965453092309,0.9236389244027832,147.28402834415164,0.0461361574232237,0.027505856748852,0.0736420141720758,0.8686131386861314,238,155,83,36,0,152,111.11190476190478,84.05704295704292,4,32,4.0,3.725003256798926,82,0,258,57,0,57,258,0,4480.281241848068,448.0281241848068,9447.61314686316,944.7613146863162,367.0178577649184,36.70178577649183,5642.448877842466,564.2448877842465,5280.0,528.0,0,0,0.0555559523809523,-0.0022,0.0555559523809523,-0.0022,0.0,0.0,0.0555559523809523,0.002,0.0653462411421706,0.1605835397662141,-0.1191011278236305,0.002672739715249,0.0004769775923092,-0.0113520771191487,-0.0012715969501591,-0.000855,-0.0002240969501591,-0.0001925,0.0,0.0,0.0,0.0,0.0,0.0004769775923092,0.0084569775923091,0.0555559523809523,0.0004769775923092,0.0,0.0,0.0461361574232245,0.027505856748852,-0.0099158820664379,0.039979769687282,-0.0024789705166094,0.0299848272654615,0.002672739715249,0.002672739715249,0.4606816738101413,0.133933517273103,0.0894824289023888,0.0,0.0,0.0107777954948345,0.0,0.0,0.0079799999999998,0.0420285214785214,-0.0020487517912394,0.0285,0.129,-0.0082012438816794,-0.0072673961597805,-0.0009338477218989,0.1933808828807539,0.1070474780268139,0.08633340485394,0.9541884660720824,0.913766384124756,8360,8025,0,0.1003904145624902,0.5981209054589272,27,8,16385,8360,8025,0.0831439171977884,cuda,77.08447265625,,,,,,,,,,,,
217,258,200,True,1072,1072,1023,736,287,62,225,0.2805474095796676,0.0606060606060606,0.219941348973607,0.5163043478260869,1.8940217391304348,0.7786371823319275,13.460240248752678,25.534601679152768,0.4372375457153438,0.4699678627531166,0.1825683493288638,0.0498401768956049,0.1921356588212328,0.4755881385999205,0.2021592058963901,0.1002690434634923,0.1386935066548176,-0.0056202758468039,-0.0195908565675262,-0.0504288665678873,0.0534421521664151,10.366568914956012,10.366568914956012,7.872922776148583,0.4780058651026393,0.1374196124289231,0.1268007834447682,-0.1059866311614802,-0.0468301274541612,1023,49,0,49,1.0,1.837686567164179,1.837686567164179,1.9257086999022484,94.38557801664882,52.17041306890886,-5.474635632389827,57.64504870129868,0.9132657951290184,146.55599108555768,0.0471927890083244,0.0260852065344544,0.0732779955427788,0.8612099644128114,242,156,86,39,0,153,113.78809523809524,82.36006493506497,5,34,5.0,5.0,84,0,225,62,0,62,225,0,4601.038613718199,460.1038613718199,9812.660392483256,981.2660392483256,373.10969658281095,37.310969658281095,5792.248151967959,579.2248151967958,5115.0,511.5,0,0,0.0568940476190476,-0.00275,0.0568940476190476,-0.00275,0.0,0.0,0.0568940476190476,0.0025,0.0657530618751721,0.1566357833230173,-0.1155461961362107,0.0023121930705465,0.0004077545654315,-0.0117020666731893,-0.0014621825565864,-0.00093,-0.0003571825565864,-0.000175,0.0,0.0,0.0,0.0,0.0,0.0004077545654315,0.0083877545654313,0.0568940476190476,0.0004077545654315,0.0,0.0,0.0471927890083252,0.0260852065344544,-0.0109492712647796,0.0384300324675324,-0.0027373178161949,0.0288225243506493,0.0023121930705465,0.0023121930705465,0.4623853773356807,0.1370841554661409,0.0890105017115151,0.0,0.0,0.0115879938059476,0.0,0.0,0.0079799999999998,0.0411800324675324,-0.00275,0.031,0.1125,-0.0029434013903179,-0.0018723527590433,-0.0010710486312746,0.2303843613713979,0.1265677198767662,0.1038166414946317,0.9473415017127992,0.9049245715141296,8352,8016,0,0.1007379518614875,0.6344418182969094,28,8,16368,8352,8016,0.0867178517328533,cuda,77.0634765625,,,,,,,,,,,,
218,259,200,True,1081,1081,1039,733,306,33,273,0.2945139557266602,0.0317613089509143,0.2627526467757459,0.4774897680763983,1.9386084583901773,0.7658977665484846,13.703711522715151,28.184871594219548,0.4551405236203608,0.4987869314534277,0.1775731137848241,0.0262323748040817,0.2121479421533837,0.4922707127191197,0.2043621504658993,0.0573114875189789,0.1522487012915933,0.0065162187343079,-0.0267890366810751,-0.0310791127148972,0.0598992408617904,10.558229066410007,10.558229066410007,8.121270452358036,0.4581328200192492,0.1844056501072369,0.0975527140367359,-0.1006258324583954,-0.0650596225551841,1039,42,0,42,1.0,1.814986123959297,1.814986123959297,1.888354186717998,109.0399276197578,64.24158551932959,-5.091747814003761,69.33333333333333,0.9315855927127068,173.2815131390874,0.0545199638098789,0.0321207927596647,0.0866407565695437,0.8257839721254355,237,157,80,50,0,152,132.16666666666666,104.54444444444444,12,38,12.0,11.0,80,0,273,33,0,33,273,0,4552.071183323455,455.20711833234543,9677.625938443374,967.7625938443374,385.9034006000709,38.59034006000709,5731.228742024649,573.1228742024649,5195.0,519.5,0,0,0.0660833333333333,-0.0065999999999999,0.0660833333333333,-0.0065999999999999,0.0,0.0,0.0660833333333333,0.006,0.0653133303301371,0.160308303383538,-0.112738200390502,0.0032536609331205,0.0006064857160611,-0.0121315637648325,-0.0008176815675831,-0.000495,-0.0002226815675831,-0.0001,0.0,0.0,0.0,0.0,0.0,0.0006064857160611,0.0082664857160609,0.0660833333333333,0.0006064857160611,0.0,0.0,0.0545199638098797,0.0321207927596647,-0.0101834956280075,0.0462222222222222,-0.0025458739070018,0.0346666666666666,0.0032536609331205,0.0032536609331205,0.4593143335026516,0.1308441373462496,0.0433385294405701,0.0,0.0,0.0162157015696128,0.0,0.0,0.0076599999999998,0.0522722222222222,-0.00605,0.0165,0.1365,-0.0029434013903179,-0.0018723527590433,-0.0010710486312746,0.2303843613713979,0.1265677198767662,0.1038166414946317,0.9473415017127992,0.9049245715141296,8352,8016,0,0.1007379518614875,0.6344418182969094,28,8,16368,8352,8016,0.0867178517328533,cuda,77.0634765625,,,,,,,,,,,,
219,260,200,True,1014,1014,973,715,258,27,231,0.2651593011305241,0.0277492291880781,0.237410071942446,0.4503496503496503,1.9734265734265728,0.7628720011952874,13.742663330131478,23.9180447866033,0.4542082986631797,0.4790581031695946,0.203199671594413,0.0189699604482083,0.1926246003983737,0.4714723503256177,0.2403407830595188,0.0386421465243284,0.1502632152705967,0.0075857528439768,-0.0371411114651058,-0.01967218607612,0.0423613851277769,10.097636176772868,10.097636176772868,7.623843782117164,0.4295991778006166,0.1485931100415338,0.1177046519976141,-0.1540923382039088,-0.0305142048695499,973,41,0,41,1.0,1.9319526627218933,1.9319526627218933,2.013360739979445,122.77140879827232,70.19579200715894,-4.680993707126748,74.87678571428569,0.9411623383512024,192.96720080543128,0.0613857043991361,0.0350978960035794,0.0964836004027156,0.7805755395683454,217,168,49,61,0,163,149.41666666666666,115.23571428571428,14,47,14.0,14.0,47,0,231,27,0,27,231,0,4840.224169046258,484.0224169046258,10203.797746978884,1020.3797746978884,393.32961852378367,39.33296185237837,6095.561928549622,609.5561928549622,4865.0,486.5,0,0,0.0747083333333333,-0.0076999999999999,0.0747083333333333,-0.0076999999999999,0.0,0.0,0.0747083333333333,0.007,0.0699453745776996,0.1500626442586923,-0.0973340709648083,0.0031177264741156,0.0006751886623476,-0.0118094157504998,-0.0006490080420981,-0.000405,-0.0001765080420981,-6.750000000000004e-05,0.0,0.0,0.0,0.0,0.0,0.0006751886623476,0.0080951886623475,0.0747083333333333,0.0006751886623476,0.0,0.0,0.0613857043991371,0.0350978960035795,-0.0093619874142534,0.0499178571428571,-0.0023404968535633,0.0374383928571428,0.0031177264741156,0.0031177264741156,0.4549884189474791,0.1422759340076209,0.0452378110157179,0.0,0.0,0.0217933778694907,0.0,0.0,0.0074199999999998,0.0576178571428571,-0.0076999999999999,0.0135,0.1155,-0.0029434013903179,-0.0018723527590433,-0.0010710486312746,0.2303843613713979,0.1265677198767662,0.1038166414946317,0.9473415017127992,0.9049245715141296,8352,8016,0,0.1007379518614875,0.6344418182969094,28,8,16368,8352,8016,0.0867178517328533,cuda,77.0634765625,,,,,,,,,,,,
220,261,200,True,1129,1129,1087,748,339,56,283,0.311867525298988,0.0515179392824287,0.2603495860165593,0.3542780748663101,2.177807486631016,0.7619648749496848,13.742614209333206,28.462802467499188,0.4825663593736459,0.5196846729134493,0.2074632722296737,0.0366318037423409,0.1957895958268228,0.5206479064442895,0.2368709114753706,0.0964596216234734,0.1441692268192011,-0.0009632335308401,-0.0294076392456968,-0.0598278178811324,0.0516203690076217,11.409383624655014,11.409383624655014,8.771849126034958,0.5418583256669733,0.0751343470267974,0.1111010106489118,-0.1129719909866709,-0.0101076544646008,1087,42,0,42,1.0,1.744906997342781,1.744906997342781,1.812327506899724,91.68632626375717,53.14130586760739,-6.2813564300016855,59.42266229760904,0.9043992049247046,144.82763213136454,0.0458431631318785,0.0265706529338036,0.0724138160656822,0.8551236749116607,242,149,93,41,0,145,110.44444444444444,79.89222721722723,1,40,1.0,0.6018280185592021,92,0,283,56,0,56,283,0,4285.4664749211415,428.5466474921142,9108.396749026504,910.8396749026504,408.91432951505567,40.89143295150557,5397.315665778032,539.7315665778032,5435.0,543.5,0,0,0.0552222222222222,-0.00055,0.0552222222222222,-0.00055,0.0,0.0,0.0552222222222222,0.0005,0.0623203622017042,0.1754218739908607,-0.1550983581404799,0.0021165459017719,0.000286926770504,-0.0131258049761274,-0.0013828865089518,-0.00084,-0.0003628865089518,-0.00018,0.0,0.0,0.0,0.0,0.0,0.000286926770504,0.0083269267705039,0.0552222222222222,0.000286926770504,0.0,0.0,0.0458431631318792,0.0265706529338037,-0.0125627128600033,0.039615108198406,-0.0031406782150008,0.0297113311488045,0.0021165459017719,0.0021165459017719,0.4733198727751429,0.1560818980030044,0.0696567533400481,0.0,0.0,0.0112790558908576,0.0,0.0,0.0080399999999998,0.0399461136086136,-0.0003310054102075,0.028,0.1415,-0.0029434013903179,-0.0018723527590433,-0.0010710486312746,0.2303843613713979,0.1265677198767662,0.1038166414946317,0.9473415017127992,0.9049245715141296,8352,8016,0,0.1007379518614875,0.6344418182969094,28,8,16368,8352,8016,0.0867178517328533,cuda,77.0634765625,,,,,,,,,,,,
221,262,200,True,922,922,883,607,276,40,236,0.3125707814269535,0.0453001132502831,0.2672706681766704,0.4744645799011532,1.9044481054365727,0.7541310017839491,14.164058158975063,26.78698583705814,0.5044764457451743,0.4912642125635603,0.1607142494871746,0.0237451882118472,0.1842073595866291,0.4840768762730688,0.1929634332386822,0.0470126520909823,0.1403936226246188,0.0071873362904915,-0.0322491837515076,-0.023267463879135,0.0438137369620103,10.694224235560588,10.694224235560588,8.353340883352208,0.4269535673839185,0.1147856460082735,0.1161455291585327,-0.1246216855588326,-0.0443564559760223,883,39,0,39,1.0,2.0108459869848154,2.0108459869848154,2.099660249150623,120.0065973720952,77.98119772695118,-5.056302273048786,83.0375,0.942603200876985,197.9877950990464,0.0600032986860476,0.0389905988634755,0.0989938975495231,0.825,231,164,67,49,0,160,148.41666666666666,119.51666666666664,8,41,8.0,8.0,66,0,236,40,1,40,236,0,4874.976088576466,487.4976088576466,10094.291157801754,1009.4291157801754,361.78940497345246,36.178940497345245,6133.87357197061,613.387357197061,4415.0,441.5,0,1,0.0742083333333333,-0.0044,0.0742083333333333,-0.0044,0.0,0.0,0.0742083333333333,0.0039999999999999,0.068750542120895,0.1276571651551162,-0.0836305284348097,0.0019567296593382,0.0007131600969047,-0.0111351710103884,-0.0009118275089826,-0.0006,-0.0002018275089826,-0.00011,0.0,0.0,0.0,-0.001,-0.001,0.0007131600969047,0.0071831600969046,0.0732083333333333,0.0007131600969047,0.0,0.0,0.0600032986860483,0.0389905988634755,-0.0101126045460975,0.0553583333333333,-0.0025281511365243,0.04151875,0.0019567296593382,0.0019567296593382,0.4359723359531299,0.1150713330421186,0.0377766658535028,0.0,0.0,0.0270072210561245,0.0,0.0,0.0064699999999999,0.0597583333333333,-0.0044,0.02,0.118,-0.0029434013903179,-0.0018723527590433,-0.0010710486312746,0.2303843613713979,0.1265677198767662,0.1038166414946317,0.9473415017127992,0.9049245715141296,8352,8016,0,0.1007379518614875,0.6344418182969094,28,8,16368,8352,8016,0.0867178517328533,cuda,77.0634765625,,,,,,,,,,,,
222,263,200,True,1002,1002,967,710,257,27,230,0.265770423991727,0.0279214064115822,0.2378490175801448,0.4971830985915493,1.8676056338028169,0.7673903213420384,13.808915001237896,24.475417024358897,0.4159180401974442,0.4769943690006162,0.2083783728136143,0.020791355354554,0.2093908151139465,0.475451786963033,0.2336159884391851,0.0449284137359453,0.1527443263574805,0.0015425820375831,-0.0252376156255707,-0.0241370583813913,0.056646488756466,9.72802481902792,9.72802481902792,7.294725956566701,0.4426059979317476,0.0884237805989502,0.1508245282990554,-0.1567685613380355,0.001005340344204,967,35,0,35,1.0,1.9510978043912173,1.9510978043912173,2.02171664943123,119.08609057203392,76.43657087832297,-4.054500550248447,80.49107142857143,0.952043608490056,195.5226614503569,0.0595430452860169,0.0382182854391614,0.0977613307251784,0.7653429602888087,212,168,44,65,0,163,144.75,115.02142857142856,8,57,8.0,7.0,44,0,230,27,0,27,230,0,4873.596712347618,487.3596712347618,10341.218016795652,1034.1218016795651,364.95643552045806,36.495643552045806,6137.3950241847,613.73950241847,4835.0,483.5,0,0,0.072375,-0.0044,0.072375,-0.0044,0.0,0.0,0.072375,0.004,0.0697320575869726,0.1458480702978427,-0.0937309481256015,0.0034299191220539,0.0008452264300847,-0.0107382475826387,-0.0006379261721223,-0.000405,-0.0001629261721223,-7.000000000000005e-05,0.0,0.0,0.0,0.0,0.0,0.0008452264300847,0.0082152264300845,0.072375,0.0008452264300847,0.0,0.0,0.0595430452860178,0.0382182854391614,-0.0081090011004968,0.0536607142857142,-0.0020272502751242,0.0402455357142857,0.0034299191220539,0.0034299191220539,0.4508804072442397,0.1420322681130668,0.0372560032408764,0.0,0.0,0.0205292347850716,0.0,0.0,0.0073699999999998,0.0575107142857142,-0.00385,0.0135,0.115,-0.0029434013903179,-0.0018723527590433,-0.0010710486312746,0.2303843613713979,0.1265677198767662,0.1038166414946317,0.9473415017127992,0.9049245715141296,8352,8016,0,0.1007379518614875,0.6344418182969094,28,8,16368,8352,8016,0.0867178517328533,cuda,77.0634765625,,,,,,,,,,,,
223,264,200,True,1131,1131,1086,868,218,55,163,0.2007366482504604,0.0506445672191528,0.1500920810313075,0.4758064516129032,1.9481566820276497,0.7742778951396591,13.973985573113788,26.1740595217674,0.4394104010236735,0.4835506456513558,0.2556004325391441,0.0468915503339043,0.186398813172677,0.4829431262365135,0.2681755928348424,0.0964697802742172,0.1387031408142693,0.0006075194148423,-0.0125751602956982,-0.0495782299403129,0.0476956723584076,11.179558011049725,11.179558011049725,8.304788213627992,0.5322283609576427,0.1400981090722155,0.1543545193807279,-0.1341162451092137,-0.0333876227893013,1086,45,0,45,1.0,1.748894783377542,1.748894783377542,1.821362799263352,94.02922611252382,48.46225311207491,-6.1032705638106215,54.56552367588549,0.8994001670826482,142.49147922459872,0.0470146130562619,0.0242311265560374,0.0712457396122993,0.8657243816254417,245,152,93,38,0,149,112.85873015873014,78.25403156784739,5,33,5.0,5.0,92,0,163,55,0,55,163,0,4319.319034988372,431.9319034988372,9276.518701748348,927.6518701748348,426.15264728948114,42.61526472894811,5440.310239273593,544.0310239273592,5430.0,543.0,0,0,0.056429365079365,-0.00275,0.056429365079365,-0.00275,0.0,0.0,0.056429365079365,0.0025,0.0640551501087459,0.1891715371780673,-0.175428368731255,0.0028218694654362,0.0001256049638492,-0.01386939014244,-0.0012227588113566,-0.000825,-0.0002377588113566,-0.00016,0.0,0.0,0.0,0.0,0.0,0.0001256049638492,0.009355604963849,0.056429365079365,0.0001256049638492,0.0,0.0,0.047014613056263,0.0242311265560374,-0.0122065411276212,0.0363770157839236,-0.0030516352819053,0.0272827618379427,0.0028218694654362,0.0028218694654362,0.4720296452702632,0.1945423594414229,0.0746504515633519,0.0,0.0,0.0089099470235774,0.0,0.0,0.0092299999999998,0.0391270157839236,-0.00275,0.0275,0.0815,-0.0029434013903179,-0.0018723527590433,-0.0010710486312746,0.2303843613713979,0.1265677198767662,0.1038166414946317,0.9473415017127992,0.9049245715141296,8352,8016,0,0.1007379518614875,0.6344418182969094,28,8,16368,8352,8016,0.0867178517328533,cuda,77.0634765625,,,,,,,,,,,,
224,265,200,True,1001,1001,958,712,246,42,204,0.2567849686847599,0.0438413361169102,0.2129436325678496,0.449438202247191,1.9676966292134832,0.7566723760761572,14.062517838531663,26.1865797585316,0.4591812275164638,0.4948507768803098,0.2227947284111732,0.0398495824297293,0.1952254637026782,0.4914087115085861,0.2503613047027081,0.0727430893071623,0.1451306339507671,0.0034420653717236,-0.0275665762915349,-0.032893506877433,0.0500948297519111,11.230688935281837,11.230688935281837,8.633611691022965,0.4906054279749478,0.1162740284569878,0.0808972366352008,-0.1069169195691994,-0.0632654008588089,958,43,0,43,1.0,1.979020979020979,1.979020979020979,2.067849686847599,124.22917812196911,69.62217666824135,-4.848592146277484,74.4707688145188,0.93887252635994,193.85135479021045,0.0621145890609845,0.0348110883341206,0.0969256773951052,0.8188405797101449,226,178,48,50,0,176,151.16071428571428,108.09435841935844,8,42,8.0,8.0,47,0,204,42,0,42,204,0,4891.873773122281,489.1873773122281,10260.861555338604,1026.0861555338604,389.98482672640966,38.99848267264097,6161.061279104226,616.1061279104226,4790.0,479.0,0,0,0.0755803571428571,-0.0043999999999999,0.0755803571428571,-0.0043999999999999,0.0,0.0,0.0755803571428571,0.004,0.0752852002360937,0.1517188711281525,-0.1101788878575576,0.0032559352131128,0.0007115167334941,-0.0118886194414492,-0.0010080118143704,-0.00063,-0.0002630118143704,-0.000115,0.0,0.0,0.0,0.0,0.0,0.0007115167334941,0.008251516733494,0.0755803571428571,0.0007115167334941,0.0,0.0,0.0621145890609854,0.0348110883341207,-0.0096971842925549,0.0496471792096792,-0.0024242960731387,0.0372353844072594,0.0032559352131128,0.0032559352131128,0.4821578691743088,0.1620454943881369,0.0648241658467896,0.0,0.0,0.019985715480825,0.0,0.0,0.0075399999999998,0.0540471792096792,-0.0043999999999999,0.021,0.102,-0.0029434013903179,-0.0018723527590433,-0.0010710486312746,0.2303843613713979,0.1265677198767662,0.1038166414946317,0.9473415017127992,0.9049245715141296,8352,8016,0,0.1007379518614875,0.6344418182969094,28,8,16368,8352,8016,0.0867178517328533,cuda,77.0634765625,,,,,,,,,,,,
225,266,200,True,1049,1049,996,703,293,51,242,0.2941767068273092,0.0512048192771084,0.2429718875502008,0.3840682788051209,2.1095305832147937,0.7196777290207563,15.56381061846976,27.265466131916423,0.4317658066691489,0.4815078047269778,0.1514387381863204,0.0459719259864193,0.2028059670873844,0.4806158843199864,0.1802106706377855,0.0894948140102681,0.1483619786655877,0.0008919204069913,-0.0287719324514651,-0.0435228880238487,0.0544439884217967,10.325301204819278,10.325301204819278,7.740963855421687,0.4799196787148594,0.1611347168244744,0.1003521073565808,-0.0644197623183883,-0.0062149539508528,996,53,0,53,1.0,1.8979980934223069,1.8979980934223069,1.998995983935743,96.6297843347022,56.45320179284979,-5.184279475881472,61.637481268731264,0.9224162994492864,153.08298612755198,0.048314892167351,0.0282266008964248,0.0765414930637759,0.8064516129032258,225,163,62,54,0,162,116.8095238095238,87.68330835830838,6,48,6.0,5.0,59,0,242,51,0,51,242,0,4689.96232031716,468.996232031716,9975.315772699414,997.5315772699414,365.1698425666777,36.51698425666777,5905.843721585284,590.5843721585284,4980.0,498.0,0,0,0.0584047619047618,-0.0033,0.0584047619047618,-0.0033,0.0,0.0,0.0584047619047618,0.003,0.0694944907881598,0.1506155538036002,-0.1026021867680767,0.001895713503538,0.0004154132177078,-0.0110375040766755,-0.0012983949051759,-0.000765,-0.0003583949051759,-0.000175,0.0,0.0,0.0,0.0,0.0,0.0004154132177078,0.0079554132177077,0.0584047619047618,0.0004154132177078,0.0,0.0,0.0483148921673518,0.0282266008964248,-0.0103685589517629,0.0410916541791541,-0.0025921397379407,0.0308187406343656,0.001895713503538,0.001895713503538,0.4709072645825493,0.1335786401361282,0.0759457462342488,0.0,0.0,0.0120597761845465,0.0,0.0,0.0075399999999998,0.0438416541791541,-0.00275,0.0255,0.121,-0.0033872068102937,-0.0014210190623998,-0.0019661877478938,0.2386018546401626,0.1342752150363392,0.1043266396038234,0.9467819929122924,0.9021316766738892,8302,7935,0,0.1055304060379664,0.6524278230965137,29,8,16237,8302,7935,0.089457127048761,cuda,76.87548828125,,,,,,,,,,,,
226,267,200,True,1164,1164,1105,806,299,61,238,0.2705882352941176,0.0552036199095022,0.2153846153846154,0.4230769230769231,1.998759305210918,0.7788684888380041,13.689053954320864,28.1733707571148,0.4125787184983944,0.5034388592166286,0.2616733525724846,0.0474707598863839,0.2076829628598305,0.5005384091999632,0.2743742663838505,0.0952005270642064,0.1465957598904004,0.0029004500166653,-0.0127009138113659,-0.0477297671778224,0.0610872029694301,11.497737556561086,11.497737556561086,8.856108597285068,0.502262443438914,0.121842881746544,0.0301559591375018,-0.134986341164412,-0.0350116505410436,1105,59,0,59,1.0,1.7070446735395188,1.7070446735395188,1.7963800904977376,92.75151523293106,47.27371705344406,-5.1104904057634,52.38420745920744,0.911113709689098,140.02523228637511,0.0463757576164655,0.023636858526722,0.0700126161431875,0.7949640287769785,221,156,65,57,0,154,111.50952380952378,74.24560994560997,4,53,4.0,4.0,64,0,238,61,0,61,238,0,4064.131925335905,406.4131925335905,8771.814992842877,877.1814992842877,383.5167529086926,38.35167529086926,5122.482096292479,512.2482096292479,5525.0,552.5,0,0,0.0557547619047619,-0.0022,0.0557547619047619,-0.0022,0.0,0.0,0.0557547619047619,0.002,0.0654635662404132,0.1815617255857979,-0.1761746585662688,0.0032836851834959,0.0001897404632801,-0.0120923071798241,-0.0014296132338656,-0.000915,-0.0002971132338656,-0.0002175,0.0,0.0,0.0,0.0,0.0,0.0001897404632801,0.0088597404632799,0.0557547619047619,0.0001897404632801,0.0,0.0,0.0463757576164662,0.023636858526722,-0.0102209808115268,0.0349228049728049,-0.0025552452028817,0.0261921037296037,0.0032836851834959,0.0032836851834959,0.4568382602227025,0.1986173514072284,0.0750441717511486,0.0,0.0,0.0064783436220228,0.0,0.0,0.0086699999999998,0.037122804972805,-0.0022,0.0305,0.119,-0.0033872068102937,-0.0014210190623998,-0.0019661877478938,0.2386018546401626,0.1342752150363392,0.1043266396038234,0.9467819929122924,0.9021316766738892,8302,7935,0,0.1055304060379664,0.6524278230965137,29,8,16237,8302,7935,0.089457127048761,cuda,76.87548828125,,,,,,,,,,,,
227,268,200,True,981,981,940,681,259,36,223,0.275531914893617,0.0382978723404255,0.2372340425531915,0.4258443465491923,2.0352422907488985,0.764437604974545,13.792945080391636,28.13034803401706,0.4593312419405553,0.4929211321950134,0.1371177771564972,0.0310683055280293,0.2091145148711407,0.4883920733930431,0.1621526923569441,0.0642269513360874,0.1556378565345741,0.0045290588019702,-0.0250349152004469,-0.033158645808058,0.0534766583365665,10.018085106382978,10.018085106382978,7.478723404255319,0.5074468085106383,0.1093207183476227,0.0805585895471611,-0.093107812983748,-0.0401726488830945,940,41,0,41,1.0,2.0081549439347604,2.0081549439347604,2.095744680851064,124.39458413300407,74.53302984498593,-4.599689518983444,79.13271936396939,0.9450667957563096,198.92761397799,0.062197292066502,0.0372665149224929,0.099463806988995,0.8385964912280702,239,182,57,46,0,179,151.59285714285716,109.91029248529247,4,42,4.0,4.0,55,0,223,36,0,36,223,0,5027.090093428588,502.7090093428589,10544.03572236884,1054.403572236884,375.0587808717909,37.50587808717909,6335.488342832516,633.5488342832516,4700.0,470.0,0,0,0.0757964285714285,-0.0022,0.0757964285714285,-0.0022,0.0,0.0,0.0757964285714285,0.002,0.07647343771823,0.1387370881114997,-0.0693148103438698,0.0030929082117523,0.0006307460467957,-0.0113747118430265,-0.0008028696942809,-0.00054,-0.0001653696942809,-9.750000000000008e-05,0.0,0.0,0.0,0.0,0.0,0.0006307460467957,0.0078007460467956,0.0757964285714285,0.0006307460467957,0.0,0.0,0.0621972920665028,0.0372665149224928,-0.0091993790379668,0.0527551462426462,-0.0022998447594917,0.0395663596819846,0.0030929082117523,0.0030929082117523,0.471618980521288,0.1187143292196002,0.0565590268445852,0.0,0.0,0.0157707569951038,0.0,0.0,0.0071699999999998,0.0549551462426462,-0.0022,0.018,0.1115,-0.0033872068102937,-0.0014210190623998,-0.0019661877478938,0.2386018546401626,0.1342752150363392,0.1043266396038234,0.9467819929122924,0.9021316766738892,8302,7935,0,0.1055304060379664,0.6524278230965137,29,8,16237,8302,7935,0.089457127048761,cuda,76.87548828125,,,,,,,,,,,,
228,269,200,True,1062,1062,1014,731,283,66,217,0.2790927021696252,0.0650887573964497,0.2140039447731755,0.4870041039671682,1.9316005471956224,0.7813819683731499,13.497193206025214,28.71276577096305,0.4480269458668852,0.5046792838992564,0.2466872795070897,0.0514238733140861,0.1986880870446787,0.5020194834584902,0.2658266016841444,0.0974278796643207,0.1438265817619544,0.0026598004407661,-0.0191393221770547,-0.0460040063502346,0.0548615052827242,11.365877712031558,11.365877712031558,8.831360946745562,0.5216962524654832,0.1334338359446447,0.0963563139424628,-0.1119306282483878,-0.0160652203390818,1014,48,0,48,1.0,1.8370998116760828,1.8370998116760828,1.9240631163708088,104.70149881662766,59.93378513337561,-5.259770269554782,65.1935554029304,0.9253439036504004,164.63528395000327,0.0523507494083138,0.0299668925666878,0.0823176419750016,0.8692579505300353,246,162,84,37,0,156,126.47142857142856,89.12474053724056,3,34,3.0,2.0,83,0,217,66,0,66,217,0,4660.399096724709,466.0399096724709,9926.76682204702,992.676682204702,382.1928251152841,38.21928251152841,5869.157727255768,586.9157727255767,5070.0,507.0,0,0,0.0632357142857142,-0.00165,0.0632357142857142,-0.00165,0.0,0.0,0.0632357142857142,0.0015,0.067033141645406,0.1686854330638912,-0.1517930922856692,0.0027677636577176,0.000840889898712,-0.0119093708355245,-0.0015009270111087,-0.00099,-0.0003059270111087,-0.000205,0.0,0.0,0.0,0.0,0.0,0.000840889898712,0.0088108898987119,0.0632357142857142,0.000840889898712,0.0,0.0,0.0523507494083148,0.0299668925666878,-0.0105195405391095,0.0434623702686202,-0.0026298851347773,0.0325967777014652,0.0027677636577176,0.0027677636577176,0.4801429752350181,0.1830826377604377,0.0764632073256897,0.0,0.0,0.0112090530000851,0.0,0.0,0.0079699999999998,0.0445623702686202,-0.0011,0.033,0.1085,-0.0033872068102937,-0.0014210190623998,-0.0019661877478938,0.2386018546401626,0.1342752150363392,0.1043266396038234,0.9467819929122924,0.9021316766738892,8302,7935,0,0.1055304060379664,0.6524278230965137,29,8,16237,8302,7935,0.089457127048761,cuda,76.87548828125,,,,,,,,,,,,
229,270,200,True,1029,1029,987,758,229,28,201,0.232016210739615,0.0283687943262411,0.2036474164133738,0.4973614775725594,1.891820580474934,0.7531526267607168,13.860196465867176,26.3007364828228,0.3917580629679888,0.4926873934221771,0.138940138098511,0.0279451345098462,0.2352023659185518,0.4853073551385887,0.1708553540802961,0.0466199514992402,0.1738209089062773,0.0073800382835884,-0.031915215981785,-0.0186748169893939,0.0613814570122744,11.898682877406282,11.898682877406282,9.414387031408308,0.470111448834853,0.1198780639149185,0.1063531400543487,-0.0680499837049638,-0.0619338882078852,987,42,0,42,1.0,1.91156462585034,1.91156462585034,1.99290780141844,123.93826576418708,77.0767700346382,-4.033944251076063,81.11071428571428,0.9526224625196772,201.01503579882527,0.0619691328820935,0.0385383850173191,0.1005075178994126,0.8115942028985508,224,172,52,52,0,167,150.5595238095238,114.74761904761904,6,46,6.0,6.0,51,0,201,28,0,28,201,0,4769.444362580873,476.9444362580873,10121.470325616712,1012.1470325616712,365.229367158592,36.5229367158592,6008.020066742443,600.8020066742444,4935.0,493.5,0,0,0.0752797619047618,-0.0033,0.0752797619047618,-0.0033,0.0,0.0,0.0752797619047618,0.003,0.0712950098784916,0.1590549167237597,-0.0959258311148427,0.0035876320218485,0.0008666167914198,-0.0107982767886351,-0.0006841649207946,-0.00042,-0.0001891649207946,-7.500000000000005e-05,0.0,0.0,0.0,0.0,0.0,0.0008666167914198,0.0087266167914197,0.0752797619047618,0.0008666167914198,0.0,0.0,0.0619691328820944,0.038538385017319,-0.0080678885021521,0.0540738095238095,-0.002016972125538,0.0405553571428571,0.0035876320218485,0.0035876320218485,0.4737585397559196,0.1161573764749498,0.0426748120637628,0.0,0.0,0.0192260234586007,0.0,0.0,0.0078599999999998,0.0573738095238095,-0.0033,0.014,0.1005,-0.0033872068102937,-0.0014210190623998,-0.0019661877478938,0.2386018546401626,0.1342752150363392,0.1043266396038234,0.9467819929122924,0.9021316766738892,8302,7935,0,0.1055304060379664,0.6524278230965137,29,8,16237,8302,7935,0.089457127048761,cuda,76.87548828125,,,,,,,,,,,,
230,271,200,True,1025,1025,984,797,187,53,134,0.190040650406504,0.0538617886178861,0.1361788617886178,0.4617314930991217,1.9498117942283564,0.7651208495181357,13.817754908218287,26.11620044925132,0.4714304585444691,0.4864660830165691,0.2128154415838243,0.0513391980090397,0.1874234630274054,0.4861007002059608,0.2379534214961726,0.1030031891044234,0.1352549081661246,0.0003653828106082,-0.0251379799123483,-0.0516639910953836,0.0521685548612808,12.611788617886178,12.611788617886178,9.78150406504065,0.5111788617886179,0.2190999298024322,0.107269205571035,-0.1000674988517952,-0.0952263005612158,984,41,0,41,1.0,1.897560975609756,1.897560975609756,1.9766260162601623,119.34344932938788,66.17655656252086,-6.623443437479154,72.80000000000001,0.9166059396216808,185.5200058919088,0.0596717246646939,0.0330882782812604,0.0927600029459543,0.7900355871886121,222,173,49,59,0,165,144.55,105.86666666666665,8,51,8.0,8.0,48,0,134,53,0,53,134,0,4729.814853102099,472.9814853102099,10039.64024915701,1003.964024915701,442.9247194793255,44.29247194793255,5958.659077700569,595.8659077700569,4920.0,492.0,0,0,0.072275,-0.0043999999999999,0.072275,-0.0043999999999999,0.0,0.0,0.072275,0.004,0.0703633570537746,0.1733914103510626,-0.1351322231077156,0.0022170327099277,0.0007586233234696,-0.0136629118426472,-0.0013027088586458,-0.000795,-0.0002727088586458,-0.000235,0.0,0.0,0.0,0.0,0.0,0.0007586233234696,0.0092586233234695,0.072275,0.0007586233234696,0.0,0.0,0.0596717246646949,0.0330882782812604,-0.0132468868749583,0.0485333333333333,-0.0033117217187395,0.0364,0.0022170327099277,0.0022170327099277,0.5008547936059657,0.1758761748925055,0.0851155047893879,0.0,0.0,0.0129947897097184,0.0,0.0,0.0084999999999998,0.0529333333333333,-0.0043999999999999,0.0265,0.067,-0.0033872068102937,-0.0014210190623998,-0.0019661877478938,0.2386018546401626,0.1342752150363392,0.1043266396038234,0.9467819929122924,0.9021316766738892,8302,7935,0,0.1055304060379664,0.6524278230965137,29,8,16237,8302,7935,0.089457127048761,cuda,76.87548828125,,,,,,,,,,,,
231,272,200,True,1004,1004,960,725,235,39,196,0.2447916666666666,0.040625,0.2041666666666666,0.5103448275862069,1.8786206896551725,0.7617923609552713,13.76944065093994,24.508710900339587,0.4830866641204419,0.470948085969892,0.1465162696612292,0.0390815673896978,0.1790269802330897,0.4659673203476544,0.1768926849139147,0.0658717585650497,0.1377560430790843,0.0049807656222375,-0.0303764152526855,-0.0267901911753518,0.0412709371540053,11.304166666666667,11.304166666666667,8.879166666666666,0.446875,0.1858198618043413,0.151644821625505,-0.0215551565002941,-0.0476925060177903,960,44,0,44,1.0,1.945219123505976,1.945219123505976,2.020833333333333,120.11432503458032,63.48197937258286,-5.565342055988534,69.0473214285714,0.9254102213206716,183.5963044071632,0.0600571625172901,0.0317409896862914,0.0917981522035815,0.8231046931407943,228,168,60,49,0,163,146.0,98.66309523809524,7,42,7.0,6.0,60,0,196,39,0,39,196,0,4853.521158239104,485.3521158239104,10367.370909073656,1036.7370909073657,420.4544418824796,42.04544418824796,6112.991396461082,611.2991396461082,4800.0,480.0,0,0,0.0729999999999999,-0.0038499999999999,0.0729999999999999,-0.0038499999999999,0.0,0.0,0.0729999999999999,0.0035,0.0697614405833529,0.1438286734993556,-0.0957613123146191,0.0027661606509883,0.0006458125864509,-0.0127359211429242,-0.0008745032448276,-0.000585,-0.0001845032448275,-0.000105,0.0,0.0,0.0,0.0,0.0,0.0006458125864509,0.0082858125864507,0.0729999999999999,0.0006458125864509,0.0,0.0,0.0600571625172912,0.0317409896862914,-0.011130684111977,0.0460315476190476,-0.0027826710279942,0.0345236607142857,0.0027661606509883,0.0027661606509883,0.4795528693756845,0.1437948070262577,0.0559630697220227,0.0,0.0,0.0112837662552713,0.0,0.0,0.0076399999999998,0.0493315476190476,-0.0033,0.0195,0.098,-0.0033872068102937,-0.0014210190623998,-0.0019661877478938,0.2386018546401626,0.1342752150363392,0.1043266396038234,0.9467819929122924,0.9021316766738892,8302,7935,0,0.1055304060379664,0.6524278230965137,29,8,16237,8302,7935,0.089457127048761,cuda,76.87548828125,,,,,,,,,,,,
232,273,200,True,988,988,949,731,218,38,180,0.2297154899894626,0.0400421496311907,0.1896733403582718,0.4500683994528043,1.987688098495212,0.7605872079016572,13.934344830493432,24.91738394771164,0.4528888127052769,0.4701424090015904,0.1916086268184449,0.0371447820808845,0.1897649881487302,0.4651217170151411,0.2237688042707588,0.0567405961771468,0.1423616829352445,0.0050206919864492,-0.0321601774523139,-0.0195958140962623,0.0474033052134856,9.934668071654372,9.934668071654372,7.34141201264489,0.4720758693361433,0.172116505979005,0.1782692178179068,-0.1182838681306584,-0.0496824771477899,949,39,0,39,1.0,1.9777327935222675,1.9777327935222675,2.054794520547945,130.1060548640974,74.40551547626117,-5.305225865730172,79.71074134199135,0.9375973003663206,204.51157034035856,0.0650530274320486,0.0372027577381305,0.1022557851701792,0.825,231,172,59,49,0,167,158.33333333333331,118.38098845598846,12,37,12.0,11.0,56,0,180,38,0,38,180,0,5002.182442396063,500.21824423960624,10528.530336850668,1052.8530336850667,397.7239782436288,39.77239782436288,6299.945102871167,629.9945102871167,4745.0,474.5,0,0,0.0791666666666666,-0.0066,0.0791666666666666,-0.0066,0.0,0.0,0.0791666666666666,0.006,0.0717899560781817,0.1504598494501633,-0.1027709310399451,0.0022065436192502,0.0009084704935766,-0.0120386080826392,-0.0008747319532389,-0.00057,-0.0001997319532389,-0.000105,0.0,0.0,0.0,0.0,0.0,0.0009084704935766,0.0085984704935765,0.0791666666666666,0.0009084704935766,0.0,0.0,0.0650530274320495,0.0372027577381305,-0.0106104517314603,0.0531404942279942,-0.002652612932865,0.0398553706709956,0.0022065436192502,0.0022065436192502,0.4682000218950683,0.1473173612194467,0.0506218562505067,0.0,0.0,0.020383514916836,0.0,0.0,0.0076899999999998,0.0591904942279942,-0.00605,0.019,0.09,-0.0033872068102937,-0.0014210190623998,-0.0019661877478938,0.2386018546401626,0.1342752150363392,0.1043266396038234,0.9467819929122924,0.9021316766738892,8302,7935,0,0.1055304060379664,0.6524278230965137,29,8,16237,8302,7935,0.089457127048761,cuda,76.87548828125,,,,,,,,,,,,
233,274,200,True,1121,1121,1064,769,295,49,246,0.2772556390977443,0.0460526315789473,0.231203007518797,0.4733420026007802,1.9388816644993496,0.7494077729000692,14.1659023659437,27.70722234349877,0.4658319957713711,0.4876829139084128,0.1580611780111439,0.0492792915139875,0.20537106441128,0.4838317700108254,0.1819797741607684,0.0935706689725817,0.1468134053579503,0.0038511438975873,-0.0239185961496244,-0.0442913774585942,0.0585576590533296,10.701127819548873,10.701127819548873,8.149436090225564,0.4896616541353383,0.1803832440496975,0.0960580861895745,-0.0898472663115448,-0.0557418778002671,1064,57,0,57,1.0,1.7546833184656556,1.7546833184656556,1.847744360902256,99.69373354319347,56.31413453916752,-5.660042631700832,61.97417717086834,0.9163139214406104,156.007868082361,0.0498468667715967,0.0281570672695837,0.0780039340411805,0.8540925266903915,240,152,88,41,0,148,120.41230158730158,84.83223622782445,3,38,3.0,2.0,87,0,246,49,0,49,246,0,4366.70499394405,436.67049939440506,9332.270388521963,933.2270388521964,404.5452340559064,40.45452340559064,5499.797859623104,549.9797859623104,5320.0,532.0,0,0,0.0602061507936507,-0.00165,0.0602061507936507,-0.00165,0.0,0.0,0.0602061507936507,0.0015,0.063419554514607,0.1658307500413061,-0.1134169321249597,0.0029149031144658,0.0002297306833803,-0.0130263565642036,-0.0010991362455311,-0.000735,-0.0002216362455311,-0.0001425,0.0,0.0,0.0,0.0,0.0,0.0002297306833803,0.0084097306833802,0.0602061507936507,0.0002297306833803,0.0,0.0,0.0498468667715975,0.0281570672695837,-0.0113200852634016,0.0413161181139122,-0.0028300213158504,0.0309870885854341,0.0029149031144658,0.0029149031144658,0.4640730785916089,0.1505408754059786,0.0763759049639399,0.0,0.0,0.0097145939772952,0.0,0.0,0.0081799999999998,0.0424161181139122,-0.0011,0.0245,0.123,-0.0034332172019906,4.738253644771046e-05,-0.0034805997384383,0.2406959713576665,0.1333542552259233,0.1073417161317432,0.9482061862945556,0.8999418616294861,8755,8368,0,0.0920607358217239,0.6386869178098791,30,8,17123,8755,8368,0.0834732427412848,cuda,78.7568359375,,,,,,,,,,,,
234,275,200,True,1130,1130,1079,824,255,65,190,0.2363299351251158,0.0602409638554216,0.1760889712696941,0.4077669902912621,2.0776699029126213,0.753715036002901,14.24118259462338,32.19371191969196,0.4912615701667394,0.5367061262498203,0.2168797795588458,0.0297926877567644,0.1980211336427883,0.5358755019610947,0.2473789183705484,0.0767174037614186,0.1474141110349627,0.0008306242887256,-0.0304991388117026,-0.0469247160046542,0.0506070226078256,13.995366079703428,13.995366079703428,11.156626506024097,0.5912882298424467,0.1557574945128421,0.0265713632779889,-0.1407754594454826,0.0247208657619386,1079,51,0,51,1.0,1.7469026548672566,1.7469026548672566,1.829471733086191,105.64661053605022,61.889280480463945,-6.8832927796093175,68.77257326007326,0.9090183862808612,167.53589101651417,0.0528233052680251,0.0309446402402319,0.083767945508257,0.8608058608058609,235,153,82,38,0,150,127.45238095238092,94.99676434676434,3,35,3.0,3.0,81,0,190,65,0,65,190,0,4269.93458440792,426.993458440792,9285.52292498212,928.5522924982118,451.3068989513429,45.13068989513429,5378.062504267289,537.8062504267289,5395.0,539.5,0,0,0.0637261904761904,-0.00165,0.0637261904761904,-0.00165,0.0,0.0,0.0637261904761904,0.0015,0.0645105739849787,0.2026676471748776,-0.1842850402794063,0.0025938095151899,0.0003217644353636,-0.0147199830442165,-0.0014840920326042,-0.000975,-0.0003165920326042,-0.0001925,0.0,0.0,0.0,0.0,0.0,0.0003217644353636,0.0092117644353635,0.0637261904761904,0.0003217644353636,0.0,0.0,0.052823305268026,0.0309446402402319,-0.0137665855592186,0.0458483821733821,-0.0034416463898046,0.0343862866300366,0.0025938095151899,0.0025938095151899,0.4875901740230733,0.1757159809289999,0.0597576016992183,0.0,0.0,0.0123490552710325,0.0,0.0,0.0088899999999998,0.0474983821733821,-0.00165,0.0325,0.095,-0.0034332172019906,4.738253644771046e-05,-0.0034805997384383,0.2406959713576665,0.1333542552259233,0.1073417161317432,0.9482061862945556,0.8999418616294861,8755,8368,0,0.0920607358217239,0.6386869178098791,30,8,17123,8755,8368,0.0834732427412848,cuda,78.7568359375,,,,,,,,,,,,
235,276,200,True,1157,1157,1111,881,230,56,174,0.207020702070207,0.0504050405040504,0.1566156615661566,0.5062429057888763,1.836549375709421,0.7393552053563305,14.776328003501243,27.01025079784409,0.4109987544499423,0.4611943133606678,0.1335699116635674,0.034760573073359,0.2161041525775031,0.457804904267547,0.1560639040238064,0.0831302380259069,0.1563495563704702,0.0033894090931207,-0.0224939923602389,-0.0483696649525479,0.0597545962070329,10.293429342934294,10.293429342934294,7.550855085508551,0.5121512151215122,0.1096415325535116,0.1081250177111626,-0.0268638773354522,0.0138878997383627,1111,46,0,46,1.0,1.708729472774417,1.708729472774417,1.7794779477947795,98.46677313343784,52.85476272606242,-6.206861066811375,59.06162379287379,0.9049026328686052,151.32153585950024,0.0492333865667189,0.0264273813630312,0.0756607679297501,0.8142857142857143,228,146,82,52,0,143,118.2047619047619,87.54883172383173,8,44,8.0,8.0,77,0,174,56,0,56,174,0,4129.059387396222,412.9059387396222,8853.786410670726,885.3786410670725,413.7984269715057,41.37984269715057,5199.855531022173,519.9855531022173,5555.0,555.5,0,0,0.0591023809523809,-0.0043999999999999,0.0591023809523809,-0.0043999999999999,0.0,0.0,0.0591023809523809,0.004,0.0612741165238664,0.1854763144321818,-0.1229010161716267,0.0019867622169964,0.0003874090240704,-0.0131669055554764,-0.0013003680004444,-0.00084,-0.0002953680004444,-0.000165,0.0,0.0,0.0,0.0,0.0,0.0003874090240704,0.0097574090240702,0.0591023809523809,0.0003874090240704,0.0,0.0,0.0492333865667198,0.0264273813630312,-0.0124137221336227,0.0393744158619158,-0.0031034305334056,0.0295308118964368,0.0019867622169964,0.0019867622169964,0.4593026525835387,0.1230943560416295,0.0744535189877367,0.0,0.0,0.0130481019687197,0.0,0.0,0.0093699999999998,0.0437744158619158,-0.0043999999999999,0.028,0.087,-0.0034332172019906,4.738253644771046e-05,-0.0034805997384383,0.2406959713576665,0.1333542552259233,0.1073417161317432,0.9482061862945556,0.8999418616294861,8755,8368,0,0.0920607358217239,0.6386869178098791,30,8,17123,8755,8368,0.0834732427412848,cuda,78.7568359375,,,,,,,,,,,,
236,277,200,True,1044,1044,996,653,343,36,307,0.3443775100401606,0.036144578313253,0.3082329317269076,0.4808575803981623,1.892802450229709,0.772774066439449,14.024280764242407,30.28401937802389,0.4798521245648586,0.528484008008269,0.1270492683103448,0.0251274202040369,0.220098950124273,0.5215815623814261,0.1649145905526032,0.0414008917299471,0.1620934485795852,0.0069024456268429,-0.0378653222422584,-0.0162734715259102,0.0580055015446877,11.56425702811245,11.56425702811245,9.191767068273093,0.5070281124497992,0.1273181928456423,-0.0139346604841553,-0.0226390954291562,-0.0787493175966272,996,48,0,48,1.0,1.882183908045977,1.882183908045977,1.9728915662650603,126.08256115007808,74.82008998053794,-4.23993749198951,79.06002747252747,0.9491003688441456,200.902651130616,0.063041280575039,0.0374100449902689,0.100451325565308,0.76,209,166,43,66,0,162,153.9523809523809,113.11336996336996,7,59,7.0,7.0,40,0,307,36,0,36,307,0,4554.547689449285,455.4547689449285,9765.408995694725,976.5408995694722,392.939236589379,39.2939236589379,5739.38120397185,573.938120397185,4980.0,498.0,0,0,0.0769761904761904,-0.0038499999999999,0.0769761904761904,-0.0038499999999999,0.0,0.0,0.0769761904761904,0.0035,0.0692983098120554,0.1506562335551165,-0.0942037853424459,0.0039934737457021,0.0004116409704332,-0.0113943068004694,-0.0008660221316081,-0.00054,-0.0002310221316081,-9.500000000000009e-05,0.0,0.0,0.0,0.0,0.0,0.0004116409704332,0.0073016409704331,0.0769761904761904,0.0004116409704332,0.0,0.0,0.0630412805750395,0.0374100449902689,-0.008479874983979,0.0527066849816849,-0.0021199687459947,0.0395300137362637,0.0039934737457021,0.0039934737457021,0.4473167690590199,0.1172983906123464,0.0394163599923183,0.0,0.0,0.0101250863847666,0.0,0.0,0.0068899999999998,0.0565566849816849,-0.0038499999999999,0.018,0.1535,-0.0034332172019906,4.738253644771046e-05,-0.0034805997384383,0.2406959713576665,0.1333542552259233,0.1073417161317432,0.9482061862945556,0.8999418616294861,8755,8368,0,0.0920607358217239,0.6386869178098791,30,8,17123,8755,8368,0.0834732427412848,cuda,78.7568359375,,,,,,,,,,,,
237,278,200,True,965,965,930,695,235,27,208,0.2526881720430107,0.0290322580645161,0.2236559139784946,0.4302158273381295,1.9784172661870505,0.740415042402933,14.413230294975444,28.619373591426463,0.5146834607621347,0.5192617858270947,0.1644728973936691,0.0172950048562434,0.1989726503895555,0.5134582668328457,0.2096838468498141,0.0294922338142026,0.1530791601554738,0.005803518994249,-0.045210949456145,-0.0121972289579592,0.0458934902340817,12.891397849462363,12.891397849462363,10.329032258064515,0.5129032258064516,0.1702394094719158,0.0462106799674716,-0.1268701098618959,-0.0379174624376828,930,35,0,35,1.0,1.9751295336787564,1.9751295336787564,2.048387096774193,125.35872459444856,73.56960484848204,-4.7934903896132095,78.36309523809523,0.9423558536773788,198.9283294429306,0.0626793622972242,0.036784802424241,0.0994641647214653,0.7084870848708487,192,164,28,79,0,163,154.66666666666669,118.78412698412696,13,66,13.0,13.0,28,0,208,27,1,27,208,0,4583.7099775614215,458.3709977561422,9437.23278565675,943.723278565675,435.21546564862376,43.521546564862376,5774.942899273769,577.4942899273769,4650.0,465.0,0,1,0.0773333333333333,-0.0071499999999999,0.0773333333333333,-0.0071499999999999,0.0,0.0,0.0773333333333333,0.0065,0.0700324849386955,0.1500276920004308,-0.1003726435146223,0.0041023053349274,0.0008434781527879,-0.0130074547494046,-0.0005925522931717,-0.000405,-0.0001150522931717,-7.250000000000005e-05,0.0,0.0,0.0,-0.001,-0.001,0.0008434781527879,0.0080634781527878,0.0763333333333333,0.0008434781527879,0.0,0.0,0.062679362297225,0.0367848024242409,-0.0095869807792264,0.0522420634920635,-0.0023967451948066,0.0391815476190476,0.0041023053349274,0.0041023053349274,0.4559251641804686,0.1298506489146473,0.0268654801265634,0.0,0.0,0.0194889659255829,0.0,0.0,0.0072199999999998,0.0593920634920634,-0.0071499999999999,0.0135,0.104,-0.0034332172019906,4.738253644771046e-05,-0.0034805997384383,0.2406959713576665,0.1333542552259233,0.1073417161317432,0.9482061862945556,0.8999418616294861,8755,8368,0,0.0920607358217239,0.6386869178098791,30,8,17123,8755,8368,0.0834732427412848,cuda,78.7568359375,,,,,,,,,,,,
238,279,200,True,1006,1006,957,699,258,45,213,0.2695924764890282,0.0470219435736677,0.2225705329153605,0.4620886981402002,1.959942775393419,0.7295242568027649,14.672686369463438,25.238851977221785,0.5353542696131252,0.4726849428147546,0.153123009984564,0.026995545536285,0.1757322455648444,0.4694445243848751,0.1792092929329078,0.057387251520492,0.1344145990998746,0.0032404184298794,-0.0260862829483438,-0.030391705984207,0.0413176464649698,10.055381400208988,9.986415882967608,7.51201671891327,0.4346917450365726,0.2435026360991277,0.1462120675220317,-0.1032932681517048,-0.0026949107682736,957,49,0,49,1.0,1.940357852882704,1.940357852882704,2.036572622779519,116.84888304362778,74.90128456251996,-5.836215437480036,80.73749999999997,0.932586750978769,191.75016760614773,0.0584244415218138,0.0374506422812599,0.0958750838030738,0.8439716312056738,238,170,68,44,0,164,142.08333333333331,110.95,3,41,3.0,3.0,66,0,213,45,0,45,213,0,4920.656404973334,492.0656404973335,10416.351367841564,1041.6351367841564,435.9145139746782,43.59145139746782,6194.841104426986,619.4841104426986,4785.0,478.5,0,0,0.0710416666666666,-0.00165,0.0710416666666666,-0.00165,0.0,0.0,0.0710416666666666,0.0015,0.0702381308994629,0.1424249207220128,-0.080168108647586,0.0029381244823533,0.0005155409424027,-0.0136077321493543,-0.0009864378236673,-0.000675,-0.0001814378236673,-0.00013,0.0,0.0,0.0,0.0,0.0,0.0005155409424027,0.0079555409424026,0.0710416666666666,0.0005155409424027,0.0,0.0,0.0584244415218148,0.03745064228126,-0.01167243087496,0.053825,-0.00291810771874,0.0403687499999999,0.0029381244823533,0.0029381244823533,0.4627740716593543,0.1259691160388643,0.0531391357724736,0.0,0.0,0.011618361442387,0.0,0.0,0.0074399999999998,0.055475,-0.00165,0.0225,0.1065,-0.0034332172019906,4.738253644771046e-05,-0.0034805997384383,0.2406959713576665,0.1333542552259233,0.1073417161317432,0.9482061862945556,0.8999418616294861,8755,8368,0,0.0920607358217239,0.6386869178098791,30,8,17123,8755,8368,0.0834732427412848,cuda,78.7568359375,,,,,,,,,,,,
239,280,200,True,1162,1162,1104,745,359,52,307,0.3251811594202898,0.0471014492753623,0.2780797101449275,0.4563758389261745,2.0308724832214766,0.7489869955402093,14.460392528252314,30.856127755213905,0.4530039658402358,0.5316972568531164,0.2027574531583978,0.050406880941767,0.2070022242306262,0.5250943967159962,0.2220909689984365,0.0941997137773882,0.1501978473350305,0.0066028601371201,-0.0193335158400387,-0.0437928328356211,0.0568043768955957,12.817934782608695,12.817934782608695,10.366847826086955,0.5,0.1715397624967456,0.0324658211149727,-0.0805778041706143,-0.0031314452916939,1104,58,0,58,1.0,1.6944922547332186,1.6944922547332186,1.7798913043478262,85.27015262845245,43.78698519749243,-5.824621945364706,49.61160714285712,0.8949311300360034,129.0571378259449,0.0426350763142262,0.0218934925987462,0.0645285689129724,0.8597785977859779,233,150,83,38,0,146,102.45,71.64880952380956,5,33,5.0,5.0,81,0,307,52,0,52,307,0,4138.060142456197,413.8060142456197,8932.935076283879,893.2935076283878,385.6302378900955,38.56302378900955,5211.727776080536,521.1727776080536,5520.0,552.0,0,0,0.0512249999999999,-0.00275,0.0512249999999999,-0.00275,0.0,0.0,0.0512249999999999,0.0025,0.0624610367885674,0.1787308019743197,-0.1532430781801696,0.0021459522492313,0.0003053815711311,-0.0122722892571642,-0.0012344186328725,-0.00078,-0.0003069186328725,-0.0001475,0.0,0.0,0.0,0.0,0.0,0.0003053815711311,0.0082753815711309,0.0512249999999999,0.0003053815711311,0.0,0.0,0.0426350763142267,0.0218934925987462,-0.0116492438907294,0.0330744047619048,-0.0029123109726823,0.0248058035714285,0.0021459522492313,0.0021459522492313,0.4639774237062138,0.164991117706093,0.0676740900488893,0.0,0.0,0.0075789327558358,0.0,0.0,0.0079699999999998,0.0358244047619047,-0.00275,0.026,0.1535,-0.0034332172019906,4.738253644771046e-05,-0.0034805997384383,0.2406959713576665,0.1333542552259233,0.1073417161317432,0.9482061862945556,0.8999418616294861,8755,8368,0,0.0920607358217239,0.6386869178098791,30,8,17123,8755,8368,0.0834732427412848,cuda,78.7568359375,,,,,,,,,,,,
240,281,200,True,1170,1170,1127,815,312,61,251,0.2768411712511091,0.0541259982253771,0.222715173025732,0.5104294478527608,1.856441717791411,0.7545264052832785,14.129915355612164,26.024148366897386,0.4076511719059471,0.4636218703049092,0.1540102816341113,0.036675266677548,0.2092796769221684,0.4649968954500245,0.1822025610739651,0.0755802330061039,0.1548715812708337,-0.0013750251451153,-0.0281922794398537,-0.0389049663285559,0.0544080956513347,10.024844720496894,10.024844720496894,7.625554569653948,0.4427684117125111,0.1364859430357669,0.1561276357369653,-0.0862195396781241,0.0019987695779018,1127,43,0,43,1.0,1.682905982905983,1.682905982905983,1.743566992014197,88.1207940428733,51.94750885366899,-5.70547025906891,57.652979112737896,0.9099493387916194,140.0683028965423,0.0440603970214366,0.0259737544268344,0.0700341514482711,0.7964285714285714,223,142,81,57,0,138,105.57142857142853,79.1873126873127,3,54,3.0,2.106067154844374,79,0,251,61,0,61,251,0,4123.599405675499,412.3599405675498,8712.04584079679,871.2045840796791,381.5692815068793,38.15692815068793,5192.195944200117,519.2195944200117,5635.0,563.5,0,0,0.0527857142857142,-0.00165,0.0527857142857142,-0.00165,0.0,0.0,0.0527857142857142,0.0015,0.0593902551586593,0.1739230603203336,-0.1240676747001947,0.001827056114742,0.0003991279643258,-0.0120812983728713,-0.0013941441324718,-0.000915,-0.0002991441324718,-0.00018,0.0,0.0,0.0,0.0,0.0,0.0003991279643258,0.0091591279643257,0.0527857142857142,0.0003991279643258,0.0,0.0,0.0440603970214375,0.0259737544268345,-0.0114109405181378,0.0384353194084919,-0.0028527351295344,0.0288264895563689,0.001827056114742,0.001827056114742,0.4377482584165443,0.1240666810761008,0.0721943260556441,0.0,0.0,0.0156598682576755,0.0,0.0,0.0087599999999998,0.0395936563436563,-0.0011583369351644,0.0305,0.1255,-0.0034332172019906,4.738253644771046e-05,-0.0034805997384383,0.2406959713576665,0.1333542552259233,0.1073417161317432,0.9482061862945556,0.8999418616294861,8755,8368,0,0.0920607358217239,0.6386869178098791,30,8,17123,8755,8368,0.0834732427412848,cuda,78.7568359375,,,,,,,,,,,,
241,282,200,True,966,966,920,657,263,42,221,0.2858695652173913,0.0456521739130434,0.2402173913043478,0.3896499238964992,2.138508371385084,0.7759964361537356,13.607754852492334,30.206442197345343,0.5243881399151614,0.551429738238159,0.194937730460361,0.0254105924241687,0.1925410248106699,0.5414369307242934,0.2332778973008762,0.0539246516892632,0.1497760379298546,0.0099928075138655,-0.0383401668405151,-0.0285140592650945,0.0427649868808153,14.125,14.125,11.460869565217392,0.5673913043478261,0.1324605176546764,0.0765955541937096,-0.1353431563263153,-0.0278486570905265,920,46,0,46,1.0,1.912008281573499,1.912008281573499,2.007608695652174,113.42852939052295,64.35942951794777,-5.561106196337913,69.9205357142857,0.9263250499648285,177.78795890847073,0.0567142646952614,0.0321797147589738,0.0888939794542353,0.8657243816254417,245,160,85,38,0,158,140.11666666666667,97.62738095238088,4,34,4.0,4.0,85,0,221,42,1,42,221,0,4445.394930400526,444.5394930400527,9279.573793705416,927.9573793705416,400.7822195599761,40.07822195599761,5599.423674831472,559.9423674831472,4600.0,460.0,0,1,0.0700583333333333,-0.0022,0.0700583333333333,-0.0022,0.0,0.0,0.0700583333333333,0.002,0.0676234066751778,0.1561686579363212,-0.1243337558755324,0.0026047879939758,0.0003479901429741,-0.0125281093758588,-0.0009969367946501,-0.00063,-0.0002469367946501,-0.00012,0.0,0.0,0.0,-0.001,-0.001,0.0003479901429741,0.0073379901429739,0.0690583333333333,0.0003479901429741,0.0,0.0,0.0567142646952621,0.0321797147589739,-0.0111222123926758,0.0466136904761904,-0.0027805530981689,0.0349602678571428,0.0026047879939758,0.0026047879939758,0.4544600055737568,0.1471005192132984,0.0453759375324668,0.0,0.0,0.0108802449366282,0.0,0.0,0.0069899999999998,0.0488136904761904,-0.0022,0.021,0.1105,-0.002402871231445,-0.0028133954749339,0.0004105242434889,0.250455573045959,0.1417125125726064,0.1087430604733526,0.9431077837944032,0.9043620228767396,8348,8025,0,0.0907699970735444,0.685564337670803,1,8,16373,8348,8025,0.0888937738038665,cuda,68.490234375,,,,,,,,,,,,
242,283,200,True,1061,1061,1021,739,282,38,244,0.2761998041136141,0.0372184133202742,0.2389813907933398,0.4479025710419486,1.9905277401894448,0.7695319591057317,13.747904925933549,27.99653038346235,0.5026797439750964,0.5107082843135271,0.1784759216887702,0.020168224860018,0.1935395593773851,0.5052092615943478,0.2160894339727754,0.0448318472647527,0.1474151575259854,0.0054990227191793,-0.0376135122840051,-0.0246636224047347,0.0461244018513996,11.493633692458374,11.493633692458374,8.917727717923604,0.5200783545543585,0.1120362561248734,0.0622676081796114,-0.0994759667870953,-0.0456135150866931,1021,40,0,40,1.0,1.8576814326107445,1.8576814326107445,1.930460333006856,125.3922836914314,74.40824191006216,-5.296611311535471,79.70485322159763,0.9376879993700477,199.80052560149355,0.0626961418457156,0.037204120955031,0.0999002628007467,0.8191489361702128,231,170,61,51,0,167,152.58333333333337,112.006746031746,6,45,6.0,5.212371275408371,59,0,244,38,0,38,244,0,4609.82054533089,460.982054533089,9777.699969294938,977.7699969294938,425.361261603883,42.5361261603883,5808.227345070781,580.822734507078,5105.0,510.5,0,0,0.0762916666666666,-0.0033,0.0762916666666666,-0.0033,0.0,0.0,0.0762916666666666,0.003,0.0711316492251149,0.164340287388421,-0.1189399717389726,0.0039746194640853,0.0005440425619116,-0.0135083756658046,-0.0008951142313643,-0.00057,-0.0002126142313643,-0.0001125,0.0,0.0,0.0,0.0,0.0,0.0005440425619116,0.0083140425619114,0.0762916666666666,0.0005440425619116,0.0,0.0,0.0626961418457166,0.037204120955031,-0.0105932226230709,0.0531365688143984,-0.0026483056557677,0.0398524266107988,0.0039746194640853,0.0039746194640853,0.4723283197407297,0.1454467430153011,0.0354296224904564,0.0,0.0,0.0200402072984431,0.0,0.0,0.0077699999999998,0.0560033730158729,-0.0028668042014746,0.019,0.122,-0.002402871231445,-0.0028133954749339,0.0004105242434889,0.250455573045959,0.1417125125726064,0.1087430604733526,0.9431077837944032,0.9043620228767396,8348,8025,0,0.0907699970735444,0.685564337670803,1,8,16373,8348,8025,0.0888937738038665,cuda,68.490234375,,,,,,,,,,,,
243,284,200,True,1113,1113,1074,837,237,62,175,0.2206703910614525,0.0577281191806331,0.1629422718808193,0.4647550776583035,1.922341696535245,0.783558381073791,13.47207413152697,25.58743726376671,0.4393589097661274,0.500931908170667,0.2269023549715179,0.0221281697046737,0.2080062657901783,0.4931751570821235,0.2526138667606948,0.0604508238390595,0.1487802386310579,0.0077567510885434,-0.0257115117891768,-0.0383226541343858,0.0592260271591204,12.346368715083798,12.346368715083798,9.62290502793296,0.5223463687150838,0.1467678983453123,0.115866433930529,-0.1379623644958514,-0.0680979354561202,1074,39,0,39,1.0,1.7654986522911051,1.7654986522911051,1.829608938547486,107.04568814670472,60.51902858990327,-5.922962752088089,66.44199134199133,0.9181515026681586,167.56471673660798,0.0535228440733523,0.0302595142949516,0.0837823583683039,0.8333333333333334,235,156,79,47,0,152,129.0595238095238,90.78932178932176,2,45,2.0,2.0,78,0,175,62,0,62,175,0,4410.30405569615,441.03040556961497,9392.81963017012,939.281963017012,413.1395392557124,41.313953925571234,5554.292629953499,555.42926299535,5370.0,537.0,0,0,0.0645297619047619,-0.0011,0.0645297619047619,-0.0011,0.0,0.0,0.0645297619047619,0.001,0.0651395109894852,0.1870400906237457,-0.1547837382449687,0.0029736034802592,0.0005051727477138,-0.0133724875338713,-0.0014198252101901,-0.00093,-0.0003198252101901,-0.00017,0.0,0.0,0.0,0.0,0.0,0.0005051727477138,0.0094951727477137,0.0645297619047619,0.0005051727477138,0.0,0.0,0.0535228440733534,0.0302595142949516,-0.0118459255041761,0.0442946608946608,-0.002961481376044,0.0332209956709956,0.0029736034802592,0.0029736034802592,0.4905607817718679,0.1849384091790028,0.0518205281782263,0.0,0.0,0.0112347037321541,0.0,0.0,0.0089899999999998,0.0453946608946608,-0.0011,0.031,0.0875,-0.002402871231445,-0.0028133954749339,0.0004105242434889,0.250455573045959,0.1417125125726064,0.1087430604733526,0.9431077837944032,0.9043620228767396,8348,8025,0,0.0907699970735444,0.685564337670803,1,8,16373,8348,8025,0.0888937738038665,cuda,68.490234375,,,,,,,,,,,,
244,285,200,True,1125,1125,1076,856,220,85,135,0.2044609665427509,0.078996282527881,0.1254646840148698,0.5397196261682243,1.7792056074766356,0.7595096723672664,14.03871287363712,23.59278939838443,0.4603476623381276,0.4421579287535397,0.2483687297023275,0.0613154844961903,0.1657754363128741,0.4421537748981859,0.2695394961193865,0.1015436012536139,0.1305756613037714,4.1538553538500445e-06,-0.0211707664170589,-0.0402281167574235,0.0351997750091027,9.839219330855018,9.839219330855018,7.271375464684015,0.4265799256505576,0.1563907516798163,0.1822141863929726,-0.1507508543864368,-0.0621868803893414,1076,49,0,49,1.0,1.743111111111111,1.743111111111111,1.822490706319703,87.10123913803979,43.28787423817868,-7.067491229686782,50.35536546786546,0.8769219847958549,130.38911337621846,0.0435506195690198,0.0216439371190893,0.0651945566881092,0.851985559566787,236,143,93,41,0,138,104.02976190476188,71.54048729048728,4,37,4.0,4.0,91,0,135,85,0,85,135,0,4353.289236083379,435.328923608338,9442.789372848216,944.2789372848216,438.2018227845124,43.82018227845124,5479.855223048014,547.9855223048014,5380.0,538.0,0,0,0.0520148809523809,-0.0022,0.0520148809523809,-0.0022,0.0,0.0,0.0520148809523809,0.002,0.0594083838554558,0.1725369238224733,-0.1421611265710019,0.001904852783495,0.0002835740355754,-0.0143293672402518,-0.0018494450202427,-0.0012749999999999,-0.0003244450202427,-0.00025,0.0,0.0,0.0,0.0,0.0,0.0002835740355754,0.0096935740355753,0.0520148809523809,0.0002835740355754,0.0,0.0,0.0435506195690209,0.0216439371190893,-0.0141349824593735,0.0335702436452436,-0.0035337456148433,0.0251776827339327,0.001904852783495,0.001904852783495,0.4654373321671247,0.1957967355564377,0.0991184049164204,0.0,0.0,0.0065570475980739,0.0,0.0,0.0094099999999998,0.0357702436452436,-0.0022,0.0425,0.0675,-0.002402871231445,-0.0028133954749339,0.0004105242434889,0.250455573045959,0.1417125125726064,0.1087430604733526,0.9431077837944032,0.9043620228767396,8348,8025,0,0.0907699970735444,0.685564337670803,1,8,16373,8348,8025,0.0888937738038665,cuda,68.490234375,,,,,,,,,,,,
245,286,200,True,1110,1110,1073,809,264,81,183,0.2460391425908667,0.0754892823858341,0.1705498602050326,0.4215080346106304,2.03955500618047,0.7314138700920808,14.660662227861666,23.965364628963,0.4892438912121056,0.4722829333084033,0.2273557664980773,0.044776282339427,0.1758944166062125,0.4702756909747943,0.2471582280260099,0.0941707997056753,0.1349480128622578,0.0020072423336089,-0.0198024615279326,-0.0493945173662482,0.0409464037439547,10.589002795899347,10.589002795899347,7.899347623485554,0.4687791239515377,0.1377376915465123,0.132111216941991,-0.1362111452463185,-0.0011855382182645,1073,37,0,37,1.0,1.7783783783783784,1.7783783783783784,1.8397017707362533,92.34979047533508,52.59417199599724,-6.555706250756037,59.14987824675322,0.9002260416539701,144.94396247133233,0.0461748952376675,0.0262970859979986,0.0724719812356661,0.8421052631578947,240,151,89,45,0,148,110.65634920634918,81.06650432900432,2,43,2.0,2.0,89,0,183,81,0,81,183,0,4411.914304173822,441.19143041738215,9527.656949081878,952.7656949081878,434.0045787595735,43.40045787595735,5554.661531925887,555.4661531925888,5365.0,536.5,0,0,0.0553281746031745,-0.0011,0.0553281746031745,-0.0011,0.0,0.0,0.0553281746031745,0.001,0.0635665212671515,0.176180313081791,-0.1433290087246656,0.0027345436030349,0.0006617777756392,-0.0143926657448631,-0.001847192285974,-0.0012149999999999,-0.000377192285974,-0.000255,0.0,0.0,0.0,0.0,0.0,0.0006617777756392,0.009561777775639,0.0553281746031745,0.0006617777756392,0.0,0.0,0.0461748952376686,0.0262970859979986,-0.013111412501512,0.0394332521645021,-0.003277853125378,0.0295749391233766,0.0027345436030349,0.0027345436030349,0.4724866316669339,0.1807136220418712,0.0867955426375318,0.0,0.0,0.0112578156803759,0.0,0.0,0.0088999999999998,0.0405332521645021,-0.0011,0.0405,0.0915,-0.002402871231445,-0.0028133954749339,0.0004105242434889,0.250455573045959,0.1417125125726064,0.1087430604733526,0.9431077837944032,0.9043620228767396,8348,8025,0,0.0907699970735444,0.685564337670803,1,8,16373,8348,8025,0.0888937738038665,cuda,68.490234375,,,,,,,,,,,,
246,287,200,True,952,952,911,622,289,20,269,0.3172338090010977,0.0219538968166849,0.2952799121844127,0.4983922829581994,1.8842443729903533,0.7674466338236232,14.1613561102815,26.345742512554217,0.4817999153046532,0.491022946127358,0.1526596433366274,0.0217027361864086,0.2024821716052303,0.4826040008012505,0.1830219480918774,0.0441259676343506,0.1512928178228461,0.0084189453261074,-0.0303623047552499,-0.022423231447942,0.0511893537823841,9.525795828759604,9.525795828759604,7.184412733260154,0.4390779363336992,0.1319439625264032,0.0932829310092761,-0.0811594456993489,-0.0371602786320624,911,41,0,41,1.0,2.0756302521008405,2.0756302521008405,2.1690450054884742,133.22460343704873,84.31670833056917,-4.000553574192715,88.3172619047619,0.9566654220159194,217.5413117676179,0.0666123017185243,0.0421583541652845,0.1087706558838089,0.8063380281690141,229,179,50,55,0,176,162.89999999999998,123.25634920634916,5,50,5.0,5.0,50,0,269,20,0,20,269,0,5148.601245427979,514.8601245427978,10822.875765966017,1082.2875765966014,371.5719201332961,37.157192013329606,6483.755919709633,648.3755919709633,4555.0,455.5,0,0,0.08145,-0.00275,0.08145,-0.00275,0.0,0.0,0.08145,0.0025,0.075578275626948,0.1228042088836892,-0.0741168067530533,0.0035616787477698,0.0008415085926218,-0.0108974380984627,-0.0004768389675678,-0.0003,-0.0001243389675678,-5.250000000000004e-05,0.0,0.0,0.0,0.0,0.0,0.0008415085926218,0.0072615085926217,0.08145,0.0008415085926218,0.0,0.0,0.0666123017185247,0.0421583541652846,-0.0080011071483854,0.0588781746031745,-0.0020002767870963,0.0441586309523809,0.0035616787477698,0.0035616787477698,0.4661645886302041,0.1215994128693786,0.0466708331595307,0.0,0.0,0.0194043132833132,0.0,0.0,0.0064199999999999,0.0616281746031745,-0.00275,0.01,0.1345,-0.002402871231445,-0.0028133954749339,0.0004105242434889,0.250455573045959,0.1417125125726064,0.1087430604733526,0.9431077837944032,0.9043620228767396,8348,8025,0,0.0907699970735444,0.685564337670803,1,8,16373,8348,8025,0.0888937738038665,cuda,68.490234375,,,,,,,,,,,,
247,288,200,True,986,986,953,729,224,41,183,0.2350472193074501,0.04302203567681,0.19202518363064,0.438957475994513,2.0603566529492454,0.7592500263035543,14.001266505656092,30.46777645493404,0.5158414866837394,0.5428564562596412,0.2148174100206712,0.0109105946583001,0.1993585984147216,0.5342712338364828,0.2516094203936179,0.0297901923723508,0.1547321904915677,0.0085852224231584,-0.0367920103729466,-0.0188795977140507,0.0446264079231538,15.248688352570827,15.248688352570827,12.547743966421828,0.5383001049317944,0.1800711993771862,0.0390756693390842,-0.1745122986200994,0.009730459594916,953,33,0,33,1.0,1.9279918864097365,1.9279918864097365,1.994753410283316,127.93984218112963,69.39911102696823,-6.308681180824018,75.70779220779218,0.9230803164270208,197.33895320809785,0.0639699210905648,0.0346995555134841,0.0986694766040489,0.7651245551601423,215,171,44,66,0,169,157.80952380952382,109.74372294372294,8,58,8.0,8.0,42,0,183,41,1,41,183,0,4634.697856769949,463.4697856769949,9633.159758528374,963.3159758528376,427.76889900373993,42.776889900374,5838.131215279972,583.8131215279972,4765.0,476.5,0,1,0.0789047619047619,-0.0044,0.0789047619047619,-0.0044,0.0,0.0,0.0789047619047619,0.004,0.0723212491857907,0.1727522851734969,-0.1371401040658758,0.0022031142100899,0.0005305578337763,-0.013674488870574,-0.0009637933657402,-0.000615,-0.0002287933657402,-0.00012,0.0,0.0,0.0,-0.001,-0.001,0.0005305578337763,0.0082305578337762,0.0779047619047619,0.0005305578337763,0.0,0.0,0.0639699210905656,0.0346995555134841,-0.012617362361648,0.0504718614718614,-0.003154340590412,0.037853896103896,0.0022031142100899,0.0022031142100899,0.473089048667765,0.156765662185972,0.0380651307302148,0.0,0.0,0.012655054838491,0.0,0.0,0.0076999999999998,0.0548718614718614,-0.0044,0.0205,0.0915,-0.002402871231445,-0.0028133954749339,0.0004105242434889,0.250455573045959,0.1417125125726064,0.1087430604733526,0.9431077837944032,0.9043620228767396,8348,8025,0,0.0907699970735444,0.685564337670803,1,8,16373,8348,8025,0.0888937738038665,cuda,68.490234375,,,,,,,,,,,,
248,289,200,True,1035,1035,997,679,318,53,265,0.3189568706118355,0.0531594784353059,0.2657973921765296,0.4447717231222385,1.958762886597938,0.7509974897873419,14.20268461174045,27.20828548345896,0.4850832484080456,0.4953702889020734,0.1982454664961315,0.0207390619616061,0.1965506800007355,0.4887144480213325,0.2319538906211135,0.0442742228374949,0.1492969812537284,0.0066558408807409,-0.0337084241249819,-0.0235351608758888,0.047253698747007,10.18555667001003,10.18555667001003,7.769307923771314,0.4463390170511535,0.1522058673157711,0.0783239640112337,-0.1513791986752884,0.0396961184080693,997,38,0,38,1.0,1.9178743961352656,1.9178743961352656,1.9909729187562688,115.64829049004264,71.28554830198316,-5.385536862851985,76.67108516483518,0.934368040875058,186.93383879202577,0.0578241452450213,0.0356427741509915,0.0934669193960128,0.8181818181818182,225,168,57,50,0,166,140.5952380952381,107.72811355311352,5,45,5.0,5.0,57,0,265,53,0,53,265,0,4768.209934506884,476.8209934506884,10016.670949288136,1001.6670949288136,385.02705660459634,38.50270566045963,6006.861998618974,600.6861998618974,4985.0,498.5,0,0,0.070297619047619,-0.00275,0.070297619047619,-0.00275,0.0,0.0,0.070297619047619,0.0025,0.0711557271038613,0.1463827047924976,-0.1105241879187394,0.0024077366780984,0.0006102500346303,-0.011977146388957,-0.0012497835423164,-0.000795,-0.0002972835423164,-0.0001575,0.0,0.0,0.0,0.0,0.0,0.0006102500346303,0.0079302500346302,0.070297619047619,0.0006102500346303,0.0,0.0,0.0578241452450222,0.0356427741509916,-0.0107710737257039,0.0511140567765567,-0.0026927684314259,0.0383355425824175,0.0024077366780984,0.0024077366780984,0.4517019853236644,0.1414244194203026,0.0536037211728161,0.0,0.0,0.0132248335393183,0.0,0.0,0.0073199999999998,0.0538640567765567,-0.00275,0.0265,0.1325,-0.002402871231445,-0.0028133954749339,0.0004105242434889,0.250455573045959,0.1417125125726064,0.1087430604733526,0.9431077837944032,0.9043620228767396,8348,8025,0,0.0907699970735444,0.685564337670803,1,8,16373,8348,8025,0.0888937738038665,cuda,68.490234375,,,,,,,,,,,,
249,290,200,True,993,993,953,644,309,55,254,0.3242392444910808,0.0577124868835257,0.266526757607555,0.4891304347826087,1.8990683229813663,0.7720423914168192,13.60714268388215,29.78966940633999,0.5027314288855445,0.4856361804402763,0.1557462366691194,0.0376156156200059,0.1827713425867028,0.4821792503830439,0.1841121866737972,0.0758030484922184,0.1434375976200753,0.0034569300572324,-0.0283659500046777,-0.0381874328722124,0.0393337449666274,9.939139559286463,9.939139559286463,7.603357817418677,0.4291710388247639,0.1383365329810686,0.1012401962410966,-0.0099042149035739,-0.0503251787057976,953,40,0,40,1.0,2.014098690835851,2.014098690835851,2.0986358866736623,132.6741549257932,79.22524175112106,-5.247953803324512,84.47319555444554,0.941508174595514,211.89939667691425,0.0663370774628966,0.0396126208755605,0.1059496983384571,0.7256317689530686,201,173,28,76,0,173,161.83809523809524,120.33092740592735,7,69,7.0,7.0,28,0,254,55,0,55,254,0,4943.822406055869,494.3822406055869,10331.391402117077,1033.1391402117076,398.0176658569415,39.80176658569415,6227.320374532148,622.7320374532148,4765.0,476.5,0,0,0.0809190476190476,-0.0038499999999999,0.0809190476190476,-0.0038499999999999,0.0,0.0,0.0809190476190476,0.0035,0.0744697295419233,0.1350179144727397,-0.0916675901965379,0.0026100345970778,0.0010191968382921,-0.0117730560268223,-0.0012042167754571,-0.000825,-0.0002017167754571,-0.0001775,0.0,0.0,0.0,0.0,0.0,0.0010191968382921,0.008009196838292,0.0809190476190476,0.0010191968382921,0.0,0.0,0.0663370774628968,0.0396126208755605,-0.010495907606649,0.0563154637029636,-0.0026239769016622,0.0422365977772227,0.0026100345970778,0.0026100345970778,0.4674378615698465,0.1468215209099034,0.087760378706553,0.0,0.0,0.016264009263259,0.0,0.0,0.0069899999999998,0.0601654637029636,-0.0038499999999999,0.0275,0.127,-0.0050884481907511,-0.0040534246868143,-0.0010350235039368,0.2481524695849253,0.1432588560713662,0.1048936135135591,0.9405074119567872,0.8934146165847778,8253,7914,0,0.0803838045232825,0.6314819343388081,2,8,16167,8253,7914,0.0881018064241656,cuda,76.8427734375,,,,,,,,,,,,
250,291,200,True,1065,1065,1021,695,326,51,275,0.3192948090107737,0.0499510284035259,0.2693437806072478,0.4431654676258992,1.99568345323741,0.7614447274225221,13.927287963482971,27.33277854730757,0.5140486074144208,0.5105889006698732,0.1986379539044641,0.0500208217101238,0.1768964682444394,0.5039419682334653,0.2243789367913771,0.096236361782971,0.138132230859759,0.0066469324364079,-0.025740982886913,-0.0462155400728471,0.0387642373846803,12.342801175318316,12.342801175318316,9.872673849167484,0.4769833496571988,0.2107026190585507,0.0560877970645653,-0.1772904312642969,-0.051431681418075,1021,44,0,44,1.0,1.83849765258216,1.83849765258216,1.9177277179236043,107.75799616001623,64.3320918125403,-5.852088590390094,70.18418040293038,0.9230355635821088,172.09008797255655,0.0538789980800081,0.0321660459062701,0.0860450439862782,0.8908450704225352,253,166,87,31,0,161,130.7690476190476,94.6789072039072,1,30,1.0,1.0,85,0,275,51,0,51,275,0,4699.688432251259,469.96884322512585,9883.802933183748,988.3802933183748,408.7933882189782,40.87933882189782,5920.455917326075,592.0455917326075,5105.0,510.5,0,0,0.0653845238095238,-0.00055,0.0653845238095238,-0.00055,0.0,0.0,0.0653845238095238,0.0005,0.0688297452868929,0.1603041845739598,-0.1330026884419166,0.0029526098795994,0.0003968951619452,-0.0129914102821071,-0.001226514525752,-0.000765,-0.000284014525752,-0.0001775,0.0,0.0,0.0,0.0,0.0,0.0003968951619452,0.007856895161945,0.0653845238095238,0.0003968951619452,0.0,0.0,0.0538789980800089,0.0321660459062701,-0.0117041771807801,0.0467894536019536,-0.002926044295195,0.0350920902014651,0.0029526098795994,0.0029526098795994,0.4696652971152198,0.1539635175932547,0.0717080714516788,0.0,0.0,0.0125570253794659,0.0,0.0,0.0074599999999998,0.0473394536019536,-0.00055,0.0255,0.1375,-0.0050884481907511,-0.0040534246868143,-0.0010350235039368,0.2481524695849253,0.1432588560713662,0.1048936135135591,0.9405074119567872,0.8934146165847778,8253,7914,0,0.0803838045232825,0.6314819343388081,2,8,16167,8253,7914,0.0881018064241656,cuda,76.8427734375,,,,,,,,,,,,
251,292,200,True,1116,1116,1071,751,320,49,271,0.2987861811391223,0.0457516339869281,0.2530345471521942,0.4953395472703062,1.896138482023968,0.7364927334252115,14.610559487628556,25.04729608784661,0.4775219923452455,0.4763785734197271,0.1437538489302528,0.0415012538315264,0.1913592451774129,0.4779975525389975,0.1652010872454125,0.0912796662197747,0.1417297749034812,-0.0016189791192703,-0.0214472383151597,-0.0497784123882482,0.0496294702739317,10.433239962651728,10.433239962651728,8.027077497665733,0.4621848739495798,0.1914053438444953,0.1447027923563503,-0.0616384242347851,0.021899097922797,1071,45,0,45,1.0,1.7625448028673836,1.7625448028673836,1.8366013071895424,99.258878287499,59.73065042143049,-5.993708552928479,65.72435897435894,0.916426797882584,158.98952870892947,0.0496294391437494,0.0298653252107152,0.0794947643544647,0.8576512455516014,241,158,83,40,0,154,119.95238095238092,93.13247863247864,5,35,5.0,5.0,81,0,271,49,0,49,271,0,4430.981436242734,443.0981436242734,9317.831010032984,931.7831010032984,400.0113509286573,40.00113509286573,5579.3940520801125,557.9394052080113,5355.0,535.5,0,0,0.0599761904761904,-0.00275,0.0599761904761904,-0.00275,0.0,0.0,0.0599761904761904,0.0025,0.0657878590271076,0.1574568428804324,-0.1120001819737363,0.0024083232797765,0.0002424338139855,-0.013040691491553,-0.0010846151256794,-0.000735,-0.0002071151256794,-0.0001425,0.0,0.0,0.0,0.0,0.0,0.0002424338139855,0.0082424338139854,0.0599761904761904,0.0002424338139855,0.0,0.0,0.0496294391437504,0.0298653252107152,-0.0119874171058569,0.0438162393162393,-0.0029968542764642,0.0328621794871794,0.0024083232797765,0.0024083232797765,0.4521523903157273,0.1168285200327668,0.0699524345278137,0.0,0.0,0.0105881619595652,0.0,0.0,0.0079999999999998,0.0465662393162393,-0.00275,0.0245,0.1355,-0.0050884481907511,-0.0040534246868143,-0.0010350235039368,0.2481524695849253,0.1432588560713662,0.1048936135135591,0.9405074119567872,0.8934146165847778,8253,7914,0,0.0803838045232825,0.6314819343388081,2,8,16167,8253,7914,0.0881018064241656,cuda,76.8427734375,,,,,,,,,,,,
252,293,200,True,1129,1129,1076,787,289,69,220,0.2685873605947955,0.0641263940520446,0.2044609665427509,0.4536213468869123,1.9618805590851327,0.7830557906870012,13.529931681583312,31.08003054125639,0.4724985956622413,0.5096816372651763,0.2261125520913089,0.0488656802970343,0.1969580038378472,0.5059349773951074,0.2559335279187336,0.0873667215750927,0.1426802506194635,0.0037466598700689,-0.0298209758274247,-0.0385010412780584,0.0542777532183836,12.366171003717472,12.366171003717472,9.800185873605948,0.4907063197026022,0.1338388251819269,0.0635475600811742,-0.1328511614273826,-0.0747565233189826,1076,53,0,53,1.0,1.7599645704162976,1.7599645704162976,1.846654275092937,99.79356772050276,51.85536451204213,-6.420014275836657,58.27537878787878,0.9007655109303704,151.6489322325449,0.0498967838602513,0.025927682256021,0.0758244661162724,0.852112676056338,242,155,87,42,0,153,120.27619047619044,82.10050505050502,5,37,5.0,4.0,84,0,220,69,0,69,220,0,4277.404734680647,427.7404734680648,9235.160993489077,923.5160993489076,415.327978278717,41.5327978278717,5386.87531917099,538.687531917099,5380.0,538.0,0,0,0.0601380952380952,-0.00275,0.0601380952380952,-0.00275,0.0,0.0,0.0601380952380952,0.0025,0.0656488939261668,0.1775548142589965,-0.1632155539615607,0.0024598066157054,0.0003715383488758,-0.0135220507247505,-0.0015657172029411,-0.001035,-0.0003207172029411,-0.00021,0.0,0.0,0.0,0.0,0.0,0.0003715383488758,0.0089315383488757,0.0601380952380952,0.0003715383488758,0.0,0.0,0.0498967838602523,0.025927682256021,-0.0128400285516733,0.0388502525252525,-0.0032100071379183,0.0291376893939393,0.0024598066157054,0.0024598066157054,0.4683427308901063,0.1783260984413285,0.0736834805189284,0.0,0.0,0.0066622622734892,0.0,0.0,0.0085599999999998,0.0410502525252525,-0.0022,0.0345,0.11,-0.0050884481907511,-0.0040534246868143,-0.0010350235039368,0.2481524695849253,0.1432588560713662,0.1048936135135591,0.9405074119567872,0.8934146165847778,8253,7914,0,0.0803838045232825,0.6314819343388081,2,8,16167,8253,7914,0.0881018064241656,cuda,76.8427734375,,,,,,,,,,,,
253,294,200,True,1131,1131,1089,698,391,66,325,0.3590449954086318,0.0606060606060606,0.2984389348025711,0.4541547277936962,2.005730659025788,0.7332206722402299,14.779923357048144,29.585467759210264,0.4904387059055614,0.5032825279543256,0.1820509833414481,0.0519732802360449,0.1895765063531675,0.504366961646729,0.2092119876514148,0.093449832981467,0.1468240409171513,-0.0010844336924034,-0.0271610043099667,-0.041476552745422,0.0427524654360162,10.627180899908172,10.627180899908172,8.2910927456382,0.4471992653810835,0.2372702107268044,0.0635143362026608,-0.1355927344077739,-0.0395561540398527,1089,42,0,42,1.0,1.7524314765694076,1.7524314765694076,1.820018365472911,95.20526196052352,54.484311364148766,-6.563605302517897,61.04791666666665,0.9029217933370972,149.6895733246723,0.0476026309802617,0.0272421556820743,0.0748447866623361,0.8661971830985915,246,154,92,38,0,152,114.99999999999996,82.49722222222222,1,37,1.0,1.0,92,0,325,66,0,66,325,0,4296.758156854085,429.67581568540857,9150.492677281274,915.0492677281276,389.0276454497248,38.90276454497248,5411.736701360399,541.1736701360398,5445.0,544.5,0,0,0.0574999999999999,-0.00055,0.0574999999999999,-0.00055,0.0,0.0,0.0574999999999999,0.0005,0.0650649789182274,0.1601323803307381,-0.126032606644594,0.0010296719081879,0.000373154901309,-0.0124482260594207,-0.0015965061121849,-0.00099,-0.0003065061121849,-0.0003,0.0,0.0,0.0,0.0,0.0,0.000373154901309,0.0080131549013089,0.0574999999999999,0.000373154901309,0.0,0.0,0.0476026309802626,0.0272421556820743,-0.0131272106050357,0.0406986111111111,-0.0032818026512589,0.0305239583333333,0.0010296719081879,0.0010296719081879,0.4517361374215926,0.1396374928713089,0.0744449252875451,0.0,0.0,0.0055092913937006,0.0,0.0,0.0076399999999998,0.0412486111111111,-0.00055,0.033,0.1625,-0.0050884481907511,-0.0040534246868143,-0.0010350235039368,0.2481524695849253,0.1432588560713662,0.1048936135135591,0.9405074119567872,0.8934146165847778,8253,7914,0,0.0803838045232825,0.6314819343388081,2,8,16167,8253,7914,0.0881018064241656,cuda,76.8427734375,,,,,,,,,,,,
254,295,200,True,974,974,933,678,255,43,212,0.2733118971061093,0.0460878885316184,0.2272240085744908,0.4365781710914454,1.980825958702065,0.7630293974130906,13.914130229162256,25.13328638297003,0.457093091321107,0.4780907264545252,0.1851183915164618,0.0233672601761499,0.1927375921932843,0.4697528000822109,0.2278234756930805,0.0407196178741802,0.1462558476724126,0.0083379263723142,-0.0427050841766186,-0.0173523576980302,0.0464817445208717,9.770632368703108,9.770632368703108,7.206859592711683,0.465166130760986,0.1917523392901692,0.1620523393018538,-0.1656921294356972,-0.0546570644905032,933,41,0,41,1.0,2.026694045174538,2.026694045174538,2.1157556270096465,127.838405379541,79.78973374472656,-4.611808463065684,84.4015422077922,0.9481896993169188,207.6281391242676,0.0639192026897705,0.0398948668723632,0.1038140695621337,0.8621908127208481,244,174,70,39,0,171,155.75,119.1353896103896,6,33,6.0,6.0,69,0,212,43,0,43,212,0,5062.669293300458,506.2669293300458,10695.24637261618,1069.524637261618,376.4329520719888,37.64329520719888,6373.9834812135605,637.3983481213561,4665.0,466.5,0,0,0.077875,-0.0033,0.077875,-0.0033,0.0,0.0,0.077875,0.003,0.0735257791980419,0.1400586691407208,-0.0943588974433656,0.0028514552361688,0.0008860134488524,-0.0112694223967503,-0.0010321370163377,-0.000645,-0.0002671370163377,-0.00012,0.0,0.0,0.0,0.0,0.0,0.0008860134488524,0.0080960134488523,0.077875,0.0008860134488524,0.0,0.0,0.0639192026897714,0.0398948668723632,-0.0092236169261313,0.0562676948051948,-0.0023059042315328,0.0422007711038961,0.0028514552361688,0.0028514552361688,0.4572744722797695,0.1301090132441525,0.0444642710358818,0.0,0.0,0.0229739015997926,0.0,0.0,0.0072099999999998,0.0595676948051948,-0.0033,0.0215,0.106,-0.0050884481907511,-0.0040534246868143,-0.0010350235039368,0.2481524695849253,0.1432588560713662,0.1048936135135591,0.9405074119567872,0.8934146165847778,8253,7914,0,0.0803838045232825,0.6314819343388081,2,8,16167,8253,7914,0.0881018064241656,cuda,76.8427734375,,,,,,,,,,,,
255,296,200,True,789,789,756,576,180,34,146,0.238095238095238,0.0449735449735449,0.1931216931216931,0.5017361111111112,1.875,0.7717216961706678,13.816586294107967,27.069694373963607,0.4531667108805474,0.4758692533295188,0.1399118188225353,0.0255725082533899,0.1969578238430484,0.4694319022043298,0.1693060768351036,0.0482510280041121,0.1538678176746341,0.006437351125189,-0.0293942580125682,-0.0226785197507221,0.0430900061684143,10.636243386243386,10.636243386243386,8.158730158730158,0.4470899470899471,0.1237046361864709,0.0250134698487244,-0.045770018905834,-0.0388383419055234,756,33,0,33,1.0,2.126742712294043,2.126742712294043,2.2156084656084656,120.1607873185118,75.76104893670838,-3.3541296347201923,79.11517857142857,0.9593287526271488,195.92183625522017,0.0600803936592559,0.0378805244683541,0.09796091812761,0.7580071174377224,213,167,46,68,0,163,150.72619047619045,114.28690476190476,8,60,8.0,8.0,46,0,146,34,2,34,146,0,4596.320269859531,459.63202698595313,9134.194413549689,913.4194413549689,331.92717837955024,33.19271783795502,5792.355942916191,579.2355942916191,3780.0,378.0,0,2,0.0753630952380952,-0.0044,0.0753630952380952,-0.0044,0.0,0.0,0.0753630952380952,0.004,0.0691767387860259,0.1163531167641766,-0.0634923828095532,0.0037736263870133,0.0008495873438984,-0.0094917827400104,-0.0007842239430083,-0.00051,-0.0001692239430083,-0.000105,0.0,0.0,0.0,-0.002,-0.002,0.0008495873438984,0.0069495873438983,0.0733630952380952,0.0008495873438984,0.0,0.0,0.0600803936592566,0.0378805244683542,-0.0067082592694403,0.0527434523809523,-0.00167706481736,0.0395575892857142,0.0037736263870133,0.0037736263870133,0.4216949337423904,0.1111057226791083,0.0377824214949449,0.0,0.0,0.0234061797665238,0.0,0.0,0.0060999999999999,0.0571434523809523,-0.0044,0.017,0.073,-0.0050884481907511,-0.0040534246868143,-0.0010350235039368,0.2481524695849253,0.1432588560713662,0.1048936135135591,0.9405074119567872,0.8934146165847778,8253,7914,0,0.0803838045232825,0.6314819343388081,2,8,16167,8253,7914,0.0881018064241656,cuda,76.8427734375,,,,,,,,,,,,
256,297,200,True,1056,1056,1015,700,315,68,247,0.3103448275862069,0.0669950738916256,0.2433497536945812,0.4357142857142857,1.9514285714285715,0.73956730099661,14.814937677383424,27.85770415697779,0.5190682078722498,0.4689779954510075,0.1852962178470833,0.0384579943779057,0.1664506801483886,0.4645302108781678,0.2096717018767127,0.0769346153341965,0.130902987995318,0.0044477845728397,-0.0243754840296293,-0.0384766209562907,0.0355476921530706,8.89064039408867,8.89064039408867,6.442364532019704,0.4640394088669951,0.1404441666864468,0.1966170267955511,-0.0592038273978184,-0.1011767140546143,1015,41,0,41,1.0,1.8797348484848484,1.8797348484848484,1.9556650246305416,103.52708291270967,58.23432557883475,-6.133974898835981,64.36830047767073,0.9129960718845112,161.76140849154444,0.0517635414563548,0.0291171627894173,0.0808807042457722,0.8848920863309353,246,158,88,32,0,156,125.3690476190476,91.81357531357529,6,26,6.0,5.444704251528167,87,0,247,68,0,68,247,0,4767.495559715524,476.7495559715524,10088.487285690626,1008.8487285690626,410.851242561036,41.0851242561036,6003.172270451146,600.3172270451146,5075.0,507.5,0,0,0.0626845238095238,-0.0033,0.0626845238095238,-0.0033,0.0,0.0,0.0626845238095238,0.003,0.0673599760250601,0.1451643457263184,-0.1018141925623585,0.0024495649612401,0.0003996120436789,-0.0132126453199061,-0.0015059418282132,-0.00102,-0.0002909418282132,-0.000195,0.0,0.0,0.0,0.0,0.0,0.0003996120436789,0.0080796120436788,0.0626845238095238,0.0003996120436789,0.0,0.0,0.0517635414563556,0.0291171627894173,-0.0122679497976719,0.0429122003184471,-0.0030669874494179,0.0321841502388353,0.0024495649612401,0.0024495649612401,0.4588784925242911,0.1536580651942872,0.0633366405753027,0.0,0.0,0.0109309530530567,0.0,0.0,0.0076799999999998,0.0459067876567876,-0.0029945873383404,0.034,0.1235,-0.0050884481907511,-0.0040534246868143,-0.0010350235039368,0.2481524695849253,0.1432588560713662,0.1048936135135591,0.9405074119567872,0.8934146165847778,8253,7914,0,0.0803838045232825,0.6314819343388081,2,8,16167,8253,7914,0.0881018064241656,cuda,76.8427734375,,,,,,,,,,,,
257,298,200,True,1046,1046,995,723,272,68,204,0.2733668341708543,0.0683417085427135,0.2050251256281407,0.4661134163208852,1.9986168741355463,0.7684507855983196,13.590196168933833,26.55991899141756,0.5392230721659131,0.5063697447585532,0.2203077766400237,0.0462633238469004,0.1635212969565622,0.4987913671659401,0.2389436868968758,0.0873777985091052,0.1335548435828621,0.0075783775926131,-0.018635910256852,-0.0411144746622047,0.0299664533737,11.54070351758794,11.54070351758794,8.997989949748744,0.4914572864321608,0.1516274239424058,0.1339788648199801,-0.1329217811804536,-0.0929979653096245,995,51,0,51,1.0,1.904397705544933,1.904397705544933,2.0020100502512563,112.15210651306938,68.47968442950742,-6.699219999397027,75.17890442890443,0.9181805879632312,180.6317909425768,0.0560760532565346,0.0342398422147537,0.0903158954712884,0.8362369337979094,240,162,78,47,0,161,135.84285714285713,106.8385392385392,8,39,8.0,6.0,78,0,204,68,0,68,204,0,4686.366549357348,468.6366549357348,10091.051062252049,1009.1051062252048,441.94406557925504,44.194406557925504,5902.153874674117,590.2153874674117,4975.0,497.5,0,0,0.0679214285714285,-0.0043999999999999,0.0679214285714285,-0.0043999999999999,0.0,0.0,0.0679214285714285,0.004,0.0693150431739293,0.159272974279429,-0.131622786594647,0.0023885926259573,0.0007845519969591,-0.0141766647588009,-0.0015576652252256,-0.00102,-0.0003176652252256,-0.00022,0.0,0.0,0.0,0.0,0.0,0.0007845519969591,0.008694551996959,0.0679214285714285,0.0007845519969591,0.0,0.0,0.0560760532565356,0.0342398422147537,-0.013398439998794,0.0501192696192696,-0.0033496099996985,0.0375894522144522,0.0023885926259573,0.0023885926259573,0.4813451261459491,0.1722657320222145,0.068385127008154,0.0,0.0,0.0118634444819159,0.0,0.0,0.0079099999999998,0.0534192696192696,-0.0033,0.034,0.102,0.0015007386841579,9.08322722858025e-05,0.0014099064118721,0.2031911923702246,0.1154795585407151,0.0877116338295095,0.9479874968528748,0.898754894733429,8620,8267,0,0.1001408593522177,0.6313811884206884,3,8,16887,8620,8267,0.0793418722880134,cuda,78.04052734375,,,,,,,,,,,,
258,299,200,True,1010,1010,966,702,264,43,221,0.2732919254658385,0.0445134575569358,0.2287784679089027,0.4786324786324786,1.982905982905983,0.7383804177584132,14.37606214729809,29.587786855011583,0.4898488313551946,0.5052721485962556,0.1779512612632027,0.0422822479689308,0.1903289171901566,0.503040549528395,0.2124089838796297,0.0870430108192615,0.1445048548111379,0.0022315990678605,-0.034457722616427,-0.0447607628503307,0.0458240623790187,12.652173913043478,12.652173913043478,10.145962732919257,0.4813664596273292,0.2378583746685269,0.0670348775064928,-0.0836822365204002,-0.0583401794737117,966,44,0,44,1.0,1.796039603960396,1.796039603960396,1.8778467908902687,89.85167838315354,51.11935611730476,-5.691581519619714,56.81093763692448,0.9089383660622616,140.9710345004583,0.0449258391915767,0.0255596780586523,0.0704855172502291,0.8093525179856115,225,144,81,53,0,138,110.34999999999998,81.24791684923267,5,48,5.0,5.0,81,0,221,43,1,43,221,0,4282.542248509541,428.2542248509541,8890.374060558928,889.0374060558928,385.5917747804111,38.55917747804111,5391.858444863447,539.1858444863446,4830.0,483.0,0,1,0.0551749999999999,-0.00275,0.0551749999999999,-0.00275,0.0,0.0,0.0551749999999999,0.0025,0.0593836242869233,0.1613559264026378,-0.133698095675106,0.0025106276013467,0.0004791959578838,-0.012504504708028,-0.0009618077368976,-0.000645,-0.0001943077368976,-0.0001225,0.0,0.0,0.0,-0.001,-0.001,0.0004791959578838,0.0079291959578837,0.0541749999999999,0.0004791959578838,0.0,0.0,0.0449258391915775,0.0255596780586523,-0.0113831630392394,0.0378739584246163,-0.0028457907598098,0.0284054688184622,0.0025106276013467,0.0025106276013467,0.4418935366280219,0.1387569527375851,0.0737786227858084,0.0,0.0,0.0123565682548301,0.0,0.0,0.0074499999999998,0.0406239584246163,-0.00275,0.0215,0.1105,0.0015007386841579,9.08322722858025e-05,0.0014099064118721,0.2031911923702246,0.1154795585407151,0.0877116338295095,0.9479874968528748,0.898754894733429,8620,8267,0,0.1001408593522177,0.6313811884206884,3,8,16887,8620,8267,0.0793418722880134,cuda,78.04052734375,,,,,,,,,,,,
259,300,200,True,1191,1191,1148,844,304,73,231,0.2648083623693379,0.063588850174216,0.2012195121951219,0.4502369668246445,1.9680094786729856,0.7563883692591111,13.98862427557814,29.85143492402624,0.4854658746817782,0.49878956147986,0.1896750428117988,0.0726089706226203,0.1848938257446715,0.5031320600642413,0.2071745414463406,0.1536893236054431,0.1392927952265252,-0.0043424985843812,-0.0174994986345417,-0.0810803529828228,0.0456010305181463,11.819686411149826,11.819686411149826,9.182926829268292,0.5270034843205574,0.1522311429587465,0.0926342639890382,-0.1115326256331053,-0.059171722883502,1148,43,0,43,1.0,1.6717044500419815,1.6717044500419815,1.7343205574912892,80.74533652733163,43.68588435865581,-7.512843152223391,51.1987275108792,0.8720381167226232,124.43122088598744,0.0403726682636658,0.0218429421793279,0.0622156104429937,0.8642857142857143,242,143,99,38,0,142,96.1547619047619,71.56497001450566,3,35,3.0,3.0,99,0,231,73,0,73,231,0,4017.238811874591,401.7238811874592,8661.948978015722,866.1948978015722,443.21648587365615,44.321648587365615,5057.444218735526,505.7444218735526,5740.0,574.0,0,0,0.0480773809523809,-0.00165,0.0480773809523809,-0.00165,0.0,0.0,0.0480773809523809,0.0015,0.0609571154858177,0.1983851087452213,-0.1844078254704055,0.0017905216864793,0.0003838175088051,-0.01489938901523,-0.001712239524132,-0.001095,-0.000404739524132,-0.0002125,0.0,0.0,0.0,0.0,0.0,0.0003838175088051,0.009553817508805,0.0480773809523809,0.0003838175088051,0.0,0.0,0.0403726682636665,0.0218429421793279,-0.0150256863044467,0.0341324850072528,-0.0037564215761116,0.0255993637554395,0.0017905216864793,0.0017905216864793,0.4698943401806817,0.1537096104268233,0.1245070902720717,0.0,0.0,0.0050270054515181,0.0,0.0,0.0091699999999998,0.0357824850072528,-0.00165,0.0365,0.1155,0.0015007386841579,9.08322722858025e-05,0.0014099064118721,0.2031911923702246,0.1154795585407151,0.0877116338295095,0.9479874968528748,0.898754894733429,8620,8267,0,0.1001408593522177,0.6313811884206884,3,8,16887,8620,8267,0.0793418722880134,cuda,78.04052734375,,,,,,,,,,,,
260,301,200,True,1025,1025,983,712,271,41,230,0.2756866734486266,0.0417090539165818,0.2339776195320447,0.4873595505617977,1.896067415730337,0.7927414622534527,13.33880126878117,28.050883951816665,0.4785724573104969,0.4970194490186954,0.2271468409682425,0.0332109285531607,0.1886725405811886,0.4886732438181558,0.2533508047861769,0.0622539888399331,0.1446356707843795,0.0083462052005395,-0.0262039638179343,-0.0290430602867723,0.0440368697968091,10.743641912512716,10.743641912512716,8.291963377416073,0.4638860630722278,0.1658770160941721,0.1214323586181249,-0.1405297642973801,-0.0236165798197835,983,42,0,42,1.0,1.9160975609756097,1.9160975609756097,1.9898270600203456,118.00023604125904,63.82921993259867,-4.937066257841314,68.76628619043998,0.933014359675081,181.8294559738577,0.0590001180206295,0.0319146099662993,0.0909147279869288,0.7978723404255319,225,164,61,57,0,161,143.38571428571427,97.85615079365078,6,51,6.0,5.607062914906805,61,0,230,41,0,41,230,0,4830.543792924683,483.0543792924683,10241.57010331827,1024.157010331827,391.7530735877592,39.175307358775925,6081.292832463237,608.1292832463237,4915.0,491.5,0,0,0.0716928571428571,-0.0033,0.0716928571428571,-0.0033,0.0,0.0,0.0716928571428571,0.003,0.0692773259806318,0.1491409510960437,-0.1220881964459024,0.0033560936175302,0.000699161531719,-0.0123906759719609,-0.0009457298114674,-0.000615,-0.0002132298114674,-0.0001175,0.0,0.0,0.0,0.0,0.0,0.000699161531719,0.0082291615317189,0.0716928571428571,0.000699161531719,0.0,0.0,0.0590001180206304,0.0319146099662993,-0.0098741325156826,0.0458441907936266,-0.0024685331289206,0.0343831430952199,0.0033560936175302,0.0033560936175302,0.4754913891531625,0.1720097441628231,0.0545050779779024,0.0,0.0,0.0146678678013093,0.0,0.0,0.0075299999999998,0.0489280753968253,-0.0030838846031987,0.0205,0.115,0.0015007386841579,9.08322722858025e-05,0.0014099064118721,0.2031911923702246,0.1154795585407151,0.0877116338295095,0.9479874968528748,0.898754894733429,8620,8267,0,0.1001408593522177,0.6313811884206884,3,8,16887,8620,8267,0.0793418722880134,cuda,78.04052734375,,,,,,,,,,,,
261,302,200,True,1137,1137,1096,781,315,54,261,0.2874087591240876,0.0492700729927007,0.2381386861313868,0.5006402048655569,1.952624839948784,0.7692238176372689,13.775501318380869,27.83387979739149,0.4797525116650406,0.4891273892757682,0.1900756220105515,0.0506621142342524,0.1945593618691234,0.4918254249837731,0.2118096080544272,0.1063733123479561,0.1425273820505061,-0.0026980357080049,-0.0217339860438756,-0.0557111981137036,0.0520319798186173,10.565693430656934,10.565693430656934,8.098540145985401,0.4945255474452554,0.1647433262281462,0.1414081018529146,-0.1277094830807527,-0.0373923408756818,1096,41,0,41,1.0,1.7159190853122253,1.7159190853122253,1.780109489051095,82.73577550367186,42.581507023513005,-6.69397856545943,49.2754855889724,0.8803994523336993,125.31728252718486,0.0413678877518359,0.0212907535117565,0.0626586412635924,0.8136200716845878,227,149,78,52,0,143,98.98730158730156,67.90064745196328,3,49,3.0,2.0,77,0,261,54,0,54,261,0,4331.499529056432,433.1499529056432,9256.164370813283,925.6164370813284,415.8141397598981,41.58141397598981,5453.37909302853,545.3379093028531,5480.0,548.0,0,0,0.0494936507936507,-0.00165,0.0494936507936507,-0.00165,0.0,0.0,0.0494936507936507,0.0015,0.0613191903490851,0.1730206842031603,-0.1337403823503105,0.0016090317194641,0.0005148355845764,-0.0136249713254663,-0.0012209094105739,-0.00081,-0.0002634094105739,-0.0001475,0.0,0.0,0.0,0.0,0.0,0.0005148355845764,0.0088648355845763,0.0494936507936507,0.0005148355845764,0.0,0.0,0.0413678877518366,0.0212907535117564,-0.0133879571309188,0.0328503237259816,-0.0033469892827297,0.0246377427944862,0.0016090317194641,0.0016090317194641,0.4514628164615275,0.1520182466146324,0.0898746603250998,0.0,0.0,0.0053597255138934,0.0,0.0,0.0083499999999998,0.0339503237259816,-0.0011,0.027,0.1305,0.0015007386841579,9.08322722858025e-05,0.0014099064118721,0.2031911923702246,0.1154795585407151,0.0877116338295095,0.9479874968528748,0.898754894733429,8620,8267,0,0.1001408593522177,0.6313811884206884,3,8,16887,8620,8267,0.0793418722880134,cuda,78.04052734375,,,,,,,,,,,,
262,303,200,True,1038,1038,980,670,310,47,263,0.3163265306122449,0.0479591836734693,0.2683673469387755,0.4970149253731343,1.9044776119402984,0.7587379718449578,13.939832750007287,30.33147957645245,0.5113452074677013,0.5033486232161521,0.1356635339836131,0.0324513255020798,0.1880905789976467,0.5049234048199298,0.168982191647945,0.078795134516975,0.1456891682332576,-0.0015747816037776,-0.0333186576643319,-0.0463438090148951,0.042401410764389,11.183673469387756,11.183673469387756,8.811224489795919,0.4602040816326531,0.1579090493955853,0.0476534828033719,-0.0737463951362124,-0.0474631860206156,980,58,0,58,1.0,1.9104046242774568,1.9104046242774568,2.023469387755102,114.7728326682186,70.2049242104618,-5.456682932395319,75.66160714285715,0.9327317806214452,184.9777568786804,0.0573864163341093,0.0351024621052309,0.0924888784393402,0.7809187279151943,221,169,52,62,0,167,139.58333333333334,109.6821428571429,8,54,8.0,8.0,52,0,263,47,0,47,263,0,4738.726000621536,473.8726000621536,10074.471047871057,1007.4471047871054,395.7410870696744,39.57410870696744,5968.128087721078,596.8128087721078,4900.0,490.0,0,0,0.0697916666666666,-0.0044,0.0697916666666666,-0.0044,0.0,0.0,0.0697916666666666,0.004,0.0716757301298922,0.1479012797229288,-0.102200621359853,0.0025540834131136,0.0005954150038799,-0.0124582286936369,-0.0011125728490088,-0.000705,-0.0002700728490088,-0.0001375,0.0,0.0,0.0,0.0,0.0,0.0005954150038799,0.0077654150038798,0.0697916666666666,0.0005954150038799,0.0,0.0,0.0573864163341101,0.0351024621052309,-0.0109133658647906,0.0504410714285714,-0.0027283414661976,0.0378308035714285,0.0025540834131136,0.0025540834131136,0.4559525315948637,0.1181287726687169,0.0567019590709036,0.0,0.0,0.0171500621396,0.0,0.0,0.0071699999999998,0.0548410714285714,-0.0044,0.0235,0.1315,0.0015007386841579,9.08322722858025e-05,0.0014099064118721,0.2031911923702246,0.1154795585407151,0.0877116338295095,0.9479874968528748,0.898754894733429,8620,8267,0,0.1001408593522177,0.6313811884206884,3,8,16887,8620,8267,0.0793418722880134,cuda,78.04052734375,,,,,,,,,,,,
263,304,200,True,1104,1104,1067,794,273,50,223,0.2558575445173383,0.0468603561387066,0.2089971883786316,0.4962216624685138,1.8740554156171283,0.7907524975931615,13.174072150319288,27.926978166517745,0.4738358908513005,0.4781885392382103,0.2241120602259933,0.0666542518297468,0.1816103483740268,0.4803136237322233,0.2515197151014464,0.1171964477621293,0.1411867349851942,-0.0021250844940129,-0.027407654875453,-0.0505421959323825,0.0404236133888326,10.650421743205248,10.650421743205248,8.1630740393627,0.4517338331771321,0.0810342388200116,0.0851971715648523,-0.1555895735927354,-0.0642216460820141,1067,37,0,37,1.0,1.789855072463768,1.789855072463768,1.8472352389878164,97.76972248807004,52.98308641621883,-6.340625806623917,59.32371222284274,0.903438822397348,150.75280890428888,0.048884861244035,0.0264915432081094,0.0753764044521444,0.8035714285714286,225,156,69,55,0,153,117.64325396825396,90.71642940392942,11,44,11.0,10.561951309217353,68,0,223,50,0,50,223,0,4480.707622894121,448.0707622894121,9522.670117834672,952.2670117834672,422.3840729533608,42.23840729533608,5640.180818148041,564.0180818148041,5335.0,533.5,0,0,0.0588216269841269,-0.00605,0.0588216269841269,-0.00605,0.0,0.0,0.0588216269841269,0.0055,0.0658374177686899,0.1670671921904219,-0.1522938193985046,0.0023455989347823,0.0006977982836673,-0.0136809344455873,-0.0011059969110461,-0.00075,-0.0002134969110461,-0.0001425,0.0,0.0,0.0,0.0,0.0,0.0006977982836673,0.0091377982836671,0.0588216269841269,0.0006977982836673,0.0,0.0,0.048884861244036,0.0264915432081093,-0.0126812516132478,0.0395491414818951,-0.0031703129033119,0.0296618561114213,0.0023455989347823,0.0023455989347823,0.467450291854416,0.1724042243813919,0.1028847683626671,0.0,0.0,0.0120191631125899,0.0,0.0,0.0084399999999998,0.0453582147019647,-0.0058090732200695,0.025,0.1115,0.0015007386841579,9.08322722858025e-05,0.0014099064118721,0.2031911923702246,0.1154795585407151,0.0877116338295095,0.9479874968528748,0.898754894733429,8620,8267,0,0.1001408593522177,0.6313811884206884,3,8,16887,8620,8267,0.0793418722880134,cuda,78.04052734375,,,,,,,,,,,,
264,305,200,True,1069,1069,1032,799,233,50,183,0.2257751937984496,0.0484496124031007,0.1773255813953488,0.4530663329161452,2.037546933667084,0.7717128388574335,13.626038311420006,30.067728844449128,0.5260528255396016,0.5292465666469853,0.243478410836491,0.0223714686750675,0.1824186561542921,0.5238607670920662,0.2797568718691791,0.0540794672188611,0.1451998876363449,0.0053857995549191,-0.0362784610326881,-0.0317079985437935,0.0372187685179471,14.919573643410851,14.919573643410851,12.142441860465116,0.5581395348837209,0.1173850701891896,0.0372412967625398,-0.1156436141717552,-0.0198090357278186,1032,37,0,37,1.0,1.8559401309635173,1.8559401309635173,1.9186046511627908,119.0308734253826,61.527732569797536,-6.776160718286937,68.30389328808445,0.9097475247192564,180.55860599518013,0.0595154367126913,0.0307638662848987,0.09027930299759,0.7978339350180506,221,164,57,56,0,162,144.11507936507937,96.57185771744597,5,51,5.0,5.0,55,0,183,50,0,50,183,0,4586.672467437196,458.6672467437196,9674.225217326077,967.4225217326076,471.1748274280609,47.11748274280609,5777.267476089715,577.7267476089716,5160.0,516.0,0,0,0.0720575396825396,-0.00275,0.0720575396825396,-0.00275,0.0,0.0,0.0720575396825396,0.0025,0.0694320123311304,0.1894332984243781,-0.1729009491085091,0.0030412269507603,0.0008570248332978,-0.0152842257449578,-0.0011796582933857,-0.00075,-0.0002846582933857,-0.000145,0.0,0.0,0.0,0.0,0.0,0.0008570248332978,0.0093470248332977,0.0720575396825396,0.0008570248332978,0.0,0.0,0.0595154367126922,0.0307638662848987,-0.0135523214365738,0.0455359288587229,-0.0033880803591434,0.0341519466440422,0.0030412269507603,0.0030412269507603,0.5035658933928577,0.1968055560614942,0.0572178125344011,0.0,0.0,0.0123104394372326,0.0,0.0,0.0084899999999998,0.0482859288587229,-0.00275,0.025,0.0915,0.0015007386841579,9.08322722858025e-05,0.0014099064118721,0.2031911923702246,0.1154795585407151,0.0877116338295095,0.9479874968528748,0.898754894733429,8620,8267,0,0.1001408593522177,0.6313811884206884,3,8,16887,8620,8267,0.0793418722880134,cuda,78.04052734375,,,,,,,,,,,,
265,306,200,True,1033,1033,986,688,298,46,252,0.3022312373225152,0.0466531440162271,0.255578093306288,0.4709302325581395,1.944767441860465,0.7729833584365456,13.715734476266904,27.22054976606092,0.4959803636648271,0.5065094537946374,0.2252266830223244,0.0174801579763203,0.1837934974532271,0.4963426943651812,0.2557307650757477,0.0336038600323453,0.1487510155880997,0.0101667594294562,-0.0305040820534232,-0.016123702056025,0.0350424818651274,10.504056795131843,10.504056795131843,8.143002028397566,0.4716024340770791,0.1491465906506337,0.0860233931759205,-0.1208420851042571,-0.0080759542310898,986,47,0,47,1.0,1.908034849951597,1.908034849951597,1.9989858012170385,119.67667467146076,64.83587203576296,-5.407607401466457,70.24347943722944,0.9285191049138972,184.5125467072237,0.0598383373357303,0.0324179360178814,0.0922562733536118,0.7562724014336918,211,164,47,68,0,160,145.58333333333331,104.65797258297256,10,58,10.0,10.0,45,0,252,46,0,46,252,0,4790.125580495913,479.0125580495913,10248.505023141704,1024.8505023141702,401.996129958786,40.1996129958786,6030.472292474266,603.0472292474267,4930.0,493.0,0,0,0.0727916666666666,-0.0054999999999999,0.0727916666666666,-0.0054999999999999,0.0,0.0,0.0727916666666666,0.005,0.0687283365759418,0.1491771965132047,-0.1047525737794915,0.0028102536514582,0.0006850200119851,-0.0124085268940855,-0.001035621005381,-0.00069,-0.000205621005381,-0.00014,0.0,0.0,0.0,0.0,0.0,0.0006850200119851,0.008025020011985,0.0727916666666666,0.0006850200119851,0.0,0.0,0.0598383373357313,0.0324179360178814,-0.0108152148029329,0.0468289862914862,-0.0027038037007332,0.0351217397186147,0.0028102536514582,0.0028102536514582,0.4510343922818313,0.1612988032104532,0.0445314875613744,0.0,0.0,0.0129563995614571,0.0,0.0,0.0073399999999998,0.0523289862914862,-0.0054999999999999,0.023,0.126,-0.0038208226252916,-0.0029119267231888,-0.0009088959021028,0.2386704344302416,0.1373330637812614,0.1013373706489801,0.9378601312637328,0.8973673582077026,8560,8167,0,0.1054690529902776,0.6004979930818081,4,8,16727,8560,8167,0.0774350476746129,cuda,77.44482421875,,,,,,,,,,,,
266,307,200,True,1125,1125,1062,769,293,98,195,0.275894538606403,0.0922787193973634,0.1836158192090395,0.5383615084525357,1.81924577373212,0.7640368885933501,13.81502679048496,27.935555404122383,0.4119932695846347,0.4638256796857316,0.1946999179913876,0.0750040512251024,0.1937014628976816,0.4714661741287717,0.2184431834766454,0.1352947700513776,0.1447624584492804,-0.0076404944430401,-0.0237432654852578,-0.0602907188262751,0.0489390044484011,10.024482109227872,10.024482109227872,7.528248587570621,0.4755178907721281,0.1273196684306981,0.0869671322460368,-0.135400280753598,-0.0681354230537424,1062,63,0,63,1.0,1.7777777777777777,1.7777777777777777,1.8832391713747645,93.19745159668598,55.64805670332627,-5.8434892507196805,61.49154595404592,0.9132176996276952,148.84550830001226,0.0465987257983429,0.0278240283516631,0.0744227541500061,0.8736462093862816,242,163,79,35,0,163,111.9,86.38872793872797,4,31,4.0,4.0,78,0,195,98,0,98,195,0,4365.758325983885,436.5758325983885,9204.083760858532,920.4083760858532,373.2031218286805,37.32031218286805,5499.429844587216,549.9429844587215,5310.0,531.0,0,0,0.0559499999999999,-0.0022,0.0559499999999999,-0.0022,0.0,0.0,0.0559499999999999,0.002,0.0696548988752966,0.1659656743926059,-0.12875200249802,0.0022393663483823,0.0005236289917147,-0.0115208299883122,-0.002268977548112,-0.0014699999999999,-0.000476477548112,-0.0003225,0.0,0.0,0.0,0.0,0.0,0.0005236289917147,0.0091936289917146,0.0559499999999999,0.0005236289917147,0.0,0.0,0.0465987257983437,0.0278240283516631,-0.0116869785014393,0.040994363969364,-0.0029217446253598,0.0307457729770229,0.0022393663483823,0.0022393663483823,0.4678022127905861,0.1590161999776932,0.1244512875896549,0.0,0.0,0.0073083741979713,0.0,0.0,0.0086699999999998,0.0431943639693639,-0.0022,0.049,0.0975,-0.0038208226252916,-0.0029119267231888,-0.0009088959021028,0.2386704344302416,0.1373330637812614,0.1013373706489801,0.9378601312637328,0.8973673582077026,8560,8167,0,0.1054690529902776,0.6004979930818081,4,8,16727,8560,8167,0.0774350476746129,cuda,77.44482421875,,,,,,,,,,,,
267,308,200,True,991,991,955,618,337,62,275,0.3528795811518324,0.0649214659685863,0.2879581151832461,0.5016181229773463,1.8592233009708736,0.7301819751756476,14.761588414510092,29.71411228179932,0.4915074139538433,0.4812553228876737,0.1627374193344783,0.0404016375315637,0.1937951160878136,0.4827369361585398,0.1880219218887774,0.0839085744017234,0.1417115474945615,-0.001481613270866,-0.025284502554299,-0.0435069368701596,0.052083568593252,10.28062827225131,10.28062827225131,8.065968586387434,0.4230366492146596,0.2490941800053741,0.0658979844363943,-0.0797593879344789,-0.0338197088948769,955,36,0,36,1.0,1.846619576185671,1.846619576185671,1.9162303664921465,93.36184107514023,54.75916276204789,-4.943794697159588,59.70295745920745,0.9235260158901476,148.12100383718814,0.0466809205375701,0.0273795813810239,0.074060501918594,0.7985611510791367,222,148,74,56,0,144,115.0595238095238,86.20394327894331,6,50,6.0,6.0,73,0,275,62,1,62,275,0,4365.043183557437,436.50431835574375,9054.757003550803,905.4757003550806,355.4408386808049,35.54408386808049,5497.51929123386,549.7519291233859,4775.0,477.5,0,1,0.0575297619047619,-0.0033,0.0575297619047619,-0.0033,0.0,0.0,0.0575297619047619,0.003,0.0619685487520956,0.1337252144311886,-0.0921774588043044,0.002755170438104,0.000485555068803,-0.011045512066937,-0.0013858573216289,-0.00093,-0.0002583573216289,-0.0001975,0.0,0.0,0.0,-0.001,-0.001,0.000485555068803,0.0072855550688029,0.0565297619047619,0.000485555068803,0.0,0.0,0.0466809205375706,0.0273795813810239,-0.0098875893943191,0.0398019716394716,-0.0024718973485797,0.0298514787296037,0.002755170438104,0.002755170438104,0.4194015246301611,0.1288388877026157,0.0604371477774319,0.0,0.0,0.012445366655757,0.0,0.0,0.0067999999999999,0.0431019716394716,-0.0033,0.031,0.1375,-0.0038208226252916,-0.0029119267231888,-0.0009088959021028,0.2386704344302416,0.1373330637812614,0.1013373706489801,0.9378601312637328,0.8973673582077026,8560,8167,0,0.1054690529902776,0.6004979930818081,4,8,16727,8560,8167,0.0774350476746129,cuda,77.44482421875,,,,,,,,,,,,
268,309,200,True,1088,1088,1048,768,280,68,212,0.2671755725190839,0.0648854961832061,0.2022900763358778,0.4231770833333333,2.0494791666666665,0.7699036301734546,13.883217455198368,28.97642391966656,0.463168076232364,0.5183968006361587,0.1797977665846701,0.0305666053785292,0.2029870529125522,0.5138390100134226,0.2034655175921216,0.0772728613683284,0.1533518440361755,0.004557790622736,-0.0236677510074514,-0.0467062559897992,0.0496352088763766,12.708969465648854,12.708969465648854,10.016221374045802,0.549618320610687,0.1683355754686325,0.0546007178419153,-0.1023174872355835,-0.0549066754620658,1048,40,0,40,1.0,1.825367647058824,1.825367647058824,1.8912213740458013,107.6644452727583,61.76276897537632,-6.447972366615022,68.21074134199134,0.9136340281486564,169.42721424813462,0.0538322226363791,0.0308813844876881,0.0847136071240673,0.8229166666666666,237,165,72,51,0,163,130.14285714285714,90.94765512265508,0,51,0.0,0.0,70,0,212,68,0,68,212,0,4572.65368395198,457.2653683951979,9647.439855884417,964.7439855884415,397.69735165061337,39.76973516506133,5759.887941715579,575.9887941715579,5240.0,524.0,0,0,0.0650714285714285,0.0,0.0650714285714285,0.0,0.0,0.0,0.0650714285714285,0.0,0.0695895987354158,0.1776741966632529,-0.1342036673458354,0.0020187224899044,0.0005153988961815,-0.0129350211876623,-0.0016427668242567,-0.00102,-0.0003777668242567,-0.000245,0.0,0.0,0.0,0.0,0.0,0.0005153988961815,0.0088753988961814,0.0650714285714285,0.0005153988961815,0.0,0.0,0.05383222263638,0.0308813844876881,-0.01289594473323,0.0454738275613275,-0.0032239861833075,0.0341053706709956,0.0020187224899044,0.0020187224899044,0.4985725897064537,0.1609033217615247,0.063828181892961,0.0,0.0,0.0069050737385983,0.0,0.0,0.0083599999999998,0.0454738275613275,0.0,0.034,0.106,-0.0038208226252916,-0.0029119267231888,-0.0009088959021028,0.2386704344302416,0.1373330637812614,0.1013373706489801,0.9378601312637328,0.8973673582077026,8560,8167,0,0.1054690529902776,0.6004979930818081,4,8,16727,8560,8167,0.0774350476746129,cuda,77.44482421875,,,,,,,,,,,,
269,310,200,True,1072,1072,1017,705,312,52,260,0.3067846607669616,0.0511307767944936,0.255653883972468,0.4113475177304964,2.0808510638297872,0.779318602288023,13.432237661645768,28.741911076484843,0.5109294786896137,0.5018325362433779,0.2564186073205572,0.0461239908333101,0.1685057101837286,0.4974374361072026,0.279084975958029,0.0881405263354816,0.1354748255051408,0.0043951001361752,-0.0226663686374717,-0.0420165355021715,0.0330308846785878,11.246804326450343,11.246804326450343,8.87905604719764,0.464110127826942,0.1403693851351706,0.1203670294277953,-0.1570813070017991,-0.0334484745837695,1017,55,0,55,1.0,1.8451492537313432,1.8451492537313432,1.941002949852508,92.264007357714,53.34548311044215,-6.713472517263461,60.058955627705615,0.8994574152270172,145.60949046815614,0.0461320036788569,0.026672741555221,0.072804745234078,0.8428571428571429,236,150,86,44,0,147,111.20952380952376,81.17860750360748,1,43,1.0,1.0,85,0,260,52,0,52,260,0,4602.418238802395,460.24182388023945,9875.686553006257,987.5686553006256,416.1058201962922,41.61058201962922,5795.560531953099,579.5560531953099,5085.0,508.5,0,0,0.0556047619047618,-0.00055,0.0556047619047618,-0.00055,0.0,0.0,0.0556047619047618,0.0005,0.0636354252847847,0.1565230417151691,-0.1420402388145772,0.0007030302228928,0.0006709707752373,-0.013098373885869,-0.0011907338688553,-0.00078,-0.0002407338688553,-0.00017,0.0,0.0,0.0,0.0,0.0,0.0006709707752373,0.0082409707752372,0.0556047619047618,0.0006709707752373,0.0,0.0,0.0461320036788577,0.026672741555221,-0.0134269450345269,0.0400393037518037,-0.0033567362586317,0.0300294778138528,0.0007030302228928,0.0007030302228928,0.4659493399902557,0.1973661389826957,0.0670466285339524,0.0,0.0,0.0086304611065713,0.0,0.0,0.0075699999999998,0.0405893037518037,-0.00055,0.026,0.13,-0.0038208226252916,-0.0029119267231888,-0.0009088959021028,0.2386704344302416,0.1373330637812614,0.1013373706489801,0.9378601312637328,0.8973673582077026,8560,8167,0,0.1054690529902776,0.6004979930818081,4,8,16727,8560,8167,0.0774350476746129,cuda,77.44482421875,,,,,,,,,,,,
270,311,200,True,1055,1055,994,659,335,50,285,0.3370221327967806,0.0503018108651911,0.2867203219315895,0.4415781487101669,2.015174506828528,0.7789687304920058,13.511430300421708,28.788284538548343,0.4839125673838839,0.5207208686696199,0.2266800592572899,0.0529233063323838,0.1967825848547026,0.5195014607698313,0.2573968290813459,0.0932560830835637,0.1439260453471916,0.0012194078997885,-0.030716769824056,-0.0403327767511798,0.052856539507511,12.417505030181086,12.417505030181086,9.9476861167002,0.5070422535211268,0.1166738876746534,0.1328151574272897,-0.1261185851688975,-0.0005091751864162,994,61,0,61,1.0,1.8559241706161136,1.8559241706161136,1.9698189134808848,102.14479956243122,55.75415709811482,-5.224963781006054,60.97912087912085,0.9210779243028652,157.89895666054605,0.0510723997812156,0.0278770785490574,0.078949478330273,0.8397212543554007,241,163,78,46,0,158,123.9190476190476,84.60549450549448,3,43,3.0,3.0,78,0,285,50,0,50,285,0,4628.272612613423,462.8272612613423,9878.48710169782,987.848710169782,376.7272412841636,37.67272412841636,5831.121309791969,583.1121309791969,4970.0,497.0,0,0,0.0619595238095238,-0.00165,0.0619595238095238,-0.00165,0.0,0.0,0.0619595238095238,0.0015,0.0677818980474438,0.1539199416454047,-0.1424547487450013,0.0027348532504834,0.0004339036679827,-0.0115963047932965,-0.0012529977613224,-0.00075,-0.0003479977613224,-0.000155,0.0,0.0,0.0,0.0,0.0,0.0004339036679827,0.0075239036679826,0.0619595238095238,0.0004339036679827,0.0,0.0,0.0510723997812162,0.0278770785490574,-0.0104499275620121,0.0406527472527472,-0.002612481890503,0.0304895604395604,0.0027348532504834,0.0027348532504834,0.4731823818572881,0.165908769651917,0.0733697690131384,0.0,0.0,0.0107999754630457,0.0,0.0,0.0070899999999998,0.0423027472527472,-0.00165,0.025,0.1425,-0.0038208226252916,-0.0029119267231888,-0.0009088959021028,0.2386704344302416,0.1373330637812614,0.1013373706489801,0.9378601312637328,0.8973673582077026,8560,8167,0,0.1054690529902776,0.6004979930818081,4,8,16727,8560,8167,0.0774350476746129,cuda,77.44482421875,,,,,,,,,,,,
271,312,200,True,996,996,959,703,256,34,222,0.2669447340980188,0.0354535974973931,0.2314911366006256,0.4694167852062589,1.9402560455192035,0.7657472244536724,13.900321580607386,31.31388058584412,0.4879071942771849,0.528388945255985,0.1971655575184954,0.0182923264960476,0.2011672921139604,0.5236236307224204,0.230705127449889,0.0490561764644906,0.1482706212386976,0.0047653145335646,-0.0335395699313935,-0.030763849968443,0.0528966708752627,14.385818561001043,14.385818561001043,11.78310740354536,0.5192909280500522,0.2062692525510334,0.031786101353376,-0.1278594687229212,0.0462834848232164,959,37,0,37,1.0,1.847389558232932,1.847389558232932,1.91866527632951,106.63453639658556,60.33790984399278,-5.482931814348892,65.82084165834164,0.9231046051658282,166.97244624057834,0.0533172681982927,0.0301689549219963,0.0834862231202891,0.7657342657342657,219,154,65,67,0,150,131.2023809523809,95.4611222111222,8,59,8.0,7.0,64,0,222,34,1,34,222,0,4330.292283416807,433.0292283416807,8896.943532122848,889.6943532122848,391.10923289692136,39.11092328969214,5455.304189383494,545.5304189383494,4795.0,479.5,0,1,0.0656011904761904,-0.0044,0.0656011904761904,-0.0044,0.0,0.0,0.0656011904761904,0.004,0.0642831774211237,0.1655899891844045,-0.1372436642421877,0.0021522401349418,0.000811579086702,-0.0124726820842238,-0.0008986539354086,-0.00051,-0.0002936539354086,-9.500000000000009e-05,0.0,0.0,0.0,-0.001,-0.001,0.000811579086702,0.0081815790867019,0.0646011904761904,0.000811579086702,0.0,0.0,0.0533172681982934,0.0301689549219964,-0.0109658636286977,0.0438805611055611,-0.0027414659071744,0.0329104208291708,0.0021522401349418,0.0021522401349418,0.4476335930392011,0.1375295733370709,0.0513739826605133,0.0,0.0,0.0189187178025579,0.0,0.0,0.0073699999999998,0.0477305611055611,-0.0038499999999999,0.017,0.111,-0.0038208226252916,-0.0029119267231888,-0.0009088959021028,0.2386704344302416,0.1373330637812614,0.1013373706489801,0.9378601312637328,0.8973673582077026,8560,8167,0,0.1054690529902776,0.6004979930818081,4,8,16727,8560,8167,0.0774350476746129,cuda,77.44482421875,,,,,,,,,,,,
272,313,200,True,1200,1200,1146,780,366,81,285,0.3193717277486911,0.0706806282722513,0.2486910994764398,0.4512820512820513,1.9679487179487176,0.7330041931225704,14.563765461016924,29.758546151259008,0.45570819127054,0.4908384489134336,0.1576833319396544,0.0627368208946278,0.1952378535452179,0.4948796394352729,0.1889133960641442,0.1199378124903887,0.1466026346032054,-0.0040411905218393,-0.0312300641244898,-0.0572009915957609,0.0486352189420125,11.012216404886562,11.012216404886562,8.49476439790576,0.512216404886562,0.199485772920798,0.0423661057393298,-0.0711608013662295,-0.0724605543206153,1146,54,0,54,1.0,1.6466666666666667,1.6466666666666667,1.7242582897033158,76.45229406247044,41.12130226949753,-6.904274237328982,48.02557650682649,0.8743074276774073,117.57359633196796,0.0382261470312352,0.0205606511347487,0.0587867981659839,0.8586572438162544,243,139,104,40,0,136,91.22619047619048,67.33410200910204,3,37,3.0,3.0,102,0,285,81,0,81,285,0,3996.097011583051,399.6097011583051,8536.33548282888,853.6335482828879,396.7881026541362,39.67881026541362,5033.267438172642,503.3267438172642,5730.0,573.0,0,0,0.0456130952380952,-0.00165,0.0456130952380952,-0.00165,0.0,0.0,0.0456130952380952,0.0015,0.0585747059622607,0.1870821350675507,-0.1686194051989931,0.0012826275880725,6.835420379525236e-05,-0.0129255414137057,-0.0019277072002542,-0.0012149999999999,-0.0004552072002542,-0.0002575,0.0,0.0,0.0,0.0,0.0,6.835420379525236e-05,0.0086783542037951,0.0456130952380952,6.835420379525236e-05,0.0,0.0,0.0382261470312357,0.0205606511347487,-0.0138085484746579,0.032017051004551,-0.0034521371186644,0.0240127882534132,0.0012826275880725,0.0012826275880725,0.4582987024597552,0.1433319860482181,0.0945256389664361,0.0,0.0,0.0040893668574067,0.0,0.0,0.0086099999999998,0.033667051004551,-0.00165,0.0405,0.1425,-0.0038208226252916,-0.0029119267231888,-0.0009088959021028,0.2386704344302416,0.1373330637812614,0.1013373706489801,0.9378601312637328,0.8973673582077026,8560,8167,0,0.1054690529902776,0.6004979930818081,4,8,16727,8560,8167,0.0774350476746129,cuda,77.44482421875,,,,,,,,,,,,
273,314,200,True,1042,1042,975,667,308,49,259,0.3158974358974359,0.0502564102564102,0.2656410256410256,0.4752623688155922,1.970014992503748,0.7826919580908909,13.59416939079136,31.29412829536369,0.5096364557740716,0.5130516466708376,0.1740569369769704,0.0532735323336539,0.1862421192932522,0.5088593027312895,0.2085476323523777,0.0951105628443275,0.1405641467909494,0.004192343939548,-0.0344906953754073,-0.0418370305106736,0.0456779725023027,11.377435897435898,11.377435897435898,8.892307692307693,0.52,0.1552426447170255,0.0585024152364641,-0.1382672971941474,-0.0699819338234511,975,67,0,67,1.0,1.919385796545105,1.919385796545105,2.051282051282051,102.10837176665255,60.93041042496631,-5.944775598695258,66.87518602366156,0.9183633791305086,163.03878219161888,0.0510541858833262,0.0304652052124831,0.0815193910958094,0.8776978417266187,244,163,81,34,0,163,123.72619047619044,89.63446275946274,2,32,2.0,0.4250436920430083,77,0,259,49,0,49,259,0,4684.957682489192,468.4957682489192,10075.424870338104,1007.5424870338104,403.4704418966272,40.347044189662725,5901.89877801185,590.1898778011849,4875.0,487.5,0,0,0.0618630952380952,-0.0011,0.0618630952380952,-0.0011,0.0,0.0,0.0618630952380952,0.001,0.0700863051989138,0.1504670136154806,-0.1336119325122405,0.0017306776241396,0.0006585484642504,-0.0123610005708527,-0.0011667824951112,-0.000735,-0.0002942824951112,-0.0001375,0.0,0.0,0.0,0.0,0.0,0.0006585484642504,0.0078185484642502,0.0618630952380952,0.0006585484642504,0.0,0.0,0.0510541858833269,0.0304652052124831,-0.0118895511973905,0.0445834573491077,-0.0029723877993476,0.0334375930118307,0.0017306776241396,0.0017306776241396,0.4580527866983818,0.1366089878919739,0.0724763813167723,0.0,0.0,0.0095646472738516,0.0,0.0,0.0071599999999998,0.0448172313797313,-0.0002337740306236,0.0245,0.1295,0.0001490906450069,0.001757536140374,-0.001608445495367,0.2161826269494162,0.1172261344061957,0.0989564925432205,0.9433173537254332,0.8882865905761719,8432,8011,0,0.114242978228463,0.5900381460785866,5,8,16443,8432,8011,0.0797387611837698,cuda,77.083984375,,,,,,,,,,,,
274,315,200,True,1078,1078,1029,706,323,34,289,0.3138969873663751,0.0330417881438289,0.2808551992225461,0.4631728045325779,1.954674220963173,0.7575897287799008,13.995907001387296,26.319106034069154,0.4698509762197022,0.4848658141096996,0.1487125649721105,0.0431811631526586,0.2047327273477808,0.4848378956866669,0.1852698481678646,0.0789850506269987,0.1506779955702678,2.7918423032624595e-05,-0.036557283195754,-0.03580388747434,0.0540547317775129,9.927113702623906,9.927113702623906,7.521865889212828,0.4548104956268221,0.1234269908121657,0.0793282920250012,-0.0818300161609378,-0.0325313772212413,1029,49,0,49,1.0,1.820964749536178,1.820964749536178,1.9076773566569485,97.24009473754516,53.32813337970246,-5.258500819431761,58.58663419913418,0.917636624655855,150.56822811724763,0.0486200473687725,0.0266640666898512,0.0752841140586238,0.795774647887324,226,154,72,58,0,150,117.49999999999996,84.71551226551229,6,52,6.0,6.0,69,0,289,34,0,34,289,0,4609.416523292209,460.94165232922086,9733.827401569011,973.3827401569011,380.78007558621965,38.07800755862196,5804.931449161354,580.4931449161354,5145.0,514.5,0,0,0.0587499999999999,-0.0033,0.0587499999999999,-0.0033,0.0,0.0,0.0587499999999999,0.003,0.0643806294386171,0.1492172881555156,-0.1063063206049086,0.0021942025395062,0.0007002368438629,-0.0120623559623785,-0.0007889019267436,-0.00051,-0.0001839019267436,-9.500000000000006e-05,0.0,0.0,0.0,0.0,0.0,0.0007002368438629,0.0081002368438628,0.0587499999999999,0.0007002368438629,0.0,0.0,0.0486200473687734,0.0266640666898512,-0.0105170016388635,0.0390577561327561,-0.0026292504097158,0.029293317099567,0.0021942025395062,0.0021942025395062,0.4449178441639232,0.1278394052340596,0.0664320369834629,0.0,0.0,0.0128709840927964,0.0,0.0,0.0073999999999998,0.0423577561327561,-0.0033,0.017,0.1445,0.0001490906450069,0.001757536140374,-0.001608445495367,0.2161826269494162,0.1172261344061957,0.0989564925432205,0.9433173537254332,0.8882865905761719,8432,8011,0,0.114242978228463,0.5900381460785866,5,8,16443,8432,8011,0.0797387611837698,cuda,77.083984375,,,,,,,,,,,,
275,316,200,True,1113,1113,1045,674,371,44,327,0.3550239234449761,0.0421052631578947,0.3129186602870813,0.3991097922848665,2.0756676557863503,0.7491643433666371,14.293998589501536,31.88572075114052,0.4773287401289652,0.5325412628426043,0.1437834338437025,0.0604246522925893,0.2163645948617766,0.533294300031945,0.1766466474829335,0.1115959438549573,0.1586224740337945,-0.0007530371893407,-0.032863213639231,-0.0511712915623679,0.057742120827982,11.101435406698563,11.101435406698563,8.665071770334928,0.5100478468899522,0.1478493257862032,0.0240762306944766,-0.0557950562838223,-0.0655385884604743,1045,68,0,68,1.0,1.7762803234501348,1.7762803234501348,1.891866028708134,84.98578125765034,42.92144522861175,-5.204799360132833,48.126244588744576,0.9024058226738988,127.90722648626208,0.0424928906288251,0.0214607226143058,0.063953613243131,0.8655172413793103,251,156,95,39,0,153,102.34999999999998,71.86832611832614,7,32,7.0,7.0,94,0,327,44,0,44,327,0,4457.645682622976,445.7645682622976,9490.931882430104,949.0931882430102,371.4768690744356,37.14768690744356,5610.949392473696,561.0949392473697,5225.0,522.5,0,0,0.0511749999999999,-0.0038499999999999,0.0511749999999999,-0.0038499999999999,0.0,0.0,0.0511749999999999,0.0035,0.0657954424583293,0.1600195986194348,-0.1294103583490353,0.0026259482349076,0.0005844531441259,-0.0116988934616041,-0.0010275950241873,-0.00066,-0.0002500950241873,-0.0001175,0.0,0.0,0.0,0.0,0.0,0.0005844531441259,0.0077644531441258,0.0511749999999999,0.0005844531441259,0.0,0.0,0.0424928906288255,0.0214607226143058,-0.0104095987202656,0.0320841630591631,-0.0026023996800664,0.0240631222943722,0.0026259482349076,0.0026259482349076,0.4553283314186634,0.1264686151436531,0.0867103181991637,0.0,0.0,0.0084604504427004,0.0,0.0,0.0071799999999998,0.035934163059163,-0.0038499999999999,0.022,0.1635,0.0001490906450069,0.001757536140374,-0.001608445495367,0.2161826269494162,0.1172261344061957,0.0989564925432205,0.9433173537254332,0.8882865905761719,8432,8011,0,0.114242978228463,0.5900381460785866,5,8,16443,8432,8011,0.0797387611837698,cuda,77.083984375,,,,,,,,,,,,
276,317,200,True,1039,1039,994,817,177,91,86,0.1780684104627766,0.0915492957746478,0.0865191146881287,0.4638922888616891,1.9669522643818849,0.7571679705177118,14.06565467876495,28.166784803023976,0.5085880509785372,0.4972951835890003,0.2268154744236676,0.0615023029289884,0.1720836877006686,0.4931579588238729,0.2492050869547678,0.0987326317155309,0.1345392723169948,0.0041372247651274,-0.0223896125311002,-0.0372303287865425,0.0375444153836737,13.201207243460765,13.201207243460765,10.285714285714286,0.5694164989939637,0.0960050025691211,0.0719458608562174,-0.0902823266823499,-0.0700645096261098,994,45,0,45,1.0,1.7959576515880655,1.7959576515880655,1.8682092555331995,98.6515057080416,49.44937458232985,-6.998496296791009,56.44787087912085,0.889694294436324,148.10088029037144,0.0493257528540208,0.0247246872911649,0.0740504401451857,0.8146853146853147,233,152,81,53,0,148,120.54285714285712,79.66382783882786,4,49,4.0,4.0,80,0,86,91,1,91,86,0,4292.281486236708,429.2281486236708,9126.223478897273,912.6223478897272,459.0033069263761,45.90033069263761,5405.06380686597,540.506380686597,4970.0,497.0,0,1,0.0602714285714285,-0.0022,0.0602714285714285,-0.0022,0.0,0.0,0.0602714285714285,0.002,0.0633783433560864,0.1880922023362121,-0.1520720469053053,0.0029058858076891,0.0004630499843897,-0.0151096886226604,-0.0020853313523606,-0.0013649999999999,-0.0003503313523606,-0.00037,0.0,0.0,0.0,-0.001,-0.001,0.0004630499843897,0.0095430499843895,0.0592714285714285,0.0004630499843897,0.0,0.0,0.0493257528540217,0.0247246872911649,-0.013996992593582,0.0376319139194139,-0.0034992481483955,0.0282239354395604,0.0029058858076891,0.0029058858076891,0.4860645452854319,0.1974320601786726,0.0775083225449743,0.0,0.0,0.0108814274557051,0.0,0.0,0.0090799999999998,0.0398319139194139,-0.0022,0.0455,0.043,0.0001490906450069,0.001757536140374,-0.001608445495367,0.2161826269494162,0.1172261344061957,0.0989564925432205,0.9433173537254332,0.8882865905761719,8432,8011,0,0.114242978228463,0.5900381460785866,5,8,16443,8432,8011,0.0797387611837698,cuda,77.083984375,,,,,,,,,,,,
277,318,200,True,1066,1066,1011,695,316,31,285,0.3125618199802176,0.0306627101879327,0.2818991097922849,0.4546762589928058,1.985611510791367,0.7779365071718641,13.547616235472317,32.12686443517534,0.4633532974497991,0.5136694642708456,0.1582677589903632,0.0382623387607846,0.2053630054881461,0.5087929254384349,0.1978554140186781,0.0741468196321051,0.1517442538208669,0.0048765388324106,-0.0395876550283149,-0.0358844808713204,0.0536187516672791,11.187932739861523,11.187932739861523,8.752720079129574,0.496538081107814,0.1099287181418088,0.0445008159016734,-0.0990586569358777,-0.0842576389512448,1011,55,0,55,1.0,1.8433395872420264,1.8433395872420264,1.943620178041543,104.28632963668112,60.66060674743484,-5.148303092725015,65.8089098401598,0.927444964649407,164.946936384116,0.0521431648183405,0.0303303033737174,0.0824734681920579,0.8350877192982457,238,159,79,47,0,155,126.39285714285712,93.24521312021312,5,42,5.0,5.0,75,0,285,31,0,31,285,0,4649.474814074035,464.9474814074035,9884.24290217474,988.424290217474,376.6147816017069,37.66147816017069,5855.284213910629,585.5284213910629,5055.0,505.5,0,0,0.0631964285714285,-0.00275,0.0631964285714285,-0.00275,0.0,0.0,0.0631964285714285,0.0025,0.0666456378967141,0.1563494428831874,-0.1221262439099331,0.0019360018166166,0.0006701098059886,-0.0117102015099946,-0.000670469250348,-0.000465,-0.000115469250348,-9.000000000000006e-05,0.0,0.0,0.0,0.0,0.0,0.0006701098059886,0.0079301098059885,0.0631964285714285,0.0006701098059886,0.0,0.0,0.0521431648183414,0.0303303033737174,-0.01029660618545,0.0438726065601065,-0.0025741515463625,0.0329044549200799,0.0019360018166166,0.0019360018166166,0.4586986594313337,0.1331275489831066,0.0564190093298386,0.0,0.0,0.0124892799628023,0.0,0.0,0.0072599999999998,0.0466226065601065,-0.00275,0.0155,0.1425,0.0001490906450069,0.001757536140374,-0.001608445495367,0.2161826269494162,0.1172261344061957,0.0989564925432205,0.9433173537254332,0.8882865905761719,8432,8011,0,0.114242978228463,0.5900381460785866,5,8,16443,8432,8011,0.0797387611837698,cuda,77.083984375,,,,,,,,,,,,
278,319,200,True,977,977,937,735,202,42,160,0.215581643543223,0.0448239060832443,0.1707577374599786,0.4299319727891156,2.043537414965986,0.7551214139275,14.076024691263834,27.058284869242687,0.502210538665551,0.5085211666060143,0.230397334978694,0.0256312828992499,0.1844381152569842,0.5070517849354517,0.2632778463365675,0.0647983581120731,0.1427961590186673,0.0014693816705626,-0.0328805113578734,-0.0391670752128231,0.0416419562383168,12.75880469583778,12.75880469583778,9.928495197438634,0.5720384204909285,0.1240557725661202,0.1232122354978765,-0.1368649235788538,-0.0008248120437986,937,40,0,40,1.0,1.9457523029682704,1.9457523029682704,2.0288153681963714,114.26252742229444,63.229279389342594,-5.9390814165182215,69.16836080586079,0.920925526941342,177.49180681163705,0.0571312637111472,0.0316146396946713,0.0887459034058185,0.778169014084507,221,168,53,63,0,166,140.64285714285714,95.52448107448107,3,60,3.0,3.0,53,0,160,42,1,42,160,0,4644.529421015324,464.4529421015324,9616.019737660676,961.6019737660678,427.6205145980443,42.762051459804425,5852.589606888272,585.2589606888272,4685.0,468.5,0,1,0.0703214285714285,-0.00165,0.0703214285714285,-0.00165,0.0,0.0,0.0703214285714285,0.0015,0.0707854300285392,0.1649872300174854,-0.1436760402803706,0.0028891802928473,0.0006006042700217,-0.0134227180528587,-0.0010306692271118,-0.00063,-0.0002631692271118,-0.0001375,0.0,0.0,0.0,-0.001,-0.001,0.0006006042700217,0.0083706042700216,0.0693214285714285,0.0006006042700217,0.0,0.0,0.057131263711148,0.0316146396946712,-0.0118781628330364,0.0461122405372405,-0.0029695407082591,0.0345841804029303,0.0028891802928473,0.0028891802928473,0.4829129284735863,0.1794846204351791,0.0588835389535381,0.0,0.0,0.0134580431610922,0.0,0.0,0.0077699999999998,0.0477622405372405,-0.00165,0.021,0.08,0.0001490906450069,0.001757536140374,-0.001608445495367,0.2161826269494162,0.1172261344061957,0.0989564925432205,0.9433173537254332,0.8882865905761719,8432,8011,0,0.114242978228463,0.5900381460785866,5,8,16443,8432,8011,0.0797387611837698,cuda,77.083984375,,,,,,,,,,,,
279,320,200,True,1064,1064,1014,749,265,49,216,0.2613412228796844,0.0483234714003944,0.2130177514792899,0.4445927903871829,2.005340453938585,0.7475286934062222,14.61129436696642,25.501743833515768,0.4854594966919043,0.4758123334084397,0.1296560460818466,0.0347173067247457,0.1909304048806349,0.4801675694607924,0.1770581246897061,0.0713029110540594,0.1460906036163323,-0.0043552360523526,-0.0474020786078594,-0.0365856043293137,0.0448398012643025,10.076923076923077,10.076923076923077,7.519723865877712,0.4812623274161736,0.1526327540198533,0.0831612763682398,-0.1302674011222163,-0.0053252090584417,1014,50,0,50,1.0,1.8674812030075187,1.8674812030075187,1.9595660749506905,115.2484215158222,70.5958944072144,-5.889989117155963,76.48588352437035,0.9284986133890524,185.84431592303665,0.0576242107579111,0.0352979472036072,0.0929221579615183,0.7864768683274022,221,169,52,60,0,167,139.75476190476186,114.08117803249382,11,49,11.0,11.0,51,0,216,49,0,49,216,0,4596.459576179152,459.6459576179152,9844.391677059552,984.4391677059552,421.6032970071685,42.16032970071685,5790.752922432481,579.0752922432481,5070.0,507.0,0,0,0.0698773809523809,-0.0060499999999999,0.0698773809523809,-0.0060499999999999,0.0,0.0,0.0698773809523809,0.0055,0.071381070529282,0.1565092892012505,-0.1032716246150623,0.0029332670504847,0.0006315299800317,-0.0132221513898286,-0.0011161601812869,-0.000735,-0.0002061601812869,-0.000175,0.0,0.0,0.0,0.0,0.0,0.0006315299800317,0.0086115299800316,0.0698773809523809,0.0006315299800317,0.0,0.0,0.0576242107579119,0.035297947203607,-0.0117799782343119,0.0509905890162469,-0.0029449945585779,0.0382429417621851,0.0029332670504847,0.0029332670504847,0.4658671117598841,0.1250327636779435,0.0688115095270846,0.0,0.0,0.0133252239878555,0.0,0.0,0.0079799999999998,0.0570405890162469,-0.0060499999999999,0.0245,0.108,0.0001490906450069,0.001757536140374,-0.001608445495367,0.2161826269494162,0.1172261344061957,0.0989564925432205,0.9433173537254332,0.8882865905761719,8432,8011,0,0.114242978228463,0.5900381460785866,5,8,16443,8432,8011,0.0797387611837698,cuda,77.083984375,,,,,,,,,,,,
280,321,200,True,1053,1053,1006,749,257,59,198,0.2554671968190855,0.0586481113320079,0.1968190854870775,0.5861148197596796,1.7369826435246996,0.7471411018290411,15.069684564669396,23.77949357685324,0.4422173311719812,0.4499727978964196,0.1853008992940147,0.0246524881386261,0.1940077288058873,0.4477440158579155,0.2153179327819312,0.0469627503326811,0.1465394441958502,0.002228782038504,-0.0300170334879164,-0.022310262194055,0.0474682846100371,10.579522862823062,10.579522862823062,8.328031809145129,0.378727634194831,0.1597119534146799,0.1513032218341758,-0.0983873612948854,-0.0233068391523905,1006,47,0,47,1.0,1.875593542260209,1.875593542260209,1.963220675944334,102.166219124763,55.75578361126456,-5.60422512999416,61.36000874125871,0.9163101732669864,157.92200273602754,0.0510831095623815,0.0278778918056322,0.0789610013680137,0.8661971830985915,246,160,86,38,0,157,123.35476190476189,88.41334498834502,8,30,8.0,6.0,84,0,198,59,0,59,198,0,4702.047337411591,470.2047337411591,9963.02037024001,996.302037024001,381.2636717935815,38.12636717935815,5918.3843090637065,591.8384309063706,5030.0,503.0,0,0,0.0616773809523809,-0.0044,0.0616773809523809,-0.0044,0.0,0.0,0.0616773809523809,0.004,0.0676238364593886,0.1457894219559923,-0.0896926150907252,0.0020863694309775,0.0006260240023836,-0.0120443920154404,-0.0013280749935956,-0.000885,-0.0002580749935956,-0.000185,0.0,0.0,0.0,0.0,0.0,0.0006260240023836,0.0087060240023834,0.0616773809523809,0.0006260240023836,0.0,0.0,0.0510831095623825,0.0278778918056322,-0.0112084502599883,0.0409066724941725,-0.002802112564997,0.0306800043706293,0.0020863694309775,0.0020863694309775,0.4644482856900186,0.1496356820533717,0.0642256421692789,0.0,0.0,0.0128378389225432,0.0,0.0,0.0080799999999998,0.0442066724941725,-0.0033,0.0295,0.099,0.0001490906450069,0.001757536140374,-0.001608445495367,0.2161826269494162,0.1172261344061957,0.0989564925432205,0.9433173537254332,0.8882865905761719,8432,8011,0,0.114242978228463,0.5900381460785866,5,8,16443,8432,8011,0.0797387611837698,cuda,77.083984375,,,,,,,,,,,,
281,322,200,True,1026,1026,959,618,341,48,293,0.3555787278415016,0.0500521376433785,0.305526590198123,0.4919093851132686,1.980582524271845,0.7955807677219987,13.231794551738258,26.812722558728314,0.5041488772720445,0.5191470386044493,0.2035812827363658,0.0429103814945541,0.18830021833368,0.5139477625006996,0.2340198575540123,0.0719776563911508,0.1500760307053291,0.0051992761037497,-0.0304385748176464,-0.0290672748965967,0.0382241876283509,10.805005213764336,10.805005213764336,8.472367049009385,0.502606882168926,0.1658813063574542,0.1114866044093579,-0.1057203198122453,-0.072520326924472,959,67,0,67,1.0,1.932748538011696,1.932748538011696,2.0636079249217936,108.1766478970298,61.07588800827831,-5.312802467912175,66.38869047619048,0.925903879406612,169.25253590530812,0.0540883239485149,0.0305379440041391,0.084626267952654,0.8617021276595744,243,165,78,39,0,163,131.58333333333334,90.71825396825398,2,37,2.0,2.0,76,0,293,48,0,48,293,0,4840.148874730713,484.0148874730713,10253.09329156319,1025.3093291563189,377.3978599454716,37.73978599454716,6094.16156136692,609.416156136692,4795.0,479.5,0,0,0.0657916666666666,-0.0011,0.0657916666666666,-0.0011,0.0,0.0,0.0657916666666666,0.001,0.0702374599478318,0.1435642852526699,-0.1192002138666917,0.0017951135743949,0.0006149530759079,-0.0113296002152492,-0.0012504501930706,-0.00072,-0.0003054501930706,-0.000225,0.0,0.0,0.0,0.0,0.0,0.0006149530759079,0.0072749530759078,0.0657916666666666,0.0006149530759079,0.0,0.0,0.0540883239485156,0.0305379440041391,-0.0106256049358243,0.0442591269841269,-0.002656401233956,0.0331943452380952,0.0017951135743949,0.0017951135743949,0.4558914585093943,0.1396692380969025,0.0602125355915774,0.0,0.0,0.0163348451100489,0.0,0.0,0.0066599999999999,0.0453591269841269,-0.0011,0.024,0.1465,0.0047079200830517,0.0035047047047151,0.0012032153783366,0.2514661162056856,0.1495438256197505,0.1019222905859351,0.9376671314239502,0.8950150012969971,8311,7867,0,0.1219991024997499,0.6042143948376179,6,8,16178,8311,7867,0.0875749522454795,cuda,76.74951171875,,,,,,,,,,,,
282,323,200,True,998,998,936,618,318,25,293,0.3397435897435897,0.0267094017094017,0.313034188034188,0.4077669902912621,2.067961165048544,0.7693814615987266,13.81950897074826,32.427441007111064,0.539917720463434,0.5500361036666003,0.1659677990480148,0.0207211920406826,0.1941875580074356,0.5389677138824294,0.2075393906271561,0.0493671320059297,0.1536610194958119,0.0110683897841709,-0.0415715915791412,-0.0286459399652471,0.0405265385116236,12.655982905982906,12.655982905982906,10.25,0.5042735042735043,0.219034057100405,0.0202575649933065,-0.1111773238930364,-0.0503786727482985,936,62,0,62,1.0,1.988977955911824,1.988977955911824,2.108974358974359,125.73836332445543,80.17062027631152,-5.249320199878945,85.41994047619045,0.942104742437098,205.908983600767,0.0628691816622277,0.0400853101381557,0.1029544918003834,0.7589928057553957,211,172,39,67,0,170,153.57341269841274,119.39325396825392,5,62,5.0,5.0,39,0,293,25,0,25,293,0,4894.22837732469,489.422837732469,10498.854475591184,1049.8854475591183,405.2662019920457,40.52662019920457,6162.317485230803,616.2317485230803,4680.0,468.0,0,0,0.0767867063492063,-0.00275,0.0767867063492063,-0.00275,0.0,0.0,0.0767867063492063,0.0025,0.0730472264328739,0.1401543280478401,-0.1120150719433412,0.0023533068404187,0.000769082914313,-0.0121334236771543,-0.0005665275882815,-0.000375,-0.0001265275882815,-6.500000000000005e-05,0.0,0.0,0.0,0.0,0.0,0.000769082914313,0.0071990829143129,0.0767867063492063,0.000769082914313,0.0,0.0,0.0628691816622283,0.0400853101381557,-0.0104986403997578,0.0569466269841269,-0.0026246600999394,0.0427099702380952,0.0023533068404187,0.0023533068404187,0.4653769443361046,0.1351876382204407,0.0487733003423435,0.0,0.0,0.0197044971609887,0.0,0.0,0.0064299999999999,0.0596966269841269,-0.00275,0.0125,0.1465,0.0047079200830517,0.0035047047047151,0.0012032153783366,0.2514661162056856,0.1495438256197505,0.1019222905859351,0.9376671314239502,0.8950150012969971,8311,7867,0,0.1219991024997499,0.6042143948376179,6,8,16178,8311,7867,0.0875749522454795,cuda,76.74951171875,,,,,,,,,,,,
283,324,200,True,1032,1032,975,743,232,45,187,0.2379487179487179,0.0461538461538461,0.1917948717948717,0.4441453566621803,1.9784656796769853,0.7575780854812381,13.93492943184854,27.85040194245399,0.4682130315937037,0.4940245274058261,0.1854623988681895,0.0279534160251031,0.2029401500098918,0.4937520342632065,0.2166202884395563,0.0715480477171216,0.1452122586923444,0.0002724931426195,-0.0311578895713667,-0.0435946316920185,0.0577278913175474,11.294358974358977,11.294358974358977,8.696410256410257,0.5035897435897436,0.1564525259380579,0.0617058955940837,-0.1021277293996613,0.0190959165643137,975,57,0,57,1.0,1.9137596899224807,1.9137596899224807,2.0225641025641026,106.51661180152252,55.50000930589511,-5.300864819979023,60.8008741258741,0.919807483063022,162.01662110741762,0.0532583059007612,0.0277500046529475,0.0810083105537088,0.7943262411347518,224,160,64,58,0,157,128.8785714285714,89.86783216783218,9,49,9.0,8.0,64,0,187,45,0,45,187,0,4797.944618195674,479.79446181956735,10272.222972074916,1027.2222972074917,408.6142198679012,40.86142198679012,6041.503247878581,604.150324787858,4875.0,487.5,0,0,0.0644392857142857,-0.00495,0.0644392857142857,-0.00495,0.0,0.0,0.0644392857142857,0.0045,0.0677737100762462,0.1589872235024885,-0.1238788011804842,0.003240734496248,0.0006543866466635,-0.0126502648129574,-0.001022365434368,-0.000675,-0.000212365434368,-0.000135,0.0,0.0,0.0,0.0,0.0,0.0006543866466635,0.0085343866466634,0.0644392857142857,0.0006543866466635,0.0,0.0,0.0532583059007621,0.0277500046529475,-0.010601729639958,0.040533916083916,-0.0026504324099895,0.030400437062937,0.003240734496248,0.003240734496248,0.4799238615680569,0.1536755790727803,0.0631979729953191,0.0,0.0,0.016621434811775,0.0,0.0,0.0078799999999998,0.044933916083916,-0.0044,0.0225,0.0935,0.0047079200830517,0.0035047047047151,0.0012032153783366,0.2514661162056856,0.1495438256197505,0.1019222905859351,0.9376671314239502,0.8950150012969971,8311,7867,0,0.1219991024997499,0.6042143948376179,6,8,16178,8311,7867,0.0875749522454795,cuda,76.74951171875,,,,,,,,,,,,
284,325,200,True,941,941,901,679,222,35,187,0.246392896781354,0.0388457269700332,0.2075471698113207,0.4624447717231222,1.961708394698085,0.7178424900515616,16.313968843844922,28.01919798610049,0.4490663265450741,0.4941186253776957,0.1129849108213089,0.0171953600245652,0.2240196806303224,0.4873479971873392,0.1539561437643153,0.0468988956661349,0.1649652230244717,0.0067706281903565,-0.0409712329430064,-0.0297035356415696,0.0590544576058507,12.648168701442842,12.648168701442842,10.005549389567149,0.4716981132075472,0.1874457140237017,0.0377241056904444,-0.0620181280930581,0.0061525409386953,901,40,0,40,1.0,1.8607863974495216,1.8607863974495216,1.9433962264150944,120.86013423582298,77.7042323009768,-5.061134240376535,82.76536654135337,0.9423734955243784,198.56436653679972,0.0604300671179114,0.0388521161504884,0.0992821832683999,0.6376306620209059,183,155,28,104,0,155,151.1,123.55382205513784,12,92,12.0,12.0,28,0,187,35,2,35,187,0,3991.657855806084,399.1657855806084,8092.050937977294,809.2050937977294,368.8767705223812,36.88767705223812,5032.781141633659,503.2781141633659,4505.0,450.5,0,2,0.0755499999999999,-0.0065999999999999,0.0755499999999999,-0.0065999999999999,0.0,0.0,0.0755499999999999,0.006,0.0659622882877172,0.1509494080705817,-0.0957293323511032,0.0019583117777037,0.0008103355895574,-0.0110878558341331,-0.0008236675308869,-0.000525,-0.0001986675308869,-0.0001,0.0,0.0,0.0,-0.002,-0.002,0.0008103355895574,0.0079503355895572,0.0735499999999999,0.0008103355895574,0.0,0.0,0.060430067117912,0.0388521161504884,-0.010122268480753,0.0551769110275689,-0.0025305671201882,0.0413826832706766,0.0019583117777037,0.0019583117777037,0.4073309680828823,0.096051473556886,0.0385048500369066,0.0,0.0,0.0251121331130638,0.0,0.0,0.0071399999999998,0.0617769110275689,-0.0065999999999999,0.0175,0.0935,0.0047079200830517,0.0035047047047151,0.0012032153783366,0.2514661162056856,0.1495438256197505,0.1019222905859351,0.9376671314239502,0.8950150012969971,8311,7867,0,0.1219991024997499,0.6042143948376179,6,8,16178,8311,7867,0.0875749522454795,cuda,76.74951171875,,,,,,,,,,,,
285,326,200,True,1034,1034,978,728,250,33,217,0.2556237218813906,0.0337423312883435,0.221881390593047,0.4258241758241758,2.0741758241758244,0.7750619861942071,13.551510172885854,26.962881303423053,0.5098599662577636,0.5247198563110043,0.2133586412285464,0.0229363804203355,0.1900712178820478,0.5160867722889224,0.2461544134370102,0.0560312944614382,0.1470447850265223,0.0086330840220818,-0.0327957722084637,-0.0330949140411026,0.0430264328555255,12.477505112474438,12.477505112474438,9.803680981595091,0.523517382413088,0.1395692244532171,0.1444215743018756,-0.1180952272316191,-0.0333668041860399,978,56,0,56,1.0,1.90715667311412,1.90715667311412,2.016359918200409,126.29279531876016,74.93857938678418,-6.374813470358673,81.31339285714286,0.9273013585595564,201.2313747055444,0.06314639765938,0.037469289693392,0.1006156873527721,0.823321554770318,233,178,55,50,0,175,153.67619047619044,110.61785714285716,2,48,2.0,2.0,55,0,217,33,0,33,217,0,4761.686208825218,476.16862088252185,10107.64705629232,1010.764705629232,425.3227792588009,42.53227792588009,5998.517661734481,599.8517661734481,4890.0,489.0,0,0,0.0768380952380952,-0.0011,0.0768380952380952,-0.0011,0.0,0.0,0.0768380952380952,0.001,0.0745302802234857,0.1625415516404623,-0.1219288213843758,0.0017238835068909,0.0007696073445196,-0.0134973838175165,-0.0007377291414675,-0.000495,-0.0001602291414675,-8.250000000000005e-05,0.0,0.0,0.0,0.0,0.0,0.0007696073445196,0.0083796073445195,0.0768380952380952,0.0007696073445196,0.0,0.0,0.0631463976593809,0.037469289693392,-0.0127496269407173,0.0542089285714285,-0.0031874067351793,0.0406566964285714,0.0017238835068909,0.0017238835068909,0.4871937658513141,0.174665045680269,0.0489741057368432,0.0,0.0,0.0115371045595672,0.0,0.0,0.0076099999999998,0.0553089285714285,-0.0011,0.0165,0.1085,0.0047079200830517,0.0035047047047151,0.0012032153783366,0.2514661162056856,0.1495438256197505,0.1019222905859351,0.9376671314239502,0.8950150012969971,8311,7867,0,0.1219991024997499,0.6042143948376179,6,8,16178,8311,7867,0.0875749522454795,cuda,76.74951171875,,,,,,,,,,,,
286,327,200,True,1127,1127,1059,751,308,80,228,0.2908404154863078,0.0755429650613786,0.2152974504249291,0.4274300932090546,2.078561917443409,0.7342023120897905,14.502080794180758,27.09288125984202,0.4953531000396706,0.4910649386409437,0.1808147139886962,0.0673433115703367,0.1806444415026474,0.493828354837415,0.212042340226273,0.1143262534592667,0.1386204879239856,-0.0027634161964713,-0.0312276262375767,-0.04698294188893,0.0420239535786618,10.87724268177526,10.87724268177526,8.30406043437205,0.4863078375826251,0.1471902552937364,0.1236326656431067,-0.1006306415924594,-0.0675628319069996,1059,68,0,68,1.0,1.7577639751552796,1.7577639751552796,1.870632672332389,86.77961938058222,48.50931882796373,-6.326904323884398,54.83622315184813,0.8965568867224015,135.28893820854594,0.0433898096902911,0.0242546594139818,0.0676444691042729,0.8856088560885609,240,153,87,31,0,150,104.1190476190476,75.31496420246424,2,29,2.0,2.0,84,0,228,80,0,80,228,0,4343.009995870057,434.30099958700566,9389.87516689086,938.987516689086,423.1881241294346,42.31881241294346,5469.265545414126,546.9265545414125,5295.0,529.5,0,0,0.0520595238095238,-0.0011,0.0520595238095238,-0.0011,0.0,0.0,0.0520595238095238,0.001,0.0642092365430802,0.1678261137878689,-0.1254359525734403,0.0026873484028859,0.0004009532133601,-0.013527642839952,-0.0017709618563452,-0.0011999999999999,-0.0002909618563452,-0.00028,0.0,0.0,0.0,0.0,0.0,0.0004009532133601,0.00871095321336,0.0520595238095238,0.0004009532133601,0.0,0.0,0.0433898096902918,0.0242546594139818,-0.0126538086477687,0.0365574821012321,-0.0031634521619421,0.027418111575924,0.0026873484028859,0.0026873484028859,0.4569333671101327,0.1610830021244132,0.0984616287209749,0.0,0.0,0.0048272162732773,0.0,0.0,0.0083099999999998,0.0376574821012321,-0.0011,0.04,0.114,0.0047079200830517,0.0035047047047151,0.0012032153783366,0.2514661162056856,0.1495438256197505,0.1019222905859351,0.9376671314239502,0.8950150012969971,8311,7867,0,0.1219991024997499,0.6042143948376179,6,8,16178,8311,7867,0.0875749522454795,cuda,76.74951171875,,,,,,,,,,,,
287,328,200,True,1086,1086,1036,733,303,33,270,0.2924710424710425,0.0318532818532818,0.2606177606177606,0.4447476125511596,1.971350613915416,0.7423726719528396,15.66227634736981,27.36409099593169,0.4410504844404925,0.4713700517381847,0.1438186306602958,0.0343684279423405,0.2039159845718338,0.474126881824509,0.1774947019700484,0.0749011979629584,0.1480377071916975,-0.0027568300863242,-0.0336760713097526,-0.0405327700206179,0.0558782773801363,9.552123552123552,9.552123552123552,7.16023166023166,0.443050193050193,0.1574929513694298,0.0501606319324052,-0.1002522567864905,-0.0184797662841249,1036,50,0,50,1.0,1.7918968692449355,1.7918968692449355,1.8783783783783785,97.52086512623583,57.57853085827144,-5.005397713157143,62.58392857142855,0.925943962038002,155.09939598450728,0.0487604325631179,0.0287892654291357,0.0775496979922536,0.8122743682310469,225,160,65,52,0,154,117.91666666666664,85.64523809523808,3,49,3.0,2.0,62,0,270,33,0,33,270,0,4561.842337120335,456.1842337120335,9666.979724150422,966.6979724150422,377.1175998448805,37.71175998448805,5744.971203022612,574.4971203022612,5180.0,518.0,0,0,0.0589583333333333,-0.00165,0.0589583333333333,-0.00165,0.0,0.0,0.0589583333333333,0.0015,0.0659617343720381,0.1527077808753251,-0.1048078138187313,0.0028441372228583,0.0003088294822561,-0.0117560001794641,-0.0007550844234236,-0.000495,-0.0001775844234236,-8.250000000000005e-05,0.0,0.0,0.0,0.0,0.0,0.0003088294822561,0.007968829482256,0.0589583333333333,0.0003088294822561,0.0,0.0,0.0487604325631184,0.0287892654291356,-0.0100107954263142,0.041722619047619,-0.0025026988565785,0.0312919642857142,0.0028441372228583,0.0028441372228583,0.4477782952540403,0.130025881646075,0.0601134830607763,0.0,0.0,0.007656171586246,0.0,0.0,0.0076599999999998,0.042822619047619,-0.0011,0.0165,0.135,0.0047079200830517,0.0035047047047151,0.0012032153783366,0.2514661162056856,0.1495438256197505,0.1019222905859351,0.9376671314239502,0.8950150012969971,8311,7867,0,0.1219991024997499,0.6042143948376179,6,8,16178,8311,7867,0.0875749522454795,cuda,76.74951171875,,,,,,,,,,,,
288,329,200,True,1067,1067,1023,760,263,25,238,0.2570869990224829,0.0244379276637341,0.2326490713587487,0.45,2.001315789473684,0.7487289649091269,14.293081519478246,29.02550375014544,0.5289461201149128,0.512953209328024,0.1418804584316125,0.023337616674651,0.1863918016983294,0.5114995890738149,0.179394738960668,0.065704250374141,0.1494640777010078,0.0014536202542091,-0.0375142805290555,-0.04236663369949,0.0369277239973215,12.24633431085044,12.24633431085044,9.603128054740958,0.5249266862170088,0.1695422256265782,0.0167642829616901,-0.0148086257017438,-0.0104682173635096,1023,44,0,44,1.0,1.8369259606373007,1.8369259606373007,1.9159335288367547,111.64097684398467,62.1960430347981,-7.039076012820938,69.23511904761904,0.907713532640454,173.83701987878277,0.0558204884219923,0.031098021517399,0.0869185099393913,0.8690909090909091,239,166,73,36,0,162,135.41666666666663,94.51349206349204,3,33,3.0,2.0,71,0,238,25,0,25,238,0,4579.0792103655385,457.9079210365538,9816.54710834209,981.654710834209,458.9787563066509,45.89787563066509,5772.558565418171,577.2558565418171,5115.0,511.5,0,0,0.0677083333333333,-0.00165,0.0677083333333333,-0.00165,0.0,0.0,0.0677083333333333,0.0015,0.0693606381306801,0.1689297357763722,-0.1168664720813192,0.001464564387384,0.0004191087766284,-0.0146181473049816,-0.0005817453315293,-0.000375,-0.0001392453315293,-6.750000000000004e-05,0.0,0.0,0.0,0.0,0.0,0.0004191087766284,0.0082691087766283,0.0677083333333333,0.0004191087766284,0.0,0.0,0.055820488421993,0.031098021517399,-0.0140781520256418,0.046156746031746,-0.0035195380064104,0.0346175595238095,0.001464564387384,0.001464564387384,0.4744404499688127,0.1272491077075863,0.0572615684422246,0.0,0.0,0.00847800303916,0.0,0.0,0.0078499999999998,0.047256746031746,-0.0011,0.0125,0.119,0.0047079200830517,0.0035047047047151,0.0012032153783366,0.2514661162056856,0.1495438256197505,0.1019222905859351,0.9376671314239502,0.8950150012969971,8311,7867,0,0.1219991024997499,0.6042143948376179,6,8,16178,8311,7867,0.0875749522454795,cuda,76.74951171875,,,,,,,,,,,,
289,330,200,True,1075,1075,1013,741,272,55,217,0.2685093780848963,0.0542941757156959,0.2142152023692003,0.4885290148448043,1.902834008097166,0.7554145165582096,14.262841693142004,27.29395939246845,0.4626865029122458,0.4665399356852015,0.1425503270446691,0.0679050770659859,0.1903020485471456,0.4672879921762566,0.1659399383876085,0.120826884387306,0.1384754890020479,-0.0007480564910551,-0.0233896113429394,-0.0529218073213201,0.0518265595450977,9.792694965449162,9.792694965449162,7.265547877591313,0.4580454096742349,0.1292219137185804,0.1339909897381092,-0.1122462539110094,-0.0783995830472832,1013,62,0,62,1.0,1.822325581395349,1.822325581395349,1.9338598223099703,92.77939466393556,54.19216813506599,-5.580719394071541,59.77288752913749,0.9146073238064898,146.97156279900153,0.0463896973319677,0.0270960840675329,0.0734857813995007,0.8350877192982457,238,164,74,47,0,159,111.87976190476188,82.99718337218337,3,44,3.0,3.0,72,0,217,55,0,55,217,0,4588.744882181815,458.8744882181815,9802.10202074761,980.210202074761,399.1549037626302,39.91549037626302,5778.950672583778,577.8950672583778,5065.0,506.5,0,0,0.0559398809523809,-0.00165,0.0559398809523809,-0.00165,0.0,0.0,0.0559398809523809,0.0015,0.0681206931693313,0.1518168378943958,-0.1158190170291627,0.0028530249139871,0.0002289628503149,-0.0124672981197487,-0.0012881928553322,-0.000825,-0.0003181928553322,-0.000145,0.0,0.0,0.0,0.0,0.0,0.0002289628503149,0.0081889628503148,0.0559398809523809,0.0002289628503149,0.0,0.0,0.0463896973319684,0.027096084067533,-0.011161438788143,0.0398485916860916,-0.0027903596970357,0.0298864437645687,0.0028530249139871,0.0028530249139871,0.4614367773754916,0.1225439913187946,0.1003285607503583,0.0,0.0,0.0100094770053578,0.0,0.0,0.0079599999999998,0.0414985916860916,-0.00165,0.0275,0.1085,0.000304201426094,-0.0015639883466064,0.0018681897727005,0.2415503399531826,0.1323853698041704,0.1091649701490121,0.9387673735618592,0.8764157295227051,8677,8252,0,0.1151138583819071,0.5495761250748353,7,8,16929,8677,8252,0.0815011876867644,cuda,77.9423828125,,,,,,,,,,,,
290,331,200,True,1092,1092,1036,683,353,33,320,0.3407335907335907,0.0318532818532818,0.3088803088803089,0.4919472913616398,1.9853587115666176,0.7567281956684886,14.112595794141557,27.83807558645965,0.4521193706766829,0.5325782794074467,0.1390853764361116,0.0318656771636048,0.2307853132109996,0.5286367012850537,0.168576200656991,0.0657783875181878,0.1667198460892737,0.003941578122393,-0.0294908242208793,-0.0339127103545829,0.0640654671217259,11.847490347490348,11.847490347490348,9.53088803088803,0.4749034749034749,0.1570431920508932,0.0404930923225269,-0.1092295345858619,-0.0674115304719829,1036,56,0,56,1.0,1.8086080586080584,1.8086080586080584,1.9063706563706564,113.8067198317957,67.58557278488713,-4.2620733190090245,71.8476461038961,0.9440009324521784,181.3922926166828,0.0569033599158978,0.0337927863924435,0.0906961463083414,0.8086642599277978,224,162,62,53,0,159,138.36666666666667,106.79686147186148,11,42,11.0,10.0,60,0,320,33,0,33,320,0,4369.915232032974,436.9915232032974,9397.201041261476,939.7201041261476,379.97139125627297,37.9971391256273,5508.942150498995,550.8942150498995,5180.0,518.0,0,0,0.0691833333333333,-0.00605,0.0691833333333333,-0.00605,0.0,0.0,0.0691833333333333,0.0055,0.0675096704647451,0.1554354896931299,-0.10454020157387,0.0035916393652075,0.0006234662461557,-0.0112290010959709,-0.0008307829316212,-0.000495,-0.0002407829316212,-9.500000000000009e-05,0.0,0.0,0.0,0.0,0.0,0.0006234662461557,0.0077834662461556,0.0691833333333333,0.0006234662461557,0.0,0.0,0.0569033599158984,0.0337927863924435,-0.008524146638018,0.0478984307359307,-0.0021310366595045,0.035923823051948,0.0035916393652075,0.0035916393652075,0.4483005819455102,0.1218828581390165,0.0469423605705955,0.0,0.0,0.0081031230484851,0.0,0.0,0.0071599999999998,0.0533984307359307,-0.0055,0.0165,0.16,0.000304201426094,-0.0015639883466064,0.0018681897727005,0.2415503399531826,0.1323853698041704,0.1091649701490121,0.9387673735618592,0.8764157295227051,8677,8252,0,0.1151138583819071,0.5495761250748353,7,8,16929,8677,8252,0.0815011876867644,cuda,77.9423828125,,,,,,,,,,,,
291,332,200,True,1051,1051,1017,689,328,34,294,0.3225172074729597,0.0334316617502458,0.2890855457227139,0.5123367198838897,1.8577648766328008,0.7593352234069426,13.951900544464156,27.14149730662303,0.488480110037129,0.4879567041582224,0.1807028338832156,0.020272358830245,0.1949718460840739,0.4795959425552143,0.2107129191766197,0.0497364691784402,0.1466516816342473,0.008360761603008,-0.030010085293404,-0.0294641103481952,0.0483201644498265,9.791543756145526,9.791543756145526,7.535889872173058,0.4296951819075713,0.1889148707927255,0.0809975970293582,-0.1186870323457482,0.003047305126852,1017,34,0,34,1.0,1.8810656517602284,1.8810656517602284,1.9400196656833824,121.55199051190272,75.45403394644651,-5.040608910696317,80.49464285714286,0.9410698068162868,197.00602445834923,0.0607759952559513,0.0377270169732232,0.0985030122291746,0.8357142857142857,234,169,65,46,0,166,147.91666666666666,110.62619047619046,4,42,4.0,3.0,65,0,294,34,0,34,294,0,4702.205763091553,470.2205763091553,9831.861191762013,983.1861191762011,391.6116363911517,39.16116363911517,5922.591008743642,592.2591008743642,5085.0,508.5,0,0,0.0739583333333333,-0.0022,0.0739583333333333,-0.0022,0.0,0.0,0.0739583333333333,0.002,0.0708833213699316,0.1471599824755273,-0.1000620320367733,0.0026248728035771,0.0008166429464234,-0.0122386471072544,-0.0007886662637799,-0.00051,-0.0001886662637799,-9.000000000000006e-05,0.0,0.0,0.0,0.0,0.0,0.0008166429464234,0.0080466429464233,0.0739583333333333,0.0008166429464234,0.0,0.0,0.0607759952559522,0.0377270169732232,-0.0100812178213926,0.0536630952380952,-0.0025203044553481,0.0402473214285714,0.0026248728035771,0.0026248728035771,0.451114732318804,0.128963342978831,0.0400203908245491,0.0,0.0,0.0245322283703425,0.0,0.0,0.0072299999999998,0.0553130952380952,-0.00165,0.017,0.147,0.000304201426094,-0.0015639883466064,0.0018681897727005,0.2415503399531826,0.1323853698041704,0.1091649701490121,0.9387673735618592,0.8764157295227051,8677,8252,0,0.1151138583819071,0.5495761250748353,7,8,16929,8677,8252,0.0815011876867644,cuda,77.9423828125,,,,,,,,,,,,
292,333,200,True,1134,1134,1079,775,304,53,251,0.2817423540315106,0.0491195551436515,0.2326227988878591,0.4812903225806451,1.8761290322580648,0.7224343337743513,15.36694301359115,24.925022210767192,0.4629942020698405,0.454609272422329,0.1723640939497178,0.0494806269255857,0.1760173475477964,0.447369788154479,0.1992490481441059,0.0732855371524009,0.1405719451918717,0.00723948426785,-0.026884954194388,-0.0238049102268151,0.0354454023559247,9.687673772011122,9.687673772011122,7.392029657089898,0.3994439295644115,0.1761009417751422,0.0806973542886152,-0.0951986103468235,-0.0609256660210981,1079,55,0,55,1.0,1.7345679012345678,1.7345679012345678,1.8164967562557923,102.80190023229466,55.25515760169118,-5.795762311728722,61.050919913419925,0.9132976818175088,158.05705783398582,0.0514009501161473,0.0276275788008455,0.0790285289169929,0.7978339350180506,221,145,76,56,0,141,124.16666666666666,88.00122655122654,6,50,6.0,6.0,76,0,251,53,0,53,251,0,4228.671427493558,422.8671427493558,9079.20062059923,907.9200620599228,414.5000436141926,41.45000436141926,5326.748391069274,532.6748391069274,5395.0,539.5,0,0,0.0620833333333333,-0.0033,0.0620833333333333,-0.0033,0.0,0.0,0.0620833333333333,0.003,0.0604280484785918,0.1570572166978069,-0.1101672774601339,0.0028151100895087,0.0003914172474033,-0.0130480184247733,-0.0012460920819267,-0.000795,-0.0003010920819267,-0.00015,0.0,0.0,0.0,0.0,0.0,0.0003914172474033,0.0086714172474032,0.0620833333333333,0.0003914172474033,0.0,0.0,0.0514009501161482,0.0276275788008455,-0.0115915246234574,0.0407006132756132,-0.0028978811558643,0.0305254599567099,0.0028151100895087,0.0028151100895087,0.4251558183302709,0.1427152623346786,0.0589282810133188,0.0,0.0,0.0116573088767175,0.0,0.0,0.0082799999999998,0.0440006132756132,-0.0033,0.0265,0.1255,0.000304201426094,-0.0015639883466064,0.0018681897727005,0.2415503399531826,0.1323853698041704,0.1091649701490121,0.9387673735618592,0.8764157295227051,8677,8252,0,0.1151138583819071,0.5495761250748353,7,8,16929,8677,8252,0.0815011876867644,cuda,77.9423828125,,,,,,,,,,,,
293,334,200,True,1107,1107,1037,684,353,62,291,0.3404050144648023,0.0597878495660559,0.2806171648987464,0.4108187134502924,2.0116959064327484,0.7768111449410344,13.467238778956451,30.55452256889372,0.4963268458060151,0.5130484158401949,0.2025868087048419,0.0687342724798258,0.1828377852597606,0.518672683586677,0.2271536695103743,0.1311414827674706,0.1381957479861526,-0.005624267746482,-0.0245668608055324,-0.0624072102876448,0.0446420372736079,11.4725168756027,11.4725168756027,9.038572806171649,0.4908389585342333,0.1729164828201556,0.0262265711835611,-0.1616133291759488,-0.0667697258419697,1037,70,0,70,1.0,1.7841011743450768,1.7841011743450768,1.9045323047251688,91.1961414156662,52.82550084477592,-6.090578908803831,58.91607975357973,0.9063083838774784,144.02164226044212,0.045598070707833,0.0264127504223879,0.072010821130221,0.8241758241758241,225,154,71,48,0,151,110.06428571428567,82.95477300477303,4,44,4.0,4.0,71,0,291,62,0,62,291,0,4440.864802554834,444.08648025548337,9523.677242869271,952.3677242869272,390.69457074464304,39.0694570744643,5594.068706686348,559.4068706686348,5185.0,518.5,0,0,0.0550321428571428,-0.0022,0.0550321428571428,-0.0022,0.0,0.0,0.0550321428571428,0.002,0.0647549408590505,0.1587260050543804,-0.1412055930309602,0.0017204122684302,0.0004017821105942,-0.0123450022566555,-0.0014607973138487,-0.00093,-0.0003307973138487,-0.0002,0.0,0.0,0.0,0.0,0.0,0.0004017821105942,0.007861782110594,0.0550321428571428,0.0004017821105942,0.0,0.0,0.0455980707078338,0.0264127504223879,-0.0121811578176076,0.0392773865023865,-0.0030452894544019,0.0294580398767898,0.0017204122684302,0.0017204122684302,0.4643064094269108,0.1551100342707289,0.0940476088062098,0.0,0.0,0.0075178411596165,0.0,0.0,0.0074599999999998,0.0414773865023865,-0.0022,0.031,0.1455,0.000304201426094,-0.0015639883466064,0.0018681897727005,0.2415503399531826,0.1323853698041704,0.1091649701490121,0.9387673735618592,0.8764157295227051,8677,8252,0,0.1151138583819071,0.5495761250748353,7,8,16929,8677,8252,0.0815011876867644,cuda,77.9423828125,,,,,,,,,,,,
294,335,200,True,1097,1097,1044,728,316,78,238,0.3026819923371647,0.0747126436781609,0.2279693486590038,0.4903846153846153,1.940934065934066,0.7477369468945724,14.209739010412614,27.8406240626924,0.4814516785464238,0.4853022692336158,0.1881222869730094,0.0735872351861262,0.1881921029787838,0.4918231874049364,0.21319885406986,0.128030317169,0.1386336435661088,-0.0065209181713206,-0.0250765670968506,-0.0544430819828738,0.0495584594126749,10.6044061302682,10.6044061302682,8.041187739463602,0.5028735632183908,0.148301928624306,0.0983724116219628,-0.1466559229001356,-0.0516888924902389,1044,53,0,53,1.0,1.8076572470373744,1.8076572470373744,1.899425287356321,90.3751314951686,51.534985692588414,-6.135220449308906,57.6702061418973,0.90384484867382,141.910117187757,0.0451875657475842,0.0257674928462942,0.0709550585938785,0.8392857142857143,235,153,82,45,0,151,108.75873015873016,80.19360818919642,5,40,5.0,3.0,80,0,238,78,0,78,238,0,4546.40576134573,454.640576134573,9645.871447892136,964.5871447892138,396.8172259504473,39.68172259504473,5726.284827744522,572.6284827744522,5220.0,522.0,0,0,0.054379365079365,-0.00275,0.054379365079365,-0.00275,0.0,0.0,0.054379365079365,0.0025,0.064845525266032,0.1655694848385542,-0.1374758052952813,0.0022311007786404,0.0003603684204613,-0.0127453389926802,-0.0018306586386926,-0.0011699999999999,-0.0004206586386926,-0.00024,0.0,0.0,0.0,0.0,0.0,0.0003603684204613,0.0084203684204612,0.054379365079365,0.0003603684204613,0.0,0.0,0.0451875657475852,0.0257674928462942,-0.0122704408986178,0.0384468040945982,-0.0030676102246544,0.0288351030709486,0.0022311007786404,0.0022311007786404,0.4731813841305787,0.1550806334942346,0.1021673709626398,0.0,0.0,0.0114484425870177,0.0,0.0,0.0080599999999998,0.0400968040945982,-0.00165,0.039,0.119,0.000304201426094,-0.0015639883466064,0.0018681897727005,0.2415503399531826,0.1323853698041704,0.1091649701490121,0.9387673735618592,0.8764157295227051,8677,8252,0,0.1151138583819071,0.5495761250748353,7,8,16929,8677,8252,0.0815011876867644,cuda,77.9423828125,,,,,,,,,,,,
295,336,200,True,1044,1044,1001,715,286,40,246,0.2857142857142857,0.0399600399600399,0.2457542457542457,0.4433566433566434,2.016783216783217,0.760157518578576,14.033681582737636,30.18769112700349,0.5067906302803317,0.5165403490299945,0.1855568320340626,0.039785070008748,0.1984725364959323,0.5142821957806607,0.2305437575739163,0.0687125810176147,0.1482879952820656,0.0022581532493337,-0.0449869255398537,-0.0289275110088666,0.0501845412138667,12.683316683316685,12.683316683316685,10.154845154845155,0.4845154845154845,0.1795354904726996,0.0335116158457275,-0.0808048288903368,-0.0733372902371754,1001,43,0,43,1.0,1.8888888888888888,1.8888888888888888,1.97002997002997,118.26567285762708,67.79791870550198,-6.044610836893195,73.84252954239521,0.9243356213754232,186.06359156312905,0.0591328364288135,0.0338989593527509,0.0930317957815645,0.7978723404255319,225,168,57,57,0,165,143.69761904761904,106.8351454101454,9,48,9.0,7.616763048744042,56,0,246,40,0,40,246,0,4620.294101517315,462.0294101517314,9898.157165734783,989.8157165734784,425.9364419369919,42.593644193699184,5820.477985620158,582.0477985620157,5005.0,500.5,0,0,0.0718488095238095,-0.0049499999999999,0.0718488095238095,-0.0049499999999999,0.0,0.0,0.0718488095238095,0.0045,0.0707346378737788,0.1624759259153213,-0.1315142862111328,0.0025681500894247,0.0007189440488295,-0.0131765563820923,-0.0009503805614821,-0.0006,-0.0002203805614821,-0.00013,0.0,0.0,0.0,0.0,0.0,0.0007189440488295,0.0082689440488294,0.0718488095238095,0.0007189440488295,0.0,0.0,0.0591328364288143,0.033898959352751,-0.0120892216737863,0.0492283530282634,-0.0030223054184465,0.0369212647711976,0.0025681500894247,0.0025681500894247,0.4683777059119555,0.1452988718612345,0.0542404231236248,0.0,0.0,0.0174145461039842,0.0,0.0,0.0075499999999998,0.0534175727050727,-0.0041892196768092,0.02,0.123,0.000304201426094,-0.0015639883466064,0.0018681897727005,0.2415503399531826,0.1323853698041704,0.1091649701490121,0.9387673735618592,0.8764157295227051,8677,8252,0,0.1151138583819071,0.5495761250748353,7,8,16929,8677,8252,0.0815011876867644,cuda,77.9423828125,,,,,,,,,,,,
296,337,200,True,1077,1077,1025,709,316,60,256,0.3082926829268292,0.0585365853658536,0.2497560975609756,0.5063469675599436,1.839210155148096,0.7661654362389332,14.050820481121455,28.049263400066387,0.478054789755382,0.4589044872056614,0.1493221827965277,0.0728519088897344,0.1842682671815955,0.4585700293185848,0.1719513048597825,0.1188963277660157,0.1381912855470844,0.0003344578870765,-0.0226291220632548,-0.0460444188762813,0.0460769816345111,9.654634146341465,9.654634146341465,7.36,0.4058536585365854,0.203252262257789,0.0417679446909598,-0.1092399468677191,-0.0257153655455949,1025,52,0,52,1.0,1.829155060352832,1.829155060352832,1.921951219512195,93.86833177814728,54.72838249073673,-5.81789313642592,60.546275627162615,0.9123338204212094,148.596714268884,0.0469341658890736,0.0273641912453683,0.074298357134442,0.8181818181818182,234,156,78,52,0,152,113.3190476190476,86.50277777777782,6,46,6.0,5.24946388626752,76,0,256,60,0,60,256,0,4628.794536299373,462.8794536299373,9745.715981833384,974.5715981833384,388.1820369818877,38.81820369818877,5828.906187852049,582.8906187852049,5125.0,512.5,0,0,0.0566595238095238,-0.0033,0.0566595238095238,-0.0033,0.0,0.0,0.0566595238095238,0.003,0.0655351787950415,0.1482030462290033,-0.1050120427224658,0.0023916631397579,0.0003427342072731,-0.0123251216835484,-0.0013811253115431,-0.0009,-0.0002661253115431,-0.000215,0.0,0.0,0.0,0.0,0.0,0.0003427342072731,0.0080327342072729,0.0566595238095238,0.0003427342072731,0.0,0.0,0.0469341658890744,0.0273641912453683,-0.0116357862728518,0.0403641837514417,-0.0029089465682129,0.0302731378135813,0.0023916631397579,0.0023916631397579,0.4573860022501274,0.1288946243531164,0.105205526323975,0.0,0.0,0.0101982113935502,0.0,0.0,0.0076899999999998,0.0432513888888888,-0.0028872051374471,0.03,0.128,0.000304201426094,-0.0015639883466064,0.0018681897727005,0.2415503399531826,0.1323853698041704,0.1091649701490121,0.9387673735618592,0.8764157295227051,8677,8252,0,0.1151138583819071,0.5495761250748353,7,8,16929,8677,8252,0.0815011876867644,cuda,77.9423828125,,,,,,,,,,,,
297,338,200,True,1098,1098,1054,854,200,47,153,0.1897533206831119,0.0445920303605313,0.1451612903225806,0.4672131147540984,1.8805620608899296,0.7729229625201057,13.74456048625973,26.69722480831157,0.4677803632208405,0.4878405907149895,0.2183112263356704,0.0321820232590804,0.1843450498075793,0.485459144259923,0.2435061899995304,0.0704532737079767,0.1417648902935013,0.0023814464550665,-0.02519496366386,-0.0382712504488963,0.042580159514078,12.263757115749526,12.263757115749526,9.494307400379506,0.4962049335863377,0.1445991041506908,0.0656034769971812,-0.1510257938392735,-0.0066837995692539,1054,44,0,44,1.0,1.8151183970856104,1.8151183970856104,1.8908918406072104,111.63405270600336,60.66445449243144,-6.992390745663788,67.65684523809523,0.9063300427189224,172.29850719843478,0.0558170263530016,0.0303322272462157,0.0861492535992173,0.8035714285714286,225,164,61,55,0,163,134.75,97.90912698412696,7,48,7.0,7.0,60,0,153,47,0,47,153,0,4395.462674934695,439.5462674934696,9460.639596990286,946.0639596990286,442.2301645740762,44.22301645740762,5536.286462949239,553.6286462949239,5270.0,527.0,0,0,0.0673749999999999,-0.0038499999999999,0.0673749999999999,-0.0038499999999999,0.0,0.0,0.0673749999999999,0.0035,0.0696296687875255,0.1848383675359013,-0.1399739847722645,0.0018926449300052,0.0005751317650085,-0.0145267065708137,-0.0010967640144648,-0.000705,-0.0002642640144648,-0.0001275,0.0,0.0,0.0,0.0,0.0,0.0005751317650085,0.0095851317650084,0.0673749999999999,0.0005751317650085,0.0,0.0,0.0558170263530027,0.0303322272462156,-0.0139847814913275,0.0451045634920634,-0.0034961953728318,0.0338284226190476,0.0018926449300052,0.0018926449300052,0.4807304614285286,0.1706952615321315,0.0626461651102048,0.0,0.0,0.0152439323739252,0.0,0.0,0.0090099999999998,0.0489545634920634,-0.0038499999999999,0.0235,0.0765,0.0065442348561353,-0.0006776402145624,0.0072218750706977,0.1879451918933126,0.0999019145965576,0.088043277296755,0.9544810652732848,0.895604133605957,4369,4119,0,0.1211803817749023,0.627244061893887,8,4,8488,4369,4119,0.0786642884388932,cuda,48.04052734375,,,,,,,,,,,,
298,339,200,True,1065,1065,995,691,304,40,264,0.3055276381909548,0.0402010050251256,0.2653266331658291,0.4573082489146165,1.934876989869754,0.7828757764634107,13.596233039447435,26.01241695622114,0.4487626466601185,0.4746928848595764,0.1766824768168795,0.047015998297534,0.1927805878033298,0.4717532770462905,0.2054358462772066,0.0832447382406157,0.1459459447572829,0.0029396078132858,-0.0287533694603271,-0.0362287399430817,0.0468346430460468,9.677386934673368,9.677386934673368,7.324623115577889,0.3879396984924623,0.0921687302164619,0.137171661679491,-0.1087820894992753,-0.0264044207901245,995,70,0,70,1.0,1.8779342723004693,1.8779342723004693,2.010050251256281,97.49008551295212,56.126874947588846,-5.188777108688214,61.315652056277045,0.9219784731056428,153.61696046054095,0.048745042756476,0.0280634374737944,0.0768084802302704,0.8697183098591549,247,157,90,37,0,157,118.04285714285712,89.45420274170272,7,30,7.0,7.0,89,0,264,40,0,40,264,0,4646.550487149026,464.6550487149026,9945.109602918166,994.5109602918168,367.5073218020571,36.75073218020571,5852.070016985692,585.2070016985692,4975.0,497.5,0,0,0.0590214285714285,-0.0038499999999999,0.0590214285714285,-0.0038499999999999,0.0,0.0,0.0590214285714285,0.0035,0.0679114251511518,0.1400567107256782,-0.1030730679249145,0.0020545415730469,0.000329499496666,-0.0112761813977607,-0.0009186412377136,-0.0006,-0.0001861412377136,-0.0001325,0.0,0.0,0.0,0.0,0.0,0.000329499496666,0.0076394994966659,0.0590214285714285,0.000329499496666,0.0,0.0,0.0487450427564768,0.0280634374737944,-0.0103775542173764,0.0408771013708513,-0.0025943885543441,0.0306578260281385,0.0020545415730469,0.0020545415730469,0.4571617943058281,0.1410537688328574,0.0693047413310109,0.0,0.0,0.010174733664684,0.0,0.0,0.0073099999999998,0.0447271013708513,-0.0038499999999999,0.02,0.132,0.0065442348561353,-0.0006776402145624,0.0072218750706977,0.1879451918933126,0.0999019145965576,0.088043277296755,0.9544810652732848,0.895604133605957,4369,4119,0,0.1211803817749023,0.627244061893887,8,4,8488,4369,4119,0.0786642884388932,cuda,48.04052734375,,,,,,,,,,,,
299,340,200,True,1154,1154,1092,775,317,53,264,0.2902930402930403,0.0485347985347985,0.2417582417582417,0.44,1.9561290322580644,0.7754504302240187,13.493298439518098,27.02468782978673,0.4460867505824153,0.5040214494735964,0.2251107706562165,0.0593026246094415,0.2041179604371709,0.5050314198963104,0.250631050795557,0.1037315766711629,0.1431509545012828,-0.001009970422714,-0.0255202801393404,-0.0444289520617214,0.0609670059358881,11.366300366300369,11.366300366300369,8.758241758241759,0.4908424908424908,0.20101570444264,0.094548080679042,-0.0854263466615861,-0.0454996500369209,1092,62,0,62,1.0,1.726169844020797,1.726169844020797,1.824175824175824,89.25640243797558,43.06955472464255,-5.884384350987685,48.95393907563024,0.8926957648721355,132.32595716261812,0.0446282012189877,0.0215347773623212,0.066162978581309,0.7809187279151943,221,149,72,62,0,148,107.26904761904758,74.07191876750703,9,53,9.0,8.0,71,0,264,53,0,53,264,0,4193.288327408428,419.3288327408428,9036.025390122337,903.6025390122336,394.6299371758079,39.4629937175808,5281.619848987717,528.1619848987717,5460.0,546.0,0,0,0.0536345238095237,-0.00495,0.0536345238095237,-0.00495,0.0,0.0,0.0536345238095237,0.0045,0.0635913189614372,0.1769974128892268,-0.1605035112074715,0.0022220711687654,0.0003229108568437,-0.0125715357121045,-0.0012434968323895,-0.000795,-0.0002909968323895,-0.0001575,0.0,0.0,0.0,0.0,0.0,0.0003229108568437,0.0086029108568436,0.0536345238095237,0.0003229108568437,0.0,0.0,0.0446282012189886,0.0215347773623212,-0.0117687687019753,0.0326359593837535,-0.0029421921754938,0.0244769695378151,0.0022220711687654,0.0022220711687654,0.4679184457539928,0.1767073076235215,0.0808188768292053,0.0,0.0,0.0078243489519517,0.0,0.0,0.0082799999999998,0.0370359593837535,-0.0043999999999999,0.0265,0.132,0.0065442348561353,-0.0006776402145624,0.0072218750706977,0.1879451918933126,0.0999019145965576,0.088043277296755,0.9544810652732848,0.895604133605957,4369,4119,0,0.1211803817749023,0.627244061893887,8,4,8488,4369,4119,0.0786642884388932,cuda,48.04052734375,,,,,,,,,,,,
300,341,200,True,1052,1052,978,738,240,52,188,0.2453987730061349,0.0531697341513292,0.1922290388548057,0.4525745257452574,1.989159891598916,0.7556994304383996,14.43485618994488,27.89542614799851,0.4768325731995169,0.4967371994442733,0.1823080851668668,0.0620132775416946,0.1889611653059842,0.4934604420127261,0.2042466655416479,0.1133393617615048,0.1399081858420154,0.0032767574315471,-0.0219385803747811,-0.0513260842198102,0.0490529794639688,11.5480572597137,11.5480572597137,8.856850715746422,0.5224948875255624,0.1570451995275176,0.1078883140247307,-0.0509113064367724,-0.0948877213023492,978,74,0,74,1.0,1.873574144486692,1.873574144486692,2.015337423312884,109.64893139172786,61.42395129782381,-5.56682251169996,66.99077380952379,0.923277192272815,171.07288268955168,0.0548244656958639,0.0307119756489119,0.0855364413447758,0.8140350877192982,232,170,62,53,0,166,132.86666666666667,90.42103174603172,1,52,1.0,1.0,61,0,188,52,0,52,188,0,4678.570316154896,467.8570316154896,10024.717411759406,1002.4717411759406,414.7596780668983,41.47596780668983,5892.747602468091,589.2747602468091,4890.0,489.0,0,0,0.0664333333333333,-0.00055,0.0664333333333333,-0.00055,0.0,0.0,0.0664333333333333,0.0005,0.0711700109044286,0.1572592617734935,-0.1237755105491935,0.0027106597287319,0.0004889951459862,-0.0127964523149027,-0.0011728617869406,-0.00078,-0.0002503617869406,-0.0001425,0.0,0.0,0.0,0.0,0.0,0.0004889951459862,0.0083889951459861,0.0664333333333333,0.0004889951459862,0.0,0.0,0.0548244656958647,0.0307119756489119,-0.0111336450233999,0.0446605158730158,-0.0027834112558499,0.0334953869047618,0.0027106597287319,0.0027106597287319,0.4846781205778872,0.1553203810269612,0.0860037272771361,0.0,0.0,0.0112746432772678,0.0,0.0,0.0078999999999998,0.0452105158730158,-0.00055,0.026,0.094,0.0065442348561353,-0.0006776402145624,0.0072218750706977,0.1879451918933126,0.0999019145965576,0.088043277296755,0.9544810652732848,0.895604133605957,4369,4119,0,0.1211803817749023,0.627244061893887,8,4,8488,4369,4119,0.0786642884388932,cuda,48.04052734375,,,,,,,,,,,,
301,342,200,True,989,989,925,671,254,63,191,0.2745945945945946,0.0681081081081081,0.2064864864864865,0.5201192250372578,1.842026825633383,0.7733696835940002,13.516388836276514,26.17079566188168,0.4260026056018201,0.4768692507962356,0.2995907938449287,0.0349609867430912,0.1807681064436492,0.4742049113382348,0.3237304373168221,0.0704461623024162,0.1452049256625811,0.0026643394580008,-0.0241396434718934,-0.0354851755593249,0.0355631807810681,10.046486486486486,10.037837837837838,7.694054054054054,0.4529729729729729,0.1917666883224607,0.1809938079741569,-0.2118323311408818,-0.0126022200473585,925,64,0,64,1.0,1.975733063700708,1.975733063700708,2.1124324324324326,110.81713870202276,64.46549469257455,-5.031483329403508,69.49697802197804,0.9324891023084264,175.28263339459733,0.0554085693510113,0.0322327473462872,0.0876413166972986,0.8014440433212996,222,168,54,55,0,163,134.39285714285714,100.36263736263734,7,48,7.0,7.0,53,0,191,63,0,63,191,0,5008.727171241973,500.8727171241973,10588.805315265614,1058.8805315265613,352.96151587528766,35.29615158752877,6306.021427589443,630.6021427589443,4625.0,462.5,0,0,0.0671964285714285,-0.0038499999999999,0.0671964285714285,-0.0038499999999999,0.0,0.0,0.0671964285714285,0.0035,0.0702325618632888,0.1364442541564863,-0.1140919997256012,0.0016322744174454,0.0009171324693421,-0.010394463584938,-0.001387497398586,-0.000945,-0.000257497398586,-0.000185,0.0,0.0,0.0,0.0,0.0,0.0009171324693421,0.008257132469342,0.0671964285714285,0.0009171324693421,0.0,0.0,0.0554085693510122,0.0322327473462872,-0.010062966658807,0.0463313186813186,-0.0025157416647017,0.034748489010989,0.0016322744174454,0.0016322744174454,0.4779451245434217,0.1989141394093311,0.0632459588536009,0.0,0.0,0.0131276964720627,0.0,0.0,0.0073399999999998,0.0501813186813186,-0.0038499999999999,0.0315,0.0955,-0.0028197860151218,2.780790285517772e-05,-0.002847593917977,0.2043574373962151,0.1078274922238455,0.0965299451723694,0.9530490040779114,0.889136791229248,8371,7861,0,0.1197972272833188,0.589285995066166,1,8,16232,8371,7861,0.0859525658053546,cuda,114.9736328125,0.003,0.4417953491210937,0.7499989867210388,0.5870915055274963,0.7523216009140015,3.512784719467163,0.0685453340411186,0.4481252133846283,0.4396387338638305,0.0021946151127849,0.0202044577046763,0.1435105583630502
302,343,200,True,1072,1072,1023,780,243,44,199,0.2375366568914956,0.043010752688172,0.1945259042033235,0.558974358974359,1.785897435897436,0.7216172548058706,14.893353530688165,24.31069032366459,0.4190109681620621,0.4265072684448499,0.1370460084281288,0.0254335402785681,0.1901136665461728,0.4252040681739648,0.1600028423210367,0.0630319043540228,0.1491312420855348,0.001303200270885,-0.0229568338929078,-0.0375983640754547,0.040982424460638,7.76930596285435,7.762463343108505,5.313782991202346,0.4086021505376344,0.2007640293825759,0.1643497061478677,-0.0625134140182173,-0.0069885792071977,1023,49,0,49,1.0,1.844216417910448,1.844216417910448,1.932551319648094,108.02120611687867,63.76816060126344,-5.78744837309557,69.55560897435895,0.9231853792924014,171.7893667181421,0.0540106030584393,0.0318840803006317,0.085894683359071,0.855595667870036,237,155,82,40,0,152,130.55952380952377,101.54081196581195,8,32,8.0,8.0,78,0,199,44,0,44,199,0,4643.646261277079,464.364626127708,9827.0894488483,982.70894488483,380.9909463721023,38.09909463721023,5849.367159457045,584.9367159457045,5115.0,511.5,0,0,0.0652797619047618,-0.0044,0.0652797619047618,-0.0044,0.0,0.0,0.0652797619047618,0.0039999999999999,0.065652875962108,0.1454277246791132,-0.0711930300612359,0.0015557619738392,0.000693967673149,-0.011884674723989,-0.0009894659335293,-0.00066,-0.0002019659335293,-0.0001275,0.0,0.0,0.0,0.0,0.0,0.000693967673149,0.0089339676731489,0.0652797619047618,0.000693967673149,0.0,0.0,0.0540106030584404,0.0318840803006316,-0.0115748967461911,0.0463704059829059,-0.0028937241865477,0.0347778044871794,0.0015557619738392,0.0015557619738392,0.4427266257194296,0.1178673403979258,0.0548793739416788,0.0,0.0,0.0137059171011882,0.0,0.0,0.0082399999999998,0.0507704059829059,-0.0044,0.022,0.0995,-0.0028197860151218,2.780790285517772e-05,-0.002847593917977,0.2043574373962151,0.1078274922238455,0.0965299451723694,0.9530490040779114,0.889136791229248,8371,7861,0,0.1197972272833188,0.589285995066166,1,8,16232,8371,7861,0.0859525658053546,cuda,114.9736328125,0.003,0.4417953491210937,0.7499989867210388,0.5870915055274963,0.7523216009140015,3.512784719467163,0.0685453340411186,0.4481252133846283,0.4396387338638305,0.0021946151127849,0.0202044577046763,0.1435105583630502
303,344,200,True,1048,1048,965,698,267,45,222,0.2766839378238342,0.0466321243523316,0.2300518134715025,0.4183381088825215,2.0329512893982806,0.7853253492738592,13.36754531095226,26.35048096291828,0.4661780312475311,0.5045497768844096,0.183674583147496,0.0534446263221495,0.2021639839663333,0.500162276719566,0.2148545408157103,0.0997222220364365,0.1492530540016114,0.0043875001648435,-0.0311799576682142,-0.046277595714287,0.0529109299647218,11.643523316062176,11.643523316062176,9.023834196891192,0.5150259067357513,0.1149989153218411,0.1000984704678701,-0.1367330681522802,-0.0833296042833309,965,83,0,83,1.0,1.888358778625954,1.888358778625954,2.0507772020725388,106.99789009026088,62.25713294916806,-5.509858392823287,67.76699134199133,0.9248076519014776,169.25502303942895,0.0534989450451304,0.031128566474584,0.0846275115197144,0.8838028169014085,251,167,84,33,0,165,129.7,96.95598845598846,6,27,6.0,6.0,83,0,222,45,0,45,222,0,4733.243358503398,473.32433585033976,10142.299738822623,1014.2299738822624,380.5408470181873,38.05408470181873,5961.232037734762,596.1232037734762,4825.0,482.5,0,0,0.0648499999999999,-0.0033,0.0648499999999999,-0.0033,0.0,0.0,0.0648499999999999,0.003,0.0704689878466742,0.1524300389301032,-0.1255114839740625,0.0023155961703018,0.000664725225652,-0.0118324460052909,-0.0010962589724236,-0.000675,-0.0002912589724236,-0.00013,0.0,0.0,0.0,0.0,0.0,0.000664725225652,0.0080947252256519,0.0648499999999999,0.000664725225652,0.0,0.0,0.0534989450451312,0.0311285664745839,-0.0110197167856465,0.0451779942279942,-0.0027549291964116,0.0338834956709956,0.0023155961703018,0.0023155961703018,0.4753569751130042,0.1485386497961779,0.0729339927835212,0.0,0.0,0.0116370333864898,0.0,0.0,0.0074299999999998,0.0484779942279942,-0.0033,0.0225,0.111,-0.0028197860151218,2.780790285517772e-05,-0.002847593917977,0.2043574373962151,0.1078274922238455,0.0965299451723694,0.9530490040779114,0.889136791229248,8371,7861,0,0.1197972272833188,0.589285995066166,1,8,16232,8371,7861,0.0859525658053546,cuda,114.9736328125,0.003,0.4417953491210937,0.7499989867210388,0.5870915055274963,0.7523216009140015,3.512784719467163,0.0685453340411186,0.4481252133846283,0.4396387338638305,0.0021946151127849,0.0202044577046763,0.1435105583630502
304,345,200,True,1058,1058,982,680,302,44,258,0.3075356415478615,0.0448065173116089,0.2627291242362525,0.438235294117647,1.9897058823529408,0.8037690899389631,12.944500566931332,28.35766489675597,0.4884036649014246,0.5162386975086787,0.2156379458549268,0.0596199337639571,0.1968893206294845,0.5105547437773031,0.2404925172203494,0.1059599237141596,0.1470479493412901,0.0056839537313755,-0.0248545713654226,-0.0463399899502024,0.0498413712881943,11.158859470468432,11.158859470468432,8.646639511201629,0.5234215885947047,0.1120184736607035,0.0861596949258221,-0.0998283850153372,-0.0492711541370323,982,76,0,76,1.0,1.8610586011342156,1.8610586011342156,2.005091649694501,96.33066138071716,58.05365496544045,-5.122238631292486,63.17589359673288,0.9250017758290816,154.38431634615762,0.0481653306903585,0.0290268274827202,0.0771921581730788,0.8546099290780141,241,156,85,41,0,153,116.54523809523808,86.85263070263075,3,38,3.0,2.380096279078929,84,0,258,44,0,44,258,0,4692.069934277756,469.2069934277756,9978.124821991623,997.8124821991626,389.5224622614436,38.95224622614436,5909.258520584463,590.9258520584463,4910.0,491.0,0,0,0.058272619047619,-0.00165,0.058272619047619,-0.00165,0.0,0.0,0.058272619047619,0.0015,0.065943163482441,0.154533920297561,-0.1428419119228487,0.0028550652584375,0.0004961772613166,-0.0120768906422549,-0.0010084754608766,-0.00066,-0.0002309754608766,-0.0001175,0.0,0.0,0.0,0.0,0.0,0.0004961772613166,0.0077361772613165,0.058272619047619,0.0004961772613166,0.0,0.0,0.0481653306903593,0.0290268274827201,-0.0102444772625849,0.0421172623978219,-0.0025611193156462,0.0315879467983664,0.0028550652584375,0.0028550652584375,0.4715124872710686,0.1614770785254648,0.0762776519179311,0.0,0.0,0.0116385583947248,0.0,0.0,0.0072399999999998,0.0434263153513153,-0.0013090529534934,0.022,0.129,-0.0028197860151218,2.780790285517772e-05,-0.002847593917977,0.2043574373962151,0.1078274922238455,0.0965299451723694,0.9530490040779114,0.889136791229248,8371,7861,0,0.1197972272833188,0.589285995066166,1,8,16232,8371,7861,0.0859525658053546,cuda,114.9736328125,0.003,0.4417953491210937,0.7499989867210388,0.5870915055274963,0.7523216009140015,3.512784719467163,0.0685453340411186,0.4481252133846283,0.4396387338638305,0.0021946151127849,0.0202044577046763,0.1435105583630502
305,346,200,True,1063,1063,1010,758,252,54,198,0.2495049504950495,0.0534653465346534,0.196039603960396,0.5356200527704486,1.8350923482849604,0.7707608173697165,13.677864723910128,26.13131211505402,0.4766260048577339,0.4822316528900003,0.1612689851102539,0.056106811161411,0.2026009184657289,0.485018813142204,0.1933261815146457,0.1043275753920775,0.1491272476953909,-0.0027871602522037,-0.0320571964043917,-0.0482207642306664,0.0534736707703379,11.224752475247524,11.224752475247524,8.68910891089109,0.4742574257425742,0.1570097670736274,0.1317435185330442,-0.1224579254534153,-0.0604984206161292,1010,53,0,53,1.0,1.8645343367826903,1.8645343367826903,1.9594059405940596,102.77074092475353,63.89422218002516,-6.409844586541643,70.30406676656675,0.9164448211089432,166.66496310477868,0.0513853704623767,0.0319471110900125,0.0833324815523893,0.8664259927797834,240,161,79,37,0,158,124.11587301587302,98.13875568875572,4,33,4.0,4.0,78,0,198,54,0,54,198,0,4639.575390999051,463.9575390999051,9909.15994273241,990.915994273241,416.1080907116589,41.61080907116589,5843.174013122957,584.3174013122957,5050.0,505.0,0,0,0.0620579365079365,-0.0022,0.0620579365079365,-0.0022,0.0,0.0,0.0620579365079365,0.002,0.0681692095214435,0.1614945827265507,-0.1162871323198949,0.0019208756309984,0.0005751062801378,-0.0131375458789364,-0.0012157585537976,-0.00081,-0.0002632585537976,-0.0001425,0.0,0.0,0.0,0.0,0.0,0.0005751062801378,0.0086951062801377,0.0620579365079365,0.0005751062801378,0.0,0.0,0.0513853704623777,0.0319471110900125,-0.0128196891730832,0.0468693778443778,-0.0032049222932708,0.0351520333832833,0.0019208756309984,0.0019208756309984,0.4777873877590785,0.1441327207535749,0.0947877860068369,0.0,0.0,0.0092349160783711,0.0,0.0,0.0081199999999998,0.0490693778443778,-0.0022,0.027,0.099,-0.0028197860151218,2.780790285517772e-05,-0.002847593917977,0.2043574373962151,0.1078274922238455,0.0965299451723694,0.9530490040779114,0.889136791229248,8371,7861,0,0.1197972272833188,0.589285995066166,1,8,16232,8371,7861,0.0859525658053546,cuda,114.9736328125,0.003,0.4417953491210937,0.7499989867210388,0.5870915055274963,0.7523216009140015,3.512784719467163,0.0685453340411186,0.4481252133846283,0.4396387338638305,0.0021946151127849,0.0202044577046763,0.1435105583630502
306,347,200,True,1054,1054,985,719,266,65,201,0.2700507614213198,0.065989847715736,0.2040609137055837,0.5326842837273992,1.8289290681502088,0.706021618528061,15.917677904534903,27.55576890773336,0.457946778822176,0.4707977600986337,0.1737433988937748,0.0337634349425785,0.1938166759962602,0.468891256417618,0.202526859757756,0.0696623986206433,0.1476881293455587,0.0019065036810156,-0.0287834608639812,-0.0358989636780647,0.0461285466507015,11.720812182741115,11.720812182741115,9.396954314720812,0.4111675126903553,0.1981379208483193,0.0420673408405905,-0.1156310331843883,-0.0586864449272569,985,69,0,69,1.0,1.8823529411764703,1.8823529411764703,2.0142131979695432,101.04083920957976,61.31563590774393,-5.441506949398951,66.75714285714284,0.9246314582893224,162.3564751173237,0.0505204196047898,0.0306578179538719,0.0811782375586618,0.8333333333333334,235,165,70,47,0,163,122.08333333333329,90.10952380952382,2,45,2.0,1.0,69,0,201,65,0,65,201,0,4671.61876046604,467.161876046604,9973.78219086668,997.378219086668,388.10764666192085,38.810764666192085,5884.45722164218,588.4457221642181,4925.0,492.5,0,0,0.0610416666666666,-0.0011,0.0610416666666666,-0.0011,0.0,0.0,0.0610416666666666,0.001,0.0701003983355576,0.1522941338115908,-0.1135693808349405,0.0025488827878771,0.0005954313572827,-0.0119732266973328,-0.0015065886090808,-0.000975,-0.0003190886090808,-0.0002125,0.0,0.0,0.0,0.0,0.0,0.0005954313572827,0.0084354313572826,0.0610416666666666,0.0005954313572827,0.0,0.0,0.0505204196047907,0.0306578179538719,-0.0108830138987979,0.0445047619047619,-0.0027207534746994,0.0333785714285714,0.0025488827878771,0.0025488827878771,0.4645302913888464,0.1445235726891204,0.0576726800411465,0.0,0.0,0.0095411408457698,0.0,0.0,0.0078399999999998,0.0450547619047619,-0.00055,0.0325,0.1005,-0.0028197860151218,2.780790285517772e-05,-0.002847593917977,0.2043574373962151,0.1078274922238455,0.0965299451723694,0.9530490040779114,0.889136791229248,8371,7861,0,0.1197972272833188,0.589285995066166,1,8,16232,8371,7861,0.0859525658053546,cuda,114.9736328125,0.003,0.4417953491210937,0.7499989867210388,0.5870915055274963,0.7523216009140015,3.512784719467163,0.0685453340411186,0.4481252133846283,0.4396387338638305,0.0021946151127849,0.0202044577046763,0.1435105583630502
307,348,200,True,1025,1025,966,726,240,36,204,0.2484472049689441,0.0372670807453416,0.2111801242236025,0.4228650137741047,2.015151515151515,0.7461006518853598,14.376786746926216,26.79571279290212,0.5001258363429697,0.4982838953534762,0.1835716436655561,0.0238753003196549,0.1865675853868079,0.4990616975860162,0.2171496443922526,0.0563530005314502,0.1423756867139176,-0.0007778022325399,-0.0335780007266965,-0.0324777002117953,0.0441918986728902,11.74223602484472,11.74223602484472,9.057971014492754,0.5093167701863354,0.2064597322993548,0.0895347228442835,-0.0617847409041583,-0.052860944733033,966,59,0,59,1.0,1.928780487804878,1.928780487804878,2.046583850931677,123.99567404050848,68.86225993864596,-6.019520780634741,74.88178071928073,0.925594265246264,192.85793397915444,0.0619978370202542,0.0344311299693229,0.0964289669895772,0.8178571428571428,229,169,60,51,0,166,150.71190476190475,108.64237429237429,9,42,9.0,8.0,60,0,204,36,0,36,204,0,4731.629215055729,473.1629215055729,10150.290361877323,1015.0290361877323,428.6336584858512,42.863365848585126,5959.366222272879,595.9366222272879,4830.0,483.0,0,0,0.0753559523809523,-0.00495,0.0753559523809523,-0.00495,0.0,0.0,0.0753559523809523,0.0045,0.0708811287719705,0.1521239657086859,-0.1060679464516723,0.0018229569447572,0.0009453755774616,-0.0132033220908242,-0.0008112383134173,-0.00054,-0.0001787383134173,-9.250000000000008e-05,0.0,0.0,0.0,0.0,0.0,0.0009453755774616,0.0085653755774615,0.0753559523809523,0.0009453755774616,0.0,0.0,0.0619978370202551,0.0344311299693229,-0.0120390415612694,0.0499211871461871,-0.0030097603903173,0.0374408903596403,0.0018229569447572,0.0018229569447572,0.4793769047589224,0.1480891101909849,0.0571261611597364,0.0,0.0,0.0120797569286182,0.0,0.0,0.0076199999999998,0.0543211871461871,-0.0044,0.018,0.102,-0.0028197860151218,2.780790285517772e-05,-0.002847593917977,0.2043574373962151,0.1078274922238455,0.0965299451723694,0.9530490040779114,0.889136791229248,8371,7861,0,0.1197972272833188,0.589285995066166,1,8,16232,8371,7861,0.0859525658053546,cuda,114.9736328125,0.003,0.4417953491210937,0.7499989867210388,0.5870915055274963,0.7523216009140015,3.512784719467163,0.0685453340411186,0.4481252133846283,0.4396387338638305,0.0021946151127849,0.0202044577046763,0.1435105583630502
308,349,200,True,1062,1062,1005,794,211,38,173,0.2099502487562189,0.0378109452736318,0.172139303482587,0.5113350125944585,1.8564231738035264,0.7580669563948658,14.56899590816546,24.647688152808087,0.4908626142497551,0.4685397517658601,0.1856594436827774,0.0231659296725264,0.1795827697666939,0.4634578909434059,0.220406412536405,0.0561326205650091,0.1419827013701125,0.0050818608224542,-0.0347469688536275,-0.0329666908924826,0.0376000683965813,10.486567164179103,10.486567164179103,7.857711442786069,0.4925373134328358,0.1509176052459692,0.1251280074042411,-0.1111956663196869,-0.0458076311626825,1005,57,0,57,1.0,1.8427495291902072,1.8427495291902072,1.936318407960199,119.34374771114788,63.30659347494284,-6.5835393089399465,69.89013278388278,0.913911034624453,182.6503411860907,0.0596718738555739,0.0316532967374714,0.0913251705930453,0.795774647887324,226,164,62,58,0,161,144.65238095238095,101.98684371184368,8,50,8.0,8.0,62,0,173,38,0,38,173,0,4653.004047842215,465.3004047842216,9900.04183649628,990.004183649628,437.4374723397551,43.74374723397551,5858.411589935248,585.8411589935248,5025.0,502.5,0,0,0.0723261904761904,-0.0043999999999999,0.0723261904761904,-0.0043999999999999,0.0,0.0,0.0723261904761904,0.004,0.0690020675176226,0.1599441961104012,-0.1111325655511517,0.0020960354854193,0.0007346073731076,-0.0141725423874397,-0.0008612584108178,-0.00057,-0.0001912584108178,-0.0001,0.0,0.0,0.0,0.0,0.0,0.0007346073731076,0.0090546073731075,0.0723261904761904,0.0007346073731076,0.0,0.0,0.059671873855575,0.0316532967374714,-0.0131670786178798,0.0465934218559218,-0.0032917696544699,0.0349450663919413,0.0020960354854193,0.0020960354854193,0.4775175918116013,0.1590519580335611,0.0528148956333786,0.0,0.0,0.0127729880147435,0.0,0.0,0.0083199999999998,0.0509934218559218,-0.0043999999999999,0.019,0.0865,-0.0028197860151218,2.780790285517772e-05,-0.002847593917977,0.2043574373962151,0.1078274922238455,0.0965299451723694,0.9530490040779114,0.889136791229248,8371,7861,0,0.1197972272833188,0.589285995066166,1,8,16232,8371,7861,0.0859525658053546,cuda,114.9736328125,0.003,0.4417953491210937,0.7499989867210388,0.5870915055274963,0.7523216009140015,3.512784719467163,0.0685453340411186,0.4481252133846283,0.4396387338638305,0.0021946151127849,0.0202044577046763,0.1435105583630502
309,350,200,True,1065,1065,999,728,271,48,223,0.2712712712712712,0.048048048048048,0.2232232232232232,0.4629120879120879,1.960164835164835,0.768794082146097,13.73105313882723,27.2382690858014,0.4800438279189121,0.4912790417630266,0.1813471856793122,0.0597691316257363,0.1910771413496439,0.4905308415437793,0.2056163482132603,0.1084517993824172,0.1401727653062482,0.0007482002192473,-0.024269162533948,-0.0486826677566808,0.0509043760433956,10.588588588588587,10.588588588588587,7.924924924924925,0.5025025025025025,0.1765548579498994,0.1281951281673757,-0.1784587727890677,-0.0606384297406499,999,66,0,66,1.0,1.8394366197183096,1.8394366197183096,1.960960960960961,95.26043591658292,59.20748762979579,-5.620442773134581,64.82793040293038,0.9202189842043912,154.4679235463787,0.0476302179582914,0.0296037438148978,0.0772339617731893,0.8285714285714286,232,158,74,48,0,152,114.9452380952381,88.63724053724052,3,45,3.0,2.0,71,0,223,48,0,48,223,0,4622.035190194452,462.20351901944525,9919.228118341593,991.9228118341592,405.30793680093376,40.530793680093375,5820.024031928629,582.0024031928629,4995.0,499.5,0,0,0.057472619047619,-0.00165,0.057472619047619,-0.00165,0.0,0.0,0.057472619047619,0.0015,0.0652738412968751,0.1573691326592114,-0.126192145493708,0.0025032844027064,0.000500613600981,-0.0127080693345662,-0.001116966499385,-0.00072,-0.000256966499385,-0.00014,0.0,0.0,0.0,0.0,0.0,0.000500613600981,0.0082606136009809,0.057472619047619,0.000500613600981,0.0,0.0,0.0476302179582922,0.0296037438148979,-0.0112408855462691,0.0432186202686202,-0.0028102213865672,0.0324139652014651,0.0025032844027064,0.0025032844027064,0.4675213429889563,0.1464944984326751,0.0896650973208865,0.0,0.0,0.0100042490361984,0.0,0.0,0.0077599999999998,0.0443186202686202,-0.0011,0.024,0.1115,-0.004697321779612,-0.0023023349284711,-0.0023949868511408,0.2014997490267786,0.1086402270529005,0.0928595219738781,0.9521920084953308,0.8945084810256958,8297,7858,0,0.1041770489679442,0.5589447434991598,2,8,16155,8297,7858,0.0817049339932057,cuda,123.55615234375,0.003,0.4067502617835998,0.7647527456283569,0.6110730171203613,0.7587172389030457,3.5670652389526367,-0.010772893205285,0.4308130145072937,0.388648509979248,0.0020880116831904,0.020902003586525,0.1338976297527551
310,351,200,True,1097,1097,1027,672,355,36,319,0.3456669912366115,0.0350535540408958,0.3106134371957156,0.4747023809523809,1.9598214285714288,0.7676187689371762,13.959781814189183,31.09627714611235,0.4524917674211251,0.501923584778394,0.1557537796602229,0.0466899681175293,0.2106549412627438,0.4998632512010988,0.1862813881757791,0.0845592288365185,0.1522358608947667,0.0020603335772951,-0.0305276085155561,-0.0378692607189891,0.058419080367977,9.659201557935734,9.659201557935734,7.350535540408958,0.4615384615384615,0.0985353835048814,0.0049122876629147,-0.1024293406590181,-0.0356144486239695,1027,70,0,70,1.0,1.8012762078395623,1.8012762078395623,1.9240506329113924,101.82763352442592,63.53971305412125,-5.022795270887045,68.56250832500832,0.9317418692940308,165.36734657854717,0.0509138167622129,0.0317698565270606,0.0826836732892735,0.8381294964028777,233,155,78,45,0,152,123.46904761904764,95.81667776667776,5,40,5.0,4.0,73,0,319,36,0,36,319,0,4528.409958335693,452.8409958335693,9574.35175893447,957.435175893447,358.235266703692,35.8235266703692,5702.213989413695,570.2213989413696,5135.0,513.5,0,0,0.0617345238095238,-0.00275,0.0617345238095238,-0.00275,0.0,0.0,0.0617345238095238,0.0025,0.0655368881526293,0.1445644843166552,-0.1141657681518251,0.0016940448995204,0.0005509885729698,-0.0110572533651969,-0.0007702755686956,-0.00054,-0.0001377755686956,-9.250000000000008e-05,0.0,0.0,0.0,0.0,0.0,0.0005509885729698,0.0076309885729697,0.0617345238095238,0.0005509885729698,0.0,0.0,0.0509138167622136,0.0317698565270606,-0.010045590541774,0.0457083388833388,-0.0025113976354435,0.0342812541625041,0.0016940448995204,0.0016940448995204,0.4370662141887526,0.1226499606492211,0.071832126016191,0.0,0.0,0.0122897947319005,0.0,0.0,0.0070799999999998,0.0479083388833388,-0.0022,0.018,0.1595,-0.004697321779612,-0.0023023349284711,-0.0023949868511408,0.2014997490267786,0.1086402270529005,0.0928595219738781,0.9521920084953308,0.8945084810256958,8297,7858,0,0.1041770489679442,0.5589447434991598,2,8,16155,8297,7858,0.0817049339932057,cuda,123.55615234375,0.003,0.4067502617835998,0.7647527456283569,0.6110730171203613,0.7587172389030457,3.5670652389526367,-0.010772893205285,0.4308130145072937,0.388648509979248,0.0020880116831904,0.020902003586525,0.1338976297527551
311,352,200,True,956,956,911,642,269,46,223,0.2952799121844127,0.0504939626783754,0.2447859495060373,0.4859813084112149,1.9190031152647973,0.7680422921789769,13.725221412575506,30.67950677500336,0.4555821259726093,0.5168680787968487,0.1258901932517594,0.0263472983027544,0.2300870795835772,0.5083309314054121,0.159137974232087,0.059696889056489,0.1619075185987762,0.0085371473914366,-0.0332477809803276,-0.0333495907537346,0.068179560984801,10.953896816684962,10.953896816684962,8.414928649835346,0.5192096597145993,0.204472111525092,0.0025060930618648,-0.0817537079944961,-0.0791058792005683,911,45,0,45,1.0,1.97489539748954,1.97489539748954,2.061470911086718,116.73977323321556,72.95414965296122,-4.555328369016804,77.509478021978,0.9444910849199704,189.6939228861768,0.0583698866166077,0.0364770748264806,0.0948469614430883,0.8525179856115108,237,170,67,41,0,166,144.06904761904758,112.14597069597068,8,33,8.0,8.0,67,0,223,46,1,46,223,0,4849.377146608535,484.93771466085343,9982.778961910511,998.2778961910512,351.63277414065465,35.16327741406546,6107.567039335531,610.7567039335531,4555.0,455.5,0,1,0.0720345238095237,-0.0043999999999999,0.0720345238095237,-0.0043999999999999,0.0,0.0,0.0720345238095237,0.004,0.0710690661313739,0.1394415077844784,-0.0781047810585563,0.0028547843252036,0.0008313378449437,-0.0106357718100657,-0.0009841762524992,-0.00069,-0.0001516762524992,-0.0001425,0.0,0.0,0.0,-0.001,-0.001,0.0008313378449437,0.0077113378449436,0.0710345238095237,0.0008313378449437,0.0,0.0,0.0583698866166085,0.0364770748264806,-0.0091106567380336,0.0516729853479853,-0.0022776641845084,0.038754739010989,0.0028547843252036,0.0028547843252036,0.4633065368966613,0.1128923924707254,0.0508248066859471,0.0,0.0,0.0163549907008779,0.0,0.0,0.0068799999999998,0.0560729853479853,-0.0043999999999999,0.023,0.1115,-0.004697321779612,-0.0023023349284711,-0.0023949868511408,0.2014997490267786,0.1086402270529005,0.0928595219738781,0.9521920084953308,0.8945084810256958,8297,7858,0,0.1041770489679442,0.5589447434991598,2,8,16155,8297,7858,0.0817049339932057,cuda,123.55615234375,0.003,0.4067502617835998,0.7647527456283569,0.6110730171203613,0.7587172389030457,3.5670652389526367,-0.010772893205285,0.4308130145072937,0.388648509979248,0.0020880116831904,0.020902003586525,0.1338976297527551
312,353,200,True,1071,1071,1010,820,190,65,125,0.1881188118811881,0.0643564356435643,0.1237623762376237,0.4707317073170731,1.9414634146341463,0.7476496508753881,14.095971878563486,25.1968675239784,0.4815896579610569,0.4633770801126957,0.1962763811030039,0.0528483845878437,0.1749995799462606,0.4629208579296019,0.2154997418146217,0.1047798990770299,0.1334585175258902,0.0004562221830937,-0.0192233607116177,-0.0519315144891862,0.0415410624203703,9.96138613861386,9.96138613861386,7.074257425742574,0.5346534653465347,0.1314705577283748,0.0992907915891267,-0.1365180460490765,0.0032688030522206,1010,61,0,61,1.0,1.842203548085901,1.842203548085901,1.9534653465346532,95.25445283889474,51.55055540109345,-6.65892606442827,58.20948146552162,0.897347163002979,146.80500823998818,0.0476272264194473,0.0257752777005467,0.073402504119994,0.8453237410071942,235,169,66,43,0,166,114.42619047619044,82.55530719280719,6,37,6.0,4.493332035252995,65,0,125,65,0,65,125,0,4632.922235169063,463.2922235169064,10026.398125051155,1002.6398125051156,446.7986334105156,44.67986334105156,5838.099136564211,583.8099136564211,5050.0,505.0,0,0,0.0572130952380952,-0.0033,0.0572130952380952,-0.0033,0.0,0.0,0.0572130952380952,0.003,0.0706907074140786,0.169406340284496,-0.1086403002251185,0.0024844813679641,0.0004337511448559,-0.0143601279891272,-0.0014610654865608,-0.000975,-0.0002860654865608,-0.0002,0.0,0.0,0.0,0.0,0.0,0.0004337511448559,0.0092837511448558,0.0572130952380952,0.0004337511448559,0.0,0.0,0.0476272264194484,0.0257752777005467,-0.0133178521288565,0.0388063209770144,-0.0033294630322141,0.0291047407327608,0.0024844813679641,0.0024844813679641,0.4846258879831191,0.1672403668722898,0.099728955607378,0.0,0.0,0.0078401436611868,0.0,0.0,0.0088499999999998,0.0412776535964036,-0.0024713326193891,0.0325,0.0625,-0.004697321779612,-0.0023023349284711,-0.0023949868511408,0.2014997490267786,0.1086402270529005,0.0928595219738781,0.9521920084953308,0.8945084810256958,8297,7858,0,0.1041770489679442,0.5589447434991598,2,8,16155,8297,7858,0.0817049339932057,cuda,123.55615234375,0.003,0.4067502617835998,0.7647527456283569,0.6110730171203613,0.7587172389030457,3.5670652389526367,-0.010772893205285,0.4308130145072937,0.388648509979248,0.0020880116831904,0.020902003586525,0.1338976297527551
313,354,200,True,1041,1041,987,673,314,55,259,0.3181357649442756,0.055724417426545,0.2624113475177305,0.4309063893016345,2.011887072808321,0.7716916082163977,13.699905997753852,30.52404225678536,0.4754672941232752,0.5162970973247936,0.2070527796980884,0.0332978084547802,0.198233140233965,0.5181686945735611,0.2322331188775233,0.0925259469803505,0.1470993390807779,-0.0018715972487675,-0.0251803391794349,-0.0592281385255703,0.051133801153187,11.419452887537991,11.419452887537991,8.947315096251266,0.5075987841945289,0.1161196243187639,0.1013058067458788,-0.1419251024401023,-0.0316824296864215,987,54,0,54,1.0,1.904899135446686,1.904899135446686,2.0091185410334345,104.4173616975145,54.24127999321943,-5.424799760360281,59.66607975357974,0.9166580663701356,158.65864169073393,0.0522086808487572,0.0271206399966097,0.0793293208453669,0.875,245,162,83,35,0,160,126.5928571428571,83.954773004773,4,31,4.0,4.0,82,0,259,55,0,55,259,0,4837.179940254749,483.7179940254749,10203.470382132416,1020.3470382132416,365.4541294227285,36.54541294227285,6086.788716140236,608.6788716140236,4935.0,493.5,0,0,0.0632964285714285,-0.0022,0.0632964285714285,-0.0022,0.0,0.0,0.0632964285714285,0.002,0.0691806713429052,0.1508925381907074,-0.1264782652508543,0.0019912563224052,0.0005776899580719,-0.0116359814244681,-0.0012482323563216,-0.000825,-0.0002532323563216,-0.00017,0.0,0.0,0.0,0.0,0.0,0.0005776899580719,0.0078576899580718,0.0632964285714285,0.0005776899580719,0.0,0.0,0.052208680848758,0.0271206399966097,-0.0108495995207205,0.0397773865023865,-0.0027123998801801,0.0298330398767898,0.0019912563224052,0.0019912563224052,0.4774820189277903,0.160434164198718,0.0571181168063398,0.0,0.0,0.0128714843127282,0.0,0.0,0.0072799999999998,0.0419773865023865,-0.0022,0.0275,0.1295,-0.004697321779612,-0.0023023349284711,-0.0023949868511408,0.2014997490267786,0.1086402270529005,0.0928595219738781,0.9521920084953308,0.8945084810256958,8297,7858,0,0.1041770489679442,0.5589447434991598,2,8,16155,8297,7858,0.0817049339932057,cuda,123.55615234375,0.003,0.4067502617835998,0.7647527456283569,0.6110730171203613,0.7587172389030457,3.5670652389526367,-0.010772893205285,0.4308130145072937,0.388648509979248,0.0020880116831904,0.020902003586525,0.1338976297527551
314,355,200,True,1071,1071,1013,751,262,48,214,0.2586377097729516,0.0473840078973346,0.2112537018756169,0.4287616511318242,2.0026631158455395,0.7720749903217295,13.800737180341576,28.56406859456302,0.4638231906920675,0.5033344568091924,0.1570772918762165,0.0776032924716585,0.2025004881477546,0.5046789939211466,0.1915465689880572,0.125491508327985,0.1486742734517183,-0.0013445371119541,-0.0344692771118406,-0.0478882158563265,0.0538262146960363,11.102665350444225,11.102665350444225,8.406712734452123,0.5301085883514314,0.1989443434955939,0.1080648583077332,-0.0587987491585767,-0.0502802759112313,1013,58,0,58,1.0,1.8403361344537812,1.8403361344537812,1.945705824284304,91.99827773405494,44.83240902517795,-5.746693122674205,50.579102147852126,0.8979740437738429,136.8306867592329,0.0459991388670274,0.0224162045125889,0.0684153433796164,0.850909090909091,234,165,69,41,0,162,110.82619047619046,68.53880286380287,1,40,1.0,1.0,67,0,214,48,0,48,214,0,4638.052308805412,463.8052308805412,9769.389567691336,976.9389567691336,392.9788029955168,39.297880299551686,5838.692014450346,583.8692014450346,5065.0,506.5,0,0,0.0554130952380952,-0.00055,0.0554130952380952,-0.00055,0.0,0.0,0.0554130952380952,0.0005,0.0691339265452213,0.1675029782094417,-0.1296902852136449,0.0025191248236801,0.0003533133827563,-0.0126665896955733,-0.0010851943965522,-0.00072,-0.0002226943965522,-0.0001425,0.0,0.0,0.0,0.0,0.0,0.0003533133827563,0.0083433133827562,0.0554130952380952,0.0003533133827563,0.0,0.0,0.0459991388670282,0.0224162045125889,-0.0114933862453484,0.0337194014319014,-0.0028733465613371,0.025289551073926,0.0025191248236801,0.0025191248236801,0.4949748465639235,0.1536866557530457,0.1052791028680693,0.0,0.0,0.0057744432403204,0.0,0.0,0.0079899999999998,0.0342694014319014,-0.00055,0.024,0.107,-0.004697321779612,-0.0023023349284711,-0.0023949868511408,0.2014997490267786,0.1086402270529005,0.0928595219738781,0.9521920084953308,0.8945084810256958,8297,7858,0,0.1041770489679442,0.5589447434991598,2,8,16155,8297,7858,0.0817049339932057,cuda,123.55615234375,0.003,0.4067502617835998,0.7647527456283569,0.6110730171203613,0.7587172389030457,3.5670652389526367,-0.010772893205285,0.4308130145072937,0.388648509979248,0.0020880116831904,0.020902003586525,0.1338976297527551
315,356,200,True,1036,1036,996,648,348,36,312,0.3493975903614458,0.036144578313253,0.3132530120481928,0.4660493827160494,1.9135802469135803,0.7833650481921656,13.387139046633685,31.593583548326556,0.4683660736555333,0.4956783351292949,0.1116699324144671,0.0394319907695997,0.2002802635399325,0.4943573815219196,0.1409358491367993,0.0929940632543739,0.1546427157253349,0.0013209536073752,-0.0292659167223322,-0.0535620724847741,0.0456375478145976,9.690763052208837,9.690763052208837,7.445783132530121,0.4407630522088353,0.2114502774376173,0.0771845206539103,-0.0879883203146602,-0.0216334469546735,996,40,0,40,1.0,1.9131274131274127,1.9131274131274127,1.9899598393574296,104.4425946587398,64.78437863864359,-4.66088651287155,69.44526515151513,0.9371052684805458,169.22697329738338,0.0522212973293699,0.0323921893193217,0.0846134866486916,0.8057553956834532,224,160,64,54,0,158,126.84523809523807,104.69368686868688,11,43,11.0,11.0,64,0,312,36,0,36,312,0,4855.408239131562,485.54082391315626,10222.719494320552,1022.2719494320552,359.4410969677908,35.94410969677908,6113.111662747504,611.3111662747503,4980.0,498.0,0,0,0.063422619047619,-0.0060499999999999,0.063422619047619,-0.0060499999999999,0.0,0.0,0.063422619047619,0.0055,0.0684568699973691,0.136520825331726,-0.097917644222886,0.0024095966259772,0.0005760104563732,-0.0110364078371122,-0.0007667096522666,-0.00054,-0.0001192096522666,-0.0001075,0.0,0.0,0.0,0.0,0.0,0.0005760104563732,0.0074160104563731,0.063422619047619,0.0005760104563732,0.0,0.0,0.0522212973293705,0.0323921893193218,-0.0093217730257431,0.0462968434343434,-0.0023304432564357,0.0347226325757575,0.0024095966259772,0.0024095966259772,0.4522644286188141,0.1060657576131461,0.0913613111951651,0.0,0.0,0.0122575413565251,0.0,0.0,0.0068399999999998,0.0523468434343434,-0.0060499999999999,0.018,0.156,-0.004697321779612,-0.0023023349284711,-0.0023949868511408,0.2014997490267786,0.1086402270529005,0.0928595219738781,0.9521920084953308,0.8945084810256958,8297,7858,0,0.1041770489679442,0.5589447434991598,2,8,16155,8297,7858,0.0817049339932057,cuda,123.55615234375,0.003,0.4067502617835998,0.7647527456283569,0.6110730171203613,0.7587172389030457,3.5670652389526367,-0.010772893205285,0.4308130145072937,0.388648509979248,0.0020880116831904,0.020902003586525,0.1338976297527551
316,357,200,True,960,960,915,722,193,55,138,0.2109289617486338,0.0601092896174863,0.1508196721311475,0.4930747922437673,1.9030470914127424,0.7618606599083898,13.89861281888967,26.62113709983073,0.4850618901221517,0.4982242270932633,0.2140944384843358,0.0392575061517584,0.1898257730095299,0.4936276162842964,0.2453982645382594,0.074649869984337,0.1409573784443727,0.0045966108089668,-0.0313038260539235,-0.0353923638325785,0.0488683945651571,12.946448087431694,12.946448087431694,10.20983606557377,0.5180327868852459,0.1688637118660735,0.1506020575980661,-0.0910153333313636,-0.0698051619282664,915,45,0,45,1.0,1.9645833333333331,1.9645833333333331,2.0612021857923497,119.59929194291855,66.62914894993301,-6.2392930247589655,72.86844197469196,0.9211291661327142,186.22844089285155,0.0597996459714592,0.0333145744749665,0.0931142204464257,0.7746478873239436,220,167,53,64,0,165,147.21587301587303,107.05792263292264,10,54,10.0,9.0,53,0,138,55,1,55,138,0,4705.653724982572,470.5653724982572,9720.072450711648,972.0072450711648,401.38148656556046,40.13814865655605,5927.615551795091,592.7615551795091,4575.0,457.5,0,1,0.0736079365079365,-0.0054999999999999,0.0736079365079365,-0.0054999999999999,0.0,0.0,0.0736079365079365,0.005,0.0709284687241413,0.1582633113670621,-0.1246472665854545,0.0015616866254815,0.0007964838255502,-0.012735079446789,-0.0012657222006888,-0.000825,-0.0002757222006888,-0.000165,0.0,0.0,0.0,-0.001,-0.001,0.0007964838255502,0.0085664838255501,0.0726079365079365,0.0007964838255502,0.0,0.0,0.0597996459714603,0.0333145744749664,-0.0124785860495179,0.0485789613164613,-0.0031196465123794,0.0364342209873459,0.0015616866254815,0.0015616866254815,0.4778706492434898,0.1741455965116241,0.0612057375874524,0.0,0.0,0.0149538473615289,0.0,0.0,0.0077699999999998,0.0535289613164613,-0.0049499999999999,0.0275,0.069,-0.004697321779612,-0.0023023349284711,-0.0023949868511408,0.2014997490267786,0.1086402270529005,0.0928595219738781,0.9521920084953308,0.8945084810256958,8297,7858,0,0.1041770489679442,0.5589447434991598,2,8,16155,8297,7858,0.0817049339932057,cuda,123.55615234375,0.003,0.4067502617835998,0.7647527456283569,0.6110730171203613,0.7587172389030457,3.5670652389526367,-0.010772893205285,0.4308130145072937,0.388648509979248,0.0020880116831904,0.020902003586525,0.1338976297527551
317,358,200,True,1133,1133,1075,831,244,63,181,0.2269767441860465,0.0586046511627907,0.1683720930232558,0.516245487364621,1.8038507821901324,0.7189479167746866,14.938778651176664,27.153036471666987,0.4487911878045041,0.4534400659921511,0.1767113824945423,0.046079875939446,0.1852634462598536,0.4533692607846644,0.2024160239444294,0.082054111451778,0.139611737988665,7.08052074866461e-05,-0.0257046414498871,-0.0359742355123319,0.0456517082711885,9.263255813953489,9.263255813953489,6.6827906976744185,0.453953488372093,0.1545173401494252,0.0909965185512669,-0.0963981091574172,-0.0701081534628643,1075,58,0,58,1.0,1.735216240070609,1.735216240070609,1.8288372093023253,95.79620182875276,53.23845258676572,-6.457407802844671,59.69586038961039,0.9023871687781384,149.0346544155185,0.0478981009143763,0.0266192262933828,0.0745173272077592,0.8472727272727273,233,148,85,42,2,144,115.09523809523807,85.0944805194805,5,37,5.0,5.0,83,0,181,63,0,63,181,0,4305.293636954477,430.52936369544767,9229.58682728499,922.958682728499,418.1304122052538,41.813041220525385,5418.789938643858,541.8789938643857,5375.0,537.5,0,0,0.057547619047619,-0.00275,0.057547619047619,-0.00275,0.0,0.0,0.057547619047619,0.0025,0.0618878934970126,0.1681072601238121,-0.1128986356598322,0.0021813070903024,0.0003600283814055,-0.0135616537362261,-0.0013302820473099,-0.000945,-0.0001852820473099,-0.0002,0.0,0.0,0.0,0.0,0.0,0.0003600283814055,0.0093000283814054,0.057547619047619,0.0003600283814055,0.0,0.0,0.0478981009143774,0.0266192262933828,-0.0129148156056893,0.0397972402597402,-0.0032287039014223,0.0298479301948051,0.0021813070903024,0.0021813070903024,0.4433997551761151,0.1495614425379588,0.0770823206323602,0.0,0.0,0.007165078867263,0.0,0.0,0.0089399999999998,0.0425472402597402,-0.00275,0.0315,0.0905,0.0054254206913992,-0.0004407117660674,0.0058661324574666,0.2043090704804152,0.1131307464506891,0.0911783240297261,0.9505099058151244,0.8982690572738647,8645,8212,0,0.0943385865953233,0.5634011268615723,3,8,16857,8645,8212,0.0812171445233372,cuda,125.74267578125,0.003,0.4020337164402008,0.7733150124549866,0.6226582527160645,0.7722844481468201,3.549926996231079,0.0052596540190279,0.4275040626525879,0.3672674298286438,0.0017455713943918,0.0192876838585909,0.1743589792619733
318,359,200,True,1000,1000,947,686,261,41,220,0.2756071805702217,0.0432946145723336,0.232312565997888,0.4446064139941691,1.9387755102040816,0.7619913077041637,14.07014950927423,24.81555017924517,0.4770065498775558,0.4961105224950668,0.1961831174812581,0.0408827101244284,0.1886212233421406,0.4925096066065849,0.2305063092714561,0.0793779680475527,0.1428657203787834,0.0036009158884818,-0.034323191790198,-0.0384952579231243,0.0457555029633571,10.978880675818374,10.978880675818374,8.489968321013727,0.470960929250264,0.1794588166221598,0.2001725909093586,-0.1067954226558627,-0.0515950789579757,947,53,0,53,1.0,1.983,1.983,2.0939809926082367,119.66869927630395,69.69195544116431,-5.339619234160334,75.03157467532469,0.9335630220925436,189.36065471746824,0.0598343496381519,0.0348459777205821,0.0946803273587341,0.9087719298245616,259,177,82,26,0,175,145.49999999999997,101.14209956709956,2,24,2.0,1.0,81,0,220,41,0,41,220,0,4944.546970744983,494.4546970744983,10514.87348268485,1051.487348268485,392.5528201688345,39.25528201688345,6228.839109227587,622.8839109227587,4735.0,473.5,0,0,0.07275,-0.0011,0.07275,-0.0011,0.0,0.0,0.07275,0.001,0.0748564167566108,0.1451458925691303,-0.1079938069368995,0.0024737181438014,0.0009017481907599,-0.0118991452082086,-0.0008613989840431,-0.000615,-0.0001313989840431,-0.000115,0.0,0.0,0.0,0.0,0.0,0.0009017481907599,0.0081717481907597,0.07275,0.0009017481907599,0.0,0.0,0.0598343496381529,0.0348459777205821,-0.0106792384683206,0.0500210497835497,-0.0026698096170801,0.0375157873376623,0.0024737181438014,0.0024737181438014,0.474777899878424,0.1482270299107379,0.0605282889468924,0.0,0.0,0.010624193531824,0.0,0.0,0.0072699999999998,0.0505710497835497,-0.00055,0.0205,0.11,0.0054254206913992,-0.0004407117660674,0.0058661324574666,0.2043090704804152,0.1131307464506891,0.0911783240297261,0.9505099058151244,0.8982690572738647,8645,8212,0,0.0943385865953233,0.5634011268615723,3,8,16857,8645,8212,0.0812171445233372,cuda,125.74267578125,0.003,0.4020337164402008,0.7733150124549866,0.6226582527160645,0.7722844481468201,3.549926996231079,0.0052596540190279,0.4275040626525879,0.3672674298286438,0.0017455713943918,0.0192876838585909,0.1743589792619733
319,360,200,True,1117,1117,1072,750,322,36,286,0.3003731343283582,0.0335820895522388,0.2667910447761194,0.4733333333333333,1.9466666666666668,0.7591594038407008,13.956464429219563,29.629550577481588,0.4358349125371896,0.5108327387770017,0.1547554490665594,0.0448162537564834,0.2208997047245502,0.5055215942660968,0.1801849280968308,0.0837722095592568,0.1541098706548412,0.0053111445109049,-0.0254294790302713,-0.0389559558027734,0.0667898340697089,12.23787313432836,12.23787313432836,9.863805970149254,0.4710820895522388,0.1899205091126169,0.0153585343659161,-0.0120422799863187,-0.0427601325059812,1072,45,0,45,1.0,1.7681289167412713,1.7681289167412713,1.8423507462686568,90.29361180007712,52.0902597149835,-5.734432259708485,57.82469197469196,0.9097779850055768,142.3838715150606,0.0451468059000385,0.0260451298574917,0.0711919357575303,0.8732394366197183,248,160,88,36,0,157,108.76309523809525,78.19958929958932,2,34,2.0,1.0,87,0,286,36,0,36,286,0,4357.893280903608,435.7893280903608,9311.011071465236,931.1011071465234,374.1571890332826,37.415718903328255,5488.743547780132,548.8743547780132,5360.0,536.0,0,0,0.0543815476190476,-0.0011,0.0543815476190476,-0.0011,0.0,0.0,0.0543815476190476,0.001,0.0670800013039583,0.1661782137338287,-0.1309770108647598,0.0015651000269749,0.0003478390240025,-0.0118864067089713,-0.0008425810345192,-0.00054,-0.0002050810345192,-9.750000000000004e-05,0.0,0.0,0.0,0.0,0.0,0.0003478390240025,0.0082078390240023,0.0543815476190476,0.0003478390240025,0.0,0.0,0.0451468059000393,0.0260451298574917,-0.0114688645194169,0.0385497946497946,-0.0028672161298542,0.0289123459873459,0.0015651000269749,0.0015651000269749,0.472652356980158,0.1414829729315537,0.0712528307211119,0.0,0.0,0.0048106544556488,0.0,0.0,0.0078599999999998,0.0390997946497946,-0.00055,0.018,0.143,0.0054254206913992,-0.0004407117660674,0.0058661324574666,0.2043090704804152,0.1131307464506891,0.0911783240297261,0.9505099058151244,0.8982690572738647,8645,8212,0,0.0943385865953233,0.5634011268615723,3,8,16857,8645,8212,0.0812171445233372,cuda,125.74267578125,0.003,0.4020337164402008,0.7733150124549866,0.6226582527160645,0.7722844481468201,3.549926996231079,0.0052596540190279,0.4275040626525879,0.3672674298286438,0.0017455713943918,0.0192876838585909,0.1743589792619733
320,361,200,True,1007,1007,927,633,294,43,251,0.3171521035598705,0.0463861920172599,0.2707659115426106,0.4518167456556082,1.9178515007898893,0.7632566601461709,14.003540655259648,27.61787744494976,0.4943085532433792,0.4789300570367448,0.1697333502372812,0.053897980157739,0.1744768666618431,0.4803567567801965,0.1991630909103005,0.1042105161412405,0.133345769727117,-0.0014266997434516,-0.0294297406730193,-0.0503125359835014,0.041131096934726,9.776699029126211,9.776699029126211,7.402373247033442,0.4390507011866235,0.1487473102305922,0.1089023775016622,-0.1483272514786096,-0.0455014950638137,927,80,0,80,1.0,1.9572989076464744,1.9572989076464744,2.1262135922330097,103.54500245812432,62.2472429274856,-4.966104142111441,67.21334706959706,0.9311978124141532,165.79224538560993,0.0517725012290621,0.0311236214637428,0.0828961226928049,0.8120567375886525,229,166,63,53,1,163,125.81904761904758,92.91779609279612,3,50,3.0,3.0,58,0,251,43,0,43,251,0,4935.084671180417,493.5084671180417,10504.414506358957,1050.4414506358958,375.13546557212624,37.51354655721262,6212.080605493358,621.2080605493359,4635.0,463.5,0,0,0.0629095238095237,-0.00165,0.0629095238095237,-0.00165,0.0,0.0,0.0629095238095237,0.0015,0.0702041394252571,0.1283986460698408,-0.0927563225262419,0.0022037984423433,0.0004644109072154,-0.0113780841763463,-0.0009163043085999,-0.000645,-0.0001463043085999,-0.000125,0.0,0.0,0.0,0.0,0.0,0.0004644109072154,0.0072244109072153,0.0629095238095237,0.0004644109072154,0.0,0.0,0.0517725012290629,0.0311236214637428,-0.0099322082842228,0.044808898046398,-0.0024830520710557,0.0336066735347985,0.0022037984423433,0.0022037984423433,0.4623066970010818,0.1337936427572189,0.0709044246249239,0.0,0.0,0.0170425884875936,0.0,0.0,0.0067599999999999,0.046458898046398,-0.00165,0.0215,0.1255,0.0054254206913992,-0.0004407117660674,0.0058661324574666,0.2043090704804152,0.1131307464506891,0.0911783240297261,0.9505099058151244,0.8982690572738647,8645,8212,0,0.0943385865953233,0.5634011268615723,3,8,16857,8645,8212,0.0812171445233372,cuda,125.74267578125,0.003,0.4020337164402008,0.7733150124549866,0.6226582527160645,0.7722844481468201,3.549926996231079,0.0052596540190279,0.4275040626525879,0.3672674298286438,0.0017455713943918,0.0192876838585909,0.1743589792619733
321,362,200,True,1035,1035,979,688,291,35,256,0.2972420837589377,0.0357507660878447,0.2614913176710929,0.4549418604651162,1.9854651162790695,0.7629299122017137,13.887942214344823,27.705678418451964,0.458561554415208,0.5134533121315545,0.1648941866154674,0.0231975751392933,0.2160847520693963,0.506012344061462,0.2016182179159354,0.0473519926398334,0.1521240787114948,0.0074409680700925,-0.036724031300468,-0.0241544175005401,0.0639606733579015,11.420837589376916,11.420837589376916,8.811031664964249,0.5342185903983657,0.1555813673449958,0.0801061183400086,-0.1445943702037196,-0.0023050768157649,979,56,0,56,1.0,1.906280193236715,1.906280193236715,2.0153217568947905,121.2083104961668,70.23826332623638,-4.893013730040653,75.13127705627704,0.938855893854704,191.4465738224032,0.0606041552480834,0.0351191316631181,0.0957232869112015,0.7824561403508772,223,172,51,62,0,168,147.39285714285714,111.17503607503608,10,52,10.0,10.0,49,0,256,35,0,35,256,0,4723.901919564772,472.3901919564772,9976.923488313165,997.6923488313164,376.696908775677,37.6696908775677,5953.148396197315,595.3148396197315,4895.0,489.5,0,0,0.0736964285714285,-0.0054999999999999,0.0736964285714285,-0.0054999999999999,0.0,0.0,0.0736964285714285,0.005,0.0717414492056234,0.1549641266714113,-0.1099033474445648,0.0026613917241884,0.0010050619547029,-0.0114723763456291,-0.0007949479107669,-0.000525,-0.0001774479107669,-9.250000000000008e-05,0.0,0.0,0.0,0.0,0.0,0.0010050619547029,0.0082350619547028,0.0736964285714285,0.0010050619547029,0.0,0.0,0.0606041552480843,0.0351191316631181,-0.0097860274600813,0.050087518037518,-0.0024465068650203,0.0375656385281385,0.0026613917241884,0.0026613917241884,0.4605275811472699,0.1245068093666057,0.0386232011136241,0.0,0.0,0.0234647372667721,0.0,0.0,0.0072299999999998,0.055587518037518,-0.0054999999999999,0.0175,0.128,0.0054254206913992,-0.0004407117660674,0.0058661324574666,0.2043090704804152,0.1131307464506891,0.0911783240297261,0.9505099058151244,0.8982690572738647,8645,8212,0,0.0943385865953233,0.5634011268615723,3,8,16857,8645,8212,0.0812171445233372,cuda,125.74267578125,0.003,0.4020337164402008,0.7733150124549866,0.6226582527160645,0.7722844481468201,3.549926996231079,0.0052596540190279,0.4275040626525879,0.3672674298286438,0.0017455713943918,0.0192876838585909,0.1743589792619733
322,363,200,True,1164,1164,1112,829,283,77,206,0.2544964028776978,0.0692446043165467,0.185251798561151,0.4535585042219541,1.9698431845597104,0.7557758768735088,14.07667943105479,28.87618235641567,0.4424450244843269,0.5098967247511136,0.1666183116541337,0.0534393757130092,0.2132914664023819,0.515452866728976,0.2026272123281824,0.1128907305198587,0.1501278522524385,-0.0055561419778623,-0.0360089006740487,-0.0594513548068495,0.0631636141499434,13.151079136690647,13.151079136690647,10.407374100719425,0.5386690647482014,0.138332094250365,0.0360441472287559,-0.0930149852072331,-0.0376877740189561,1112,52,0,52,1.0,1.718213058419244,1.718213058419244,1.7904676258992809,86.31759272189841,48.16071479375103,-6.269650674114399,54.43036546786546,0.8967108895086712,134.47830751564945,0.0431587963609492,0.0240803573968755,0.0672391537578247,0.8678571428571429,243,156,87,37,0,156,103.08809523809522,75.87382062382065,3,34,3.0,3.0,87,0,206,77,0,77,206,0,4083.576721943237,408.35767219432375,8806.898366736046,880.6898366736046,411.8367516003321,41.18367516003321,5146.3392765641,514.63392765641,5560.0,556.0,0,0,0.0515440476190476,-0.00165,0.0515440476190476,-0.00165,0.0,0.0,0.0515440476190476,0.0015,0.0666062453243956,0.1972566982737319,-0.1673489528947021,0.0029216009782083,0.0005577913285554,-0.0133377063782262,-0.001786983091797,-0.0011549999999999,-0.000344483091797,-0.0002875,0.0,0.0,0.0,0.0,0.0,0.0005577913285554,0.0096177913285552,0.0515440476190476,0.0005577913285554,0.0,0.0,0.0431587963609499,0.0240803573968755,-0.0125393013482287,0.0362869103119103,-0.0031348253370571,0.0272151827339327,0.0029216009782083,0.0029216009782083,0.488224548997507,0.1441379670683178,0.0914306564612928,0.0,0.0,0.0078046174266132,0.0,0.0,0.0090599999999998,0.0379369103119103,-0.00165,0.0385,0.103,0.0054254206913992,-0.0004407117660674,0.0058661324574666,0.2043090704804152,0.1131307464506891,0.0911783240297261,0.9505099058151244,0.8982690572738647,8645,8212,0,0.0943385865953233,0.5634011268615723,3,8,16857,8645,8212,0.0812171445233372,cuda,125.74267578125,0.003,0.4020337164402008,0.7733150124549866,0.6226582527160645,0.7722844481468201,3.549926996231079,0.0052596540190279,0.4275040626525879,0.3672674298286438,0.0017455713943918,0.0192876838585909,0.1743589792619733
323,364,200,True,1098,1098,1055,804,251,46,205,0.2379146919431279,0.0436018957345971,0.1943127962085308,0.4912935323383084,1.86318407960199,0.7700263759241769,13.808397580142046,27.87903413083868,0.4184240430517256,0.5048874203134236,0.1422788869283759,0.0290955522888808,0.2308407744290816,0.5041613635509762,0.1775437229375507,0.0604686140685414,0.1599673446550483,0.0007260567624474,-0.0352648360091747,-0.0313730617796606,0.0708734297740333,12.465402843601897,12.465402843601897,9.8218009478673,0.5137440758293839,0.1604598884667314,0.0623762121672143,-0.0806383022757852,0.0155310137866128,1055,43,0,43,1.0,1.8005464480874316,1.8005464480874316,1.8739336492890997,108.2864384229134,65.23508954632035,-5.886617912887086,71.12170745920749,0.9235586816822248,173.52152796923377,0.0541432192114567,0.0326175447731601,0.0867607639846168,0.8055555555555556,232,165,67,56,0,162,130.78571428571425,100.32894327894329,5,51,5.0,5.0,65,0,205,46,0,46,205,0,4508.980641513102,450.89806415131017,9524.439144306072,952.4439144306072,382.7816140110047,38.27816140110047,5679.99550413547,567.999550413547,5275.0,527.5,0,0,0.0653928571428571,-0.00275,0.0653928571428571,-0.00275,0.0,0.0,0.0653928571428571,0.0025,0.0692717101997209,0.1811664202170073,-0.1214854439030741,0.0018370403755148,0.0006446674858549,-0.0122331974714399,-0.0010300253209651,-0.00069,-0.0001975253209651,-0.0001425,0.0,0.0,0.0,0.0,0.0,0.0006446674858549,0.0091446674858548,0.0653928571428571,0.0006446674858549,0.0,0.0,0.0541432192114577,0.0326175447731601,-0.0117732358257741,0.0474144716394716,-0.0029433089564435,0.0355608537296037,0.0018370403755148,0.0018370403755148,0.4816355237618653,0.1331108334969232,0.0681021106046415,0.0,0.0,0.0094126450715918,0.0,0.0,0.0084999999999998,0.0501644716394716,-0.00275,0.023,0.1025,0.0054254206913992,-0.0004407117660674,0.0058661324574666,0.2043090704804152,0.1131307464506891,0.0911783240297261,0.9505099058151244,0.8982690572738647,8645,8212,0,0.0943385865953233,0.5634011268615723,3,8,16857,8645,8212,0.0812171445233372,cuda,125.74267578125,0.003,0.4020337164402008,0.7733150124549866,0.6226582527160645,0.7722844481468201,3.549926996231079,0.0052596540190279,0.4275040626525879,0.3672674298286438,0.0017455713943918,0.0192876838585909,0.1743589792619733
324,365,200,True,1091,1091,1045,798,247,47,200,0.2363636363636363,0.0449760765550239,0.1913875598086124,0.5288220551378446,1.863408521303258,0.7439832986895004,14.362356163206554,28.153053442861204,0.4844747737953734,0.4747750633454561,0.1486861815157913,0.0453983683134417,0.1834783345603274,0.4712953805774076,0.1743828992074574,0.0817493816331743,0.1413684077129085,0.0034796827680484,-0.0256967176916661,-0.0363510133197325,0.0421099268474189,10.966507177033494,10.966507177033494,8.413397129186603,0.4564593301435407,0.1629294018845724,0.0767007795686735,-0.112717368123849,-0.0463570981226215,1045,46,0,46,1.0,1.8010999083409716,1.8010999083409716,1.8803827751196167,98.73024162793968,54.72623540451171,-6.409460149933834,61.13569555444552,0.9051085146951808,153.4564770324514,0.0493651208139698,0.0273631177022558,0.0767282385162257,0.8379310344827586,243,159,84,47,0,155,118.94523809523808,89.21426073926077,7,40,7.0,7.0,82,0,200,47,0,47,200,0,4496.864201616495,449.6864201616495,9617.30902220766,961.730902220766,437.7849090971577,43.77849090971576,5664.30941282775,566.4309412827749,5225.0,522.5,0,0,0.059472619047619,-0.0038499999999999,0.059472619047619,-0.0038499999999999,0.0,0.0,0.059472619047619,0.0035,0.0661601952873197,0.1639565969426369,-0.1086246130000069,0.0022475729089695,0.0004851278793731,-0.0140585770610467,-0.0009848214999101,-0.000705,-0.0001498214999101,-0.00013,0.0,0.0,0.0,0.0,0.0,0.0004851278793731,0.008935127879373,0.059472619047619,0.0004851278793731,0.0,0.0,0.0493651208139708,0.0273631177022558,-0.0128189202998676,0.0407571303696303,-0.0032047300749669,0.0305678477772227,0.0022475729089695,0.0022475729089695,0.46217813796293,0.1312002782783031,0.077602401476933,0.0,0.0,0.009432012561165,0.0,0.0,0.0084499999999998,0.0446071303696303,-0.0038499999999999,0.0235,0.1,0.0054254206913992,-0.0004407117660674,0.0058661324574666,0.2043090704804152,0.1131307464506891,0.0911783240297261,0.9505099058151244,0.8982690572738647,8645,8212,0,0.0943385865953233,0.5634011268615723,3,8,16857,8645,8212,0.0812171445233372,cuda,125.74267578125,0.003,0.4020337164402008,0.7733150124549866,0.6226582527160645,0.7722844481468201,3.549926996231079,0.0052596540190279,0.4275040626525879,0.3672674298286438,0.0017455713943918,0.0192876838585909,0.1743589792619733
325,366,200,True,1024,1024,990,725,265,30,235,0.2676767676767677,0.0303030303030303,0.2373737373737373,0.5075862068965518,1.8386206896551724,0.7707901589623813,13.50880241920208,24.98186629722858,0.4221203027066076,0.4839727504500027,0.1463200577682462,0.0250352422584747,0.2155384215173022,0.4756645892611865,0.1793661976657037,0.0493246419294255,0.1631258859716612,0.0083081611888161,-0.0330461398974575,-0.0242893996709508,0.0524125355456409,10.51010101010101,10.51010101010101,8.172727272727272,0.4494949494949495,0.1488163286500008,0.1277464973743678,-0.1010697814058411,-0.0238893448400441,990,34,0,34,1.0,1.916015625,1.916015625,1.981818181818182,124.7009888899686,77.02825952549733,-4.265700207103045,81.29395973260043,0.9501435581895812,201.72924841546595,0.0623504944449843,0.0385141297627486,0.1008646242077329,0.8286713286713286,237,177,60,49,0,172,151.71190476190478,115.58162393162392,8,41,8.0,6.536070564990952,59,0,235,30,0,30,235,0,4769.505565085387,476.95055650853874,10064.556151337332,1006.4556151337332,371.1584165801637,37.115841658016365,6008.9516653161445,600.8951665316144,4950.0,495.0,0,0,0.0758559523809523,-0.0043999999999999,0.0758559523809523,-0.0043999999999999,0.0,0.0,0.0758559523809523,0.004,0.0732628847888192,0.146512229920308,-0.0786002515403834,0.0033486518797716,0.0007786627011117,-0.0111286261754893,-0.0006640632973072,-0.00045,-0.0001190632973072,-9.500000000000006e-05,0.0,0.0,0.0,0.0,0.0,0.0007786627011117,0.0083286627011116,0.0758559523809523,0.0007786627011117,0.0,0.0,0.0623504944449852,0.0385141297627486,-0.008531400414206,0.0541959731550669,-0.0021328501035515,0.0406469798663002,0.0033486518797716,0.0033486518797716,0.463593797274368,0.1173057564548182,0.0475863523611045,0.0,0.0,0.0141364061139783,0.0,0.0,0.0075499999999998,0.0577908119658119,-0.003594838810745,0.015,0.1175,-0.0029707308354166,-0.0024992944789119,-0.0004714363565047,0.3194831233719984,0.1951382152736187,0.1243449080983797,0.9242687821388244,0.8790624737739563,7697,7343,0,0.0858717419207096,0.561838614543279,4,8,15040,7697,7343,0.0897770382424975,cuda,114.5244140625,0.003,0.4134827852249145,0.7698838114738464,0.6163365840911865,0.7714830636978149,3.49502944946289,0.1023617386817932,0.514153003692627,0.4766444563865661,0.0018517489236546,0.0199613094764451,0.143794807990392
326,367,200,True,1078,1078,1025,794,231,59,172,0.2253658536585366,0.0575609756097561,0.1678048780487805,0.5428211586901763,1.7468513853904282,0.735007435515035,14.467610942927056,27.131802226794456,0.4569327217892071,0.4560165055452726,0.1843829512248937,0.0341753857134036,0.1874374976130648,0.4513912749868496,0.2064059530068142,0.0715097836360994,0.1470008084318255,0.004625230558423,-0.0220230017819204,-0.0373343979226957,0.0404366891812392,10.21951219512195,10.21951219512195,7.788292682926829,0.4253658536585366,0.2537227371273854,0.13939571650257,-0.1314329994083717,-0.0319547108469841,1025,53,0,53,1.0,1.8385899814471245,1.8385899814471245,1.9336585365853656,104.95692098172152,63.325941502565975,-5.837375148215972,69.16331665078191,0.92216904926877,168.2828624842875,0.0524784604908607,0.0316629707512829,0.0841414312421437,0.8362989323843416,235,160,75,46,0,157,126.62619047619052,99.2257326007326,7,39,7.0,6.370888242142426,74,0,172,59,0,59,172,0,4634.862239461364,463.4862239461364,9859.963317862032,985.9963317862032,408.0093177733015,40.80093177733015,5833.266435740732,583.3266435740732,5125.0,512.5,0,0,0.0633130952380952,-0.0038499999999999,0.0633130952380952,-0.0038499999999999,0.0,0.0,0.0633130952380952,0.0035,0.0674407942890856,0.1584620876442855,-0.0964189811147895,0.0030194302929403,0.0006099215019227,-0.0131928938496129,-0.0012537483520953,-0.000885,-0.0002087483520953,-0.00016,0.0,0.0,0.0,0.0,0.0,0.0006099215019227,0.0091399215019226,0.0633130952380952,0.0006099215019227,0.0,0.0,0.0524784604908618,0.0316629707512829,-0.0116747502964319,0.0461088777671879,-0.0029186875741079,0.0345816583253909,0.0030194302929403,0.0030194302929403,0.4640709621665116,0.1524842221930701,0.0659131730674428,0.0,0.0,0.0110051631237308,0.0,0.0,0.0085299999999998,0.0496128663003663,-0.0035039885331783,0.0295,0.086,-0.0029707308354166,-0.0024992944789119,-0.0004714363565047,0.3194831233719984,0.1951382152736187,0.1243449080983797,0.9242687821388244,0.8790624737739563,7697,7343,0,0.0858717419207096,0.561838614543279,4,8,15040,7697,7343,0.0897770382424975,cuda,114.5244140625,0.003,0.4134827852249145,0.7698838114738464,0.6163365840911865,0.7714830636978149,3.49502944946289,0.1023617386817932,0.514153003692627,0.4766444563865661,0.0018517489236546,0.0199613094764451,0.143794807990392
327,368,200,True,1031,1031,988,745,243,39,204,0.2459514170040485,0.0394736842105263,0.2064777327935222,0.5033557046979866,1.8644295302013425,0.737645541741544,14.504290964779438,28.03864209291919,0.4846387681387983,0.4801141306457903,0.163850238854253,0.025976359321667,0.1942378671427301,0.4734707815335101,0.2040489514639613,0.0516480977153218,0.139992238536177,0.0066433491122802,-0.0401987126097083,-0.0256717383936547,0.054245628606553,11.038461538461538,11.038461538461538,8.513157894736842,0.4686234817813765,0.1693772707497569,0.068639290156195,-0.0707827016248114,-0.0496361168055945,988,43,0,43,1.0,1.9194956353055288,1.9194956353055288,2.003036437246964,119.60129155313108,67.27220717924325,-6.2345922713062025,73.50679945054945,0.9218148550372314,186.87349873237437,0.0598006457765655,0.0336361035896216,0.0934367493661871,0.8220640569395018,231,170,61,50,0,167,145.09523809523807,105.70906593406596,7,43,7.0,7.0,61,0,204,39,0,39,204,0,4740.450181613688,474.0450181613688,10138.942802406043,1013.8942802406044,426.9295952488341,42.69295952488341,5971.168388834571,597.116838883457,4940.0,494.0,0,0,0.072547619047619,-0.0038499999999999,0.072547619047619,-0.0038499999999999,0.0,0.0,0.072547619047619,0.0035,0.0714755094968298,0.152907333170547,-0.1036813484532264,0.0014161081179523,0.0009727526923514,-0.0131293048183891,-0.0008441100934815,-0.000585,-0.0001491100934815,-0.00011,0.0,0.0,0.0,0.0,0.0,0.0009727526923514,0.0088127526923513,0.072547619047619,0.0009727526923514,0.0,0.0,0.0598006457765664,0.0336361035896216,-0.0124691845426124,0.0490045329670329,-0.0031172961356531,0.0367533997252747,0.0014161081179523,0.0014161081179523,0.4494168924069073,0.1272064988437107,0.0452371682438661,0.0,0.0,0.0172464663749012,0.0,0.0,0.0078399999999998,0.0528545329670329,-0.0038499999999999,0.0195,0.102,-0.0029707308354166,-0.0024992944789119,-0.0004714363565047,0.3194831233719984,0.1951382152736187,0.1243449080983797,0.9242687821388244,0.8790624737739563,7697,7343,0,0.0858717419207096,0.561838614543279,4,8,15040,7697,7343,0.0897770382424975,cuda,114.5244140625,0.003,0.4134827852249145,0.7698838114738464,0.6163365840911865,0.7714830636978149,3.49502944946289,0.1023617386817932,0.514153003692627,0.4766444563865661,0.0018517489236546,0.0199613094764451,0.143794807990392
328,369,200,True,826,826,783,587,196,38,158,0.2503192848020434,0.0485312899106002,0.2017879948914431,0.5059625212947189,1.889267461669506,0.7745653686369095,13.713551956709646,28.002764693004423,0.5060903111788208,0.4913741177046319,0.1847069067674256,0.0392295604086206,0.1804052848318112,0.483438476843972,0.2122772503755288,0.0637193333333377,0.136490092385922,0.0079356408606598,-0.0275703436081032,-0.024489772924717,0.0439151924458892,11.265644955300129,11.265644955300129,8.725415070242656,0.4827586206896552,0.1855325541133182,0.0664467588549607,-0.1099932428802266,-0.0423869807732053,783,43,0,43,1.0,2.196125907990315,2.196125907990315,2.316730523627075,122.7797808406264,68.64716950837686,-4.261190881233537,72.90836038961038,0.944781447979684,191.42695034900328,0.0613898904203132,0.0343235847541884,0.0957134751745016,0.7578947368421053,216,171,45,69,0,167,152.00000000000003,111.51114718614718,14,55,14.0,13.0,44,0,158,38,1,38,158,0,5058.6071801161415,505.86071801161415,10458.536098413191,1045.8536098413192,374.6418919622868,37.46418919622867,6371.3451202206425,637.1345120220642,3915.0,391.5,0,1,0.076,-0.0076999999999999,0.076,-0.0076999999999999,0.0,0.0,0.076,0.007,0.0715301495063617,0.1176534039739834,-0.0777767751094569,0.0031492947511283,0.000699452101566,-0.0108027277530006,-0.0008669193120949,-0.00057,-0.0001544193120949,-0.0001425,0.0,0.0,0.0,-0.001,-0.001,0.000699452101566,0.0069494521015659,0.075,0.000699452101566,0.0,0.0,0.0613898904203139,0.0343235847541884,-0.008522381762467,0.0486055735930735,-0.0021305954406167,0.0364541801948051,0.0031492947511283,0.0031492947511283,0.4621432405502357,0.1378813412358565,0.0524521451877934,0.0,0.0,0.0178724530573293,0.0,0.0,0.0062499999999999,0.0557555735930735,-0.0071499999999999,0.019,0.079,-0.0029707308354166,-0.0024992944789119,-0.0004714363565047,0.3194831233719984,0.1951382152736187,0.1243449080983797,0.9242687821388244,0.8790624737739563,7697,7343,0,0.0858717419207096,0.561838614543279,4,8,15040,7697,7343,0.0897770382424975,cuda,114.5244140625,0.003,0.4134827852249145,0.7698838114738464,0.6163365840911865,0.7714830636978149,3.49502944946289,0.1023617386817932,0.514153003692627,0.4766444563865661,0.0018517489236546,0.0199613094764451,0.143794807990392
329,370,200,True,703,703,666,430,236,22,214,0.3543543543543543,0.033033033033033,0.3213213213213213,0.5162790697674419,1.8744186046511628,0.7722908467054367,13.728070722624311,32.11495883852937,0.4899036623190494,0.5473650052103886,0.1189984000699464,0.0136809491833975,0.2213229812984896,0.5372661371217218,0.1644610324679592,0.0291594752565372,0.1722756774229712,0.0100988680886667,-0.0454626323980127,-0.0154785260731397,0.0490473038755183,13.304804804804805,13.304804804804805,11.13813813813814,0.4339339339339339,0.2048164793469547,0.0257360675667606,-0.1212640462641936,-0.0644530723653866,666,37,0,37,1.0,2.251778093883357,2.251778093883357,2.376876876876877,117.585086364467,77.41956661759741,-3.631705027424269,81.05127164502161,0.9571141075794758,195.0046529820644,0.0587925431822334,0.0387097833087987,0.0975023264910321,0.696113074204947,197,162,35,86,0,158,150.2261904761905,121.2683621933622,12,74,12.0,12.0,32,0,214,22,3,22,214,0,4644.508545453526,464.45085454535257,9040.49774204627,904.0497742046268,274.7209846332121,27.47209846332121,5848.735490021278,584.8735490021278,3330.0,333.0,0,3,0.0751130952380952,-0.0065999999999999,0.0751130952380952,-0.0065999999999999,0.0,0.0,0.0751130952380952,0.006,0.0679306295535696,0.0964330916161267,-0.0679771030768225,0.0008064595700903,0.0009903349587864,-0.0076603118056052,-0.0004612630805265,-0.00033,-6.876308052653693e-05,-6.250000000000003e-05,0.0,0.0,0.0,-0.003,-0.003,0.0009903349587864,0.0055103349587863,0.0721130952380952,0.0009903349587864,0.0,0.0,0.0587925431822338,0.0387097833087986,-0.0072634100548485,0.0540341810966811,-0.0018158525137121,0.0405256358225108,0.0008064595700903,0.0008064595700903,0.3867331708698064,0.0846206546495585,0.0284722860884021,0.0,0.0,0.0304297562312878,0.0,0.0,0.0045199999999999,0.060634181096681,-0.0065999999999999,0.011,0.107,-0.0029707308354166,-0.0024992944789119,-0.0004714363565047,0.3194831233719984,0.1951382152736187,0.1243449080983797,0.9242687821388244,0.8790624737739563,7697,7343,0,0.0858717419207096,0.561838614543279,4,8,15040,7697,7343,0.0897770382424975,cuda,114.5244140625,0.003,0.4134827852249145,0.7698838114738464,0.6163365840911865,0.7714830636978149,3.49502944946289,0.1023617386817932,0.514153003692627,0.4766444563865661,0.0018517489236546,0.0199613094764451,0.143794807990392
330,371,200,True,1172,1172,1126,898,228,62,166,0.2024866785079929,0.0550621669626998,0.147424511545293,0.455456570155902,1.9587973273942092,0.7994310403852527,13.28389137518698,26.04698253607166,0.3518619931952518,0.5235222694536625,0.346070845887264,0.0205463544208398,0.225397121793858,0.5190264016954034,0.3575822918184251,0.0565990405553902,0.1594640252850369,0.0044958677582591,-0.011511445931161,-0.0360526861345503,0.0659330965088211,14.495559502664298,14.495559502664298,11.568383658969804,0.5968028419182948,0.1172200681705636,0.0418134488175584,-0.1523535525510085,-0.0202738842580315,1126,46,0,46,1.0,1.6945392491467577,1.6945392491467577,1.763765541740675,93.92513295730777,50.21451970513807,-5.046643396466238,55.261163101604254,0.9163185715164802,144.13965266244583,0.0469625664786538,0.025107259852569,0.0720698263312229,0.8464285714285714,237,144,93,43,0,142,112.33333333333331,79.18155080213906,5,38,5.0,5.0,89,0,166,62,0,62,166,0,4091.4887477184698,409.148874771847,8694.479048522462,869.4479048522462,358.91354120955214,35.891354120955214,5152.105573537874,515.2105573537874,5630.0,563.0,0,0,0.0561666666666666,-0.0027499999999999,0.0561666666666666,-0.0027499999999999,0.0,0.0,0.0561666666666666,0.0024999999999999,0.0610671108100709,0.2136699066865526,-0.1941771287246799,0.0030604853449669,0.0005461657266025,-0.011489893451073,-0.0014674918490151,-0.00093,-0.0003724918490151,-0.000165,0.0,0.0,0.0,0.0,0.0,0.0005461657266025,0.0101461657266024,0.0561666666666666,0.0005461657266025,0.0,0.0,0.0469625664786549,0.025107259852569,-0.0100932867929324,0.0368407754010695,-0.0025233216982331,0.0276305815508021,0.0030604853449669,0.0030604853449669,0.4952480278045928,0.2529837751238735,0.0546917949714712,0.0,0.0,0.0044390131498797,0.0,0.0,0.0095999999999998,0.0395907754010695,-0.0027499999999999,0.031,0.083,-0.0029707308354166,-0.0024992944789119,-0.0004714363565047,0.3194831233719984,0.1951382152736187,0.1243449080983797,0.9242687821388244,0.8790624737739563,7697,7343,0,0.0858717419207096,0.561838614543279,4,8,15040,7697,7343,0.0897770382424975,cuda,114.5244140625,0.003,0.4134827852249145,0.7698838114738464,0.6163365840911865,0.7714830636978149,3.49502944946289,0.1023617386817932,0.514153003692627,0.4766444563865661,0.0018517489236546,0.0199613094764451,0.143794807990392
331,372,200,True,872,872,827,598,229,36,193,0.2769044740024183,0.0435308343409915,0.2333736396614268,0.4933110367892976,1.9230769230769231,0.7267883352960233,14.985556972465387,32.62387439409228,0.4311353827878121,0.489491907599379,0.138280478763989,0.0632563946024206,0.211290932844477,0.4857614302764768,0.1662341159157903,0.1059915541640457,0.1530974822377406,0.0037304773229021,-0.0279536371518013,-0.0427351595616251,0.0581934506067364,11.112454655380894,11.112454655380894,8.71584038694075,0.4776299879081015,0.1529935085861694,0.067162002694796,-0.0703420381103316,-0.1131050071672394,827,45,0,45,1.0,1.986238532110092,1.986238532110092,2.094316807738815,88.5074404020825,55.233227285456735,-4.287793360563868,59.521020646020624,0.9328024908890892,143.74066768753923,0.0442537202010412,0.0276166136427283,0.0718703338437696,0.84,231,143,88,44,1,141,111.1785714285714,82.66136086136089,3,41,3.0,3.0,84,0,193,36,2,36,193,0,4448.379418652645,444.8379418652645,8967.773040149317,896.7773040149317,317.09838391713845,31.709838391713845,5597.85267648325,559.7852676483251,4135.0,413.5,0,2,0.0555892857142856,-0.00165,0.0555892857142856,-0.00165,0.0,0.0,0.0555892857142856,0.0015,0.0611210200523563,0.1263631233472276,-0.0896765639532613,0.0014934314693826,0.0005714581480635,-0.0093752348665928,-0.0007929617578969,-0.00054,-0.0001454617578969,-0.0001075,0.0,0.0,0.0,-0.002,-0.002,0.0005714581480635,0.0069114581480634,0.0535892857142856,0.0005714581480635,0.0,0.0,0.0442537202010419,0.0276166136427283,-0.0085755867211277,0.0396806804306804,-0.0021438966802819,0.0297605103230103,0.0014934314693826,0.0014934314693826,0.4191578976312228,0.1080152693062134,0.0727246069296034,0.0,0.0,0.015399198690214,0.0,0.0,0.0063399999999999,0.0413306804306804,-0.00165,0.018,0.0965,-0.0029707308354166,-0.0024992944789119,-0.0004714363565047,0.3194831233719984,0.1951382152736187,0.1243449080983797,0.9242687821388244,0.8790624737739563,7697,7343,0,0.0858717419207096,0.561838614543279,4,8,15040,7697,7343,0.0897770382424975,cuda,114.5244140625,0.003,0.4134827852249145,0.7698838114738464,0.6163365840911865,0.7714830636978149,3.49502944946289,0.1023617386817932,0.514153003692627,0.4766444563865661,0.0018517489236546,0.0199613094764451,0.143794807990392
332,373,200,True,991,991,938,669,269,42,227,0.2867803837953092,0.044776119402985,0.2420042643923241,0.4902840059790732,1.846038863976084,0.7594622212764215,14.053286590918296,26.67145914889549,0.4961923392457273,0.481439538132984,0.1826525424371831,0.032951743550799,0.1838561965748445,0.4721623892117687,0.2123708184251648,0.062889927260366,0.1424921834730001,0.0092771489212152,-0.0297182759879816,-0.0299381837095669,0.0413640131018443,9.279317697228144,9.279317697228144,6.816631130063966,0.4562899786780384,0.1544698985370242,0.1593132708372446,-0.1205464747053026,-0.1034830900070786,938,53,0,53,1.0,2.0100908173562058,2.0100908173562058,2.1236673773987205,125.76694354456522,79.46813502221535,-5.1741539388235855,84.64228896103896,0.9423919076310748,205.23507856678057,0.0628834717722826,0.0397340675111076,0.1026175392833902,0.8350877192982457,238,175,63,47,0,174,153.25,117.25638528138526,4,43,4.0,4.0,62,0,227,42,0,42,227,0,4996.234385992444,499.6234385992444,10663.02240319338,1066.302240319338,399.7898808549597,39.97898808549597,6292.42083991729,629.242083991729,4690.0,469.0,0,0,0.076625,-0.0022,0.076625,-0.0022,0.0,0.0,0.076625,0.002,0.0745425645967775,0.1326692992923396,-0.0857219442548732,0.0026877238447926,0.0008073588614129,-0.0120710063451806,-0.0008859006772368,-0.00063,-0.0001259006772368,-0.00013,0.0,0.0,0.0,0.0,0.0,0.0008073588614129,0.0079173588614128,0.076625,0.0008073588614129,0.0,0.0,0.0628834717722835,0.0397340675111076,-0.0103483078776471,0.0564281926406926,-0.0025870769694117,0.0423211444805194,0.0026877238447926,0.0026877238447926,0.455524029772057,0.1391865812531484,0.0456453220567671,0.0,0.0,0.0177701322009529,0.0,0.0,0.0071099999999998,0.0586281926406926,-0.0022,0.021,0.1135,-0.0029707308354166,-0.0024992944789119,-0.0004714363565047,0.3194831233719984,0.1951382152736187,0.1243449080983797,0.9242687821388244,0.8790624737739563,7697,7343,0,0.0858717419207096,0.561838614543279,4,8,15040,7697,7343,0.0897770382424975,cuda,114.5244140625,0.003,0.4134827852249145,0.7698838114738464,0.6163365840911865,0.7714830636978149,3.49502944946289,0.1023617386817932,0.514153003692627,0.4766444563865661,0.0018517489236546,0.0199613094764451,0.143794807990392
333,374,200,True,939,939,892,651,241,31,210,0.2701793721973094,0.0347533632286995,0.2354260089686098,0.5683563748079877,1.7112135176651306,0.7798495162650371,13.42806685721636,24.557349159604023,0.5034189897454998,0.4547769141178893,0.2197895813075261,0.0256180533904656,0.1657072534060789,0.4473105565102602,0.2480789700940754,0.0473629197992023,0.1303574375024268,0.007466357607629,-0.0282893887865492,-0.0217448664087367,0.0353498159036521,9.12219730941704,9.12219730941704,6.908071748878924,0.3733183856502242,0.186707347449632,0.1662498682551258,-0.2214369667617267,-0.0100698310791253,892,47,0,47,1.0,2.1054313099041533,2.1054313099041533,2.2163677130044843,128.52615072900792,81.9476690580438,-4.911627160443524,86.8592962184874,0.9464794841372256,210.47381978705167,0.0642630753645039,0.0409738345290219,0.1052369098935258,0.8035714285714286,225,176,49,55,0,173,156.90277777777777,122.41239495798318,6,49,6.0,6.0,48,0,210,31,0,31,210,0,5234.169199689136,523.4169199689136,11129.69179922802,1112.969179922802,407.0393290962885,40.70393290962885,6590.586648991573,659.0586648991573,4460.0,446.0,0,0,0.0784513888888888,-0.0033,0.0784513888888888,-0.0033,0.0,0.0,0.0784513888888888,0.003,0.074606393313387,0.121412648256626,-0.0788931384508164,0.0030104495475803,0.0006898212669643,-0.011917300449733,-0.0006547308240624,-0.000465,-0.0001047308240624,-8.500000000000006e-05,0.0,0.0,0.0,0.0,0.0,0.0006898212669643,0.0075098212669642,0.0784513888888888,0.0006898212669643,0.0,0.0,0.0642630753645049,0.0409738345290219,-0.009823254320887,0.0579061974789916,-0.0024558135802217,0.0434296481092437,0.0030104495475803,0.0030104495475803,0.4533018800112863,0.1436524619499295,0.0537802256764218,0.0,0.0,0.0189393515098543,0.0,0.0,0.0068199999999998,0.0612061974789916,-0.0033,0.0155,0.105,0.0008115380316869,0.0015603720107012,-0.0007488339790143,0.2300895688434442,0.1274676074584325,0.1026219613850116,0.9486829042434692,0.905129849910736,8347,7964,0,0.094070387383302,0.526038908213377,5,8,16311,8347,7964,0.0899929762347605,cuda,124.15966796875,0.003,0.3815591633319855,0.7844939827919006,0.6397360563278198,0.7886740565299988,3.400050163269043,0.0168586019426584,0.4517152309417724,0.3569814264774322,0.0013587545948212,0.0137860364862717,0.1390344077255577
334,375,200,True,1115,1115,1071,797,274,58,216,0.2558356676003734,0.0541549953314659,0.2016806722689075,0.4755332496863237,1.928481806775408,0.746040384735038,14.378117390229384,28.73045754731823,0.4820422037595759,0.4984985655419052,0.17213664787215,0.0718643331504105,0.1931469582928019,0.5000558373806916,0.2070485320049741,0.1181721753543628,0.1440652988622037,-0.0015572718387864,-0.034911884132824,-0.0463078422039522,0.0490816594305982,12.3062558356676,12.3062558356676,9.754435107376285,0.4995331465919701,0.1809033041749939,0.069854440777958,-0.0933338283075644,-0.0517379864508358,1071,44,0,44,1.0,1.779372197309417,1.779372197309417,1.8524743230625584,89.90744844654496,47.61602416427311,-6.276711225337272,53.892735389610365,0.8956827496602241,137.52347261081806,0.0449537242232724,0.0238080120821365,0.068761736305409,0.8256227758007118,232,157,75,49,0,155,107.91190476190478,76.25698051948055,4,45,4.0,4.0,75,0,216,58,0,58,216,0,4361.338099750067,436.1338099750067,9319.45375131793,931.945375131793,427.99100260107343,42.79910026010735,5493.62326011528,549.362326011528,5355.0,535.5,0,0,0.0539559523809523,-0.0022,0.0539559523809523,-0.0022,0.0,0.0,0.0539559523809523,0.002,0.0665922539120341,0.1776449291916687,-0.1506146777632128,0.0029975699843652,0.0003948115925529,-0.013970459508307,-0.0012881103151023,-0.00087,-0.0002281103151023,-0.00019,0.0,0.0,0.0,0.0,0.0,0.0003948115925529,0.0089448115925528,0.0539559523809523,0.0003948115925529,0.0,0.0,0.0449537242232732,0.0238080120821365,-0.0125534224506745,0.0359284902597402,-0.0031383556126686,0.0269463676948051,0.0029975699843652,0.0029975699843652,0.4795651008501874,0.1631286603546061,0.1045881052220388,0.0,0.0,0.0082587436159109,0.0,0.0,0.0085499999999998,0.0381284902597402,-0.0022,0.029,0.108,0.0008115380316869,0.0015603720107012,-0.0007488339790143,0.2300895688434442,0.1274676074584325,0.1026219613850116,0.9486829042434692,0.905129849910736,8347,7964,0,0.094070387383302,0.526038908213377,5,8,16311,8347,7964,0.0899929762347605,cuda,124.15966796875,0.003,0.3815591633319855,0.7844939827919006,0.6397360563278198,0.7886740565299988,3.400050163269043,0.0168586019426584,0.4517152309417724,0.3569814264774322,0.0013587545948212,0.0137860364862717,0.1390344077255577
335,376,200,True,1045,1045,991,661,330,30,300,0.3329969727547931,0.0302724520686175,0.3027245206861755,0.3963691376701966,2.0514372163388805,0.7582836527146297,14.032973898340822,27.92216448837528,0.4857060965463868,0.5224013823153573,0.1891766910958308,0.0425633286223176,0.2026712654352909,0.5103064956264669,0.2171010082255085,0.0857849195990542,0.1502231940621462,0.0120948866888903,-0.0279243171296776,-0.0432215909767366,0.0524480713731447,11.178607467204843,11.178607467204843,8.746720484359233,0.4803229061553986,0.1945358335442363,0.0772368946780696,-0.1130279043973278,-0.0525205861263307,991,54,0,54,1.0,1.878468899521531,1.878468899521531,1.9767911200807264,112.49170873104826,70.04871974288743,-4.765176777259103,74.81389652014653,0.9401202278462012,182.5404284739357,0.0562458543655241,0.0350243598714437,0.0912702142369678,0.800711743772242,225,170,55,56,0,166,136.96190476190475,101.95186202686206,2,54,2.0,2.0,54,0,300,30,0,30,300,0,4721.479694253873,472.1479694253873,10039.160726956216,1003.9160726956216,380.33261089040815,38.03326108904081,5946.932822268995,594.6932822268994,4955.0,495.5,0,0,0.0684809523809523,-0.0011,0.0684809523809523,-0.0011,0.0,0.0,0.0684809523809523,0.001,0.0709955807337881,0.1436396746673419,-0.1167629579937281,0.0028648508591694,0.0003954623038112,-0.0116746083451199,-0.0006715334389069,-0.00045,-0.0001290334389069,-9.250000000000004e-05,0.0,0.0,0.0,0.0,0.0,0.0003954623038112,0.0073054623038111,0.0684809523809523,0.0003954623038112,0.0,0.0,0.0562458543655249,0.0350243598714437,-0.0095303535545182,0.049875931013431,-0.0023825883886295,0.0374069482600732,0.0028648508591694,0.0028648508591694,0.4613741710768317,0.1448691508574334,0.060606682401194,0.0,0.0,0.0134864770900796,0.0,0.0,0.0069099999999998,0.050975931013431,-0.0011,0.015,0.15,0.0008115380316869,0.0015603720107012,-0.0007488339790143,0.2300895688434442,0.1274676074584325,0.1026219613850116,0.9486829042434692,0.905129849910736,8347,7964,0,0.094070387383302,0.526038908213377,5,8,16311,8347,7964,0.0899929762347605,cuda,124.15966796875,0.003,0.3815591633319855,0.7844939827919006,0.6397360563278198,0.7886740565299988,3.400050163269043,0.0168586019426584,0.4517152309417724,0.3569814264774322,0.0013587545948212,0.0137860364862717,0.1390344077255577
336,377,200,True,1068,1068,1010,702,308,48,260,0.3049504950495049,0.0475247524752475,0.2574257425742574,0.5242165242165242,1.8333333333333333,0.7782759047047025,13.848705678923515,27.46158603810177,0.4626950624219289,0.475178342768949,0.1711497900482171,0.0670928947516104,0.1808318987945121,0.4746163261582029,0.1875812715925064,0.1258556537517211,0.138570622172196,0.000562016610746,-0.0164314815442892,-0.0587627590001107,0.042261276622316,10.04059405940594,10.04059405940594,7.707920792079208,0.4465346534653465,0.1973340084570086,0.1571733973939632,-0.0976501552637357,-0.0438197030971143,1010,58,0,58,1.0,1.864232209737828,1.864232209737828,1.9712871287128717,94.02352228746828,54.80274209737378,-5.6728427344610415,60.47558483183482,0.9142407016587726,148.82626438484206,0.0470117611437341,0.0274013710486868,0.074413132192421,0.8928571428571429,250,162,88,30,0,161,113.57142857142858,86.13411310911306,5,25,5.0,5.0,86,0,260,48,0,48,260,0,4646.846707500932,464.6846707500932,9887.974569560807,988.7974569560809,379.4238344204931,37.94238344204931,5850.439040170878,585.0439040170878,5050.0,505.0,0,0,0.0567857142857142,-0.00275,0.0567857142857142,-0.00275,0.0,0.0,0.0567857142857142,0.0025,0.0692127881209499,0.143740448054195,-0.1126960164214098,0.0018280267378954,0.0004159485758135,-0.0118113430440642,-0.0010942348910973,-0.00072,-0.0002392348910973,-0.000135,0.0,0.0,0.0,0.0,0.0,0.0004159485758135,0.0079159485758134,0.0567857142857142,0.0004159485758135,0.0,0.0,0.0470117611437348,0.0274013710486868,-0.011345685468922,0.0403170565545565,-0.0028364213672305,0.0302377924159174,0.0018280267378954,0.0018280267378954,0.4585686096563785,0.1384318215033319,0.0947420282543212,0.0,0.0,0.0092576845253096,0.0,0.0,0.0074999999999998,0.0430670565545565,-0.00275,0.024,0.13,0.0008115380316869,0.0015603720107012,-0.0007488339790143,0.2300895688434442,0.1274676074584325,0.1026219613850116,0.9486829042434692,0.905129849910736,8347,7964,0,0.094070387383302,0.526038908213377,5,8,16311,8347,7964,0.0899929762347605,cuda,124.15966796875,0.003,0.3815591633319855,0.7844939827919006,0.6397360563278198,0.7886740565299988,3.400050163269043,0.0168586019426584,0.4517152309417724,0.3569814264774322,0.0013587545948212,0.0137860364862717,0.1390344077255577
337,378,200,True,1089,1089,1041,831,210,33,177,0.2017291066282421,0.031700288184438,0.170028818443804,0.5475330926594465,1.7677496991576414,0.7496676356963159,14.764438067962978,24.854039443600765,0.4372512664513419,0.4420208183759386,0.1339739645090487,0.0360678593021796,0.1876136478592521,0.439838303394266,0.160297732935853,0.0710942087095134,0.1452547608371532,0.0021825149816726,-0.0263237684268042,-0.0350263494073338,0.0423588870220988,8.989433237271854,8.989433237271854,6.425552353506244,0.4409221902017291,0.1180960701172304,0.1203811894831116,-0.0322643952665008,-0.0245334965121595,1041,48,0,48,1.0,1.8292011019283747,1.8292011019283747,1.9125840537944283,109.43377473824924,63.20594496140742,-6.081284475822047,69.28722943722943,0.9193126657261984,172.63971969965664,0.0547168873691246,0.0316029724807037,0.0863198598498283,0.8120567375886525,229,161,68,53,0,160,132.08333333333331,98.98297258297256,6,47,6.0,6.0,66,0,177,33,0,33,177,0,4529.48414063148,452.948414063148,9701.444157850285,970.1444157850284,416.9185928420287,41.69185928420287,5704.0090346952575,570.4009034695257,5205.0,520.5,0,0,0.0660416666666666,-0.0033,0.0660416666666666,-0.0033,0.0,0.0,0.0660416666666666,0.003,0.0685690150519715,0.1595142121396747,-0.0935772310912634,0.0018513461141848,0.0007777701789564,-0.0132129382747259,-0.0007389997941296,-0.000495,-0.0001414997941296,-0.0001025,0.0,0.0,0.0,0.0,0.0,0.0007777701789564,0.0094177701789563,0.0660416666666666,0.0007777701789564,0.0,0.0,0.0547168873691257,0.0316029724807037,-0.012162568951644,0.0461914862914862,-0.003040642237911,0.0346436147186147,0.0018513461141848,0.0018513461141848,0.4478728734485267,0.1169121040335807,0.0581620174030832,0.0,0.0,0.0140600448303301,0.0,0.0,0.0086399999999998,0.0494914862914862,-0.0033,0.0165,0.0885,0.0008115380316869,0.0015603720107012,-0.0007488339790143,0.2300895688434442,0.1274676074584325,0.1026219613850116,0.9486829042434692,0.905129849910736,8347,7964,0,0.094070387383302,0.526038908213377,5,8,16311,8347,7964,0.0899929762347605,cuda,124.15966796875,0.003,0.3815591633319855,0.7844939827919006,0.6397360563278198,0.7886740565299988,3.400050163269043,0.0168586019426584,0.4517152309417724,0.3569814264774322,0.0013587545948212,0.0137860364862717,0.1390344077255577
338,379,200,True,1045,1045,1000,682,318,24,294,0.318,0.024,0.294,0.5381231671554252,1.813782991202346,0.785137570192737,13.450858338487462,27.20237911778811,0.4751859033724959,0.4844496836148399,0.1332420959325829,0.0392646375071268,0.1938330660631492,0.4732367948702703,0.160659803719399,0.0685449421864625,0.1491070045376759,0.0112128887445696,-0.0274177077868161,-0.0292803046793357,0.0447260615254733,9.872,9.872,7.708,0.397,0.1849798911351583,0.0818525526090963,-0.0432376531347021,-0.100734010802029,1000,45,0,45,1.0,1.8985645933014357,1.8985645933014357,1.984,121.2103633780616,74.57038829397864,-4.740604879514539,79.31099317349317,0.9435988727242896,195.78075167204025,0.0606051816890308,0.0372851941469893,0.0978903758360201,0.8309352517985612,231,164,67,47,0,162,147.60000000000002,115.64799089799088,9,38,9.0,9.0,66,0,294,24,0,24,294,0,4724.891377467697,472.4891377467696,10044.326437077923,1004.4326437077924,386.4470722113396,38.64470722113396,5950.638770725707,595.0638770725707,5000.0,500.0,0,0,0.0738,-0.0049499999999999,0.0738,-0.0049499999999999,0.0,0.0,0.0738,0.0045,0.06969639078817,0.1354003359339835,-0.0838971964242737,0.0031983224100194,0.0007659084451538,-0.0117846103948237,-0.0004983798358074,-0.00036,-7.337983580742317e-05,-6.500000000000005e-05,0.0,0.0,0.0,0.0,0.0,0.0007659084451538,0.0078259084451537,0.0738,0.0007659084451538,0.0,0.0,0.0606051816890316,0.0372851941469892,-0.009481209759029,0.0528739954489954,-0.0023703024397572,0.0396554965867465,0.0031983224100194,0.0031983224100194,0.4365913612627797,0.1145213751062584,0.0619047385737123,0.0,0.0,0.0151608120737467,0.0,0.0,0.0070599999999998,0.0578239954489954,-0.0049499999999999,0.012,0.147,0.0008115380316869,0.0015603720107012,-0.0007488339790143,0.2300895688434442,0.1274676074584325,0.1026219613850116,0.9486829042434692,0.905129849910736,8347,7964,0,0.094070387383302,0.526038908213377,5,8,16311,8347,7964,0.0899929762347605,cuda,124.15966796875,0.003,0.3815591633319855,0.7844939827919006,0.6397360563278198,0.7886740565299988,3.400050163269043,0.0168586019426584,0.4517152309417724,0.3569814264774322,0.0013587545948212,0.0137860364862717,0.1390344077255577
339,380,200,True,983,983,946,715,231,54,177,0.2441860465116279,0.0570824524312896,0.1871035940803382,0.5328671328671328,1.7846153846153847,0.7430839426242388,14.38600775978782,24.02209995709933,0.49326009366967,0.4598621765633563,0.2087154499978035,0.0260177827485791,0.1701139277641798,0.4520911501212553,0.2421809949514853,0.0419584805972978,0.1370027115164728,0.0077710264421009,-0.0334655449536817,-0.0159406978487186,0.0331112162477069,9.78646934460888,9.78646934460888,7.385835095137421,0.4133192389006342,0.2013179317215661,0.1598600732631467,-0.1488604204558401,-0.0541920537596997,946,37,0,37,1.0,2.017293997965412,2.017293997965412,2.0961945031712474,124.45348397452308,78.08174450563837,-5.836761987868072,83.91850649350651,0.9349702576057776,202.53522848016144,0.0622267419872615,0.0390408722528191,0.1012676142400807,0.8188405797101449,226,173,53,50,0,171,151.11666666666667,116.29134199134197,4,46,4.0,4.0,53,0,177,54,0,54,177,0,5068.191820985549,506.81918209855496,10731.68267643306,1073.168267643306,413.89390580269895,41.3893905802699,6380.613358910588,638.0613358910589,4730.0,473.0,0,0,0.0755583333333333,-0.0022,0.0755583333333333,-0.0022,0.0,0.0,0.0755583333333333,0.002,0.0735217396203325,0.1413021558037845,-0.1006755133005006,0.0021617209840567,0.0012103766029741,-0.0128247624379314,-0.0011719368088138,-0.00081,-0.0001869368088138,-0.000175,0.0,0.0,0.0,0.0,0.0,0.0012103766029741,0.008900376602974,0.0755583333333333,0.0012103766029741,0.0,0.0,0.0622267419872625,0.0390408722528191,-0.0116735239757361,0.0559456709956709,-0.002918380993934,0.0419592532467532,0.0021617209840567,0.0021617209840567,0.4572189288301591,0.1525245638050846,0.0434582418244217,0.0,0.0,0.0215072009433767,0.0,0.0,0.0076899999999998,0.0581456709956709,-0.0022,0.027,0.0885,0.0008115380316869,0.0015603720107012,-0.0007488339790143,0.2300895688434442,0.1274676074584325,0.1026219613850116,0.9486829042434692,0.905129849910736,8347,7964,0,0.094070387383302,0.526038908213377,5,8,16311,8347,7964,0.0899929762347605,cuda,124.15966796875,0.003,0.3815591633319855,0.7844939827919006,0.6397360563278198,0.7886740565299988,3.400050163269043,0.0168586019426584,0.4517152309417724,0.3569814264774322,0.0013587545948212,0.0137860364862717,0.1390344077255577
340,381,200,True,1063,1063,1013,703,310,19,291,0.3060217176702863,0.0187561697926949,0.2872655478775913,0.4196301564722617,2.065433854907539,0.7547967970201674,13.85836292635835,29.56357252555416,0.5120828342990394,0.5220337646190676,0.1654437462750234,0.0341611710671139,0.1939354445069901,0.5197364140201259,0.205883226940305,0.0704055117386238,0.1511170380559364,0.0022973505989416,-0.0404394806652815,-0.0362443406715098,0.0428184064510536,11.285291214215205,11.285291214215205,8.781836130306022,0.5212240868706811,0.2604669926773353,0.0672254886398915,-0.1036901387317418,-0.0220363386359259,1013,50,0,50,1.0,1.8607714016933208,1.8607714016933208,1.9526159921026651,117.32898106475736,72.23895358290575,-5.539617845665642,77.77857142857142,0.9335125031650374,189.5679346476631,0.0586644905323786,0.0361194767914528,0.0947839673238315,0.8201438848920863,228,168,60,50,0,165,142.74999999999997,104.80476190476188,2,48,2.0,1.0,60,0,291,19,0,19,291,0,4644.090932488609,464.40909324886087,9861.806635187771,986.1806635187772,408.5336192366901,40.85336192366901,5849.354076757592,584.9354076757593,5065.0,506.5,0,0,0.071375,-0.0011,0.071375,-0.0011,0.0,0.0,0.071375,0.001,0.0705470418235412,0.1547482050787079,-0.1240861150829075,0.0026070161042853,0.0006024526618932,-0.0130906993476078,-0.000422514513486,-0.000285,-8.751451348601383e-05,-5.000000000000003e-05,0.0,0.0,0.0,0.0,0.0,0.0006024526618932,0.0078224526618931,0.071375,0.0006024526618932,0.0,0.0,0.0586644905323794,0.0361194767914528,-0.0110792356913312,0.0518523809523809,-0.0027698089228328,0.0388892857142857,0.0026070161042853,0.0026070161042853,0.4678862316424131,0.1463315578014621,0.0556636393768084,0.0,0.0,0.0145216305322203,0.0,0.0,0.0072199999999998,0.0524023809523809,-0.00055,0.0095,0.1455,0.0008115380316869,0.0015603720107012,-0.0007488339790143,0.2300895688434442,0.1274676074584325,0.1026219613850116,0.9486829042434692,0.905129849910736,8347,7964,0,0.094070387383302,0.526038908213377,5,8,16311,8347,7964,0.0899929762347605,cuda,124.15966796875,0.003,0.3815591633319855,0.7844939827919006,0.6397360563278198,0.7886740565299988,3.400050163269043,0.0168586019426584,0.4517152309417724,0.3569814264774322,0.0013587545948212,0.0137860364862717,0.1390344077255577
341,382,200,True,1100,1100,1046,711,335,22,313,0.3202676864244742,0.021032504780114723,0.29923518164435947,0.4542897327707454,2.0126582278481013,0.7733995930806494,13.692923654483844,30.723954587629912,0.4937736535931639,0.5239183947171507,0.1626777510497976,0.05675497726287101,0.19257932718261636,0.5239061054926885,0.20073041592694493,0.10355289836473758,0.14748735287856787,1.2289224462280757e-05,-0.03805266487714734,-0.04679792110186657,0.04509197430404849,11.631931166347993,11.631931166347993,9.272466539196941,0.4904397705544933,0.10763974308222149,0.05552466021747661,-0.057415878574383426,-0.002206424571167962,1046,54,0,54,1.0,1.8072727272727274,1.8072727272727274,1.9005736137667304,89.9130271772388,47.64151677292676,-5.482274019614044,53.12379079254079,0.906455517237236,137.55454395016557,0.0449565135886194,0.02382075838646338,0.06877727197508278,0.8450704225352113,240,159,81,44,0,157,108.55476190476188,73.03172105672108,2,42,2.0,2.0,80,0,313,22,0,22,313,0,4456.179820834937,445.61798208349376,9556.188141082184,955.6188141082184,399.29587791551046,39.92958779155104,5613.280779893962,561.3280779893962,5230.0,523.0,0,0,0.054277380952380945,-0.0011,0.054277380952380945,-0.0011,0.0,0.0,0.054277380952380945,0.001,0.06723620159819882,0.15841932632986455,-0.13875629805738124,0.0024537110136212347,0.0003430441335733488,-0.012766293376178375,-0.0005001375403670074,-0.00033000000000000016,-0.0001126375403670075,-5.7500000000000036e-05,0.0,0.0,0.0,0.0,0.0,0.0003430441335733488,0.007673044133573237,0.054277380952380945,0.0003430441335733488,0.0,0.0,0.04495651358861997,0.023820758386463362,-0.010964548039228089,0.03541586052836055,-0.002741137009807022,0.026561895396270394,0.0024537110136212347,0.0024537110136212347,0.461465415322029,0.14105751807686429,0.09198879684060815,0.0,0.0,0.005385888401494005,0.0,0.0,0.007329999999999888,0.03651586052836055,-0.0011,0.011,0.1565,-0.004309771582484245,-8.155392715707422e-05,-0.004228217655327171,0.23134274799376725,0.13247158676385878,0.09887116122990847,0.9432653188705444,0.9038630723953247,8189,7829,0,0.08844444006681443,0.5321514643728733,1,8,16018,8189,7829,0.08726146558681766,cuda,114.7646484375,0.001,0.37044021487236023,0.7867414355278015,0.6455888748168945,0.7869459986686707,3.490995168685913,-0.053609009832143784,0.45080915093421936,0.316771000623703,0.00188143388422759,0.02134362548822537,0.13333431342616678
342,383,200,True,1072,1072,1030,812,218,17,201,0.21165048543689322,0.01650485436893204,0.19514563106796118,0.45320197044334976,1.9926108374384237,0.7810815106435068,13.470171772200485,28.282657958567142,0.45781464113019754,0.5119889333587269,0.16336392168542874,0.01269999069386515,0.21341981613329553,0.5031978473287498,0.20358219939362018,0.03182214194076627,0.16163933990532395,0.008791086029977024,-0.04021827770819145,-0.019122151246901118,0.05178047622797158,11.70873786407767,11.70873786407767,8.855339805825242,0.583495145631068,0.13484884880333686,0.07842834156985527,-0.09180244588057158,-0.035701756503018454,1030,42,0,42,1.0,1.857276119402985,1.857276119402985,1.9330097087378642,123.98479650680518,70.8157979203736,-5.284202079626355,76.10000000000001,0.9350709112506099,194.8005944271788,0.06199239825340259,0.0354078989601868,0.09740029721358939,0.8245614035087719,235,164,71,50,0,163,150.50000000000003,108.06666666666666,6,44,6.0,6.0,70,0,201,17,0,17,201,0,4478.693532964495,447.8693532964495,9660.283458519141,966.0283458519141,429.34204605944757,42.93420460594476,5643.5336926066375,564.3533692606637,5150.0,515.0,0,0,0.07525000000000001,-0.0033,0.07525000000000001,-0.0033,0.0,0.0,0.07525000000000001,0.003,0.06946870684137675,0.17276095083365545,-0.11949207582818615,0.003390275377620591,0.0006719912670129871,-0.013518017784353225,-0.0003989577209375348,-0.0002550000000000001,-9.89577209375348e-05,-4.500000000000002e-05,0.0,0.0,0.0,0.0,0.0,0.0006719912670129871,0.008961991267012855,0.07525000000000001,0.0006719912670129871,0.0,0.0,0.0619923982534036,0.035407898960186826,-0.01056840415925271,0.050733333333333325,-0.0026421010398131775,0.03805000000000001,0.003390275377620591,0.003390275377620591,0.47343961864122314,0.1377563976503031,0.03225519018757433,0.0,0.0,0.012171137724290031,0.0,0.0,0.008289999999999867,0.05403333333333332,-0.0033,0.0085,0.1005,-0.004309771582484245,-8.155392715707422e-05,-0.004228217655327171,0.23134274799376725,0.13247158676385878,0.09887116122990847,0.9432653188705444,0.9038630723953247,8189,7829,0,0.08844444006681443,0.5321514643728733,1,8,16018,8189,7829,0.08726146558681766,cuda,114.7646484375,0.001,0.37044021487236023,0.7867414355278015,0.6455888748168945,0.7869459986686707,3.490995168685913,-0.053609009832143784,0.45080915093421936,0.316771000623703,0.00188143388422759,0.02134362548822537,0.13333431342616678
343,384,200,True,1075,1075,1018,713,305,24,281,0.29960707269155207,0.023575638506876228,0.27603143418467585,0.5049088359046283,1.8892005610098177,0.7750434271918105,13.578969274630554,28.091560357583354,0.48820848306054826,0.48520332533045873,0.1559627184913419,0.04554500383472522,0.18376184966242748,0.4835554954254945,0.19545338713651494,0.07664699783335802,0.14429305507677384,0.0016478299049642597,-0.03949066864517303,-0.031101993998632796,0.03946879458565364,10.13064833005894,10.13064833005894,7.81335952848723,0.4489194499017682,0.1605346769041903,0.06682945224030346,-0.07781751001902135,-0.09113658789313064,1018,57,0,57,1.0,1.8130232558139534,1.8130232558139534,1.9106090373280944,113.11594228323578,70.37327105307492,-4.644937821383997,75.01820887445885,0.9416927649227999,183.48921333631068,0.05655797114161789,0.03518663552653746,0.09174460666815534,0.7714285714285715,216,162,54,64,0,156,137.36904761904762,105.52427849927851,5,59,5.0,5.0,53,0,281,24,0,24,281,0,4563.363963802378,456.3363963802378,9645.140591217621,964.5140591217621,405.79361722075794,40.579361722075795,5747.61705652205,574.761705652205,5090.0,509.0,0,0,0.0686845238095238,-0.0027500000000000003,0.0686845238095238,-0.0027500000000000003,0.0,0.0,0.0686845238095238,0.0025,0.0667303155918451,0.1458126987612739,-0.10304378530153807,0.00410525959009602,0.0006817604699943796,-0.01265791448619281,-0.0005125503598212225,-0.0003600000000000002,-8.755035982122253e-05,-6.500000000000005e-05,0.0,0.0,0.0,0.0,0.0,0.0006817604699943796,0.008051760469994267,0.0686845238095238,0.0006817604699943796,0.0,0.0,0.05655797114161882,0.0351866355265375,-0.009289875642767995,0.05001213924963923,-0.0023224689106919987,0.03750910443722943,0.00410525959009602,0.00410525959009602,0.44178159159843183,0.12562657446817643,0.06207897814796183,0.0,0.0,0.013758291024107071,0.0,0.0,0.007369999999999887,0.05276213924963923,-0.0027500000000000003,0.012,0.1405,-0.004309771582484245,-8.155392715707422e-05,-0.004228217655327171,0.23134274799376725,0.13247158676385878,0.09887116122990847,0.9432653188705444,0.9038630723953247,8189,7829,0,0.08844444006681443,0.5321514643728733,1,8,16018,8189,7829,0.08726146558681766,cuda,114.7646484375,0.001,0.37044021487236023,0.7867414355278015,0.6455888748168945,0.7869459986686707,3.490995168685913,-0.053609009832143784,0.45080915093421936,0.316771000623703,0.00188143388422759,0.02134362548822537,0.13333431342616678
344,385,200,True,954,954,919,639,280,20,260,0.30467899891186073,0.02176278563656148,0.28291621327529926,0.5508607198748043,1.7981220657276995,0.7768858881530254,13.499903941564904,25.521977259496193,0.5055962801580365,0.4638938007173777,0.1495256271265762,0.020776115765967093,0.18475402667185697,0.45720914251087974,0.18401572092965315,0.0446237979984386,0.14151522719209464,0.00668465820649794,-0.034490093803076965,-0.02384768223247151,0.043238799479762335,8.657236126224158,8.657236126224158,6.415669205658324,0.4134929270946681,0.10101185225573371,0.13363729678888964,-0.06526210558146982,-0.07546242536857958,919,35,0,35,1.0,2.0461215932914047,2.0461215932914047,2.1240478781284002,129.39664271501437,80.40772471409963,-4.711899411774486,85.11962412587413,0.9475473728351083,209.804367429114,0.06469832135750718,0.04020386235704981,0.10490218371455699,0.7464285714285714,209,170,39,71,0,164,157.83333333333331,117.89283216783213,4,67,4.0,4.0,39,0,260,20,0,20,260,0,5068.38184767499,506.838184767499,10708.298825821601,1070.82988258216,405.79192953970573,40.579192953970576,6382.3069435722155,638.2306943572215,4595.0,459.5,0,0,0.07891666666666666,-0.0022,0.07891666666666666,-0.0022,0.0,0.0,0.07891666666666666,0.002,0.0705708974268454,0.12291963723153838,-0.06774451290570224,0.0028780605729720704,0.0012349401208694385,-0.011748219007635136,-0.0004270419988947225,-0.00030000000000000014,-7.454199889472249e-05,-5.2500000000000036e-05,0.0,0.0,0.0,0.0,0.0,0.0012349401208694385,0.00782494012086934,0.07891666666666666,0.0012349401208694385,0.0,0.0,0.0646983213575079,0.04020386235704983,-0.009423798823548973,0.056746416083916076,-0.002355949705887243,0.04255981206293706,0.0028780605729720704,0.0028780605729720704,0.4437167630731097,0.12686394327434583,0.04252236272167113,0.0,0.0,0.023871228642907968,0.0,0.0,0.006589999999999904,0.05894641608391607,-0.0022,0.01,0.13,-0.004309771582484245,-8.155392715707422e-05,-0.004228217655327171,0.23134274799376725,0.13247158676385878,0.09887116122990847,0.9432653188705444,0.9038630723953247,8189,7829,0,0.08844444006681443,0.5321514643728733,1,8,16018,8189,7829,0.08726146558681766,cuda,114.7646484375,0.001,0.37044021487236023,0.7867414355278015,0.6455888748168945,0.7869459986686707,3.490995168685913,-0.053609009832143784,0.45080915093421936,0.316771000623703,0.00188143388422759,0.02134362548822537,0.13333431342616678
345,386,200,True,1011,1011,967,735,232,28,204,0.23991726990692863,0.028955532574974147,0.2109617373319545,0.4857142857142857,1.948299319727891,0.7532191623027633,14.201567239826229,26.51254134015972,0.48526846229062703,0.4862822890484414,0.16484377873795372,0.03607735802818622,0.19199747858809776,0.4847241310846238,0.19959404150366175,0.07668238935745036,0.14611195013636635,0.0015581579638175858,-0.03475026276570803,-0.040605031329264143,0.04588552845173141,11.774560496380559,11.774560496380559,9.305067218200621,0.452947259565667,0.2256490868903162,0.09854127299458001,-0.05994515237059656,-0.027463401204928264,967,44,0,44,1.0,1.90108803165183,1.90108803165183,1.9720785935884177,107.93044068391693,60.61251066573347,-5.6877869533141325,66.3002976190476,0.9209898834355452,168.5429513496504,0.05396522034195846,0.030306255332866735,0.0842714756748252,0.8485915492957746,241,172,69,43,0,164,130.72619047619045,95.0003968253968,7,36,7.0,6.0,67,0,204,28,0,28,204,0,4866.571120652367,486.65711206523673,10365.316568325557,1036.5316568325557,417.22016701242455,41.72201670124245,6129.967204976931,612.9967204976931,4835.0,483.5,0,0,0.0653630952380952,-0.0038500000000000006,0.0653630952380952,-0.0038500000000000006,0.0,0.0,0.0653630952380952,0.0035,0.06998763869388692,0.15161268275396936,-0.11133304435956755,0.002401223111837348,0.0007437207574112388,-0.012969902544871037,-0.0006187283504629679,-0.0004200000000000003,-0.0001262283504629679,-7.250000000000005e-05,0.0,0.0,0.0,0.0,0.0,0.0007437207574112388,0.008373720757411121,0.0653630952380952,0.0007437207574112388,0.0,0.0,0.05396522034195933,0.030306255332866718,-0.011375573906628265,0.04420019841269841,-0.0028438934766570664,0.0331501488095238,0.002401223111837348,0.002401223111837348,0.4826601296017035,0.1469708284522438,0.0671142483617658,0.0,0.0,0.009597155108850697,0.0,0.0,0.007629999999999882,0.04750019841269841,-0.003300000000000001,0.014,0.102,-0.004309771582484245,-8.155392715707422e-05,-0.004228217655327171,0.23134274799376725,0.13247158676385878,0.09887116122990847,0.9432653188705444,0.9038630723953247,8189,7829,0,0.08844444006681443,0.5321514643728733,1,8,16018,8189,7829,0.08726146558681766,cuda,114.7646484375,0.001,0.37044021487236023,0.7867414355278015,0.6455888748168945,0.7869459986686707,3.490995168685913,-0.053609009832143784,0.45080915093421936,0.316771000623703,0.00188143388422759,0.02134362548822537,0.13333431342616678
346,387,200,True,1014,1014,969,754,215,20,195,0.2218782249742002,0.02063983488132095,0.20123839009287925,0.47214854111405835,1.9310344827586208,0.7678653679649773,13.86950601506929,32.07500627344914,0.45868405448808774,0.4843588182480329,0.1676486428747996,0.03657919202624902,0.1973734366477761,0.4814292074079855,0.19630282607290211,0.0789672282085302,0.14674559796836711,0.002929610840047392,-0.028654183198102506,-0.04238803618228117,0.05062783867940898,11.342621259029928,11.342621259029928,8.735810113519092,0.5087719298245614,0.16843628474816627,0.07032717328031458,-0.10869302620607599,-0.04876845624998788,969,45,0,45,1.0,1.8264299802761341,1.8264299802761341,1.91124871001032,89.50093814860527,56.17237319028664,-5.138501351837848,61.31087454212452,0.9226704347075029,145.67331133889192,0.044750469074302635,0.028086186595143323,0.07283665566944596,0.8637992831541219,241,146,95,38,0,144,109.84523809523806,83.94783272283276,2,36,2.0,2.0,95,0,195,20,1,20,195,0,4263.81960092394,426.381960092394,8916.54351453205,891.654351453205,392.9728479264679,39.29728479264679,5371.13788117896,537.113788117896,4845.0,484.5,0,1,0.05492261904761904,-0.0011,0.05492261904761904,-0.0011,0.0,0.0,0.05492261904761904,0.001,0.06186698973916798,0.15797312380931117,-0.1175406776333064,0.002997222693589671,0.00032186918103707684,-0.012576282798475169,-0.00048426818646693173,-0.00030000000000000014,-0.0001317681864669317,-5.2500000000000036e-05,0.0,0.0,0.0,-0.001,-0.001,0.00032186918103707684,0.008061869181036956,0.05392261904761904,0.00032186918103707684,0.0,0.0,0.04475046907430334,0.028086186595143395,-0.010277002703675696,0.04087391636141638,-0.002569250675918924,0.03065543727106226,0.002997222693589671,0.002997222693589671,0.4359010140506113,0.13162084761363205,0.06659913760084804,0.0,0.0,0.00817324947058035,0.0,0.0,0.00773999999999988,0.04197391636141637,-0.0011,0.01,0.0975,-0.004309771582484245,-8.155392715707422e-05,-0.004228217655327171,0.23134274799376725,0.13247158676385878,0.09887116122990847,0.9432653188705444,0.9038630723953247,8189,7829,0,0.08844444006681443,0.5321514643728733,1,8,16018,8189,7829,0.08726146558681766,cuda,114.7646484375,0.001,0.37044021487236023,0.7867414355278015,0.6455888748168945,0.7869459986686707,3.490995168685913,-0.053609009832143784,0.45080915093421936,0.316771000623703,0.00188143388422759,0.02134362548822537,0.13333431342616678
347,388,200,True,881,881,846,661,185,29,156,0.2186761229314421,0.034278959810874705,0.18439716312056736,0.5128593040847201,1.892586989409985,0.7539701133109799,14.144897978893747,26.04025861129458,0.5166995445464369,0.48286364866637604,0.18556384808762894,0.029856331206846887,0.17442629429118625,0.47612359714039154,0.2145459585148227,0.06831680511268146,0.13870702111324276,0.006740051525984503,-0.028982110427193758,-0.03846047390583457,0.03571927317794349,11.49645390070922,11.49645390070922,8.921985815602836,0.48699763593380613,0.21031717769361963,0.11328391120293242,-0.14240005226761185,-0.02917723159276534,846,35,0,35,1.0,2.087400681044268,2.087400681044268,2.173758865248227,119.83380063529478,78.94876526352151,-4.999205515699287,83.94797077922078,0.943795792919569,198.7825658988163,0.05991690031764739,0.03947438263176076,0.09939128294940815,0.8869257950530035,251,167,84,32,0,165,148.0,111.9306277056277,0,32,0.0,0.0,83,0,156,29,1,29,156,0,4820.037324261956,482.0037324261956,9940.086809285533,994.0086809285533,399.3719671330397,39.93719671330397,6069.558608237122,606.9558608237122,4230.0,423.0,0,1,0.074,0.0,0.074,0.0,0.0,0.0,0.074,0.0,0.07104128658790818,0.1337216044145489,-0.08735779064369431,0.0033572545905552645,0.0006845015882369625,-0.012419578164126257,-0.0006628615897282641,-0.0004350000000000003,-0.00012536158972826432,-0.00010250000000000005,0.0,0.0,0.0,-0.001,-0.001,0.0006845015882369625,0.007584501588236859,0.073,0.0006845015882369625,0.0,0.0,0.0599169003176482,0.03947438263176077,-0.009998411031398573,0.05596531385281384,-0.0024996027578496434,0.04197398538961039,0.0033572545905552645,0.0033572545905552645,0.44903223684352195,0.1280790038368137,0.04587312765599726,0.0,0.0,0.010780202491424267,0.0,0.0,0.0068999999999998975,0.05596531385281384,0.0,0.0145,0.078,-0.004309771582484245,-8.155392715707422e-05,-0.004228217655327171,0.23134274799376725,0.13247158676385878,0.09887116122990847,0.9432653188705444,0.9038630723953247,8189,7829,0,0.08844444006681443,0.5321514643728733,1,8,16018,8189,7829,0.08726146558681766,cuda,114.7646484375,0.001,0.37044021487236023,0.7867414355278015,0.6455888748168945,0.7869459986686707,3.490995168685913,-0.053609009832143784,0.45080915093421936,0.316771000623703,0.00188143388422759,0.02134362548822537,0.13333431342616678
348,389,200,True,1082,1082,1034,732,302,44,258,0.29206963249516443,0.0425531914893617,0.2495164410058027,0.4180327868852459,2.0450819672131146,0.8057144864416513,12.949841856305065,27.031291769990503,0.4541663746276555,0.5079713216651984,0.1965860916566246,0.05179458975160871,0.21157577017556287,0.5081017532187407,0.23618549443310624,0.094712378859394,0.15348470448948892,-0.0001304315535423095,-0.039599402776481635,-0.04291778910778529,0.058091065686073945,11.28046421663443,11.28046421663443,8.781431334622823,0.4961315280464217,0.11648454258362409,0.08413606134129628,-0.16402312658872167,-0.09792359430214657,1034,48,0,48,1.0,1.8290203327171903,1.8290203327171903,1.913926499032882,99.15434459338077,58.381557065574185,-5.125296497529402,63.50685356310355,0.9253222215390094,157.53590165895497,0.04957717229669038,0.029190778532787093,0.07876795082947749,0.8214285714285714,230,157,73,50,0,154,119.84285714285711,85.77580475080477,2,48,2.0,1.0,72,0,258,44,0,44,258,0,4529.753102299873,452.97531022998726,9615.808013741744,961.5808013741744,380.9816283868356,38.098162838683564,5705.84957748474,570.5849577484739,5170.0,517.0,0,0,0.05992142857142855,-0.0011,0.05992142857142855,-0.0011,0.0,0.0,0.05992142857142855,0.001,0.06631914197123429,0.15711879407978951,-0.1343181256608959,0.002705487587594795,0.00044014719773749115,-0.012089083120320521,-0.0010035469929210335,-0.0006600000000000004,-0.00021854699292103315,-0.00012500000000000008,0.0,0.0,0.0,0.0,0.0,0.00044014719773749115,0.00820014719773737,0.05992142857142855,0.00044014719773749115,0.0,0.0,0.04957717229669122,0.029190778532787127,-0.010250592995058804,0.0423379023754024,-0.002562648248764701,0.031753426781551776,0.002705487587594795,0.002705487587594795,0.4783884142966458,0.1677143269309754,0.07612962311184014,0.0,0.0,0.006737761188821197,0.0,0.0,0.007759999999999879,0.042887902375402395,-0.00055,0.022,0.129,-0.004309771582484245,-8.155392715707422e-05,-0.004228217655327171,0.23134274799376725,0.13247158676385878,0.09887116122990847,0.9432653188705444,0.9038630723953247,8189,7829,0,0.08844444006681443,0.5321514643728733,1,8,16018,8189,7829,0.08726146558681766,cuda,114.7646484375,0.001,0.37044021487236023,0.7867414355278015,0.6455888748168945,0.7869459986686707,3.490995168685913,-0.053609009832143784,0.45080915093421936,0.316771000623703,0.00188143388422759,0.02134362548822537,0.13333431342616678
349,390,200,True,1063,1063,1027,698,329,22,307,0.32035053554040893,0.021421616358325218,0.29892891918208375,0.5501432664756447,1.7564469914040115,0.7180321245830517,15.098374706967855,27.94961749831679,0.4553544872094863,0.45196726922490194,0.1286324547459625,0.02319219227036979,0.19245728900266496,0.44658353299244086,0.16487651369147494,0.04460420814425522,0.1474400987998078,0.005383736232461078,-0.03624405894551244,-0.02141201587388543,0.04501719020285716,8.844206426484908,8.844206426484908,6.648490749756572,0.3592989289191821,0.18375789896487654,0.0870587782316108,-0.1254848447531841,-0.04218631857845723,1027,36,0,36,1.0,1.8635936030103482,1.8635936030103482,1.928919182083739,112.18798195405566,69.60119749915678,-4.873737982028658,74.4749354811855,0.9385782046591099,181.78917945321245,0.05609399097702783,0.034800598749578394,0.09089458972660623,0.7877697841726619,219,156,63,59,0,154,136.18809523809523,109.19991397491397,9,50,9.0,9.0,63,0,307,22,0,22,307,0,4615.55816680831,461.55581668083096,9742.464363097666,974.2464363097666,372.5733067614076,37.25733067614076,5809.51601579126,580.951601579126,5135.0,513.5,0,0,0.06809404761904761,-0.00495,0.06809404761904761,-0.00495,0.0,0.0,0.06809404761904761,0.0045,0.06635585066581799,0.13906831428276345,-0.08595143632606833,0.0025164823217446414,0.0008937644089483891,-0.011557724798631347,-0.0004942527527313682,-0.00033000000000000016,-0.00010425275273136818,-6.000000000000004e-05,0.0,0.0,0.0,0.0,0.0,0.0008937644089483891,0.008093764408948281,0.06809404761904761,0.0008937644089483891,0.0,0.0,0.05609399097702852,0.034800598749578436,-0.009747475964057315,0.049649956987456986,-0.0024368689910143288,0.03723746774059275,0.0025164823217446414,0.0025164823217446414,0.42639209631524727,0.09778205315467835,0.04932089149722244,0.0,0.0,0.026354421862248577,0.0,0.0,0.0071999999999998905,0.05459995698745699,-0.00495,0.011,0.1535,-0.0031515106036143457,-0.001655166627218326,-0.0014963439763960196,0.21133166620921756,0.1194732141163614,0.09185845209285617,0.9474838972091675,0.9104737639427185,8461,8106,0,0.08877355191442701,0.508395803719759,2,8,16567,8461,8106,0.08257092222611376,cuda,125.39306640625,0.001,0.3670217990875244,0.7926731705665588,0.6535995602607727,0.7970638871192932,3.4077224731445312,-0.09178820997476578,0.43422266840934753,0.3642980456352234,0.001740134090596257,0.019269687123596668,0.12633033078163863
350,391,200,True,1131,1131,1083,808,275,41,234,0.25392428439519854,0.03785780240073869,0.21606648199445982,0.49133663366336633,1.8997524752475248,0.764452232324546,13.857460346552404,30.074810177751697,0.511285709776539,0.5009264409320779,0.17560224207394784,0.0511690968345611,0.18679126765864837,0.4999407792629877,0.2078072924021687,0.0922795327649438,0.14212708561542894,0.0009856616690902542,-0.03220505032822085,-0.0411104359303827,0.044664182043219425,11.528162511542012,11.528162511542012,8.936288088642659,0.5189289012003694,0.16910896633033967,0.045470879801300164,-0.0889464102610827,-0.030669466397627018,1083,48,0,48,1.0,1.7329796640141468,1.7329796640141468,1.8051708217913205,88.40905689436013,46.130901120938134,-6.863006013593975,52.99390713453212,0.8853431349423199,134.53995801529828,0.044204528447180064,0.023065450560469068,0.06726997900764914,0.8394160583941606,230,153,77,44,0,149,106.11190476190475,73.95854284604287,3,41,3.0,3.0,76,0,234,41,0,41,234,0,4294.933950581513,429.49339505815135,9257.538431083583,925.7538431083583,454.8500752511194,45.48500752511194,5409.4501550481955,540.9450155048196,5415.0,541.5,0,0,0.05305595238095236,-0.0016500000000000002,0.05305595238095236,-0.0016500000000000002,0.0,0.0,0.05305595238095236,0.0015,0.06385333416340494,0.17935871748256615,-0.15254628312911347,0.002275381248231828,0.00030883271209061503,-0.015022503756886612,-0.0009501080883664113,-0.0006150000000000004,-0.00022010808836641144,-0.00011500000000000007,0.0,0.0,0.0,0.0,0.0,0.00030883271209061503,0.008798832712090478,0.05305595238095236,0.00030883271209061503,0.0,0.0,0.04420452844718085,0.0230654505604691,-0.01372601202718795,0.03532927142302145,-0.0034315030067969877,0.02649695356726606,0.002275381248231828,0.002275381248231828,0.4624446182832439,0.15383646828389766,0.08519592046240174,0.0,0.0,0.005753808211095349,0.0,0.0,0.008489999999999864,0.036979271423021445,-0.0016500000000000002,0.0205,0.117,-0.0031515106036143457,-0.001655166627218326,-0.0014963439763960196,0.21133166620921756,0.1194732141163614,0.09185845209285617,0.9474838972091675,0.9104737639427185,8461,8106,0,0.08877355191442701,0.508395803719759,2,8,16567,8461,8106,0.08257092222611376,cuda,125.39306640625,0.001,0.3670217990875244,0.7926731705665588,0.6535995602607727,0.7970638871192932,3.4077224731445312,-0.09178820997476578,0.43422266840934753,0.3642980456352234,0.001740134090596257,0.019269687123596668,0.12633033078163863
351,392,200,True,965,965,922,608,314,21,293,0.3405639913232104,0.0227765726681128,0.31778741865509763,0.5213815789473685,1.825657894736842,0.7834194777288327,13.488317022198125,31.702932316221688,0.4134701092866515,0.4781034257459013,0.1739322946308867,0.01923694277310891,0.21850434875599795,0.47424337164940017,0.19902046832200876,0.05942295999461509,0.15822446711918978,0.003860054096501142,-0.025088173691122068,-0.04018601722150618,0.06027988163680817,8.660520607375272,8.660520607375272,6.4869848156182215,0.43058568329718006,0.08926870721679847,0.080850449427793,-0.08520561430963924,-0.00875741984451425,922,43,0,43,1.0,1.9025906735751295,1.9025906735751295,1.9913232104121474,107.46114539057581,65.05473486401937,-3.6844863314518403,68.73922119547117,0.9491259636206535,172.51588025459517,0.0537305726952879,0.032527367432009686,0.08625794012729758,0.7948717948717948,217,153,64,56,0,151,132.86666666666667,102.6522949272949,10,46,10.0,10.0,62,0,293,21,1,21,293,0,4446.646833741576,444.6646833741576,9173.471909236418,917.3471909236417,310.47017118615196,31.047017118615194,5599.43062909248,559.9430629092479,4610.0,461.0,0,1,0.06643333333333333,-0.005499999999999999,0.06643333333333333,-0.005499999999999999,0.0,0.0,0.06643333333333333,0.005,0.06519868576694038,0.12110658946952249,-0.08027225967272072,0.002234656090249297,0.0006295301431062375,-0.009141448227025216,-0.00046269076226912464,-0.0003150000000000002,-9.269076226912472e-05,-5.500000000000003e-05,0.0,0.0,0.0,-0.001,-0.001,0.0006295301431062375,0.006919530143106149,0.06543333333333334,0.0006295301431062375,0.0,0.0,0.053730572695288636,0.032527367432009666,-0.00736897266290368,0.04582614746364745,-0.00184224316572592,0.034369610597735585,0.002234656090249297,0.002234656090249297,0.4024793173453605,0.11194181950505917,0.03726670483652984,0.0,0.0,0.015737734165589243,0.0,0.0,0.00628999999999991,0.05132614746364745,-0.005499999999999999,0.0105,0.1465,-0.0031515106036143457,-0.001655166627218326,-0.0014963439763960196,0.21133166620921756,0.1194732141163614,0.09185845209285617,0.9474838972091675,0.9104737639427185,8461,8106,0,0.08877355191442701,0.508395803719759,2,8,16567,8461,8106,0.08257092222611376,cuda,125.39306640625,0.001,0.3670217990875244,0.7926731705665588,0.6535995602607727,0.7970638871192932,3.4077224731445312,-0.09178820997476578,0.43422266840934753,0.3642980456352234,0.001740134090596257,0.019269687123596668,0.12633033078163863
352,393,200,True,1103,1103,1055,779,276,35,241,0.2616113744075829,0.03317535545023697,0.22843601895734597,0.5250320924261874,1.8446726572528884,0.792270586602342,13.2253065366341,26.45554382400886,0.48479339725462556,0.466640989170607,0.19560563201335796,0.05648537307370344,0.1798510127515557,0.46492685676003603,0.21580280844523872,0.11531191727248724,0.1329231767488383,0.0017141324105709455,-0.020197176431880765,-0.0588265441987838,0.04692783600271741,9.397156398104265,9.397156398104265,6.870142180094787,0.46729857819905213,0.15711095994819899,0.1395236993609124,-0.13035143391746193,-0.04019178802721797,1055,48,0,48,1.0,1.7769718948322757,1.7769718948322757,1.8454976303317536,86.42859439103145,48.377265047998144,-6.118947073213966,54.49621212121211,0.8990525282035943,134.8058594390296,0.04321429719551573,0.02418863252399907,0.0674029297195148,0.8597122302158273,239,154,85,39,0,149,103.76904761904761,73.7616161616162,1,38,1.0,1.0,83,0,241,35,0,35,241,0,4461.1676566027545,446.11676566027546,9495.808037986506,949.5808037986505,421.70959929254644,42.17095992925464,5617.367129251907,561.7367129251907,5275.0,527.5,0,0,0.0518845238095238,-0.00055,0.0518845238095238,-0.00055,0.0,0.0,0.0518845238095238,0.0005,0.06374642184489354,0.15691098080006963,-0.12405226528913947,0.0024680409580520087,0.0003933907394834433,-0.013732874774435598,-0.0007668711468234862,-0.0005250000000000004,-0.00014937114682348623,-9.250000000000007e-05,0.0,0.0,0.0,0.0,0.0,0.0003933907394834433,0.008533390739483313,0.0518845238095238,0.0003933907394834433,0.0,0.0,0.0432142971955164,0.02418863252399906,-0.012237894146427931,0.03633080808080812,-0.003059473536606983,0.027248106060606056,0.0024680409580520087,0.0024680409580520087,0.45960848431493745,0.15612019343739425,0.09988219062032609,0.0,0.0,0.004570280860336792,0.0,0.0,0.008139999999999871,0.03688080808080812,-0.00055,0.0175,0.1205,-0.0031515106036143457,-0.001655166627218326,-0.0014963439763960196,0.21133166620921756,0.1194732141163614,0.09185845209285617,0.9474838972091675,0.9104737639427185,8461,8106,0,0.08877355191442701,0.508395803719759,2,8,16567,8461,8106,0.08257092222611376,cuda,125.39306640625,0.001,0.3670217990875244,0.7926731705665588,0.6535995602607727,0.7970638871192932,3.4077224731445312,-0.09178820997476578,0.43422266840934753,0.3642980456352234,0.001740134090596257,0.019269687123596668,0.12633033078163863
353,394,200,True,1130,1130,1085,772,313,23,290,0.28847926267281104,0.02119815668202765,0.2672811059907834,0.49222797927461137,1.895077720207254,0.744079465924767,14.225295094010743,28.75211078901365,0.47725826332139315,0.48615503787917175,0.17122325997008253,0.043594376047122546,0.1980318674586057,0.4861585086337025,0.20183309136860922,0.08478070484532207,0.14468540123137863,-3.4707545307766097e-06,-0.030609831398526688,-0.04118632879819953,0.05334646622722708,9.972350230414747,9.972350230414747,7.553917050691244,0.4589861751152074,0.19348674900123083,0.03810630619654795,-0.12410635702867837,-0.03868732849484084,1085,45,0,45,1.0,1.75929203539823,1.75929203539823,1.832258064516129,93.58369910562558,49.51244867540054,-5.921440111797014,55.43388878719753,0.9034893917438678,143.09614778102613,0.04679184955281279,0.02475622433770027,0.07154807389051307,0.8245614035087719,235,154,81,50,0,152,112.75952380952381,79.90218253968254,6,44,6.0,5.4457552940174025,78,0,290,23,0,23,290,0,4261.456809737282,426.1456809737282,9144.085284827957,914.4085284827958,416.5553743892819,41.65553743892819,5370.5537760430725,537.0553776043073,5425.0,542.5,0,0,0.056379761904761905,-0.0033,0.056379761904761905,-0.0033,0.0,0.0,0.056379761904761905,0.003,0.06512012849906995,0.16322374480154964,-0.12558988708440028,0.0021385473080193207,0.0004902001450162051,-0.013397941073508165,-0.0004909471804950752,-0.0003450000000000002,-8.094718049507511e-05,-6.500000000000003e-05,0.0,0.0,0.0,0.0,0.0,0.0004902001450162051,0.00844020014501608,0.056379761904761905,0.0004902001450162051,0.0,0.0,0.04679184955281359,0.024756224337700257,-0.011842880223594027,0.0369559258581317,-0.0029607200558985068,0.027716944393598765,0.0021385473080193207,0.0021385473080193207,0.4549290151407533,0.12991982662804447,0.07072725157347497,0.0,0.0,0.012617807419768687,0.0,0.0,0.007949999999999876,0.03995109126984126,-0.0029951654117095715,0.0115,0.145,-0.0031515106036143457,-0.001655166627218326,-0.0014963439763960196,0.21133166620921756,0.1194732141163614,0.09185845209285617,0.9474838972091675,0.9104737639427185,8461,8106,0,0.08877355191442701,0.508395803719759,2,8,16567,8461,8106,0.08257092222611376,cuda,125.39306640625,0.001,0.3670217990875244,0.7926731705665588,0.6535995602607727,0.7970638871192932,3.4077224731445312,-0.09178820997476578,0.43422266840934753,0.3642980456352234,0.001740134090596257,0.019269687123596668,0.12633033078163863
354,395,200,True,1029,1029,987,734,253,26,227,0.2563323201621074,0.02634245187436677,0.22998986828774062,0.5708446866485014,1.7738419618528611,0.8099784954204872,13.088827435911838,25.11661967610793,0.44526568831257685,0.49247421988105905,0.19046618235208682,0.049402216129634295,0.2032407230903123,0.4893324632573193,0.21573967665271473,0.09986467117047805,0.14671562926980797,0.0031417566237397776,-0.02527349430062792,-0.050462455040843755,0.05652509382050433,10.275582573454914,10.275582573454914,7.804457953394124,0.49442755825734547,0.16182891632045063,0.15038495059027526,-0.12703523391725055,-0.04125721704669087,987,42,0,42,1.0,1.9144800777453839,1.9144800777453839,1.9959473150962512,106.88652965528235,65.039744505132,-4.314858183845666,69.35460268897769,0.9414294860757231,171.92627416041435,0.053443264827641175,0.032519872252566,0.08596313708020717,0.8268551236749117,234,170,64,49,0,167,129.5404761904762,99.07280358530356,6,43,6.0,6.0,63,0,227,26,0,26,227,0,4813.286007429483,481.3286007429483,10202.680827318747,1020.2680827318748,385.4817886502697,38.54817886502697,6061.792333541249,606.1792333541249,4935.0,493.5,0,0,0.06477023809523809,-0.0033,0.06477023809523809,-0.0033,0.0,0.0,0.06477023809523809,0.003,0.0714196845853626,0.1500493226397862,-0.11242516799735554,0.003789401379395141,0.0005353717572535409,-0.011884546004554238,-0.000588577511406478,-0.0003900000000000002,-0.000131077511406478,-6.750000000000004e-05,0.0,0.0,0.0,0.0,0.0,0.0005353717572535409,0.00813537175725342,0.06477023809523809,0.0005353717572535409,0.0,0.0,0.05344326482764196,0.03251987225256602,-0.008629716367691331,0.04623640179265177,-0.002157429091922833,0.03467730134448885,0.003789401379395141,0.003789401379395141,0.47679797986678574,0.15200662856001868,0.08432153573342341,0.0,0.0,0.01009015897518893,0.0,0.0,0.007599999999999882,0.04953640179265177,-0.0033,0.013,0.1135,-0.0031515106036143457,-0.001655166627218326,-0.0014963439763960196,0.21133166620921756,0.1194732141163614,0.09185845209285617,0.9474838972091675,0.9104737639427185,8461,8106,0,0.08877355191442701,0.508395803719759,2,8,16567,8461,8106,0.08257092222611376,cuda,125.39306640625,0.001,0.3670217990875244,0.7926731705665588,0.6535995602607727,0.7970638871192932,3.4077224731445312,-0.09178820997476578,0.43422266840934753,0.3642980456352234,0.001740134090596257,0.019269687123596668,0.12633033078163863
355,396,200,True,1012,1012,969,677,292,27,265,0.3013415892672859,0.02786377708978328,0.27347781217750256,0.5007385524372231,1.8360413589364846,0.7694618178523274,13.775661455827766,27.749530345245514,0.4782918154974309,0.47919618874304054,0.14393462383489578,0.03508132609278734,0.19303506204206358,0.4749224971721232,0.1787593152382283,0.07183067667063468,0.14732280610462148,0.004273691570917337,-0.034824691403332525,-0.03674935057784734,0.0457122559374421,9.553147574819402,9.553147574819402,7.2177502579979365,0.43034055727554177,0.214179397787097,0.15488910089207822,-0.07480459117166163,-0.03340183488945016,969,43,0,43,1.0,1.9328063241106719,1.9328063241106719,2.018575851393189,114.45935421264804,72.5465725537324,-5.395941182531325,77.94251373626373,0.9352526851165032,187.00592676638044,0.05722967710632402,0.0362732862768662,0.09350296338319022,0.7941176470588235,216,161,55,56,0,156,139.1428571428571,105.02335164835165,2,54,2.0,1.0,54,0,265,27,0,27,265,0,4890.340150790179,489.0340150790179,10357.765576219252,1035.7765576219251,383.0670251178382,38.306702511783826,6155.145484740614,615.5145484740614,4845.0,484.5,0,0,0.06957142857142858,-0.0011,0.06957142857142858,-0.0011,0.0,0.0,0.06957142857142858,0.001,0.06717014556385337,0.13778323171835039,-0.08653698537668165,0.0018147270497459087,0.0008226712459058918,-0.011774674882397352,-0.0006169913383992808,-0.00040500000000000025,-0.0001419913383992807,-7.000000000000005e-05,0.0,0.0,0.0,0.0,0.0,0.0008226712459058918,0.007862671245905785,0.06957142857142858,0.0008226712459058918,0.0,0.0,0.05722967710632495,0.03627328627686616,-0.01079188236506265,0.05196167582417582,-0.0026979705912656624,0.03897125686813187,0.0018147270497459087,0.0018147270497459087,0.4544531235249466,0.1179307055638257,0.06553831248588458,0.0,0.0,0.01286195989465075,0.0,0.0,0.007039999999999894,0.05251167582417581,-0.00055,0.0135,0.1325,-0.0031515106036143457,-0.001655166627218326,-0.0014963439763960196,0.21133166620921756,0.1194732141163614,0.09185845209285617,0.9474838972091675,0.9104737639427185,8461,8106,0,0.08877355191442701,0.508395803719759,2,8,16567,8461,8106,0.08257092222611376,cuda,125.39306640625,0.001,0.3670217990875244,0.7926731705665588,0.6535995602607727,0.7970638871192932,3.4077224731445312,-0.09178820997476578,0.43422266840934753,0.3642980456352234,0.001740134090596257,0.019269687123596668,0.12633033078163863
356,397,200,True,1028,1028,978,760,218,32,186,0.2229038854805726,0.032719836400818,0.1901840490797546,0.5460526315789473,1.7723684210526316,0.7604451226560693,13.864772111491153,28.981522639566347,0.4761044779762558,0.48178387154874047,0.2005530236975143,0.08708074005002057,0.17539338840931457,0.4766064460928503,0.22414324672672115,0.12445473502984418,0.1353565197805629,0.005177425455890172,-0.023590223029206853,-0.037373994979823605,0.040036868628751665,11.567484662576687,11.567484662576687,9.053169734151329,0.4785276073619632,0.2498994160798036,0.09615997915331698,-0.1348829312759619,-0.10135339914290839,978,50,0,50,1.0,1.9309338521400778,1.9309338521400778,2.029652351738241,119.19039937685446,76.26513037100909,-5.864269395890668,82.1293997668998,0.9333557805727861,195.45552974786355,0.059595199688427226,0.03813256518550455,0.09772776487393177,0.8920863309352518,248,174,74,30,0,172,144.73571428571427,110.60586635586635,1,29,1.0,1.0,73,0,186,32,0,32,186,0,4801.988868153218,480.1988868153218,10258.49115333481,1025.849115333481,420.8368637568376,42.08368637568376,6049.411497783394,604.9411497783394,4890.0,489.0,0,0,0.07236785714285714,-0.00055,0.07236785714285714,-0.00055,0.0,0.0,0.07236785714285714,0.0005,0.07366473632905629,0.1538825655481488,-0.11338904830346436,0.0022353985152888272,0.0005845698707076414,-0.01315779647706032,-0.0007095606525965427,-0.00048000000000000034,-0.0001420606525965428,-8.750000000000007e-05,0.0,0.0,0.0,0.0,0.0,0.0005845698707076414,0.008504569870707515,0.07236785714285714,0.0005845698707076414,0.0,0.0,0.05959519968842812,0.038132565185504605,-0.011728538791781335,0.05475293317793317,-0.0029321346979453338,0.0410646998834499,0.0022353985152888272,0.0022353985152888272,0.47709414516532456,0.16386457170204208,0.08359962885568252,0.0,0.0,0.008887668117595254,0.0,0.0,0.007919999999999875,0.055302933177933174,-0.00055,0.016,0.093,-0.0031515106036143457,-0.001655166627218326,-0.0014963439763960196,0.21133166620921756,0.1194732141163614,0.09185845209285617,0.9474838972091675,0.9104737639427185,8461,8106,0,0.08877355191442701,0.508395803719759,2,8,16567,8461,8106,0.08257092222611376,cuda,125.39306640625,0.001,0.3670217990875244,0.7926731705665588,0.6535995602607727,0.7970638871192932,3.4077224731445312,-0.09178820997476578,0.43422266840934753,0.3642980456352234,0.001740134090596257,0.019269687123596668,0.12633033078163863
357,398,200,True,983,983,950,662,288,13,275,0.3031578947368421,0.01368421052631579,0.2894736842105263,0.5045317220543807,1.8836858006042296,0.7846177515216465,13.510375135254645,29.482547619191543,0.4888937849073292,0.5031780143608859,0.17770973686972955,0.017088520986357214,0.2071440933142814,0.49570221996379404,0.21711950257400844,0.037314702662796885,0.15414035239529844,0.007475794397091895,-0.0394097657042789,-0.02022618167643967,0.05300374091898297,10.053684210526315,10.053684210526315,7.692631578947369,0.4694736842105263,0.09196349779575737,0.11356047131469284,-0.1028239570351655,-0.03252344521395276,950,33,0,33,1.0,2.009155645981689,2.009155645981689,2.0789473684210527,124.7404263156495,74.88076492379211,-4.500782695255529,79.38154761904762,0.946344090842597,199.6211912394416,0.06237021315782475,0.03744038246189606,0.0998105956197208,0.8141263940520446,219,168,51,50,0,165,152.08333333333331,113.54206349206346,7,43,7.0,7.0,51,0,275,13,0,13,275,0,5030.302765057579,503.03027650575785,10616.749886310967,1061.6749886310968,390.8792551930022,39.08792551930022,6333.633347372689,633.3633347372689,4750.0,475.0,0,0,0.07604166666666666,-0.0038499999999999997,0.07604166666666666,-0.0038499999999999997,0.0,0.0,0.07604166666666666,0.0035,0.07136127185946566,0.1360398129586288,-0.09400058041115175,0.003158126863025713,0.0009343991224572473,-0.011769006753377166,-0.00028284946178362593,-0.00019500000000000005,-5.534946178362593e-05,-3.250000000000002e-05,0.0,0.0,0.0,0.0,0.0,0.0009343991224572473,0.007684399122457146,0.07604166666666666,0.0009343991224572473,0.0,0.0,0.06237021315782552,0.037440382461896134,-0.009001565390511057,0.052921031746031716,-0.0022503913476277643,0.039690773809523815,0.003158126863025713,0.003158126863025713,0.4516944167688725,0.1346999627336076,0.035349497938170577,0.0,0.0,0.01881122751923926,0.0,0.0,0.0067499999999999,0.056771031746031715,-0.0038499999999999997,0.0065,0.1375,0.0012122266271035187,0.001284840703010559,-7.261407590704038e-05,0.22554362064434422,0.1347494481338395,0.09079417251050473,0.935626745223999,0.906559944152832,8483,8153,0,0.08803690622250239,0.5678485922515393,3,8,16636,8483,8153,0.08029275485528956,cuda,125.42919921875,0.001,0.4034523069858551,0.7684619426727295,0.6147446632385254,0.7705138921737671,3.6427083015441895,-0.15391729772090912,0.434705913066864,0.24077026546001434,0.001165521144412196,0.010792770545231178,0.14110248973593115
358,399,200,True,1053,1053,1004,833,171,43,128,0.17031872509960158,0.04282868525896414,0.12749003984063745,0.4837935174069628,1.8763505402160865,0.8008760978050735,13.068926464323523,23.21999880106223,0.48821245527882573,0.474479067708407,0.22054046163020158,0.06873234255867702,0.17568553246933372,0.4738768611778589,0.2454900449144096,0.1204740048885359,0.13235103829773892,0.0006022065305480995,-0.024949583284208016,-0.05174166232985887,0.043334494171594795,10.20418326693227,10.20418326693227,7.2699203187251,0.5388446215139442,0.1456942234650489,0.16190486582593164,-0.0975712924768498,-0.08484484501030293,1004,49,0,49,1.0,1.868945868945869,1.868945868945869,1.9601593625498008,105.06136541403139,58.10703759216638,-6.410954832076035,64.51799242424242,0.9096144087842086,163.16840300619776,0.05253068270701569,0.02905351879608319,0.08158420150309888,0.8602150537634409,240,171,69,39,0,168,126.67619047619048,88.22398989898991,2,37,2.0,2.0,68,0,128,43,0,43,128,0,4630.292596234012,463.02925962340123,9907.39889444543,990.739889444543,453.96686024508955,45.39668602450895,5831.622725625908,583.1622725625908,5020.0,502.0,0,0,0.06333809523809525,-0.0011,0.06333809523809525,-0.0011,0.0,0.0,0.06333809523809525,0.001,0.07162479155992628,0.16940577056237155,-0.1390488001464958,0.0026103312288044186,0.0005410325826974908,-0.014788399110726597,-0.0009576514995349384,-0.0006450000000000005,-0.0001976514995349385,-0.00011500000000000008,0.0,0.0,0.0,0.0,0.0,0.0005410325826974908,0.009301032582697348,0.06333809523809525,0.0005410325826974908,0.0,0.0,0.05253068270701691,0.029053518796083214,-0.01282190966415207,0.043011994949494946,-0.0032054774160380174,0.03225899621212121,0.0026103312288044186,0.0026103312288044186,0.495973404069085,0.18809754968577377,0.09918850406963953,0.0,0.0,0.006636176200975889,0.0,0.0,0.008759999999999858,0.044111994949494956,-0.0011,0.0215,0.064,0.0012122266271035187,0.001284840703010559,-7.261407590704038e-05,0.22554362064434422,0.1347494481338395,0.09079417251050473,0.935626745223999,0.906559944152832,8483,8153,0,0.08803690622250239,0.5678485922515393,3,8,16636,8483,8153,0.08029275485528956,cuda,125.42919921875,0.001,0.4034523069858551,0.7684619426727295,0.6147446632385254,0.7705138921737671,3.6427083015441895,-0.15391729772090912,0.434705913066864,0.24077026546001434,0.001165521144412196,0.010792770545231178,0.14110248973593115
359,400,200,True,1050,1050,1009,788,221,44,177,0.21902874132804756,0.04360753221010902,0.17542120911793854,0.5190355329949239,1.8350253807106598,0.7715096824287158,13.64028673244612,25.476963914543163,0.507073807547981,0.46535611704823937,0.21966381936906104,0.055600387469728285,0.1709434751463761,0.4606421427224493,0.23745656904154622,0.09889187361527385,0.12869833705965714,0.004713974325790071,-0.017792749672485175,-0.043291486145545566,0.04224513808671895,9.77205153617443,9.77205153617443,7.255698711595639,0.48166501486620417,0.19715045267874376,0.15006045670947207,-0.11615889305297436,-0.05527399039488254,1009,41,0,41,1.0,1.881904761904762,1.881904761904762,1.958374628344896,102.16646498960401,54.63661237096216,-6.510140875791057,61.14675324675323,0.9037771248559017,156.80307736056616,0.051083232494802004,0.027318306185481082,0.07840153868028309,0.8382352941176471,228,163,65,44,0,160,123.22619047619044,88.1290043290043,6,38,6.0,6.0,64,0,177,44,0,44,177,0,4760.697901875042,476.06979018750417,10131.298710801077,1013.1298710801077,439.76897749294,43.976897749294,5993.059198536403,599.3059198536403,5045.0,504.5,0,0,0.061613095238095224,-0.0033,0.061613095238095224,-0.0033,0.0,0.0,0.061613095238095224,0.003,0.06858303096856301,0.15722660330134489,-0.09994737883030104,0.0027364858805794066,0.000643781521628964,-0.014529969468393454,-0.0009250613150053358,-0.0006600000000000004,-0.0001350613150053356,-0.0001300000000000001,0.0,0.0,0.0,0.0,0.0,0.000643781521628964,0.008963781521628831,0.061613095238095224,0.000643781521628964,0.0,0.0,0.05108323249480308,0.027318306185481055,-0.013020281751582114,0.04076450216450217,-0.0032550704378955285,0.030573376623376614,0.0027364858805794066,0.0027364858805794066,0.4783754232301233,0.1730645971615413,0.07806019775632077,0.0,0.0,0.014718240233905949,0.0,0.0,0.008319999999999867,0.04406450216450217,-0.0033,0.022,0.0885,0.0012122266271035187,0.001284840703010559,-7.261407590704038e-05,0.22554362064434422,0.1347494481338395,0.09079417251050473,0.935626745223999,0.906559944152832,8483,8153,0,0.08803690622250239,0.5678485922515393,3,8,16636,8483,8153,0.08029275485528956,cuda,125.42919921875,0.001,0.4034523069858551,0.7684619426727295,0.6147446632385254,0.7705138921737671,3.6427083015441895,-0.15391729772090912,0.434705913066864,0.24077026546001434,0.001165521144412196,0.010792770545231178,0.14110248973593115
360,401,200,True,1122,1122,1084,836,248,16,232,0.22878228782287824,0.014760147601476014,0.2140221402214022,0.4784688995215311,1.9102870813397128,0.7669190605077447,13.781233171526894,25.689002062225242,0.4454369052808677,0.49074986806968185,0.16945901411946454,0.03007561491321077,0.2100033795273903,0.49031986551065193,0.19704946089406725,0.08021958169090655,0.1539399405032325,0.00043000255902991835,-0.027590446774602706,-0.05014396677769578,0.05606343902415778,10.380073800738007,10.380073800738007,7.788745387453875,0.5230627306273062,0.12492447458684904,0.15377805044231901,-0.11584738844947284,-0.05486868581798473,1084,38,0,38,1.0,1.7691622103386808,1.7691622103386808,1.831180811808118,100.51739942752623,56.34251803994007,-5.7970652933933,62.139583333333306,0.9146695427199406,156.8599174674663,0.050258699713763115,0.028171259019970033,0.07842995873373314,0.8237410071942446,229,155,74,49,0,153,121.11111111111109,86.15277777777777,3,46,3.0,3.0,73,0,232,16,0,16,232,0,4314.929740329108,431.49297403291087,9237.272950274508,923.7272950274507,422.47751903583486,42.247751903583485,5433.6893904445005,543.36893904445,5420.0,542.0,0,0,0.06055555555555554,-0.0016500000000000002,0.06055555555555554,-0.0016500000000000002,0.0,0.0,0.06055555555555554,0.0015,0.06545374241302795,0.1753424757401492,-0.13190339789040786,0.0026014495375000445,0.0005512763465935287,-0.013541281923178543,-0.0003650831489562585,-0.00024000000000000011,-8.508314895625849e-05,-4.0000000000000024e-05,0.0,0.0,0.0,0.0,0.0,0.0005512763465935287,0.00907127634659339,0.06055555555555554,0.0005512763465935287,0.0,0.0,0.05025869971376396,0.02817125901996999,-0.0115941305867866,0.041426388888888895,-0.00289853264669665,0.031069791666666652,0.0026014495375000445,0.0026014495375000445,0.459915211359347,0.14333037676306784,0.05929909709270299,0.0,0.0,0.01051913266699446,0.0,0.0,0.008519999999999863,0.043076388888888886,-0.0016500000000000002,0.008,0.116,0.0012122266271035187,0.001284840703010559,-7.261407590704038e-05,0.22554362064434422,0.1347494481338395,0.09079417251050473,0.935626745223999,0.906559944152832,8483,8153,0,0.08803690622250239,0.5678485922515393,3,8,16636,8483,8153,0.08029275485528956,cuda,125.42919921875,0.001,0.4034523069858551,0.7684619426727295,0.6147446632385254,0.7705138921737671,3.6427083015441895,-0.15391729772090912,0.434705913066864,0.24077026546001434,0.001165521144412196,0.010792770545231178,0.14110248973593115
361,402,200,True,1172,1172,1120,921,199,36,163,0.17767857142857144,0.03214285714285714,0.1455357142857143,0.4788273615635179,1.9218241042345277,0.7805307304626179,13.541430166826444,27.097999048478957,0.48240920925434794,0.47392755628732336,0.17859867580809372,0.1070454462828776,0.17723066178752145,0.47560989225726175,0.205474392741506,0.15851884596575613,0.13234658569226954,-0.0016823359699383866,-0.026875716933412286,-0.051473399682878535,0.04488407609525191,11.216071428571428,11.216071428571428,8.464285714285714,0.5232142857142857,0.1196557155770946,0.06312647866210734,-0.08712933634407853,-0.02372934623918223,1120,52,0,52,1.0,1.6919795221843004,1.6919795221843004,1.7705357142857143,69.43238500493248,34.07886601531864,-7.224603431900807,41.30346944721942,0.8511252764993007,103.51125102025112,0.03471619250246624,0.01703943300765932,0.05175562551012556,0.8661710037174721,233,148,85,36,0,146,81.98809523809523,57.27129259629261,2,34,2.0,2.0,83,0,163,36,0,36,163,0,4106.028176672859,410.60281766728593,8896.023510211056,889.6023510211056,478.68563232312215,47.86856323231221,5170.268931444768,517.0268931444768,5600.0,560.0,0,0,0.04099404761904761,-0.0011,0.04099404761904761,-0.0011,0.0,0.0,0.04099404761904761,0.001,0.06243879666581887,0.1937122188964318,-0.16730545203325503,0.002621999755629428,3.47720361405543e-05,-0.016156322976270548,-0.0007830402013646371,-0.0005400000000000003,-0.00015054020136463724,-9.250000000000007e-05,0.0,0.0,0.0,0.0,0.0,3.47720361405543e-05,0.009604772036140394,0.04099404761904761,3.47720361405543e-05,0.0,0.0,0.03471619250246634,0.017039433007659296,-0.014449206863801613,0.02753564629814632,-0.003612301715950403,0.020651734723609712,0.002621999755629428,0.002621999755629428,0.47454474207781333,0.1706550158634647,0.13484621343900935,0.0,0.0,0.0029965141799122227,0.0,0.0,0.00956999999999984,0.02863564629814632,-0.0011,0.018,0.0815,0.0012122266271035187,0.001284840703010559,-7.261407590704038e-05,0.22554362064434422,0.1347494481338395,0.09079417251050473,0.935626745223999,0.906559944152832,8483,8153,0,0.08803690622250239,0.5678485922515393,3,8,16636,8483,8153,0.08029275485528956,cuda,125.42919921875,0.001,0.4034523069858551,0.7684619426727295,0.6147446632385254,0.7705138921737671,3.6427083015441895,-0.15391729772090912,0.434705913066864,0.24077026546001434,0.001165521144412196,0.010792770545231178,0.14110248973593115
362,403,200,True,1088,1088,1039,779,260,38,222,0.2502406159769009,0.03657362848893166,0.2136669874879692,0.4249037227214377,2.0038510911424905,0.7710792183952552,13.712463337282466,26.407814654979536,0.5018728260964355,0.48222723987732985,0.2401163979781378,0.06117682242993175,0.18033985871539496,0.4814248945807921,0.26185017153835916,0.11456427141839928,0.12982998180785366,0.0008023452965377764,-0.021733773560221353,-0.053387448988467534,0.0505098769075413,10.648700673724735,10.648700673724735,8.03849855630414,0.48411934552454283,0.18107510417760206,0.1486028520357545,-0.15924860960602943,-0.02975217605628789,1039,49,0,49,1.0,1.7941176470588236,1.7941176470588236,1.8748796920115496,79.69640692171915,40.46442985790201,-6.084631497409356,46.549061355311316,0.8843966446657022,120.16083677962115,0.03984820346085957,0.020232214928951005,0.060080418389810576,0.85,238,150,88,42,0,144,95.41666666666667,66.4654151404152,5,37,5.0,4.0,87,0,222,38,0,38,222,0,4605.300059094828,460.5300059094828,9903.739204681317,990.3739204681317,429.0763217057665,42.90763217057665,5796.642456726632,579.6642456726632,5195.0,519.5,0,0,0.04770833333333333,-0.00275,0.04770833333333333,-0.00275,0.0,0.0,0.04770833333333333,0.0025,0.06199032900373958,0.16559350536227632,-0.1447368845321762,0.0027520327972507595,0.00023768397096456296,-0.01421668843327481,-0.0008113196276896279,-0.0005700000000000004,-0.00013131962768962802,-0.00011000000000000009,0.0,0.0,0.0,0.0,0.0,0.00023768397096456296,0.008407683970964433,0.04770833333333333,0.00023768397096456296,0.0,0.0,0.03984820346086033,0.020232214928950977,-0.012169262994818712,0.031032707570207603,-0.003042315748704678,0.02327453067765566,0.0027520327972507595,0.0027520327972507595,0.47168213285249344,0.1886542353046334,0.08615950104731412,0.0,0.0,0.0068398522747548825,0.0,0.0,0.00816999999999987,0.033232707570207604,-0.0022,0.019,0.111,0.0012122266271035187,0.001284840703010559,-7.261407590704038e-05,0.22554362064434422,0.1347494481338395,0.09079417251050473,0.935626745223999,0.906559944152832,8483,8153,0,0.08803690622250239,0.5678485922515393,3,8,16636,8483,8153,0.08029275485528956,cuda,125.42919921875,0.001,0.4034523069858551,0.7684619426727295,0.6147446632385254,0.7705138921737671,3.6427083015441895,-0.15391729772090912,0.434705913066864,0.24077026546001434,0.001165521144412196,0.010792770545231178,0.14110248973593115
363,404,200,True,950,950,917,744,173,19,154,0.18865866957470012,0.020719738276990186,0.16793893129770993,0.5174731182795699,1.8454301075268817,0.7772454282529252,13.598015918526599,26.152096300516078,0.4325463949487609,0.5018739324583802,0.1579917380385982,0.027845606214106484,0.2221545365548903,0.4955671202511557,0.1995683881549305,0.05485249848323449,0.15893666734117814,0.00630681220722451,-0.0415766501163323,-0.027006892269128002,0.06321786921371214,13.271537622682661,13.271537622682661,10.54525627044711,0.5125408942202835,0.12216097487933698,0.07698232698680943,-0.10274206826725131,-0.05200403969461526,917,33,0,33,1.0,1.948421052631579,1.948421052631579,2.018538713195202,117.0832281263488,76.59689119935662,-5.163804355088897,81.76069555444555,0.9405943737328019,193.68011932570542,0.0585416140631744,0.03829844559967831,0.09684005966285271,0.8571428571428571,240,164,76,40,0,162,144.20952380952377,114.51426073926073,5,35,5.0,5.0,76,0,154,19,1,19,154,0,4576.184357430672,457.6184357430672,9365.807555930327,936.5807555930327,374.36836134610314,37.43683613461032,5764.840936512212,576.4840936512212,4585.0,458.5,0,1,0.07210476190476188,-0.00275,0.07210476190476188,-0.00275,0.0,0.0,0.07210476190476188,0.0025,0.06936104828774167,0.16113294365615782,-0.11986194448710169,0.002009227537278126,0.0006590226968245002,-0.011702346119351571,-0.00044987165717021453,-0.00028500000000000015,-0.00010987165717021447,-5.5000000000000036e-05,0.0,0.0,0.0,-0.001,-0.001,0.0006590226968245002,0.008289022696824383,0.07110476190476189,0.0006590226968245002,0.0,0.0,0.05854161406317528,0.03829844559967826,-0.010327608710177794,0.05450713036963037,-0.0025819021775444484,0.04088034777722278,0.002009227537278126,0.002009227537278126,0.45761472382162444,0.11885226855368355,0.047024413140380514,0.0,0.0,0.01802252384480493,0.0,0.0,0.007629999999999882,0.05725713036963036,-0.00275,0.0095,0.077,0.0012122266271035187,0.001284840703010559,-7.261407590704038e-05,0.22554362064434422,0.1347494481338395,0.09079417251050473,0.935626745223999,0.906559944152832,8483,8153,0,0.08803690622250239,0.5678485922515393,3,8,16636,8483,8153,0.08029275485528956,cuda,125.42919921875,0.001,0.4034523069858551,0.7684619426727295,0.6147446632385254,0.7705138921737671,3.6427083015441895,-0.15391729772090912,0.434705913066864,0.24077026546001434,0.001165521144412196,0.010792770545231178,0.14110248973593115
364,405,200,True,1065,1065,1030,806,224,19,205,0.2174757281553398,0.018446601941747572,0.19902912621359223,0.48635235732009924,1.8746898263027296,0.7692211498471703,14.072015123390974,25.73326873535258,0.44250470263815117,0.48380867879902456,0.156612728946558,0.026400619500753453,0.21039934077348663,0.4780993642974137,0.1846248266638416,0.06078054529797314,0.15167038802233138,0.005709314501610885,-0.028012097717283607,-0.034379925797219685,0.05872895275115525,10.72135922330097,10.72135922330097,8.085436893203884,0.5009708737864078,0.1790064865490935,0.10926397395490511,-0.08503438173437766,-0.0439909455957869,1030,35,0,35,1.0,1.8779342723004695,1.8779342723004695,1.941747572815534,120.08585348926088,70.7934279961223,-4.957419073474787,75.75084706959707,0.93857606772661,190.8792814853832,0.060042926744630444,0.03539671399806115,0.0954396407426916,0.8848920863309353,246,168,78,32,0,168,145.6428571428571,103.20112942612943,2,30,2.0,2.0,77,0,205,19,0,19,205,0,4628.555185331676,462.8555185331676,9774.180340341738,977.4180340341738,405.81416691672086,40.58141669167209,5831.820303585053,583.1820303585052,5150.0,515.0,0,0,0.07282142857142855,-0.0011,0.07282142857142855,-0.0011,0.0,0.0,0.07282142857142855,0.001,0.07188968804889663,0.1628530381728966,-0.10570641508939595,0.00354374335537,0.0006789194374378525,-0.012969410553749915,-0.0004365618104967116,-0.00028500000000000015,-0.00010406181049671161,-4.750000000000003e-05,0.0,0.0,0.0,0.0,0.0,0.0006789194374378525,0.008928919437437722,0.07282142857142855,0.0006789194374378525,0.0,0.0,0.06004292674463141,0.03539671399806113,-0.009914838146949575,0.05050056471306471,-0.0024787095367373936,0.03787542353479854,0.00354374335537,0.00354374335537,0.476596833041059,0.13418610291496608,0.04980965384785608,0.0,0.0,0.0129822612068261,0.0,0.0,0.008249999999999869,0.05160056471306471,-0.0011,0.0095,0.1025,0.0012122266271035187,0.001284840703010559,-7.261407590704038e-05,0.22554362064434422,0.1347494481338395,0.09079417251050473,0.935626745223999,0.906559944152832,8483,8153,0,0.08803690622250239,0.5678485922515393,3,8,16636,8483,8153,0.08029275485528956,cuda,125.42919921875,0.001,0.4034523069858551,0.7684619426727295,0.6147446632385254,0.7705138921737671,3.6427083015441895,-0.15391729772090912,0.434705913066864,0.24077026546001434,0.001165521144412196,0.010792770545231178,0.14110248973593115
365,406,200,True,1109,1109,1062,868,194,36,158,0.18267419962335216,0.03389830508474576,0.1487758945386064,0.4377880184331797,1.9907834101382489,0.757672120314864,14.005936367720503,25.97818206216333,0.5030946313268556,0.5050231860735999,0.2171412736975721,0.04949106749421853,0.18198470334406547,0.5036662697345705,0.2508432840604404,0.09589195246314673,0.13969683965822588,0.001356916339029346,-0.03370201036286827,-0.046400884968928205,0.04228786368583959,13.87758945386064,13.87758945386064,11.056497175141242,0.5630885122410546,0.16792807053808456,0.09624598550022118,-0.129983344855817,-0.043835119560369666,1062,47,0,47,1.0,1.7727682596934176,1.7727682596934176,1.8512241054613936,90.25678526218012,46.72690222838536,-7.762606837110565,54.489509065495895,0.8753037270370829,136.98368749056547,0.04512839263109006,0.02336345111419268,0.06849184374528274,0.8698630136986302,254,157,97,38,0,153,108.10317460317457,74.85267875399455,3,35,3.0,2.0,97,0,158,36,0,36,158,0,4364.596141401311,436.45961414013107,9529.911372601024,952.9911372601024,481.6029154917506,48.16029154917506,5496.241418110035,549.6241418110035,5310.0,531.0,0,0,0.054051587301587274,-0.0016500000000000002,0.054051587301587274,-0.0016500000000000002,0.0,0.0,0.054051587301587274,0.0015,0.0653649036460043,0.19495038331392528,-0.16305006836831695,0.0011222944782812545,0.0003956139491009782,-0.015879495988839074,-0.0007912855114331027,-0.0005400000000000003,-0.000156285511433103,-9.500000000000007e-05,0.0,0.0,0.0,0.0,0.0,0.0003956139491009782,0.009435613949100828,0.054051587301587274,0.0003956139491009782,0.0,0.0,0.045128392631091065,0.023363451114192666,-0.01552521367422113,0.03632633937699728,-0.0038813034185552825,0.027244754532747946,0.0011222944782812545,0.0011222944782812545,0.4978246772823751,0.18639209807087764,0.08771664442926766,0.0,0.0,0.009230774605908234,0.0,0.0,0.009039999999999852,0.03742633937699728,-0.0011,0.018,0.079,0.001414563660768585,0.002385516863109337,-0.0009709532023407519,0.20569714209478762,0.11554843303230074,0.09014870906248688,0.9486430287361145,0.907868504524231,8500,8121,0,0.08423945787880156,0.5720723122358322,4,8,16621,8500,8121,0.07875557151515392,cuda,125.408203125,0.001,0.39734163880348206,0.7688891887664795,0.6141676902770996,0.7702253460884094,3.549316644668579,-0.0955679640173912,0.429665744304657,0.3140007555484772,0.0011202965485381355,0.011190941231325269,0.12710484419949353
366,407,200,True,958,958,912,645,267,9,258,0.29276315789473684,0.009868421052631578,0.28289473684210525,0.42790697674418604,2.0573643410852713,0.7707256882920746,13.774740000288617,29.55452198598736,0.5047558123868522,0.5441517330879388,0.17743310608374055,0.04563958303887368,0.1982934232801199,0.5360720134058664,0.20529265857568776,0.09533901869503478,0.15255265457396822,0.00807971968207244,-0.027859552491947215,-0.0496994356561611,0.04574076870615168,13.31140350877193,13.31140350877193,10.787280701754385,0.5328947368421053,0.07592107455010035,0.05943180653620297,-0.08528021943481762,-0.08907257273370192,912,46,0,46,1.0,1.9102296450939458,1.9102296450939458,2.0065789473684212,102.75457088549375,58.352464783664004,-4.86550058430134,63.21796536796534,0.9285362383326292,161.10703566915777,0.051377285442746876,0.029176232391832,0.08055351783457888,0.8669064748201439,241,160,81,37,0,156,127.01904761904761,90.89062049062049,6,31,6.0,6.0,80,0,258,9,1,9,258,0,4528.685352693636,452.8685352693636,9440.184792222908,944.0184792222908,380.1210566085936,38.01210566085936,5702.797453691358,570.2797453691358,4560.0,456.0,0,1,0.06350952380952381,-0.0033,0.06350952380952381,-0.0033,0.0,0.0,0.06350952380952381,0.003,0.06683304194570987,0.14911868386070154,-0.12429820581906827,0.002288663076584501,0.00030833197563910863,-0.011838818159490014,-0.0002040543061034924,-0.000135,-3.905430610349238e-05,-3.0000000000000004e-05,0.0,0.0,0.0,-0.001,-0.001,0.00030833197563910863,0.006848331975639013,0.0625095238095238,0.00030833197563910863,0.0,0.0,0.05137728544274748,0.029176232391832,-0.00973100116860268,0.04214531024531025,-0.00243275029215067,0.03160898268398267,0.002288663076584501,0.002288663076584501,0.4520018055112305,0.13931021660976567,0.07171320668925474,0.0,0.0,0.010726409475152406,0.0,0.0,0.006539999999999905,0.04544531024531025,-0.0033,0.0045,0.129,0.001414563660768585,0.002385516863109337,-0.0009709532023407519,0.20569714209478762,0.11554843303230074,0.09014870906248688,0.9486430287361145,0.907868504524231,8500,8121,0,0.08423945787880156,0.5720723122358322,4,8,16621,8500,8121,0.07875557151515392,cuda,125.408203125,0.001,0.39734163880348206,0.7688891887664795,0.6141676902770996,0.7702253460884094,3.549316644668579,-0.0955679640173912,0.429665744304657,0.3140007555484772,0.0011202965485381355,0.011190941231325269,0.12710484419949353
367,408,200,True,1066,1066,1012,760,252,26,226,0.2490118577075099,0.025691699604743084,0.22332015810276679,0.48026315789473684,1.930263157894737,0.7349081923694987,14.556555891036988,25.80956371850089,0.486551510797596,0.49195339571880664,0.20238763351287498,0.039696508229367045,0.18263589515301742,0.48151761299293294,0.22715038344582641,0.07274610301308138,0.13954366497009207,0.010435782725873699,-0.02476274993295144,-0.03304959478371433,0.04309223018292535,11.188735177865613,11.188735177865613,8.631422924901186,0.4851778656126482,0.2044348826285069,0.13000654682588955,-0.08413049129621679,-0.005735095373340644,1012,54,0,54,1.0,1.8302063789868668,1.8302063789868668,1.923913043478261,101.20092572466497,55.90443916701599,-5.759575984499153,61.66401515151513,0.9145762501306064,157.10536489168095,0.05060046286233248,0.027952219583507992,0.07855268244584047,0.8869257950530035,251,161,90,32,0,155,122.3095238095238,85.5186868686869,3,29,3.0,3.0,90,0,226,26,0,26,226,0,4576.790131549778,457.67901315497784,9884.839317779973,988.4839317779973,429.59352254833624,42.959352254833625,5764.648894308003,576.4648894308003,5060.0,506.0,0,0,0.061154761904761885,-0.0016500000000000002,0.061154761904761885,-0.0016500000000000002,0.0,0.0,0.061154761904761885,0.0015,0.06626755190994037,0.15614178785661753,-0.11427354131067521,0.0025807210689469517,0.000523266692614804,-0.013446514490958824,-0.0005582288325858589,-0.0003900000000000002,-9.572883258585878e-05,-7.250000000000005e-05,0.0,0.0,0.0,0.0,0.0,0.000523266692614804,0.008383266692614681,0.061154761904761885,0.000523266692614804,0.0,0.0,0.0506004628623335,0.027952219583507944,-0.011519151968998307,0.04110934343434344,-0.0028797879922495767,0.030832007575757565,0.0025807210689469517,0.0025807210689469517,0.4669156035079166,0.16304512880366784,0.06000659694271167,0.0,0.0,0.008583718927510356,0.0,0.0,0.007859999999999878,0.04275934343434345,-0.0016500000000000002,0.013,0.113,0.001414563660768585,0.002385516863109337,-0.0009709532023407519,0.20569714209478762,0.11554843303230074,0.09014870906248688,0.9486430287361145,0.907868504524231,8500,8121,0,0.08423945787880156,0.5720723122358322,4,8,16621,8500,8121,0.07875557151515392,cuda,125.408203125,0.001,0.39734163880348206,0.7688891887664795,0.6141676902770996,0.7702253460884094,3.549316644668579,-0.0955679640173912,0.429665744304657,0.3140007555484772,0.0011202965485381355,0.011190941231325269,0.12710484419949353
368,409,200,True,971,971,929,655,274,18,256,0.294940796555436,0.0193756727664155,0.2755651237890204,0.4916030534351145,1.848854961832061,0.7997535577484669,13.117012261252366,27.540052644760554,0.521197304560826,0.4843755323468274,0.20262289439107625,0.03379387508238886,0.180246836029505,0.4742266258438125,0.24119998261844383,0.056144861593124464,0.13828820318324875,0.01014890650301492,-0.03857708822736758,-0.022350986510735603,0.041958632846256255,9.893433799784715,9.893433799784715,7.523143164693218,0.42734122712594186,0.15855868321332867,0.17121720347915628,-0.17115223125824958,-0.026250056337068096,929,42,0,42,1.0,2.020597322348095,2.020597322348095,2.1119483315392897,125.36408484078751,81.68934144693137,-5.211551410211451,86.90089285714288,0.9434218530225401,207.05342628771888,0.06268204242039375,0.04084467072346568,0.10352671314385944,0.8369565217391305,231,173,58,45,0,168,152.83333333333334,122.46785714285713,7,38,7.0,6.0,58,0,256,18,0,18,256,0,5099.340268164131,509.9340268164131,10785.792315973065,1078.5792315973065,404.8076612394255,40.48076612394255,6421.481444477161,642.148144447716,4645.0,464.5,0,0,0.07641666666666667,-0.0038499999999999997,0.07641666666666667,-0.0038499999999999997,0.0,0.0,0.07641666666666667,0.0035,0.07241992981778385,0.13026022638857326,-0.09172718946042051,0.0023159071670768687,0.0010135454353022517,-0.012413972145780766,-0.00041037504767529133,-0.0002700000000000001,-9.037504767529131e-05,-5.000000000000003e-05,0.0,0.0,0.0,0.0,0.0,0.0010135454353022517,0.007743545435302152,0.07641666666666667,0.0010135454353022517,0.0,0.0,0.06268204242039467,0.04084467072346579,-0.010423102820422902,0.057933928571428546,-0.0026057757051057254,0.04345044642857144,0.0023159071670768687,0.0023159071670768687,0.4480473872078795,0.13798640206993257,0.047744720813803154,0.0,0.0,0.01775051287479417,0.0,0.0,0.006729999999999901,0.06123392857142856,-0.0033,0.009,0.128,0.001414563660768585,0.002385516863109337,-0.0009709532023407519,0.20569714209478762,0.11554843303230074,0.09014870906248688,0.9486430287361145,0.907868504524231,8500,8121,0,0.08423945787880156,0.5720723122358322,4,8,16621,8500,8121,0.07875557151515392,cuda,125.408203125,0.001,0.39734163880348206,0.7688891887664795,0.6141676902770996,0.7702253460884094,3.549316644668579,-0.0955679640173912,0.429665744304657,0.3140007555484772,0.0011202965485381355,0.011190941231325269,0.12710484419949353
369,410,200,True,1060,1060,1022,709,313,30,283,0.3062622309197652,0.029354207436399216,0.27690802348336596,0.46544428772919605,1.9647390691114246,0.7472991378418313,14.428963351821361,31.0873320121502,0.46848323053512636,0.5081476840296989,0.199322481060398,0.03093659637393417,0.2045403970602495,0.4977932678501428,0.2324563992500032,0.05769440332412515,0.15637892448673044,0.010354416179556125,-0.033133918189605205,-0.02675780695019098,0.048161472573519076,10.989236790606654,10.989236790606654,8.635029354207436,0.4569471624266145,0.20688424855378007,0.05702573960399272,-0.10737130700303697,-0.0002455540543620435,1022,38,0,38,1.0,1.879245283018868,1.879245283018868,1.949119373776908,111.09099953449505,61.40070994075744,-5.590686163138678,66.99139610389608,0.9229742935374857,172.4917094752525,0.05554549976724753,0.030700354970378717,0.08624585473762625,0.841726618705036,234,158,76,44,0,157,134.83333333333331,98.12186147186148,8,36,8.0,8.0,76,0,283,30,0,30,283,0,4649.70237159027,464.97023715902696,9865.810404474081,986.5810404474081,386.8311894833385,38.68311894833385,5858.182692626444,585.8182692626444,5110.0,511.0,0,0,0.06741666666666664,-0.0044,0.06741666666666664,-0.0044,0.0,0.0,0.06741666666666664,0.004,0.06789336581047485,0.1533273845638024,-0.10873184130399109,0.001482712352262423,0.0006708321695710516,-0.012078349472682381,-0.0006809244407370703,-0.0004500000000000003,-0.0001484244407370703,-8.250000000000005e-05,0.0,0.0,0.0,0.0,0.0,0.0006708321695710516,0.008060832169570938,0.06741666666666664,0.0006708321695710516,0.0,0.0,0.055545499767248326,0.03070035497037875,-0.011181372326277356,0.04466093073593075,-0.002795343081569339,0.03349569805194804,0.001482712352262423,0.001482712352262423,0.46147427719415546,0.1479637069777302,0.05230541898197375,0.0,0.0,0.015104334776399466,0.0,0.0,0.007389999999999887,0.04906093073593075,-0.0044,0.015,0.1415,0.001414563660768585,0.002385516863109337,-0.0009709532023407519,0.20569714209478762,0.11554843303230074,0.09014870906248688,0.9486430287361145,0.907868504524231,8500,8121,0,0.08423945787880156,0.5720723122358322,4,8,16621,8500,8121,0.07875557151515392,cuda,125.408203125,0.001,0.39734163880348206,0.7688891887664795,0.6141676902770996,0.7702253460884094,3.549316644668579,-0.0955679640173912,0.429665744304657,0.3140007555484772,0.0011202965485381355,0.011190941231325269,0.12710484419949353
370,411,200,True,1098,1098,1047,778,269,24,245,0.25692454632282713,0.022922636103151862,0.23400191021967526,0.5295629820051414,1.8239074550128536,0.7509774706280936,14.09492581178719,28.99313806204226,0.47143924812020377,0.4878040029449451,0.18376405262759382,0.06992757665879239,0.19409681103912907,0.48734412945634603,0.2180697487877888,0.10975009322963693,0.14157439554756587,0.00045987348859904964,-0.034305696160194965,-0.03982251657084454,0.052522415491563196,11.168099331423115,11.168099331423115,8.725883476599808,0.4680038204393505,0.17503647689119967,0.07342030034108347,-0.09218545585089298,-0.05846411506723102,1047,51,0,51,1.0,1.7877959927140255,1.7877959927140255,1.874880611270296,97.1900767654836,55.089501148379675,-6.044462804334321,61.13396395271393,0.9100237517291943,152.27957791386328,0.0485950383827418,0.027544750574189838,0.07613978895693164,0.7879858657243817,223,157,66,60,0,153,117.29285714285716,87.0119519369519,5,55,5.0,5.0,65,0,245,24,0,24,245,0,4507.553887853483,450.75538878534826,9675.435148236074,967.5435148236074,416.7398758194668,41.67398758194668,5674.244486169699,567.4244486169698,5235.0,523.5,0,0,0.05864642857142856,-0.00275,0.05864642857142856,-0.00275,0.0,0.0,0.05864642857142856,0.0025,0.06561682199375325,0.1656590622583304,-0.1203970631117232,0.0017341835345758665,0.00036947762799461323,-0.013337444913138145,-0.0005144698711932245,-0.0003600000000000002,-8.94698711932245e-05,-6.500000000000005e-05,0.0,0.0,0.0,0.0,0.0,0.00036947762799461323,0.008389477627994486,0.05864642857142856,0.00036947762799461323,0.0,0.0,0.04859503838274255,0.02754475057418981,-0.012088925608668642,0.04075597596847598,-0.0030222314021671605,0.030566981976356964,0.0017341835345758665,0.0017341835345758665,0.4639687916541493,0.1467468356775712,0.08647296894821056,0.0,0.0,0.016122307979036847,0.0,0.0,0.008019999999999873,0.04350597596847596,-0.00275,0.012,0.1225,0.001414563660768585,0.002385516863109337,-0.0009709532023407519,0.20569714209478762,0.11554843303230074,0.09014870906248688,0.9486430287361145,0.907868504524231,8500,8121,0,0.08423945787880156,0.5720723122358322,4,8,16621,8500,8121,0.07875557151515392,cuda,125.408203125,0.001,0.39734163880348206,0.7688891887664795,0.6141676902770996,0.7702253460884094,3.549316644668579,-0.0955679640173912,0.429665744304657,0.3140007555484772,0.0011202965485381355,0.011190941231325269,0.12710484419949353
371,412,200,True,1084,1084,1029,856,173,45,128,0.16812439261418854,0.043731778425655975,0.12439261418853255,0.5257009345794392,1.8060747663551402,0.7601896764658321,14.050993040343311,25.211943070412936,0.4907719309171243,0.44811914410337667,0.2067335245121166,0.10625539288288156,0.16893222903132124,0.44870171917027957,0.2333891925817599,0.14781086815226818,0.12762015403322352,-0.0005825750669029017,-0.026655668069643312,-0.04155547526938662,0.04131207499809772,10.415937803692906,10.415937803692906,7.761904761904762,0.4586977648202138,0.13307868984982174,0.10803161637277374,-0.13762508315158892,-0.09771110628946521,1029,55,0,55,1.0,1.8182656826568266,1.8182656826568266,1.9154518950437318,87.01996268940042,43.799360676832706,-7.402560318838303,51.20192099567098,0.8736861046664434,130.8193233662331,0.04350998134470021,0.02189968033841635,0.06540966168311656,0.8571428571428571,240,160,80,40,0,156,104.07857142857142,74.869227994228,6,34,6.0,6.0,79,0,128,45,0,45,128,0,4521.15227149609,452.11522714960904,9829.87962071375,982.9879620713749,467.0758744736791,46.707587447367914,5696.022800325156,569.6022800325156,5145.0,514.5,0,0,0.05203928571428571,-0.0033,0.05203928571428571,-0.0033,0.0,0.0,0.05203928571428571,0.003,0.06691772935214829,0.16634222261003845,-0.12297008293268698,0.0013658428460386943,0.00038276386635812044,-0.015276391737622798,-0.0009210806329663662,-0.0006750000000000005,-0.00012108063296636605,-0.00012500000000000008,0.0,0.0,0.0,0.0,0.0,0.00038276386635812044,0.009392763866357972,0.05203928571428571,0.00038276386635812044,0.0,0.0,0.043509981344701264,0.021899680338416334,-0.014805120637676606,0.034134613997114004,-0.0037012801594191514,0.02560096049783549,0.0013658428460386943,0.0013658428460386943,0.4730551415624896,0.17282416389647706,0.13652879204368037,0.0,0.0,0.0065692069643933215,0.0,0.0,0.009009999999999853,0.037434613997114,-0.0033,0.0225,0.064,0.001414563660768585,0.002385516863109337,-0.0009709532023407519,0.20569714209478762,0.11554843303230074,0.09014870906248688,0.9486430287361145,0.907868504524231,8500,8121,0,0.08423945787880156,0.5720723122358322,4,8,16621,8500,8121,0.07875557151515392,cuda,125.408203125,0.001,0.39734163880348206,0.7688891887664795,0.6141676902770996,0.7702253460884094,3.549316644668579,-0.0955679640173912,0.429665744304657,0.3140007555484772,0.0011202965485381355,0.011190941231325269,0.12710484419949353
372,413,200,True,1154,1154,1108,847,261,28,233,0.2355595667870036,0.02527075812274368,0.21028880866425992,0.4639905548996458,1.9456906729634003,0.7549551962011679,14.123172373811075,29.009147347497546,0.49690577716483314,0.5012268118973746,0.20374509771359994,0.05142389529757421,0.18243435894302945,0.5005699599858862,0.2295611971668204,0.1027868601544117,0.14055674597225123,0.0006568519114884541,-0.02581609945322047,-0.05136296485683749,0.041877612970778216,11.780685920577618,11.780685920577618,9.144404332129964,0.5243682310469314,0.2089492400441475,0.06849375929869972,-0.16639653632092385,-0.045680391293504895,1108,46,0,46,1.0,1.7192374350086654,1.7192374350086654,1.7906137184115523,90.59919526334178,51.649823884648896,-6.395792998468002,58.04561688311688,0.9007502627546377,142.24901914799068,0.04529959763167089,0.025824911942324447,0.07112450957399534,0.8453237410071942,235,151,84,43,0,149,108.55,80.69415584415586,3,40,3.0,3.0,83,0,233,28,0,28,233,0,4184.582947655095,418.45829476550955,9074.049993762497,907.4049993762497,454.58298347457065,45.45829834745707,5270.986442890516,527.0986442890515,5540.0,554.0,0,0,0.054275,-0.0016500000000000002,0.054275,-0.0016500000000000002,0.0,0.0,0.054275,0.0015,0.06382183007390523,0.18982775534835056,-0.1618683405423363,0.003247957573530008,0.0006479881583543291,-0.015304697943280309,-0.0006023879693150515,-0.0004200000000000003,-0.00011238796931505133,-7.000000000000005e-05,0.0,0.0,0.0,0.0,0.0,0.0006479881583543291,0.009397988158354187,0.054275,0.0006479881583543291,0.0,0.0,0.0452995976316716,0.02582491194232444,-0.012791585996936004,0.03869707792207793,-0.003197896499234001,0.02902280844155844,0.003247957573530008,0.003247957573530008,0.4579132840298983,0.1568692701408812,0.07799827468373267,0.0,0.0,0.012391488951990097,0.0,0.0,0.008749999999999859,0.04034707792207794,-0.0016500000000000002,0.014,0.1165,0.001414563660768585,0.002385516863109337,-0.0009709532023407519,0.20569714209478762,0.11554843303230074,0.09014870906248688,0.9486430287361145,0.907868504524231,8500,8121,0,0.08423945787880156,0.5720723122358322,4,8,16621,8500,8121,0.07875557151515392,cuda,125.408203125,0.001,0.39734163880348206,0.7688891887664795,0.6141676902770996,0.7702253460884094,3.549316644668579,-0.0955679640173912,0.429665744304657,0.3140007555484772,0.0011202965485381355,0.011190941231325269,0.12710484419949353
373,414,200,True,1120,1120,1069,862,207,59,148,0.19363891487371376,0.05519176800748363,0.1384471468662301,0.46635730858468677,1.9605568445475638,0.7643526204431693,13.856516637824251,24.84241132802933,0.5186454311491713,0.4801924932238121,0.23620654360376073,0.07261966428289454,0.16892645157238342,0.47673023699538614,0.26437873010720253,0.11425653751953041,0.131611954808676,0.0034622562284259417,-0.028172186503441804,-0.04163687323663587,0.03731449676370743,10.376052385406922,10.376052385406922,7.540692235734332,0.5425631431244153,0.17949521557494322,0.164666108902415,-0.13241114565981676,-0.09714772925339721,1069,51,0,51,1.0,1.7473214285714285,1.7473214285714285,1.8306828811973808,97.57007000250533,54.16575456406927,-7.4876060346513285,61.65336059872062,0.8917052161802245,151.7358245665746,0.04878503500125267,0.027082877282034633,0.07586791228328729,0.8333333333333334,225,148,77,45,0,143,117.16190476190475,85.80822829131651,4,41,4.0,3.2761340845657974,75,0,148,59,0,59,148,0,4385.774228693399,438.5774228693399,9590.645078369618,959.0645078369619,484.17461188766305,48.4174611887663,5521.296368817708,552.1296368817708,5345.0,534.5,0,0,0.05858095238095238,-0.0022,0.05858095238095238,-0.0022,0.0,0.0,0.05858095238095238,0.002,0.06131016611516542,0.1854071634116304,-0.15588223348708702,0.0023124682491474026,0.0003913654824538319,-0.01625717679000635,-0.001248358528838451,-0.0008850000000000007,-0.00017085852883845024,-0.00019250000000000013,0.0,0.0,0.0,0.0,0.0,0.0003913654824538319,0.00960136548245368,0.05858095238095238,0.0003913654824538319,0.0,0.0,0.04878503500125391,0.027082877282034633,-0.014975212069302657,0.04110224039914709,-0.0037438030173256643,0.03082668029936031,0.0023124682491474026,0.0023124682491474026,0.47078021128663494,0.18839386973361244,0.10397730697704881,0.0,0.0,0.008765005283551685,0.0,0.0,0.009209999999999849,0.04290411414565826,-0.0018018737465111884,0.0295,0.074,-0.0004885010517527975,0.0012426003005303857,-0.0017311013522831832,0.18433134635679083,0.09913391156329049,0.08519743479350034,0.9547572135925293,0.908789336681366,8595,8195,0,0.09061951405472225,0.5538929539568284,5,8,16790,8595,8195,0.08171635465377595,cuda,125.51708984375,0.001,0.40121889114379883,0.7740000486373901,0.6208972334861755,0.7764490246772766,3.5528981685638428,0.021837862208485603,0.41332221031188965,0.47785234451293945,0.002269032414251877,0.025061274626675775,0.17392305999117738
374,415,200,True,996,996,944,696,248,36,212,0.2627118644067797,0.038135593220338986,0.2245762711864407,0.5847701149425287,1.7169540229885059,0.7888316128445768,13.203867314875811,26.368154497239097,0.4375280134317809,0.45336466903487843,0.2512175084048904,0.025898582789104903,0.17965079336855347,0.449053551081097,0.2839261010147353,0.046831105554231506,0.14375954232681756,0.004311117953781418,-0.03270859260984493,-0.020932522765126603,0.035891251041735905,9.399364406779661,9.399364406779661,7.1991525423728815,0.399364406779661,0.17995442351452934,0.14945377733340587,-0.174161291743388,-0.05772089745708995,944,52,0,52,1.0,1.9748995983935742,1.9748995983935742,2.0836864406779663,122.88722902216914,78.15533499828165,-4.580585331388728,82.73592032967032,0.9475404415613077,201.04256402045078,0.06144361451108457,0.03907766749914082,0.1005212820102254,0.7894736842105263,225,166,59,60,0,162,149.46190476190478,119.11456043956045,8,52,8.0,8.0,58,0,212,36,0,36,212,0,5015.106661577388,501.5106661577388,10518.823508040185,1051.8823508040184,366.32535419534383,36.632535419534385,6314.256832500298,631.4256832500298,4720.0,472.0,0,0,0.07473095238095238,-0.0044,0.07473095238095238,-0.0044,0.0,0.0,0.07473095238095238,0.004,0.06990583455039899,0.13470824920063765,-0.09882514655719095,0.0029397527480661072,0.0009742630316131707,-0.011073436269521031,-0.0008241181865550686,-0.0005400000000000003,-0.0001891181865550687,-9.500000000000007e-05,0.0,0.0,0.0,0.0,0.0,0.0009742630316131707,0.00829426303161305,0.07473095238095238,0.0009742630316131707,0.0,0.0,0.06144361451108549,0.039077667499140864,-0.009161170662777456,0.05515728021978022,-0.002290292665694364,0.04136796016483516,0.0029397527480661072,0.0029397527480661072,0.44176074245803054,0.16502320200437406,0.04294781070177455,0.0,0.0,0.022234153281582646,0.0,0.0,0.007319999999999888,0.05955728021978021,-0.0044,0.018,0.106,-0.0004885010517527975,0.0012426003005303857,-0.0017311013522831832,0.18433134635679083,0.09913391156329049,0.08519743479350034,0.9547572135925293,0.908789336681366,8595,8195,0,0.09061951405472225,0.5538929539568284,5,8,16790,8595,8195,0.08171635465377595,cuda,125.51708984375,0.001,0.40121889114379883,0.7740000486373901,0.6208972334861755,0.7764490246772766,3.5528981685638428,0.021837862208485603,0.41332221031188965,0.47785234451293945,0.002269032414251877,0.025061274626675775,0.17392305999117738
375,416,200,True,999,999,956,737,219,16,203,0.2290794979079498,0.016736401673640166,0.21234309623430964,0.4531886024423338,1.98236092265943,0.7632705276500904,13.911111061738012,31.644548574328585,0.46366656312339966,0.5281625980640202,0.14220554686405443,0.018936553244634433,0.2297275490866749,0.5199604382791545,0.18834958017868175,0.04032220994090735,0.16476657825397023,0.008202159784865715,-0.046144033314627325,-0.021385656696272917,0.06496097083270466,13.631799163179917,13.631799163179917,10.857740585774058,0.5721757322175732,0.1560607897369566,0.06024435544519569,-0.0986362670197721,0.004310334979914177,956,43,0,43,1.0,1.902902902902903,1.902902902902903,1.9884937238493723,121.57523579351776,76.66512185011675,-5.136961483216549,81.80208333333336,0.9409130673789199,198.24035764363452,0.060787617896758885,0.03833256092505837,0.09912017882181726,0.7809187279151943,221,169,52,62,0,168,149.83333333333331,113.46944444444445,4,58,4.0,4.0,52,0,203,16,1,16,203,0,4519.012477048933,451.9012477048933,9410.729345606078,941.0729345606078,391.96921798467156,39.19692179846716,5689.40522887423,568.940522887423,4780.0,478.0,0,1,0.07491666666666666,-0.0022,0.07491666666666666,-0.0022,0.0,0.0,0.07491666666666666,0.002,0.07187536081477149,0.16552734662880492,-0.11880323810747224,0.0027487703168809392,0.0007414228171278836,-0.012426263873536424,-0.00038394636563825505,-0.00024000000000000011,-0.00010144636563825503,-4.250000000000002e-05,0.0,0.0,0.0,-0.001,-0.001,0.0007414228171278836,0.008271422817127767,0.07391666666666666,0.0007414228171278836,0.0,0.0,0.06078761789675962,0.03833256092505839,-0.010273922966433098,0.054534722222222214,-0.0025684807416082745,0.04090104166666668,0.0027487703168809392,0.0027487703168809392,0.45482589450623534,0.11621902329666078,0.032153712835037714,0.0,0.0,0.02100189703199157,0.0,0.0,0.007529999999999884,0.056734722222222214,-0.0022,0.008,0.1015,-0.0004885010517527975,0.0012426003005303857,-0.0017311013522831832,0.18433134635679083,0.09913391156329049,0.08519743479350034,0.9547572135925293,0.908789336681366,8595,8195,0,0.09061951405472225,0.5538929539568284,5,8,16790,8595,8195,0.08171635465377595,cuda,125.51708984375,0.001,0.40121889114379883,0.7740000486373901,0.6208972334861755,0.7764490246772766,3.5528981685638428,0.021837862208485603,0.41332221031188965,0.47785234451293945,0.002269032414251877,0.025061274626675775,0.17392305999117738
376,417,200,True,1154,1154,1098,888,210,32,178,0.1912568306010929,0.029143897996357013,0.1621129326047359,0.49099099099099097,1.90990990990991,0.7920827609025411,13.316495122136297,29.09712469196031,0.43212513531213786,0.4935423087429356,0.23048600171449352,0.03802470873772829,0.20070182952845284,0.49512368668844037,0.25492521074206176,0.09832841293455777,0.14807097096759658,-0.0015813779455047805,-0.024439209027568243,-0.060303704196829476,0.05263085856085625,11.714025500910747,11.714025500910747,8.942622950819672,0.5491803278688525,0.12645419739240207,0.0773688396783455,-0.10212545996657002,-0.013863934413157235,1098,56,0,56,1.0,1.7123050259965338,1.7123050259965338,1.7996357012750455,88.94691494890799,46.766208540909076,-6.378215050205719,53.14442359111475,0.8928438793071587,135.71312348981706,0.04447345747445399,0.02338310427045454,0.06785656174490853,0.8494623655913979,237,150,87,42,0,147,106.3619047619048,73.05923145481974,3,39,3.0,2.0,87,0,178,32,0,32,178,0,4130.124059096833,413.01240590968325,8929.156411016653,892.9156411016653,428.95602987286736,42.895602987286736,5204.721833990356,520.4721833990355,5490.0,549.0,0,0,0.05318095238095238,-0.0016500000000000002,0.05318095238095238,-0.0016500000000000002,0.0,0.0,0.05318095238095238,0.0015,0.06301337389047913,0.19489022575703285,-0.16757397508434993,0.0019307565500801367,0.00044347784846021643,-0.013953713469350986,-0.0007151670592760653,-0.00048000000000000034,-0.00014016705927606557,-9.500000000000007e-05,0.0,0.0,0.0,0.0,0.0,0.00044347784846021643,0.009643477848460064,0.05318095238095238,0.00044347784846021643,0.0,0.0,0.04447345747445482,0.023383104270454536,-0.012756430100411437,0.03542961572740987,-0.0031891075251028593,0.026572211795557375,0.0019307565500801367,0.0019307565500801367,0.47505718092571353,0.18575898544188435,0.0799930547903067,0.0,0.0,0.010309301958934475,0.0,0.0,0.009199999999999849,0.03652961572740988,-0.0011,0.016,0.089,-0.0004885010517527975,0.0012426003005303857,-0.0017311013522831832,0.18433134635679083,0.09913391156329049,0.08519743479350034,0.9547572135925293,0.908789336681366,8595,8195,0,0.09061951405472225,0.5538929539568284,5,8,16790,8595,8195,0.08171635465377595,cuda,125.51708984375,0.001,0.40121889114379883,0.7740000486373901,0.6208972334861755,0.7764490246772766,3.5528981685638428,0.021837862208485603,0.41332221031188965,0.47785234451293945,0.002269032414251877,0.025061274626675775,0.17392305999117738
377,418,200,True,1110,1110,1070,772,298,34,264,0.27850467289719627,0.03177570093457944,0.2467289719626168,0.5323834196891192,1.7927461139896372,0.76706287332381,14.266452449591048,27.736752376191973,0.4171910520220274,0.4507152507844058,0.18458186515602115,0.04698752611151708,0.18881103443705666,0.4545262668648532,0.20346136100184886,0.0970335916620245,0.1476462364384972,-0.003811016080447427,-0.01887949584582771,-0.05004606555050741,0.04116479799855946,8.563551401869159,8.563551401869159,6.225233644859813,0.41401869158878507,0.15270567380720312,0.10090408875414159,-0.11332842856623827,-0.025901837200375987,1070,40,0,40,1.0,1.7918918918918918,1.7918918918918918,1.8588785046728973,97.6592413510324,59.254328460962974,-5.41865688702236,64.67298534798533,0.9226918258120654,156.9135698119954,0.0488296206755162,0.029627164230481486,0.0784567849059977,0.8014184397163121,226,152,74,56,0,150,117.87142857142858,95.03064713064714,8,48,8.0,8.0,71,0,264,34,0,34,264,0,4452.668038135492,445.2668038135492,9355.388444289822,935.5388444289822,371.26375708072385,37.12637570807239,5607.494495699417,560.7494495699417,5350.0,535.0,0,0,0.0589357142857143,-0.004399999999999999,0.0589357142857143,-0.004399999999999999,0.0,0.0,0.0589357142857143,0.004,0.06466564715576371,0.15260122209817947,-0.11039717130213506,0.001982171228949069,0.00034524623472368315,-0.011711690638222638,-0.0008321221457659764,-0.0005100000000000004,-0.00018212214576597633,-0.00014000000000000007,0.0,0.0,0.0,0.0,0.0,0.00034524623472368315,0.008405246234723556,0.0589357142857143,0.00034524623472368315,0.0,0.0,0.048829620675517,0.029627164230481458,-0.01083731377404472,0.04311532356532358,-0.00270932844351118,0.03233649267399267,0.001982171228949069,0.001982171228949069,0.4381041431451637,0.13555355705023286,0.08140108286665639,0.0,0.0,0.007913529207841765,0.0,0.0,0.008059999999999873,0.047515323565323564,-0.004399999999999999,0.017,0.132,-0.0004885010517527975,0.0012426003005303857,-0.0017311013522831832,0.18433134635679083,0.09913391156329049,0.08519743479350034,0.9547572135925293,0.908789336681366,8595,8195,0,0.09061951405472225,0.5538929539568284,5,8,16790,8595,8195,0.08171635465377595,cuda,125.51708984375,0.001,0.40121889114379883,0.7740000486373901,0.6208972334861755,0.7764490246772766,3.5528981685638428,0.021837862208485603,0.41332221031188965,0.47785234451293945,0.002269032414251877,0.025061274626675775,0.17392305999117738
378,419,200,True,1018,1018,966,758,208,41,167,0.2153209109730849,0.042443064182194616,0.17287784679089027,0.5356200527704486,1.816622691292876,0.7631263470665446,14.252181113552608,26.157604567559147,0.4439761601014386,0.4696378512873184,0.1842007085504035,0.07729326735685596,0.19018230540063577,0.4713202322535905,0.2074298876593268,0.12554456849949863,0.14513243892350502,-0.0016823809662721012,-0.023229179108923304,-0.04825130114264267,0.045049866477130746,9.753623188405797,9.753623188405797,7.209109730848861,0.4824016563146998,0.15806331235029986,0.11858411003364906,-0.15075329554760217,-0.1024505439388221,966,52,0,52,1.0,1.9548133595284873,1.9548133595284873,2.060041407867495,107.54507433710047,67.09682921628178,-5.575278883951309,72.6721081002331,0.9287480502693566,174.64190355338224,0.05377253716855024,0.03354841460814089,0.08732095177669112,0.8637992831541219,241,171,70,38,0,170,130.22142857142856,101.29614413364413,4,34,4.0,4.0,68,0,167,41,0,41,167,0,4840.061670496742,484.0061670496742,10317.774142488548,1031.7774142488547,392.5209876070436,39.25209876070436,6094.16548477632,609.416548477632,4830.0,483.0,0,0,0.06511071428571427,-0.0022,0.06511071428571427,-0.0022,0.0,0.0,0.06511071428571427,0.002,0.07298723999683847,0.14730500878267458,-0.09473148104430058,0.0017727610418689836,0.0004298286998940024,-0.012237597416459151,-0.0008377206999542002,-0.0006150000000000004,-0.0001052206999542002,-0.00011750000000000008,0.0,0.0,0.0,0.0,0.0,0.0004298286998940024,0.008419828699893876,0.06511071428571427,0.0004298286998940024,0.0,0.0,0.05377253716855113,0.03354841460814087,-0.011150557767902618,0.04844807206682209,-0.0027876394419756546,0.03633605405011655,0.0017727610418689836,0.0017727610418689836,0.47674456113683833,0.15064577616496078,0.09382917262712863,0.0,0.0,0.007235363664595867,0.0,0.0,0.007989999999999874,0.050648072066822064,-0.0022,0.0205,0.0835,-0.0004885010517527975,0.0012426003005303857,-0.0017311013522831832,0.18433134635679083,0.09913391156329049,0.08519743479350034,0.9547572135925293,0.908789336681366,8595,8195,0,0.09061951405472225,0.5538929539568284,5,8,16790,8595,8195,0.08171635465377595,cuda,125.51708984375,0.001,0.40121889114379883,0.7740000486373901,0.6208972334861755,0.7764490246772766,3.5528981685638428,0.021837862208485603,0.41332221031188965,0.47785234451293945,0.002269032414251877,0.025061274626675775,0.17392305999117738
379,420,200,True,1080,1080,1030,721,309,31,278,0.3,0.030097087378640777,0.26990291262135924,0.49791955617198336,1.8945908460471568,0.7879877297954321,13.799591740358222,29.53079354184345,0.47248492168475975,0.5037112526192579,0.22694741841534802,0.045783742285758544,0.18918884059623525,0.5026318992019195,0.24741013957014443,0.10169114512888697,0.13970736486788182,0.0010793534173383357,-0.020462721154796415,-0.05590740284312842,0.04948147572835343,11.183495145631069,11.183495145631069,8.81747572815534,0.470873786407767,0.16290414806866824,0.10592793723303792,-0.1145535274906596,-0.03184141435389279,1030,50,0,50,1.0,1.8351851851851853,1.8351851851851853,1.924271844660194,92.1703535975441,50.00465157443628,-5.318335120241577,55.32298669467785,0.9122984961232635,142.1750051719804,0.046085176798772054,0.02500232578721814,0.0710875025859902,0.8860294117647058,241,162,79,31,0,161,111.22738095238093,78.16398225957049,4,27,4.0,4.0,78,0,278,31,0,31,278,0,4610.944116278946,461.0944116278946,9802.175736674311,980.2175736674311,387.91140822118604,38.79114082211861,5807.128884023416,580.7128884023416,5150.0,515.0,0,0,0.05561369047619045,-0.0022,0.05561369047619045,-0.0022,0.0,0.0,0.05561369047619045,0.002,0.06900716403446931,0.15485400591335657,-0.14254619268034446,0.00280364148554547,0.0004511220890982651,-0.01238769558461581,-0.0006842016602400945,-0.0004650000000000003,-0.0001317016602400945,-8.750000000000005e-05,0.0,0.0,0.0,0.0,0.0,0.0004511220890982651,0.00797112208909815,0.05561369047619045,0.0004511220890982651,0.0,0.0,0.04608517679877278,0.025002325787218168,-0.010636670240483153,0.03688199112978528,-0.0026591675601207883,0.027661493347338927,0.00280364148554547,0.00280364148554547,0.47174071739380724,0.1794310575618248,0.07094999132277047,0.0,0.0,0.008338587200761211,0.0,0.0,0.007519999999999884,0.039081991129785255,-0.0022,0.0155,0.139,-0.0004885010517527975,0.0012426003005303857,-0.0017311013522831832,0.18433134635679083,0.09913391156329049,0.08519743479350034,0.9547572135925293,0.908789336681366,8595,8195,0,0.09061951405472225,0.5538929539568284,5,8,16790,8595,8195,0.08171635465377595,cuda,125.51708984375,0.001,0.40121889114379883,0.7740000486373901,0.6208972334861755,0.7764490246772766,3.5528981685638428,0.021837862208485603,0.41332221031188965,0.47785234451293945,0.002269032414251877,0.025061274626675775,0.17392305999117738
380,421,200,True,1118,1118,1062,783,279,34,245,0.2627118644067797,0.032015065913371,0.23069679849340866,0.4610472541507024,1.9438058748403575,0.764684646122757,13.988214925178927,27.88346534975035,0.49233040063106387,0.49975456599988244,0.1797960243291325,0.05053724277655131,0.19818939708796535,0.4966783258269421,0.21192904486229328,0.0996076804550072,0.1431351613983664,0.0030762401729403366,-0.03213302053316078,-0.04907043767845589,0.05505423568959894,11.393596986817325,11.393596986817325,8.831450094161958,0.4971751412429379,0.13151319300541123,0.10023569324714669,-0.0637405276374076,-0.040909516463305276,1062,56,0,56,1.0,1.776386404293381,1.776386404293381,1.8662900188323917,94.5249889310374,52.47433727154292,-6.243528196322538,58.71786546786544,0.9038886353239604,146.99932620258033,0.0472624944655187,0.02623716863577146,0.07349966310129016,0.8659420289855072,239,157,82,37,0,155,113.83333333333331,80.49048729048732,3,34,3.0,2.0,81,0,245,34,0,34,245,0,4356.059671524369,435.6059671524369,9436.958231532431,943.6958231532432,430.5724883537815,43.057248835378154,5489.066689891628,548.9066689891628,5310.0,531.0,0,0,0.05691666666666666,-0.0016500000000000002,0.05691666666666666,-0.0016500000000000002,0.0,0.0,0.05691666666666666,0.0015,0.0663983343541285,0.16905957613840322,-0.13267494959642032,0.002390373909817256,0.00047580566092686813,-0.014017989234653172,-0.0007582577459940684,-0.0005100000000000004,-0.00015575774599406824,-9.250000000000005e-05,0.0,0.0,0.0,0.0,0.0,0.00047580566092686813,0.008645805660926738,0.05691666666666666,0.00047580566092686813,0.0,0.0,0.04726249446551947,0.02623716863577146,-0.012487056392645076,0.03914524364524365,-0.003121764098161269,0.029358932733932717,0.002390373909817256,0.002390373909817256,0.46670410745253144,0.15943022580482044,0.07173600134394713,0.0,0.0,0.010022619610971364,0.0,0.0,0.00816999999999987,0.04024524364524366,-0.0011,0.017,0.1225,-0.0004885010517527975,0.0012426003005303857,-0.0017311013522831832,0.18433134635679083,0.09913391156329049,0.08519743479350034,0.9547572135925293,0.908789336681366,8595,8195,0,0.09061951405472225,0.5538929539568284,5,8,16790,8595,8195,0.08171635465377595,cuda,125.51708984375,0.001,0.40121889114379883,0.7740000486373901,0.6208972334861755,0.7764490246772766,3.5528981685638428,0.021837862208485603,0.41332221031188965,0.47785234451293945,0.002269032414251877,0.025061274626675775,0.17392305999117738
