episode,scenario_seed,steps,time_limit_truncated,option_count,high_option_count,low_option_count,low_move_selection_count,low_stay_selection_count,low_active_stay_selection_count,low_forced_stay_selection_count,low_stay_selection_rate,low_active_stay_selection_rate,low_forced_stay_selection_rate,low_top1_urgency_selection_rate,avg_low_selected_urgency_rank,avg_low_selected_urgency,avg_low_selected_remain_kwh,avg_low_selected_need_power_kwh,avg_low_selected_distance_ratio,avg_low_selected_attraction,avg_low_selected_immediate_iev_attraction,avg_low_selected_mcs_competition,avg_low_selected_fcs_competition,avg_low_selected_desirability,avg_low_available_attraction,avg_low_available_immediate_iev_attraction,avg_low_available_mcs_competition,avg_low_available_fcs_competition,avg_low_available_desirability,low_selected_minus_available_attraction,low_selected_minus_available_immediate_iev_attraction,low_selected_minus_available_mcs_competition,low_selected_minus_available_fcs_competition,low_selected_minus_available_desirability,avg_low_raw_quasi_count,avg_low_safe_quasi_count,avg_low_topk_truncated_count,low_topk_truncation_rate,low_selected_urgency_reward_corr,low_selected_immediate_iev_attraction_reward_corr,low_selected_need_power_reward_corr,low_selected_mcs_competition_reward_corr,low_selected_fcs_competition_reward_corr,serve_option_count,recharge_option_count,serve_option_rate,recharge_option_rate,optional_recharge_option_count,optional_recharge_option_rate,wait_option_count,recharge_match_count,recharge_match_rate,high_boundary_reward_total,high_termination_reward_total,high_recharge_option_reward_total,high_recharge_risk_delta_total,high_recharge_risk_reward_total,high_recharge_base_cost_total,high_recharge_duration_cost_total,high_recharge_unnecessary_cost_total,high_recharge_opportunity_cost_total,forced_recharge_option_count,high_option_event_reward_total,high_delayed_option_event_reward_total,serve_completed_option_count,serve_timeout_before_match_count,serve_timeout_after_match_count,no_candidate_replans_option_count,recharge_only_option_count,recharge_completed_option_count,avg_option_duration,avg_high_option_duration,avg_low_option_duration,episode_high_reward,episode_low_reward,episode_low_step_weighted,episode_low_event_weighted,low_event_absolute_contribution_ratio,episode_reward,avg_high_reward,avg_low_reward,avg_reward,charge_success_rate,charge_population_success_rate,charge_success_count,charge_success_mcs_count,charge_success_fcs_count,charge_failure_count,unresolved_count,attributed_mcs_success_count,attributed_mcs_success_weight_sum,low_attributed_mcs_success_weight_sum,rescue_success_count,replacement_success_count,immediate_counterfactual_replacement_count,future_rescue_evaluated_success_count,mcs_success_base_credit_sum,mcs_success_rescue_bonus_sum,mcs_success_credit_sum,avg_mcs_success_counterfactual_failure_probability,controllable_failure_count,historically_attributed_failure_count,uncontrollable_failure_count,unattributed_iev_failure_count,controllable_failure_weight_sum,high_controllable_failure_weight_sum,low_controllable_failure_weight_sum,orphan_controllable_failure_weight_sum,failure_route_weight_coverage,high_failure_route_count,low_failure_route_count,orphan_failure_route_count,avg_failure_attribution_age_steps,failure_cause_high_recharge_count,failure_cause_low_wait_count,failure_cause_low_reposition_count,high_routed_failure_reward_total,low_routed_failure_reward_total,fcs_success_kpi_count,unattributed_mcs_success_count,forced_wait_count,voluntary_wait_count,energy_stranded_count,low_active_wait_count,low_passive_wait_count,low_delayed_event_count,high_delayed_event_count,total_mcs_profit,avg_mcs_profit,total_mcs_cost,avg_mcs_cost,total_mcs_energy_consumed_kwh,avg_mcs_energy_consumed_kwh,total_mcs_charged_kwh,avg_mcs_charged_kwh,total_mcs_idle_time_min,avg_mcs_idle_time_min,broken_mcs_count,energy_stranded_mcs_count,avg_reward_system_success,avg_reward_system_failure,avg_reward_attributed_mcs_success,avg_reward_attributed_mcs_success_credit,avg_reward_controllable_failure,avg_reward_uncontrollable_failure,avg_reward_unattributed_iev_failure_count,avg_reward_unattributed_failure_team_penalty,avg_reward_unattributed_failure_team_penalty_weighted,avg_reward_fcs_success_kpi,avg_reward_attributed_mcs_success_weight,avg_reward_low_attributed_mcs_success_credit,avg_reward_controllable_failure_weight,avg_reward_profit_delta,avg_reward_normalized_profit,avg_reward_high_profit_event,avg_reward_low_profit_event,avg_reward_recharge_cost_delta,avg_reward_recharge_actual_cost_penalty,avg_reward_service,avg_reward_serve_attraction,avg_reward_serve_competition,avg_reward_serve_potential_improvement,avg_reward_recharge,avg_reward_movement,avg_reward_wait,avg_reward_wait_base,avg_reward_wait_opportunity,avg_reward_wait_streak,avg_reward_wait_forced_time,avg_reward_recharge_match_failure,avg_reward_broken,avg_reward_energy_stranded,avg_reward_energy_stranded_event,avg_reward_battery_potential,avg_reward_high_step,avg_reward_high_event,avg_reward_recharge_step,avg_reward_recharge_event,avg_reward_broken_event,avg_reward_high_total,avg_reward_high_attributed_success_weighted,avg_reward_high_current_option_total,avg_reward_low_total,avg_reward_low_step,avg_reward_low_event,avg_reward_low_step_weighted,avg_reward_low_event_weighted,avg_reward_resource_gap_improvement,avg_reward_low_spatial_opportunity_gain,avg_reward_low_candidate_priority_reward,avg_reward_low_attraction_metric,avg_reward_low_mcs_competition_metric,avg_reward_low_fcs_competition_metric,avg_reward_urgency_coverage,avg_reward_low_attraction_reward,avg_reward_low_immediate_iev_attraction,avg_reward_mcs_cluster_penalty,avg_reward_fcs_redundancy_penalty,avg_reward_high_serve_suitability,avg_reward_low_attributed_mcs_success,avg_reward_low_controllable_failure,avg_reward_low_active_wait_count,avg_reward_low_passive_wait_count,actor_loss,high_actor_loss,low_actor_loss,critic_loss,high_critic_loss,low_critic_loss,high_explained_variance,low_explained_variance,high_sample_count,low_sample_count,high_frozen,high_entropy,low_entropy,low_entropy_coef,low_normalized_entropy,low_top1_probability,low_top1_top2_probability_gap,low_sample_greedy_consistency,low_valid_action_count,low_advantage_mean,low_advantage_std,low_advantage_positive_fraction,low_approx_kl,low_clip_fraction,low_actor_grad_norm,update_index,episodes_in_update,update_sample_count,update_high_sample_count,update_low_sample_count,update_avg_reward,update_charge_success_rate,update_mcs_profit,checkpoint_selection_metric,checkpoint_selection_score,checkpoint_selection_profit,checkpoint_selection_window_size,checkpoint_selection_window_ready,best_charge_success_rate,best_mcs_profit_within_success_tolerance,is_best_checkpoint_update,training_device,peak_cuda_memory_mb
1,42,200,True,393,393,1003,586,417,209,208,0.41575274177467597,0.20837487537387836,0.2073778664007976,0.3310580204778157,2.2764505119453924,0.7175741908696731,15.171348643384288,27.782888519682576,0.5902814467055342,0.5024854341210359,0.012634220256536894,0.22222325718824978,0.18729667480615422,0.12713959841884087,0.5021768205198411,0.011897151317104138,0.2200282782112779,0.18453021229835984,0.12585501991682796,0.00030861360119471826,0.000737068939432756,0.0021949789769718786,0.002766462507794387,0.001284578502012912,11.442671984047857,11.442671984047857,8.800598205383848,0.5054835493519442,0.05245834723159262,0.13992903708703772,0.021062795281319095,-0.030540153113723607,-0.088252676157464,192,201,0.48854961832061067,0.5114503816793893,199,0.5063613231552163,0,201,1.0,-53.92748143270141,-4.520219769105313,-49.40726166359613,2.1087182551999906,0.08434873020799964,-15.920000000000012,-5.8559999999999635,-23.82623097937237,-3.8893794144317493,2,40.78156883409491,0.0,90,22,18,55,0,198,4.918575063613232,4.918575063613232,1.4137587238285145,1.1637361125111703,2.26107529054043,-7.64828144676752,36.83835101284539,0.8280768621065892,3.4248114030516,0.0005818680562555852,0.001130537645270215,0.0017124057015258,0.7849462365591398,0.73,219,133,86,60,0,131,36.721201303273304,36.721201303273304,44,87,85,46,26.199999999999964,29.376961042618646,55.57696104261868,0.2803145137654451,39,32,21,21,23.93688380047772,0.0,23.93688380047772,0.0,1.0,0,45,0,5.41183708371938,0,13,29,0.0,-26.92899427553743,85,0,208,209,0,209,208,37,0,3753.8838201542976,375.3883820154298,8266.587977016687,826.6587977016686,437.8746987336542,43.787469873365424,4728.743002309975,472.8743002309975,5015.0,501.5,0,0,0.027788480521309358,0.0,0.027788480521309358,0.027788480521309358,0.0,0.0,0.105,-0.0010499999999999995,-0.0008400000000000007,0.0,0.01836060065163665,0.019288480521309322,0.0,1.812688673964029,0.042141637748252296,0.010535409437063074,0.005270420153920942,0.29843949630726746,-0.0005968789926145352,0.056106742755201514,0.15963201905668367,-0.14122136021654394,0.0016610494524645842,0.0,-0.012578361009452806,-0.005147769651509677,-0.0031350000000000037,-0.001322769651509673,-0.000689999999999998,0.0,0.0,0.0,0.0,0.0,0.0,0.0,0.03667701096575783,0.0,0.0,0.0,0.029341608772606272,0.02223078441704741,0.007110824355558858,0.014595034783038939,-0.015296562893535039,0.02455890067523026,-0.0038241407233837598,0.0184191755064227,0.0016610494524645842,0.0016610494524645842,-4.068980279068183e-06,0.456131494031205,0.17007514802671586,0.15920037240097532,0.0,0.0,0.014414782151754284,0.0,0.0,0.0,0.019288480521309322,0.0,0.1045,0.104,-0.04160001193483671,-0.03460879572667182,-0.0069912162081648905,0.431683151225249,0.3716627523303032,0.06002039889494578,0.032903850078582764,-0.12134349346160889,3423,7470,0,0.6751672327518463,1.0835136739412943,0.01,0.7659631371498108,0.4437936544418335,0.24908290803432465,0.4449799060821533,3.552610158920288,0.15900181233882904,0.35681843757629395,0.8228915333747864,0.006664675655774772,0.09433774838844936,0.07436875189344089,1,8,10893,3423,7470,0.005033191103800629,0.7376267488766279,395.89011869594316,rolling40_success_then_profit,0.7376267488766279,395.89011869594316,8,False,-inf,-inf,False,cuda,105.8408203125
2,43,200,True,445,445,893,517,376,179,197,0.42105263157894735,0.20044792833146696,0.2206047032474804,0.3036750483558994,2.2572533849129592,0.7121451242288261,15.012249223498818,27.716559424102883,0.6061019965974844,0.5061120667010257,0.017140369379543476,0.1940195026449009,0.12078291775903717,0.1290386159196352,0.508437980795045,0.01813528048346536,0.19470799017546256,0.12236183179754988,0.13276834479700667,-0.002325914094019277,-0.000994911103921886,-0.0006884875305616656,-0.0015789140385127076,-0.0037297288773714687,10.559910414333707,10.559910414333707,7.940649496080627,0.5072788353863382,0.004141922743022381,0.09379713342784156,-0.019433057751860338,-0.06091536481642486,-0.02230363308260349,201,244,0.451685393258427,0.5483146067415731,242,0.5438202247191011,0,244,1.0,-63.885356183377105,-4.480061324983833,-59.40529485839325,1.0362989160001193,0.04145195664000478,-19.35999999999994,-6.779999999999945,-29.040000000000063,-4.266746815033257,2,52.99740031233884,0.0,107,20,11,55,1,241,4.332584269662921,4.332584269662921,1.5005599104143337,4.123137921773626,10.019782266280249,-6.917740906811682,49.892976062533634,0.8782317619658903,14.142920188053875,0.002061568960886813,0.005009891133140125,0.007071460094026937,0.740072202166065,0.6833333333333333,205,146,59,72,0,142,55.05428208646516,53.30843798802943,64,78,75,67,28.39999999999997,44.043425669172116,72.44342566917217,0.3877062118765152,50,42,22,22,29.293735901725963,0.0,29.293735901725963,0.0,1.0,0,59,0,6.003479321747766,0,19,40,0.0,-32.955452889441716,58,0,197,179,0,179,197,48,0,4026.1199295007073,402.6119929500707,8787.301971753363,878.7301971753362,420.0558983281504,42.00558983281504,5072.008061468168,507.20080614681683,4465.0,446.5,0,0,0.036221712834586105,0.0,0.036221712834586105,0.036221712834586105,0.0,0.0,0.11,-0.0010999999999999985,-0.0008800000000000007,0.0,0.027527141043232582,0.02782337519521178,0.0,1.8939930223586798,0.04426987008418857,0.011067467521047142,0.005438608846477312,0.3477669502698675,-0.0006955339005397351,0.060549207160171,0.13717084810563657,-0.10763645771826207,0.001215899137720244,0.0,-0.011394717524444459,-0.004334182502713561,-0.002685,-0.0010866825027135627,-0.0005624999999999997,0.0,0.0,0.0,0.0,0.0,0.0,0.0,0.0454936464550934,0.0,0.0,0.0,0.036394917164074725,0.028977370267668792,0.007417546896405972,0.021487617577860985,-0.013835481813623363,0.033261984041689084,-0.003458870453405841,0.02494648803126682,0.001215899137720244,0.001215899137720244,-6.972232309480511e-05,0.4506264473635594,0.1466945140789049,0.10865436701266167,0.0,0.0,0.0220300723528196,0.0,0.0,0.0,0.02782337519521178,0.0,0.0895,0.0985,-0.04160001193483671,-0.03460879572667182,-0.0069912162081648905,0.431683151225249,0.3716627523303032,0.06002039889494578,0.032903850078582764,-0.12134349346160889,3423,7470,0,0.6751672327518463,1.0835136739412943,0.01,0.7659631371498108,0.4437936544418335,0.24908290803432465,0.4449799060821533,3.552610158920288,0.15900181233882904,0.35681843757629395,0.8228915333747864,0.006664675655774772,0.09433774838844936,0.07436875189344089,1,8,10893,3423,7470,0.005033191103800629,0.7376267488766279,395.89011869594316,rolling40_success_then_profit,0.7376267488766279,395.89011869594316,8,False,-inf,-inf,False,cuda,105.8408203125
3,44,200,True,433,433,903,490,413,188,225,0.4573643410852713,0.2081949058693245,0.24916943521594684,0.3183673469387755,2.269387755102041,0.7049280964598363,15.42437231492023,27.67146408217294,0.6168725709161218,0.5129338399792204,0.01191902166726638,0.20439917894498427,0.15108240430471392,0.12483122438116341,0.5129928577919396,0.013464201937372588,0.21186537849241677,0.1581109943604857,0.1257119832332341,-5.90178127192198e-05,-0.0015451802701062084,-0.007466199547432495,-0.007028590055771777,-0.0008807588520706872,11.242524916943522,11.242524916943522,8.753045404208194,0.48283499446290146,0.11040802033931685,0.20547015073233768,0.04438955681747491,-0.050177877714921715,-0.15077879106342573,209,224,0.48267898383371827,0.5173210161662818,224,0.5173210161662818,0,224,1.0,-58.77402357513179,-3.3842588679492485,-55.38976470718254,0.7130466654141001,0.02852186661656401,-17.91999999999997,-6.539999999999955,-26.79443440015035,-4.163852173648775,0,51.96623194450281,0.0,111,14,16,61,0,221,4.46189376443418,4.46189376443418,1.5359911406423035,8.784036516485457,21.606036753031333,-6.164512175044917,49.70661802975477,0.889665518623868,30.39007326951679,0.0043920182582427286,0.010803018376515667,0.015195036634758395,0.7956989247311828,0.74,222,150,72,57,0,148,51.32223741328563,51.32223741328563,64,84,82,66,29.59999999999994,41.0577899306285,70.6577899306286,0.3467718744140921,31,20,26,26,20.498728090380936,1.0,19.498728090380936,0.0,1.0,1,34,0,4.465520625772488,0,6,24,-1.2000000000000002,-21.93606910167855,70,0,225,188,0,188,225,27,0,4100.034433901965,410.0034433901965,8934.488089520068,893.4488089520067,418.6502855386869,41.86502855386869,5168.582436011466,516.8582436011466,4515.0,451.5,0,0,0.03532889496531432,0.0,0.03532889496531432,0.03532889496531432,0.0,0.0,0.13,-0.0012999999999999943,-0.0010400000000000008,0.0,0.02566111870664281,0.02712889496531425,0.0,1.9835750238478613,0.04598759206788175,0.011496898016970437,0.006008850387855586,0.26100271251196133,-0.0005220054250239224,0.06336379764804616,0.13289962357834348,-0.11392956862511032,0.002329725012630639,0.0,-0.010991547622505758,-0.004589509517844031,-0.0028200000000000013,-0.0011495095178440324,-0.0006199999999999992,0.0,0.0,0.0,0.0,0.0,0.0,0.0,0.04500378755726069,0.0,0.0,0.0,0.03600303004580858,0.028263115972251333,0.007739914073557243,0.021771052927354914,-0.012329024350089835,0.03313774535316986,-0.0030822560875224587,0.024853309014877385,0.002329725012630639,0.002329725012630639,-8.756366241723292e-05,0.45493069139747183,0.16182409585391114,0.1241926841204478,0.0,0.0,0.022313466489437318,0.0,0.0,0.0,0.02712889496531425,0.0,0.094,0.1125,-0.04160001193483671,-0.03460879572667182,-0.0069912162081648905,0.431683151225249,0.3716627523303032,0.06002039889494578,0.032903850078582764,-0.12134349346160889,3423,7470,0,0.6751672327518463,1.0835136739412943,0.01,0.7659631371498108,0.4437936544418335,0.24908290803432465,0.4449799060821533,3.552610158920288,0.15900181233882904,0.35681843757629395,0.8228915333747864,0.006664675655774772,0.09433774838844936,0.07436875189344089,1,8,10893,3423,7470,0.005033191103800629,0.7376267488766279,395.89011869594316,rolling40_success_then_profit,0.7376267488766279,395.89011869594316,8,False,-inf,-inf,False,cuda,105.8408203125
4,45,200,True,422,422,887,543,344,171,173,0.3878241262683202,0.1927846674182638,0.19503945885005636,0.3278084714548803,2.3333333333333335,0.7328783282752853,14.553049921769903,27.964894685846225,0.5993452919272982,0.5179269953491938,0.013859512274107222,0.23823424432131687,0.14887656327285573,0.13290017791792175,0.5153981386297974,0.01214281817414484,0.23856509440367557,0.14860058607748824,0.1315588230373506,0.0025288567193963996,0.0017166940999623816,-0.00033085008235869684,0.0002759771953674828,0.0013413548805711606,11.765501691093574,11.765501691093574,8.88500563697858,0.5975197294250282,-0.007556886010638819,0.20375055460502592,0.09902035961333465,-0.1612236936165739,-0.05284851618493613,199,223,0.471563981042654,0.5284360189573459,221,0.523696682464455,0,223,1.0,-59.02541760431224,-3.9561875675618663,-55.06923003675041,1.5065432215124903,0.060261728860499617,-17.679999999999975,-6.299999999999958,-26.520000000000042,-4.629491765610869,2,44.73908343304177,0.0,107,19,15,50,0,221,4.575829383886256,4.575829383886256,1.5558060879368658,1.6424564555739751,12.319760161707508,-6.549316778499329,40.464276823386015,0.8606931256104471,13.962216617281484,0.0008212282277869875,0.006159880080853754,0.006981108308640742,0.8090277777777778,0.7766666666666666,233,149,84,55,0,146,39.40481786412776,39.40481786412776,48,98,94,52,29.199999999999964,31.52385429130221,60.72385429130228,0.26989601276799835,32,27,23,23,19.19573322949259,0.0,19.19573322949259,0.0,1.0,0,36,0,5.615405155377277,0,10,22,0.0,-21.59519988317916,84,0,173,171,0,171,173,27,0,4178.5842348045535,417.8584234804554,9128.977606226545,912.8977606226545,438.31250144213834,43.83125014421383,5267.298532548938,526.7298532548938,4435.0,443.5,0,0,0.030361927145651176,0.0,0.030361927145651176,0.030361927145651176,0.0,0.0,0.115,-0.0011499999999999974,-0.0009200000000000007,0.0,0.019702408932063882,0.020961927145651097,0.0,2.013112149392567,0.04611425092084802,0.011528562730212005,0.0060142574032729015,0.2515342942171187,-0.0005030685884342375,0.06247658941684914,0.1469049837601894,-0.1333910575272267,0.0020616009153057195,0.0,-0.011834345224122295,-0.004290615958628331,-0.002564999999999999,-0.0011781159586283306,-0.0005474999999999997,0.0,0.0,0.0,0.0,0.0,0.0,0.0,0.04023742128742884,0.0,0.0,0.0,0.032189937029942974,0.024289541716520792,0.007900395313422256,0.01695748002244334,-0.013098633556998657,0.026976184548924004,-0.0032746583892496644,0.020232138411693006,0.0020616009153057195,0.0020616009153057195,0.00011791417752703041,0.4695548050640434,0.16511760469009282,0.13284674176450254,0.0,0.0,0.01780049696060183,0.0,0.0,0.0,0.020961927145651097,0.0,0.0855,0.0865,-0.04160001193483671,-0.03460879572667182,-0.0069912162081648905,0.431683151225249,0.3716627523303032,0.06002039889494578,0.032903850078582764,-0.12134349346160889,3423,7470,0,0.6751672327518463,1.0835136739412943,0.01,0.7659631371498108,0.4437936544418335,0.24908290803432465,0.4449799060821533,3.552610158920288,0.15900181233882904,0.35681843757629395,0.8228915333747864,0.006664675655774772,0.09433774838844936,0.07436875189344089,1,8,10893,3423,7470,0.005033191103800629,0.7376267488766279,395.89011869594316,rolling40_success_then_profit,0.7376267488766279,395.89011869594316,8,False,-inf,-inf,False,cuda,105.8408203125
5,46,200,True,421,421,969,515,454,216,238,0.46852425180598556,0.22291021671826625,0.24561403508771928,0.39611650485436894,2.1106796116504856,0.7306017303061717,14.739728653546676,28.111199405586834,0.6136355939681768,0.5141786092982709,0.014979364976142216,0.24082943894764752,0.21527078815925757,0.1210616600654513,0.5088714795494542,0.01526395359519616,0.241150729260543,0.21526704255527662,0.1228129387552877,0.005307129748816641,-0.00028458861905394407,-0.00032129031289548915,3.7456039809480313e-06,-0.0017512786898364052,10.311661506707946,10.311661506707946,7.854489164086687,0.46233230134158926,0.009347090902987855,0.05379704338597875,0.008135366640135458,-0.10854172851683554,-0.1238175236549185,208,213,0.49406175771971494,0.505938242280285,213,0.505938242280285,0,213,1.0,-57.65969626260214,-5.327316799163811,-52.332379463438365,0.8977518778968534,0.03591007511587414,-17.03999999999999,-6.10799999999996,-25.45226977465241,-3.768019763901831,0,46.36265640263054,0.0,101,26,11,64,0,209,4.577197149643705,4.577197149643705,1.4633642930856554,1.8616592944207206,6.2122243202431084,-6.213536925849329,42.81775016346879,0.8732740400118316,8.07388361466383,0.0009308296472103603,0.0031061121601215543,0.0040369418073319145,0.708029197080292,0.6466666666666666,194,134,60,80,0,128,44.441650629110214,44.441650629110214,51,77,75,53,25.59999999999998,35.55332050328816,61.15332050328819,0.34720039553992355,42,35,38,38,27.01510125989007,0.0,27.01510125989007,0.0,1.0,0,53,0,4.909202682477776,0,14,36,0.0,-30.39198891737634,60,0,238,216,0,216,238,41,0,3891.496781252492,389.1496781252492,8507.527682675067,850.7527682675067,417.23617789728365,41.723617789728365,4900.744892016776,490.07448920167764,4845.0,484.5,0,0,0.030576660251644114,0.0,0.030576660251644114,0.030576660251644114,0.0,0.0,0.19,-0.001899999999999988,-0.0015200000000000012,0.0,0.022220825314555107,0.023076660251644086,0.0,1.7862143889189284,0.041879774011096875,0.010469943502774219,0.005468506524001765,0.23037826563951136,-0.00046075653127902267,0.05495621694440577,0.14304970723316493,-0.12623305336825144,0.002160596555175212,0.0,-0.011491721118566594,-0.005207535505314333,-0.0032400000000000046,-0.0012400355053143297,-0.0007274999999999977,0.0,0.0,0.0,0.0,0.0,0.0,0.0,0.03868584722313916,0.0,0.0,0.0,0.030948677778511405,0.024461328201315233,0.006487349577196213,0.018302106618809735,-0.012427073851698658,0.02854516677564585,-0.0031067684629246645,0.021408875081734394,0.002160596555175212,0.002160596555175212,0.00019597588796168563,0.4422703843504964,0.18113226551868233,0.16423826525001192,0.0,0.0,0.017952822570005956,0.0,0.0,0.0,0.023076660251644086,0.0,0.108,0.119,-0.04160001193483671,-0.03460879572667182,-0.0069912162081648905,0.431683151225249,0.3716627523303032,0.06002039889494578,0.032903850078582764,-0.12134349346160889,3423,7470,0,0.6751672327518463,1.0835136739412943,0.01,0.7659631371498108,0.4437936544418335,0.24908290803432465,0.4449799060821533,3.552610158920288,0.15900181233882904,0.35681843757629395,0.8228915333747864,0.006664675655774772,0.09433774838844936,0.07436875189344089,1,8,10893,3423,7470,0.005033191103800629,0.7376267488766279,395.89011869594316,rolling40_success_then_profit,0.7376267488766279,395.89011869594316,8,False,-inf,-inf,False,cuda,105.8408203125
6,47,200,True,432,432,916,452,464,186,278,0.5065502183406113,0.20305676855895197,0.3034934497816594,0.34513274336283184,2.2168141592920354,0.664197634773708,16.737333979226847,27.6358673140011,0.5943852276540005,0.44379214771026004,0.01925014533036578,0.1613804831672295,0.13006904474212336,0.1251086217301807,0.44985126034744016,0.02530447080055565,0.16303665780223311,0.1312245622182479,0.12451938744139883,-0.00605911263718012,-0.006054325470189869,-0.0016561746350036155,-0.0011555174761245512,0.0005892342887818675,6.067685589519651,6.067685589519651,3.7991266375545854,0.40611353711790393,0.021811372137160404,0.10823803730950775,-0.006019501136639132,-0.013946064440258792,-0.09615475451748451,209,223,0.4837962962962963,0.5162037037037037,223,0.5162037037037037,0,223,1.0,-58.49315215048485,-3.2231921999901547,-55.269959950494695,0.22573308672828593,0.009029323469131439,-17.83999999999997,-6.623999999999954,-26.732912029592647,-4.082077244371176,0,58.461251394417964,0.0,99,11,18,75,0,219,4.449074074074074,4.449074074074074,1.4956331877729259,13.075367615019797,16.24029273095668,-6.14470354523022,57.85358313006387,0.9039864367556214,29.315660345976475,0.006537683807509898,0.008120146365478339,0.014657830172988238,0.6418439716312057,0.6033333333333334,181,137,44,101,0,133,63.97070530377808,63.97070530377808,73,60,59,74,26.59999999999996,51.17656424302242,77.77656424302249,0.480982746644948,56,45,45,45,32.52763275900173,1.0,31.527632759001733,0.0,1.0,1,58,0,6.047957792988286,0,17,39,-1.2000000000000002,-35.46858685387696,42,0,278,186,0,186,278,43,0,4015.329006191831,401.5329006191831,8719.849384350828,871.9849384350828,391.9314992812045,39.19314992812045,5057.974736448473,505.7974736448473,4580.0,458.0,0,0,0.03888828212151127,0.0,0.03888828212151127,0.03888828212151127,0.0,0.0,0.225,-0.0022499999999999773,-0.0018000000000000015,0.0,0.03198535265188904,0.03298828212151123,0.0,1.9033073730705983,0.043441668605355706,0.010860417151338926,0.005580773298531347,0.2791872097049062,-0.0005583744194098123,0.05714051165735394,0.1097341995863019,-0.07306518288949344,0.002258807490969551,0.0,-0.009769531733613751,-0.004451107369604745,-0.002790000000000001,-0.0010236073696047445,-0.000637499999999999,0.0,0.0,0.0,0.0,0.0,0.0,0.0,0.04694032485344024,0.0,0.0,0.0,0.037552259882752195,0.031110625697208922,0.006441634185543347,0.025854439792416816,-0.01228940709046044,0.038569055420042575,-0.00307235177261511,0.028926791565031935,0.002258807490969551,0.002258807490969551,-0.00018461564230422156,0.38234178119424506,0.10998776051505986,0.10958041674431696,0.0,0.0,0.03364589573153452,0.0,0.0,0.0,0.03298828212151123,0.0,0.093,0.139,-0.04160001193483671,-0.03460879572667182,-0.0069912162081648905,0.431683151225249,0.3716627523303032,0.06002039889494578,0.032903850078582764,-0.12134349346160889,3423,7470,0,0.6751672327518463,1.0835136739412943,0.01,0.7659631371498108,0.4437936544418335,0.24908290803432465,0.4449799060821533,3.552610158920288,0.15900181233882904,0.35681843757629395,0.8228915333747864,0.006664675655774772,0.09433774838844936,0.07436875189344089,1,8,10893,3423,7470,0.005033191103800629,0.7376267488766279,395.89011869594316,rolling40_success_then_profit,0.7376267488766279,395.89011869594316,8,False,-inf,-inf,False,cuda,105.8408203125
7,48,200,True,451,451,900,465,435,208,227,0.48333333333333334,0.2311111111111111,0.25222222222222224,0.4,2.152688172043011,0.7277870330118363,14.9878478142523,29.60521330628344,0.6032392623042563,0.5089363722711481,0.008324392668662533,0.2501011487376946,0.17119668735371482,0.12146915818654722,0.511837328730091,0.010084338482188922,0.25163058532021376,0.17552020190664197,0.12311849965042965,-0.0029009564589429493,-0.0017599458135263892,-0.0015294365825191392,-0.004323514552927149,-0.001649341463882431,10.013333333333334,10.013333333333334,7.6322222222222225,0.4533333333333333,0.02593298821292886,0.2185487856919827,0.034373155714114034,-0.044756894084635866,-0.040312384805515473,198,253,0.43902439024390244,0.5609756097560976,250,0.5543237250554324,0,253,1.0,-65.32149796178588,-4.516829238310456,-60.80466872347545,2.3812148454537985,0.09524859381815196,-19.999999999999925,-6.479999999999947,-30.00000000000007,-4.419917317293585,3,40.907830123146795,0.0,93,21,13,65,0,249,4.274944567627495,4.274944567627495,1.488888888888889,-10.718403629387481,0.33757901854098393,-6.3766511785163145,37.463339266731055,0.8545471585702046,-10.380824610846497,-0.0053592018146937405,0.00016878950927049196,-0.0051904123054232485,0.7060931899641577,0.6566666666666666,197,133,64,82,0,128,39.20983612984913,37.418484567416854,47,81,80,48,25.599999999999973,31.367868903879316,56.967868903879335,0.3063268447644463,45,34,37,37,27.332541395265554,0.0,27.332541395265554,0.0,1.0,0,50,0,5.493873112495399,0,12,33,0.0,-30.749109069673757,63,0,227,208,0,208,227,39,0,4019.485860243883,401.9485860243883,8720.889529084105,872.0889529084104,389.6923032668642,38.96923032668642,5060.863787129711,506.08637871297117,4500.0,450.0,0,0,0.02848393445193972,0.0,0.02848393445193972,0.02848393445193972,0.0,0.0,0.185,-0.001849999999999987,-0.001480000000000001,0.0,0.019604918064924568,0.01956739382696675,0.0,1.870222300794298,0.043650712640708106,0.010912678160177026,0.0054081656841872905,0.32406901469738325,-0.0006481380293947665,0.055342146773827525,0.13156831451432852,-0.12832881455185302,0.0014728282299950144,0.0,-0.010200227516764694,-0.005070821948867328,-0.003120000000000004,-0.0011758219488673298,-0.000774999999999998,0.0,0.0,0.0,0.0,0.0,0.0,0.0,0.03689847458272185,0.0,0.0,0.0,0.029518779666177435,0.02278714756155167,0.006731632104625867,0.015543344044107362,-0.012753302357032629,0.024975559511154027,-0.003188325589258157,0.018731669633365526,0.0014728282299950144,0.0014728282299950144,-1.6534200012683924e-05,0.45198123507248206,0.18437533877115395,0.14125916706903913,0.0,0.0,0.021797598304978148,0.0,0.0,0.0,0.01956739382696675,0.0,0.104,0.1135,-0.04160001193483671,-0.03460879572667182,-0.0069912162081648905,0.431683151225249,0.3716627523303032,0.06002039889494578,0.032903850078582764,-0.12134349346160889,3423,7470,0,0.6751672327518463,1.0835136739412943,0.01,0.7659631371498108,0.4437936544418335,0.24908290803432465,0.4449799060821533,3.552610158920288,0.15900181233882904,0.35681843757629395,0.8228915333747864,0.006664675655774772,0.09433774838844936,0.07436875189344089,1,8,10893,3423,7470,0.005033191103800629,0.7376267488766279,395.89011869594316,rolling40_success_then_profit,0.7376267488766279,395.89011869594316,8,False,-inf,-inf,False,cuda,105.8408203125
8,49,200,True,426,426,999,576,423,225,198,0.42342342342342343,0.22522522522522523,0.1981981981981982,0.3263888888888889,2.282986111111111,0.7315281363876743,14.949415248301294,27.55454902703544,0.5666281346769766,0.5207739918647954,0.008216756512410939,0.3089485825362822,0.24774344981415197,0.12459723836703536,0.5210588102798082,0.010045884523100944,0.3085575625785471,0.24059341235058834,0.11884054298247469,-0.0002848184150127109,-0.0018291280106900055,0.0003910199577351059,0.00715003746356363,0.005756695384560667,12.05005005005005,12.05005005005005,9.373373373373374,0.5405405405405406,0.05077720485914149,-0.10070373959931721,0.005703477268230724,-0.056290694079421895,-0.07851325778166364,202,224,0.47417840375586856,0.5258215962441315,224,0.5258215962441315,0,224,1.0,-60.69426677349277,-5.422292187660927,-55.27197458583187,0.39787560351704193,0.01591502414068168,-17.91999999999997,-5.927999999999962,-26.832254927578,-4.607634682394564,0,42.045858148021544,0.0,104,28,11,54,0,219,4.514084507042254,4.514084507042254,1.4304304304304305,-6.172307685567651,-2.225375481319855,-7.410995958931502,37.328138219695305,0.8343509302316371,-8.397683166887505,-0.0030861538427838253,-0.0011126877406599275,-0.0041988415834437525,0.7153024911032029,0.67,201,135,66,80,0,130,37.27489950634143,37.27489950634143,45,85,83,47,25.999999999999968,29.819919605073146,55.819919605073196,0.28672999620262635,42,26,38,38,28.74619149521627,0.17506461336414195,28.571126881852127,0.0,1.0,1,52,0,3.910174419741239,0,15,26,-0.21007753603697038,-32.14251774208365,63,0,198,225,0,225,198,33,0,3686.275429625723,368.6275429625723,8102.997272758556,810.2997272758556,419.18075801332185,41.918075801332186,4645.192421101407,464.5192421101407,4995.0,499.5,0,0,0.027909959802536615,0.0,0.027909959802536615,0.027909959802536615,0.0,0.0,0.19,-0.001899999999999988,-0.0015200000000000012,0.0,0.018637449753170714,0.019609959802536565,0.0,1.6887337479122977,0.04010020222693667,0.010025050556734168,0.0052754656772602965,0.20874373464721907,-0.00041748746929443813,0.05560069993809627,0.16456399111485265,-0.17791550462664923,0.001156916507984954,0.0,-0.01186828381291482,-0.005346016282267363,-0.0033750000000000056,-0.001218516282267363,-0.0007524999999999979,0.0,0.0,0.0,0.0,0.0,0.0,0.0,0.035617522889976154,0.0,0.0,0.0,0.028494018311981045,0.022327967842029207,0.006166050469951823,0.014958571130381907,-0.014821991917863004,0.02488542547979686,-0.003705497979465751,0.018664069109847654,0.001156916507984954,0.001156916507984954,-0.00010000004640469948,0.4669707307233228,0.23904781569415567,0.2028685251398182,0.0,0.0,0.016474164100456372,0.0,0.0,0.0,0.019609959802536565,0.0,0.1125,0.099,-0.04160001193483671,-0.03460879572667182,-0.0069912162081648905,0.431683151225249,0.3716627523303032,0.06002039889494578,0.032903850078582764,-0.12134349346160889,3423,7470,0,0.6751672327518463,1.0835136739412943,0.01,0.7659631371498108,0.4437936544418335,0.24908290803432465,0.4449799060821533,3.552610158920288,0.15900181233882904,0.35681843757629395,0.8228915333747864,0.006664675655774772,0.09433774838844936,0.07436875189344089,1,8,10893,3423,7470,0.005033191103800629,0.7376267488766279,395.89011869594316,rolling40_success_then_profit,0.7376267488766279,395.89011869594316,8,False,-inf,-inf,False,cuda,105.8408203125
9,50,200,True,367,367,999,630,369,153,216,0.36936936936936937,0.15315315315315314,0.21621621621621623,0.33174603174603173,2.2746031746031745,0.7364318339834137,14.55132020920042,27.04055647585127,0.5829415042708177,0.5010570333590583,0.01184277804124923,0.23249837540917925,0.15958974979714388,0.1332706748936621,0.5023250021631755,0.012871464838584264,0.23666784874651403,0.15994664756433358,0.12965616921761206,-0.001267968804117281,-0.001028686797335034,-0.004169473337334778,-0.00035689776718969557,0.0036145056760500394,10.216216216216216,10.216216216216216,7.42942942942943,0.5485485485485485,0.0050264459204361405,0.03201785887560619,0.010896325767178618,-0.10548202211748645,-0.07904351089678989,216,151,0.5885558583106267,0.4114441416893733,150,0.4087193460490463,0,151,1.0,-43.564166590377695,-4.659258078336715,-38.904908512041004,0.9290283641475533,0.03716113456590214,-12.000000000000009,-5.615999999999974,-17.951060149910568,-3.375009496696293,1,52.67256241579081,0.0,105,22,19,63,0,148,5.2806539509536785,5.2806539509536785,1.4594594594594594,24.210006835853697,12.255594490729427,-7.153146920155934,49.69962298441755,0.8741812064361616,36.465601326583126,0.012105003417926849,0.006127797245364714,0.018232800663291564,0.7526501766784452,0.71,213,146,67,70,0,144,52.925878774673144,52.925878774673144,62,82,81,63,28.79999999999996,42.3407030197385,71.14070301973852,0.36754082482411904,44,37,26,26,27.925228065361935,1.0,26.925228065361935,0.0,1.0,3,46,0,4.8752383884950925,0,8,35,-1.2000000000000002,-30.290881573532182,65,0,216,153,0,153,216,34,0,4005.631590808759,400.5631590808759,8808.348663775078,880.8348663775078,463.8369789877266,46.38369789877266,5047.481034717037,504.7481034717037,4995.0,499.5,0,0,0.035570351509869313,0.0,0.035570351509869313,0.035570351509869313,0.0,0.0,0.13,-0.0012999999999999943,-0.0010400000000000008,0.0,0.026462939387336577,0.027470351509869248,0.0,1.9578393731666761,0.0452133996090374,0.01130334990225935,0.005662730479742446,0.3249215103670059,-0.0006498430207340119,0.061390595975652155,0.158666970057654,-0.13868092431123397,0.0021443872427505317,0.0,-0.01335465992159736,-0.003832074764781519,-0.0022949999999999967,-0.0010770747647815201,-0.00046000000000000034,0.0,0.0,0.0,0.0,0.0,0.0,0.0,0.04492385839139448,0.0,0.0,0.0,0.035939086713115645,0.02845628120789533,0.00748280550522033,0.02127323803213083,-0.014306293840311868,0.033133081989611686,-0.003576573460077967,0.024849811492208777,0.0021443872427505317,0.0021443872427505317,3.495357447614283e-05,0.4627236625755684,0.16543339176507924,0.1377297924030389,0.0,0.0,0.023451496158143008,0.0,0.0,0.0,0.027470351509869248,0.0,0.0765,0.108,-0.03073960168840131,-0.026646845077630134,-0.004092756610771175,0.4606564556714148,0.40858988240361216,0.0520665732678026,0.5031241178512573,0.011958539485931396,3098,7877,0,0.64033083319664,1.0658001489937305,0.01,0.7630822658538818,0.4552699327468872,0.2541433274745941,0.4584232568740845,3.5166940689086914,0.06531241536140442,0.32330700755119324,0.7232449054718018,0.003637550761050079,0.04004786154255271,0.07460028349887579,2,8,10975,3098,7877,0.012787303249171567,0.725291331756887,402.88525987270987,rolling40_success_then_profit,0.7314590403167575,399.3876892843265,16,False,-inf,-inf,False,cuda,122.1826171875
10,51,200,True,383,383,1015,593,422,172,250,0.41576354679802957,0.16945812807881774,0.24630541871921183,0.3794266441821248,2.2006745362563236,0.7746238647182715,13.609528675047182,27.56481240310315,0.5510552769099017,0.5126754028147831,0.009005301869136688,0.3317059123068797,0.1987346547300822,0.12800049282371695,0.5128197829799749,0.008240584061052304,0.33117464103407745,0.20448369809000755,0.12290215232797456,-0.0001443801651918042,0.000764717808084384,0.0005312712728022251,-0.005749043359925349,0.0050983404957423845,11.27192118226601,11.27192118226601,8.867980295566502,0.4876847290640394,0.007901812204295752,-0.12279768372798734,0.026435432855056243,-0.02446441803355867,-0.011170464022055356,221,162,0.577023498694517,0.42297650130548303,157,0.40992167101827676,0,162,1.0,-43.906698160335324,-5.0923547450453,-38.814343415290026,3.3943683825901703,0.13577473530360684,-12.56000000000001,-4.8839999999999755,-18.820709043422596,-2.6854091071709996,5,44.3432845442323,0.0,101,24,14,73,0,161,5.033942558746737,5.033942558746737,1.4423645320197045,14.456030666457215,-1.7505092858109532,-6.73395122013489,40.228019460183674,0.8566084190551858,12.705521380646262,0.007228015333228608,-0.0008752546429054766,0.006352760690323131,0.6942446043165468,0.6433333333333333,193,138,55,85,0,134,41.4241323943877,40.53638210036296,48,86,82,52,26.799999999999955,33.139305915510164,59.93930591551025,0.3091353163760276,50,42,35,35,31.328513356319764,0.0,31.328513356319764,0.0,1.0,0,62,0,4.972443793426556,0,12,46,0.0,-35.24457752585975,54,0,250,172,0,172,250,46,0,3989.3113055633116,398.93113055633114,8688.199103934196,868.8199103934196,406.4222064117946,40.64222064117946,5023.702232518182,502.37022325181823,5075.0,507.5,0,0,0.029969652957755142,0.0,0.029969652957755142,0.029969652957755142,0.0,0.0,0.175,-0.0017499999999999844,-0.001400000000000001,0.0,0.02071206619719385,0.021314552840145187,0.0,1.891967811953721,0.043785429780948716,0.010946357445237179,0.005504126799977266,0.29460238431851565,-0.0005892047686370313,0.05746485723523986,0.15395147257027902,-0.17040403156820516,0.001767175981630182,0.0,-0.011882755598491815,-0.004065573065534444,-0.0025799999999999994,-0.0009630730655344458,-0.0005225000000000002,0.0,0.0,0.0,0.0,0.0,0.0,0.0,0.0385768056343552,0.0,0.0,0.0,0.030861444507484046,0.023975722366204006,0.006885722141280184,0.016747034120024377,-0.013467902440269781,0.026818679640122463,-0.0033669756100674453,0.020114009730091836,0.001767175981630182,0.001767175981630182,4.0209289193153386e-05,0.4626556441935439,0.22836318101412828,0.150308459926159,0.0,0.0,0.01708345201197283,0.0,0.0,0.0,0.021314552840145187,0.0,0.086,0.125,-0.03073960168840131,-0.026646845077630134,-0.004092756610771175,0.4606564556714148,0.40858988240361216,0.0520665732678026,0.5031241178512573,0.011958539485931396,3098,7877,0,0.64033083319664,1.0658001489937305,0.01,0.7630822658538818,0.4552699327468872,0.2541433274745941,0.4584232568740845,3.5166940689086914,0.06531241536140442,0.32330700755119324,0.7232449054718018,0.003637550761050079,0.04004786154255271,0.07460028349887579,2,8,10975,3098,7877,0.012787303249171567,0.725291331756887,402.88525987270987,rolling40_success_then_profit,0.7314590403167575,399.3876892843265,16,False,-inf,-inf,False,cuda,122.1826171875
11,52,200,True,394,394,957,574,383,170,213,0.400208986415883,0.17763845350052246,0.2225705329153605,0.3588850174216028,2.226480836236934,0.71702220747799,15.31851836945537,30.251431954654667,0.593528665118901,0.5001811984575999,0.012404369378546805,0.22913484015089916,0.1596848183905362,0.12708415248097027,0.5004233598761026,0.011190243058867155,0.237254521859005,0.16488173254076002,0.12690959213048428,-0.00024216141850275097,0.0012141263196796502,-0.008119681708105841,-0.00519691415022383,0.0001745603504859916,10.95924764890282,10.95924764890282,8.383490073145246,0.5005224660397074,0.05969057660295201,0.11188179404711664,-0.04847524851859196,-0.023218193154323514,-0.03643262610829329,213,181,0.5406091370558376,0.4593908629441624,178,0.4517766497461929,0,181,1.0,-49.033203430968285,-4.837568196132778,-44.19563523483553,2.7424999192633925,0.10969999677053573,-14.24000000000001,-5.55599999999997,-21.304975297127047,-3.204359934479,3,46.871328110180194,0.0,113,23,12,59,0,177,4.972081218274112,4.972081218274112,1.5266457680250785,14.600937014129794,7.783591277776124,-7.287067086147495,42.84701876843257,0.8546484500129411,22.38452829190592,0.007300468507064897,0.0038917956388880622,0.01119226414595296,0.7714285714285715,0.72,216,144,72,64,0,144,41.98645017215655,41.98645017215655,51,93,89,55,28.799999999999958,33.58916013772522,62.38916013772528,0.29157257063997605,41,35,23,23,24.690098137341277,0.0,24.690098137341277,0.0,1.0,0,47,0,5.615168771462575,0,12,33,0.0,-27.776360404508942,72,0,213,170,0,170,213,35,0,4160.26098992521,416.02609899252104,9068.712757967121,906.8712757967121,425.8735855221948,42.58735855221948,5242.071987327522,524.2071987327522,4785.0,478.5,0,0,0.03119458006886268,0.0,0.03119458006886268,0.03119458006886268,0.0,0.0,0.115,-0.0011499999999999974,-0.0009200000000000007,0.0,0.020993225086078277,0.022294580068862622,0.0,2.080130494962605,0.048917391821545024,0.012229347955386256,0.006270099110092417,0.31629512303129137,-0.0006325902460625829,0.062054609863078335,0.14438912414698285,-0.13198404675361836,0.001274368041321752,0.0,-0.012388561970790257,-0.004164998270072787,-0.002549999999999999,-0.001052498270072786,-0.0005624999999999994,0.0,0.0,0.0,0.0,0.0,0.0,0.0,0.041641337778186245,0.0,0.0,0.0,0.03331307022254903,0.024955664055090043,0.00835740616745896,0.017779975841142548,-0.01457413417229499,0.028564679178955034,-0.0036435335430737474,0.021423509384216284,0.001274368041321752,0.001274368041321752,1.5454638885954945e-05,0.45463650573157166,0.16948826620000046,0.14521935098743746,0.0,0.0,0.018822684595371595,0.0,0.0,0.0,0.022294580068862622,0.0,0.085,0.1065,-0.03073960168840131,-0.026646845077630134,-0.004092756610771175,0.4606564556714148,0.40858988240361216,0.0520665732678026,0.5031241178512573,0.011958539485931396,3098,7877,0,0.64033083319664,1.0658001489937305,0.01,0.7630822658538818,0.4552699327468872,0.2541433274745941,0.4584232568740845,3.5166940689086914,0.06531241536140442,0.32330700755119324,0.7232449054718018,0.003637550761050079,0.04004786154255271,0.07460028349887579,2,8,10975,3098,7877,0.012787303249171567,0.725291331756887,402.88525987270987,rolling40_success_then_profit,0.7314590403167575,399.3876892843265,16,False,-inf,-inf,False,cuda,122.1826171875
12,53,200,True,379,379,969,559,410,176,234,0.4231166150670795,0.18163054695562436,0.24148606811145512,0.3559928443649374,2.2397137745974955,0.7308346519849808,14.460360231894287,29.865015189261683,0.5783126093436015,0.5091373803683812,0.011651414651457014,0.23654364711856588,0.16897891021928416,0.13437055937999157,0.5118095500258085,0.010636073285597169,0.24194815356704225,0.17425834697280546,0.12822073465796296,-0.002672169657427337,0.0010153413658598454,-0.0054045064484763705,-0.005279436753521299,0.006149824722028602,10.712074303405572,10.712074303405572,8.308565531475749,0.45923632610939114,0.03183164515458799,0.18012353057529762,-0.01456935821682293,-0.09414812303748277,-0.10912141564170698,212,167,0.5593667546174143,0.44063324538258575,164,0.43271767810026385,0,167,1.0,-46.17663274639193,-5.016064745485779,-41.16056800090616,2.7490357650578066,0.10996143060231225,-13.12000000000001,-5.47199999999997,-19.605735147991737,-3.072794283516707,3,41.87109296974423,0.0,102,24,14,66,0,163,5.044854881266491,5.044854881266491,1.4674922600619196,10.738483013921464,12.36223750521595,-6.65035355344685,37.56464478633554,0.8495905506466298,23.10072051913741,0.0053692415069607315,0.006181118752607974,0.011550360259568706,0.8321167883211679,0.76,228,141,87,46,0,135,39.12250525850247,36.42358276522536,45,90,81,54,26.99999999999997,31.29800420680198,58.29800420680205,0.28979633524816645,28,18,18,18,16.49071442459799,0.0,16.49071442459799,0.0,1.0,0,29,0,5.820418420530653,0,3,25,0.0,-18.552053727672742,85,0,234,176,0,176,234,25,0,4127.289224203421,412.72892242034214,8978.118223216245,897.8118223216245,412.1157060401354,41.211570604013545,5199.208187401865,519.9208187401865,4845.0,484.5,0,0,0.029149002103401055,0.0,0.029149002103401055,0.029149002103401055,0.0,0.0,0.09,-0.0009000000000000006,-0.0007200000000000005,0.0,0.019561252629251236,0.019569433106090148,0.0,1.895307365813958,0.04307747536109013,0.010769368840272532,0.005473663418133553,0.3059272980834021,-0.000611854596166804,0.05789016319548941,0.14482919262042157,-0.12548046081622055,0.0015914775832847044,0.0,-0.011755518114167208,-0.0042375782077941765,-0.0026399999999999996,-0.0009450782077941776,-0.000652499999999999,0.0,0.0,0.0,0.0,0.0,0.0,0.0,0.038406516347506685,0.0,0.0,0.0,0.030725213078005374,0.023319201682720746,0.007406011395284595,0.015457145616444349,-0.0133007071068937,0.025043096524223697,-0.003325176776723425,0.01878232239316777,0.0015914775832847044,0.0015914775832847044,-2.0072193530698652e-05,0.44947296525698904,0.16834728059194043,0.12915784796946467,0.0,0.0,0.016559250060427792,0.0,0.0,0.0,0.019569433106090148,0.0,0.088,0.117,-0.03073960168840131,-0.026646845077630134,-0.004092756610771175,0.4606564556714148,0.40858988240361216,0.0520665732678026,0.5031241178512573,0.011958539485931396,3098,7877,0,0.64033083319664,1.0658001489937305,0.01,0.7630822658538818,0.4552699327468872,0.2541433274745941,0.4584232568740845,3.5166940689086914,0.06531241536140442,0.32330700755119324,0.7232449054718018,0.003637550761050079,0.04004786154255271,0.07460028349887579,2,8,10975,3098,7877,0.012787303249171567,0.725291331756887,402.88525987270987,rolling40_success_then_profit,0.7314590403167575,399.3876892843265,16,False,-inf,-inf,False,cuda,122.1826171875
13,54,200,True,364,364,1033,648,385,189,196,0.3727008712487899,0.1829622458857696,0.18973862536302033,0.3595679012345679,2.2376543209876543,0.7014924703096902,15.460615662880885,26.082825501667866,0.583202760670112,0.4760185347663032,0.006250653760852637,0.24798918206152726,0.20580887067904927,0.11573317419036211,0.4754619233908109,0.008224708249470518,0.258578580587148,0.21080754540916705,0.11280327792463388,0.0005566113754922886,-0.001974054488617881,-0.010589398525620741,-0.00499867473011778,0.0029298962657282324,10.601161665053244,10.601161665053244,7.941916747337851,0.4830590513068732,0.00557161398046251,-0.05751094065272594,0.02598163275993612,-0.09691348622112472,-0.06671362222147191,211,153,0.5796703296703297,0.42032967032967034,148,0.4065934065934066,0,153,1.0,-41.319087851964596,-5.8381906737387155,-35.480897178225874,3.947990770741681,0.15791963082966728,-11.840000000000009,-4.3199999999999905,-17.70880116093637,-1.7700156481191518,5,38.21182134864899,0.0,100,30,15,59,0,150,5.299450549450549,5.299450549450549,1.452081316553727,11.769471202646391,-0.5013289554594623,-8.388059861329824,34.476884993912755,0.8043142271696186,11.26814224718693,0.0058847356013231955,-0.00025066447772973115,0.0056340711235934645,0.7627737226277372,0.6966666666666667,209,134,75,65,0,131,32.830970857264035,32.830970857264035,40,91,90,41,26.19999999999997,26.264776685811224,52.46477668581127,0.2506180981470537,40,29,25,25,24.635692522704375,1.0,23.635692522704375,0.0,1.0,1,43,0,5.181934090456588,0,6,31,-1.2000000000000002,-26.590154088042425,72,0,196,189,0,189,196,33,0,3993.419272807062,399.3419272807062,8750.121576968264,875.0121576968264,439.7286866009282,43.97286866009282,5029.097366993786,502.9097366993786,5165.0,516.5,0,0,0.026232388342905665,0.0,0.026232388342905665,0.026232388342905665,0.0,0.0,0.125,-0.0012499999999999953,-0.0010000000000000007,0.0,0.016415485428632016,0.017232388342905608,0.0,1.8964320682521947,0.04371258418913103,0.010928146047282757,0.005752201653036241,0.2250924905282483,-0.00045018498105649663,0.056245158607780066,0.16250607399595138,-0.16153591932393638,0.0010755602820229668,0.0,-0.013742377785949726,-0.004368549059454898,-0.002835000000000001,-0.0009535490594548947,-0.000579999999999999,0.0,0.0,0.0,0.0,0.0,0.0,0.0,0.03546034940913196,0.0,0.0,0.0,0.028368279527305435,0.020985910674324457,0.007382368852981046,0.013044412566291472,-0.016776119722659646,0.022984589995941846,-0.004194029930664912,0.01723844249695638,0.0010755602820229668,0.0010755602820229668,-0.00014515478771179912,0.44726647586198515,0.1902429000914628,0.15673601783820296,0.0,0.0,0.017418848958980552,0.0,0.0,0.0,0.017232388342905608,0.0,0.0945,0.098,-0.03073960168840131,-0.026646845077630134,-0.004092756610771175,0.4606564556714148,0.40858988240361216,0.0520665732678026,0.5031241178512573,0.011958539485931396,3098,7877,0,0.64033083319664,1.0658001489937305,0.01,0.7630822658538818,0.4552699327468872,0.2541433274745941,0.4584232568740845,3.5166940689086914,0.06531241536140442,0.32330700755119324,0.7232449054718018,0.003637550761050079,0.04004786154255271,0.07460028349887579,2,8,10975,3098,7877,0.012787303249171567,0.725291331756887,402.88525987270987,rolling40_success_then_profit,0.7314590403167575,399.3876892843265,16,False,-inf,-inf,False,cuda,122.1826171875
14,55,200,True,399,399,989,620,369,185,184,0.3731041456016178,0.1870576339737108,0.18604651162790697,0.38548387096774195,2.117741935483871,0.7084159467489489,15.339493476190874,28.39843964884358,0.574785717677479,0.496696571501032,0.011456540082731555,0.2883582015011099,0.20101689327613362,0.11980053999521319,0.49583512138455144,0.011566412881497413,0.2916350272318889,0.20961721272756076,0.11564043553005303,0.0008614501164805888,-0.00010987279876585772,-0.003276825730778976,-0.00860031945142714,0.004160104465160158,11.611729019211324,11.611729019211324,9.050556117290192,0.4641051567239636,-0.026020736626347133,0.05187765106839886,-0.004530549975009396,-0.03463196451606628,-0.039255811210953305,205,194,0.5137844611528822,0.48621553884711777,193,0.48370927318295737,0,194,1.0,-53.905276426412264,-6.053962402045723,-47.85131402436657,1.013266693886035,0.04053066775544142,-15.440000000000012,-5.747999999999964,-23.10425369178112,-3.5995910003408804,1,46.45532768194891,0.0,100,33,14,51,0,191,4.879699248120301,4.879699248120301,1.4721941354903942,7.107267151059366,-3.059115604308852,-7.306465430633034,43.329638788665896,0.85570640665819,4.048151546750514,0.003553633575529683,-0.001529557802154426,0.002024075773375257,0.6727272727272727,0.6166666666666667,185,130,55,90,0,129,44.08644950304516,44.08644950304516,51,78,75,54,25.799999999999972,35.26915960243613,61.06915960243617,0.341755422504226,58,52,32,32,34.7398124109704,0.0,34.7398124109704,0.0,1.0,0,67,0,5.627902018604436,0,15,50,0.0,-39.0822889623417,54,0,184,185,0,185,184,55,0,3847.201991628463,384.7201991628463,8475.788040644744,847.5788040644744,452.38058579906584,45.238058579906586,4844.987135058335,484.4987135058335,4945.0,494.5,0,0,0.030534579801218105,0.0,0.030534579801218105,0.030534579801218105,0.0,0.0,0.16,-0.00159999999999999,-0.001280000000000001,0.0,0.02204322475152258,0.023034579801218067,0.0,1.8984349157874068,0.04425361025445613,0.011063402563614032,0.00585184605789252,0.2175713144561643,-0.0004351426289123286,0.05574599259119606,0.15533133908987407,-0.15418872201551095,0.001272635934719869,0.0,-0.012958805258687763,-0.0042675367802694035,-0.002775000000000001,-0.0009175367802694026,-0.0005749999999999993,0.0,0.0,0.0,0.0,0.0,0.0,0.0,0.0395628397359197,0.0,0.0,0.0,0.0316502717887357,0.0244276638409744,0.007222607947761427,0.01801158667901644,-0.014612930861266069,0.028886425859110585,-0.003653232715316517,0.021664819394332947,0.001272635934719869,0.001272635934719869,4.950371799369668e-05,0.47010206253014986,0.21994015695831995,0.1707851960612532,0.0,0.0,0.019859709459626187,0.0,0.0,0.0,0.023034579801218067,0.0,0.0925,0.092,-0.03073960168840131,-0.026646845077630134,-0.004092756610771175,0.4606564556714148,0.40858988240361216,0.0520665732678026,0.5031241178512573,0.011958539485931396,3098,7877,0,0.64033083319664,1.0658001489937305,0.01,0.7630822658538818,0.4552699327468872,0.2541433274745941,0.4584232568740845,3.5166940689086914,0.06531241536140442,0.32330700755119324,0.7232449054718018,0.003637550761050079,0.04004786154255271,0.07460028349887579,2,8,10975,3098,7877,0.012787303249171567,0.725291331756887,402.88525987270987,rolling40_success_then_profit,0.7314590403167575,399.3876892843265,16,False,-inf,-inf,False,cuda,122.1826171875
15,56,200,True,406,406,965,572,393,150,243,0.4072538860103627,0.15544041450777202,0.25181347150259065,0.34440559440559443,2.2534965034965033,0.7220867138382021,14.836827703289218,29.4902303854746,0.5694402184720917,0.521886781978232,0.020503769934802622,0.21190435860071566,0.1059359983309869,0.1504589288163331,0.5201315885292483,0.0196892708227351,0.2105859860027261,0.10849861340992921,0.14724525692709883,0.0017551934489836718,0.0008144991120675217,0.0013183725979895589,-0.002562615078942315,0.003213671889234271,10.430051813471502,10.430051813471502,7.833160621761658,0.5450777202072539,0.013706580876687868,0.08435746466328935,0.012099415819521096,-0.03512693488345568,-0.07545115957027387,228,178,0.5615763546798029,0.43842364532019706,174,0.42857142857142855,0,178,1.0,-47.35256407298879,-5.093496663942928,-42.25906740904586,3.3407987698893296,0.13363195079557322,-13.92000000000001,-4.7519999999999785,-20.827400270171243,-2.893299089670182,4,61.869810079431204,0.0,116,23,12,70,0,175,4.758620689655173,4.758620689655173,1.544041450777202,28.590205094266224,17.22864098988297,-5.677956663343676,59.40826961401434,0.912762546116168,45.81884608414919,0.014295102547133112,0.008614320494941484,0.022909423042074595,0.6654804270462633,0.6233333333333333,187,140,47,94,0,135,64.67157824911126,64.67157824911126,72,63,60,75,26.999999999999968,51.73726259928899,78.73726259928907,0.47904872777119456,53,42,41,41,32.445930631811265,0.0,32.445930631811265,0.0,1.0,0,63,0,5.345390567729393,0,7,52,0.0,-36.50167196078769,45,0,243,150,0,150,243,48,0,4003.5681604535594,400.3568160453559,8756.058941938518,875.6058941938518,429.8791872492242,42.987918724922416,5045.316892152593,504.5316892152593,4825.0,482.5,0,0,0.03936863129964456,0.0,0.03936863129964456,0.03936863129964456,0.0,0.0,0.205,-0.002049999999999983,-0.0016400000000000013,0.0,0.032335789124555626,0.033368631299644506,0.0,1.847160294906078,0.04337053635882052,0.01084263408970513,0.006236881776365047,0.0735173299076205,-0.000147034659815241,0.057694214526156175,0.14687887908786396,-0.12718175100683876,0.0034873562127170415,0.0,-0.011844356543348235,-0.003675839271082307,-0.0022499999999999964,-0.0009708392710823078,-0.0004550000000000003,0.0,0.0,0.0,0.0,0.0,0.0,0.0,0.048014230729534216,0.0,0.0,0.0,0.03841138458362752,0.03149490503971553,0.006916479543911963,0.02686515647533532,-0.011355913326687351,0.03960551307600953,-0.002838978331671838,0.02970413480700717,0.0034873562127170415,0.0034873562127170415,0.00010874105407545976,0.4387910148247221,0.14448136330848746,0.08479190591694047,0.0,0.0,0.03079099703587732,0.0,0.0,0.0,0.033368631299644506,0.0,0.075,0.1215,-0.03073960168840131,-0.026646845077630134,-0.004092756610771175,0.4606564556714148,0.40858988240361216,0.0520665732678026,0.5031241178512573,0.011958539485931396,3098,7877,0,0.64033083319664,1.0658001489937305,0.01,0.7630822658538818,0.4552699327468872,0.2541433274745941,0.4584232568740845,3.5166940689086914,0.06531241536140442,0.32330700755119324,0.7232449054718018,0.003637550761050079,0.04004786154255271,0.07460028349887579,2,8,10975,3098,7877,0.012787303249171567,0.725291331756887,402.88525987270987,rolling40_success_then_profit,0.7314590403167575,399.3876892843265,16,False,-inf,-inf,False,cuda,122.1826171875
16,57,200,True,406,406,950,499,451,143,308,0.4747368421052632,0.15052631578947367,0.32421052631578945,0.39879759519038077,2.118236472945892,0.6733380547147954,16.474133929174265,28.745857441831447,0.5804115380342483,0.4491665655661203,0.024327987763948573,0.12359962310037298,0.1351131595529332,0.1284409180276081,0.44737362685447224,0.02282447199932559,0.13192865835737907,0.1402913694335745,0.132260945590142,0.00179293871164804,0.0015035157646229834,-0.008329035257006095,-0.005178209880641299,-0.003820027562533912,6.554736842105263,6.554736842105263,4.428421052631579,0.3663157894736842,0.008051671094363945,0.08612831495833577,-0.0056247296757769615,0.017870286259467044,-0.07734910361601244,234,172,0.5763546798029556,0.4236453201970443,165,0.4064039408866995,0,172,1.0,-43.64774143207474,-4.130979439914228,-39.516761992160546,5.168225724567554,0.20672902898270218,-13.20000000000001,-4.703999999999979,-19.712911484086817,-2.106579537056387,7,65.21608372409304,0.0,103,15,18,91,0,169,4.697044334975369,4.697044334975369,1.5063157894736843,36.03075961064883,12.774580979736896,-5.880098368315545,64.2379626416072,0.9161400317746462,48.805340590385725,0.018015379805324413,0.006387290489868448,0.02440267029519286,0.6509090909090909,0.5966666666666667,179,135,44,96,0,131,71.65013081889536,71.65013081889536,82,49,49,82,26.19999999999997,57.32010465511629,83.52010465511634,0.546947563503018,62,49,34,34,40.5184740387153,0.0,40.5184740387153,0.0,1.0,0,71,0,4.5558204787164165,0,16,50,0.0,-45.583283293554736,43,0,308,143,0,143,308,44,0,4104.138254427002,410.41382544270016,8912.849131333172,891.2849131333172,402.7275306739277,40.27275306739277,5167.802617851534,516.7802617851534,4750.0,475.0,0,0,0.04176005232755819,0.0,0.04176005232755819,0.04176005232755819,0.0,0.0,0.17,-0.0016999999999999901,-0.001360000000000001,0.0,0.03582506540944768,0.03686005232755815,0.0,1.9441280359020758,0.04349281780524764,0.01087320445131191,0.005965256100179966,0.1595968135839087,-0.00031919362716781736,0.056351500802273295,0.11041115263815994,-0.0662618867668283,0.0018650048036309855,0.0,-0.01053183118499709,-0.0033991519393936423,-0.0021449999999999954,-0.0008316519393936411,-0.0004225000000000003,0.0,0.0,0.0,0.0,0.0,0.0,0.0,0.05061406315170218,0.0,0.0,0.0,0.04049125052136182,0.03340804186204646,0.0070832086593153026,0.02917893213664582,-0.011760196736631092,0.04282530842773809,-0.002940049184157773,0.0321189813208036,0.0018650048036309855,0.0018650048036309855,7.87048528591792e-05,0.3772697650018471,0.08505661774337889,0.09142407534455031,0.0,0.0,0.03450186476856163,0.0,0.0,0.0,0.03686005232755815,0.0,0.0715,0.154,-0.03073960168840131,-0.026646845077630134,-0.004092756610771175,0.4606564556714148,0.40858988240361216,0.0520665732678026,0.5031241178512573,0.011958539485931396,3098,7877,0,0.64033083319664,1.0658001489937305,0.01,0.7630822658538818,0.4552699327468872,0.2541433274745941,0.4584232568740845,3.5166940689086914,0.06531241536140442,0.32330700755119324,0.7232449054718018,0.003637550761050079,0.04004786154255271,0.07460028349887579,2,8,10975,3098,7877,0.012787303249171567,0.725291331756887,402.88525987270987,rolling40_success_then_profit,0.7314590403167575,399.3876892843265,16,False,-inf,-inf,False,cuda,122.1826171875
17,58,200,True,323,323,1035,667,368,218,150,0.35555555555555557,0.2106280193236715,0.14492753623188406,0.4047976011994003,2.107946026986507,0.7280937262337426,14.659529468645042,27.492727374744558,0.566335089226727,0.4935375248742425,0.01200522616438601,0.2508662505441162,0.1511873602273705,0.13415639399867813,0.4914074331030495,0.010213646484815377,0.2556527006653496,0.1583804052903958,0.1287036990381029,0.002130091771192999,0.0017915796795706339,-0.00478645012123341,-0.0071930450630252885,0.005452694960575238,11.872463768115942,11.872463768115942,9.200966183574879,0.5130434782608696,0.1048474797230104,0.1953030488167861,0.0963143760880634,-0.14205470404942214,-0.12334717911784816,215,108,0.6656346749226006,0.33436532507739936,104,0.3219814241486068,0,108,1.0,-32.49731898373819,-6.229353734105822,-26.267965249632375,3.12591718878653,0.12503668755146125,-8.320000000000006,-3.804000000000002,-12.439754994969153,-1.829246942214668,4,50.40273893873031,0.0,122,35,14,39,0,103,6.040247678018575,6.040247678018575,1.5314009661835748,35.19839109322795,21.809125668384063,-7.74653420704819,45.62819582928123,0.8548651355842826,57.00751676161201,0.017599195546613974,0.010904562834192031,0.028503758380806005,0.8546099290780141,0.8033333333333333,241,147,94,41,0,146,45.61100880555487,44.7542795917661,55,91,86,60,29.199999999999967,36.48880704444389,65.68880704444393,0.31240416990106074,24,23,17,17,14.286698625643504,0.0,14.286698625643504,0.0,1.0,0,29,0,5.612239914421584,0,5,24,0.0,-16.07253595384894,93,0,150,218,0,218,150,22,0,4181.208876489388,418.1208876489388,9126.931209340964,912.6931209340964,436.31783065119265,43.631783065119265,5268.014169281016,526.8014169281016,5175.0,517.5,0,0,0.032844403522221996,0.0,0.032844403522221996,0.032844403522221996,0.0,0.0,0.085,-0.0008500000000000006,-0.0006800000000000005,0.0,0.022805504402777434,0.023801711836706436,0.0,2.070300270226913,0.04780952738137408,0.01195238184534352,0.006617085382814365,0.1571374419730392,-0.0003142748839460784,0.062856555825149,0.16995509806275694,-0.1525626693814073,0.002246373100176644,0.0,-0.013736200158522081,-0.005373031461543093,-0.003270000000000005,-0.0013705314615430968,-0.0007324999999999981,0.0,0.0,0.0,0.0,0.0,0.0,0.0,0.04363251048361935,0.0,0.0,0.0,0.034906008386895476,0.026275522817777494,0.008630485569117987,0.018940830811116503,-0.01549306841409638,0.030418797219520812,-0.003873267103524095,0.022814097914640615,0.002246373100176644,0.002246373100176644,9.801737518360217e-05,0.47071203963596703,0.1923006840044883,0.12336137067097813,0.0,0.0,0.017128420409873182,0.0,0.0,0.0,0.023801711836706436,0.0,0.109,0.075,-0.030786518335305886,-0.015791488361234465,-0.014995029974071419,0.48951299624407996,0.44494469165802003,0.044568304586059905,0.6924381852149963,0.04446369409561157,2686,8216,0,0.5499573945999146,1.1096373123281142,0.01,0.7849462032318115,0.44721072912216187,0.24394968152046204,0.4459591209888458,3.681718587875366,0.017429716885089874,0.29801318049430847,0.32619279623031616,0.006213114885887241,0.08549325983313953,0.09794363616143956,3,8,10902,2686,8216,0.02937756426527909,0.7688696709910914,410.9699315054005,rolling40_success_then_profit,0.7439292505415356,403.2484366913512,24,False,-inf,-inf,False,cuda,124.9619140625
18,59,200,True,302,302,1061,706,355,211,144,0.33459000942507067,0.1988689915174364,0.1357210179076343,0.3923512747875354,2.1600566572237963,0.7546330104890694,14.23578293938137,27.369735193657807,0.5369266243893904,0.49859799607195193,0.011496718350280783,0.28204509581600135,0.10385677694255967,0.1441914547332391,0.49845714843897915,0.010341559027561722,0.283666172864248,0.10926968936208852,0.13702505957414382,0.0001408476329727848,0.001155159322719061,-0.0016210770482466552,-0.005412912419528848,0.007166395159095285,11.925541941564562,11.925541941564562,9.153628652214891,0.5202639019792649,0.10668444151585592,0.19510011718815498,0.039451084706059986,-0.1289139958075292,-0.07383368450419085,210,92,0.695364238410596,0.304635761589404,85,0.2814569536423841,0,92,1.0,-28.06889838140877,-6.183057740330693,-21.885840641078072,5.058784915264558,0.20235139661058232,-6.800000000000004,-3.348000000000002,-10.197028283754447,-1.743163753934205,7,54.98442713324581,0.0,114,34,16,37,0,91,6.377483443708609,6.377483443708609,1.4674835061262959,42.67655323039865,21.552876345276406,-7.901732781226716,51.66355836946654,0.8673433365542318,64.22942957567506,0.021338276615199325,0.010776438172638203,0.03211471478783753,0.7985347985347986,0.7266666666666667,218,144,74,55,0,141,53.41316739569658,53.41316739569658,63,78,72,69,28.19999999999996,42.73053391655725,70.9305339165573,0.3788167900404013,32,25,23,23,19.74128821596746,0.0,19.74128821596746,0.0,1.0,0,33,0,5.358455673852156,0,7,25,0.0,-22.208949242963385,73,0,144,211,0,211,144,26,0,4061.850435473412,406.1850435473412,8879.02924960222,887.902924960222,449.00991497850003,44.90099149785,5116.20270396374,511.62027039637394,5305.0,530.5,0,0,0.035465266958278695,0.0,0.035465266958278695,0.035465266958278695,0.0,0.0,0.115,-0.0011499999999999974,-0.0009200000000000007,0.0,0.02670658369784829,0.028265266958278638,0.0,1.9500062030400953,0.045080369442945835,0.011270092360736459,0.0061771052880323744,0.16972603081770626,-0.0003394520616354125,0.06032003597081032,0.18538881151651582,-0.1544343679284974,0.0025741616963949943,0.0,-0.013784370786836172,-0.005123737360542894,-0.003165000000000004,-0.001316237360542895,-0.0006424999999999986,0.0,0.0,0.0,0.0,0.0,0.0,0.0,0.04524590725737958,0.0,0.0,0.0,0.03619672580590377,0.028372213566622846,0.007824512239280863,0.0218809127941199,-0.015803465562453434,0.034442372246311005,-0.003950866390613358,0.025831779184733273,0.0025741616963949943,0.0025741616963949943,9.490062889953449e-05,0.4783313203724804,0.20600119097032704,0.09309570141626264,0.0,0.0,0.021674625349320686,0.0,0.0,0.0,0.028265266958278638,0.0,0.1055,0.072,-0.030786518335305886,-0.015791488361234465,-0.014995029974071419,0.48951299624407996,0.44494469165802003,0.044568304586059905,0.6924381852149963,0.04446369409561157,2686,8216,0,0.5499573945999146,1.1096373123281142,0.01,0.7849462032318115,0.44721072912216187,0.24394968152046204,0.4459591209888458,3.681718587875366,0.017429716885089874,0.29801318049430847,0.32619279623031616,0.006213114885887241,0.08549325983313953,0.09794363616143956,3,8,10902,2686,8216,0.02937756426527909,0.7688696709910914,410.9699315054005,rolling40_success_then_profit,0.7439292505415356,403.2484366913512,24,False,-inf,-inf,False,cuda,124.9619140625
19,60,200,True,332,332,1011,655,356,147,209,0.35212660731948564,0.14540059347181009,0.20672601384767555,0.3282442748091603,2.287022900763359,0.7402401218660005,14.284078317016135,28.303253156049106,0.5819584788958087,0.5337567800556431,0.01473509942302267,0.24622472623604855,0.1095297237424507,0.14344087988706947,0.5331048227448499,0.012292431954664128,0.2499313954335019,0.12001923314324146,0.13713588009638186,0.0006519573107931498,0.002442667468358542,-0.003706669197453355,-0.01048950940079077,0.006304999790687604,13.393669634025716,13.393669634025716,10.555885262116716,0.5667655786350149,0.07249147015306968,0.29764818489353057,-0.009368914213236212,-0.16083692248076056,-0.13643949269687017,226,106,0.6807228915662651,0.3192771084337349,102,0.3072289156626506,0,106,1.0,-32.02573793298238,-5.337213230729099,-26.688524702253286,2.6616535974836526,0.10646614389934611,-8.160000000000005,-4.355999999999994,-12.19391863996834,-2.085072206184268,4,57.509831769764084,0.0,114,24,18,58,2,106,5.804216867469879,5.804216867469879,1.503461918892186,41.21757209670302,20.494845039706956,-7.2482053116643685,54.313587117836036,0.8822613016025337,61.71241713640998,0.02060878604835151,0.010247422519853477,0.03085620856820499,0.75,0.7,210,152,58,70,0,150,56.859112140256364,56.859112140256364,69,81,78,72,29.99999999999996,45.48728971220508,75.48728971220513,0.3790607476017091,39,35,31,31,23.618254903524196,0.0,23.618254903524196,0.0,1.0,0,44,0,5.420496650706581,0,10,29,0.0,-26.570536766464727,57,0,209,147,0,147,209,32,0,4170.060690144488,417.0060690144488,9140.608430024307,914.0608430024307,456.87497788243024,45.68749778824302,5256.607696254076,525.6607696254075,5055.0,505.5,0,0,0.03774364485610261,0.0,0.03774364485610261,0.03774364485610261,0.0,0.0,0.155,-0.0015499999999999889,-0.0012400000000000009,0.0,0.028429556070128183,0.029943644856102552,0.0,2.021981265217503,0.04681272738665462,0.011703181846663656,0.0062654132224548124,0.21237896710641915,-0.00042475793421283844,0.06381582069970458,0.17430611146324168,-0.15372275554227968,0.0021427948353849274,0.0,-0.013861192855450793,-0.003762173100496596,-0.002204999999999996,-0.0011146731004965968,-0.00044250000000000035,0.0,0.0,0.0,0.0,0.0,0.0,0.0,0.04747206876855328,0.0,0.0,0.0,0.03797765501484274,0.03019491588488195,0.007782739129960689,0.02353269090308583,-0.014496410623328737,0.03620905807855736,-0.0036241026558321843,0.027156793558918018,0.0021427948353849274,0.0021427948353849274,8.59836597492297e-05,0.484587458009949,0.19115553887349412,0.08984807011583888,0.0,0.0,0.02295150290050653,0.0,0.0,0.0,0.029943644856102552,0.0,0.0735,0.1045,-0.030786518335305886,-0.015791488361234465,-0.014995029974071419,0.48951299624407996,0.44494469165802003,0.044568304586059905,0.6924381852149963,0.04446369409561157,2686,8216,0,0.5499573945999146,1.1096373123281142,0.01,0.7849462032318115,0.44721072912216187,0.24394968152046204,0.4459591209888458,3.681718587875366,0.017429716885089874,0.29801318049430847,0.32619279623031616,0.006213114885887241,0.08549325983313953,0.09794363616143956,3,8,10902,2686,8216,0.02937756426527909,0.7688696709910914,410.9699315054005,rolling40_success_then_profit,0.7439292505415356,403.2484366913512,24,False,-inf,-inf,False,cuda,124.9619140625
20,61,200,True,347,347,1079,662,417,163,254,0.386468952734013,0.15106580166821132,0.23540315106580167,0.3504531722054381,2.2356495468277946,0.7704551919079259,13.625214364953631,30.065763025845644,0.5575724354166266,0.5400049788849232,0.0034670055677883576,0.2629857224516368,0.13736584812425234,0.1460773082551324,0.5391803117091922,0.004250029118849792,0.2657452164600488,0.15395481958091992,0.1402735302528631,0.000824667175730931,-0.0007830235510614342,-0.002759494008411967,-0.016588971456667573,0.005803778002269305,13.257645968489342,13.257645968489342,10.592215013901761,0.5449490268767377,0.046133094518711885,0.14691165056709118,0.09613577649037776,-0.1368585932195397,-0.07389165367896514,226,121,0.6512968299711815,0.34870317002881845,115,0.3314121037463977,0,121,1.0,-34.808992718858974,-5.820733816996212,-28.98825890186277,4.221915254034705,0.16887661016138822,-9.200000000000006,-4.223999999999994,-13.799999999999969,-1.933135512024164,6,34.471024710409,0.0,99,27,14,77,0,120,5.564841498559078,5.564841498559078,1.4003707136237258,14.010520214408295,10.070693519087587,-7.7170275128001595,31.624926088284806,0.8038473739497435,24.081213733495883,0.007005260107204148,0.005035346759543794,0.012040606866747941,0.8149466192170819,0.7633333333333333,229,137,92,52,0,134,29.36097611001405,29.36097611001405,37,97,96,38,26.799999999999958,23.488780888011235,50.288780888011274,0.21911176201503021,22,19,30,30,14.29973782790849,2.0,12.29973782790849,0.0,1.0,2,22,0,4.683451473883066,0,4,15,-2.4000000000000004,-13.83720505639705,91,0,254,163,0,163,254,17,0,3936.3780475892154,393.63780475892156,8611.492180417272,861.1492180417272,425.97750069702033,42.59775006970203,4956.204953854544,495.62049538545443,5395.0,539.5,0,0,0.025144390444005665,0.0,0.025144390444005665,0.025144390444005665,0.0,0.0,0.15,-0.0014999999999999922,-0.0012000000000000008,0.0,0.014680488055007025,0.01554439044400562,0.0,1.8836861910150655,0.043903560941691636,0.010975890235422909,0.0055388936148509154,0.30654254806824704,-0.0006130850961364941,0.05763893422985189,0.18581441551781247,-0.19580466291107734,0.0012692813936731394,0.0,-0.01342228917481364,-0.0041489456149292085,-0.002444999999999998,-0.0012089456149292077,-0.0004950000000000004,0.0,0.0,0.0,0.0,0.0,0.0,0.0,0.03400719558329204,0.0,0.0,0.0,0.027205756466633594,0.020115512355204455,0.007090244111429191,0.011953949287742327,-0.015434055025600319,0.02108328405885653,-0.0038585137564000798,0.015812463044142404,0.0012692813936731394,0.0012692813936731394,2.8874501548707468e-05,0.46754511061197074,0.18991290505429112,0.12431127251952517,0.0,0.0,0.0082105352800349,0.0,0.0,0.0,0.01554439044400562,0.0,0.0815,0.127,-0.030786518335305886,-0.015791488361234465,-0.014995029974071419,0.48951299624407996,0.44494469165802003,0.044568304586059905,0.6924381852149963,0.04446369409561157,2686,8216,0,0.5499573945999146,1.1096373123281142,0.01,0.7849462032318115,0.44721072912216187,0.24394968152046204,0.4459591209888458,3.681718587875366,0.017429716885089874,0.29801318049430847,0.32619279623031616,0.006213114885887241,0.08549325983313953,0.09794363616143956,3,8,10902,2686,8216,0.02937756426527909,0.7688696709910914,410.9699315054005,rolling40_success_then_profit,0.7439292505415356,403.2484366913512,24,False,-inf,-inf,False,cuda,124.9619140625
21,62,200,True,360,360,979,559,420,132,288,0.4290091930541369,0.1348314606741573,0.2941777323799796,0.33273703041144903,2.23613595706619,0.7460250193136536,14.380905497692565,29.61830935531924,0.5844786500285233,0.530540310232925,0.021803790906674107,0.26668110852377996,0.1196201137135435,0.1411474224626485,0.5264607389892363,0.019633295984142367,0.2684364727779903,0.13451132542213795,0.1346841111332711,0.00407957124368874,0.0021704949225317405,-0.0017553642542103565,-0.014891211708594448,0.006463311329377386,11.996935648621042,11.996935648621042,9.54341164453524,0.48723186925434114,0.05027643038451981,-0.12070222625874942,0.10178204150749585,-0.10651049661241116,-0.04918723178509445,241,119,0.6694444444444444,0.33055555555555555,113,0.3138888888888889,0,119,1.0,-32.73658541975586,-4.508974077403544,-28.227611342352315,5.091868711791769,0.20367474847167083,-9.040000000000006,-3.924000000000002,-13.479941164861575,-1.9873449259623883,6,62.94102020821052,0.0,114,18,18,83,0,117,5.361111111111111,5.361111111111111,1.5515832482124616,45.75500170625655,10.235013830758353,-6.515200733847194,60.82548949300348,0.903250164025652,55.990015537014905,0.022877500853128275,0.005117506915379177,0.02799500776850745,0.6491228070175439,0.6166666666666667,185,143,42,100,0,140,65.34534407532894,65.34534407532894,77,63,63,77,27.999999999999968,52.276275260263134,80.27627526026319,0.466752457680921,60,50,40,40,39.17802215857596,0.0,39.17802215857596,0.0,1.0,0,70,0,4.64301722647411,0,12,51,0.0,-44.07527492839799,42,0,288,132,0,132,288,43,0,4289.799867254675,428.9799867254675,9318.970122911682,931.8970122911682,421.3449123263698,42.13449123263698,5403.0107585565775,540.3010758556577,4895.0,489.5,0,0,0.04013813763013163,0.0,0.04013813763013163,0.04013813763013163,0.0,0.0,0.2,-0.0019999999999999814,-0.0016000000000000012,0.0,0.03267267203766447,0.03383813763013157,0.0,2.056698826905828,0.047501449061923176,0.011875362265480794,0.006712188698537431,0.13062897092730746,-0.000261257941854615,0.0604677774942261,0.13942022482714403,-0.1381198312612984,0.001455090864113423,0.0,-0.011880856922715243,-0.003269644618059722,-0.0019799999999999944,-0.0008996446180597212,-0.00039000000000000026,0.0,0.0,0.0,0.0,0.0,0.0,0.0,0.04975224195375759,0.0,0.0,0.0,0.03980179356300609,0.03211051010410519,0.007691283458901019,0.027155144379578153,-0.013030401467694387,0.040550326328669006,-0.003257600366923597,0.03041274474650174,0.001455090864113423,0.001455090864113423,0.00014058246710648141,0.4611435340584732,0.1893086442144247,0.09834838967177573,0.0,0.0,0.034792733781073865,0.0,0.0,0.0,0.03383813763013157,0.0,0.066,0.144,-0.030786518335305886,-0.015791488361234465,-0.014995029974071419,0.48951299624407996,0.44494469165802003,0.044568304586059905,0.6924381852149963,0.04446369409561157,2686,8216,0,0.5499573945999146,1.1096373123281142,0.01,0.7849462032318115,0.44721072912216187,0.24394968152046204,0.4459591209888458,3.681718587875366,0.017429716885089874,0.29801318049430847,0.32619279623031616,0.006213114885887241,0.08549325983313953,0.09794363616143956,3,8,10902,2686,8216,0.02937756426527909,0.7688696709910914,410.9699315054005,rolling40_success_then_profit,0.7439292505415356,403.2484366913512,24,False,-inf,-inf,False,cuda,124.9619140625
22,63,200,True,352,352,1000,646,354,137,217,0.354,0.137,0.217,0.3668730650154799,2.1904024767801857,0.7082482005697286,15.298585454745927,29.915673875033672,0.5718525827482936,0.5126918595826294,0.021496954036663192,0.17379584082693508,0.05364795492662134,0.15467695367375486,0.5107893174969744,0.019545108907432194,0.18580196565737941,0.05353473670688391,0.14767064508512018,0.0019025420856549902,0.001951845129230998,-0.012006124830444331,0.0001132182197374279,0.007006308588634685,11.403,11.403,8.722,0.54,0.06312593742620137,0.0783332756922093,-0.02628285860084894,-0.07330048128263478,-0.03726524958263769,234,118,0.6647727272727273,0.3352272727272727,110,0.3125,0,118,1.0,-31.412795292447047,-4.694550625979896,-26.718244666467154,6.3913911500774905,0.25565564600309965,-8.800000000000006,-3.456000000000002,-13.093247977348012,-1.6246523351222275,8,74.3179554337358,0.0,131,21,13,62,0,115,5.465909090909091,5.465909090909091,1.541,58.81861661049253,23.925219582468003,-6.487537326726131,71.77425637975679,0.9171046685812323,82.74383619296054,0.029409308305246268,0.011962609791234001,0.04137191809648027,0.7178571428571429,0.67,201,152,49,79,0,147,80.12180536521221,80.12180536521221,92,55,53,94,29.399999999999967,64.09744429216973,93.49744429216982,0.5450462950014436,58,45,21,21,36.76577730716674,0.0,36.76577730716674,0.0,1.0,0,62,0,4.926728542342259,0,11,49,0.0,-41.361499470562606,48,0,217,137,0,137,217,50,0,4034.5770982231957,403.45770982231954,8880.173889792137,888.0173889792137,464.3548362988216,46.435483629882164,5085.753853235642,508.5753853235642,5000.0,500.0,0,0,0.04674872214608494,0.0,0.04674872214608494,0.04674872214608494,0.0,0.0,0.105,-0.0010499999999999995,-0.0008400000000000007,0.0,0.040060902682606106,0.04144872214608488,0.0,1.867405454860173,0.043906189096274334,0.010976547274068583,0.006400782107086268,0.050318490408101296,-0.00010063698081620259,0.06239650832618338,0.15619182329001755,-0.11794460532230916,0.003064361455115279,0.0,-0.013433337034890271,-0.0034954019722514876,-0.0020549999999999948,-0.001035401972251486,-0.0004050000000000003,0.0,0.0,0.0,0.0,0.0,0.0,0.0,0.05657463243933727,0.0,0.0,0.0,0.0452597059514698,0.037398977716867864,0.00786072823460193,0.03264335952651536,-0.012975074653452262,0.04784950425317116,-0.0032437686633630656,0.035887128189878395,0.003064361455115279,0.003064361455115279,0.00018905461029460017,0.43340512432764583,0.12339269552241161,0.0548656897272177,0.0,0.0,0.02713535404392831,0.0,0.0,0.0,0.04144872214608488,0.0,0.0685,0.1085,-0.030786518335305886,-0.015791488361234465,-0.014995029974071419,0.48951299624407996,0.44494469165802003,0.044568304586059905,0.6924381852149963,0.04446369409561157,2686,8216,0,0.5499573945999146,1.1096373123281142,0.01,0.7849462032318115,0.44721072912216187,0.24394968152046204,0.4459591209888458,3.681718587875366,0.017429716885089874,0.29801318049430847,0.32619279623031616,0.006213114885887241,0.08549325983313953,0.09794363616143956,3,8,10902,2686,8216,0.02937756426527909,0.7688696709910914,410.9699315054005,rolling40_success_then_profit,0.7439292505415356,403.2484366913512,24,False,-inf,-inf,False,cuda,124.9619140625
23,64,200,True,314,314,1077,690,387,181,206,0.3593314763231198,0.1680594243268338,0.19127205199628597,0.3652173913043478,2.1536231884057973,0.7124213061254957,15.294839961286904,26.0207247570373,0.5898629627295346,0.4921362943623377,0.011218697264574575,0.2415154073063446,0.15000202807233384,0.1296073336734612,0.49415520338908486,0.008149842801841273,0.25121192044672974,0.16929467369066686,0.12083497241112418,-0.002018909026747173,0.0030688544627333024,-0.009696513140385138,-0.01929264561833302,0.00877236126233702,10.581244196843082,10.581244196843082,7.874651810584958,0.5292479108635098,0.044389265967356185,0.03257545908212913,0.06581738630867892,-0.1116358613483383,-0.07312222841084799,210,104,0.6687898089171974,0.33121019108280253,96,0.3057324840764331,0,104,1.0,-29.663478904044258,-6.242421485036609,-23.421057419007646,6.34659779872823,0.2538639119491293,-7.680000000000005,-3.0960000000000014,-11.458264733565995,-1.440656597390771,8,44.21992763207585,0.0,97,32,16,57,1,101,6.06687898089172,6.06687898089172,1.4280408542246983,28.887415887082415,5.826137416983099,-8.143192593950255,40.451607784870774,0.8324266684816081,34.71355330406551,0.014443707943541207,0.0029130687084915493,0.017356776652032755,0.7686832740213523,0.72,216,128,88,65,0,122,40.84363692511852,40.84363692511852,48,74,72,50,24.399999999999974,32.67490954009481,57.07490954009488,0.3347839092222829,41,34,24,24,23.53980246572215,0.0,23.53980246572215,0.0,1.0,0,49,0,6.198431518122315,0,11,34,0.0,-26.482277773937426,85,0,206,181,0,181,206,40,0,3949.324067388422,394.9324067388422,8693.83611431767,869.383611431767,464.35552547064015,46.43555254706401,4971.907030165137,497.19070301651374,5390.0,539.0,0,0,0.028537454770047446,0.0,0.028537454770047446,0.028537454770047446,0.0,0.0,0.12,-0.0011999999999999964,-0.0009600000000000008,0.0,0.02042181846255926,0.021337454770047403,0.0,1.803342566126047,0.04095457451423029,0.010238643628557573,0.005630283753199779,0.14839457707539508,-0.0002967891541507902,0.05248877886407712,0.17651415079761199,-0.16584845636712148,0.0011749790623657684,0.0,-0.014800197982921424,-0.004360797713794158,-0.0027150000000000004,-0.0010707977137941584,-0.0005749999999999994,0.0,0.0,0.0,0.0,0.0,0.0,0.0,0.037279309244454176,0.0,0.0,0.0,0.029823447395563297,0.02282996381603788,0.006993483579525459,0.01615420759546028,-0.01628638518790051,0.026967738523247204,-0.004071596296975128,0.020225803892435387,0.0011749790623657684,0.0011749790623657684,0.0002208942922949789,0.4369175795818139,0.17344732177578182,0.12085651613788118,0.0,0.0,0.012809593448648255,0.0,0.0,0.0,0.021337454770047403,0.0,0.0905,0.103,-0.030786518335305886,-0.015791488361234465,-0.014995029974071419,0.48951299624407996,0.44494469165802003,0.044568304586059905,0.6924381852149963,0.04446369409561157,2686,8216,0,0.5499573945999146,1.1096373123281142,0.01,0.7849462032318115,0.44721072912216187,0.24394968152046204,0.4459591209888458,3.681718587875366,0.017429716885089874,0.29801318049430847,0.32619279623031616,0.006213114885887241,0.08549325983313953,0.09794363616143956,3,8,10902,2686,8216,0.02937756426527909,0.7688696709910914,410.9699315054005,rolling40_success_then_profit,0.7439292505415356,403.2484366913512,24,False,-inf,-inf,False,cuda,124.9619140625
24,65,200,True,356,356,974,585,389,165,224,0.3993839835728953,0.16940451745379878,0.2299794661190965,0.3623931623931624,2.181196581196581,0.7018125927091664,15.954833806681837,26.33761080961961,0.5817598992203955,0.4634062834784516,0.017362369953567148,0.1819189875999577,0.08183523770421744,0.13550788167959604,0.46521376292420247,0.014652072192512007,0.18765050578130107,0.09490568604236707,0.13499040403681942,-0.0018074794457508814,0.002710297761055141,-0.005731518181343376,-0.013070448338149632,0.0005174776427766259,8.325462012320328,8.325462012320328,5.672484599589322,0.5041067761806981,0.042387807524961615,0.25788922886551785,0.05364372571767905,-0.1094262815988388,-0.0959193613979228,228,128,0.6404494382022472,0.3595505617977528,122,0.34269662921348315,0,128,1.0,-34.49016850598523,-4.193050983548164,-30.297117522437084,5.310810076649322,0.2124324030659729,-9.760000000000007,-4.008000000000003,-14.552063876424619,-2.189486049078404,6,70.12554826427112,0.0,120,17,17,66,0,126,5.404494382022472,5.404494382022472,1.553388090349076,52.486709367517655,37.076336635713886,-7.092542054158027,69.70594918570944,0.9076473777068661,89.56304600323153,0.026243354683758827,0.018538168317856943,0.04478152300161577,0.7972027972027972,0.76,228,148,80,58,0,146,75.3211691629236,75.3211691629236,88,58,49,97,29.199999999999957,60.25693533033887,89.45693533033895,0.5158984189241342,35,25,23,23,22.699618218522286,0.0,22.699618218522286,0.0,1.0,0,38,0,4.6436831953845905,0,10,25,0.0,-25.53707049583757,79,0,224,165,0,165,224,26,0,4254.395437869246,425.4395437869246,9257.729102201713,925.7729102201713,427.03946461158955,42.70394646115896,5359.041231600343,535.9041231600343,4870.0,487.0,0,0,0.044728467665169504,0.0,0.044728467665169504,0.044728467665169504,0.0,0.0,0.115,-0.0011499999999999974,-0.0009200000000000007,0.0,0.03766058458146181,0.039828467665169454,0.0,2.055326867215508,0.04759473244731718,0.011898683111829294,0.006642165125303534,0.14330105302970067,-0.0002866021060594014,0.06259025859645599,0.13723506335471133,-0.09980475810478474,0.0018161908909023145,0.0,-0.01237561966218547,-0.004182599753271508,-0.0024749999999999985,-0.0012025997532715076,-0.0005050000000000002,0.0,0.0,0.0,0.0,0.0,0.0,0.0,0.05519054867093925,0.0,0.0,0.0,0.04415243893675149,0.03578277413213548,0.00836966480461595,0.03130670356577574,-0.014185084108316055,0.04647063279047299,-0.0035462710270790137,0.03485297459285472,0.0018161908909023145,0.0018161908909023145,0.00022803267038116825,0.4283057645636617,0.12511826862946104,0.07528579110972451,0.0,0.0,0.02631361432157162,0.0,0.0,0.0,0.039828467665169454,0.0,0.0825,0.112,-0.030786518335305886,-0.015791488361234465,-0.014995029974071419,0.48951299624407996,0.44494469165802003,0.044568304586059905,0.6924381852149963,0.04446369409561157,2686,8216,0,0.5499573945999146,1.1096373123281142,0.01,0.7849462032318115,0.44721072912216187,0.24394968152046204,0.4459591209888458,3.681718587875366,0.017429716885089874,0.29801318049430847,0.32619279623031616,0.006213114885887241,0.08549325983313953,0.09794363616143956,3,8,10902,2686,8216,0.02937756426527909,0.7688696709910914,410.9699315054005,rolling40_success_then_profit,0.7439292505415356,403.2484366913512,24,False,-inf,-inf,False,cuda,124.9619140625
25,66,200,True,307,307,1028,656,372,155,217,0.36186770428015563,0.1507782101167315,0.21108949416342412,0.3856707317073171,2.138719512195122,0.6754342736449184,16.157834630186965,27.94154029930147,0.5582159747515639,0.4967183546140427,0.020620603841252444,0.1466279428213744,0.0763772846463636,0.16145532512355867,0.4947612384879371,0.018852273459409978,0.1602875420542593,0.08860259334430405,0.15292830682620862,0.0019571161261055514,0.0017683303818424659,-0.0136595992328849,-0.012225308697940446,0.008527018297350059,11.134241245136186,11.134241245136186,8.57490272373541,0.49221789883268485,0.09434814161925828,0.30987832629968265,0.02896723250282759,-0.11102609982803215,-0.0219768850011211,236,71,0.7687296416938111,0.23127035830618892,58,0.18892508143322476,0,71,1.0,-20.190100604257555,-5.746906800642604,-14.443193803614955,8.167672620368968,0.3267069048147589,-4.640000000000002,-2.208000000000001,-6.947593970388381,-0.9743067380413412,13,76.5998542290223,0.0,129,28,13,55,1,71,6.312703583061889,6.312703583061889,1.5573929961089494,73.80886207915978,31.03218864924319,-7.094280722159843,75.41116074728045,0.9140143898898168,104.84105072840296,0.03690443103957989,0.015516094324621595,0.052420525364201484,0.75,0.71,213,153,60,71,0,151,84.18727223284735,84.18727223284735,96,55,54,97,30.199999999999967,67.34981778627787,97.54981778627793,0.5575316041910421,50,39,21,21,33.141947889668806,0.0,33.141947889668806,0.0,1.0,0,55,0,4.447522375164616,0,18,33,0.0,-37.284691375877415,60,0,217,155,0,155,217,40,0,4299.252850188211,429.92528501882106,9319.745708157352,931.9745708157352,440.32554488921176,44.03255448892118,5417.578820122533,541.7578820122533,5140.0,514.0,0,0,0.04877490889313899,0.0,0.04877490889313899,0.04877490889313899,0.0,0.0,0.105,-0.0010499999999999995,-0.0008400000000000007,0.0,0.04209363611642367,0.04337490889313894,0.0,2.084949324042409,0.048234219580556695,0.012058554895139174,0.0068991982717147,0.09205605557111883,-0.0001841121111422377,0.06455256862328694,0.15789556813977862,-0.10391908782388745,0.0022200919514095627,0.0,-0.013315988347750407,-0.0038608451245755854,-0.002324999999999997,-0.0010858451245755849,-0.00045000000000000037,0.0,0.0,0.0,0.0,0.0,0.0,0.0,0.05959935167713579,0.0,0.0,0.0,0.04767948134170872,0.03901992711451107,0.00865955422719758,0.034158440012560284,-0.014188561444319688,0.05027410716485365,-0.003547140361079922,0.037705580373640225,0.0022200919514095627,0.0022200919514095627,0.00021211876130352415,0.4455931751619689,0.12092725407292253,0.08100482091328763,0.0,0.0,0.03226013148833583,0.0,0.0,0.0,0.04337490889313894,0.0,0.0775,0.1085,-0.02523244635256774,-0.021985476091504096,-0.003246970261063646,0.4102466671344112,0.36514797806739807,0.04509868906701312,0.7887696027755737,0.03902369737625122,2477,8515,0,0.39127028981844586,1.0595200012711918,0.01,0.7556290030479431,0.49157723784446716,0.2867749035358429,0.4908984303474426,3.6167938709259033,0.03222056105732918,0.30205458402633667,0.32906636595726013,0.00363009422469665,0.040703039506779,0.08857297255274127,4,8,10992,2477,8515,0.0386742040761153,0.7852480802751032,417.2956289020399,rolling40_success_then_profit,0.7542589579749275,406.76023474402336,32,False,-inf,-inf,False,cuda,129.22119140625
26,67,200,True,337,337,1016,585,431,147,284,0.4242125984251969,0.14468503937007873,0.2795275590551181,0.35384615384615387,2.2034188034188036,0.704950647858473,15.50809836754432,29.53305784606526,0.5665926721747507,0.4986905586006295,0.023293002331868196,0.16281071274071676,0.0917126924977598,0.1504373752631438,0.49751284912101224,0.019282857621582144,0.17949716008117056,0.10226680210445267,0.14016580243523305,0.0011777094796172616,0.004010144710286052,-0.016686447340453797,-0.010554109606692869,0.010271572827910747,9.571850393700787,9.571850393700787,7.1387795275590555,0.48523622047244097,-0.010100712016496654,0.11453825063826555,-0.004573904367711992,-0.04112153537206221,-0.04942839489435445,251,86,0.744807121661721,0.2551928783382789,74,0.2195845697329377,0,86,1.0,-22.00542763885228,-4.307454888224601,-17.697972750627677,7.701246795215056,0.30804987180860227,-5.9200000000000035,-2.340000000000001,-8.88,-0.8660226224362852,12,64.67884030376405,0.0,125,16,20,80,1,85,5.753709198813056,5.753709198813056,1.580708661417323,60.78259166067746,28.92107481702842,-6.578787656781859,61.937263095615705,0.9039818030295383,89.70366647770588,0.03039129583033873,0.01446053740851421,0.04485183323885294,0.7992957746478874,0.7566666666666667,227,149,78,57,0,147,64.81068797463129,64.81068797463129,78,69,66,81,29.39999999999997,51.84855037970503,81.24855037970505,0.4408890338410292,38,28,19,19,23.49991166382702,0.0,23.49991166382702,0.0,1.0,0,45,0,5.284650938815191,0,5,39,0.0,-26.437400621805388,78,0,284,147,0,147,284,28,0,4331.250916842614,433.1250916842614,9357.898483565281,935.7898483565281,400.36134299874885,40.03613429987489,5453.657465305932,545.3657465305932,5080.0,508.0,0,0,0.04062427518985256,0.0,0.04062427518985256,0.04062427518985256,0.0,0.0,0.095,-0.0009500000000000008,-0.0007600000000000006,0.0,0.03240534398731565,0.03402427518985253,0.0,2.1221543348821497,0.04922561868880167,0.012306404672200417,0.007267233540557922,0.031583899923439275,-6.316779984687856e-05,0.06333581144408464,0.1371715340802249,-0.10139501882673839,0.0018450237455916218,0.0,-0.012052971393299888,-0.0036107429846659513,-0.002204999999999996,-0.0009782429846659532,-0.0004275000000000003,0.0,0.0,0.0,0.0,0.0,0.0,0.0,0.05191751206220598,0.0,0.0,0.0,0.04153400964976487,0.03249942015188195,0.009034589497882897,0.027679237719416917,-0.013157575313563718,0.041291508730410445,-0.0032893938283909295,0.03096863154780785,0.0018450237455916218,0.0018450237455916218,0.00016635067226986082,0.43127984137284225,0.12248437409629079,0.07759416811747752,0.0,0.0,0.03098398582959901,0.0,0.0,0.0,0.03402427518985253,0.0,0.0735,0.142,-0.02523244635256774,-0.021985476091504096,-0.003246970261063646,0.4102466671344112,0.36514797806739807,0.04509868906701312,0.7887696027755737,0.03902369737625122,2477,8515,0,0.39127028981844586,1.0595200012711918,0.01,0.7556290030479431,0.49157723784446716,0.2867749035358429,0.4908984303474426,3.6167938709259033,0.03222056105732918,0.30205458402633667,0.32906636595726013,0.00363009422469665,0.040703039506779,0.08857297255274127,4,8,10992,2477,8515,0.0386742040761153,0.7852480802751032,417.2956289020399,rolling40_success_then_profit,0.7542589579749275,406.76023474402336,32,False,-inf,-inf,False,cuda,129.22119140625
27,68,200,True,304,304,1111,700,411,182,229,0.36993699369936994,0.1638163816381638,0.20612061206120613,0.38,2.1157142857142857,0.7180547785333224,15.136778225217547,30.377532096590315,0.5292227460262906,0.5032418750652246,0.01207109232034002,0.16952292257121632,0.07325204851904085,0.169002338389733,0.5038664822493281,0.010110683925449847,0.17917366128680962,0.08778201770403289,0.15219011104798744,-0.0006246071841035095,0.001960408394890173,-0.009650738715593299,-0.01452996918499204,0.01681222734174556,10.845184518451845,10.845184518451845,8.164716471647164,0.5229522952295229,0.028202215879998837,0.16820972791957536,-0.0021014612037735126,-0.05786152998213783,-0.06041332829073717,234,70,0.7697368421052632,0.23026315789473684,63,0.20723684210526316,0,70,1.0,-21.867393872114043,-6.017669675201172,-15.849724196912868,5.300880100234759,0.21203520400939038,-5.040000000000003,-2.5320000000000014,-7.4916203194739515,-0.9981390814483166,7,58.219142162166484,0.0,117,30,16,62,0,69,6.3355263157894735,6.3355263157894735,1.4671467146714672,52.83004363364953,26.723560410637084,-7.592354397852896,57.07648827345758,0.8825964083439343,79.55360404428662,0.026415021816824764,0.013361780205318542,0.03977680202214331,0.8290909090909091,0.76,228,142,86,47,0,139,59.59240962838513,59.59240962838513,74,65,61,78,27.79999999999997,47.67392770270809,75.47392770270814,0.42872237142723113,33,29,14,14,21.23162085774899,1.0,20.23162085774899,0.0,1.0,1,34,0,4.81685026306241,0,6,25,-1.2000000000000002,-22.76057346496762,86,0,229,182,0,182,229,22,0,3951.1760154105027,395.11760154105025,8456.011320729986,845.6011320729986,429.31833495333257,42.93183349533326,4979.39478774624,497.939478774624,5555.0,555.5,0,0,0.03773696385135411,0.0,0.03773696385135411,0.03773696385135411,0.0,0.0,0.07,-0.0007000000000000005,-0.0005600000000000004,0.0,0.029796204814192567,0.031636963851354054,0.0,1.900243992326912,0.044238998466647375,0.011059749616661844,0.006414028330951015,0.06040751345682456,-0.00012081502691364914,0.05947686153339174,0.18275679716348694,-0.14245762044055638,0.002283916420513387,0.0,-0.013471124441569914,-0.0046113488929975105,-0.0027300000000000002,-0.001351348892997509,-0.0005299999999999998,0.0,0.0,0.0,0.0,0.0,0.0,0.0,0.047975898441102297,0.0,0.0,0.0,0.03838071875288175,0.030189571081083177,0.008191147671798592,0.024742066937802377,-0.015184708795705791,0.03805099218230506,-0.0037961771989264478,0.02853824413672879,0.002283916420513387,0.002283916420513387,0.0002494145985320209,0.446447546476245,0.13508806889649097,0.06348078427183278,0.0,0.0,0.01719307134014596,0.0,0.0,0.0,0.031636963851354054,0.0,0.091,0.1145,-0.02523244635256774,-0.021985476091504096,-0.003246970261063646,0.4102466671344112,0.36514797806739807,0.04509868906701312,0.7887696027755737,0.03902369737625122,2477,8515,0,0.39127028981844586,1.0595200012711918,0.01,0.7556290030479431,0.49157723784446716,0.2867749035358429,0.4908984303474426,3.6167938709259033,0.03222056105732918,0.30205458402633667,0.32906636595726013,0.00363009422469665,0.040703039506779,0.08857297255274127,4,8,10992,2477,8515,0.0386742040761153,0.7852480802751032,417.2956289020399,rolling40_success_then_profit,0.7542589579749275,406.76023474402336,32,False,-inf,-inf,False,cuda,129.22119140625
28,69,200,True,278,278,1118,783,335,172,163,0.29964221824686943,0.15384615384615385,0.14579606440071557,0.367816091954023,2.1890166028097062,0.7731976525841393,13.614384487975451,27.566769919632954,0.5424203245022922,0.5173717601888481,0.00534510414566878,0.25693115564408125,0.1481861083246149,0.1445561401120186,0.5188708673415665,0.00579391331156171,0.26530006285614094,0.17591107343852824,0.13130421648908164,-0.001499107152718393,-0.00044880916589293014,-0.008368907212059684,-0.02772496511391334,0.01325192362293695,12.245080500894455,12.245080500894455,9.326475849731663,0.5966010733452594,0.026418584539189865,0.14652494002267216,0.03738684061961747,-0.1184010708544225,-0.10868871350106231,213,65,0.7661870503597122,0.23381294964028776,57,0.20503597122302158,0,65,1.0,-20.804620374776693,-6.577672528848048,-14.226947845928645,6.782879350739475,0.271315174029579,-4.560000000000002,-2.4120000000000013,-6.67866225126544,-0.8476007686927913,8,41.9179681541639,0.0,109,36,19,39,0,65,6.809352517985611,6.809352517985611,1.4311270125223614,36.546957987907454,8.234907522477467,-9.32124962133258,36.39436316846056,0.7961035836007928,44.78186551038492,0.018273478993953728,0.004117453761238734,0.02239093275519246,0.8303249097472925,0.7666666666666667,230,140,90,47,0,133,34.66219351721354,34.66219351721354,41,92,89,44,26.599999999999973,27.729754813770835,54.329754813770855,0.2606179963700266,28,23,19,19,17.366601769288863,0.6215297473773073,16.745072021911554,0.0,0.9999999999999998,1,39,0,5.184490302957708,0,12,26,-0.7458356968527688,-18.838206024650507,88,0,163,172,0,172,163,32,0,3971.2840524832413,397.12840524832416,8702.44352368328,870.244352368328,461.4001405011066,46.14001405011066,5000.73849318223,500.073849318223,5590.0,559.0,0,0,0.027164877406885467,0.0,0.027164877406885467,0.027164877406885467,0.0,0.0,0.095,-0.0009500000000000005,-0.0007600000000000006,0.0,0.017331096758606772,0.01826487740688542,0.0,1.7675464388313276,0.04171453078568312,0.01042863269642078,0.005998031372088279,0.07131315804781067,-0.00014262631609562133,0.05680410045419084,0.20371250334339056,-0.20770024376864055,0.0007325280179954198,0.0,-0.015444185960623958,-0.0041545750554366585,-0.0025799999999999994,-0.0010570750554366609,-0.0005175000000000001,0.0,0.0,0.0,0.0,0.0,0.0,0.0,0.03650088378721055,0.0,0.0,0.0,0.029200707029768458,0.021731901925508283,0.007468805104260143,0.013536556773563985,-0.01864249924266516,0.02426290877897369,-0.00466062481066629,0.01819718158423028,0.0007325280179954198,0.0007325280179954198,0.00012695151378711047,0.4836233713545291,0.20882551970893734,0.14692557286783223,0.0,0.0,0.010284284720071802,0.0,0.0,0.0,0.01826487740688542,0.0,0.086,0.0815,-0.02523244635256774,-0.021985476091504096,-0.003246970261063646,0.4102466671344112,0.36514797806739807,0.04509868906701312,0.7887696027755737,0.03902369737625122,2477,8515,0,0.39127028981844586,1.0595200012711918,0.01,0.7556290030479431,0.49157723784446716,0.2867749035358429,0.4908984303474426,3.6167938709259033,0.03222056105732918,0.30205458402633667,0.32906636595726013,0.00363009422469665,0.040703039506779,0.08857297255274127,4,8,10992,2477,8515,0.0386742040761153,0.7852480802751032,417.2956289020399,rolling40_success_then_profit,0.7542589579749275,406.76023474402336,32,False,-inf,-inf,False,cuda,129.22119140625
29,70,200,True,311,311,1024,642,382,135,247,0.373046875,0.1318359375,0.2412109375,0.3956386292834891,2.1246105919003115,0.7151059901510072,15.15875544354923,29.19764620887342,0.5903951040517571,0.4917326347432404,0.023427767812555823,0.19194280820379375,0.03655472473528619,0.14417240786659197,0.48947528937709667,0.01987596623587924,0.2062797555612905,0.047091035535733135,0.139424063662804,0.002257345366143748,0.0035518015766765818,-0.014336947357496743,-0.010536310800446945,0.004748344203787974,9.8193359375,9.8193359375,7.291015625,0.47265625,0.12858028404309815,0.04864327215980584,0.045265110428955424,-0.11576327320472456,-0.03165253745310082,246,65,0.7909967845659164,0.2090032154340836,52,0.16720257234726688,0,65,1.0,-17.98230117463464,-5.1592888504266705,-12.823012324207973,8.33323079069607,0.33332923162784284,-4.160000000000002,-2.016000000000001,-6.210234469609479,-0.7701070862263439,13,72.92670339972645,0.0,132,23,12,72,1,61,6.215434083601286,6.215434083601286,1.57421875,72.45263397825157,22.304318844763493,-6.635504921789509,70.49298383104764,0.913968171435935,94.75695282301507,0.03622631698912578,0.011152159422381746,0.04737847641150753,0.7321428571428571,0.6833333333333333,205,153,52,75,0,149,77.69797406207256,77.69797406207256,89,60,60,89,29.79999999999997,62.15837924965804,91.95837924965815,0.5214629131682722,53,39,22,22,36.93614227955072,0.0,36.93614227955072,0.0,1.0,0,63,0,3.717904820260946,0,11,50,0.0,-41.55316006449457,52,0,247,135,0,135,247,35,0,4411.302549080843,441.13025490808434,9579.51185939995,957.9511859399951,442.58292032035666,44.25829203203567,5556.470765415901,555.6470765415901,5120.0,512.0,0,0,0.04597918962482909,0.0,0.04597918962482909,0.04597918962482909,0.0,0.0,0.11,-0.0010999999999999985,-0.0008800000000000007,0.0,0.03884898703103628,0.039979189624829034,0.0,2.1288525317518845,0.04840226017628582,0.012100565044071455,0.007016132929202689,0.06896009917330216,-0.0001379201983466043,0.06404206497502749,0.14422055388468208,-0.10225286365695996,0.0027924976394724244,0.0,-0.013783042069495313,-0.0032469502260154175,-0.0020249999999999947,-0.0007994502260154175,-0.0004225000000000003,0.0,0.0,0.0,0.0,0.0,0.0,0.0,0.056841834470553784,0.0,0.0,0.0,0.04547346757644317,0.03678335169986314,0.00869011587657992,0.03192873945462901,-0.013271009843579018,0.04699532255403172,-0.0033177524608947544,0.03524649191552382,0.0027924976394724244,0.0027924976394724244,0.000325662492973109,0.429762569723888,0.13336568162813747,0.04423967906375381,0.0,0.0,0.03697322507501802,0.0,0.0,0.0,0.039979189624829034,0.0,0.0675,0.1235,-0.02523244635256774,-0.021985476091504096,-0.003246970261063646,0.4102466671344112,0.36514797806739807,0.04509868906701312,0.7887696027755737,0.03902369737625122,2477,8515,0,0.39127028981844586,1.0595200012711918,0.01,0.7556290030479431,0.49157723784446716,0.2867749035358429,0.4908984303474426,3.6167938709259033,0.03222056105732918,0.30205458402633667,0.32906636595726013,0.00363009422469665,0.040703039506779,0.08857297255274127,4,8,10992,2477,8515,0.0386742040761153,0.7852480802751032,417.2956289020399,rolling40_success_then_profit,0.7542589579749275,406.76023474402336,32,False,-inf,-inf,False,cuda,129.22119140625
30,71,200,True,308,308,1080,696,384,163,221,0.35555555555555557,0.15092592592592594,0.20462962962962963,0.34770114942528735,2.2456896551724137,0.7462098852613535,14.49744355404514,30.92046823463906,0.5322138428439015,0.5296602648864875,0.008886720246539033,0.21221087839796968,0.09443282942025355,0.1664847797505429,0.5286727184322716,0.00690979520180102,0.226254480270048,0.11085722041142376,0.14816491689329603,0.0009875464542159484,0.001976925044738013,-0.014043601872078315,-0.016424390991170212,0.018319862857246877,13.173148148148147,13.173148148148147,10.489814814814816,0.55,0.10231143504507167,0.21503253158831004,-0.01442361240111198,-0.05387753382866067,-0.0868181248387737,237,71,0.7694805194805194,0.2305194805194805,62,0.2012987012987013,0,71,1.0,-21.29551849696479,-5.667494801133866,-15.628023695830922,6.46679927045123,0.25867197081804927,-4.960000000000003,-2.4720000000000013,-7.42240326545441,-1.0322924011945724,9,45.38093029518342,0.0,125,27,13,63,0,70,6.259740259740259,6.259740259740259,1.4851851851851852,41.19182921820405,17.708995235628716,-7.544280335895397,39.1826526512973,0.8385453558879374,58.90082445383277,0.020595914609102026,0.008854497617814358,0.029450412226916384,0.9042553191489362,0.85,255,152,103,27,0,148,36.40770358622407,36.40770358622407,47,101,96,52,29.599999999999962,29.12616286897926,58.72616286897929,0.24599799720421672,19,15,8,8,12.381668515353935,0.0,12.381668515353935,0.0,1.0,0,22,0,4.531156128363554,0,2,17,0.0,-13.929377079773179,101,0,221,163,0,163,221,16,0,4121.29670315986,412.129670315986,8987.375040630373,898.7375040630374,425.65404404955206,42.5654044049552,5191.84202736354,519.184202736354,5400.0,540.0,0,0,0.02936308143448968,0.0,0.02936308143448968,0.02936308143448968,0.0,0.0,0.04,-0.00040000000000000024,-0.00032000000000000024,0.0,0.018203851793112034,0.019763081434489627,0.0,1.947192147957308,0.045198976918136485,0.011299744229534121,0.00635868699970856,0.11661667102160521,-0.00023323334204321047,0.06301065765899286,0.18037195776977166,-0.15334914185580237,0.0016629655586276554,0.0,-0.013469848519904109,-0.004062072289586074,-0.002444999999999998,-0.0011520722895860716,-0.00046500000000000035,0.0,0.0,0.0,0.0,0.0,0.0,0.0,0.04002959232198048,0.0,0.0,0.0,0.03202367385758443,0.023490465147591646,0.008533208709992753,0.01581918615770095,-0.015088560671790794,0.026121768434198195,-0.0037721401679476985,0.019591326325648653,0.0016629655586276554,0.0016629655586276554,0.000116514777727425,0.4778815882589077,0.16997487625045732,0.09176666182428773,0.0,0.0,0.012525086650741393,0.0,0.0,0.0,0.019763081434489627,0.0,0.0815,0.1105,-0.02523244635256774,-0.021985476091504096,-0.003246970261063646,0.4102466671344112,0.36514797806739807,0.04509868906701312,0.7887696027755737,0.03902369737625122,2477,8515,0,0.39127028981844586,1.0595200012711918,0.01,0.7556290030479431,0.49157723784446716,0.2867749035358429,0.4908984303474426,3.6167938709259033,0.03222056105732918,0.30205458402633667,0.32906636595726013,0.00363009422469665,0.040703039506779,0.08857297255274127,4,8,10992,2477,8515,0.0386742040761153,0.7852480802751032,417.2956289020399,rolling40_success_then_profit,0.7542589579749275,406.76023474402336,32,False,-inf,-inf,False,cuda,129.22119140625
31,72,200,True,309,309,1085,676,409,161,248,0.37695852534562213,0.14838709677419354,0.22857142857142856,0.35502958579881655,2.2514792899408285,0.7409032054201385,14.662257109873394,28.964034317777706,0.5413724129888492,0.511144018252573,0.007449829554152207,0.20682061546256203,0.155783095234487,0.14603352442813608,0.5134205490835673,0.006097018445935651,0.22114423777737252,0.18044762005313084,0.13272334373219918,-0.0022765308309942167,0.0013528111082165553,-0.014323622314810491,-0.02466452481864384,0.013310180695936896,10.887557603686636,10.887557603686636,8.218433179723503,0.5576036866359447,0.026565890520498583,-0.007495205196594011,0.045606539408204666,-0.08327035465536614,-0.05530116383993367,241,68,0.7799352750809061,0.22006472491909385,62,0.20064724919093851,0,68,1.0,-21.81648760491654,-5.865447866171594,-15.951039738744948,5.44331474828326,0.21773258993133046,-4.960000000000003,-2.808000000000001,-7.316962018089001,-1.083810310587287,6,47.62554842980823,0.0,119,28,17,69,0,66,6.288025889967638,6.288025889967638,1.4995391705069125,42.02334986195485,14.358421236335557,-8.035822288445752,41.94157579895794,0.8392108713944614,56.38177109829041,0.021011674930977425,0.007179210618167778,0.028190885549145204,0.8028169014084507,0.76,228,146,82,56,0,143,40.41491942157535,40.41491942157535,50,93,90,53,28.599999999999962,32.33193553726028,60.931935537260316,0.2826218141368905,30,24,26,26,17.375406465934784,0.0,17.375406465934784,0.0,1.0,0,36,0,6.090294177336628,0,3,33,0.0,-19.547332274176632,82,0,248,161,0,161,248,33,0,4138.154452120616,413.8154452120616,9000.70335726461,900.070335726461,413.946107904689,41.394610790468896,5211.493441144483,521.1493441144482,5425.0,542.5,0,0,0.030465967768630184,0.0,0.030465967768630184,0.030465967768630184,0.0,0.0,0.13,-0.001299999999999994,-0.0010400000000000008,0.0,0.020207459710787676,0.021465967768630145,0.0,1.9891540927569717,0.04638353402183676,0.01159588350545919,0.006495082764008496,0.1284764286473439,-0.00025695285729468784,0.06138234080870376,0.16868116024586727,-0.16492738949449268,0.000862144858221157,0.0,-0.01330791822771995,-0.003944691775672432,-0.002414999999999998,-0.0010171917756724316,-0.0005125,0.0,0.0,0.0,0.0,0.0,0.0,0.0,0.04050489841679468,0.0,0.0,0.0,0.03240391873343569,0.02437277421490408,0.00803114451853167,0.01695287675525609,-0.016071644576891503,0.027961050532638625,-0.004017911144222876,0.02097078789947897,0.000862144858221157,0.000862144858221157,9.002823246022053e-05,0.46086537534246824,0.16598240469186618,0.1380546675696507,0.0,0.0,0.010520589532128883,0.0,0.0,0.0,0.021465967768630145,0.0,0.0805,0.124,-0.02523244635256774,-0.021985476091504096,-0.003246970261063646,0.4102466671344112,0.36514797806739807,0.04509868906701312,0.7887696027755737,0.03902369737625122,2477,8515,0,0.39127028981844586,1.0595200012711918,0.01,0.7556290030479431,0.49157723784446716,0.2867749035358429,0.4908984303474426,3.6167938709259033,0.03222056105732918,0.30205458402633667,0.32906636595726013,0.00363009422469665,0.040703039506779,0.08857297255274127,4,8,10992,2477,8515,0.0386742040761153,0.7852480802751032,417.2956289020399,rolling40_success_then_profit,0.7542589579749275,406.76023474402336,32,False,-inf,-inf,False,cuda,129.22119140625
32,73,200,True,323,323,1053,668,385,148,237,0.36562203228869894,0.14055080721747387,0.22507122507122507,0.41916167664670656,2.122754491017964,0.7255207142251694,15.189651072382214,27.510277510224704,0.5532622623684442,0.4858548361027312,0.025986819890534092,0.16974018722170306,0.04834955986895916,0.1539127838987478,0.4827683362998291,0.021432179740133755,0.1840928567065941,0.05566624749255294,0.14621160744862285,0.0030864998029020985,0.004554640150400337,-0.014352669484891029,-0.007316687623593776,0.007701176450124941,10.386514719848053,10.386514719848053,7.9601139601139606,0.452991452991453,0.08153552998775498,0.127136374828521,0.014179895663160405,0.006890897318263273,-0.00632597348288402,245,78,0.7585139318885449,0.24148606811145512,69,0.21362229102167182,0,78,1.0,-23.07838914195283,-5.830937956869596,-17.24745118508324,7.991067407809826,0.3196426963123931,-5.520000000000003,-2.5920000000000014,-8.192542962823989,-1.2625509185716508,9,75.26115238051018,0.0,130,28,11,67,0,77,6.080495356037152,6.080495356037152,1.547008547008547,67.6187127914155,22.24881729051077,-6.968103730555949,73.36307889638394,0.9132577972502159,89.86753008192628,0.03380935639570775,0.011124408645255386,0.044933765040963136,0.6340579710144928,0.5833333333333334,175,147,28,101,0,146,82.09555059454718,82.09555059454718,92,54,54,92,29.19999999999996,65.67644047563773,94.87644047563775,0.5622982917434738,59,44,42,42,39.24102922250415,0.0,39.24102922250415,0.0,1.0,0,64,0,4.290112721751882,0,21,36,0.0,-44.14615787531719,27,0,237,148,0,148,237,37,0,4159.932772877301,415.99327728773017,8966.840315852893,896.6840315852893,440.92233840650226,44.09223384065022,5238.405838682056,523.8405838682056,5265.0,526.5,0,0,0.04743822023781892,0.0,0.04743822023781892,0.04743822023781892,0.0,0.0,0.21,-0.0020999999999999886,-0.0016800000000000014,0.0,0.041047775297273575,0.04203822023781887,0.0,2.0475740128780413,0.047434768843857625,0.011858692210964406,0.006870499026437079,0.07311187021402131,-0.00014622374042804265,0.06273495433645301,0.15470994549876158,-0.10985837146089959,0.002182560294124252,0.0,-0.013439243314333391,-0.00376746272828204,-0.0022199999999999963,-0.0010574627282820405,-0.0004900000000000004,0.0,0.0,0.0,0.0,0.0,0.0,0.0,0.05705068870835514,0.0,0.0,0.0,0.04564055096668416,0.037950576190255055,0.0076899747764291515,0.033197487582913986,-0.013936207461111898,0.048908719264255905,-0.0034840518652779744,0.03668153944819197,0.002182560294124252,0.002182560294124252,0.00031137385329852525,0.4316677159397465,0.13399771562108043,0.05609685682336144,0.0,0.0,0.04356329896593213,0.0,0.0,0.0,0.04203822023781887,0.0,0.074,0.1185,-0.02523244635256774,-0.021985476091504096,-0.003246970261063646,0.4102466671344112,0.36514797806739807,0.04509868906701312,0.7887696027755737,0.03902369737625122,2477,8515,0,0.39127028981844586,1.0595200012711918,0.01,0.7556290030479431,0.49157723784446716,0.2867749035358429,0.4908984303474426,3.6167938709259033,0.03222056105732918,0.30205458402633667,0.32906636595726013,0.00363009422469665,0.040703039506779,0.08857297255274127,4,8,10992,2477,8515,0.0386742040761153,0.7852480802751032,417.2956289020399,rolling40_success_then_profit,0.7542589579749275,406.76023474402336,32,False,-inf,-inf,False,cuda,129.22119140625
33,74,200,True,279,279,1162,756,406,140,266,0.3493975903614458,0.12048192771084337,0.2289156626506024,0.37037037037037035,2.1984126984126986,0.7220747587344949,15.16945409017896,29.961965585038776,0.5707562960152731,0.5065893174479248,0.014137950238017808,0.17683787375846238,0.05716902589999514,0.15551838773258386,0.5105342092534537,0.012027723956163283,0.188864268900866,0.07555250745502587,0.14398886515418924,-0.003944891805528927,0.0021102262818545256,-0.012026395142403612,-0.01838348155503073,0.011529522578394624,11.808089500860586,11.808089500860586,9.25301204819277,0.5111876075731497,0.11622089680970296,0.3310564436441873,0.07038155627409631,-0.07007346863017816,-0.04095773104748824,244,35,0.8745519713261649,0.12544802867383512,26,0.0931899641577061,0,35,1.0,-13.339029184036013,-6.162403894960879,-7.176625289075143,6.881450311737285,0.27525801246949144,-2.0800000000000005,-1.7760000000000007,-3.0562507735674074,-0.539632527977228,9,53.22637637600315,0.0,114,29,17,78,0,31,6.953405017921147,6.953405017921147,1.4492254733218588,56.76567480775925,20.528038264711437,-8.347204395955691,50.14544650653749,0.8572948179443872,77.29371307247068,0.028382837403879622,0.01026401913235572,0.03864685653623534,0.8428571428571429,0.7866666666666666,236,136,100,44,0,136,50.41621308750491,50.41621308750491,61,75,69,67,27.199999999999967,40.332970470003936,67.53297047000399,0.3707074491728302,31,29,13,13,18.90684786299585,0.0,18.90684786299585,0.0,1.0,0,37,0,5.5082770587021415,0,9,26,0.0,-21.270203845870345,100,0,266,140,0,140,266,29,0,3930.480518050657,393.0480518050657,8443.441222020723,844.3441222020723,470.74499472495114,47.07449947249511,4950.185478618637,495.0185478618637,5810.0,581.0,0,0,0.03376648523500203,0.0,0.03376648523500203,0.03376648523500203,0.0,0.0,0.065,-0.0006500000000000005,-0.0005200000000000004,0.0,0.02520810654375245,0.02686648523500198,0.0,1.9652402590253284,0.045363158881405616,0.011340789720351404,0.006563812436023015,0.07091748024065203,-0.00014183496048130405,0.05870654060071945,0.18276345807039612,-0.14149775445880514,0.0016270002609328536,0.0,-0.015690609451516242,-0.003493409461144702,-0.002099999999999995,-0.0009759094611447018,-0.00041750000000000034,0.0,0.0,0.0,0.0,0.0,0.0,0.0,0.044315439994872016,0.0,0.0,0.0,0.03545235199589765,0.027013188188001504,0.008439163807896114,0.020899121055290855,-0.01669440879191138,0.03343029767102499,-0.004173602197977845,0.025072723253268744,0.0016270002609328536,0.0016270002609328536,9.053317303458862e-05,0.4557734342618875,0.14310700206655022,0.05383933865711868,0.0,0.0,0.02228338331358844,0.0,0.0,0.0,0.02686648523500198,0.0,0.07,0.133,-0.00639835384893505,-0.0016054197680205108,-0.004792934080914539,0.36420838252878657,0.32059189478556316,0.043616487743223416,0.8622346520423889,0.0854266881942749,2335,8628,0,0.2841717531283697,1.0185673671610216,0.01,0.7265366315841675,0.5186783671379089,0.3161779046058655,0.5185442566871643,3.6176400184631348,0.020949723199009895,0.2951514720916748,0.4517848789691925,0.0036393264127100875,0.03373330402023652,0.09183022791848464,5,8,10963,2335,8628,0.04893862899523162,0.7594099424992543,426.1103648134606,rolling40_success_then_profit,0.7552891548797926,410.6302607579108,40,True,0.7552891548797926,410.6302607579108,True,cuda,131.17333984375
34,75,200,True,302,302,1059,688,371,125,246,0.35033050047214354,0.11803588290840415,0.23229461756373937,0.4578488372093023,2.002906976744186,0.6953520618682337,16.489544276581253,27.08981603169597,0.5642626663354857,0.4871405035170705,0.029515691426431023,0.1883675586161485,0.049640215410807625,0.14451888059049325,0.48363421792381034,0.023135015605623987,0.20621296547781026,0.056477519016520684,0.13939597337983203,0.003506285593260161,0.006380675820807036,-0.01784540686166175,-0.006837303605713059,0.005122907210661221,10.400377714825307,10.400377714825307,8.06515580736544,0.43909348441926344,0.09367923312053282,0.08556086780594792,-0.01570723679129383,-0.08393820517244105,-0.06529791337085857,255,47,0.8443708609271523,0.15562913907284767,35,0.11589403973509933,0,47,1.0,-14.890636915332616,-5.986557263284918,-8.90407965204771,9.210345426927411,0.3684138170770964,-2.800000000000001,-1.6680000000000006,-4.080215145250932,-0.7242783238738776,12,78.85754393277627,0.0,131,28,15,71,1,46,6.377483443708609,6.377483443708609,1.5448536355051936,81.50130629039124,33.86479191139035,-7.105883360332123,77.43733876157035,0.9159496978943363,115.3660982017816,0.04075065314519562,0.016932395955695175,0.057683049100890796,0.7553191489361702,0.71,213,156,57,69,0,152,86.46491239496292,86.46491239496292,96,56,52,100,30.399999999999963,69.17192991597031,99.57192991597034,0.5688481078615982,45,32,24,24,32.41481199097589,0.0,32.41481199097589,0.0,1.0,0,49,0,3.4493091378518645,0,1,44,0.0,-36.466663489847875,56,0,246,125,0,125,246,22,0,4377.940654409905,437.7940654409905,9372.093876374125,937.2093876374125,438.96278365119065,43.896278365119066,5514.741521830956,551.4741521830956,5295.0,529.5,0,0,0.04978596495798521,0.0,0.04978596495798521,0.04978596495798521,0.0,0.0,0.12,-0.0011999999999999964,-0.0009600000000000008,0.0,0.04323245619748146,0.04458596495798516,0.0,2.0820325353449727,0.04867921205496496,0.01216980301374124,0.007038927549728412,0.07790173407450206,-0.0001558034681490041,0.06497153232436277,0.1483635309904281,-0.10082105677403766,0.0015087604289022237,0.0,-0.014116825959201952,-0.003014389023358026,-0.0018749999999999952,-0.0007393890233580263,-0.0004000000000000003,0.0,0.0,0.0,0.0,0.0,0.0,0.0,0.06059996450357733,0.0,0.0,0.0,0.0484799716028619,0.03982877196638807,0.008651199636473835,0.03516572770061916,-0.014211766720664246,0.051624892507713585,-0.0035529416801660615,0.03871866938078517,0.0015087604289022237,0.0015087604289022237,0.000473652920300762,0.44254625569553824,0.14916012340833362,0.04780185727335768,0.0,0.0,0.031849396444167524,0.0,0.0,0.0,0.04458596495798516,0.0,0.0625,0.123,-0.00639835384893505,-0.0016054197680205108,-0.004792934080914539,0.36420838252878657,0.32059189478556316,0.043616487743223416,0.8622346520423889,0.0854266881942749,2335,8628,0,0.2841717531283697,1.0185673671610216,0.01,0.7265366315841675,0.5186783671379089,0.3161779046058655,0.5185442566871643,3.6176400184631348,0.020949723199009895,0.2951514720916748,0.4517848789691925,0.0036393264127100875,0.03373330402023652,0.09183022791848464,5,8,10963,2335,8628,0.04893862899523162,0.7594099424992543,426.1103648134606,rolling40_success_then_profit,0.7552891548797926,410.6302607579108,40,True,0.7552891548797926,410.6302607579108,True,cuda,131.17333984375
35,76,200,True,293,293,1076,699,377,126,251,0.3503717472118959,0.1171003717472119,0.23327137546468402,0.38483547925608014,2.183118741058655,0.7391909195246102,14.51341105667136,27.506472542221115,0.5750636211953253,0.5095229065512041,0.02161067458820957,0.21404290832952197,0.06934097764456647,0.1482131881626038,0.5078681490153544,0.016541025797184958,0.23343616470465375,0.0837693348945317,0.13882917807422823,0.0016547575358497602,0.005069648791024613,-0.019393256375131784,-0.014428357249965232,0.009384010088375555,11.400557620817844,11.400557620817844,8.827137546468402,0.5213754646840149,0.008210987520076847,0.11447296686221903,0.008274323163867545,-0.11010465455310163,-0.0427291849829036,256,37,0.8737201365187713,0.12627986348122866,24,0.08191126279863481,0,37,1.0,-11.53437841512083,-5.345230761468405,-6.189147653652427,8.7974127505422,0.35189651002168804,-1.9200000000000006,-1.3320000000000003,-2.8800000000000017,-0.40904416367411606,13,79.43043351496951,0.0,144,24,9,71,0,35,6.675767918088737,6.675767918088737,1.5659851301115242,84.39668852463316,26.842264902880274,-7.766613936995341,76.40671149565914,0.9077306985666229,111.23895342751344,0.042198344262316584,0.013421132451440138,0.05561947671375672,0.6666666666666666,0.62,186,156,30,93,0,154,85.86005236713986,85.86005236713986,95,59,59,95,30.799999999999958,68.68804189371188,99.48804189371197,0.5575328075788303,60,51,33,33,37.15362902736314,0.0,37.15362902736314,0.0,1.0,0,67,0,5.207005843333493,0,10,55,0.0,-41.79783265578356,30,0,251,126,0,126,251,47,0,4273.361646809654,427.33616468096545,9018.398578315684,901.8398578315685,463.04296980980644,46.304296980980645,5381.861219874173,538.1861219874173,5380.0,538.0,0,0,0.04974402094685599,0.0,0.04974402094685599,0.04974402094685599,0.0,0.0,0.165,-0.0016499999999999913,-0.0013200000000000009,0.0,0.042930026183569926,0.04384402094685593,0.0,2.060614169814847,0.04764691161290692,0.01191172790322673,0.007093786716916839,0.01441600636822264,-2.8832012736445282e-05,0.06561154446556877,0.16210831624691147,-0.13547123870965155,0.0008093895964142857,0.0,-0.014617071663379494,-0.003046922065851419,-0.001889999999999995,-0.0007994220658514174,-0.0003575000000000003,0.0,0.0,0.0,0.0,0.0,0.0,0.0,0.05997691683734619,0.0,0.0,0.0,0.04798153346987695,0.03979521675748468,0.008186316712392271,0.03432004877933188,-0.015533227873990682,0.05093780766377276,-0.0038833069684976705,0.03820335574782957,0.0008093895964142857,0.0008093895964142857,0.0003710810986657935,0.45790705077338534,0.1560555540641613,0.06998206341056784,0.0,0.0,0.03599394333815668,0.0,0.0,0.0,0.04384402094685593,0.0,0.063,0.1255,-0.00639835384893505,-0.0016054197680205108,-0.004792934080914539,0.36420838252878657,0.32059189478556316,0.043616487743223416,0.8622346520423889,0.0854266881942749,2335,8628,0,0.2841717531283697,1.0185673671610216,0.01,0.7265366315841675,0.5186783671379089,0.3161779046058655,0.5185442566871643,3.6176400184631348,0.020949723199009895,0.2951514720916748,0.4517848789691925,0.0036393264127100875,0.03373330402023652,0.09183022791848464,5,8,10963,2335,8628,0.04893862899523162,0.7594099424992543,426.1103648134606,rolling40_success_then_profit,0.7552891548797926,410.6302607579108,40,True,0.7552891548797926,410.6302607579108,True,cuda,131.17333984375
36,77,200,True,262,262,1123,791,332,168,164,0.2956366874443455,0.1495992876224399,0.1460373998219056,0.4134007585335019,2.0809102402022757,0.7349313174841829,14.705831190126132,27.271840334240014,0.5603800170505883,0.4939965084289329,0.01131927760791236,0.23340081765908657,0.08732482144849284,0.14016771523750537,0.49349876055223146,0.008304955270588775,0.24938565141058677,0.1041380408247662,0.13404329199056633,0.0004977478767014265,0.0030143223373235856,-0.0159848337515002,-0.016813219376273364,0.0061244232469390425,12.405164737310775,12.405164737310775,9.644701691896705,0.5084594835262689,0.02510498433107555,-0.02445247412655026,-0.010747382721035837,-0.07068232756409451,-0.06314215329940547,220,42,0.8396946564885496,0.16030534351145037,32,0.12213740458015267,0,42,1.0,-14.668746395213036,-6.6937046431750025,-7.9750417520380354,9.04819174960496,0.36192766998419856,-2.560000000000001,-1.6800000000000006,-3.6474398754484794,-0.44952954657375804,10,50.91461156010841,0.0,124,37,13,35,1,42,7.366412213740458,7.366412213740458,1.4701691896705253,51.82975681346197,15.790715033010873,-9.101104213892324,44.929517527604574,0.8315565521819186,67.62047184647284,0.025914878406730985,0.007895357516505436,0.03381023592323642,0.7915194346289752,0.7466666666666667,224,149,75,59,0,144,45.304080562669384,45.304080562669384,53,91,89,55,28.799999999999958,36.2432644501355,65.04326445013557,0.31461167057409295,30,23,29,29,17.81128736062343,0.0,17.81128736062343,0.0,1.0,0,35,0,5.733342685536135,0,5,29,0.0,-20.037698280701363,75,0,164,168,0,168,164,26,0,4119.617703166719,411.96177031667196,8737.571376393913,873.7571376393913,476.7859921692355,47.67859921692355,5189.341648715859,518.934164871586,5615.0,561.5,0,0,0.03252163222506783,0.0,0.03252163222506783,0.03252163222506783,0.0,0.0,0.145,-0.0014499999999999934,-0.0011600000000000009,0.0,0.02265204028133469,0.023621632225067756,0.0,1.9411956568736615,0.045055977675879114,0.011263994418969778,0.006331379460001961,0.1245310693078149,-0.0002490621386156298,0.06149912206151063,0.19044390691462593,-0.156553935010107,0.0010546107579749763,0.0,-0.016118567020907762,-0.004020811568194989,-0.002519999999999999,-0.0009633115681949893,-0.0005375,0.0,0.0,0.0,0.0,0.0,0.0,0.0,0.04208656450542186,0.0,0.0,0.0,0.033669251604337466,0.026017305780054133,0.0076519458242833545,0.017914206656856096,-0.01820220842778465,0.029953011685069704,-0.004550552106946162,0.022464758763802287,0.0010546107579749763,0.0010546107579749763,0.0003151513023177785,0.469309048559246,0.19856704952439386,0.07864347536036176,0.0,0.0,0.020479309708673062,0.0,0.0,0.0,0.023621632225067756,0.0,0.084,0.082,-0.00639835384893505,-0.0016054197680205108,-0.004792934080914539,0.36420838252878657,0.32059189478556316,0.043616487743223416,0.8622346520423889,0.0854266881942749,2335,8628,0,0.2841717531283697,1.0185673671610216,0.01,0.7265366315841675,0.5186783671379089,0.3161779046058655,0.5185442566871643,3.6176400184631348,0.020949723199009895,0.2951514720916748,0.4517848789691925,0.0036393264127100875,0.03373330402023652,0.09183022791848464,5,8,10963,2335,8628,0.04893862899523162,0.7594099424992543,426.1103648134606,rolling40_success_then_profit,0.7552891548797926,410.6302607579108,40,True,0.7552891548797926,410.6302607579108,True,cuda,131.17333984375
37,78,200,True,312,312,1108,705,403,111,292,0.3637184115523466,0.10018050541516245,0.26353790613718414,0.3347517730496454,2.2638297872340427,0.750979539456097,14.194939452367471,30.444702272973164,0.5944237480108487,0.5249812749894798,0.016804710400442704,0.18480639553873252,0.049501848244603644,0.15545264764933298,0.5268662098028981,0.014539293736113724,0.21163678470708377,0.0687970950697542,0.14466089718043804,-0.0018849348134183375,0.00226541666432898,-0.02683038916835126,-0.01929524682515056,0.01079175046889494,11.555956678700362,11.555956678700362,8.870938628158845,0.5487364620938628,0.06809287133659712,0.26700667822949264,0.05805560057243457,-0.11796079135494114,-0.10490529795383143,267,45,0.8557692307692307,0.14423076923076922,35,0.11217948717948718,0,45,1.0,-14.280771264063034,-5.309504693895575,-8.971266570167467,8.03416953729452,0.32136678149178083,-2.800000000000001,-1.8240000000000007,-4.0174300226921575,-0.6512033289670942,10,66.16707921806486,0.0,126,21,20,90,1,44,6.230769230769231,6.230769230769231,1.5153429602888087,68.92598146739331,34.516569448671795,-7.564494883352786,62.83409636528367,0.8925476383946916,103.4425509160651,0.03446299073369666,0.0172582847243359,0.05172127545803255,0.8093525179856115,0.75,225,150,75,53,0,149,66.88606127822632,66.88606127822632,78,71,67,82,29.799999999999955,53.508849022581046,83.30884902258113,0.4488997401223243,30,25,23,23,18.447139585119185,0.0,18.447139585119185,0.0,1.0,0,34,0,5.496121051339821,0,5,28,0.0,-20.753032033259082,74,0,292,111,0,111,292,27,0,4188.905074973562,418.89050749735617,8808.268476043017,880.8268476043016,463.5684780747018,46.356847807470174,5277.258656816648,527.7258656816648,5540.0,554.0,0,0,0.04165442451129059,0.0,0.04165442451129059,0.04165442451129059,0.0,0.0,0.115,-0.0011499999999999974,-0.0009200000000000007,0.0,0.033443030639113164,0.034954424511290536,0.0,2.064040266021454,0.04743929203437071,0.011859823008592677,0.006934973065565236,0.05501353136148884,-0.0001100270627229777,0.06392021035896289,0.17096916868201398,-0.1428425499601263,0.0019198450686413499,0.0,-0.015238863346186907,-0.002930529599774116,-0.0016649999999999966,-0.0009705295997741171,-0.00029500000000000023,0.0,0.0,0.0,0.0,0.0,0.0,0.0,0.05225422045716016,0.0,0.0,0.0,0.041803376365728236,0.03332353960903235,0.008479836756695803,0.02763480074096538,-0.015128989766705573,0.04188939757685574,-0.0037822474416763932,0.031417048182641835,0.0019198450686413499,0.0019198450686413499,0.00019715768836438662,0.46065870572041445,0.15065320232446305,0.0524601428921076,0.0,0.0,0.02303959854955807,0.0,0.0,0.0,0.034954424511290536,0.0,0.0555,0.146,-0.00639835384893505,-0.0016054197680205108,-0.004792934080914539,0.36420838252878657,0.32059189478556316,0.043616487743223416,0.8622346520423889,0.0854266881942749,2335,8628,0,0.2841717531283697,1.0185673671610216,0.01,0.7265366315841675,0.5186783671379089,0.3161779046058655,0.5185442566871643,3.6176400184631348,0.020949723199009895,0.2951514720916748,0.4517848789691925,0.0036393264127100875,0.03373330402023652,0.09183022791848464,5,8,10963,2335,8628,0.04893862899523162,0.7594099424992543,426.1103648134606,rolling40_success_then_profit,0.7552891548797926,410.6302607579108,40,True,0.7552891548797926,410.6302607579108,True,cuda,131.17333984375
38,79,200,True,306,306,985,623,362,102,260,0.36751269035532996,0.10355329949238579,0.2639593908629442,0.36597110754414125,2.128410914927769,0.7589438949408156,14.104386689383567,28.197566394342847,0.5674507752102748,0.4980162334289061,0.02635881829749715,0.2025500987305113,0.05789154018148373,0.1469514227141873,0.49915375025945913,0.020578657885352642,0.2174069347117174,0.07120338159375622,0.13426791890606546,-0.0011375168305530203,0.005780160412144509,-0.014856835981206101,-0.013311841412272492,0.012683503808121832,9.991878172588832,9.991878172588832,7.467005076142132,0.4954314720812183,-0.02566144519013645,0.035727711892605485,0.03795855982249384,-0.06735882208488546,-0.03835199356714398,257,49,0.8398692810457516,0.16013071895424835,35,0.11437908496732026,0,49,1.0,-12.954368731090183,-4.051016020774842,-8.903352710315346,10.433022558083973,0.417320902323359,-2.800000000000001,-1.7640000000000007,-4.092394250526422,-0.6642793621122838,14,78.4588937523578,0.0,146,15,9,78,1,47,6.411764705882353,6.411764705882353,1.6619289340101522,84.62101433689324,24.723549465563224,-6.386121744807621,76.12464195644621,0.9226025616738949,109.34456380245646,0.04231050716844662,0.012361774732781612,0.054672281901228234,0.6989247311827957,0.65,195,159,36,84,0,158,83.84202148805903,83.84202148805903,94,64,63,95,31.59999999999997,67.07361719044721,98.67361719044733,0.5306457056206267,62,52,22,22,40.01330732984477,0.0,40.01330732984477,0.0,1.0,0,72,0,4.6816328175058155,0,6,62,0.0,-45.014970746075385,35,0,260,102,0,102,260,49,0,4611.190660257647,461.1190660257647,9973.736364521254,997.3736364521253,436.0059092169029,43.60059092169029,5808.198612996445,580.8198612996446,4925.0,492.5,0,0,0.04933680859522369,0.0,0.04933680859522369,0.04933680859522369,0.0,0.0,0.11,-0.0010999999999999985,-0.0008800000000000007,0.0,0.0419210107440295,0.04303680859522362,0.0,2.273953859715711,0.052552026663217476,0.013138006665804369,0.007712952709073874,0.05260042176919589,-0.00010520084353839177,0.06809792710045237,0.13317055902214406,-0.10839966031018675,0.0015350185131072034,0.0,-0.01285533938372335,-0.002502363784977229,-0.0015299999999999973,-0.0006848637849772292,-0.0002875000000000002,0.0,0.0,0.0,0.0,0.0,0.0,0.0,0.061269614417489265,0.0,0.0,0.0,0.04901569153399184,0.03946944687617882,0.009546244657812838,0.03486926010581923,-0.012772243489615242,0.0507497613042975,-0.0031930608724038104,0.0380623209782231,0.0015350185131072034,0.0015350185131072034,0.00030094595950096837,0.459490529018422,0.1439075007269766,0.06404214784440361,0.0,0.0,0.03940676163079519,0.0,0.0,0.0,0.04303680859522362,0.0,0.051,0.13,-0.00639835384893505,-0.0016054197680205108,-0.004792934080914539,0.36420838252878657,0.32059189478556316,0.043616487743223416,0.8622346520423889,0.0854266881942749,2335,8628,0,0.2841717531283697,1.0185673671610216,0.01,0.7265366315841675,0.5186783671379089,0.3161779046058655,0.5185442566871643,3.6176400184631348,0.020949723199009895,0.2951514720916748,0.4517848789691925,0.0036393264127100875,0.03373330402023652,0.09183022791848464,5,8,10963,2335,8628,0.04893862899523162,0.7594099424992543,426.1103648134606,rolling40_success_then_profit,0.7552891548797926,410.6302607579108,40,True,0.7552891548797926,410.6302607579108,True,cuda,131.17333984375
39,80,200,True,286,286,1095,747,348,126,222,0.3178082191780822,0.11506849315068493,0.20273972602739726,0.31459170013386883,2.282463186077644,0.7543651130065382,14.34071668499764,31.651245461131037,0.5800709019531496,0.5470884965166669,0.013618795597649004,0.20473284377071913,0.09118935606446132,0.15790719994489688,0.5501749776453378,0.011710024240565109,0.224752308678635,0.11543336811997844,0.14625603986911506,-0.003086481128670937,0.0019087713570838955,-0.020019464907915868,-0.024244012055517114,0.011651160075781819,13.884018264840183,13.884018264840183,10.999086757990868,0.6164383561643836,0.09274289224547927,0.19966583119869166,0.01556019783906441,-0.10697603560456832,-0.07383876818859621,249,37,0.8706293706293706,0.12937062937062938,27,0.0944055944055944,0,37,1.0,-12.980582954435675,-5.50520993873476,-7.4753730157009155,7.361295451623121,0.294451818064925,-2.1600000000000006,-1.9080000000000008,-3.1745480545016314,-0.5272767792642117,10,62.52824354947821,0.0,137,25,13,65,0,36,6.86013986013986,6.86013986013986,1.532420091324201,66.43732546368567,22.523663420955245,-8.148761741003819,57.11285528045678,0.8751369930303109,88.96098888464091,0.03321866273184283,0.011261831710477623,0.04448049444232045,0.7902097902097902,0.7533333333333333,226,155,71,60,0,155,60.20038054605969,60.20038054605969,70,85,83,72,30.999999999999957,48.16030443684774,79.16030443684778,0.3883895519100625,37,34,23,23,23.502604549775725,0.0,23.502604549775725,0.0,1.0,0,49,0,4.9591284079286435,0,4,44,0.0,-26.44043011849769,70,0,222,126,0,126,222,39,0,4122.487931599034,412.24879315990336,9077.837981654824,907.7837981654824,482.04004404865594,48.20400440486559,5195.199152693483,519.5199152693483,5475.0,547.5,0,0,0.03958015221842394,0.0,0.03958015221842394,0.03958015221842394,0.0,0.0,0.115,-0.0011499999999999998,-0.0009200000000000007,0.0,0.030100190273029844,0.031280152218423875,0.0,2.0612439657995165,0.047431953315768285,0.011857988328942071,0.006795084635213972,0.09097389302005796,-0.0001819477860401159,0.0661072634134274,0.19071175980738095,-0.17022324366139402,0.001821765311646587,0.0,-0.015756835045629268,-0.003214400006329685,-0.001889999999999995,-0.0009494000063296845,-0.0003750000000000003,0.0,0.0,0.0,0.0,0.0,0.0,0.0,0.05010619276132581,0.0,0.0,0.0,0.04008495420906066,0.03166412177473903,0.008420832434321582,0.024482046769726488,-0.016297523482007636,0.03807523685363788,-0.004074380870501909,0.02855642764022839,0.001821765311646587,0.001821765311646587,0.0001696887886648377,0.49047563915833775,0.17281018534762918,0.08729048843148615,0.0,0.0,0.019993395347735022,0.0,0.0,0.0,0.031280152218423875,0.0,0.063,0.111,-0.00639835384893505,-0.0016054197680205108,-0.004792934080914539,0.36420838252878657,0.32059189478556316,0.043616487743223416,0.8622346520423889,0.0854266881942749,2335,8628,0,0.2841717531283697,1.0185673671610216,0.01,0.7265366315841675,0.5186783671379089,0.3161779046058655,0.5185442566871643,3.6176400184631348,0.020949723199009895,0.2951514720916748,0.4517848789691925,0.0036393264127100875,0.03373330402023652,0.09183022791848464,5,8,10963,2335,8628,0.04893862899523162,0.7594099424992543,426.1103648134606,rolling40_success_then_profit,0.7552891548797926,410.6302607579108,40,True,0.7552891548797926,410.6302607579108,True,cuda,131.17333984375
40,81,200,True,295,295,1020,646,374,120,254,0.36666666666666664,0.11764705882352941,0.24901960784313726,0.34210526315789475,2.2012383900928794,0.74167365864519,14.482836287826208,29.03491403363161,0.5731015881185507,0.5151046601472994,0.017925278840142507,0.19404766276109697,0.06737323271848791,0.15059924909078024,0.5152209266420489,0.016707906643672624,0.21142499378072127,0.07991406778464723,0.13973974823755653,-0.00011626649474949513,0.0012173721964698833,-0.017377331019624298,-0.012540835066159314,0.010859500853223708,11.161764705882353,11.161764705882353,8.56078431372549,0.5294117647058824,0.06978178797764283,0.056994301149803486,0.05310670626820443,-0.10162312758646451,-0.042809700488696034,255,40,0.864406779661017,0.13559322033898305,27,0.09152542372881356,0,40,1.0,-12.505696912771432,-5.252758103013035,-7.252938809758393,9.919357620115044,0.3967743048046019,-2.1600000000000006,-1.7640000000000007,-3.1472654105458364,-0.5784477040171623,13,72.62566322091173,0.0,135,22,13,74,2,39,6.488135593220339,6.488135593220339,1.5774509803921568,77.0349308285162,32.71579294378852,-6.849271636599418,70.3181642216075,0.9112414250852553,109.75072377230472,0.0385174654142581,0.01635789647189426,0.054875361886152364,0.7204301075268817,0.67,201,156,45,78,0,151,76.47759878267458,76.47759878267458,89,62,60,91,30.199999999999953,61.182079026139654,91.38207902613969,0.5064741641236727,42,34,36,36,27.33608856997296,0.0,27.33608856997296,0.0,1.0,0,53,0,4.63782514799565,0,6,44,0.0,-30.753099641219592,44,0,254,120,0,120,254,37,0,4464.844995809669,446.4844995809669,9647.03771326906,964.7037713269059,446.4283683042113,44.64283683042113,5624.255394670994,562.4255394670994,5100.0,510.0,0,0,0.04569103951306988,0.0,0.04569103951306988,0.04569103951306988,0.0,0.0,0.18,-0.0017999999999999867,-0.001440000000000001,0.0,0.038238799391337286,0.03969103951306982,0.0,2.0929953299738004,0.048820370901043686,0.012205092725260921,0.007187736634668501,0.03661995001298641,-7.323990002597281e-05,0.06456878629545529,0.14996440269728964,-0.10862577157428782,0.0016795025994935482,0.0,-0.013462677319793176,-0.0029865358846497938,-0.0017999999999999956,-0.0008115358846497961,-0.0003750000000000003,0.0,0.0,0.0,0.0,0.0,0.0,0.0,0.05602289233830461,0.0,0.0,0.0,0.044818313870643785,0.036552831610455784,0.008265482260188016,0.03173444629250404,-0.013698543273198837,0.04687877614773832,-0.0034246358182997093,0.03515908211080375,0.0016795025994935482,0.0016795025994935482,0.00013618326907356587,0.47114474379392035,0.1589680865153663,0.06753828994947789,0.0,0.0,0.026566649815457574,0.0,0.0,0.0,0.03969103951306982,0.0,0.06,0.127,-0.00639835384893505,-0.0016054197680205108,-0.004792934080914539,0.36420838252878657,0.32059189478556316,0.043616487743223416,0.8622346520423889,0.0854266881942749,2335,8628,0,0.2841717531283697,1.0185673671610216,0.01,0.7265366315841675,0.5186783671379089,0.3161779046058655,0.5185442566871643,3.6176400184631348,0.020949723199009895,0.2951514720916748,0.4517848789691925,0.0036393264127100875,0.03373330402023652,0.09183022791848464,5,8,10963,2335,8628,0.04893862899523162,0.7594099424992543,426.1103648134606,rolling40_success_then_profit,0.7552891548797926,410.6302607579108,40,True,0.7552891548797926,410.6302607579108,True,cuda,131.17333984375
41,82,200,True,279,279,1124,750,374,145,229,0.33274021352313166,0.1290035587188612,0.20373665480427047,0.4066666666666667,2.096,0.7157471626202265,15.832130046844483,27.41124113421639,0.5054195035733962,0.46298762051264447,0.013621326128641763,0.1354994505320986,0.08093168167831997,0.1635336040283243,0.4631872804760933,0.009454286875824133,0.1532362940410773,0.10422289807753017,0.15242091774692137,-0.0001996599634488394,0.0041670392528176305,-0.017736843508978695,-0.023291216399210196,0.011112686281402911,8.607651245551601,8.607651245551601,6.01423487544484,0.44395017793594305,0.07688861315200622,0.21825298828740847,0.09193035761434788,-0.09130160014263616,-0.07260162399414676,242,37,0.8673835125448028,0.13261648745519714,23,0.08243727598566308,0,37,1.0,-12.124657025490876,-6.478288034796708,-5.646368990694161,9.346833086100443,0.3738733234440178,-1.8400000000000005,-1.2000000000000002,-2.7590639999739013,-0.22117831416428088,14,52.2099655410266,0.0,115,32,19,68,0,35,6.827956989247312,6.827956989247312,1.4572953736654803,56.35167864300634,28.4737226820731,-7.555852970222886,48.04428368546153,0.8641036978557427,84.82540132507944,0.02817583932150317,0.01423686134103655,0.04241270066253972,0.8723404255319149,0.82,246,147,99,36,0,142,48.07807115785403,48.07807115785403,58,84,77,65,28.39999999999996,38.46245692628324,66.86245692628331,0.33857796590038053,18,14,18,18,10.679740473924934,0.0,10.679740473924934,0.0,1.0,0,22,0,5.607343292433947,0,4,18,0.0,-12.01470803316555,98,0,229,145,0,145,229,17,0,4221.9150083207605,422.19150083207603,9008.361510097277,900.8361510097277,411.03123498828245,41.103123498828246,5316.276602023137,531.6276602023137,5620.0,562.0,0,0,0.03343122846314168,0.0,0.03343122846314168,0.03343122846314168,0.0,0.0,0.09,-0.0009000000000000007,-0.0007200000000000005,0.0,0.024039035578927018,0.025731228463141624,0.0,1.9594010100766477,0.04464890513575904,0.01116222628393976,0.006298293993832738,0.11287247713530127,-0.00022574495427060253,0.06061896878150345,0.1635091427643256,-0.10221326638670113,0.0017770608867548226,0.0,-0.013784168269754291,-0.003574404088657299,-0.002174999999999996,-0.0009694040886572977,-0.0004300000000000003,0.0,0.0,0.0,0.0,0.0,0.0,0.0,0.043467709792810776,0.0,0.0,0.0,0.03477416783424866,0.02674498277051321,0.008029185063735348,0.020244215357619298,-0.015111705940445771,0.032029522456974345,-0.003777926485111443,0.024022141842730764,0.0017770608867548226,0.0017770608867548226,0.00034119771819561713,0.4336481483901601,0.11211361903343489,0.08549222661854934,0.0,0.0,0.013544054982189947,0.0,0.0,0.0,0.025731228463141624,0.0,0.0725,0.1145,0.007888365699909626,0.010868653779228528,-0.002980288079318901,0.2593806228910883,0.21961763401826223,0.0397629888728261,0.8964027762413025,0.03866279125213623,2286,9013,0,0.22356065213680268,0.9870968454413944,0.01,0.7074708342552185,0.5391287803649902,0.33850228786468506,0.54055255651474,3.583712577819824,-0.06377185881137848,0.28299111127853394,0.19338732957839966,0.003937746737695609,0.040675425964097185,0.09590747435059813,6,8,11299,2286,9013,0.041834713293777456,0.8095004955381835,418.5058502119702,rolling40_success_then_profit,0.7696639042121038,415.1534070611162,40,True,0.7696639042121038,415.1534070611162,True,cuda,135.21044921875
42,83,200,True,295,295,1096,695,401,112,289,0.3658759124087591,0.10218978102189781,0.2636861313868613,0.35683453237410073,2.2302158273381294,0.7619166101268727,13.851879093801374,30.330665568482104,0.5515858234344352,0.546215685901882,0.018106812989111428,0.183779136681085,0.06989893360170636,0.17399844448450658,0.5475411013733569,0.011220029280554477,0.21432898196277858,0.08920139814174245,0.15970057675735555,-0.0013254154714749111,0.0068867837085569514,-0.030549845281693577,-0.01930246454003609,0.014297867727151026,12.135036496350365,12.135036496350365,9.545620437956204,0.5565693430656934,0.12072461867621885,0.09721958378667973,0.05152038151817126,-0.0705666593329275,-0.05619660152984647,256,39,0.8677966101694915,0.13220338983050847,23,0.07796610169491526,0,39,1.0,-11.47663531589066,-5.932901180237526,-5.543734135653132,10.939719180128117,0.43758876720512485,-1.8400000000000005,-0.9720000000000002,-2.7600000000000016,-0.4093229028582573,16,52.808867587163896,0.0,123,23,13,85,3,38,6.4271186440677965,6.4271186440677965,1.4808394160583942,57.46184560110899,17.671661357124353,-6.835383619123383,47.89908022239365,0.8751173732346196,75.13350695823334,0.028730922800554497,0.008835830678562176,0.03756675347911667,0.7950530035335689,0.75,225,148,77,58,0,141,49.18873433194787,48.51385560494357,59,82,79,62,28.199999999999964,39.35098746555831,67.55098746555836,0.34885627185778634,35,30,23,23,20.792920218796368,0.0,20.792920218796368,0.0,1.0,0,44,0,5.645930446384184,0,2,42,0.0,-23.392035246145916,77,0,289,112,0,112,289,35,0,4324.854488986213,432.4854488986213,9054.7469346083,905.4746934608299,424.6516842961163,42.46516842961163,5443.381742391111,544.3381742391111,5480.0,548.0,0,0,0.03377549373277922,0.0,0.03377549373277922,0.03377549373277922,0.0,0.0,0.115,-0.0011499999999999974,-0.0009200000000000007,0.0,0.02459436716597393,0.025505542241977444,0.0,1.9579206724818745,0.04497617723781237,0.011244044309453093,0.006427177906284998,0.0915179891528638,-0.00018303597830572762,0.06046509686908339,0.1756123282444857,-0.13879168630564456,0.0022044328704114396,0.0,-0.013940078075682967,-0.0027889316768236064,-0.0016799999999999964,-0.0007939316768236055,-0.00031500000000000023,0.0,0.0,0.0,0.0,0.0,0.0,0.0,0.043686502063926484,0.0,0.0,0.0,0.03494920165114119,0.027020394986223238,0.007928806664917916,0.020531848301635108,-0.013670767238246766,0.03193272014826242,-0.0034176918095616916,0.023949540111196824,0.0022044328704114396,0.0022044328704114396,0.00034472348522394876,0.4752885007074525,0.1580815811395299,0.0794517162553589,0.0,0.0,0.016662899881211772,0.0,0.0,0.0,0.025505542241977444,0.0,0.056,0.1445,0.007888365699909626,0.010868653779228528,-0.002980288079318901,0.2593806228910883,0.21961763401826223,0.0397629888728261,0.8964027762413025,0.03866279125213623,2286,9013,0,0.22356065213680268,0.9870968454413944,0.01,0.7074708342552185,0.5391287803649902,0.33850228786468506,0.54055255651474,3.583712577819824,-0.06377185881137848,0.28299111127853394,0.19338732957839966,0.003937746737695609,0.040675425964097185,0.09590747435059813,6,8,11299,2286,9013,0.041834713293777456,0.8095004955381835,418.5058502119702,rolling40_success_then_profit,0.7696639042121038,415.1534070611162,40,True,0.7696639042121038,415.1534070611162,True,cuda,135.21044921875
43,84,200,True,289,289,1105,653,452,142,310,0.4090497737556561,0.12850678733031673,0.28054298642533937,0.38131699846860645,2.196018376722818,0.7780436839663052,13.621216629402197,30.52798402108606,0.5679962465477713,0.5254395412677645,0.014546584754406401,0.20273889266353837,0.05230857157840138,0.16077158370755534,0.5254490771666055,0.010545694190797726,0.22888899420118486,0.06782805013622244,0.1447575533702673,-9.535898841006585e-06,0.004000890563608675,-0.026150101537646492,-0.015519478557821056,0.016014030337288043,10.631674208144796,10.631674208144796,8.174660633484162,0.5285067873303168,0.07323621730927941,0.23961632560102722,0.04908447128030962,-0.0762809816356757,-0.04762836939959054,258,31,0.8927335640138409,0.10726643598615918,18,0.06228373702422145,0,31,1.0,-9.317339217054638,-4.959117850959297,-4.358221366095341,11.266180848670059,0.45064723394680245,-1.4400000000000002,-1.1280000000000001,-1.9517720403089913,-0.28909655973315246,13,54.332159612902885,0.0,123,20,17,90,0,29,6.692041522491349,6.692041522491349,1.5212669683257918,62.620604043178716,18.209703133489,-7.290760398557981,50.15087604776441,0.8730753361218915,80.83030717666772,0.03131030202158936,0.009104851566744501,0.040415153588333856,0.7971014492753623,0.7333333333333333,220,148,72,56,0,146,49.89399939516074,49.89399939516074,58,88,82,64,29.199999999999964,39.915199516128595,69.11519951612865,0.3417397218846626,33,27,23,23,21.911477791748823,0.0,21.911477791748823,0.0,1.0,0,42,0,4.4300646791229985,0,9,27,0.0,-24.650412515717438,70,0,310,142,0,142,310,29,0,4358.628220418215,435.8628220418215,9266.909474590202,926.6909474590202,407.8379582422591,40.78379582422591,5487.699587232559,548.7699587232559,5535.0,553.5,0,0,0.03455759975806437,0.0,0.03455759975806437,0.03455759975806437,0.0,0.0,0.115,-0.0011499999999999972,-0.0009200000000000007,0.0,0.02494699969758037,0.026357599758064305,0.0,2.1142684281138786,0.04865818158173274,0.012164545395433185,0.007076317607111973,0.06046530792581177,-0.00012093061585162355,0.06289683709459297,0.16145654755988417,-0.14775617272644098,0.0017980817536890417,0.0,-0.013487329041557368,-0.0034872368328293466,-0.0021299999999999956,-0.0009197368328293447,-0.00043750000000000033,0.0,0.0,0.0,0.0,0.0,0.0,0.0,0.045451214537645876,0.0,0.0,0.0,0.03636097163011659,0.027646079806451368,0.008714891823665284,0.02143005782460324,-0.014581520797115962,0.03343391736517629,-0.0036453801992789906,0.025075438023882207,0.0017980817536890417,0.0017980817536890417,0.00025438713852316133,0.45017896987861444,0.1618778829383392,0.04904028906527172,0.0,0.0,0.01782780269299865,0.0,0.0,0.0,0.026357599758064305,0.0,0.071,0.155,0.007888365699909626,0.010868653779228528,-0.002980288079318901,0.2593806228910883,0.21961763401826223,0.0397629888728261,0.8964027762413025,0.03866279125213623,2286,9013,0,0.22356065213680268,0.9870968454413944,0.01,0.7074708342552185,0.5391287803649902,0.33850228786468506,0.54055255651474,3.583712577819824,-0.06377185881137848,0.28299111127853394,0.19338732957839966,0.003937746737695609,0.040675425964097185,0.09590747435059813,6,8,11299,2286,9013,0.041834713293777456,0.8095004955381835,418.5058502119702,rolling40_success_then_profit,0.7696639042121038,415.1534070611162,40,True,0.7696639042121038,415.1534070611162,True,cuda,135.21044921875
44,85,200,True,294,294,1217,756,461,149,312,0.37880032867707475,0.12243221035332785,0.2563681183237469,0.33994708994708994,2.2314814814814814,0.7448833860338681,14.405417824548389,31.87667346095282,0.573446923228701,0.5255019140858499,0.010415264903001053,0.17632487282235787,0.09858161882711722,0.1596892210901296,0.5310585684877224,0.008084516255332836,0.19936004343748132,0.1290316751600051,0.14476119331946527,-0.005556654401872474,0.0023307486476682165,-0.023035170615123446,-0.030450056332887887,0.01492802777066432,11.29252259654889,11.29252259654889,8.668036154478225,0.5505341002465078,0.07024285100598354,0.0556467552862293,0.0111284014904533,-0.008597410836699886,-0.04970578360261404,261,33,0.8877551020408163,0.11224489795918367,20,0.06802721088435375,0,33,1.0,-11.05292854036641,-6.4876074203848795,-4.56532111998153,9.771834122399289,0.3908733648959717,-1.6000000000000003,-0.8160000000000001,-2.353229084114647,-0.18696540076285603,13,52.173742390710466,0.0,111,27,19,92,2,33,6.591836734693878,6.591836734693878,1.4042728019720625,57.047942404624735,13.292370520150396,-8.304918735841296,47.70014003743757,0.8517112754142178,70.34031292477513,0.028523971202312367,0.006646185260075198,0.03517015646238757,0.8100358422939068,0.7533333333333333,226,136,90,53,0,135,49.0214724854851,49.0214724854851,57,78,75,60,26.99999999999997,39.217177988388066,66.21717798838812,0.3631220184110007,38,35,15,15,23.202534027951867,0.0,23.202534027951867,0.0,1.0,0,46,0,5.400329685786244,0,5,38,0.0,-26.102850781445863,88,0,312,149,0,149,312,38,0,3750.6121803123774,375.06121803123773,7906.809254074105,790.6809254074105,454.86313788930147,45.48631378893015,4726.499136369616,472.6499136369616,6085.0,608.5,0,0,0.03310858899419408,0.0,0.03310858899419408,0.03310858899419408,0.0,0.0,0.075,-0.0007500000000000003,-0.0006000000000000004,0.0,0.024510736242742553,0.02560858899419404,0.0,1.844634349491121,0.043358533627261116,0.010839633406815279,0.006191504364097658,0.0875890301949235,-0.00017517806038984705,0.057931549496813936,0.1972889124333244,-0.1703617368804323,0.0017414666571017223,0.0,-0.015764577217430447,-0.0037219509032239938,-0.0022349999999999965,-0.0010569509032239946,-0.0004300000000000003,0.0,0.0,0.0,0.0,0.0,0.0,0.0,0.043023044340619494,0.0,0.0,0.0,0.03441843547249559,0.026486871195355168,0.007931564277140367,0.019697610650798097,-0.01660983747168259,0.031800093358291696,-0.004152459367920648,0.023850070018718784,0.0017414666571017223,0.0017414666571017223,0.00011565644444276885,0.4503919035667039,0.15550455591090248,0.09901613066940156,0.0,0.0,0.01021856466823998,0.0,0.0,0.0,0.02560858899419404,0.0,0.0745,0.156,0.007888365699909626,0.010868653779228528,-0.002980288079318901,0.2593806228910883,0.21961763401826223,0.0397629888728261,0.8964027762413025,0.03866279125213623,2286,9013,0,0.22356065213680268,0.9870968454413944,0.01,0.7074708342552185,0.5391287803649902,0.33850228786468506,0.54055255651474,3.583712577819824,-0.06377185881137848,0.28299111127853394,0.19338732957839966,0.003937746737695609,0.040675425964097185,0.09590747435059813,6,8,11299,2286,9013,0.041834713293777456,0.8095004955381835,418.5058502119702,rolling40_success_then_profit,0.7696639042121038,415.1534070611162,40,True,0.7696639042121038,415.1534070611162,True,cuda,135.21044921875
45,86,200,True,256,256,1211,860,351,175,176,0.2898431048720066,0.14450867052023122,0.1453344343517754,0.3918604651162791,2.191860465116279,0.7436481238624384,14.279215078575666,27.81419542314008,0.5079921394546292,0.5038210223233976,0.00886794064453868,0.20989183634086403,0.054070401638962845,0.16998798048426939,0.5052578277019567,0.006633607542878666,0.22673774901669214,0.08324295231357737,0.15135156190845855,-0.0014368053785590584,0.0022343331016600144,-0.016845912675828106,-0.029172550674614522,0.01863641857581083,12.037985136251033,12.037985136251033,9.191577208918249,0.5689512799339389,0.0512024561584589,-0.0361667595957822,0.001642575451846929,-0.06778921119757444,-0.0505922930820463,226,30,0.8828125,0.1171875,21,0.08203125,0,30,1.0,-13.081475662664065,-7.432540883570906,-5.648934779093161,7.108866674111709,0.28435466696446837,-1.6800000000000004,-1.2720000000000002,-2.4042641835304623,-0.5770252625271679,9,51.04441302630064,0.0,114,39,17,45,1,30,7.4765625,7.4765625,1.4029727497935591,53.11592516077498,15.763361366901508,-8.83828806717418,46.46873747738279,0.8401959248368222,68.87928652767648,0.02655796258038749,0.007881680683450755,0.03443964326383824,0.8145454545454546,0.7466666666666667,224,140,84,51,0,134,47.006895353594736,47.006895353594736,57,77,73,61,26.799999999999965,37.605516282875776,64.40551628287587,0.3507977265193637,30,21,21,21,19.437411594050754,0.0,19.437411594050754,0.0,1.0,0,35,0,4.571642971488913,0,3,26,0.0,-21.867088043307103,84,0,176,175,0,175,176,24,0,3868.299745982127,386.82997459821274,7996.440879958649,799.6440879958649,458.5209476585134,45.85209476585134,4874.582519681631,487.45825196816315,6055.0,605.5,0,0,0.032202758141437964,0.0,0.032202758141437964,0.032202758141437964,0.0,0.0,0.105,-0.0010499999999999995,-0.0008400000000000007,0.0,0.02350344767679737,0.024902758141437897,0.0,1.7784371741580913,0.04183498640552856,0.01045874660138214,0.0060764001768172865,0.054064614085314135,-0.00010812922817062826,0.057318034802469116,0.2157345919573681,-0.1845349655768093,0.0019118401915401058,0.0,-0.01588629960457409,-0.004364466721795509,-0.0026249999999999997,-0.0011869667217955064,-0.0005524999999999998,0.0,0.0,0.0,0.0,0.0,0.0,0.0,0.04150337551464934,0.0,0.0,0.0,0.033202700411719493,0.025762206513150247,0.007440493898569242,0.018815224705104314,-0.017676576134348358,0.030979158318255193,-0.0044191440335870896,0.023234368738691395,0.0019118401915401058,0.0019118401915401058,0.00024276210844516763,0.47324732851539547,0.1825936829749256,0.06370619109320785,0.0,0.0,0.016372052713681744,0.0,0.0,0.0,0.024902758141437897,0.0,0.0875,0.088,0.007888365699909626,0.010868653779228528,-0.002980288079318901,0.2593806228910883,0.21961763401826223,0.0397629888728261,0.8964027762413025,0.03866279125213623,2286,9013,0,0.22356065213680268,0.9870968454413944,0.01,0.7074708342552185,0.5391287803649902,0.33850228786468506,0.54055255651474,3.583712577819824,-0.06377185881137848,0.28299111127853394,0.19338732957839966,0.003937746737695609,0.040675425964097185,0.09590747435059813,6,8,11299,2286,9013,0.041834713293777456,0.8095004955381835,418.5058502119702,rolling40_success_then_profit,0.7696639042121038,415.1534070611162,40,True,0.7696639042121038,415.1534070611162,True,cuda,135.21044921875
46,87,200,True,311,311,1081,657,424,118,306,0.39222941720629045,0.1091581868640148,0.28307123034227566,0.3546423135464231,2.1841704718417048,0.7058071200842182,15.681818986773672,30.044716674509342,0.5356013037851651,0.5005472015300297,0.022330285105258908,0.14658834857233946,0.07031676623845527,0.1662167036761296,0.501065741005372,0.018586516530569103,0.1662529798612974,0.08294255393018586,0.15382444017950894,-0.0005185394753423056,0.003743768574689804,-0.01966463128895793,-0.012625787691730589,0.012392263496620648,9.898242368177613,9.898242368177613,7.5448658649398705,0.4320074005550416,0.10445396011118706,0.3996085403311194,0.0623777369585212,-0.008468295265990133,-0.08532037762536158,275,36,0.8842443729903537,0.1157556270096463,18,0.05787781350482315,0,36,1.0,-9.705170830767258,-5.773899525478475,-3.9312713052887798,11.799193501693797,0.47196774006775194,-1.4400000000000002,-0.6120000000000001,-2.1387344238358943,-0.21250462152063845,18,71.12992410779218,0.0,138,23,11,92,2,35,6.308681672025723,6.308681672025723,1.5753931544865865,79.84673741231467,35.589224455716646,-6.743442002526239,69.09963004666098,0.9110869085293268,115.43596186803131,0.039923368706157335,0.017794612227858324,0.05771798093401566,0.7841726618705036,0.7266666666666667,218,152,66,60,0,151,73.89050641842526,73.89050641842526,83,68,60,91,30.199999999999964,59.11240513474019,89.31240513474029,0.48934110210877657,42,39,18,18,23.792856523038296,0.0,23.792856523038296,0.0,1.0,0,50,0,6.497436115117167,0,7,41,0.0,-26.76696358841809,66,0,306,118,0,118,306,44,0,4342.311160611359,434.2311160611359,9315.437556162971,931.5437556162972,403.65145032177634,40.36514503217764,5467.340827991096,546.7340827991096,5405.0,540.5,0,0,0.044656202567370185,0.0,0.044656202567370185,0.044656202567370185,0.0,0.0,0.09,-0.0009000000000000007,-0.0007200000000000005,0.0,0.03694525320921263,0.038656202567370124,0.0,2.1551120831554536,0.049691535662216936,0.012422883915554234,0.007410217463737216,0.0120719154990623,-2.41438309981246e-05,0.06486566034821009,0.14321405926415628,-0.08579874160582299,0.0018832433452553492,0.0,-0.012796002046259865,-0.002817763648631944,-0.0017699999999999958,-0.0006902636486319445,-0.0003575000000000003,0.0,0.0,0.0,0.0,0.0,0.0,0.0,0.05615494265192625,0.0,0.0,0.0,0.044923954121541,0.03572496205389602,0.009198992067644914,0.031178094022067407,-0.013486884005052477,0.04606642003110733,-0.003371721001263119,0.03454981502333049,0.0018832433452553492,0.0018832433452553492,0.00017511434705307094,0.4351605844184861,0.11904647565575564,0.06627246654448118,0.0,0.0,0.028527900828650588,0.0,0.0,0.0,0.038656202567370124,0.0,0.059,0.153,0.007888365699909626,0.010868653779228528,-0.002980288079318901,0.2593806228910883,0.21961763401826223,0.0397629888728261,0.8964027762413025,0.03866279125213623,2286,9013,0,0.22356065213680268,0.9870968454413944,0.01,0.7074708342552185,0.5391287803649902,0.33850228786468506,0.54055255651474,3.583712577819824,-0.06377185881137848,0.28299111127853394,0.19338732957839966,0.003937746737695609,0.040675425964097185,0.09590747435059813,6,8,11299,2286,9013,0.041834713293777456,0.8095004955381835,418.5058502119702,rolling40_success_then_profit,0.7696639042121038,415.1534070611162,40,True,0.7696639042121038,415.1534070611162,True,cuda,135.21044921875
47,88,200,True,269,269,1094,720,374,153,221,0.34186471663619744,0.13985374771480805,0.2020109689213894,0.4083333333333333,2.1305555555555555,0.7622163340035412,13.866409518983629,28.626377810372247,0.5850284549731037,0.5200672344615062,0.01403309777379036,0.20968064420546095,0.05827899953065854,0.14860370172860307,0.5207271380349994,0.009022447601374653,0.2342917988387247,0.07528774539128386,0.1406779018851618,-0.0006599035734932146,0.005010650172415707,-0.024611154633263743,-0.017008745860625313,0.007925799843441272,12.487202925045704,12.487202925045704,9.749542961608775,0.5447897623400365,0.03554577788933949,0.12555663955202667,0.013045259174496336,-0.11384082865213464,-0.08346317404441007,239,30,0.8884758364312267,0.11152416356877323,14,0.05204460966542751,0,30,1.0,-8.526945077826324,-5.196293415874239,-3.330651661952089,10.657666388945373,0.42630665555781505,-1.1199999999999999,-0.7800000000000001,-1.6300464667520065,-0.22691185075789688,16,57.89011382129963,0.0,127,25,19,59,0,29,7.130111524163569,7.130111524163569,1.5109689213893966,66.505905652976,22.13004689533117,-8.694683837114619,53.00390619891676,0.8590780788987722,88.63595254830716,0.033252952826488,0.011065023447665585,0.04431797627415358,0.7852112676056338,0.7433333333333333,223,157,66,61,0,154,53.95330284578066,53.95330284578066,66,88,86,68,30.799999999999958,43.16264227662453,73.96264227662459,0.35034612237519913,30,26,31,31,19.71482263686305,0.0,19.71482263686305,0.0,1.0,0,38,0,4.34144536166557,0,4,28,0.0,-22.179175466470934,66,0,221,153,0,153,221,24,0,4320.675673610774,432.06756736107735,9141.2938799606,914.12938799606,453.30008238834074,45.330008238834075,5442.815515659983,544.2815515659984,5470.0,547.0,0,0,0.03698132113831234,0.0,0.03698132113831234,0.03698132113831234,0.0,0.0,0.155,-0.0015499999999999906,-0.0012400000000000007,0.0,0.026976651422890335,0.02838132113831228,0.0,2.0844968667001127,0.04919408818067904,0.01229852204516976,0.006954616327632223,0.11715573836529239,-0.0002343114767305848,0.06602059828313235,0.1794029064733529,-0.15146930218512633,0.00125141938701325,0.0,-0.015317108645225012,-0.0038448986169066965,-0.0022949999999999967,-0.0010548986169066968,-0.0004950000000000004,0.0,0.0,0.0,0.0,0.0,0.0,0.0,0.04749553170675138,0.0,0.0,0.0,0.037996425365401126,0.029585056910649728,0.008411368454751378,0.022154611180901042,-0.017389367674229238,0.0353359374659445,-0.0043473419185573094,0.02650195309945838,0.00125141938701325,0.00125141938701325,0.0003594916309043763,0.4783279007256956,0.18397379831033206,0.057939495895235255,0.0,0.0,0.025191375384287038,0.0,0.0,0.0,0.02838132113831228,0.0,0.0765,0.1105,0.007888365699909626,0.010868653779228528,-0.002980288079318901,0.2593806228910883,0.21961763401826223,0.0397629888728261,0.8964027762413025,0.03866279125213623,2286,9013,0,0.22356065213680268,0.9870968454413944,0.01,0.7074708342552185,0.5391287803649902,0.33850228786468506,0.54055255651474,3.583712577819824,-0.06377185881137848,0.28299111127853394,0.19338732957839966,0.003937746737695609,0.040675425964097185,0.09590747435059813,6,8,11299,2286,9013,0.041834713293777456,0.8095004955381835,418.5058502119702,rolling40_success_then_profit,0.7696639042121038,415.1534070611162,40,True,0.7696639042121038,415.1534070611162,True,cuda,135.21044921875
48,89,200,True,293,293,1085,667,418,138,280,0.38525345622119817,0.1271889400921659,0.25806451612903225,0.3808095952023988,2.1454272863568216,0.721789485890826,14.980454204679429,27.816884806488588,0.5637427103010878,0.4956965849272672,0.011259512051470813,0.1554466329146361,0.11172722767259384,0.1508877727285452,0.49806324844953714,0.007831208056014874,0.178315340770294,0.13810027656850518,0.13504419354316982,-0.0023666635222699406,0.0034283039954559388,-0.02286870785565792,-0.02637304889591134,0.015843579185375378,10.23041474654378,10.23041474654378,7.79815668202765,0.47096774193548385,0.13880379721399536,0.04924115917718713,0.03596287979310186,-0.09007691487117979,-0.08767012315914895,255,38,0.8703071672354948,0.1296928327645051,24,0.08191126279863481,0,38,1.0,-11.049395594335905,-5.219554448053236,-5.829841146282666,10.788874634696288,0.43155498538785164,-1.9200000000000006,-1.1040000000000003,-2.826407350367353,-0.41098878130316735,14,57.27916425118456,0.0,127,22,14,81,1,38,6.566552901023891,6.566552901023891,1.5152073732718894,63.07612917783109,22.198554193837605,-7.1139744020361775,52.48344045380209,0.8806328358496026,85.2746833716687,0.031538064588915546,0.011099277096918802,0.04263734168583435,0.8175438596491228,0.7766666666666666,233,151,82,52,0,146,55.050640543354525,54.24869414247589,66,80,79,67,29.199999999999957,44.0405124346836,73.24051243468367,0.3770591818037981,31,24,21,21,20.596366095936265,0.0,20.596366095936265,0.0,1.0,0,33,0,4.287398052305517,0,7,22,0.0,-23.1709118579283,82,0,280,138,0,138,280,24,0,4293.171538715793,429.3171538715793,9200.488459823586,920.0488459823586,421.701220141319,42.170122014131906,5410.463638438568,541.0463638438567,5440.0,544.0,0,0,0.03662025621734187,0.0,0.03662025621734187,0.03662025621734187,0.0,0.0,0.105,-0.0010499999999999995,-0.0008400000000000007,0.0,0.027525320271677263,0.028299477656990344,0.0,2.012304800596384,0.04658413384606157,0.011646033461515392,0.006689482645544374,0.08602906795066133,-0.00017205813590132266,0.06258712228864449,0.15469585906733585,-0.12398521447248848,0.0022434321342004395,0.0,-0.013673323213532564,-0.0033788714226731303,-0.002069999999999995,-0.000871371422673131,-0.00043750000000000033,0.0,0.0,0.0,0.0,0.0,0.0,0.0,0.047044231542955825,0.0,0.0,0.0,0.037635385234364674,0.02929620497387337,0.008339180260491297,0.022684733025882895,-0.014227948804072355,0.034988960302534726,-0.0035569872010180886,0.026241720226901046,0.0022434321342004395,0.0022434321342004395,0.00019116426338752142,0.43299107759247063,0.12327782748155404,0.09513985719836969,0.0,0.0,0.020172629287615887,0.0,0.0,0.0,0.028299477656990344,0.0,0.069,0.14,0.007888365699909626,0.010868653779228528,-0.002980288079318901,0.2593806228910883,0.21961763401826223,0.0397629888728261,0.8964027762413025,0.03866279125213623,2286,9013,0,0.22356065213680268,0.9870968454413944,0.01,0.7074708342552185,0.5391287803649902,0.33850228786468506,0.54055255651474,3.583712577819824,-0.06377185881137848,0.28299111127853394,0.19338732957839966,0.003937746737695609,0.040675425964097185,0.09590747435059813,6,8,11299,2286,9013,0.041834713293777456,0.8095004955381835,418.5058502119702,rolling40_success_then_profit,0.7696639042121038,415.1534070611162,40,True,0.7696639042121038,415.1534070611162,True,cuda,135.21044921875
49,90,200,True,288,288,1056,646,410,133,277,0.38825757575757575,0.1259469696969697,0.2623106060606061,0.4195046439628483,2.1176470588235294,0.7527982840320274,14.26614630406855,29.023178393718997,0.5616748204444237,0.5055593325995809,0.02258227903961028,0.19370147042357055,0.0507669066678698,0.15752949418309764,0.5039997936310044,0.017972451787522704,0.2142410594969988,0.06850830865710333,0.14357590147700658,0.0015595389685764127,0.004609827252087577,-0.020539589073428233,-0.017741401989233532,0.013953592706091061,10.250946969696969,10.250946969696969,7.847537878787879,0.4715909090909091,0.10616874291984363,0.15990342055190884,0.0226692167509848,-0.10872923953195493,-0.07348224691684893,257,31,0.8923611111111112,0.1076388888888889,11,0.03819444444444445,0,31,1.0,-7.337769982714492,-5.365611650422211,-1.9721583322922804,13.849212343517888,0.5539684937407156,-0.8799999999999999,-0.30000000000000004,-1.3200000000000003,-0.026126826032996178,20,70.18595324565085,0.0,129,22,14,81,2,30,6.659722222222222,6.659722222222222,1.571969696969697,80.00733628393229,35.61082286834922,-6.971727853812823,68.2573458380433,0.9073266822030863,115.6181591522815,0.040003668141966146,0.01780541143417461,0.05780907957614075,0.7906137184115524,0.73,219,149,70,58,0,144,73.91555194632944,73.91555194632944,89,55,55,89,28.79999999999997,59.13244155706355,87.9324415570636,0.5133024440717322,37,31,21,21,22.82204010300555,0.0,22.82204010300555,0.0,1.0,0,41,0,5.108652782165689,0,4,32,0.0,-25.674795115881253,70,0,277,133,0,133,277,25,0,4550.7225970120135,455.07225970120135,9705.37199075263,970.5371990752631,411.6660043960052,41.166600439600515,5730.867910436232,573.0867910436232,5280.0,528.0,0,0,0.043966220778531816,0.0,0.043966220778531816,0.043966220778531816,0.0,0.0,0.105,-0.0010499999999999995,-0.0008400000000000007,0.0,0.036957775973164735,0.03846622077853177,0.0,2.121476884221704,0.04715332111941042,0.011788330279852604,0.007038676446830436,0.009429820865086015,-1.885964173017203e-05,0.06188087012902018,0.15107813915983673,-0.11175590802961691,0.0017129050304013562,0.0,-0.013194252148735949,-0.0032469808444597053,-0.001994999999999994,-0.0008544808444597043,-0.0003975000000000003,0.0,0.0,0.0,0.0,0.0,0.0,0.0,0.05468569141665406,0.0,0.0,0.0,0.043748553133323424,0.03517297662282537,0.008575576510497965,0.030642808992115262,-0.013943455707625646,0.045504897225362204,-0.0034858639269064115,0.034128672919021656,0.0017129050304013562,0.0017129050304013562,0.0003315976871798436,0.4408072337639273,0.1452976501820594,0.049970951920562834,0.0,0.0,0.02692164676667688,0.0,0.0,0.0,0.03846622077853177,0.0,0.0665,0.1385,-0.006952972068554825,-0.0035180539513627687,-0.0034349181171920563,0.2663195802519719,0.22239596744378407,0.0439236128081878,0.9059094190597534,0.07838165760040283,2287,8900,0,0.16315022011597952,0.9328648295667437,0.01,0.6776981353759766,0.5692052245140076,0.36996594071388245,0.5666292309761047,3.550337076187134,0.016095029190182686,0.29875317215919495,0.2941572964191437,0.004029066233326577,0.04007493617633979,0.10834745574328634,7,8,11187,2287,8900,0.05216818889197389,0.8035433428976682,424.5490711554535,rolling40_success_then_profit,0.7853143064402601,419.4861693176649,40,True,0.7853143064402601,419.4861693176649,True,cuda,134.5625
50,91,200,True,270,270,1226,893,333,137,196,0.27161500815660683,0.11174551386623165,0.1598694942903752,0.3337066069428891,2.270996640537514,0.7291961780353997,14.591534280296402,27.21841969550457,0.5713449124955153,0.5147938809095812,0.009793229609694486,0.21598358564954856,0.06661249974727931,0.15622890572306625,0.518090250193739,0.0062919520738577385,0.24139223269667698,0.09709149767584214,0.14224775883286758,-0.003296369284157774,0.003501277535836748,-0.02540864704712842,-0.03047899792856283,0.013981146890198665,12.597879282218598,12.597879282218598,9.625611745513867,0.6060358890701468,0.07740178661007009,0.16015227103911753,-0.013228469938186176,-0.0713608991546964,-0.06668195366623443,245,25,0.9074074074074074,0.09259259259259259,13,0.04814814814814815,0,25,1.0,-11.585869707720745,-8.348844629451627,-3.237025078269119,8.306635651718251,0.33226542606873005,-1.0399999999999998,-0.876,-1.5050803731471318,-0.14821013119071721,12,54.75202737152011,0.0,118,42,17,55,3,25,7.207407407407407,7.207407407407407,1.4070146818923328,59.22506883827689,20.080023717724035,-9.701210892811538,50.28316097539635,0.8382710264245804,79.30509255600093,0.029612534419138446,0.010040011858862018,0.03965254627800047,0.837037037037037,0.7533333333333333,226,140,86,44,0,139,51.80004276800017,51.80004276800017,61,78,73,66,27.79999999999996,41.440034214400114,69.2400342144002,0.37266217818705155,32,27,12,12,18.223934546542928,0.0,18.223934546542928,0.0,1.0,0,40,0,6.278438886525446,0,1,36,0.0,-20.50192636486079,86,0,196,137,0,137,196,31,0,3692.003151134466,369.2003151134466,7902.785444988479,790.2785444988479,528.073991862826,52.8073991862826,4653.729384389652,465.3729384389652,6130.0,613.0,0,0,0.03462001710720013,0.0,0.03462001710720013,0.03462001710720013,0.0,0.0,0.06,-0.0006000000000000004,-0.0004800000000000004,0.0,0.02590002138400008,0.027320017107200063,0.0,1.8095694160594449,0.04303575165742253,0.010758937914355633,0.006202090209730832,0.06855921515357344,-0.00013711843030714689,0.05913688782962185,0.22256418787876361,-0.18489900258474296,0.001091103339483488,0.0,-0.018553127541354894,-0.0034209764380879713,-0.0020549999999999948,-0.0009584764380879701,-0.0004075000000000003,0.0,0.0,0.0,0.0,0.0,0.0,0.0,0.04464183659124852,0.0,0.0,0.0,0.035713469272998837,0.027696013685759992,0.008017455587238815,0.02029097504129243,-0.019402421785623077,0.03352210731693092,-0.004850605446405769,0.025141580487698174,0.001091103339483488,0.001091103339483488,0.00024300568748265546,0.46896643771915647,0.17719804226171587,0.06970324899946553,0.0,0.0,0.017463303400289218,0.0,0.0,0.0,0.027320017107200063,0.0,0.0685,0.098,-0.006952972068554825,-0.0035180539513627687,-0.0034349181171920563,0.2663195802519719,0.22239596744378407,0.0439236128081878,0.9059094190597534,0.07838165760040283,2287,8900,0,0.16315022011597952,0.9328648295667437,0.01,0.6776981353759766,0.5692052245140076,0.36996594071388245,0.5666292309761047,3.550337076187134,0.016095029190182686,0.29875317215919495,0.2941572964191437,0.004029066233326577,0.04007493617633979,0.10834745574328634,7,8,11187,2287,8900,0.05216818889197389,0.8035433428976682,424.5490711554535,rolling40_success_then_profit,0.7853143064402601,419.4861693176649,40,True,0.7853143064402601,419.4861693176649,True,cuda,134.5625
51,92,200,True,288,288,1094,672,422,115,307,0.3857404021937843,0.10511882998171847,0.2806215722120658,0.40773809523809523,2.0892857142857144,0.7176697540229985,15.047138628505525,30.711256350080173,0.5390197990465735,0.505595299393116,0.017099216402996154,0.11526740026394171,0.05829911878044229,0.17165464219371124,0.5111360102670178,0.01340362329834274,0.14101685726685295,0.08016502128434479,0.1524208472165767,-0.005540710873901844,0.003695593104653415,-0.025749457002911244,-0.021865902503902496,0.01923379497713454,11.504570383912249,11.504570383912249,9.182815356489945,0.4643510054844607,0.07416443838125059,0.009039104942253141,-0.019246478457873386,-0.07787574853300902,-0.02302893331956409,258,30,0.8958333333333334,0.10416666666666667,13,0.04513888888888889,0,30,1.0,-8.394020822493617,-5.456520240008825,-2.937500582484796,11.277620313356465,0.45110481253425877,-1.0399999999999998,-0.6360000000000002,-1.5600000000000005,-0.15260539501905443,17,64.92417638186248,0.0,118,21,16,91,2,30,6.59375,6.59375,1.4862888482632541,73.69131506355748,29.25003803752275,-6.3991369773791025,63.17339275734677,0.9080220742040217,102.94135310108024,0.03684565753177874,0.014625019018761374,0.05147067655054012,0.7978723404255319,0.75,225,146,79,57,0,142,67.94402559666013,67.94402559666013,80,62,60,82,28.39999999999996,54.35522047732808,82.75522047732814,0.4784790534976065,35,29,22,22,24.465971326617723,0.0,24.465971326617723,0.0,1.0,0,37,0,3.8486781215683714,0,3,32,0.0,-27.524217742444943,78,0,307,115,0,115,307,23,0,4377.047549874522,437.7047549874522,9161.059555404901,916.1059555404902,400.54204980501237,40.05420498050124,5511.095607866756,551.1095607866756,5470.0,547.0,0,0,0.0413776102386641,0.0,0.0413776102386641,0.0413776102386641,0.0,0.0,0.11,-0.0010999999999999985,-0.0008800000000000007,0.0,0.03397201279833007,0.03537761023866405,0.0,2.0589748402693515,0.047819631297342395,0.011954907824335599,0.006737984932900476,0.11959156710887427,-0.00023918313421774853,0.06124811023819303,0.1602265683939159,-0.11466603708286424,0.002639960073401049,0.0,-0.013171683802285181,-0.002842123533080249,-0.001724999999999996,-0.0007771235330802486,-0.00034000000000000024,0.0,0.0,0.0,0.0,0.0,0.0,0.0,0.05199333492878181,0.0,0.0,0.0,0.041594667943025514,0.03310208819093119,0.008492579752094328,0.028387127889983828,-0.012798273954758205,0.04211559517156454,-0.0031995684886895514,0.03158669637867338,0.002639960073401049,0.002639960073401049,0.0001899904864529771,0.43689460434543936,0.10373397485631833,0.06523086757241024,0.0,0.0,0.021730524030847024,0.0,0.0,0.0,0.03537761023866405,0.0,0.0575,0.1535,-0.006952972068554825,-0.0035180539513627687,-0.0034349181171920563,0.2663195802519719,0.22239596744378407,0.0439236128081878,0.9059094190597534,0.07838165760040283,2287,8900,0,0.16315022011597952,0.9328648295667437,0.01,0.6776981353759766,0.5692052245140076,0.36996594071388245,0.5666292309761047,3.550337076187134,0.016095029190182686,0.29875317215919495,0.2941572964191437,0.004029066233326577,0.04007493617633979,0.10834745574328634,7,8,11187,2287,8900,0.05216818889197389,0.8035433428976682,424.5490711554535,rolling40_success_then_profit,0.7853143064402601,419.4861693176649,40,True,0.7853143064402601,419.4861693176649,True,cuda,134.5625
52,93,200,True,304,304,1074,657,417,106,311,0.388268156424581,0.09869646182495345,0.28957169459962756,0.4292237442922374,2.0898021308980215,0.7378466672049991,14.418746309556191,30.520987005357146,0.5785579992969602,0.5154041495270563,0.0258509108918624,0.2044870087613254,0.03223577369560163,0.1553314772024864,0.5132658413102457,0.020316438400718177,0.22848336738101924,0.04458034228919077,0.14690570001131778,0.0021383082168106027,0.005534472491144225,-0.023996358619693847,-0.012344568593589143,0.008425777191168632,11.64804469273743,11.64804469273743,9.404096834264433,0.4245810055865922,0.09750409070718567,0.015557009916387738,-9.06024174234798e-06,-0.035885733945688586,-0.03541307162665166,270,34,0.8881578947368421,0.1118421052631579,18,0.05921052631578947,0,34,1.0,-10.133315718606404,-5.966494157463309,-4.166821561143109,11.617973883725469,0.4647189553490188,-1.4400000000000002,-0.8280000000000002,-2.107341723736525,-0.2561987927556038,16,73.46331453525133,0.0,136,25,10,89,2,32,6.463815789473684,6.463815789473684,1.5772811918063314,81.05232436149745,33.66113382065245,-7.178231242356972,72.05852614143892,0.9094078117358076,114.7134581821499,0.040526162180748726,0.016830566910326226,0.057356729091074955,0.7402135231316725,0.6933333333333334,208,150,58,73,0,149,78.2864289613302,78.2864289613302,93,56,56,93,29.79999999999997,62.629143169064164,92.42914316906422,0.5254122749082564,43,32,30,30,27.750365403048466,0.0,27.750365403048466,0.0,1.0,0,56,0,4.466221845388372,0,2,52,0.0,-31.219161078429526,57,0,311,106,0,106,311,38,0,4383.540092263576,438.3540092263576,9237.535111323443,923.7535111323443,437.2613672271957,43.72613672271957,5521.73017537501,552.173017537501,5370.0,537.0,0,0,0.04621457158453211,0.0,0.04621457158453211,0.04621457158453211,0.0,0.0,0.15,-0.0014999999999999933,-0.0012000000000000008,0.0,0.03914321448066511,0.04061457158453207,0.0,2.161137899143953,0.05055822250822732,0.01263955562705683,0.007424445843093884,0.04655108076198693,-9.310216152397385e-05,0.06427862059827706,0.1488534502135837,-0.12064538330208255,0.0013137213515340997,0.0,-0.013822276572606837,-0.0025462791743167414,-0.001589999999999997,-0.0006412791743167401,-0.00031500000000000023,0.0,0.0,0.0,0.0,0.0,0.0,0.0,0.057261025050064834,0.0,0.0,0.0,0.045808820040051976,0.036971657267625614,0.00883716277242635,0.032440147449540886,-0.014356462484713945,0.04803901742762597,-0.003589115621178486,0.03602926307071946,0.0013137213515340997,0.0013137213515340997,0.00035739899796744196,0.44185936165566836,0.15818249598286988,0.03760533106796141,0.0,0.0,0.03103080312862859,0.0,0.0,0.0,0.04061457158453207,0.0,0.053,0.1555,-0.006952972068554825,-0.0035180539513627687,-0.0034349181171920563,0.2663195802519719,0.22239596744378407,0.0439236128081878,0.9059094190597534,0.07838165760040283,2287,8900,0,0.16315022011597952,0.9328648295667437,0.01,0.6776981353759766,0.5692052245140076,0.36996594071388245,0.5666292309761047,3.550337076187134,0.016095029190182686,0.29875317215919495,0.2941572964191437,0.004029066233326577,0.04007493617633979,0.10834745574328634,7,8,11187,2287,8900,0.05216818889197389,0.8035433428976682,424.5490711554535,rolling40_success_then_profit,0.7853143064402601,419.4861693176649,40,True,0.7853143064402601,419.4861693176649,True,cuda,134.5625
53,94,200,True,266,266,1197,816,381,147,234,0.3182957393483709,0.12280701754385964,0.19548872180451127,0.38848039215686275,2.1323529411764706,0.7440887322539792,14.6435061471135,29.2066073855933,0.576463178134944,0.49760903335888595,0.011001367742816607,0.19858551725480414,0.08168979353606975,0.14894570668419713,0.5027934295107045,0.008575740952829957,0.22776055171305096,0.11129115919859889,0.13382279703977937,-0.005184396151818538,0.002425626789986649,-0.029175034458246818,-0.029601365662529133,0.015122909644417759,11.718462823725982,11.718462823725982,9.0843776106934,0.5004177109440268,0.1818004147671595,0.3754681169024043,0.07216146606718113,-0.13557662367896087,-0.05838271510801215,244,22,0.9172932330827067,0.08270676691729323,9,0.03383458646616541,0,22,1.0,-9.05594770949877,-7.038371598571535,-2.0175761109272363,9.533589932721432,0.3813435973088573,-0.72,-0.6120000000000001,-1.01781603908443,-0.04910366915166378,13,51.85945728650742,0.0,115,36,17,68,0,20,7.2781954887218046,7.2781954887218046,1.4377610693400167,59.216622294778574,29.50533706615736,-8.950913768489842,48.115384679429006,0.8431488634809768,88.72195936093593,0.029608311147389287,0.01475266853307868,0.04436097968046796,0.8659420289855072,0.7966666666666666,239,141,98,37,0,139,48.030402010167826,48.030402010167826,60,79,76,63,27.79999999999996,38.42432160813428,66.22432160813432,0.3455424605048045,15,13,22,22,8.58589675091713,0.0,8.58589675091713,0.0,1.0,0,18,0,6.230060094532377,0,0,18,0.0,-9.659133844781769,96,0,234,147,0,147,234,15,0,3986.9934079903787,398.6993407990379,8111.065138094126,811.1065138094126,488.6555403148679,48.86555403148679,5021.276255009907,502.1276255009907,5985.0,598.5,0,0,0.0331121608040672,0.0,0.0331121608040672,0.0331121608040672,0.0,0.0,0.11,-0.0010999999999999983,-0.0008800000000000007,0.0,0.02401520100508391,0.02551216080406713,0.0,1.9325930163783112,0.045766962136744666,0.011441740534186166,0.006564762315552196,0.08177254278997349,-0.000163545085579947,0.059682707007782054,0.19433141712571247,-0.16798218121934042,0.00190226224825271,0.0,-0.01710523467744602,-0.0035787157621971883,-0.002204999999999996,-0.000818715762197187,-0.0005549999999999997,0.0,0.0,0.0,0.0,0.0,0.0,0.0,0.043290356252673225,0.0,0.0,0.0,0.03463228500213877,0.02648972864325365,0.008142556358885009,0.019582235455469593,-0.017901827536979685,0.03207692311961934,-0.004475456884244921,0.0240576923397145,0.00190226224825271,0.00190226224825271,0.00014282629853735378,0.46665378832725185,0.17438802089393537,0.07988980443153658,0.0,0.0,0.012251827104203592,0.0,0.0,0.0,0.02551216080406713,0.0,0.0735,0.117,-0.006952972068554825,-0.0035180539513627687,-0.0034349181171920563,0.2663195802519719,0.22239596744378407,0.0439236128081878,0.9059094190597534,0.07838165760040283,2287,8900,0,0.16315022011597952,0.9328648295667437,0.01,0.6776981353759766,0.5692052245140076,0.36996594071388245,0.5666292309761047,3.550337076187134,0.016095029190182686,0.29875317215919495,0.2941572964191437,0.004029066233326577,0.04007493617633979,0.10834745574328634,7,8,11187,2287,8900,0.05216818889197389,0.8035433428976682,424.5490711554535,rolling40_success_then_profit,0.7853143064402601,419.4861693176649,40,True,0.7853143064402601,419.4861693176649,True,cuda,134.5625
54,95,200,True,280,280,1130,789,341,101,240,0.3017699115044248,0.08938053097345133,0.21238938053097345,0.3840304182509506,2.150823827629911,0.7369702859145456,15.062216722466646,28.894330218642082,0.5565878534001604,0.5033889555281408,0.012444639925494393,0.1530445325949686,0.07061610807793355,0.15747266100821083,0.5084573895456824,0.007985857630523892,0.1823952811450257,0.0951885058423882,0.14718178727903672,-0.005068434017541645,0.004458782294970501,-0.029350748550057093,-0.024572397764454648,0.010290873729174116,11.414159292035398,11.414159292035398,8.708849557522123,0.5575221238938053,0.02081639178034204,0.13066571655406276,0.026428927314039796,-0.08520163973509164,-0.04037898654053131,249,31,0.8892857142857142,0.11071428571428571,18,0.06428571428571428,0,31,1.0,-10.515806791151428,-6.025981373339889,-4.489825417811541,9.993126986932655,0.39972507947730623,-1.4400000000000002,-1.056,-2.074039021725798,-0.3195114755630493,13,60.931127541161445,0.0,116,28,25,70,1,30,6.810714285714286,6.810714285714286,1.4690265486725664,68.15554109865353,26.366731686043572,-7.845476729558075,57.916384413938495,0.8806986816805755,94.5222727846971,0.034077770549326765,0.013183365843021787,0.047261136392348545,0.8432055749128919,0.8066666666666666,242,146,96,45,0,144,59.95488678306473,59.95488678306473,72,72,67,77,28.79999999999996,47.96390942645177,76.76390942645186,0.4163533804379495,31,25,14,14,21.070378665188308,0.0,21.070378665188308,0.0,1.0,0,38,0,4.099282087165013,0,2,34,0.0,-23.70417599833685,94,0,240,101,0,101,240,24,0,4153.616017485802,415.36160174858026,8924.37536004116,892.437536004116,471.71841042877776,47.17184104287777,5231.710021383735,523.1710021383735,5650.0,565.0,0,0,0.03838195471322595,0.0,0.03838195471322595,0.03838195471322595,0.0,0.0,0.07,-0.0007000000000000005,-0.0005600000000000004,0.0,0.029977443391532365,0.0316819547132259,0.0,2.034711075541291,0.047414041168860874,0.011853510292215218,0.006928968229399765,0.050436287156502176,-0.00010087257431300435,0.061908193156436316,0.182133848551855,-0.14166621944436575,0.0019619881111860044,0.0,-0.015969011513671687,-0.0025180370848943896,-0.0015149999999999975,-0.0007155370848943893,-0.0002875000000000002,0.0,0.0,0.0,0.0,0.0,0.0,0.0,0.04943459243112812,0.0,0.0,0.0,0.03954767394490241,0.030705563770580643,0.008842110174321823,0.025035453842190213,-0.01569095345911615,0.038610922942625636,-0.003922738364779037,0.028958192206969248,0.0019619881111860044,0.0019619881111860044,0.0002734649989008898,0.4603157565525582,0.13139006885537122,0.06643053829149446,0.0,0.0,0.0178923563100011,0.0,0.0,0.0,0.0316819547132259,0.0,0.0505,0.12,-0.006952972068554825,-0.0035180539513627687,-0.0034349181171920563,0.2663195802519719,0.22239596744378407,0.0439236128081878,0.9059094190597534,0.07838165760040283,2287,8900,0,0.16315022011597952,0.9328648295667437,0.01,0.6776981353759766,0.5692052245140076,0.36996594071388245,0.5666292309761047,3.550337076187134,0.016095029190182686,0.29875317215919495,0.2941572964191437,0.004029066233326577,0.04007493617633979,0.10834745574328634,7,8,11187,2287,8900,0.05216818889197389,0.8035433428976682,424.5490711554535,rolling40_success_then_profit,0.7853143064402601,419.4861693176649,40,True,0.7853143064402601,419.4861693176649,True,cuda,134.5625
55,96,200,True,305,305,1060,675,385,92,293,0.3632075471698113,0.08679245283018867,0.27641509433962264,0.37037037037037035,2.2014814814814816,0.7045188828750893,15.474159472430195,30.44920182987496,0.5482787448465091,0.5191521223386129,0.03399636127330639,0.13207427659934318,0.03464890766336962,0.17678908047300798,0.5160135833863859,0.02331926203712269,0.15552343843401306,0.04818301220976368,0.15749997930946175,0.0031385389522269325,0.010677099236183697,-0.023449161834669885,-0.01353410454639406,0.019289101163546235,10.75943396226415,10.75943396226415,8.30188679245283,0.5009433962264151,0.031519973089506687,0.10569970454174352,-0.029829523582450217,-0.05949979679915146,-0.021079545797170647,273,32,0.8950819672131147,0.10491803278688525,16,0.05245901639344262,0,32,1.0,-8.870413223122364,-4.933733098283405,-3.9366801248389605,12.150217337218743,0.4860086934887497,-1.28,-0.8400000000000002,-1.8412509845715013,-0.46143783375620845,16,84.36723217283841,0.0,144,18,16,83,2,32,6.386885245901639,6.386885245901639,1.5952830188679246,93.33565587339513,39.15625952937011,-6.2665291004853545,82.18512593160553,0.9291530599601351,132.49191540276524,0.04666782793669756,0.019578129764685055,0.06624595770138263,0.7385159010600707,0.6966666666666667,209,163,46,74,0,161,91.57380027006,91.57380027006,103,58,54,107,32.19999999999997,73.25904021604799,105.45904021604804,0.5687813681370186,47,36,27,27,32.67763315711114,0.0,32.67763315711114,0.0,1.0,0,55,0,3.813851556130119,0,6,43,0.0,-36.76233730175003,46,0,293,92,0,92,293,31,0,4372.675940287266,437.2675940287266,9336.780287681539,933.6780287681538,427.41794153036335,42.74179415303634,5511.4437385456,551.1443738545601,5305.0,530.5,0,0,0.05272952010802402,0.0,0.05272952010802402,0.05272952010802402,0.0,0.0,0.135,-0.0013499999999999977,-0.0010800000000000007,0.0,0.045786900135029986,0.04732952010802397,0.0,2.127255506648087,0.04973709230919769,0.012434273077299423,0.007460563846379651,0.0,0.0,0.06864270324519674,0.15129526595569978,-0.08098616080560934,0.002387464413202855,0.0,-0.013457751014165997,-0.0022593463787282824,-0.0013799999999999984,-0.0006218463787282823,-0.0002575000000000002,0.0,0.0,0.0,0.0,0.0,0.0,0.0,0.06381379318532336,0.0,0.0,0.0,0.051051034548258586,0.042183616086419115,0.00886741846183958,0.03795929841556005,-0.012533058200970709,0.05479008395440367,-0.003133264550242677,0.04109256296580276,0.002387464413202855,0.002387464413202855,0.0005350024560590584,0.4354441647783799,0.11462719530066683,0.04188940155314308,0.0,0.0,0.03234825186023307,0.0,0.0,0.0,0.04732952010802397,0.0,0.046,0.1465,-0.006952972068554825,-0.0035180539513627687,-0.0034349181171920563,0.2663195802519719,0.22239596744378407,0.0439236128081878,0.9059094190597534,0.07838165760040283,2287,8900,0,0.16315022011597952,0.9328648295667437,0.01,0.6776981353759766,0.5692052245140076,0.36996594071388245,0.5666292309761047,3.550337076187134,0.016095029190182686,0.29875317215919495,0.2941572964191437,0.004029066233326577,0.04007493617633979,0.10834745574328634,7,8,11187,2287,8900,0.05216818889197389,0.8035433428976682,424.5490711554535,rolling40_success_then_profit,0.7853143064402601,419.4861693176649,40,True,0.7853143064402601,419.4861693176649,True,cuda,134.5625
56,97,200,True,286,286,1063,700,363,120,243,0.34148635936030103,0.11288805268109126,0.22859830667920977,0.3914285714285714,2.145714285714286,0.7238583731438433,15.322030848094395,30.017304665829453,0.5407824601115343,0.4844223091006279,0.017459081475223813,0.15722764064158712,0.0732120561613036,0.15714788294264248,0.4885717962043626,0.011526848966521876,0.17647883971221745,0.11226376296420182,0.142119299482022,-0.004149487103734695,0.005932232508701937,-0.01925119907063033,-0.03905170680289821,0.01502858346062047,9.60018814675447,9.60018814675447,7.012229539040452,0.5079962370649106,0.09743261937329713,0.12068133269561694,0.08331281188643169,-0.08090197327499189,-0.04559376074047723,252,34,0.8811188811188811,0.11888111888111888,18,0.06293706293706294,0,34,1.0,-9.759809416566906,-5.480717131644482,-4.279092284922423,11.03861489303919,0.4415445957215677,-1.4400000000000002,-0.9960000000000001,-2.1039404182511836,-0.180696462392807,16,65.00868721166405,0.0,129,24,18,72,1,32,6.758741258741258,6.758741258741258,1.5531514581373471,72.81796617392662,33.55884555774468,-6.944013828123386,61.40875331621788,0.8984091775910164,106.3768117316713,0.03640898308696331,0.01677942277887234,0.05318840586583565,0.8149466192170819,0.7633333333333333,229,154,75,52,0,152,65.65389042982656,64.82607376822509,77,75,71,81,30.399999999999967,52.52311234386123,82.9231123438613,0.4319334896699116,31,21,21,21,18.58301682697759,0.0,18.58301682697759,0.0,1.0,0,32,0,5.28542397992971,0,4,23,0.0,-20.905893930349798,74,0,243,120,0,120,243,23,0,4447.326936388253,444.73269363882525,9533.914522054678,953.3914522054678,429.72738734856864,42.97273873485686,5602.142170190299,560.2142170190299,5315.0,531.5,0,0,0.04146155617193069,0.0,0.04146155617193069,0.04146155617193069,0.0,0.0,0.105,-0.0010499999999999995,-0.0008400000000000007,0.0,0.03282694521491328,0.033930429507290034,0.0,2.1703097162572984,0.04848275090942984,0.01212068772735746,0.007008739370188545,0.07500374529450306,-0.00015000749058900615,0.0650629193372289,0.1547357683708358,-0.11497274360023906,0.0019315061510237065,0.0,-0.013765371707133454,-0.0029478224031182225,-0.0017999999999999956,-0.000807822403118222,-0.00034000000000000024,0.0,0.0,0.0,0.0,0.0,0.0,0.0,0.05238223640869893,0.0,0.0,0.0,0.04190578912695929,0.03316924493754443,0.008736544189414807,0.02723236974404726,-0.013888027656246771,0.04093916887747856,-0.003472006914061693,0.03070437665810894,0.0019315061510237065,0.0019315061510237065,0.00032582067130754416,0.4443545221542547,0.1200659384682467,0.08344150312765578,0.0,0.0,0.02067079189135014,0.0,0.0,0.0,0.033930429507290034,0.0,0.06,0.1215,-0.006952972068554825,-0.0035180539513627687,-0.0034349181171920563,0.2663195802519719,0.22239596744378407,0.0439236128081878,0.9059094190597534,0.07838165760040283,2287,8900,0,0.16315022011597952,0.9328648295667437,0.01,0.6776981353759766,0.5692052245140076,0.36996594071388245,0.5666292309761047,3.550337076187134,0.016095029190182686,0.29875317215919495,0.2941572964191437,0.004029066233326577,0.04007493617633979,0.10834745574328634,7,8,11187,2287,8900,0.05216818889197389,0.8035433428976682,424.5490711554535,rolling40_success_then_profit,0.7853143064402601,419.4861693176649,40,True,0.7853143064402601,419.4861693176649,True,cuda,134.5625
57,98,200,True,295,295,1095,675,420,99,321,0.3835616438356164,0.09041095890410959,0.29315068493150687,0.3896296296296296,2.176296296296296,0.761627272411629,14.016977229648166,29.568592729347724,0.5500154834027247,0.5231008042229547,0.013467752701706356,0.1712104157054866,0.0396913862131812,0.17136538326740264,0.5228081486180977,0.008878637773019296,0.19344895275378668,0.059499020773779464,0.15073329984313913,0.00029265560485702835,0.00458911492868706,-0.02223853704830009,-0.019807634560598267,0.02063208342426351,11.139726027397261,11.139726027397261,8.715981735159817,0.5013698630136987,0.15359825693191567,0.13905575500880618,0.013673871096691497,-0.027297923782846366,-0.008815409722889614,268,27,0.9084745762711864,0.09152542372881356,9,0.030508474576271188,0,27,1.0,-7.067344914298235,-5.193331025317309,-1.8740138889809261,11.120305352757839,0.4448122141103136,-0.72,-0.40800000000000003,-1.08,-0.11082610309123993,18,59.458914270870615,0.0,132,19,13,92,2,27,6.5152542372881355,6.5152542372881355,1.519634703196347,70.10552480148154,31.149400016883288,-6.642794721696261,55.374756000381865,0.8928884703708326,101.25492481836483,0.03505276240074077,0.015574700008441644,0.050627462409182415,0.8381294964028777,0.7766666666666666,233,156,77,45,0,151,57.59389970948755,56.654553548235334,66,85,76,75,30.199999999999957,46.075119767589996,76.27511976759011,0.38141655436746724,27,22,18,18,15.628943343824263,0.0,15.628943343824263,0.0,1.0,0,28,0,6.017606340542407,0,2,26,0.0,-17.582561261802297,77,0,321,99,0,99,321,21,0,4433.473344095063,443.3473344095063,9041.981972058476,904.1981972058477,403.75912409122634,40.375912409122634,5582.641089877532,558.2641089877532,5475.0,547.5,0,0,0.03813755988379509,0.0,0.03813755988379509,0.03813755988379509,0.0,0.0,0.09,-0.0009000000000000007,-0.0007200000000000005,0.0,0.02879694985474377,0.030061821419294137,0.0,2.0808382943764583,0.04843739948674723,0.012109349871686808,0.006854682580960437,0.13156385930929923,-0.00026312771861859854,0.06488509966275417,0.15841374079087042,-0.10732947041894081,0.0018337595769247219,0.0,-0.013500380035018458,-0.0024139725737643693,-0.0014849999999999976,-0.0006364725737643694,-0.0002925000000000002,0.0,0.0,0.0,0.0,0.0,0.0,0.0,0.04908378203686308,0.0,0.0,0.0,0.03926702562949062,0.030510047907035952,0.008756977722454595,0.024365980639342793,-0.013285589443392523,0.03691650400025456,-0.0033213973608481307,0.027687378000190933,0.0018337595769247219,0.0018337595769247219,0.00039164918622622947,0.44279698490502406,0.13901167802186623,0.04593635937461171,0.0,0.0,0.012005726413615286,0.0,0.0,0.0,0.030061821419294137,0.0,0.0495,0.1605,-0.0019384188011624954,0.0010289009553768361,-0.0029673197565393316,0.24009130160427755,0.202649587392807,0.03744171421147055,0.9044358134269714,0.09305733442306519,2196,8996,0,0.12720974683761596,0.9264724797672695,0.01,0.6639337539672852,0.5851163864135742,0.3869650661945343,0.591596245765686,3.631391763687134,-0.0427982360124588,0.2740539312362671,0.2197643369436264,0.003268145529242853,0.0317048372907771,0.11877093066771825,8,8,11192,2196,8996,0.04868823625875911,0.8284328945562204,428.94151295168314,rolling40_success_then_profit,0.7972269511532859,423.0804856069215,40,True,0.7972269511532859,423.0804856069215,True,cuda,135.0888671875
58,99,200,True,296,296,1159,741,418,98,320,0.36065573770491804,0.08455565142364108,0.27610008628127697,0.3684210526315789,2.1376518218623484,0.734591985018308,14.99745231633566,31.291871714366753,0.544728156960005,0.5053639720808639,0.011307140935448661,0.13646665610644498,0.0852844335161421,0.16680887131606117,0.5153342862280436,0.008605200211629372,0.16150195609687673,0.11699470237567368,0.14912170724498358,-0.009970314147179637,0.002701940723819289,-0.025035299990431747,-0.031710268859531585,0.017687164071077593,10.286453839516826,10.286453839516826,7.753235547886109,0.5125107851596203,0.08255647207374084,0.26181730628749905,0.015482090837237722,-0.057081479911162795,-0.015281537429283867,271,25,0.9155405405405406,0.08445945945945946,9,0.030405405405405407,0,25,1.0,-8.220498109242559,-6.2535661633312625,-1.9669319459112988,11.198948694982855,0.44795794779931436,-0.72,-0.40800000000000014,-1.08,-0.20688989371061323,16,58.836176505552785,0.0,125,27,13,97,0,24,6.5574324324324325,6.5574324324324325,1.4728213977566869,67.72031064669841,28.245671538802302,-7.5360084449061775,55.26394089284141,0.8799997687199334,95.9659821855007,0.033860155323349204,0.01412283576940115,0.04798299109275035,0.8256227758007118,0.7733333333333333,232,144,88,49,0,142,58.11485233818002,57.43152578992621,71,71,70,72,28.399999999999967,46.49188187054401,74.8918818705441,0.40925952350831,31,29,18,18,17.317565252562595,0.0,17.317565252562595,0.0,1.0,0,31,0,6.636291706163041,0,1,30,0.0,-19.48226090913292,88,0,320,98,0,98,320,26,0,4122.1734299108975,412.21734299108977,8398.92743459356,839.8927434593559,442.19498910038544,44.219498910038546,5192.183438867978,519.2183438867978,5795.0,579.5,0,0,0.03744594093527208,0.0,0.03744594093527208,0.03744594093527208,0.0,0.0,0.09,-0.0009000000000000007,-0.0007200000000000005,0.0,0.02905742616909001,0.03007261031597048,0.0,1.9944601703938059,0.04659696149237153,0.011649240373092883,0.006770016945923778,0.05942260830012813,-0.00011884521660025626,0.06108389144404324,0.1707702194946507,-0.1307708459340769,0.002137823408186291,0.0,-0.01467794780604473,-0.00244491926306658,-0.0014699999999999978,-0.00068491926306658,-0.0002900000000000002,0.0,0.0,0.0,0.0,0.0,0.0,0.0,0.048076336091764614,0.0,0.0,0.0,0.03846106887341165,0.029956752748217536,0.008504316125194136,0.0238639662239676,-0.015072016889812355,0.03684262726189424,-0.0037680042224530886,0.027631970446420705,0.002137823408186291,0.002137823408186291,0.0001860828979561727,0.4510120577572555,0.12258675458473259,0.07401487182759448,0.0,0.0,0.017092950726579834,0.0,0.0,0.0,0.03007261031597048,0.0,0.049,0.16,-0.0019384188011624954,0.0010289009553768361,-0.0029673197565393316,0.24009130160427755,0.202649587392807,0.03744171421147055,0.9044358134269714,0.09305733442306519,2196,8996,0,0.12720974683761596,0.9264724797672695,0.01,0.6639337539672852,0.5851163864135742,0.3869650661945343,0.591596245765686,3.631391763687134,-0.0427982360124588,0.2740539312362671,0.2197643369436264,0.003268145529242853,0.0317048372907771,0.11877093066771825,8,8,11192,2196,8996,0.04868823625875911,0.8284328945562204,428.94151295168314,rolling40_success_then_profit,0.7972269511532859,423.0804856069215,40,True,0.7972269511532859,423.0804856069215,True,cuda,135.0888671875
59,100,200,True,278,278,1197,783,414,126,288,0.3458646616541353,0.10526315789473684,0.24060150375939848,0.42017879948914433,2.111111111111111,0.7336590760131753,14.870919717225991,26.72526091694984,0.5331299702861142,0.475050283422263,0.01211578122043975,0.1261335013251119,0.06915421006692,0.16197304049861233,0.48299085454465784,0.009189907166426514,0.1511596486639674,0.10394798839134123,0.14058936933486094,-0.007940571122394824,0.0029258740540132368,-0.025026147338855498,-0.03479377832442122,0.021383671163751394,8.89891395154553,8.89891395154553,6.343358395989975,0.5112781954887218,0.05195705218421619,0.2901265900202125,0.043854247861614855,-0.08273998476511597,-0.06755949978572597,257,21,0.9244604316546763,0.07553956834532374,7,0.025179856115107913,0,21,1.0,-7.830130267491869,-6.185271265134208,-1.6448590023576586,9.891401742251286,0.3956560696900516,-0.56,-0.54,-0.84,-0.10051507204771042,14,53.7824458874331,0.0,121,29,15,82,0,21,6.985611510791367,6.985611510791367,1.4269005847953216,62.39575714038509,27.58018468699122,-8.527238040223619,49.03364533570363,0.8518570678540034,89.97594182737632,0.031197878570192548,0.01379009234349561,0.04498797091368816,0.8805970149253731,0.7866666666666666,236,145,91,32,0,143,52.229618161386334,50.0350716991142,62,81,76,67,28.59999999999997,41.78369452910905,70.3836945291091,0.36524208504465966,19,18,13,13,11.489975651990019,0.0,11.489975651990019,0.0,1.0,0,19,0,5.421399307807207,0,0,19,0.0,-12.926222608488771,90,0,288,126,0,126,288,15,0,3921.2585497503133,392.1258549750313,7972.725353867536,797.2725353867536,451.63671719517396,45.163671719517396,4941.3402143940675,494.13402143940675,5985.0,598.5,0,0,0.0351918472645546,0.0,0.0351918472645546,0.0351918472645546,0.0,0.0,0.065,-0.0006500000000000005,-0.0005200000000000004,0.0,0.02611480908069316,0.02641402867964569,0.0,1.905076704134207,0.04439056602648321,0.011097641506620803,0.0062750682108233995,0.10524527817169284,-0.0002104905563433857,0.06093434795987146,0.17830351574047218,-0.1219677928858401,0.0014150401147419104,0.0,-0.015179664238485314,-0.0030166273878626214,-0.001889999999999995,-0.0007441273878626203,-0.0003825000000000003,0.0,0.0,0.0,0.0,0.0,0.0,0.0,0.04542899821483194,0.0,0.0,0.0,0.03634319857186551,0.02815347781164355,0.008189720760221965,0.02025320364774002,-0.017054476080447238,0.032689096890469074,-0.0042636190201118095,0.024516822667851816,0.0014150401147419104,0.0014150401147419104,0.00031366531297564537,0.4320310219746502,0.11223558395256897,0.06782577366789393,0.0,0.0,0.017178208890668036,0.0,0.0,0.0,0.02641402867964569,0.0,0.063,0.144,-0.0019384188011624954,0.0010289009553768361,-0.0029673197565393316,0.24009130160427755,0.202649587392807,0.03744171421147055,0.9044358134269714,0.09305733442306519,2196,8996,0,0.12720974683761596,0.9264724797672695,0.01,0.6639337539672852,0.5851163864135742,0.3869650661945343,0.591596245765686,3.631391763687134,-0.0427982360124588,0.2740539312362671,0.2197643369436264,0.003268145529242853,0.0317048372907771,0.11877093066771825,8,8,11192,2196,8996,0.04868823625875911,0.8284328945562204,428.94151295168314,rolling40_success_then_profit,0.7972269511532859,423.0804856069215,40,True,0.7972269511532859,423.0804856069215,True,cuda,135.0888671875
60,101,200,True,234,234,1127,826,301,158,143,0.2670807453416149,0.1401952085181899,0.12688553682342502,0.44794188861985473,1.9527845036319613,0.7442295517384573,14.382431382417101,26.593956262234048,0.5145638592700267,0.4608237460688586,0.01652426096739261,0.16822331418569672,0.06796812171118727,0.16310660748519273,0.46899855708743987,0.010405830993851508,0.19081603598185606,0.09661854747708179,0.14098046193030137,-0.008174811018581252,0.006118429973541102,-0.022592721796159343,-0.02865042576589452,0.02212614555489137,10.18988464951198,10.18988464951198,7.396628216503993,0.5084294587400178,0.07030783361470444,0.20989285843485095,0.12519367200559148,-0.04199148914606667,-0.03440356690517776,212,22,0.905982905982906,0.09401709401709402,5,0.021367521367521368,0,22,1.0,-6.824879897753306,-5.968141205906864,-0.8567386918464407,12.430948118619359,0.4972379247447744,-0.4,-0.288,-0.6,-0.06597661659121513,17,58.911281165687534,0.0,118,34,19,32,0,21,8.183760683760683,8.183760683760683,1.4800354924578527,69.00219183146721,18.315872389769698,-7.934649041576719,55.497292058302136,0.8749108271953564,87.31806422123691,0.03450109591573361,0.00915793619488485,0.04365903211061845,0.8006993006993007,0.7633333333333333,229,146,83,57,0,142,57.79887682138675,57.79887682138675,69,73,69,73,28.399999999999956,46.23910145710941,74.6391014571095,0.40703434381258274,42,37,15,15,25.997129446182882,0.0,25.997129446182882,0.0,1.0,0,45,0,5.231832406144743,0,4,39,0.0,-29.246770626955747,83,0,143,158,0,158,143,34,0,4256.3275066680435,425.6327506668043,8874.025187553745,887.4025187553746,462.8542556988099,46.285425569880985,5360.621379489952,536.0621379489952,5635.0,563.5,0,0,0.03731955072855479,0.0,0.03731955072855479,0.03731955072855479,0.0,0.0,0.075,-0.0007500000000000006,-0.0006000000000000004,0.0,0.028899438410693368,0.030419550728554724,0.0,2.003621805421017,0.045651443647292005,0.011412860911823001,0.006578643976980078,0.08024590480744251,-0.00016049180961488505,0.06069748579018658,0.18189585603190075,-0.11288055569706987,0.0017846273670721838,0.0,-0.015455627192845238,-0.00361162329086109,-0.0023699999999999975,-0.0007566232908610924,-0.00048500000000000035,0.0,0.0,0.0,0.0,0.0,0.0,0.0,0.047821919830762734,0.0,0.0,0.0,0.038257535864610295,0.029855640582843686,0.00840189528176652,0.02378132150836274,-0.01586929808315344,0.0369981947055348,-0.00396732452078836,0.02774864602915107,0.0017846273670721838,0.0017846273670721838,0.0006197373032321542,0.4765736491961841,0.15795909598069455,0.0789589347647375,0.0,0.0,0.020010388338751538,0.0,0.0,0.0,0.030419550728554724,0.0,0.079,0.0715,-0.0019384188011624954,0.0010289009553768361,-0.0029673197565393316,0.24009130160427755,0.202649587392807,0.03744171421147055,0.9044358134269714,0.09305733442306519,2196,8996,0,0.12720974683761596,0.9264724797672695,0.01,0.6639337539672852,0.5851163864135742,0.3869650661945343,0.591596245765686,3.631391763687134,-0.0427982360124588,0.2740539312362671,0.2197643369436264,0.003268145529242853,0.0317048372907771,0.11877093066771825,8,8,11192,2196,8996,0.04868823625875911,0.8284328945562204,428.94151295168314,rolling40_success_then_profit,0.7972269511532859,423.0804856069215,40,True,0.7972269511532859,423.0804856069215,True,cuda,135.0888671875
61,102,200,True,281,281,1163,761,402,133,269,0.3456577815993121,0.11435941530524506,0.23129836629406708,0.35216819973718794,2.23784494086728,0.755341255026484,14.291235342288926,28.546832428655236,0.5519498766977752,0.5334124735479443,0.010043684740730717,0.16330716491195907,0.07563187358423618,0.16924727130216227,0.5403540213341469,0.006207741133663094,0.19517904455662166,0.11307031485088703,0.144152919317592,-0.006941547786202595,0.0038359436070676232,-0.03187187964466259,-0.03743844126665086,0.025094351984570273,12.346517626827172,12.346517626827172,9.594153052450558,0.5588993981083406,0.06651429297569036,0.297381989736071,0.049373333348545795,-0.08279164421440288,-0.06015651909059736,257,24,0.9145907473309609,0.08540925266903915,10,0.03558718861209965,0,24,1.0,-7.667699840085802,-5.141239919364449,-2.5264599207213547,9.882202978696306,0.3952881191478523,-0.7999999999999999,-0.6120000000000001,-1.1966163862027108,-0.31313165366649626,14,50.28582444374542,0.0,124,22,24,77,0,24,6.825622775800712,6.825622775800712,1.465176268271711,59.21654942334019,21.28061688519168,-8.118371657209348,42.941795810030804,0.8410038184379627,80.49716630853187,0.029608274711670095,0.01064030844259584,0.04024858315426594,0.8596491228070176,0.8166666666666667,245,153,92,40,0,152,41.57160069335222,41.57160069335222,51,101,99,53,30.399999999999952,33.25728055468178,63.65728055468181,0.27349737298258037,20,17,20,20,12.038050904559793,0.0,12.038050904559793,0.0,1.0,0,26,0,5.619052348811651,0,3,21,0.0,-13.542807267629765,92,0,269,133,0,133,269,23,0,4060.8081659486884,406.08081659486885,8262.319284811998,826.2319284811998,448.7612575890415,44.87612575890415,5117.8415030509095,511.784150305091,5815.0,581.5,0,0,0.03182864027734098,0.0,0.03182864027734098,0.03182864027734098,0.0,0.0,0.1,-0.0010000000000000007,-0.0008000000000000006,0.0,0.020785800346676108,0.021928640277340882,0.0,2.002317813770535,0.04566546304858355,0.011416365762145888,0.006699223596012984,0.04117512492274446,-8.235024984548891e-05,0.06457958368015985,0.19258370385694618,-0.15695094220997446,0.002016971187844134,0.0,-0.015273958417993321,-0.003262848072284426,-0.001994999999999994,-0.0008953480722844265,-0.00037250000000000027,0.0,0.0,0.0,0.0,0.0,0.0,0.0,0.04216265578964129,0.0,0.0,0.0,0.03373012463171292,0.02546291222187261,0.008267212409840366,0.017411712076410735,-0.016236743314418697,0.028627863873353875,-0.004059185828604674,0.021470897905015402,0.002016971187844134,0.002016971187844134,0.00031202741000801326,0.47990886222798357,0.14738283773858965,0.08065385761656907,0.0,0.0,0.010924084018325491,0.0,0.0,0.0,0.021928640277340882,0.0,0.0665,0.1345,-0.0019384188011624954,0.0010289009553768361,-0.0029673197565393316,0.24009130160427755,0.202649587392807,0.03744171421147055,0.9044358134269714,0.09305733442306519,2196,8996,0,0.12720974683761596,0.9264724797672695,0.01,0.6639337539672852,0.5851163864135742,0.3869650661945343,0.591596245765686,3.631391763687134,-0.0427982360124588,0.2740539312362671,0.2197643369436264,0.003268145529242853,0.0317048372907771,0.11877093066771825,8,8,11192,2196,8996,0.04868823625875911,0.8284328945562204,428.94151295168314,rolling40_success_then_profit,0.7972269511532859,423.0804856069215,40,True,0.7972269511532859,423.0804856069215,True,cuda,135.0888671875
62,103,200,True,275,275,1076,734,342,105,237,0.31784386617100374,0.09758364312267657,0.22026022304832713,0.3896457765667575,2.138964577656676,0.7449097635797973,14.221416733245434,28.008507852495853,0.5279223491429882,0.48980254826087716,0.015863284712266532,0.16341307177652456,0.09841011752557181,0.15907302973360554,0.49450582487138156,0.010487154494128532,0.18608356460456912,0.1376257356267666,0.1387586036788386,-0.004703276610504403,0.0053761302181380005,-0.022670492828044564,-0.039215618101194796,0.020314426054766938,10.621747211895912,10.621747211895912,8.04275092936803,0.49256505576208176,0.012389760149926408,0.22001257810732508,0.0006754469203035161,-0.06327057436925793,-0.05469148590126257,248,27,0.9018181818181819,0.09818181818181818,10,0.03636363636363636,0,27,1.0,-8.31870310014248,-5.932485137358304,-2.386217962784179,11.774040545544691,0.4709616218217878,-0.7999999999999999,-0.7080000000000001,-1.1591924363359558,-0.18998714827001095,17,55.85128992144658,0.0,129,28,14,67,1,26,6.996363636363636,6.996363636363636,1.5436802973977695,65.66293133007063,24.43066954363604,-7.0020866007496405,51.23793844446936,0.8797719163871744,90.09360087370668,0.032831465665035316,0.012215334771818019,0.045046800436853336,0.8292682926829268,0.7933333333333333,238,151,87,49,0,148,51.51764050226027,51.51764050226027,61,87,84,64,29.599999999999955,41.214112401808194,70.81411240180826,0.3480921655558126,30,24,19,19,17.604606488963295,0.0,17.604606488963295,0.0,1.0,0,34,0,5.906437690278395,0,3,31,0.0,-19.805182300083715,87,0,237,105,0,105,237,24,0,4538.844979021611,453.8844979021611,9449.220606679624,944.9220606679625,427.3244228333847,42.73244228333847,5714.82000242673,571.4820002426729,5380.0,538.0,0,0,0.03540705620090417,0.0,0.03540705620090417,0.03540705620090417,0.0,0.0,0.095,-0.0009500000000000006,-0.0007600000000000006,0.0,0.025758820251130143,0.027007056200904114,0.0,2.182793373578677,0.04947478641492486,0.012368696603731215,0.007151569428742144,0.07861564287606594,-0.00015723128575213192,0.06374242361818189,0.1609883463793458,-0.12651684851281167,0.0017013298714483142,0.0,-0.014090727426747841,-0.0025085629704020814,-0.001574999999999997,-0.0006385629704020811,-0.00029500000000000023,0.0,0.0,0.0,0.0,0.0,0.0,0.0,0.0466685215188831,0.0,0.0,0.0,0.037334817215106626,0.028325644960723217,0.009009172254383307,0.022117925921859887,-0.01400417320149928,0.034158625629646264,-0.00350104330037482,0.025618969222234677,0.0017013298714483142,0.0017013298714483142,0.00031948331336180375,0.4669987311693241,0.14366362406002028,0.09962215868392363,0.0,0.0,0.014638228668079123,0.0,0.0,0.0,0.027007056200904114,0.0,0.0525,0.1185,-0.0019384188011624954,0.0010289009553768361,-0.0029673197565393316,0.24009130160427755,0.202649587392807,0.03744171421147055,0.9044358134269714,0.09305733442306519,2196,8996,0,0.12720974683761596,0.9264724797672695,0.01,0.6639337539672852,0.5851163864135742,0.3869650661945343,0.591596245765686,3.631391763687134,-0.0427982360124588,0.2740539312362671,0.2197643369436264,0.003268145529242853,0.0317048372907771,0.11877093066771825,8,8,11192,2196,8996,0.04868823625875911,0.8284328945562204,428.94151295168314,rolling40_success_then_profit,0.7972269511532859,423.0804856069215,40,True,0.7972269511532859,423.0804856069215,True,cuda,135.0888671875
63,104,200,True,267,267,1091,756,335,125,210,0.307057745187901,0.1145737855178735,0.1924839596700275,0.4166666666666667,2.0873015873015874,0.7306530024245302,15.176349969137283,24.77324553318913,0.5257166786073415,0.45851554443675374,0.01781607860768283,0.15075357888564073,0.05305825038837693,0.15326276992659563,0.4644582062250092,0.01164702054793163,0.17587823932189692,0.08528857780115373,0.1381753206169282,-0.005942661788255477,0.0061690580597512,-0.02512466043625619,-0.0322303274127768,0.015087449309667433,8.483959670027497,8.483959670027497,5.85884509624198,0.47296058661778184,0.07462326469393606,0.27218728077169047,0.10676827499464021,-0.0705321472294674,-0.03143579724906502,247,20,0.9250936329588015,0.0749063670411985,4,0.0149812734082397,0,20,1.0,-6.1242492730596,-5.38991102315485,-0.734338249904749,11.54366277616194,0.4617465110464776,-0.32,-0.348,-0.4573601925097164,-0.0707245684415102,16,71.57043688589674,0.0,134,26,19,57,1,20,7.1835205992509366,7.1835205992509366,1.5582034830430798,83.4132980711997,36.700276060945995,-6.701323077865295,67.99737357252496,0.9102886211090232,120.1135741321457,0.041706649035599855,0.018350138030472998,0.06005678706607285,0.776595744680851,0.73,219,160,59,63,0,156,73.32880763421365,73.32880763421365,85,71,70,86,31.199999999999967,58.6630461073709,89.86304610737099,0.4700564591936772,37,28,26,26,21.862910607745462,0.0,21.862910607745462,0.0,1.0,0,46,0,5.868149750293106,0,4,39,0.0,-24.595774433713647,57,0,210,125,0,125,210,38,0,4539.462503589812,453.94625035898116,8943.816410273133,894.3816410273133,433.9189843068078,43.391898430680776,5716.329740461846,571.6329740461846,5455.0,545.5,0,0,0.04493152305368553,0.0,0.04493152305368553,0.04493152305368553,0.0,0.0,0.13,-0.001299999999999994,-0.0010400000000000008,0.0,0.036664403817106825,0.037931523053685454,0.0,2.154578138345046,0.04975674737799896,0.01243918684449974,0.007400059327997839,0.017371404011573277,-3.4742808023146555e-05,0.06662521567119292,0.15443777469630302,-0.0949500775203912,0.0025831436678073368,0.0,-0.014452429421381112,-0.003029803791617984,-0.0018749999999999952,-0.0007823037916179837,-0.00037250000000000027,0.0,0.0,0.0,0.0,0.0,0.0,0.0,0.05603596709016194,0.0,0.0,0.0,0.04482877367212972,0.03594521844294826,0.00888355522918133,0.030648025247329812,-0.01340264615573059,0.0453315823816833,-0.0033506615389326476,0.03399868678626248,0.0025831436678073368,0.0025831436678073368,0.0003984071190158528,0.4621592858091255,0.13416936419887235,0.08355621631083418,0.0,0.0,0.025515702817005773,0.0,0.0,0.0,0.037931523053685454,0.0,0.0625,0.105,-0.0019384188011624954,0.0010289009553768361,-0.0029673197565393316,0.24009130160427755,0.202649587392807,0.03744171421147055,0.9044358134269714,0.09305733442306519,2196,8996,0,0.12720974683761596,0.9264724797672695,0.01,0.6639337539672852,0.5851163864135742,0.3869650661945343,0.591596245765686,3.631391763687134,-0.0427982360124588,0.2740539312362671,0.2197643369436264,0.003268145529242853,0.0317048372907771,0.11877093066771825,8,8,11192,2196,8996,0.04868823625875911,0.8284328945562204,428.94151295168314,rolling40_success_then_profit,0.7972269511532859,423.0804856069215,40,True,0.7972269511532859,423.0804856069215,True,cuda,135.0888671875
64,105,200,True,270,270,1088,778,310,112,198,0.2849264705882353,0.10294117647058823,0.18198529411764705,0.36118251928020567,2.145244215938303,0.7335821803477246,14.848580840927163,26.593984075637586,0.516298682673997,0.4982120325180743,0.018497381445527997,0.13638766443208433,0.05639451494138774,0.17724526677386007,0.5099718544086331,0.011617567325561549,0.1632144503417523,0.09445838080443787,0.1460757870945342,-0.011759821890558853,0.006879814119966448,-0.02682678590966797,-0.038063865863050134,0.031169479679325873,11.691176470588236,11.691176470588236,8.901654411764707,0.5808823529411765,0.0884018150847946,0.3353529381179808,0.050242515712447804,-0.07971339571532439,-0.08590222002854252,246,24,0.9111111111111111,0.08888888888888889,8,0.02962962962962963,0,24,1.0,-7.618480625847305,-5.678833324685689,-1.9396473011616155,10.252738010185803,0.41010952040743226,-0.64,-0.648,-0.9592147612534386,-0.10254206031560897,16,69.20123043759729,0.0,139,27,13,56,1,24,7.051851851851852,7.051851851851852,1.5248161764705883,79.306589162383,34.4859366108998,-7.168730654417443,64.9242849474178,0.9005627577848894,113.7925257732828,0.0396532945811915,0.0172429683054499,0.0568962628866414,0.8169014084507042,0.7733333333333333,232,162,70,52,0,155,70.12692255874576,70.12692255874576,81,74,72,83,30.999999999999957,56.10153804699661,87.10153804699671,0.452431758443521,36,29,16,16,21.684104606311614,0.0,20.684104606311614,1.0,0.9538832698810663,0,48,1,5.531987886067772,0,8,37,0.0,-23.269617682100566,70,0,198,112,0,112,198,39,0,4442.972557150221,444.2972557150221,9183.679458965498,918.3679458965498,445.0585003719205,44.50585003719205,5596.080304824636,559.6080304824636,5440.0,544.0,0,0,0.043550769023498366,0.0,0.043550769023498366,0.043550769023498366,0.0,0.0,0.08,-0.0008000000000000004,-0.0006400000000000005,0.0,0.03506346127937288,0.036350769023498306,0.0,2.0032433913173353,0.04707070112313361,0.011767675280783402,0.006932087608113553,0.03513784331886001,-7.027568663772002e-05,0.06598125324696097,0.17717965529370205,-0.12606567667061688,0.001831812225346061,0.0,-0.014606559110775885,-0.002732107530859464,-0.0016799999999999964,-0.0007271075308594623,-0.00032500000000000026,0.0,0.0,0.0,0.0,0.0,0.0,0.0,0.0544481686176439,0.0,0.0,0.0,0.04355853489411516,0.03484061521879856,0.008717919675316573,0.02887777714650018,-0.014337461308834886,0.043282856631611855,-0.0035843653272087214,0.032462142473708905,0.001831812225346061,0.001831812225346061,0.00039448879726231055,0.4749054259664057,0.12775562055308284,0.07310821230578751,0.0,0.0,0.018519477718824943,0.0,0.0,0.0,0.036350769023498306,0.0,0.056,0.099,-0.0019384188011624954,0.0010289009553768361,-0.0029673197565393316,0.24009130160427755,0.202649587392807,0.03744171421147055,0.9044358134269714,0.09305733442306519,2196,8996,0,0.12720974683761596,0.9264724797672695,0.01,0.6639337539672852,0.5851163864135742,0.3869650661945343,0.591596245765686,3.631391763687134,-0.0427982360124588,0.2740539312362671,0.2197643369436264,0.003268145529242853,0.0317048372907771,0.11877093066771825,8,8,11192,2196,8996,0.04868823625875911,0.8284328945562204,428.94151295168314,rolling40_success_then_profit,0.7972269511532859,423.0804856069215,40,True,0.7972269511532859,423.0804856069215,True,cuda,135.0888671875
65,106,200,True,264,264,1133,792,341,97,244,0.30097087378640774,0.08561341571050309,0.21535745807590467,0.3888888888888889,2.1262626262626263,0.7460836395433154,14.549275447623899,28.43889973139522,0.5114053895073323,0.5170327232906011,0.011576447927515315,0.18215027099682224,0.07416535814991221,0.17808607256162273,0.5258747857590818,0.007114704834730035,0.21105240329963654,0.11085353657101149,0.14984789339947807,-0.008842062468480627,0.004461743092785279,-0.0289021323028143,-0.03668817842109928,0.02823817916214466,11.354810238305383,11.354810238305383,8.666372462488967,0.5622241835834069,0.051541500485710656,0.030787541590138877,0.02391081611730317,-0.065799464564356,-0.05688697108519221,242,22,0.9166666666666666,0.08333333333333333,4,0.015151515151515152,0,22,1.0,-6.259779459534355,-5.663966877833005,-0.5958125817013495,11.404685457466261,0.45618741829865045,-0.32,-0.252,-0.48,0.0,18,58.27974709756352,0.0,119,26,20,68,1,20,7.261363636363637,7.261363636363637,1.4624889673433363,68.06201550823766,22.692274865211182,-7.212656603583471,53.82632512999942,0.8818352403867977,90.75429037344884,0.03403100775411883,0.011346137432605591,0.04537714518672442,0.7719298245614035,0.7333333333333333,220,151,69,65,0,148,56.31210483994298,56.31210483994298,64,84,80,68,29.599999999999962,45.04968387195438,74.64968387195447,0.3804871948644796,36,30,29,29,21.26346103218206,0.0,21.26346103218206,0.0,1.0,0,40,0,5.711762018313901,0,1,36,0.0,-23.921393661204824,67,0,244,97,0,97,244,29,0,4133.631342096237,413.3631342096237,8702.040204962514,870.2040204962514,445.123731130238,44.5123731130238,5207.734742842997,520.7734742842997,5665.0,566.5,0,0,0.03732484193597726,0.0,0.03732484193597726,0.03732484193597726,0.0,0.0,0.145,-0.001449999999999992,-0.0011600000000000009,0.0,0.028156052419971486,0.0293248419359772,0.0,1.9728178268898764,0.04627584122586666,0.011568960306466664,0.006559374817355774,0.10384019379319571,-0.00020768038758639147,0.06320909866953253,0.18739708581960132,-0.1570698856953249,0.002208841033410553,0.0,-0.014728475211378081,-0.0022250413911517252,-0.0014549999999999977,-0.00048754139115172405,-0.0002825000000000002,0.0,0.0,0.0,0.0,0.0,0.0,0.0,0.04723612185485743,0.0,0.0,0.0,0.037788897483886016,0.029859873548781685,0.007929023935104258,0.02330683426320802,-0.014425313207166942,0.03588421675333297,-0.0036063283017917355,0.026913162564999708,0.002208841033410553,0.002208841033410553,0.0003056811478113132,0.4676419291614531,0.160397207243223,0.08613156531280408,0.0,0.0,0.017813922774249605,0.0,0.0,0.0,0.0293248419359772,0.0,0.0485,0.122,-0.0023738850710085697,-0.00017254684741298357,-0.0022013382235955862,0.2671296419782771,0.22876368562380472,0.038365956354472375,0.8923057317733765,0.10034096240997314,2187,9114,0,0.09357556998729706,0.9061036474174924,0.01,0.6437691450119019,0.6033631563186646,0.4029763638973236,0.6057713627815247,3.6366031169891357,-0.020052025094628334,0.2779863476753235,0.4127715528011322,0.0028051193250576032,0.027574949152767658,0.11477873242563671,9,8,11301,2187,9114,0.047076584690738096,0.8162930779116819,419.63327310183854,rolling40_success_then_profit,0.8034359506806016,423.5480144468812,40,True,0.8034359506806016,423.5480144468812,True,cuda,136.50439453125
66,107,200,True,267,267,1255,908,347,102,245,0.2764940239043825,0.08127490039840637,0.1952191235059761,0.3920704845814978,2.0825991189427313,0.7364560230122263,14.959856900874739,28.91390244311567,0.5398987574939191,0.4931415539021534,0.010293789322812127,0.13834768943980927,0.06616094422327674,0.16618763852150625,0.500798609501596,0.006372595813108961,0.16686265689263424,0.10007043019432517,0.14743125858400755,-0.00765705559944263,0.003921193509703166,-0.028514967452824974,-0.033909485971048425,0.018756379937498707,10.830278884462151,10.830278884462151,8.060557768924303,0.5450199203187251,0.05391849959191907,0.04711469918944503,-0.0299112139460233,-0.07510665179855863,-0.07561309594986167,248,19,0.9288389513108615,0.07116104868913857,7,0.026217228464419477,0,19,1.0,-8.944897759778023,-7.111919433474533,-1.8329783263034933,7.762004729044161,0.31048018916176645,-0.56,-0.516,-0.84,-0.22745851546525953,12,53.350946270973246,0.0,113,35,22,67,1,19,7.250936329588015,7.250936329588015,1.3864541832669324,59.958654806552765,18.32321799028313,-8.171139048300386,48.28089488251393,0.8552551878234422,78.2818727968359,0.02997932740327638,0.009161608995141565,0.03914093639841795,0.8466898954703833,0.81,243,142,101,44,0,141,50.41857758192201,49.610853548395696,62,79,77,64,28.199999999999964,40.33486206553759,68.53486206553764,0.3575785644107944,29,17,15,15,19.365811416827036,0.0,19.365811416827036,0.0,1.0,0,32,0,4.262718444736118,0,0,25,0.0,-21.786537843930418,97,0,245,102,0,102,245,21,0,3729.75560822115,372.97556082211497,7426.056519127484,742.6056519127484,502.2661605728412,50.22661605728412,4699.665143226726,469.96651432267265,6275.0,627.5,0,0,0.03426743103276885,0.0,0.03426743103276885,0.03426743103276885,0.0,0.0,0.075,-0.0007500000000000006,-0.0006000000000000004,0.0,0.025209288790961005,0.026144341419358275,0.0,1.8392402798953311,0.04235255216382839,0.010588138040957097,0.006042921835651011,0.08387955317930809,-0.0001677591063586162,0.05970197476302067,0.21004632356374747,-0.1466225311047013,0.0021873133214669045,0.0,-0.01782647531979586,-0.0024890445812596616,-0.0015299999999999973,-0.0006640445812596617,-0.00029500000000000023,0.0,0.0,0.0,0.0,0.0,0.0,0.0,0.043937809967367215,0.0,0.0,0.0,0.03515024797389378,0.027413944826214984,0.007736303147678808,0.020054877917106764,-0.01634227809660077,0.0321872632550093,-0.004085569524150193,0.024140447441256964,0.0021873133214669045,0.0021873133214669045,0.0005181666753813625,0.45100920225853475,0.12756393703313093,0.07061634013847144,0.0,0.0,0.013055316545576349,0.0,0.0,0.0,0.026144341419358275,0.0,0.051,0.1225,-0.0023738850710085697,-0.00017254684741298357,-0.0022013382235955862,0.2671296419782771,0.22876368562380472,0.038365956354472375,0.8923057317733765,0.10034096240997314,2187,9114,0,0.09357556998729706,0.9061036474174924,0.01,0.6437691450119019,0.6033631563186646,0.4029763638973236,0.6057713627815247,3.6366031169891357,-0.020052025094628334,0.2779863476753235,0.4127715528011322,0.0028051193250576032,0.027574949152767658,0.11477873242563671,9,8,11301,2187,9114,0.047076584690738096,0.8162930779116819,419.63327310183854,rolling40_success_then_profit,0.8034359506806016,423.5480144468812,40,True,0.8034359506806016,423.5480144468812,True,cuda,136.50439453125
67,108,200,True,285,285,1096,687,409,113,296,0.3731751824817518,0.1031021897810219,0.27007299270072993,0.3988355167394469,2.1179039301310043,0.7410953752859191,14.456353919127796,30.626381797040914,0.555504980733409,0.5391345638591997,0.017352132644542266,0.16035762035424836,0.08257888848357868,0.16962808457893228,0.5390089561585255,0.010317869080444785,0.17755469980241603,0.12697755547970388,0.14465645508463812,0.00012560770067415739,0.007034263564097481,-0.017197079448167674,-0.0443986669961252,0.024971629494294156,11.988138686131387,11.988138686131387,9.558394160583942,0.5173357664233577,0.11374911661245679,0.021401452848801426,0.0031392449806100435,-0.07475145180428458,-0.10770272632709538,260,25,0.9122807017543859,0.08771929824561403,9,0.031578947368421054,0,25,1.0,-7.064899406438387,-5.032101115137338,-2.0327982913010536,11.508078998640624,0.460323159945625,-0.72,-0.5760000000000001,-1.0195821607589124,-0.17753929048776626,16,54.52319825373889,0.0,124,20,23,83,1,24,6.729824561403508,6.729824561403508,1.5246350364963503,65.92063852481768,29.71561310653564,-6.96967618231213,49.81839543750856,0.8772686590069118,95.63625163135332,0.03296031926240884,0.01485780655326782,0.04781812581567666,0.8703703703703703,0.7833333333333333,235,154,81,35,0,152,48.442497271467005,48.442497271467005,59,93,86,66,30.399999999999967,38.753997817173605,69.15399781717365,0.3187006399438619,18,13,17,17,11.673872132142927,0.0,11.673872132142927,0.0,1.0,0,18,0,4.670085067437956,0,1,15,0.0,-13.133106148660794,80,0,296,113,0,113,296,13,0,4438.267658133979,443.8267658133979,9216.035829708622,921.6035829708622,414.67492899845934,41.46749289984594,5591.086175590132,559.1086175590133,5480.0,548.0,0,0,0.03457699890858688,0.0,0.03457699890858688,0.03457699890858688,0.0,0.0,0.085,-0.0008500000000000006,-0.0006800000000000005,0.0,0.0242212486357335,0.025976998908586815,0.0,2.163915280741344,0.05004140393948016,0.01251035098487004,0.007235264716418907,0.07819434321089858,-0.00015638868642179715,0.06544050789444608,0.1645310717762075,-0.134789694581317,0.0016541421741985602,0.0,-0.013877524444270095,-0.0026450543707694923,-0.0016949999999999962,-0.0005900543707694932,-0.00036000000000000024,0.0,0.0,0.0,0.0,0.0,0.0,0.0,0.04608096120703499,0.0,0.0,0.0,0.03686476896562809,0.027661599126869375,0.009203169838758634,0.02142435962759821,-0.01393935236462426,0.03321226362500571,-0.003484838091156065,0.024909197718754283,0.0016541421741985602,0.0016541421741985602,0.00045898350094755464,0.46964985828280353,0.13957855461044338,0.08841538137050875,0.0,0.0,0.0149553472855348,0.0,0.0,0.0,0.025976998908586815,0.0,0.0565,0.148,-0.0023738850710085697,-0.00017254684741298357,-0.0022013382235955862,0.2671296419782771,0.22876368562380472,0.038365956354472375,0.8923057317733765,0.10034096240997314,2187,9114,0,0.09357556998729706,0.9061036474174924,0.01,0.6437691450119019,0.6033631563186646,0.4029763638973236,0.6057713627815247,3.6366031169891357,-0.020052025094628334,0.2779863476753235,0.4127715528011322,0.0028051193250576032,0.027574949152767658,0.11477873242563671,9,8,11301,2187,9114,0.047076584690738096,0.8162930779116819,419.63327310183854,rolling40_success_then_profit,0.8034359506806016,423.5480144468812,40,True,0.8034359506806016,423.5480144468812,True,cuda,136.50439453125
68,109,200,True,265,265,1059,744,315,115,200,0.29745042492917845,0.10859301227573183,0.18885741265344666,0.46774193548387094,1.961021505376344,0.7387377643577193,14.864096796640785,27.663429549244302,0.541294080850866,0.47703860553922833,0.03033583670333829,0.20518708410322345,0.045650657195027075,0.15803609541316907,0.4764196000873081,0.01778695941902697,0.23016275723354632,0.06613032621211343,0.13790506387369766,0.0006190054519202293,0.012548877284311317,-0.024975673130322867,-0.020479669017086352,0.020131031539471406,10.170915958451369,10.170915958451369,7.697828139754486,0.4485363550519358,0.0692813840662554,0.07345581955367879,0.09488579635906018,-0.07316066289546728,-0.026344541410070397,241,24,0.909433962264151,0.09056603773584905,6,0.022641509433962263,0,24,1.0,-6.803106466284722,-5.545661045536398,-1.2574454207483259,12.315812533165829,0.49263250132663317,-0.48000000000000004,-0.396,-0.7167035352875446,-0.15737438678741453,18,73.21379291074474,0.0,139,28,16,48,1,23,7.241509433962264,7.241509433962264,1.571293673276676,84.75071158738544,33.26996458840978,-7.142647657153071,70.1392719188536,0.9075767308014614,118.02067617579522,0.04237535579369272,0.01663498229420489,0.05901033808789761,0.7676056338028169,0.7266666666666667,218,161,57,66,0,158,77.18062031818673,75.64655142303863,88,70,66,92,31.599999999999966,61.74449625454937,93.34449625454943,0.4884849387227008,40,31,26,26,26.423697487369544,0.0,26.423697487369544,0.0,1.0,0,43,0,4.380517543772391,0,2,40,0.0,-29.726659673290726,57,0,200,115,0,115,200,30,0,4610.146352881477,461.01463528814764,9403.958662557423,940.3958662557422,452.4011139089863,45.24011139089863,5805.655125730281,580.5655125730281,5295.0,529.5,0,0,0.04667224812727475,0.0,0.04667224812727475,0.04667224812727475,0.0,0.0,0.13,-0.0012999999999999965,-0.0010400000000000008,0.0,0.03859031015909338,0.039258620569215454,0.0,2.2307691264273144,0.05110612171925919,0.012776530429814798,0.00750089404335361,0.04450735774321171,-8.901471548642344e-05,0.06783079537987649,0.15265544029229544,-0.10064368478282076,0.0015188646597479242,0.0,-0.014644465298777156,-0.0025462343057356144,-0.001724999999999996,-0.00047623430573561404,-0.00034500000000000025,0.0,0.0,0.0,0.0,0.0,0.0,0.0,0.058059763841602934,0.0,0.0,0.0,0.04644781107328248,0.037337798501819675,0.00911001257146276,0.031498312130850206,-0.014285295314306142,0.04675951461256904,-0.0035713238285765355,0.0350696359594268,0.0015188646597479242,0.0015188646597479242,0.0009208471985285481,0.4599848716131864,0.1690656545597536,0.05031612118445211,0.0,0.0,0.03149405198189984,0.0,0.0,0.0,0.039258620569215454,0.0,0.0575,0.1,-0.0023738850710085697,-0.00017254684741298357,-0.0022013382235955862,0.2671296419782771,0.22876368562380472,0.038365956354472375,0.8923057317733765,0.10034096240997314,2187,9114,0,0.09357556998729706,0.9061036474174924,0.01,0.6437691450119019,0.6033631563186646,0.4029763638973236,0.6057713627815247,3.6366031169891357,-0.020052025094628334,0.2779863476753235,0.4127715528011322,0.0028051193250576032,0.027574949152767658,0.11477873242563671,9,8,11301,2187,9114,0.047076584690738096,0.8162930779116819,419.63327310183854,rolling40_success_then_profit,0.8034359506806016,423.5480144468812,40,True,0.8034359506806016,423.5480144468812,True,cuda,136.50439453125
69,110,200,True,290,290,1116,754,362,103,259,0.32437275985663083,0.09229390681003584,0.23207885304659498,0.356763925729443,2.2718832891246685,0.7502532471910079,14.318700369220197,30.603225186071914,0.54217803776837,0.5444828283130648,0.01123174225580471,0.14487937122919356,0.08305116030091138,0.18173147307891666,0.5544681713498872,0.006723109699429979,0.17809750324742626,0.12850602353776036,0.154740067258161,-0.009985343036822414,0.004508632556374731,-0.033218132018232704,-0.04545486323684898,0.026991405820755654,12.96774193548387,12.96774193548387,10.220430107526882,0.589605734767025,0.09792211260505145,0.36237186036435204,0.03166031355268596,-0.12544611595412683,-0.07379922960489804,267,23,0.9206896551724137,0.07931034482758621,8,0.027586206896551724,0,23,1.0,-8.472870171888308,-6.456746063381428,-2.0161241085068804,10.078042849559518,0.4031217139823808,-0.64,-0.696,-0.96,-0.12324582248926162,15,56.10543933552694,0.0,141,27,13,74,3,22,6.703448275862069,6.703448275862069,1.5340501792114696,66.25907247280948,29.491236287165254,-7.015683570557899,51.11490021781451,0.8793116615498155,95.75030875997473,0.03312953623640474,0.014745618143582627,0.047875154379987364,0.8697183098591549,0.8233333333333334,247,162,85,37,0,159,51.92399864381418,51.03974896176083,63,96,93,66,31.799999999999958,41.53919891505132,73.3391989150514,0.3265660292063785,25,22,12,12,13.984871431192285,1.0,12.984871431192285,0.0,1.0,1,26,0,6.429638465184677,0,1,24,-1.2000000000000002,-14.607980360091315,83,0,259,103,0,103,259,23,0,4362.43572749878,436.24357274987796,8913.426550239066,891.3426550239067,440.13914146680645,44.01391414668065,5495.112601524528,549.5112601524528,5580.0,558.0,0,0,0.03666959945752575,0.0,0.03666959945752575,0.03666959945752575,0.0,0.0,0.06,-0.0006000000000000004,-0.0004800000000000004,0.0,0.025961999321907094,0.026915899584704334,0.0,2.104191615188961,0.049297230423212386,0.012324307605803097,0.007160700560505319,0.06387151878564731,-0.00012774303757129467,0.06790671560009326,0.18347718827165962,-0.15624618423233175,0.003186860636799284,0.0,-0.014865536003122463,-0.0024626763579512698,-0.0015449999999999973,-0.0006151763579512696,-0.0003025000000000002,0.0,0.0,0.0,0.0,0.0,0.0,0.0,0.04826616402575744,0.0,0.0,0.0,0.03861293122060602,0.029335679566020456,0.009277251654585452,0.022049608323628258,-0.014031367141115797,0.034076600145209635,-0.0035078417852789493,0.025557450108907254,0.003186860636799284,0.003186860636799284,0.00018633842601130406,0.4790368172851852,0.13679441395967773,0.08903883781444577,0.0,0.0,0.015390640208905043,0.0,0.0,0.0,0.026915899584704334,0.0,0.0515,0.1295,-0.0023738850710085697,-0.00017254684741298357,-0.0022013382235955862,0.2671296419782771,0.22876368562380472,0.038365956354472375,0.8923057317733765,0.10034096240997314,2187,9114,0,0.09357556998729706,0.9061036474174924,0.01,0.6437691450119019,0.6033631563186646,0.4029763638973236,0.6057713627815247,3.6366031169891357,-0.020052025094628334,0.2779863476753235,0.4127715528011322,0.0028051193250576032,0.027574949152767658,0.11477873242563671,9,8,11301,2187,9114,0.047076584690738096,0.8162930779116819,419.63327310183854,rolling40_success_then_profit,0.8034359506806016,423.5480144468812,40,True,0.8034359506806016,423.5480144468812,True,cuda,136.50439453125
70,111,200,True,285,285,1068,713,355,76,279,0.33239700374531833,0.07116104868913857,0.2612359550561798,0.3702664796633941,2.1542776998597475,0.7211992243229088,14.979137606573975,28.334037288375523,0.5367996772095824,0.49431962276407915,0.022652374860029904,0.14254030402943094,0.024555626122194744,0.1732276557784052,0.49294229039888393,0.016160550784596554,0.16966951979379083,0.03672725284948219,0.1553234822269618,0.0013773323651952163,0.006491824075433351,-0.027129215764359893,-0.012171626727287443,0.017904173551443414,9.767790262172285,9.767790262172285,7.264044943820225,0.4700374531835206,0.07943129726172027,0.0738986391601501,0.02484572255374271,-0.03584895558884864,-0.039032648104415577,259,26,0.9087719298245615,0.0912280701754386,8,0.028070175438596492,0,26,1.0,-6.265512398650923,-4.696276878714558,-1.5692355199363643,12.719270738203775,0.508770829528151,-0.64,-0.4680000000000001,-0.9305222056858337,-0.03948414377868176,18,75.8784299871205,0.0,137,19,14,79,1,25,6.757894736842105,6.757894736842105,1.5589887640449438,87.13907164257768,38.1878159349821,-6.299607036208837,73.46673403327773,0.921024244665791,125.32688757755977,0.043569535821288835,0.01909390796749105,0.06266344378877989,0.7605633802816901,0.72,216,157,59,68,0,153,80.81004685487576,80.81004685487576,91,62,59,94,30.59999999999995,64.64803748390064,95.24803748390065,0.528170240881541,40,29,28,28,25.75938761074374,0.0,25.75938761074374,0.0,1.0,0,44,0,4.648712664090364,0,4,37,0.0,-28.97931106208671,59,0,279,76,0,76,279,28,0,4403.634423930512,440.3634423930512,9278.570826510728,927.8570826510728,438.78141714118595,43.8781417141186,5548.014177284291,554.8014177284291,5340.0,534.0,0,0,0.04762401874195039,0.0,0.04762401874195039,0.04762401874195039,0.0,0.0,0.14,-0.001399999999999992,-0.0011200000000000008,0.0,0.04040502342743788,0.04172401874195032,0.0,2.0956919296600716,0.048948974531521736,0.012237243632880434,0.007253803946901497,0.024198674531432176,-4.8397349062864345e-05,0.06554329493150217,0.1490287263629423,-0.07873863533247884,0.00217361713783075,0.0,-0.01391775162989129,-0.0018774956148113224,-0.00114,-0.000512495614811322,-0.00022500000000000018,0.0,0.0,0.0,0.0,0.0,0.0,0.0,0.05841286502576777,0.0,0.0,0.0,0.04673029202061433,0.03809921499356018,0.0086310770270541,0.033583563498534384,-0.012599214072417673,0.048977822688851785,-0.0031498035181044184,0.03673336701663887,0.00217361713783075,0.00217361713783075,0.00047026859295864874,0.44534032568325943,0.11485071957583805,0.03487501908413809,0.0,0.0,0.030887419541326715,0.0,0.0,0.0,0.04172401874195032,0.0,0.038,0.1395,-0.0023738850710085697,-0.00017254684741298357,-0.0022013382235955862,0.2671296419782771,0.22876368562380472,0.038365956354472375,0.8923057317733765,0.10034096240997314,2187,9114,0,0.09357556998729706,0.9061036474174924,0.01,0.6437691450119019,0.6033631563186646,0.4029763638973236,0.6057713627815247,3.6366031169891357,-0.020052025094628334,0.2779863476753235,0.4127715528011322,0.0028051193250576032,0.027574949152767658,0.11477873242563671,9,8,11301,2187,9114,0.047076584690738096,0.8162930779116819,419.63327310183854,rolling40_success_then_profit,0.8034359506806016,423.5480144468812,40,True,0.8034359506806016,423.5480144468812,True,cuda,136.50439453125
71,112,200,True,286,286,1142,743,399,76,323,0.34938704028021017,0.06654991243432574,0.28283712784588444,0.3781965006729475,2.138627187079408,0.7480843934565181,14.740015159545324,29.606833587424433,0.5315662953607151,0.4993156302986042,0.011060930126688844,0.19038011002057253,0.04975554561756381,0.16717737789289627,0.5044702531351215,0.006436572396378177,0.21753220049937633,0.0827119033648927,0.14263343013582366,-0.0051546228365172975,0.004624357730310667,-0.027152090478803792,-0.03295635774732889,0.02454394775707261,9.22416812609457,9.22416812609457,6.73029772329247,0.5166374781085814,0.04756649361033526,0.06632100377811592,0.05079327188840073,-0.12914012602421035,-0.012658509896337749,262,24,0.916083916083916,0.08391608391608392,7,0.024475524475524476,0,24,1.0,-7.886180853778664,-6.587278565168376,-1.2989022886102874,11.242203920878682,0.44968815683514735,-0.56,-0.30000000000000004,-0.835954963491814,-0.05263548195362091,17,50.69634475684358,0.0,110,28,19,95,1,23,6.695804195804196,6.695804195804196,1.4711033274956218,59.73870455054199,16.584474337049635,-7.035477355356545,47.1681604843029,0.8702028565653048,76.32317888759162,0.029869352275270995,0.008292237168524817,0.038161589443795815,0.8291814946619217,0.7766666666666666,233,140,93,48,0,135,46.96303868256808,46.96303868256808,58,77,74,61,26.999999999999957,37.570430946054444,64.57043094605454,0.3478743606116154,36,29,12,12,20.931741148352614,0.0,20.931741148352614,0.0,1.0,0,42,0,6.008660436306878,0,3,37,0.0,-23.5482087918967,91,0,323,76,0,76,323,30,0,4219.250722441927,421.9250722441927,8680.493681538443,868.0493681538443,424.01589871276815,42.40158987127681,5312.888961954091,531.2888961954092,5725.0,572.5,0,0,0.032285215473027304,0.0,0.032285215473027304,0.032285215473027304,0.0,0.0,0.06,-0.0006000000000000004,-0.0004800000000000004,0.0,0.023481519341284042,0.024885215473027234,0.0,1.9393543273438845,0.04502710998905496,0.01125677749726374,0.006560224849841359,0.05321979629526905,-0.0001064395925905381,0.05807566638228993,0.1658800485840062,-0.1367819543752652,0.0012194235315843736,0.0,-0.01436195482007871,-0.001851477129831506,-0.00114,-0.0004764771298315053,-0.00023500000000000018,0.0,0.0,0.0,0.0,0.0,0.0,0.0,0.04283555337770034,0.0,0.0,0.0,0.03426844270216036,0.025828172378421704,0.008440270323738569,0.020066341564473185,-0.014070954710713091,0.03144544032286858,-0.0035177386776782727,0.023584080242151452,0.0012194235315843736,0.0012194235315843736,0.000327530575469136,0.4375197544056464,0.14670245576828558,0.055274467137698166,0.0,0.0,0.021169318165275914,0.0,0.0,0.0,0.024885215473027234,0.0,0.038,0.1615,-0.0023738850710085697,-0.00017254684741298357,-0.0022013382235955862,0.2671296419782771,0.22876368562380472,0.038365956354472375,0.8923057317733765,0.10034096240997314,2187,9114,0,0.09357556998729706,0.9061036474174924,0.01,0.6437691450119019,0.6033631563186646,0.4029763638973236,0.6057713627815247,3.6366031169891357,-0.020052025094628334,0.2779863476753235,0.4127715528011322,0.0028051193250576032,0.027574949152767658,0.11477873242563671,9,8,11301,2187,9114,0.047076584690738096,0.8162930779116819,419.63327310183854,rolling40_success_then_profit,0.8034359506806016,423.5480144468812,40,True,0.8034359506806016,423.5480144468812,True,cuda,136.50439453125
72,113,200,True,245,245,1245,959,286,149,137,0.22971887550200804,0.11967871485943775,0.11004016064257029,0.3816475495307612,2.1522419186652764,0.7102820764337516,15.765368447686633,28.96893183779791,0.5244627774073242,0.5010677298552302,0.012482676511325478,0.20353800376898554,0.05212666449157426,0.1627980620076839,0.5044660472366435,0.007073641439066565,0.2384721053729263,0.07572431994574892,0.13800109358459742,-0.003398317381413274,0.005409035072258914,-0.034934101603940754,-0.023597655454174665,0.024796968423086485,13.28995983935743,13.28995983935743,10.367871485943775,0.5534136546184739,0.07969470635953099,0.014171938102946924,0.001875584811679661,-0.032311662544784056,-0.0038259458601816376,224,21,0.9142857142857143,0.08571428571428572,8,0.0326530612244898,0,21,1.0,-10.34420648801853,-8.511958688497534,-1.8322477995209945,8.94634677578093,0.35785387103123717,-0.64,-0.528,-0.8867776315400381,-0.13532403901219367,13,52.26507972666842,0.0,115,46,14,36,3,21,7.930612244897959,7.930612244897959,1.3967871485943775,57.094587488511046,16.03730136073908,-9.367397062313366,48.448099655537355,0.8379777465542184,73.13188884925012,0.028547293744255523,0.008018650680369539,0.03656594442462506,0.8142857142857143,0.76,228,134,94,52,0,132,49.41418707291939,49.41418707291939,63,69,68,64,26.399999999999967,39.5313496583355,65.93134965833559,0.3743499020675711,32,28,20,20,20.483023317764367,0.0,20.483023317764367,0.0,1.0,0,37,0,4.891427259065717,0,5,32,0.0,-23.043401232484925,93,0,137,149,0,149,137,26,0,3673.5400129430204,367.35400129430207,7701.690914213661,770.1690914213661,518.8923451830035,51.88923451830035,4628.54519867336,462.85451986733597,6225.0,622.5,0,0,0.03296567482916781,0.0,0.03296567482916781,0.03296567482916781,0.0,0.0,0.1,-0.0010000000000000007,-0.0008000000000000006,0.0,0.024707093536459702,0.02616567482916776,0.0,1.7748609312427117,0.04214268427622715,0.010535671069056788,0.0061330582745238215,0.05104983144677522,-0.00010209966289355044,0.05633775474645707,0.23077747200123508,-0.19568207981338565,0.0023407809407042933,0.0,-0.01828944742498922,-0.003519053264697025,-0.0022349999999999965,-0.0007515532646970238,-0.0005325,0.0,0.0,0.0,0.0,0.0,0.0,0.0,0.042399246235330944,0.0,0.0,0.0,0.03391939698826481,0.026372539863334134,0.0075468571249306116,0.01954035129661204,-0.01873479412462673,0.032298733103691586,-0.004683698531156683,0.024224049827768677,0.0023407809407042933,0.0023407809407042933,0.00048190361946821224,0.47522777587568815,0.18791147886638676,0.06201679534859921,0.0,0.0,0.014990016667920726,0.0,0.0,0.0,0.02616567482916776,0.0,0.0745,0.0685,-0.0023738850710085697,-0.00017254684741298357,-0.0022013382235955862,0.2671296419782771,0.22876368562380472,0.038365956354472375,0.8923057317733765,0.10034096240997314,2187,9114,0,0.09357556998729706,0.9061036474174924,0.01,0.6437691450119019,0.6033631563186646,0.4029763638973236,0.6057713627815247,3.6366031169891357,-0.020052025094628334,0.2779863476753235,0.4127715528011322,0.0028051193250576032,0.027574949152767658,0.11477873242563671,9,8,11301,2187,9114,0.047076584690738096,0.8162930779116819,419.63327310183854,rolling40_success_then_profit,0.8034359506806016,423.5480144468812,40,True,0.8034359506806016,423.5480144468812,True,cuda,136.50439453125
73,114,200,True,259,259,1128,788,340,132,208,0.30141843971631205,0.11702127659574468,0.18439716312056736,0.41624365482233505,2.083756345177665,0.7242277511750078,15.017561983941171,27.064525824059086,0.5416810487324883,0.501946410722085,0.014987685344167773,0.13426198782446572,0.04766942487632487,0.17232249652361734,0.5061984278526402,0.009168570785579947,0.16918711390625213,0.07853246115719507,0.1466471880726365,-0.00425201713055523,0.0058191145585878255,-0.03492512608178641,-0.030863036280870206,0.025675308450980844,11.691489361702128,11.691489361702128,8.952127659574469,0.5425531914893617,0.12474101697916998,0.11320972406950955,0.03405203069939213,-0.018634205390931732,-0.0503638934539288,239,20,0.9227799227799228,0.07722007722007722,3,0.011583011583011582,0,20,1.0,-5.325459514005146,-5.009555902332066,-0.31590361167308134,12.198666967186902,0.4879466786874762,-0.24,-0.192,-0.34776050484429555,-0.024089785516262053,17,63.29538398537797,0.0,126,23,23,57,1,19,7.2471042471042475,7.2471042471042475,1.4680851063829787,74.93295112237848,29.236998823730886,-7.757816347997511,58.123246319376065,0.8822451242602766,104.16994994610937,0.03746647556118924,0.014618499411865443,0.052084974973054685,0.8133802816901409,0.77,231,158,73,53,0,152,63.19642072984303,61.649037477153065,74,78,77,75,30.39999999999996,50.55713658387442,80.95713658387453,0.41576592585423044,33,30,20,20,18.78082768679791,0.0,18.78082768679791,0.0,1.0,0,38,0,6.262544529533825,0,3,35,0.0,-21.128431147647643,70,0,208,132,0,132,208,34,0,4349.003410795462,434.90034107954614,8946.421611640808,894.6421611640808,454.20284338700344,45.42028433870034,5477.28017792918,547.7280177929181,5640.0,564.0,0,0,0.04047856829193729,0.0,0.04047856829193729,0.04047856829193729,0.0,0.0,0.1,-0.0010000000000000007,-0.0008000000000000006,0.0,0.031598210364921504,0.031959614990861224,0.0,2.005532930784807,0.04639919190701694,0.011599797976754235,0.00678921588872281,0.04645315993784101,-9.290631987568201e-05,0.06457738574348412,0.18399700665252974,-0.11524969278235396,0.001596519100459385,0.0,-0.01552162424015859,-0.003274107191564315,-0.0019799999999999944,-0.0008441071915643145,-0.00045000000000000037,0.0,0.0,0.0,0.0,0.0,0.0,0.0,0.05098545994881573,0.0,0.0,0.0,0.04078836795905261,0.032382854633549674,0.008405513325502876,0.025182714985689254,-0.015515632695995022,0.03874883087958403,-0.0038789081739987554,0.029061623159688032,0.001596519100459385,0.001596519100459385,0.0005081319528197252,0.4740365271452793,0.13079521543264716,0.05669629193994321,0.0,0.0,0.01757427255685826,0.0,0.0,0.0,0.031959614990861224,0.0,0.066,0.104,-0.0042156724660243425,0.00012866320709387463,-0.004344335673118217,0.3567584488954809,0.3145949125289917,0.0421635363664892,0.871117115020752,0.09836632013320923,2201,9136,0,0.07709205448627472,0.8477771116627587,0.01,0.6290892362594604,0.6200152039527893,0.42332059144973755,0.6239054203033447,3.5292248725891113,0.0470392107963562,0.2904929220676422,0.5240805745124817,0.0034860146985415163,0.03183593751034803,0.11528295787672202,10,8,11337,2201,9136,0.05696672247007818,0.7896837372316213,423.1946626690004,rolling40_success_then_profit,0.809490709627075,422.96487401798913,40,True,0.809490709627075,422.96487401798913,True,cuda,136.7900390625
74,115,200,True,308,308,1114,634,480,93,387,0.43087971274685816,0.08348294434470377,0.3473967684021544,0.41798107255520506,2.0205047318611986,0.7130784371908907,15.840747135294725,27.93624556237062,0.5620684011787733,0.49420749967218575,0.02740328176070463,0.11059900225148968,0.03507564937011324,0.16580169592111457,0.49741372444934273,0.01817338300827738,0.14292278438835912,0.054188612333097866,0.14817761325450726,-0.003206224777156985,0.00922989875242725,-0.03232378213686944,-0.019112962962984627,0.01762408266660731,9.022441651705565,9.022441651705565,6.937163375224417,0.39587073608617596,0.1540984158980079,0.15712303869767671,0.0738636028340921,-0.07439797458099795,-0.08182250912053314,285,23,0.9253246753246753,0.07467532467532467,5,0.016233766233766232,0,23,1.0,-6.581685591170778,-5.750623364746567,-0.8310622264242113,11.90795115730181,0.47631804629207236,-0.4,-0.192,-0.6,-0.11538027271628377,18,84.61339170189756,0.0,128,21,15,111,1,22,6.275974025974026,6.275974025974026,1.5224416517055654,94.44685175122359,48.929575641541874,-6.20585166614142,84.65678475783282,0.9317007307912101,143.37642739276546,0.0472234258756118,0.024464787820770936,0.07168821369638273,0.7275985663082437,0.6766666666666666,203,147,56,76,0,145,96.45842453421491,96.45842453421491,108,37,37,108,28.99999999999997,77.16673962737194,106.16673962737202,0.6652305140290684,42,31,34,34,26.241206622355104,0.0,26.241206622355104,0.0,1.0,0,44,0,5.11835994979282,0,6,38,0.0,-29.5213574501495,55,0,387,93,0,93,387,29,0,4278.780237414628,427.87802374146275,8867.649973413058,886.7649973413057,404.1483574872809,40.414835748728095,5388.665205105221,538.866520510522,5570.0,557.0,0,0,0.053083369813686,0.0,0.053083369813686,0.053083369813686,0.0,0.0,0.17,-0.0016999999999999858,-0.001360000000000001,0.0,0.04822921226710746,0.049383369813685955,0.0,2.0890893872991043,0.04784164574004884,0.01196041143501221,0.007054486691535875,0.032972704850838225,-6.594540970167645e-05,0.06241315905682441,0.13413644690366952,-0.07470595099477023,0.0020899158698495755,0.0,-0.012958231498275831,-0.0021061756076227794,-0.0013949999999999982,-0.00043867560762277856,-0.00027250000000000017,0.0,0.0,0.0,0.0,0.0,0.0,0.0,0.06327783583899621,0.0,0.0,0.0,0.05062226867119733,0.04246669585094874,0.008155572820248501,0.039225466545845626,-0.01241170333228284,0.056437856505221824,-0.00310292583307071,0.04232839237891641,0.0020899158698495755,0.0020899158698495755,0.0005615587415422003,0.4155867025216581,0.08857975904355626,0.04401783197833263,0.0,0.0,0.02863783573154754,0.0,0.0,0.0,0.049383369813685955,0.0,0.0465,0.1935,-0.0042156724660243425,0.00012866320709387463,-0.004344335673118217,0.3567584488954809,0.3145949125289917,0.0421635363664892,0.871117115020752,0.09836632013320923,2201,9136,0,0.07709205448627472,0.8477771116627587,0.01,0.6290892362594604,0.6200152039527893,0.42332059144973755,0.6239054203033447,3.5292248725891113,0.0470392107963562,0.2904929220676422,0.5240805745124817,0.0034860146985415163,0.03183593751034803,0.11528295787672202,10,8,11337,2201,9136,0.05696672247007818,0.7896837372316213,423.1946626690004,rolling40_success_then_profit,0.809490709627075,422.96487401798913,40,True,0.809490709627075,422.96487401798913,True,cuda,136.7900390625
75,116,200,True,280,280,1135,821,314,95,219,0.27665198237885463,0.08370044052863436,0.19295154185022026,0.3629719853836784,2.1936662606577344,0.7521819559251492,14.383725475306633,27.833757815458306,0.5238264052919934,0.5109525379360665,0.026086621621712117,0.13123488563014224,0.028137279528643522,0.18837243328540246,0.5137138814641555,0.016696654695758865,0.17039082761985522,0.05738254291888544,0.1602366781803744,-0.0027613435280889886,0.009389966925953251,-0.03915594198971298,-0.02924526339024192,0.028135755105028054,11.792070484581497,11.792070484581497,9.0,0.5559471365638766,0.06500299367695286,0.16638736842803567,-0.01448614092355904,-0.06870271266995331,-0.016373945601534257,258,22,0.9214285714285714,0.07857142857142857,6,0.02142857142857143,0,22,1.0,-6.786293495391003,-5.64040113791823,-1.1458923574727709,10.96136388097719,0.4384545552390878,-0.48000000000000004,-0.33599999999999997,-0.72,-0.048346912711858744,16,81.32239060566214,0.0,136,24,21,65,2,22,6.939285714285714,6.939285714285714,1.5136563876651983,91.65481569939716,39.53116318717564,-7.449145847608888,78.71402039919165,0.9135460525409198,131.1859788865728,0.04582740784969858,0.019765581593587822,0.0655929894432864,0.7642857142857142,0.7133333333333334,214,158,56,66,0,157,87.81623532134705,87.81623532134705,97,60,54,103,31.399999999999967,70.25298825707767,101.65298825707777,0.5593390784799175,44,37,22,22,28.20774343502859,0.0,28.20774343502859,0.0,1.0,0,48,0,4.768703416251675,0,2,43,0.0,-31.73371136440717,55,0,219,95,0,95,219,35,0,4149.8354755950795,414.98354755950794,8503.167289998846,850.3167289998846,478.77939621537035,47.87793962153704,5227.956261607998,522.7956261607999,5675.0,567.5,0,0,0.050826494128538895,0.0,0.050826494128538895,0.050826494128538895,0.0,0.0,0.11,-0.0010999999999999985,-0.0008800000000000007,0.0,0.043908117660673526,0.04542649412853884,0.0,2.037132480196684,0.04699679647281526,0.011749199118203815,0.007049519470922285,0.0,0.0,0.06654349182668882,0.18790477137631736,-0.12919669871932582,0.002347940751732672,0.0,-0.015638599227059364,-0.0024297639423759266,-0.001424999999999998,-0.000729763942375926,-0.0002750000000000002,0.0,0.0,0.0,0.0,0.0,0.0,0.0,0.06147569324674261,0.0,0.0,0.0,0.04918055459739404,0.04066119530283099,0.008519359294563099,0.03563243727579136,-0.014898291695217775,0.05247601359946112,-0.0037245729238044437,0.039357010199595824,0.002347940751732672,0.002347940751732672,0.0006431210314606626,0.4677710936043993,0.12736603660992712,0.05953741276448287,0.0,0.0,0.029434350129743832,0.0,0.0,0.0,0.04542649412853884,0.0,0.0475,0.1095,-0.0042156724660243425,0.00012866320709387463,-0.004344335673118217,0.3567584488954809,0.3145949125289917,0.0421635363664892,0.871117115020752,0.09836632013320923,2201,9136,0,0.07709205448627472,0.8477771116627587,0.01,0.6290892362594604,0.6200152039527893,0.42332059144973755,0.6239054203033447,3.5292248725891113,0.0470392107963562,0.2904929220676422,0.5240805745124817,0.0034860146985415163,0.03183593751034803,0.11528295787672202,10,8,11337,2201,9136,0.05696672247007818,0.7896837372316213,423.1946626690004,rolling40_success_then_profit,0.809490709627075,422.96487401798913,40,True,0.809490709627075,422.96487401798913,True,cuda,136.7900390625
76,117,200,True,265,265,1071,790,281,99,182,0.2623716153127918,0.09243697478991597,0.16993464052287582,0.3848101265822785,2.1481012658227847,0.7198254896115653,15.344876519939568,27.244609802584105,0.5693702212710204,0.4914684471261652,0.03350363052155398,0.14349323593174354,0.02689361460389027,0.1564220842846398,0.49225222066610674,0.02189833233958181,0.1818431032373558,0.04173223005999705,0.1447942913875361,-0.0007837735399415235,0.01160529818197217,-0.03834986730561227,-0.01483861545610678,0.011627792897103695,10.873949579831933,10.873949579831933,8.098972922502334,0.5284780578898226,0.16421648068497358,0.07284876113798654,-0.0012000694747845418,-0.02698066294042219,-0.028825107393523144,242,23,0.9132075471698113,0.08679245283018867,6,0.022641509433962263,0,23,1.0,-6.062524488298134,-4.753878651708362,-1.3086458365897735,12.383556999664048,0.49534227998656205,-0.48000000000000004,-0.516,-0.7053875090023491,-0.10260060757398605,17,94.77639585979529,0.0,141,23,21,45,2,23,7.275471698113208,7.275471698113208,1.5443510737628385,107.15970055824508,47.846993827936124,-7.263814439049762,95.03078223761321,0.9289912206994712,155.0066943861812,0.053579850279122536,0.023923496913968063,0.0775033471930906,0.7282608695652174,0.67,201,169,32,75,0,167,109.46311853093015,109.46311853093015,122,45,44,123,33.39999999999998,87.57049482474405,120.9704948247441,0.6554677756343122,56,42,19,19,36.48442130722425,1.0,35.48442130722425,0.0,1.0,1,60,0,4.450433913361211,0,7,51,-1.2000000000000002,-39.91997397062729,32,0,182,99,0,99,182,39,0,4414.486258841293,441.44862588412934,9181.037617891088,918.1037617891088,505.78105187264515,50.57810518726451,5561.203146103376,556.1203146103376,5355.0,535.5,0,0,0.060485247412372094,0.0,0.060485247412372094,0.060485247412372094,0.0,0.0,0.095,-0.0009500000000000008,-0.0007600000000000006,0.0,0.05473155926546507,0.056085247412372065,0.0,2.174762884233943,0.0502919333463633,0.012572983336590826,0.007268607412703418,0.0746700474366914,-0.00014934009487338275,0.07095665368150503,0.16560870893893836,-0.09731638390564037,0.0031751850552032075,0.0,-0.016356453605115687,-0.0023135788121789636,-0.0014849999999999976,-0.0005435788121789635,-0.0002850000000000002,0.0,0.0,0.0,0.0,0.0,0.0,0.0,0.07195889065408946,0.0,0.0,0.0,0.057567112523271596,0.04838819792989757,0.009178914593374008,0.043883483899281685,-0.014527628878099524,0.06335385482507547,-0.003631907219524881,0.04751539111880661,0.0031751850552032075,0.0031751850552032075,0.0007662787027408678,0.47251764743432034,0.13539920329377703,0.04248986179146003,0.0,0.0,0.036912761004345575,0.0,0.0,0.0,0.056085247412372065,0.0,0.0495,0.091,-0.0042156724660243425,0.00012866320709387463,-0.004344335673118217,0.3567584488954809,0.3145949125289917,0.0421635363664892,0.871117115020752,0.09836632013320923,2201,9136,0,0.07709205448627472,0.8477771116627587,0.01,0.6290892362594604,0.6200152039527893,0.42332059144973755,0.6239054203033447,3.5292248725891113,0.0470392107963562,0.2904929220676422,0.5240805745124817,0.0034860146985415163,0.03183593751034803,0.11528295787672202,10,8,11337,2201,9136,0.05696672247007818,0.7896837372316213,423.1946626690004,rolling40_success_then_profit,0.809490709627075,422.96487401798913,40,True,0.809490709627075,422.96487401798913,True,cuda,136.7900390625
77,118,200,True,284,284,1176,733,443,125,318,0.37670068027210885,0.10629251700680271,0.27040816326530615,0.44201909959072305,2.0409276944065486,0.731511542408398,14.915337174846238,30.23693365882193,0.5304937150603237,0.4616209502963382,0.012663794460351926,0.12656767405620375,0.05357157071229035,0.16305928603881947,0.47001412006712545,0.008312641062340502,0.16045519047020332,0.08033099759682646,0.13723880246200307,-0.008393169770787245,0.004351153398011424,-0.03388751641399956,-0.026759426884536114,0.025820483576816405,8.54251700680272,8.54251700680272,6.23469387755102,0.42431972789115646,0.08472453266969454,0.2503711973962491,0.06050580403965111,-0.033730690530709595,-0.058593281861263925,265,19,0.9330985915492958,0.06690140845070422,3,0.01056338028169014,0,19,1.0,-6.82984860808939,-6.569729357212776,-0.2601192508766148,11.497018728084626,0.4598807491233852,-0.24,-0.12,-0.36,0.0,16,54.30177273452492,0.0,113,27,17,95,3,19,6.802816901408451,6.802816901408451,1.4600340136054422,64.05289773592868,33.08515608509613,-6.584752705252256,51.629188551526624,0.8868870142942696,97.13805382102481,0.03202644886796434,0.016542578042548065,0.0485690269105124,0.8678571428571429,0.81,243,137,106,37,0,134,53.03678175349554,52.34651989769517,66,68,64,70,26.79999999999997,42.42942540279641,69.22942540279647,0.3957968787574294,17,14,20,20,10.630470898825093,0.0,10.630470898825093,0.0,1.0,0,17,0,5.250107777912256,0,1,15,0.0,-11.959279761178228,106,0,318,125,0,125,318,11,0,4164.965869807726,416.49658698077263,8209.759381191472,820.9759381191473,414.91174213090494,41.491174213090495,5241.417342117856,524.1417342117855,5885.0,588.5,0,0,0.03461471270139828,0.0,0.03461471270139828,0.03461471270139828,0.0,0.0,0.1,-0.0010000000000000007,-0.0008000000000000006,0.0,0.026518390876747767,0.02783860795907808,0.0,2.000848771065797,0.04559057775871989,0.011397644439679973,0.006580851075273017,0.06976796687336206,-0.00013953593374672413,0.057846323090362084,0.15919472933202547,-0.1009435496213811,0.0028041829447820817,0.0,-0.014140068845422966,-0.003046491723028582,-0.0018749999999999952,-0.000768991723028583,-0.0004025000000000003,0.0,0.0,0.0,0.0,0.0,0.0,0.0,0.04487282120733131,0.0,0.0,0.0,0.035898256965865204,0.027691770161118522,0.00820648680474662,0.022522217923137192,-0.013169505410504512,0.034419459034351084,-0.003292376352626128,0.02581459427576331,0.0028041829447820817,0.0028041829447820817,0.0002965233180671932,0.4209803177513189,0.11740589575018569,0.05680962368222796,0.0,0.0,0.01416105110486148,0.0,0.0,0.0,0.02783860795907808,0.0,0.0625,0.159,-0.0042156724660243425,0.00012866320709387463,-0.004344335673118217,0.3567584488954809,0.3145949125289917,0.0421635363664892,0.871117115020752,0.09836632013320923,2201,9136,0,0.07709205448627472,0.8477771116627587,0.01,0.6290892362594604,0.6200152039527893,0.42332059144973755,0.6239054203033447,3.5292248725891113,0.0470392107963562,0.2904929220676422,0.5240805745124817,0.0034860146985415163,0.03183593751034803,0.11528295787672202,10,8,11337,2201,9136,0.05696672247007818,0.7896837372316213,423.1946626690004,rolling40_success_then_profit,0.809490709627075,422.96487401798913,40,True,0.809490709627075,422.96487401798913,True,cuda,136.7900390625
78,119,200,True,263,263,1189,827,362,138,224,0.30445752733389403,0.11606391925988226,0.1883936080740118,0.43409915356711004,2.030229746070133,0.7167528977813571,15.216350874848924,26.566725036289267,0.5312643190814527,0.475501233389761,0.01650237158715653,0.16393635651725091,0.0747766452982229,0.15873264876659396,0.48234722245272876,0.009382951594754026,0.19413584375476967,0.10858638645341212,0.13668648000612874,-0.006845989062967739,0.007119419992402504,-0.030199487237518752,-0.03380974115518923,0.022046168760465223,10.32632464255677,10.32632464255677,7.717409587888982,0.4953742640874685,0.08706077839339822,0.05462711616102238,0.019977522395850777,-0.046355925162621124,-0.07327467483545395,246,17,0.935361216730038,0.06463878326996197,3,0.011406844106463879,0,17,1.0,-7.593467038069362,-7.175441106781358,-0.41802593128800436,9.914985190600142,0.39659940762400586,-0.24,-0.18,-0.36,-0.03462533891201019,14,56.03579425884243,0.0,126,35,14,60,2,16,7.334600760456274,7.334600760456274,1.4617325483599664,64.65305877891032,19.749249597869362,-8.365121663601565,50.86959020077066,0.8587800733672022,84.40230837677969,0.03232652938945516,0.00987462479893468,0.04220115418838984,0.7846715328467153,0.7166666666666667,215,147,68,59,0,144,52.55592852944128,52.55592852944128,59,85,82,62,28.799999999999965,42.04474282355302,70.84474282355306,0.3649717258988978,33,26,26,26,20.226861279377545,0.0,20.226861279377545,0.0,1.0,0,37,0,5.30335399472633,0,2,32,0.0,-22.75521893929973,68,0,224,138,0,138,224,28,0,4077.735070887188,407.7735070887188,7925.944034866619,792.5944034866619,462.2434613366088,46.22434613366088,5136.4938098641105,513.6493809864111,5945.0,594.5,0,0,0.035422371411776586,0.0,0.035422371411776586,0.035422371411776586,0.0,0.0,0.13,-0.0012999999999999943,-0.0010400000000000008,0.0,0.02627796426472064,0.027222371411776518,0.0,1.956953612785603,0.045767491324451896,0.011441872831112974,0.006690688722070587,0.04758280363857449,-9.516560727714898e-05,0.061635325699275594,0.18481979008337113,-0.13680219923875905,0.0018730168341717,0.0,-0.015976566975835424,-0.0032544998765448173,-0.002069999999999995,-0.0007094998765448181,-0.0004750000000000004,0.0,0.0,0.0,0.0,0.0,0.0,0.0,0.045469078635612295,0.0,0.0,0.0,0.03637526290848976,0.02833789712942112,0.008037365779068705,0.021252234268584545,-0.01673024332720313,0.033913060133847095,-0.004182560831800783,0.025434795100385328,0.0018730168341717,0.0018730168341717,0.000498906428900858,0.4499083553006818,0.15644709564835801,0.08122674312027545,0.0,0.0,0.0206496821195504,0.0,0.0,0.0,0.027222371411776518,0.0,0.069,0.112,-0.0042156724660243425,0.00012866320709387463,-0.004344335673118217,0.3567584488954809,0.3145949125289917,0.0421635363664892,0.871117115020752,0.09836632013320923,2201,9136,0,0.07709205448627472,0.8477771116627587,0.01,0.6290892362594604,0.6200152039527893,0.42332059144973755,0.6239054203033447,3.5292248725891113,0.0470392107963562,0.2904929220676422,0.5240805745124817,0.0034860146985415163,0.03183593751034803,0.11528295787672202,10,8,11337,2201,9136,0.05696672247007818,0.7896837372316213,423.1946626690004,rolling40_success_then_profit,0.809490709627075,422.96487401798913,40,True,0.809490709627075,422.96487401798913,True,cuda,136.7900390625
79,120,200,True,247,247,1195,856,339,161,178,0.28368200836820084,0.13472803347280335,0.1489539748953975,0.4030373831775701,2.0981308411214954,0.7606622888140868,14.464680556939028,27.426002516054382,0.5102070202494666,0.4726173705726026,0.008255291094777182,0.18219958861341057,0.09116398697832129,0.1638575064292543,0.4824992267536783,0.005218230009461953,0.21680031978594852,0.13239709388752463,0.13965297569129093,-0.009881856181075677,0.0030370610853152295,-0.03460073117253795,-0.04123310690920334,0.024204530737963387,10.077824267782427,10.077824267782427,7.303765690376569,0.5146443514644351,0.02248861507850849,0.10204835193389848,0.08549016990258451,-0.07432371355782108,-0.056459593175217204,230,17,0.9311740890688259,0.06882591093117409,3,0.012145748987854251,0,17,1.0,-7.464131237383539,-6.931704785898322,-0.5324264514852148,10.427065923379391,0.4170826369351758,-0.24,-0.36,-0.3209293654794687,-0.028579722940921783,14,46.562855718060774,0.0,115,36,20,48,1,17,7.744939271255061,7.744939271255061,1.4292887029288703,56.33761987223445,19.808229146012163,-9.153026338308429,40.81175941136334,0.8168104555843401,76.14584901824661,0.028168809936117225,0.009904114573006082,0.03807292450912331,0.9021739130434783,0.83,249,142,107,27,0,140,40.41534220611734,39.00446205946994,48,92,86,54,27.99999999999996,32.33227376489388,60.332273764893955,0.288681015757981,22,19,5,5,10.533781268482437,0.0,10.533781268482437,0.0,1.0,0,28,0,8.51457762500448,0,4,24,0.0,-11.85050392704274,107,0,178,161,0,161,178,27,0,4093.0517464770664,409.3051746477066,8029.082694000381,802.9082694000381,455.1454941143831,45.51454941143831,5152.658079826144,515.2658079826144,5975.0,597.5,0,0,0.030166136882447035,0.0,0.030166136882447035,0.030166136882447035,0.0,0.0,0.025,-0.0002500000000000001,-0.00020000000000000015,0.0,0.02020767110305867,0.02080178482378798,0.0,1.9753907287672232,0.04473266946438565,0.011183167366096413,0.00640605478378758,0.08192887318657367,-0.00016385774637314737,0.05985424554484869,0.19505129756519926,-0.14147265575246687,0.000979413472152124,0.0,-0.015881353056759105,-0.0036885065535832416,-0.002414999999999998,-0.0008035065535832417,-0.00047000000000000037,0.0,0.0,0.0,0.0,0.0,0.0,0.0,0.0409354465021702,0.0,0.0,0.0,0.03274835720173615,0.024132909505957457,0.008615447695778624,0.015829366536527407,-0.01830605267661686,0.027207839607575553,-0.004576513169154215,0.02040587970568167,0.000979413472152124,0.000979413472152124,0.00023456077549606575,0.46521307491561836,0.16905772805394018,0.09566652082542769,0.0,0.0,0.01097712190483432,0.0,0.0,0.0,0.02080178482378798,0.0,0.0805,0.089,-0.0042156724660243425,0.00012866320709387463,-0.004344335673118217,0.3567584488954809,0.3145949125289917,0.0421635363664892,0.871117115020752,0.09836632013320923,2201,9136,0,0.07709205448627472,0.8477771116627587,0.01,0.6290892362594604,0.6200152039527893,0.42332059144973755,0.6239054203033447,3.5292248725891113,0.0470392107963562,0.2904929220676422,0.5240805745124817,0.0034860146985415163,0.03183593751034803,0.11528295787672202,10,8,11337,2201,9136,0.05696672247007818,0.7896837372316213,423.1946626690004,rolling40_success_then_profit,0.809490709627075,422.96487401798913,40,True,0.809490709627075,422.96487401798913,True,cuda,136.7900390625
80,121,200,True,295,295,1128,688,440,112,328,0.3900709219858156,0.09929078014184398,0.2907801418439716,0.4636627906976744,1.997093023255814,0.7436581504812767,14.463859807613284,29.790719364964684,0.5092557121062867,0.4766016185153709,0.026132826487598723,0.1370814491677921,0.057614507399997565,0.16931917216509668,0.4738535148546446,0.016172587936527507,0.15791723257483004,0.07954323909947307,0.14891509152948856,0.0027481036607263087,0.009960238551071216,-0.020835783407037928,-0.021928731699475505,0.020404080635608113,8.96808510638298,8.96808510638298,6.820921985815603,0.3900709219858156,0.08303713317701919,0.30721784769453264,0.10459980001647654,-0.07819174722108574,-0.07862337709635334,274,21,0.9288135593220339,0.0711864406779661,3,0.010169491525423728,0,21,1.0,-6.577972820477887,-6.35844981156289,-0.21952300891499774,12.44323532650345,0.49772941306013807,-0.24,-0.06,-0.36,-0.0572524219751358,18,73.30899505239061,0.0,133,27,8,94,2,21,6.613559322033899,6.613559322033899,1.5398936170212767,83.39529549540478,36.647002198166184,-5.805177939832488,72.2313365723304,0.9256094665923644,120.04229769357096,0.04169764774770239,0.01832350109908309,0.06002114884678548,0.7292418772563177,0.6733333333333333,202,143,59,75,0,141,79.29530476936033,79.29530476936033,91,50,49,92,28.19999999999997,63.436243815488226,91.6362438154883,0.5623780480096477,41,33,34,34,26.47036127496156,0.0,26.47036127496156,0.0,1.0,0,44,0,4.784818930792441,0,4,37,0.0,-29.779156434331764,57,0,328,112,0,112,328,28,0,4327.7149437015905,432.7714943701591,8685.133645379192,868.5133645379192,391.04997250361663,39.10499725036166,5449.860484982642,544.9860484982643,5640.0,564.0,0,0,0.04581812190774419,0.0,0.04581812190774419,0.04581812190774419,0.0,0.0,0.17,-0.0016999999999999867,-0.001360000000000001,0.0,0.039647652384680175,0.040918121907744145,0.0,2.10506690984241,0.048240683158729966,0.012060170789682492,0.007236102473809501,0.0,0.0,0.06088718576142137,0.14230982470386183,-0.0850560251399507,0.0023569863873142928,0.0,-0.012740651970540999,-0.0026157692444442396,-0.0016799999999999964,-0.0006057692444442388,-0.0003300000000000002,0.0,0.0,0.0,0.0,0.0,0.0,0.0,0.05617829269742646,0.0,0.0,0.0,0.044942634157941336,0.03665449752619524,0.008288136631746058,0.03321307931624902,-0.011610355879664976,0.04815422438155359,-0.002902588969916244,0.036115668286165206,0.0023569863873142928,0.0023569863873142928,0.0006640346230442325,0.4323815373919658,0.1228271551345971,0.052024696519427406,0.0,0.0,0.032725881294052114,0.0,0.0,0.0,0.040918121907744145,0.0,0.056,0.164,-0.0042156724660243425,0.00012866320709387463,-0.004344335673118217,0.3567584488954809,0.3145949125289917,0.0421635363664892,0.871117115020752,0.09836632013320923,2201,9136,0,0.07709205448627472,0.8477771116627587,0.01,0.6290892362594604,0.6200152039527893,0.42332059144973755,0.6239054203033447,3.5292248725891113,0.0470392107963562,0.2904929220676422,0.5240805745124817,0.0034860146985415163,0.03183593751034803,0.11528295787672202,10,8,11337,2201,9136,0.05696672247007818,0.7896837372316213,423.1946626690004,rolling40_success_then_profit,0.809490709627075,422.96487401798913,40,True,0.809490709627075,422.96487401798913,True,cuda,136.7900390625
81,122,200,True,285,285,1064,659,405,122,283,0.3806390977443609,0.11466165413533834,0.26597744360902253,0.4157814871016692,2.0515933232169954,0.7234194426824182,14.964398132289487,30.87322332283796,0.5342804189079017,0.48339745289277236,0.02821944184793507,0.1330573985322021,0.038593126104774354,0.1690131041739978,0.48663051458067164,0.017649242352010267,0.16718429210136485,0.06989453720460237,0.1464079182640238,-0.0032330616878992746,0.010570199495924804,-0.034126893569162736,-0.031301411099828015,0.022605185909974013,9.759398496240602,9.759398496240602,7.446428571428571,0.41635338345864664,0.08209000676083072,0.36977923694864756,0.053912014788386,-0.072757504115274,-0.06510362718341055,261,24,0.9157894736842105,0.08421052631578947,5,0.017543859649122806,0,24,1.0,-6.642335404187978,-5.84126879483461,-0.8010666093533678,13.178598446375974,0.527143937855039,-0.4,-0.24000000000000002,-0.5970610986050151,-0.09114944860339164,19,71.67025795347973,0.0,128,24,17,79,3,24,6.807017543859649,6.807017543859649,1.5733082706766917,83.94874634021672,50.724904475779795,-6.550739379702901,72.20244847751069,0.9168193750889174,134.6736508159965,0.04197437317010836,0.025362452237889896,0.06733682540799825,0.8597122302158273,0.7966666666666666,239,154,85,39,0,152,77.60977805231205,77.60977805231205,91,61,55,97,30.399999999999967,62.08782244184965,92.48782244184977,0.5105906450810004,22,16,17,17,14.268270775135935,1.0,13.268270775135935,0.0,1.0,1,22,0,4.704780967603383,0,3,18,-1.2000000000000002,-14.926804622027928,83,0,283,122,0,122,283,15,0,4618.505360782086,461.8505360782086,9427.777484611433,942.7777484611433,394.09869924735284,39.40986992473528,5811.748908874283,581.1748908874283,5320.0,532.0,0,0,0.04624391122092491,0.0,0.04624391122092491,0.04624391122092491,0.0,0.0,0.085,-0.0008500000000000006,-0.0006800000000000005,0.0,0.03880488902615603,0.04074391122092483,0.0,2.2413887935444765,0.05128084115081412,0.01282021028770353,0.0073910544307489254,0.08734770918770786,-0.00017469541837541569,0.0656554881147469,0.14104043568647465,-0.09340659679220428,0.0015323060187648332,0.0,-0.012803301658323728,-0.002852726737784815,-0.0018299999999999955,-0.0006177267377848129,-0.0004050000000000003,0.0,0.0,0.0,0.0,0.0,0.0,0.0,0.058039426090252866,0.0,0.0,0.0,0.0464315408722024,0.03699512897673981,0.009436411895462533,0.03282585454890387,-0.013101478759405802,0.048134965651673765,-0.0032753696898514505,0.03610122423875534,0.0015323060187648332,0.0015323060187648332,0.000538915268989901,0.43975663152899314,0.11692913869360766,0.05242019314471045,0.0,0.0,0.027203664811588785,0.0,0.0,0.0,0.04074391122092483,0.0,0.061,0.1415,0.00022324408766710106,0.003114134034452339,-0.002890889946785238,0.26393412668257954,0.22614412109057108,0.03779000559200843,0.9071157574653625,0.11251235008239746,2255,8935,0,0.06926686763763427,0.8133998970190685,0.01,0.5911454558372498,0.6415511965751648,0.4510115087032318,0.636485755443573,3.502406358718872,-0.007059775292873383,0.27423638105392456,0.2192501425743103,0.0026434097500492096,0.024751420453604726,0.1375199898249573,11,8,11190,2255,8935,0.05651913751586704,0.8296133450541502,434.8213007000701,rolling40_success_then_profit,0.8135132795302684,426.2279641156091,40,True,0.8135132795302684,426.2279641156091,True,cuda,134.75439453125
82,123,200,True,256,256,1122,839,283,94,189,0.2522281639928699,0.08377896613190731,0.16844919786096257,0.3814064362336114,2.165673420738975,0.7530978585419126,14.217104176372397,26.45765152964319,0.5250875663359639,0.4935053943060294,0.013907346408259172,0.17152932776011642,0.03664268116567715,0.1681701740842752,0.49967724656746126,0.008074536904053268,0.20415399974285314,0.07502154158347833,0.14632827707114535,-0.006171852261431854,0.005832809504205904,-0.03262467198273672,-0.03837886041780118,0.021841897013129857,11.73885918003565,11.73885918003565,8.932263814616755,0.5481283422459893,0.028234177470212077,0.09549787057045396,0.059134471735478825,-0.04840922146970287,0.003736536984791684,236,20,0.921875,0.078125,3,0.01171875,0,20,1.0,-7.052902970155306,-6.583431368172162,-0.46947160198314275,10.892030387079393,0.4356812154831758,-0.24,-0.27599999999999997,-0.3288166973376869,-0.06033612012863159,17,62.822404474978896,0.0,124,30,19,48,5,20,7.56640625,7.56640625,1.517825311942959,73.43302461638021,21.527192402939008,-7.8356450064403065,59.189856082867436,0.8830945702890047,94.96021701931922,0.036716512308190105,0.010763596201469505,0.047480108509659606,0.7741935483870968,0.72,216,149,67,63,1,147,62.410006992154514,62.410006992154514,73,74,72,75,29.399999999999956,49.92800559372361,79.32800559372372,0.4245578706949287,45,38,18,18,26.512905487544998,0.0,26.512905487544998,0.0,1.0,0,54,0,5.8473778863351535,0,2,50,0.0,-29.827018673488126,64,0,189,94,0,94,189,45,0,4326.996498999642,432.69964989996424,8820.742274486658,882.0742274486659,471.4542448803618,47.14542448803618,5449.247147105016,544.9247147105016,5610.0,561.0,0,0,0.03966400279686188,0.0,0.03966400279686188,0.03966400279686188,0.0,0.0,0.09,-0.0009000000000000007,-0.0007200000000000005,0.0,0.031205003496077258,0.032464002796861804,0.0,2.0915076476183834,0.04800511212695318,0.012001278031738295,0.006995901258383148,0.05578804350769863,-0.00011157608701539725,0.06315590198507971,0.1849259400591279,-0.13286415264693363,0.0023480351947690412,0.0,-0.0160199442837018,-0.0021946434832373707,-0.001409999999999998,-0.0005296434832373705,-0.0002550000000000002,0.0,0.0,0.0,0.0,0.0,0.0,0.0,0.050653704741584725,0.0,0.0,0.0,0.04052296379326779,0.03173120223748936,0.008791761555778347,0.025677105538213518,-0.015671290012880614,0.039459904055244965,-0.0039178225032201535,0.029594928041433717,0.0023480351947690412,0.0023480351947690412,0.00038091407963385267,0.4864735164907301,0.16855933420033928,0.06986277851164775,0.0,0.0,0.019222194770105634,0.0,0.0,0.0,0.032464002796861804,0.0,0.047,0.0945,0.00022324408766710106,0.003114134034452339,-0.002890889946785238,0.26393412668257954,0.22614412109057108,0.03779000559200843,0.9071157574653625,0.11251235008239746,2255,8935,0,0.06926686763763427,0.8133998970190685,0.01,0.5911454558372498,0.6415511965751648,0.4510115087032318,0.636485755443573,3.502406358718872,-0.007059775292873383,0.27423638105392456,0.2192501425743103,0.0026434097500492096,0.024751420453604726,0.1375199898249573,11,8,11190,2255,8935,0.05651913751586704,0.8296133450541502,434.8213007000701,rolling40_success_then_profit,0.8135132795302684,426.2279641156091,40,True,0.8135132795302684,426.2279641156091,True,cuda,134.75439453125
83,124,200,True,291,291,1129,750,379,118,261,0.3356953055801594,0.10451727192205491,0.23117803365810452,0.38133333333333336,2.1906666666666665,0.7391461995244026,14.640125687917074,30.350799732168515,0.5408286098530031,0.534104194422563,0.020451869239409764,0.1253393127967914,0.050778206917146844,0.18583498710642257,0.540451013425986,0.012556819813946882,0.16019813071688016,0.08656303465940679,0.15670340923716625,-0.006346819003423043,0.007895049425462881,-0.03485881792008877,-0.035784827742259946,0.029131577869256325,11.981399468556244,11.981399468556244,9.300265721877768,0.5704162976085031,0.11325952624804582,0.10850678148972848,0.03795780769940456,0.04112689055997172,-0.05788468085738393,268,23,0.9209621993127147,0.07903780068728522,8,0.027491408934707903,0,23,1.0,-7.666547453962408,-5.871582675278182,-1.7949647786842284,10.595704396507172,0.4238281758602869,-0.64,-0.552,-0.9267034122748088,-0.10008954226970672,15,67.82085933048286,0.0,144,24,12,77,2,22,6.6563573883161515,6.6563573883161515,1.508414526129318,77.6128306292263,30.832181034638413,-7.438114828487183,62.50032128813981,0.8936476815683492,108.4450116638647,0.038806415314613145,0.015416090517319207,0.054222505831932354,0.8315789473684211,0.79,237,165,72,48,0,161,66.97009270387944,66.97009270387944,80,81,81,80,32.19999999999995,53.576074163103556,85.77607416310363,0.4159633087197481,33,23,15,15,21.537800377790408,0.0,21.537800377790408,0.0,1.0,0,41,0,4.413632760712775,0,4,34,0.0,-24.230025425014205,70,0,261,118,0,118,261,26,0,4155.353489376071,415.53534893760707,8697.416780579591,869.7416780579591,453.2380149489689,45.32380149489689,5238.074241767651,523.8074241767652,5645.0,564.5,0,0,0.042888037081551866,0.0,0.042888037081551866,0.042888037081551866,0.0,0.0,0.075,-0.0007500000000000006,-0.0006000000000000004,0.0,0.033485046351939725,0.03478803708155178,0.0,1.9636028421539646,0.04693968148872425,0.011734920372181063,0.0068788437772081,0.04667307586995295,-9.334615173990592e-05,0.06810917845668546,0.1785606789958132,-0.11271058316605176,0.0015603002677353841,0.0,-0.01474987116119847,-0.0027264858018202745,-0.0017699999999999958,-0.0005989858018202743,-0.0003575000000000003,0.0,0.0,0.0,0.0,0.0,0.0,0.0,0.053779611301992845,0.0,0.0,0.0,0.04302368904159435,0.03431042966524134,0.008713259376352958,0.027531103229826326,-0.014876229656974367,0.04166688085875987,-0.0037190574142435917,0.03125016064406991,0.0015603002677353841,0.0015603002677353841,0.000557569495675465,0.47609236894873985,0.13780006598248884,0.06415176039055798,0.0,0.0,0.021608022923826162,0.0,0.0,0.0,0.03478803708155178,0.0,0.059,0.1305,0.00022324408766710106,0.003114134034452339,-0.002890889946785238,0.26393412668257954,0.22614412109057108,0.03779000559200843,0.9071157574653625,0.11251235008239746,2255,8935,0,0.06926686763763427,0.8133998970190685,0.01,0.5911454558372498,0.6415511965751648,0.4510115087032318,0.636485755443573,3.502406358718872,-0.007059775292873383,0.27423638105392456,0.2192501425743103,0.0026434097500492096,0.024751420453604726,0.1375199898249573,11,8,11190,2255,8935,0.05651913751586704,0.8296133450541502,434.8213007000701,rolling40_success_then_profit,0.8135132795302684,426.2279641156091,40,True,0.8135132795302684,426.2279641156091,True,cuda,134.75439453125
84,125,200,True,263,263,1165,829,336,124,212,0.28841201716738196,0.10643776824034334,0.18197424892703862,0.4077201447527141,2.1025331724969845,0.7171971128019982,15.127011719026093,29.58783221979984,0.535025012671376,0.5088776438817184,0.015037010406987659,0.1300358945645383,0.03657435955349423,0.1829660422920246,0.5111462085792038,0.007570273311419999,0.16359403284448587,0.06004220762725951,0.15867673144849923,-0.0022685646974853757,0.00746673709556766,-0.03355813827994758,-0.023467848073765278,0.02428931084352537,12.727038626609442,12.727038626609442,9.95107296137339,0.5510729613733906,0.15515835390584368,0.016418833388894192,0.039543208281475936,-0.0334341415179189,0.015162705790111574,242,21,0.9201520912547528,0.07984790874524715,4,0.015209125475285171,0,21,1.0,-6.7898808833862905,-6.182947048842904,-0.6069338345433857,11.383067132394547,0.4553226852957819,-0.32,-0.252,-0.48,-0.010256519839167595,17,64.06241454709328,0.0,124,30,22,55,1,21,7.330798479087452,7.330798479087452,1.4592274678111588,74.33394184124612,31.969515121893984,-7.9483533605043215,60.54546730367708,0.8839551760519488,106.30345696314009,0.03716697092062306,0.015984757560946992,0.05315172848157004,0.8421052631578947,0.8,240,153,87,45,0,151,63.59752272983324,63.59752272983324,77,74,69,82,30.19999999999996,50.878018183866594,81.07801818386662,0.42117564721743866,29,26,16,16,18.335643396692262,0.0,18.335643396692262,0.0,1.0,0,33,0,4.886408726438258,0,2,28,0.0,-20.627598821278795,87,0,212,124,0,124,212,23,0,4038.258041455632,403.8258041455632,8506.987637552222,850.6987637552222,468.22582244162214,46.82258224416221,5089.078806161895,508.9078806161895,5825.0,582.5,0,0,0.04053900909193336,0.0,0.04053900909193336,0.04053900909193336,0.0,0.0,0.08,-0.0008000000000000006,-0.0006400000000000005,0.0,0.03179876136491662,0.033639009091933285,0.0,1.9562508750446732,0.04629233027474163,0.011573082568685408,0.006724635777184781,0.06485122886172993,-0.00012970245772345987,0.06441563125054679,0.196641131335199,-0.12233167307547602,0.002049586166799303,0.0,-0.016128572215790955,-0.0031700489373224718,-0.0018599999999999951,-0.0008825489373224707,-0.0004275000000000003,0.0,0.0,0.0,0.0,0.0,0.0,0.0,0.05118238920289522,0.0,0.0,0.0,0.040945911362316206,0.03243120727354657,0.008514704088769587,0.02629855697158638,-0.01589670672100864,0.04036364486911807,-0.00397417668025216,0.030272733651838538,0.002049586166799303,0.002049586166799303,0.0006001285722727574,0.47658953160516926,0.1351960883952575,0.05493611395252597,0.0,0.0,0.019171720139018716,0.0,0.0,0.0,0.033639009091933285,0.0,0.062,0.106,0.00022324408766710106,0.003114134034452339,-0.002890889946785238,0.26393412668257954,0.22614412109057108,0.03779000559200843,0.9071157574653625,0.11251235008239746,2255,8935,0,0.06926686763763427,0.8133998970190685,0.01,0.5911454558372498,0.6415511965751648,0.4510115087032318,0.636485755443573,3.502406358718872,-0.007059775292873383,0.27423638105392456,0.2192501425743103,0.0026434097500492096,0.024751420453604726,0.1375199898249573,11,8,11190,2255,8935,0.05651913751586704,0.8296133450541502,434.8213007000701,rolling40_success_then_profit,0.8135132795302684,426.2279641156091,40,True,0.8135132795302684,426.2279641156091,True,cuda,134.75439453125
85,126,200,True,273,273,1045,709,336,111,225,0.3215311004784689,0.10622009569377991,0.215311004784689,0.42595204513399154,2.066290550070522,0.7773904020888849,13.70754534233104,25.605292300495343,0.5390968770857969,0.4987783694090729,0.028868662327401897,0.20191052909126067,0.03237874559895234,0.16586752055930065,0.5002213512010063,0.0189609777718278,0.22974317856868584,0.05993668246181479,0.14969724585395439,-0.0014429817919334176,0.009907684555574097,-0.02783264947742517,-0.027557936862862453,0.016170274705346266,9.999043062200958,9.999043062200958,7.433492822966508,0.49186602870813395,0.04356257524721534,0.3031599606189588,0.08290860315919117,-0.11602523229289168,-0.06968513656973072,251,22,0.9194139194139194,0.08058608058608059,3,0.01098901098901099,0,22,1.0,-5.891155960537455,-5.64499497979879,-0.2461609807386633,13.425236610705843,0.5370094644282338,-0.24,-0.24,-0.3031704451668972,0.0,19,75.16698082127323,0.0,136,27,14,64,1,21,7.029304029304029,7.029304029304029,1.6,88.50969890110541,39.84046056639455,-7.314390185382412,73.48252406086232,0.9094719117231341,128.35015946749996,0.044254849450552705,0.019920230283197275,0.06417507973374999,0.8098591549295775,0.7666666666666667,230,157,73,54,0,153,79.94840753323942,79.94840753323942,93,60,59,94,30.59999999999995,63.95872602659148,94.55872602659159,0.5225386113283622,36,31,18,18,23.402376274742547,0.0,23.402376274742547,0.0,1.0,0,40,0,4.631460427865619,0,1,35,0.0,-26.32767330908537,70,0,225,111,0,111,225,28,0,4726.860999289871,472.6860999289871,9640.090409518614,964.0090409518614,419.2960703311511,41.92960703311511,5949.455170270228,594.9455170270228,5225.0,522.5,0,0,0.04727936301329582,0.0,0.04727936301329582,0.04727936301329582,0.0,0.0,0.09,-0.0009000000000000006,-0.0007200000000000005,0.0,0.03997420376661972,0.04137936301329576,0.0,2.2323390075367078,0.05162836390546288,0.01290709097636572,0.007608986360612454,0.037959850567341025,-7.591970113468205e-05,0.06580354407691283,0.15275395877002723,-0.11183857450510526,0.0011610787124704059,0.0,-0.013898897682339194,-0.002615973378991591,-0.0016649999999999966,-0.0006059733789915915,-0.00034500000000000025,0.0,0.0,0.0,0.0,0.0,0.0,0.0,0.05921053428852676,0.0,0.0,0.0,0.04736842743082144,0.03782349041063655,0.009544937020184855,0.03308406693773992,-0.014628780370764824,0.04898834937390821,-0.003657195092691206,0.03674126203043116,0.0011610787124704059,0.0011610787124704059,0.0006736931505923471,0.4708020157049821,0.15743526389684515,0.0432364673352426,0.0,0.0,0.03422727732586949,0.0,0.0,0.0,0.04137936301329576,0.0,0.0555,0.1125,0.00022324408766710106,0.003114134034452339,-0.002890889946785238,0.26393412668257954,0.22614412109057108,0.03779000559200843,0.9071157574653625,0.11251235008239746,2255,8935,0,0.06926686763763427,0.8133998970190685,0.01,0.5911454558372498,0.6415511965751648,0.4510115087032318,0.636485755443573,3.502406358718872,-0.007059775292873383,0.27423638105392456,0.2192501425743103,0.0026434097500492096,0.024751420453604726,0.1375199898249573,11,8,11190,2255,8935,0.05651913751586704,0.8296133450541502,434.8213007000701,rolling40_success_then_profit,0.8135132795302684,426.2279641156091,40,True,0.8135132795302684,426.2279641156091,True,cuda,134.75439453125
86,127,200,True,289,289,1169,783,386,101,285,0.330196749358426,0.08639863130881095,0.24379811804961504,0.4495530012771392,2.007662835249042,0.712700756535524,15.143515268961588,28.169934144307827,0.5107623362423981,0.4611598888880753,0.020142452936443483,0.10762223916301934,0.039749430326595045,0.17610073328436868,0.4640360289987172,0.012052293952511645,0.13876287913958554,0.06787862863060382,0.1530578466819773,-0.0028761401106419116,0.008090158983931839,-0.0311406399765662,-0.02812919830400877,0.02304288660239137,8.276304533789563,8.276304533789563,5.802395209580839,0.446535500427716,0.17038233525171112,0.30972682998805656,0.07051776040878147,-0.07230768434187936,-0.05071973484576307,269,20,0.9307958477508651,0.06920415224913495,4,0.01384083044982699,0,20,1.0,-8.519979484544399,-7.8560651934146835,-0.6639142911297128,10.721499747038438,0.42885998988153745,-0.32,-0.252,-0.43958736001076965,-0.08118692100048065,16,71.43314820596164,0.0,130,36,10,82,2,19,6.782006920415225,6.782006920415225,1.4987168520102652,80.35518582159719,44.997660276991994,-6.676669818241421,70.7141720257701,0.9137279081199443,125.35284609858918,0.040177592910798594,0.022498830138495997,0.06267642304929459,0.841726618705036,0.78,234,144,90,44,0,143,77.50459512648264,76.61429407181504,92,51,46,97,28.599999999999962,62.00367610118612,90.60367610118622,0.5419901757096688,28,24,16,16,16.924303938254827,0.0,16.924303938254827,0.0,1.0,0,28,0,5.535425562994008,0,4,23,0.0,-19.039841930536678,90,0,285,101,0,101,285,20,0,4129.9145395988335,412.99145395988336,8345.317142329335,834.5317142329335,422.5465709982934,42.254657099829345,5199.035935419883,519.9035935419882,5845.0,584.5,0,0,0.045301838050593124,0.0,0.045301838050593124,0.045301838050593124,0.0,0.0,0.08,-0.0008000000000000006,-0.0006400000000000005,0.0,0.03875229756324132,0.040245717628726044,0.0,2.0311750728990394,0.04705342487921924,0.01176335621980481,0.006897063721787381,0.04354776609617713,-8.709553219235426e-05,0.06127649920711298,0.16165137707093497,-0.07386257848367263,0.0028126888450673297,0.0,-0.014542796680285902,-0.002437330692688631,-0.0015149999999999975,-0.0006373306926886316,-0.0002850000000000002,0.0,0.0,0.0,0.0,0.0,0.0,0.0,0.056178098738205555,0.0,0.0,0.0,0.044942478990564354,0.03624147044047438,0.00870100855008999,0.03201875110376432,-0.013353339636482841,0.04714278135051339,-0.0033383349091207102,0.03535708601288505,0.0028126888450673297,0.0028126888450673297,0.0007068012944236408,0.4294878889445144,0.10570933847065073,0.04619381115726842,0.0,0.0,0.02694618576264391,0.0,0.0,0.0,0.040245717628726044,0.0,0.0505,0.1425,0.00022324408766710106,0.003114134034452339,-0.002890889946785238,0.26393412668257954,0.22614412109057108,0.03779000559200843,0.9071157574653625,0.11251235008239746,2255,8935,0,0.06926686763763427,0.8133998970190685,0.01,0.5911454558372498,0.6415511965751648,0.4510115087032318,0.636485755443573,3.502406358718872,-0.007059775292873383,0.27423638105392456,0.2192501425743103,0.0026434097500492096,0.024751420453604726,0.1375199898249573,11,8,11190,2255,8935,0.05651913751586704,0.8296133450541502,434.8213007000701,rolling40_success_then_profit,0.8135132795302684,426.2279641156091,40,True,0.8135132795302684,426.2279641156091,True,cuda,134.75439453125
87,128,200,True,295,295,1120,670,450,133,317,0.4017857142857143,0.11875,0.2830357142857143,0.46119402985074626,1.980597014925373,0.7570185799429666,14.155022737873134,30.22468974820491,0.5289212930941244,0.5141840737702241,0.031062089440537923,0.15535724879756793,0.04406738628897427,0.17944918014665148,0.5165665890076268,0.018238346667876885,0.1861770380969479,0.06611152138898094,0.15270821054313166,-0.002382515237402627,0.012823742772661038,-0.03081978929937998,-0.02204413510000667,0.02674096960351982,11.033035714285715,11.033035714285715,8.75,0.43839285714285714,0.08734686236596063,0.14222884875085837,0.018440462245333463,-0.0732082567428907,-0.04532386908528623,277,18,0.9389830508474576,0.061016949152542375,1,0.003389830508474576,0,18,1.0,-6.275243149761621,-6.482711567580693,0.20746841781907288,12.121553858523036,0.4848621543409215,-0.08,-0.12,-0.07739373652184861,0.0,17,71.91010798815007,0.0,141,29,9,88,0,18,6.640677966101695,6.640677966101695,1.5330357142857143,82.67011213516723,42.309166786041025,-6.725086418815208,70.09300737346435,0.9124543960046676,124.97927892120825,0.041335056067583614,0.021154583393020513,0.062489639460604124,0.7978723404255319,0.75,225,158,67,57,0,156,76.73454373148448,76.73454373148448,89,67,65,91,31.199999999999974,61.387634985187574,92.58763498518768,0.49188810084284923,30,24,27,27,19.71889259431833,1.0,18.71889259431833,0.0,1.0,1,30,0,4.579389293840031,0,2,27,-1.2000000000000002,-21.058754168608118,66,0,317,133,0,133,317,17,0,4336.285461819613,433.6285461819613,8661.378514183152,866.1378514183152,397.79077342193057,39.779077342193055,5463.278524360822,546.3278524360823,5615.0,561.5,0,0,0.046293817492593856,0.0,0.046293817492593856,0.046293817492593856,0.0,0.0,0.135,-0.0013499999999999931,-0.0010800000000000007,0.0,0.038367271865742236,0.0397938174925938,0.0,2.091390069844353,0.04869504856945733,0.012173762142364333,0.00693485408971577,0.10086629093883269,-0.00020173258187766537,0.06663777723319861,0.15610964044555503,-0.10213177532557653,0.0015064302403408215,0.0,-0.012886446063486117,-0.003142868205556609,-0.001994999999999994,-0.0007203682055566072,-0.0004275000000000003,0.0,0.0,0.0,0.0,0.0,0.0,0.0,0.05691584705308035,0.0,0.0,0.0,0.04553267764246448,0.03703505399407497,0.008497623648389413,0.031683960477324524,-0.013450172837630416,0.04672867158230957,-0.003362543209407604,0.03504650368673217,0.0015064302403408215,0.0015064302403408215,0.0008360592787464456,0.4518809123198249,0.13742426601674462,0.05238247217359781,0.0,0.0,0.03543641531414078,0.0,0.0,0.0,0.0397938174925938,0.0,0.0665,0.1585,0.00022324408766710106,0.003114134034452339,-0.002890889946785238,0.26393412668257954,0.22614412109057108,0.03779000559200843,0.9071157574653625,0.11251235008239746,2255,8935,0,0.06926686763763427,0.8133998970190685,0.01,0.5911454558372498,0.6415511965751648,0.4510115087032318,0.636485755443573,3.502406358718872,-0.007059775292873383,0.27423638105392456,0.2192501425743103,0.0026434097500492096,0.024751420453604726,0.1375199898249573,11,8,11190,2255,8935,0.05651913751586704,0.8296133450541502,434.8213007000701,rolling40_success_then_profit,0.8135132795302684,426.2279641156091,40,True,0.8135132795302684,426.2279641156091,True,cuda,134.75439453125
88,129,200,True,303,303,1121,628,493,102,391,0.43978590544157004,0.09099018733273863,0.3487957181088314,0.42038216560509556,2.0573248407643314,0.7278550463212523,15.06497363831587,30.404614215348936,0.5326923543498254,0.47492528341378376,0.013685588339331803,0.12294443008626342,0.06613093264887382,0.15802274610265898,0.48007821388969757,0.007632297404395167,0.14722898729578562,0.11284111829283262,0.13505071288295042,-0.005152930475913808,0.006053290934936635,-0.024284557209522203,-0.046710185643958804,0.02297203321970856,7.728813559322034,7.728813559322034,5.625334522747547,0.39785905441570024,0.11676222776429153,0.22804720285825525,0.09107673786873285,-0.11489126732073347,-0.05436121161870139,283,20,0.933993399339934,0.066006600660066,2,0.006600660066006601,0,20,1.0,-6.724324702095896,-6.572777652367943,-0.15154704972795313,12.670348370896857,0.5068139348358744,-0.16,-0.20400000000000001,-0.24,-0.054360984563827514,18,46.21819368245288,0.0,118,24,13,115,3,20,6.382838283828383,6.382838283828383,1.5147190008920606,56.998566055244794,24.24301324900994,-6.225880473858461,41.895477072876076,0.8706212627561056,81.24157930425474,0.028499283027622398,0.012121506624504971,0.04062078965212737,0.8798586572438163,0.83,249,143,106,34,0,138,39.465927628832624,39.465927628832624,50,88,85,53,27.599999999999966,31.57274210306611,59.17274210306615,0.2859849828176277,17,14,17,17,10.156962977784566,0.0,10.156962977784566,0.0,1.0,0,20,0,5.626918158789216,0,1,18,0.0,-11.426583350007638,104,0,391,102,0,102,391,17,0,4453.529664683859,445.3529664683859,8948.26995709602,894.826995709602,363.90878273025766,36.39087827302576,5605.745900311817,560.5745900311817,5605.0,560.5,0,0,0.0295863710515331,0.0,0.0295863710515331,0.0295863710515331,0.0,0.0,0.085,-0.0008500000000000006,-0.0006800000000000005,0.0,0.01973296381441631,0.021086371051533048,0.0,2.082282114092122,0.047564674440623705,0.011891168610155926,0.0068439469970509904,0.08036646917550731,-0.00016073293835101467,0.059691890019142185,0.13099342293555252,-0.08750667271648013,0.001429712255819062,0.0,-0.01216475630321766,-0.002353805064760639,-0.0015299999999999973,-0.0005238050647606383,-0.0003000000000000002,0.0,0.0,0.0,0.0,0.0,0.0,0.0,0.040466806723337856,0.0,0.0,0.0,0.03237344537867026,0.023669096841226377,0.008704348537443972,0.01783479829950879,-0.012451760947716922,0.027930318048584035,-0.0031129402369292304,0.020947738536438037,0.001429712255819062,0.001429712255819062,0.00038481018508474047,0.4186906733733296,0.10477816033771294,0.07634607401644211,0.0,0.0,0.017290728519083396,0.0,0.0,0.0,0.021086371051533048,0.0,0.051,0.1955,0.00022324408766710106,0.003114134034452339,-0.002890889946785238,0.26393412668257954,0.22614412109057108,0.03779000559200843,0.9071157574653625,0.11251235008239746,2255,8935,0,0.06926686763763427,0.8133998970190685,0.01,0.5911454558372498,0.6415511965751648,0.4510115087032318,0.636485755443573,3.502406358718872,-0.007059775292873383,0.27423638105392456,0.2192501425743103,0.0026434097500492096,0.024751420453604726,0.1375199898249573,11,8,11190,2255,8935,0.05651913751586704,0.8296133450541502,434.8213007000701,rolling40_success_then_profit,0.8135132795302684,426.2279641156091,40,True,0.8135132795302684,426.2279641156091,True,cuda,134.75439453125
89,130,200,True,288,288,1166,780,386,95,291,0.33104631217838765,0.08147512864493997,0.24957118353344768,0.39871794871794874,2.1333333333333333,0.7201038150833203,15.016064738004635,28.53197636260436,0.5134348237526398,0.5085508086360417,0.020283220297633072,0.09532649374256531,0.05070908013611841,0.1900044687713186,0.5151816451587738,0.012690831226511644,0.13225969289525005,0.08391429402772935,0.1585663110232697,-0.006630836522732109,0.007592389071121428,-0.03693319915268474,-0.033205213891610935,0.031438157748048895,11.24271012006861,11.24271012006861,8.667238421955403,0.5180102915951973,0.14059698473021043,0.14909778869976212,0.0795852025054944,-0.0429692179013686,-0.06709776277151659,268,20,0.9305555555555556,0.06944444444444445,6,0.020833333333333332,0,20,1.0,-7.521912705657885,-6.413188803642982,-1.1087239020149016,10.99276496601575,0.43971059864063,-0.48000000000000004,-0.3,-0.673561836144328,-0.09487266451120376,14,71.99526675944684,0.0,131,29,16,83,0,19,6.722222222222222,6.722222222222222,1.4777015437392795,82.07327054046401,44.20986841582751,-7.586235934011414,69.3736062363991,0.9014260461031953,126.28313895629151,0.041036635270232005,0.022104934207913755,0.06314156947814575,0.8576512455516014,0.8033333333333333,241,155,86,40,0,153,75.74260431163565,75.74260431163565,89,64,62,91,30.599999999999962,60.59408344930852,91.19408344930862,0.4950497013832395,25,18,15,15,15.624446121386818,0.0,15.624446121386818,0.0,1.0,0,28,0,5.012963570777358,0,1,27,0.0,-17.577501886560164,85,0,291,95,0,95,291,22,0,4113.7194187756695,411.37194187756694,8152.583794686317,815.2583794686317,434.83905329531376,43.483905329531375,5184.814324248016,518.4814324248016,5840.0,584.0,0,0,0.045597041724654334,0.0,0.045597041724654334,0.045597041724654334,0.0,0.0,0.075,-0.0007500000000000006,-0.0006000000000000004,0.0,0.03787130215581782,0.03939704172465426,0.0,2.005206016540595,0.04738844445035631,0.011847111112589077,0.006852029099611825,0.0710816542085693,-0.00014216330841713862,0.06522510049939059,0.18013141140920144,-0.11354058796117283,0.0016005669504759498,0.0,-0.014562878651215128,-0.002343657295469948,-0.001424999999999998,-0.0006486572954699472,-0.00027000000000000017,0.0,0.0,0.0,0.0,0.0,0.0,0.0,0.05655198952882616,0.0,0.0,0.0,0.04524159162306095,0.03647763337972333,0.008763958243337581,0.03089368515119388,-0.015172471868022829,0.046249070824266096,-0.003793117967005707,0.03468680311819955,0.0016005669504759498,0.0016005669504759498,0.0005030760119855409,0.44858320406014784,0.10068702494275324,0.052013987697847854,0.0,0.0,0.024313880661356126,0.0,0.0,0.0,0.03939704172465426,0.0,0.0475,0.1455,-0.010784682429706056,-0.008478806540369987,-0.0023058758893360694,0.3709632499764363,0.33112327456474305,0.039839975411693256,0.8766080737113953,0.1305031180381775,2238,9214,0,0.058720141152540845,0.7980156275961134,0.01,0.5932837724685669,0.6467887759208679,0.4563724994659424,0.6451053023338318,3.542978048324585,0.03537147119641304,0.28411149978637695,0.473301500082016,0.0031575541689461617,0.03038594439211819,0.1494470784233676,12,8,11452,2238,9214,0.05751524885046726,0.8047729445476164,419.8449727557747,rolling40_success_then_profit,0.813759199860258,425.2871444356733,40,True,0.813759199860258,426.2279641156091,False,cuda,137.8017578125
90,131,200,True,253,253,1231,834,397,180,217,0.32250203086921203,0.1462225832656377,0.17627944760357434,0.4460431654676259,2.0035971223021583,0.7316732738765596,14.659020632005138,28.152333833199894,0.5291148781744254,0.48507865688068974,0.013781818197213774,0.15556891242430793,0.051971173314802006,0.1693224542588889,0.49283829190247924,0.006796195730120301,0.19301571868632517,0.09041911740737076,0.14243756086795592,-0.007759635021789502,0.006985622467093474,-0.03744680626201724,-0.03844794409256875,0.026884893390932973,10.349309504467913,10.349309504467913,7.69374492282697,0.5109666937449229,0.006222504743249677,0.2549708933563283,0.08264495711414449,-0.07836636052496833,-0.0448472571662721,237,16,0.9367588932806324,0.06324110671936758,3,0.011857707509881422,0,16,1.0,-8.102546400862588,-7.417946280390019,-0.6846001204725675,9.022555153285941,0.36090220613143775,-0.24,-0.34800000000000003,-0.3021414258443081,-0.15536090075969694,13,44.922646008984515,0.0,107,39,22,59,0,16,7.5810276679841895,7.5810276679841895,1.4110479285134037,52.90078849488132,13.223943733535304,-8.987946319425893,39.868445382695484,0.8160333580460541,66.12473222841662,0.02645039424744066,0.006611971866767652,0.03306236611420831,0.8351254480286738,0.7766666666666666,233,134,99,46,0,132,37.941634389038285,37.941634389038285,46,86,83,49,26.39999999999997,30.353307511230643,56.75330751123065,0.2874366241593809,25,21,21,21,15.694715848652695,0.0,15.694715848652695,0.0,1.0,0,29,0,5.072916456527253,0,6,19,0.0,-17.65655532973428,96,0,217,180,0,180,217,23,0,3981.0123908070905,398.10123908070904,7657.201490847584,765.7201490847584,453.1453158489852,45.31453158489852,5010.703469448081,501.0703469448081,6155.0,615.5,0,0,0.02837665375561536,0.0,0.02837665375561536,0.02837665375561536,0.0,0.0,0.105,-0.0010499999999999995,-0.0008400000000000007,0.0,0.018970817194519145,0.020076653755615306,0.0,1.9261784746292718,0.0443492515316282,0.01108731288290705,0.006502309832848342,0.04094116434120227,-8.188232868240454e-05,0.05674479224557036,0.20151708035108515,-0.1497548267111632,0.0011208557510688293,0.0,-0.0160466111925939,-0.004322333717849375,-0.0027,-0.0008923337178493759,-0.0007299999999999991,0.0,0.0,0.0,0.0,0.0,0.0,0.0,0.03833208430983997,0.0,0.0,0.0,0.03066566744787192,0.022701323004492194,0.007964344443379746,0.015440249531634802,-0.017975892638851784,0.026578963588463643,-0.004493973159712946,0.01993422269134774,0.0011208557510688293,0.0011208557510688293,0.0005961209937309222,0.4567733065350161,0.15720331594844386,0.06748763017389182,0.0,0.0,0.011299084290786627,0.0,0.0,0.0,0.020076653755615306,0.0,0.09,0.1085,-0.010784682429706056,-0.008478806540369987,-0.0023058758893360694,0.3709632499764363,0.33112327456474305,0.039839975411693256,0.8766080737113953,0.1305031180381775,2238,9214,0,0.058720141152540845,0.7980156275961134,0.01,0.5932837724685669,0.6467887759208679,0.4563724994659424,0.6451053023338318,3.542978048324585,0.03537147119641304,0.28411149978637695,0.473301500082016,0.0031575541689461617,0.03038594439211819,0.1494470784233676,12,8,11452,2238,9214,0.05751524885046726,0.8047729445476164,419.8449727557747,rolling40_success_then_profit,0.813759199860258,425.2871444356733,40,True,0.813759199860258,426.2279641156091,False,cuda,137.8017578125
91,132,200,True,290,290,1225,795,430,105,325,0.3510204081632653,0.08571428571428572,0.2653061224489796,0.40125786163522015,2.090566037735849,0.7208584261015526,15.162552212169336,31.00777710653701,0.497277608346421,0.5110266898413124,0.01941154179333141,0.12228717333022153,0.03940288438432434,0.20132909699946455,0.5137926614322003,0.012447736405257908,0.15396686463892084,0.06527197969690808,0.1634958463152812,-0.0027659715908878724,0.0069638053880735,-0.03167969130869931,-0.02586909531258374,0.03783325068418336,11.288163265306123,11.288163265306123,8.761632653061225,0.5036734693877551,0.11331248651509004,0.09453266499053482,-0.06691414584442029,0.0004609531395390441,-0.02242031256006109,274,16,0.9448275862068966,0.05517241379310345,2,0.006896551724137931,0,16,1.0,-7.160436705472224,-6.915466294214117,-0.24497041125810667,9.759732496218747,0.39038929984875,-0.16,-0.192,-0.2311330782733758,-0.052226632833480835,14,71.29811075574702,0.0,124,30,17,93,0,16,6.682758620689655,6.682758620689655,1.4195918367346938,80.09716528463309,37.424227548546526,-7.504881527397603,69.32467791044064,0.9023177852077924,117.52139283317962,0.040048582642316546,0.018712113774273263,0.05876069641658981,0.8063380281690141,0.7633333333333333,229,146,83,55,0,145,76.1532980558547,76.1532980558547,89,56,52,93,28.999999999999954,60.92263844468375,89.92263844468381,0.5251951590058945,33,27,22,22,21.68495007510807,0.0,21.68495007510807,0.0,1.0,0,40,0,4.501331225231759,0,4,34,0.0,-24.395568834496583,82,0,325,105,0,105,325,27,0,3828.8435395298093,382.8843539529809,7545.5756307516185,754.5575630751619,428.6515679964911,42.865156799649114,4824.289607661399,482.4289607661399,6125.0,612.5,0,0,0.04496131922234193,0.0,0.04496131922234193,0.04496131922234193,0.0,0.0,0.11,-0.0010999999999999985,-0.0008800000000000007,0.0,0.03807664902792735,0.03976131922234189,0.0,1.8918704291155777,0.04458074826327955,0.011145187065819887,0.006455132717951911,0.06275252217297819,-0.0001255050443459564,0.06179019238081694,0.18708261309481836,-0.13204070640298013,0.0017277655106035107,0.0,-0.01437584358622495,-0.0025248654806386815,-0.001574999999999997,-0.0005898654806386815,-0.00036000000000000024,0.0,0.0,0.0,0.0,0.0,0.0,0.0,0.054881001243815807,0.0,0.0,0.0,0.04390480099505264,0.03596905537787344,0.007935745617179182,0.03090989819152157,-0.015009763054795205,0.04621645194029379,-0.0037524407636988014,0.03466233895522032,0.0017277655106035107,0.0017277655106035107,0.0006334142304708572,0.4361609681483411,0.11691919660065131,0.05986855030107619,0.0,0.0,0.022563947734101614,0.0,0.0,0.0,0.03976131922234189,0.0,0.0525,0.1625,-0.010784682429706056,-0.008478806540369987,-0.0023058758893360694,0.3709632499764363,0.33112327456474305,0.039839975411693256,0.8766080737113953,0.1305031180381775,2238,9214,0,0.058720141152540845,0.7980156275961134,0.01,0.5932837724685669,0.6467887759208679,0.4563724994659424,0.6451053023338318,3.542978048324585,0.03537147119641304,0.28411149978637695,0.473301500082016,0.0031575541689461617,0.03038594439211819,0.1494470784233676,12,8,11452,2238,9214,0.05751524885046726,0.8047729445476164,419.8449727557747,rolling40_success_then_profit,0.813759199860258,425.2871444356733,40,True,0.813759199860258,426.2279641156091,False,cuda,137.8017578125
92,133,200,True,309,309,1077,672,405,90,315,0.37604456824512533,0.08356545961002786,0.2924791086350975,0.4226190476190476,2.0625,0.7297865131736866,14.718998263279596,30.726555085962726,0.5401075565385521,0.5115984111492123,0.03158307409224411,0.15210295239064311,0.02316960090095,0.18389033332988175,0.5156315222072104,0.017125868693082816,0.18544097607012927,0.05397959942846293,0.1519047940382734,-0.0040331110579980844,0.014457205399161295,-0.033338023679486156,-0.030809998527512927,0.031985539291608356,10.630454967502322,10.630454967502322,8.292479108635098,0.4856081708449396,0.12399505367877514,0.14239914298326795,-0.013957322938628404,-0.003927181036640446,-0.032555764998102414,287,22,0.9288025889967637,0.07119741100323625,6,0.019417475728155338,0,22,1.0,-8.089913001716148,-6.678946620672938,-1.4109663810432147,11.673040977018129,0.46692163908072537,-0.48000000000000004,-0.4799999999999999,-0.7100063876766972,-0.20788163244724273,16,81.51877394449248,0.0,149,29,8,91,0,22,6.372168284789644,6.372168284789644,1.5877437325905293,91.61646508570446,41.13994227838399,-6.353002804845729,79.45126035931017,0.9259593571394987,132.75640736408846,0.04580823254285223,0.020569971139191994,0.06637820368204422,0.7342657342657343,0.7,210,164,46,76,0,162,88.12308428826947,88.12308428826947,102,60,60,102,32.39999999999997,70.49846743061556,102.89846743061564,0.5439696561004288,46,41,30,30,28.40739135651593,0.0,28.40739135651593,0.0,1.0,0,47,0,5.230062871431204,0,0,44,0.0,-31.95831527608043,46,0,315,90,0,90,315,31,0,4446.812225343394,444.6812225343394,9014.395289781294,901.4395289781294,420.4755188278597,42.04755188278597,5602.772677506344,560.2772677506343,5385.0,538.5,0,0,0.051449233715307865,0.0,0.051449233715307865,0.051449233715307865,0.0,0.0,0.15,-0.0014999999999999898,-0.0012000000000000008,0.0,0.044061542144134734,0.04544923371530779,0.0,2.1806497533387623,0.051797968398982853,0.012949492099745713,0.007518273190898957,0.07111975520781497,-0.00014223951041562993,0.06939364702957111,0.14398149452010514,-0.10393760065834867,0.0017615187064699666,0.0,-0.01319826463939454,-0.0021164057533991894,-0.0013499999999999986,-0.0004889057533991896,-0.0002775000000000002,0.0,0.0,0.0,0.0,0.0,0.0,0.0,0.06275648630463773,0.0,0.0,0.0,0.050205189043710415,0.04115938697224613,0.009045802071464121,0.03654912877723222,-0.012706005609691458,0.05296750690620678,-0.0031765014024228645,0.03972563017965509,0.0017615187064699666,0.0017615187064699666,0.000743301318883896,0.45249482219930476,0.13362537735991278,0.04781297311955017,0.0,0.0,0.030889570293080607,0.0,0.0,0.0,0.04544923371530779,0.0,0.045,0.1575,-0.010784682429706056,-0.008478806540369987,-0.0023058758893360694,0.3709632499764363,0.33112327456474305,0.039839975411693256,0.8766080737113953,0.1305031180381775,2238,9214,0,0.058720141152540845,0.7980156275961134,0.01,0.5932837724685669,0.6467887759208679,0.4563724994659424,0.6451053023338318,3.542978048324585,0.03537147119641304,0.28411149978637695,0.473301500082016,0.0031575541689461617,0.03038594439211819,0.1494470784233676,12,8,11452,2238,9214,0.05751524885046726,0.8047729445476164,419.8449727557747,rolling40_success_then_profit,0.813759199860258,425.2871444356733,40,True,0.813759199860258,426.2279641156091,False,cuda,137.8017578125
93,134,200,True,278,278,1199,796,403,117,286,0.33611342785654713,0.097581317764804,0.23853211009174313,0.41708542713567837,2.079145728643216,0.7377849118456469,14.644593628207643,29.557359508833095,0.537114539056836,0.5012552078869474,0.014479314908385277,0.12427700612338344,0.059615944363598024,0.17488901821390992,0.5049263902345494,0.006882935505004684,0.1647993566107997,0.08983312889520575,0.14880005846118283,-0.003671182347601998,0.007596379403380593,-0.04052235048741626,-0.03021718453160773,0.026088959752727098,10.855713094245205,10.855713094245205,8.287739783152627,0.49958298582151794,0.11047806032048324,0.13693840262099952,0.033196757652384085,-0.06055468095035771,-0.07421854987272808,260,18,0.935251798561151,0.06474820143884892,4,0.014388489208633094,0,18,1.0,-7.9572192194456015,-7.185417566746468,-0.7718016526991337,9.694323486849145,0.38777293947396574,-0.32,-0.33599999999999997,-0.48,-0.023574592173099516,14,57.88300743127695,0.0,120,33,15,81,1,18,6.9640287769784175,6.9640287769784175,1.432026688907423,65.5380578501384,31.089142141309978,-7.558864779937562,55.611450665790784,0.8803415065034521,96.62719999144838,0.0327690289250692,0.015544571070654989,0.04831359999572419,0.8162544169611308,0.77,231,144,87,52,0,141,59.521659032637515,58.56719911137023,71,70,67,74,28.19999999999996,47.61732722610999,75.81732722611005,0.42213942576338664,27,21,25,25,16.07861666181622,1.0,15.07861666181622,0.0,1.0,2,31,0,5.829652418807091,0,3,27,-1.2000000000000002,-16.963443744543248,86,0,286,117,0,117,286,25,0,3993.116749041317,399.3116749041317,7869.920177258553,786.9920177258552,456.6072966938936,45.66072966938936,5028.094953297245,502.80949532972454,5995.0,599.5,0,0,0.03790866361305507,0.0,0.03790866361305507,0.03790866361305507,0.0,0.0,0.125,-0.0012499999999999987,-0.0010000000000000007,0.0,0.029760829516318758,0.030726879644548094,0.0,1.9112735362328075,0.04470442942352652,0.01117610735588163,0.006347420799312438,0.10171941596984536,-0.00020343883193969073,0.060293362251080375,0.18561843981105183,-0.13155742999600611,0.0019585262019177355,0.0,-0.015547024485128695,-0.002795367099614954,-0.001754999999999996,-0.0006303670996149534,-0.0004100000000000003,0.0,0.0,0.0,0.0,0.0,0.0,0.0,0.047631332136996996,0.0,0.0,0.0,0.03810506570959751,0.03032693089044392,0.007778134819153586,0.024026292942926564,-0.015117729559875125,0.03707430044386051,-0.0037794323899687813,0.02780572533289539,0.0019585262019177355,0.0019585262019177355,0.0006703314633170766,0.44569410472527343,0.13688071064261656,0.060717553299211836,0.0,0.0,0.02068060602040157,0.0,0.0,0.0,0.030726879644548094,0.0,0.0585,0.143,-0.010784682429706056,-0.008478806540369987,-0.0023058758893360694,0.3709632499764363,0.33112327456474305,0.039839975411693256,0.8766080737113953,0.1305031180381775,2238,9214,0,0.058720141152540845,0.7980156275961134,0.01,0.5932837724685669,0.6467887759208679,0.4563724994659424,0.6451053023338318,3.542978048324585,0.03537147119641304,0.28411149978637695,0.473301500082016,0.0031575541689461617,0.03038594439211819,0.1494470784233676,12,8,11452,2238,9214,0.05751524885046726,0.8047729445476164,419.8449727557747,rolling40_success_then_profit,0.813759199860258,425.2871444356733,40,True,0.813759199860258,426.2279641156091,False,cuda,137.8017578125
94,135,200,True,274,274,1146,763,383,127,256,0.33420593368237345,0.11082024432809773,0.22338568935427575,0.4456094364351245,2.0078636959370906,0.7173923106563825,15.200938304786133,28.620149999876478,0.5367585475099436,0.47019223790728093,0.03181677020666327,0.12589633740670247,0.03260430530797529,0.16580409810513375,0.46924630748803775,0.019314064074253973,0.15151967363966676,0.05268108677015265,0.14500585467424024,0.0009459304192431794,0.012502706132409298,-0.025623336232964283,-0.02007678146217736,0.02079824343089351,8.929319371727749,8.929319371727749,6.475567190226876,0.4397905759162304,0.08625820649976824,0.17940740079440756,0.10583829053825594,-0.029067925926094775,-0.04916052380741041,255,19,0.9306569343065694,0.06934306569343066,3,0.010948905109489052,0,19,1.0,-6.430242113793096,-5.946074002906675,-0.4841681108864208,11.060777772361881,0.44243111089447534,-0.24,-0.228,-0.36,-0.09859922178089618,16,75.14193774977299,0.0,130,28,18,68,1,19,7.109489051094891,7.109489051094891,1.5087260034904013,86.58808068207827,41.450542821139564,-7.421684708328965,73.22145207941112,0.9079687992809171,128.03862350321782,0.04329404034103913,0.020725271410569783,0.06401931175160891,0.8169014084507042,0.7733333333333333,232,151,81,52,0,151,80.15927773402029,80.15927773402029,94,57,56,95,30.19999999999996,64.12742218721623,94.32742218721631,0.5308561439339092,30,19,22,22,21.643755155504564,0.0,21.643755155504564,0.0,1.0,0,37,0,3.4088692100223614,0,1,35,0.0,-24.349224549942637,80,0,256,127,0,127,256,22,0,4255.853105494612,425.58531054946116,8511.373902592342,851.1373902592343,445.1723115104763,44.517231151047625,5360.158539507256,536.0158539507256,5730.0,573.0,0,0,0.04716371109360818,0.0,0.04716371109360818,0.04716371109360818,0.0,0.0,0.11,-0.0010999999999999985,-0.0008800000000000007,0.0,0.040079638867010145,0.04156371109360812,0.0,2.127926552747304,0.04933726861777331,0.012334317154443327,0.007250590292665997,0.043288250315923364,-8.657650063184675e-05,0.06481322948044285,0.1592482083854046,-0.08619467930128774,0.002165971913006331,0.0,-0.014892609862145462,-0.0028709322299177746,-0.001904999999999995,-0.0005709322299177752,-0.0003950000000000003,0.0,0.0,0.0,0.0,0.0,0.0,0.0,0.058311451747419606,0.0,0.0,0.0,0.04664916139793571,0.037730968874886424,0.00891819252304922,0.03289988368554111,-0.01484336941665793,0.04881430138627409,-0.0037108423541644827,0.03661072603970556,0.002165971913006331,0.002165971913006331,0.001027576416358351,0.4348807997748265,0.1133786903137129,0.045287215534571185,0.0,0.0,0.033810987530636986,0.0,0.0,0.0,0.04156371109360812,0.0,0.0635,0.128,-0.010784682429706056,-0.008478806540369987,-0.0023058758893360694,0.3709632499764363,0.33112327456474305,0.039839975411693256,0.8766080737113953,0.1305031180381775,2238,9214,0,0.058720141152540845,0.7980156275961134,0.01,0.5932837724685669,0.6467887759208679,0.4563724994659424,0.6451053023338318,3.542978048324585,0.03537147119641304,0.28411149978637695,0.473301500082016,0.0031575541689461617,0.03038594439211819,0.1494470784233676,12,8,11452,2238,9214,0.05751524885046726,0.8047729445476164,419.8449727557747,rolling40_success_then_profit,0.813759199860258,425.2871444356733,40,True,0.813759199860258,426.2279641156091,False,cuda,137.8017578125
95,136,200,True,283,283,1064,722,342,111,231,0.32142857142857145,0.10432330827067669,0.21710526315789475,0.4196675900277008,2.059556786703601,0.7217800131175987,15.462529578697648,24.010329557629174,0.5189269244444487,0.47388942694482383,0.028296002916929793,0.12922514233108703,0.013591682832492026,0.17884892635202226,0.4712431505116069,0.017403283584708155,0.16196694294599573,0.02489392817506716,0.1551734298013584,0.0026462764332169098,0.010892719332221638,-0.032741800614908695,-0.011302245342575136,0.023675496550663866,9.199248120300751,9.199248120300751,6.677631578947368,0.4417293233082707,0.0834779690692154,0.10573843191515667,0.06691687379578855,-0.03221832371303891,-0.027872070791426215,262,21,0.9257950530035336,0.07420494699646643,3,0.01060070671378092,0,21,1.0,-5.8387084932837885,-5.6024846978485545,-0.2362237954352317,13.294405114119204,0.5317762045647683,-0.24,-0.168,-0.36,0.0,18,84.78901462800188,0.0,148,27,14,64,0,20,6.819787985865724,6.819787985865724,1.5855263157894737,97.51852271237124,44.872874066026164,-6.215059730242999,82.27342906441268,0.929764200802824,142.3913967783974,0.04875926135618562,0.022436437033013082,0.0711956983891987,0.778169014084507,0.7366666666666667,221,168,53,63,0,165,91.98283535625292,91.98283535625292,102,63,59,106,32.99999999999997,73.58626828500233,106.58626828500242,0.5574717294318359,43,34,20,20,27.72044023834975,0.0,27.72044023834975,0.0,1.0,0,45,0,4.69445039455284,0,3,41,0.0,-31.18549526814347,52,0,231,111,0,111,231,26,0,4617.205377117024,461.7205377117024,9265.480383569235,926.5480383569235,427.4719959852725,42.747199598527246,5814.187568297022,581.4187568297023,5320.0,532.0,0,0,0.053293134142501225,0.0,0.053293134142501225,0.053293134142501225,0.0,0.0,0.1,-0.0010000000000000007,-0.0008000000000000006,0.0,0.04599141767812647,0.04739313414250117,0.0,2.2244991778575867,0.050473373577833526,0.012618343394458382,0.007455818567107258,0.03160401671257688,-6.320803342515377e-05,0.07011702908228522,0.14309268947015671,-0.06223835232469432,0.002960085444283755,0.0,-0.013624190533755708,-0.0025683470488899436,-0.0016649999999999966,-0.0005508470488899444,-0.0003525000000000003,0.0,0.0,0.0,0.0,0.0,0.0,0.0,0.06484826950353434,0.0,0.0,0.0,0.051878615602827464,0.042634507314000855,0.009244108288826594,0.03802918466708487,-0.012430119460485996,0.05484895270960843,-0.003107529865121499,0.04113671453220634,0.002960085444283755,0.002960085444283755,0.0007880818003167715,0.4527267182099689,0.12086218135558534,0.026483812369634246,0.0,0.0,0.03517809809943894,0.0,0.0,0.0,0.04739313414250117,0.0,0.0555,0.1155,-0.010784682429706056,-0.008478806540369987,-0.0023058758893360694,0.3709632499764363,0.33112327456474305,0.039839975411693256,0.8766080737113953,0.1305031180381775,2238,9214,0,0.058720141152540845,0.7980156275961134,0.01,0.5932837724685669,0.6467887759208679,0.4563724994659424,0.6451053023338318,3.542978048324585,0.03537147119641304,0.28411149978637695,0.473301500082016,0.0031575541689461617,0.03038594439211819,0.1494470784233676,12,8,11452,2238,9214,0.05751524885046726,0.8047729445476164,419.8449727557747,rolling40_success_then_profit,0.813759199860258,425.2871444356733,40,True,0.813759199860258,426.2279641156091,False,cuda,137.8017578125
96,137,200,True,263,263,1106,767,339,146,193,0.3065099457504521,0.13200723327305605,0.17450271247739602,0.3820078226857888,2.1538461538461537,0.7316629648053196,14.955732100634718,25.950927253380282,0.5457945203630881,0.466239338087445,0.01883416550022682,0.16036108136177063,0.07234703140476575,0.15692356386679715,0.4738660989404502,0.010505232821562299,0.19337626314762071,0.11140371103679356,0.13361456357865475,-0.007626760853005177,0.008328932678664523,-0.033015181785850084,-0.0390566796320278,0.023309000288142395,9.155515370705244,9.155515370705244,6.468354430379747,0.49005424954792043,0.00941804225123995,0.20129792304362285,0.08204508183318543,-0.10687032247720184,-0.06633894380058956,239,24,0.908745247148289,0.09125475285171103,7,0.026615969581749048,0,24,1.0,-7.559349215699131,-6.2005876244604545,-1.3587615912386763,11.61007515095537,0.4644030060382149,-0.56,-0.384,-0.793920963216866,-0.0852436340600252,17,67.52472350001682,0.0,130,32,13,54,1,23,7.387832699619772,7.387832699619772,1.5289330922242315,77.2784083504729,33.22268160196335,-7.781456191413447,64.53503238386658,0.8923972064363563,110.50108995243625,0.038639204175236454,0.016611340800981676,0.055250544976218126,0.7934782608695652,0.73,219,150,69,57,0,148,69.75738046877626,69.75738046877626,81,67,67,81,29.59999999999995,55.805904375021015,85.40590437502112,0.4713336518160558,32,25,25,25,20.916350747102015,0.0,20.916350747102015,0.0,1.0,0,36,0,4.523652429013448,0,5,27,0.0,-23.53089459048977,67,0,193,146,0,146,193,19,0,4351.03501435306,435.10350143530604,9008.16502229816,900.816502229816,460.4178917778694,46.04178917778694,5479.381284519643,547.9381284519643,5530.0,553.0,0,0,0.04270295218751059,0.0,0.04270295218751059,0.04270295218751059,0.0,0.0,0.125,-0.0012499999999999953,-0.0010000000000000007,0.0,0.03487869023438813,0.036002952187510505,0.0,2.109446684155261,0.04866924602330673,0.012167311505826683,0.0070204027350672165,0.0758326072398447,-0.0001516652144796894,0.0634916993115221,0.1679251852869399,-0.11641444602499641,0.002400115744962625,0.0,-0.01522270533896104,-0.0033568727916371143,-0.0021899999999999958,-0.0006943727916371147,-0.00047250000000000037,0.0,0.0,0.0,0.0,0.0,0.0,0.0,0.053468598478857536,0.0,0.0,0.0,0.04277487878308593,0.03416236175000831,0.008612517033077666,0.02837678809622659,-0.015562912382826895,0.043023354922577715,-0.0038907280957067238,0.03226751619193329,0.002400115744962625,0.002400115744962625,0.0004016088067119317,0.4555241112837742,0.1471468205521826,0.08280924171965506,0.0,0.0,0.02669491716684164,0.0,0.0,0.0,0.036002952187510505,0.0,0.073,0.0965,-0.010784682429706056,-0.008478806540369987,-0.0023058758893360694,0.3709632499764363,0.33112327456474305,0.039839975411693256,0.8766080737113953,0.1305031180381775,2238,9214,0,0.058720141152540845,0.7980156275961134,0.01,0.5932837724685669,0.6467887759208679,0.4563724994659424,0.6451053023338318,3.542978048324585,0.03537147119641304,0.28411149978637695,0.473301500082016,0.0031575541689461617,0.03038594439211819,0.1494470784233676,12,8,11452,2238,9214,0.05751524885046726,0.8047729445476164,419.8449727557747,rolling40_success_then_profit,0.813759199860258,425.2871444356733,40,True,0.813759199860258,426.2279641156091,False,cuda,137.8017578125
97,138,200,True,291,291,1077,700,377,118,259,0.3500464252553389,0.1095636025998143,0.2404828226555246,0.4685714285714286,1.937142857142857,0.7720285935061318,13.912424286433628,28.515344618558885,0.5063004998325362,0.4927561908534595,0.03154898213488715,0.16778382686099835,0.021782418504756478,0.18410126516329392,0.48860368177294733,0.01704003061300942,0.20041269659330802,0.04424131655799491,0.15410929436396276,0.004152509080512179,0.014508951521877735,-0.03262886973230966,-0.022458898053238432,0.029991970799331163,10.252553389043639,10.252553389043639,7.8811513463324046,0.4178272980501393,0.09164954471476236,0.2738961371086747,0.02865261603211867,-0.08011597101283428,-0.10053204647920523,269,22,0.9243986254295533,0.07560137457044673,4,0.013745704467353952,0,22,1.0,-6.619730082322136,-6.121609108149999,-0.4981209741721371,12.923385930334973,0.5169354372133992,-0.32,-0.15600000000000003,-0.48,-0.05905641138553619,18,83.41013656984798,0.0,146,29,13,70,1,22,6.6563573883161515,6.6563573883161515,1.574744661095636,95.90302268970905,49.19301518291157,-6.2056593140014895,81.60963540921178,0.9293328191454435,145.09603787262063,0.04795151134485452,0.024596507591455787,0.07254801893631031,0.8146853146853147,0.7766666666666666,233,166,67,53,0,163,90.57833839038746,90.57833839038746,106,57,56,107,32.59999999999998,72.46267071230999,105.06267071231001,0.5556953275483894,37,29,16,16,23.298631922043313,0.0,23.298631922043313,0.0,1.0,0,42,0,4.908415824603282,0,0,40,0.0,-26.210960912298734,67,0,259,118,0,118,259,26,0,4545.926006826945,454.5926006826945,9062.215009096,906.2215009096001,401.3166723437844,40.13166723437844,5724.829596067416,572.4829596067416,5385.0,538.5,0,0,0.05253133535615502,0.0,0.05253133535615502,0.05253133535615502,0.0,0.0,0.08,-0.0008000000000000006,-0.0006400000000000005,0.0,0.04528916919519373,0.046931335356154964,0.0,2.1807335022268264,0.051275303818747606,0.012818825954686901,0.007475088249986195,0.05922041416119612,-0.00011844082832239226,0.06969821628906946,0.1477052638489765,-0.09592855566773435,0.0018076342511469477,0.0,-0.01288764909783143,-0.0028337835324441013,-0.0017699999999999958,-0.0006612835324441037,-0.0004025000000000003,0.0,0.0,0.0,0.0,0.0,0.0,0.0,0.06443172048251948,0.0,0.0,0.0,0.051545376386015605,0.04202506828492392,0.009520308101091628,0.037701988047605196,-0.012411318628002979,0.054406423606141174,-0.0031028296570007447,0.04080481770460589,0.0018076342511469477,0.0018076342511469477,0.0010379844824100525,0.45462988347188454,0.13857628967225405,0.03891319836065555,0.0,0.0,0.03888743768210728,0.0,0.0,0.0,0.046931335356154964,0.0,0.059,0.1295,-0.006016082078632381,-0.0037632651006182035,-0.002252816978014178,0.3083852634247807,0.27002734939257306,0.0383579140322076,0.8998510837554932,0.1522911787033081,2303,8958,0,0.04517203817764918,0.7374198602305518,0.01,0.5454389452934265,0.679802417755127,0.5001044273376465,0.6776066422462463,3.4188435077667236,-0.017249269410967827,0.27797845005989075,0.23018531501293182,0.002940218611911405,0.03226193406929572,0.15795702847341697,13,8,11261,2303,8958,0.060243470120943846,0.804722118537857,434.64295988904007,rolling40_success_then_profit,0.8090170446565853,426.4274338231447,40,True,0.813759199860258,426.2279641156091,False,cuda,134.8876953125
98,139,200,True,272,272,1233,806,427,114,313,0.34630981346309814,0.09245742092457421,0.25385239253852393,0.44044665012406947,1.9478908188585609,0.718354574393102,15.160643164632338,29.509011683333895,0.566619045637505,0.4799501115165041,0.01295823211927272,0.11084173106710905,0.0629063837008352,0.1605998483537315,0.4899325277979853,0.007511670148882914,0.13654197835093063,0.10877247670782088,0.13672888726827967,-0.009982416281481221,0.005446561970389807,-0.025700247283821573,-0.04586609300698567,0.023870961085451836,9.612327656123277,9.612327656123277,7.18734793187348,0.4793187347931874,0.14153815512035545,0.3439031954752348,0.08138693633615658,-0.046266226043420934,-0.05612300488738716,256,16,0.9411764705882353,0.058823529411764705,0,0.0,0,16,1.0,-6.299129805659844,-6.726561679542059,0.4274318738822167,10.685796847055414,0.4274318738822167,0.0,0.0,0.0,0.0,16,52.63263659048405,0.0,108,28,22,84,4,16,7.091911764705882,7.091911764705882,1.3957826439578265,61.43798072058564,23.43316925455463,-8.974503171949936,48.61991060343146,0.8441775411248987,84.87114997514027,0.03071899036029282,0.011716584627277316,0.042435574987570134,0.8456140350877193,0.8033333333333333,241,137,104,44,0,135,49.738494672631326,49.738494672631326,59,76,70,65,26.999999999999964,39.79079573810507,66.79079573810507,0.36843329387134316,23,18,21,21,14.410878379490605,0.0,14.410878379490605,0.0,1.0,0,26,0,5.239073874703659,0,3,19,0.0,-16.212238176926935,100,0,313,114,0,114,313,22,0,3803.5622172102176,380.35622172102177,7728.545148615887,772.8545148615888,471.19518630633786,47.119518630633785,4790.953227908517,479.0953227908517,6180.0,618.0,0,0,0.03339539786905258,0.0,0.03339539786905258,0.03339539786905258,0.0,0.0,0.105,-0.0010499999999999993,-0.0008400000000000007,0.0,0.024869247336315663,0.02639539786905253,0.0,1.8346813576126628,0.04229340497404271,0.010573351243510677,0.0060178758665684565,0.08902751682988608,-0.00017805503365977217,0.057801920849016114,0.18325901142069456,-0.12093627267187057,0.0004683544037317347,0.0,-0.016607089136162392,-0.00269340744027537,-0.0017099999999999962,-0.0006259074402753701,-0.0003575000000000003,0.0,0.0,0.0,0.0,0.0,0.0,0.0,0.04274069407890337,0.0,0.0,0.0,0.034192555263122724,0.026716318295241962,0.007476236967880737,0.01982270371574078,-0.01794900634389987,0.03241327373562097,-0.004487251585974968,0.02430995530171573,0.0004683544037317347,0.0004683544037317347,0.0005207380901897948,0.42318745332492375,0.11457263550732273,0.0765792020278603,0.0,0.0,0.011521505579129936,0.0,0.0,0.0,0.02639539786905253,0.0,0.057,0.1565,-0.006016082078632381,-0.0037632651006182035,-0.002252816978014178,0.3083852634247807,0.27002734939257306,0.0383579140322076,0.8998510837554932,0.1522911787033081,2303,8958,0,0.04517203817764918,0.7374198602305518,0.01,0.5454389452934265,0.679802417755127,0.5001044273376465,0.6776066422462463,3.4188435077667236,-0.017249269410967827,0.27797845005989075,0.23018531501293182,0.002940218611911405,0.03226193406929572,0.15795702847341697,13,8,11261,2303,8958,0.060243470120943846,0.804722118537857,434.64295988904007,rolling40_success_then_profit,0.8090170446565853,426.4274338231447,40,True,0.813759199860258,426.2279641156091,False,cuda,134.8876953125
99,140,200,True,282,282,1136,767,369,95,274,0.3248239436619718,0.08362676056338028,0.24119718309859156,0.3650586701434159,2.168187744458931,0.7323204503337594,15.205150348111268,30.24160681460951,0.5283916981520758,0.51020142919781,0.020179055087180927,0.14149777986585238,0.023123230899270077,0.19021324392995825,0.514008766610899,0.011175513148521507,0.18581252591138053,0.049611245174534045,0.1530066261570682,-0.003807337413089029,0.00900354193865942,-0.04431474604552815,-0.02648801427526397,0.037206617772890055,10.80105633802817,10.80105633802817,8.111795774647888,0.5448943661971831,0.05337995467399622,0.1497079892468828,0.03927481119088418,-0.07428353757231607,-0.029083880127353676,263,19,0.9326241134751773,0.0673758865248227,2,0.0070921985815602835,0,19,1.0,-6.790626935431121,-6.616768686026326,-0.1738582494047949,11.432537135497402,0.457301485419896,-0.16,-0.24,-0.20349087665418164,-0.027668858170509337,17,60.75194655652661,0.0,132,29,13,77,2,19,6.882978723404255,6.882978723404255,1.4911971830985915,71.49763377663982,28.610488965412046,-7.522182167018657,56.308459009155364,0.8821540559767015,100.10812274205186,0.035748816888319906,0.014305244482706023,0.05005406137102593,0.8362989323843416,0.7833333333333333,235,153,82,46,0,151,59.47680829822677,58.67491649457284,70,81,77,74,30.199999999999967,47.58144663858141,77.7814466385815,0.393886147670376,30,26,16,16,17.934033668199685,0.0,17.934033668199685,0.0,1.0,0,35,0,5.653647972984722,0,2,30,0.0,-20.17578787672464,81,0,274,95,0,95,274,27,0,4220.246041985934,422.02460419859347,8687.593130930241,868.7593130930242,435.14964651134005,43.51496465113401,5316.137466221486,531.6137466221486,5680.0,568.0,0,0,0.03889072331929077,0.0,0.03889072331929077,0.03889072331929077,0.0,0.0,0.08,-0.0008000000000000006,-0.0006400000000000005,0.0,0.02973840414911339,0.030769966597829136,0.0,2.0553276396903635,0.04789600519239656,0.01197400129809914,0.006769006074941087,0.11940247544196421,-0.00023880495088392844,0.06458028516338549,0.17580555899698377,-0.1167327445385223,0.001253593996113875,0.0,-0.01473732481435994,-0.002298543509422566,-0.001424999999999998,-0.0005935435094225667,-0.0002800000000000002,0.0,0.0,0.0,0.0,0.0,0.0,0.0,0.049825919666505854,0.0,0.0,0.0,0.03986073573320471,0.03111257865543248,0.008748157077772196,0.024393138421068303,-0.015044364334037313,0.03753897267277026,-0.003761091083509328,0.02815422950457768,0.001253593996113875,0.001253593996113875,0.0006888600771501664,0.4518078195413319,0.12744646109535093,0.037038288288863554,0.0,0.0,0.028624913348218723,0.0,0.0,0.0,0.030769966597829136,0.0,0.0475,0.137,-0.006016082078632381,-0.0037632651006182035,-0.002252816978014178,0.3083852634247807,0.27002734939257306,0.0383579140322076,0.8998510837554932,0.1522911787033081,2303,8958,0,0.04517203817764918,0.7374198602305518,0.01,0.5454389452934265,0.679802417755127,0.5001044273376465,0.6776066422462463,3.4188435077667236,-0.017249269410967827,0.27797845005989075,0.23018531501293182,0.002940218611911405,0.03226193406929572,0.15795702847341697,13,8,11261,2303,8958,0.060243470120943846,0.804722118537857,434.64295988904007,rolling40_success_then_profit,0.8090170446565853,426.4274338231447,40,True,0.813759199860258,426.2279641156091,False,cuda,134.8876953125
100,141,200,True,322,322,1050,605,445,72,373,0.4238095238095238,0.06857142857142857,0.35523809523809524,0.41652892561983473,2.0545454545454547,0.7567849556276621,14.42985428581553,29.476251809459086,0.537627701893495,0.5302767173564138,0.04280671913269138,0.11611188499272362,0.017738490693332734,0.18655306703972915,0.5291750051758506,0.025278475138643557,0.15325172808914145,0.03710277254062066,0.16218697846489996,0.001101712180563208,0.017528243994047822,-0.037139843096417824,-0.019364281847287924,0.024366088574829192,10.235238095238095,10.235238095238095,8.07904761904762,0.43047619047619046,0.15707990211525855,0.19194731799274548,-0.001881080045718934,0.002764890065391011,-0.0707239100210358,301,21,0.9347826086956522,0.06521739130434782,2,0.006211180124223602,0,21,1.0,-5.0688667638619185,-4.988033131957051,-0.08083363190486514,12.37004821258423,0.49480192850336946,-0.16,-0.168,-0.24,-0.007635560408234596,19,82.93954071083434,0.0,151,17,11,112,0,21,5.972049689440993,5.972049689440993,1.5895238095238096,96.85561048587596,47.048151104629866,-5.460675843259544,80.05187641835707,0.9361418213018227,143.90376159050584,0.04842780524293798,0.023524075552314932,0.07195188079525291,0.8070175438596491,0.7666666666666667,230,170,60,55,0,166,90.05556812012792,89.09303236067865,102,64,62,104,33.19999999999999,72.04445449610232,105.24445449610238,0.5425034224104092,36,27,19,19,24.482710640415664,0.0,24.482710640415664,0.0,1.0,0,45,0,3.9674606232502074,0,1,35,0.0,-27.54304947046763,60,0,373,72,0,72,373,28,0,4615.34990900421,461.53499090042095,9384.959074119073,938.4959074119073,374.83995339198196,37.483995339198195,5813.336301003257,581.3336301003258,5250.0,525.0,0,0,0.05262222724805123,0.0,0.05262222724805123,0.05262222724805123,0.0,0.0,0.095,-0.0009500000000000006,-0.0007600000000000006,0.0,0.04502778406006394,0.045937212944271465,0.0,2.177797027634137,0.051068920756570414,0.012767230189142604,0.007430704667966581,0.06582242616396954,-0.00013164485232793906,0.07078513898572979,0.12692499738052182,-0.08145571035760406,0.0013229118494016453,0.0,-0.011827809438710883,-0.001661438535864173,-0.0010800000000000002,-0.0003664385358641734,-0.00021500000000000016,0.0,0.0,0.0,0.0,0.0,0.0,0.0,0.06430781258486586,0.0,0.0,0.0,0.05144625006789265,0.04209778179844086,0.009348468269451755,0.0372956002875488,-0.010921351686519089,0.05336791761223807,-0.0027303379216297723,0.04002593820917853,0.0013229118494016453,0.0013229118494016453,0.0010299518674984584,0.4410568245369812,0.10682959519099164,0.032553215144248464,0.0,0.0,0.035297513377793785,0.0,0.0,0.0,0.045937212944271465,0.0,0.036,0.1865,-0.006016082078632381,-0.0037632651006182035,-0.002252816978014178,0.3083852634247807,0.27002734939257306,0.0383579140322076,0.8998510837554932,0.1522911787033081,2303,8958,0,0.04517203817764918,0.7374198602305518,0.01,0.5454389452934265,0.679802417755127,0.5001044273376465,0.6776066422462463,3.4188435077667236,-0.017249269410967827,0.27797845005989075,0.23018531501293182,0.002940218611911405,0.03226193406929572,0.15795702847341697,13,8,11261,2303,8958,0.060243470120943846,0.804722118537857,434.64295988904007,rolling40_success_then_profit,0.8090170446565853,426.4274338231447,40,True,0.813759199860258,426.2279641156091,False,cuda,134.8876953125
101,142,200,True,275,275,1087,718,369,113,256,0.33946642134314625,0.10395584176632934,0.23551057957681693,0.4986072423398329,1.8746518105849581,0.7358440480981032,14.78575365523442,26.741358590771476,0.5330853645551684,0.4631417633597233,0.027854463765216074,0.12231238818828608,0.03139520466423653,0.17189524345836682,0.4641036622662066,0.014270296027173073,0.15819126998222222,0.05628032963265714,0.14372120943947755,-0.0009618989064832939,0.013584167738043001,-0.03587888179393614,-0.02488512496842061,0.028174034018889266,9.388224471021159,9.388224471021159,7.022079116835327,0.40202391904323825,0.09463686610301869,0.28189469237488596,0.05449980229323383,-0.062186962217795315,-0.10843765840772818,254,21,0.9236363636363636,0.07636363636363637,3,0.01090909090909091,0,21,1.0,-5.41093544150268,-5.221616453602908,-0.18931898789977056,13.396551363223223,0.535862054528929,-0.24,-0.14400000000000002,-0.34118104242869957,0.0,18,81.92647371975414,0.0,131,24,18,72,0,20,6.923636363636364,6.923636363636364,1.53081876724931,93.81279898221415,45.79065231471262,-6.638420514822961,80.7849271097899,0.9240658165673583,139.60345129692678,0.04690639949110707,0.02289532615735631,0.06980172564846339,0.7572463768115942,0.6966666666666667,209,156,53,67,0,151,90.76011518711582,90.76011518711582,101,50,47,104,30.19999999999995,72.60809214969267,102.80809214969274,0.6010603654775882,40,31,27,27,25.20520380467051,0.0,25.20520380467051,0.0,1.0,0,43,0,5.034881708712937,0,3,36,0.0,-28.355854280254334,52,0,256,113,0,113,256,30,0,4454.273230776363,445.4273230776363,9172.397485250916,917.2397485250916,429.4010369581558,42.94010369581558,5607.246956752504,560.7246956752504,5435.0,543.5,0,0,0.05140404607484638,0.0,0.05140404607484638,0.05140404607484638,0.0,0.0,0.135,-0.0013499999999999955,-0.0010800000000000007,0.0,0.045380057593557906,0.04670404607484634,0.0,2.0758895066740566,0.04836492465521032,0.01209123116380258,0.0071525719983469415,0.02772161191292784,-5.544322382585569e-05,0.06450912675878993,0.14612439677599776,-0.07918971289993162,0.0020471216299991603,0.0,-0.01391837426231943,-0.002574775561719542,-0.0016949999999999962,-0.0005197755617195414,-0.00036000000000000024,0.0,0.0,0.0,0.0,0.0,0.0,0.0,0.06208983401482291,0.0,0.0,0.0,0.0496718672118585,0.041123236859876997,0.008548630351981421,0.037073253297483476,-0.013276841029645922,0.053856618073193266,-0.0033192102574114805,0.04039246355489495,0.0020471216299991603,0.0020471216299991603,0.0010969507403423386,0.43083448234607225,0.10875509555632845,0.04783400367709722,0.0,0.0,0.03150667754270362,0.0,0.0,0.0,0.04670404607484634,0.0,0.0565,0.128,-0.006016082078632381,-0.0037632651006182035,-0.002252816978014178,0.3083852634247807,0.27002734939257306,0.0383579140322076,0.8998510837554932,0.1522911787033081,2303,8958,0,0.04517203817764918,0.7374198602305518,0.01,0.5454389452934265,0.679802417755127,0.5001044273376465,0.6776066422462463,3.4188435077667236,-0.017249269410967827,0.27797845005989075,0.23018531501293182,0.002940218611911405,0.03226193406929572,0.15795702847341697,13,8,11261,2303,8958,0.060243470120943846,0.804722118537857,434.64295988904007,rolling40_success_then_profit,0.8090170446565853,426.4274338231447,40,True,0.813759199860258,426.2279641156091,False,cuda,134.8876953125
102,143,200,True,271,271,1071,744,327,110,217,0.30532212885154064,0.10270774976657329,0.20261437908496732,0.40591397849462363,2.075268817204301,0.7661810702774473,13.957883879702578,28.498878284968356,0.5372937369259401,0.5083153919386928,0.018677925610894798,0.14327045420425072,0.04476995777554049,0.17885324977568642,0.5093242688685335,0.010091915198411513,0.1780782872623193,0.07523651750428446,0.15009594637830492,-0.0010088769298407518,0.008586010412483285,-0.03480783305806859,-0.030466559728743972,0.0287573033973815,10.993464052287582,10.993464052287582,8.30999066293184,0.5443510737628384,0.07400550339318154,0.19354220298774255,0.10581710494399434,-0.07533407527241738,-0.05753989777576001,250,21,0.922509225092251,0.07749077490774908,5,0.01845018450184502,0,21,1.0,-5.862861181358061,-4.935224030911922,-0.9276371504461399,11.34274655286725,0.45370986211469,-0.4,-0.36000000000000004,-0.5493642554097031,-0.07198275715112686,16,73.70813881515784,0.0,139,23,17,62,0,20,7.136531365313653,7.136531365313653,1.6013071895424837,87.50257988454102,38.37738386311723,-6.821913423891037,71.14819354158007,0.9125060399505146,125.87996374765825,0.04375128994227051,0.019188691931558616,0.06293998187382913,0.782608695652174,0.72,216,159,57,60,0,157,76.1689668986841,76.1689668986841,89,68,66,91,31.399999999999977,60.935173518947295,92.33517351894734,0.48515265540563124,41,34,19,19,23.065685559619432,0.0,23.065685559619432,0.0,1.0,0,45,0,6.373785135836993,0,1,43,0.0,-25.948896254571867,57,0,217,110,0,110,217,35,0,4774.20515162058,477.420515162058,9426.279551561602,942.6279551561602,435.1534399751389,43.51534399751389,6009.5937324242295,600.959373242423,5355.0,535.5,0,0,0.04616758675947374,0.0,0.04616758675947374,0.04616758675947374,0.0,0.0,0.095,-0.0009500000000000008,-0.0007600000000000006,0.0,0.03808448344934206,0.03956758675947364,0.0,2.3260597285908173,0.05283533609915798,0.013208834024789494,0.00786454226824644,0.01651005903811071,-3.302011807622143e-05,0.06770208099557853,0.1642839762993418,-0.10907997444626819,0.0024414510217504134,0.0,-0.014536237824741,-0.0025235424088981286,-0.0016499999999999965,-0.0005435424088981273,-0.0003300000000000002,0.0,0.0,0.0,0.0,0.0,0.0,0.0,0.05839340066618679,0.0,0.0,0.0,0.04671472053294957,0.03693406940757882,0.009780651125370665,0.03216314005884463,-0.013643826847782075,0.04743212902772007,-0.0034109567119455187,0.035574096770790035,0.0024414510217504134,0.0024414510217504134,0.0007069760629658901,0.47819827253644837,0.13003384816214766,0.05426328777567742,0.0,0.0,0.02289195087418895,0.0,0.0,0.0,0.03956758675947364,0.0,0.055,0.1085,-0.006016082078632381,-0.0037632651006182035,-0.002252816978014178,0.3083852634247807,0.27002734939257306,0.0383579140322076,0.8998510837554932,0.1522911787033081,2303,8958,0,0.04517203817764918,0.7374198602305518,0.01,0.5454389452934265,0.679802417755127,0.5001044273376465,0.6776066422462463,3.4188435077667236,-0.017249269410967827,0.27797845005989075,0.23018531501293182,0.002940218611911405,0.03226193406929572,0.15795702847341697,13,8,11261,2303,8958,0.060243470120943846,0.804722118537857,434.64295988904007,rolling40_success_then_profit,0.8090170446565853,426.4274338231447,40,True,0.813759199860258,426.2279641156091,False,cuda,134.8876953125
103,144,200,True,303,303,1097,661,436,99,337,0.3974475843208751,0.0902461257976299,0.3072014585232452,0.4629349470499244,1.9954614220877458,0.7475709653883587,14.788158271027765,28.70687935678866,0.5067708098246871,0.5127902632176244,0.02497032386181755,0.12163241882773282,0.022567307688549455,0.19341686978350067,0.5134458684118721,0.014083735044600382,0.15418854840635215,0.0479297409779512,0.16123383448553608,-0.000655605194247677,0.010886588817217168,-0.032556129578619336,-0.025362433289401742,0.032183035297964596,11.046490428441203,11.046490428441203,8.832269826800365,0.4202370100273473,0.19976354444132696,0.05150488382288902,0.06466891170866479,0.03368332813902587,0.008194345394625295,280,23,0.9240924092409241,0.07590759075907591,4,0.013201320132013201,0,23,1.0,-6.035907099348395,-5.492111665457482,-0.5437954338909121,12.792605423626966,0.5117042169450788,-0.32,-0.18000000000000002,-0.48,-0.0754996508359909,19,74.5221421036444,0.0,137,22,13,99,0,22,6.382838283828383,6.382838283828383,1.537830446672744,86.36706104074693,32.04327137566231,-6.105760980061946,72.616785448108,0.92243948834108,118.41033241640923,0.043183530520373464,0.016021635687831152,0.05920516620820462,0.7437722419928826,0.6966666666666667,209,157,52,72,0,154,78.94084703694436,78.94084703694436,91,63,58,96,30.799999999999955,63.15267762955547,93.95267762955558,0.512602902837301,48,37,24,24,30.638002748785613,0.0,30.638002748785613,0.0,1.0,0,52,0,4.865567187031514,0,9,40,0.0,-34.467753092383816,51,0,337,99,0,99,337,36,0,4406.463631395456,440.6463631395456,9185.507861373539,918.5507861373538,379.4612066470581,37.94612066470581,5550.161483296906,555.0161483296906,5485.0,548.5,0,0,0.04697633881477781,0.0,0.04697633881477781,0.04697633881477781,0.0,0.0,0.12,-0.0011999999999999964,-0.0009600000000000008,0.0,0.03947042351847218,0.04117633881477775,0.0,2.1300947469171154,0.049641965463524694,0.012410491365881174,0.007234851483960958,0.05748754654965728,-0.00011497509309931456,0.06609970243133498,0.14550944338174243,-0.08901382043885518,0.0019379956443140345,0.0,-0.012180927481656093,-0.002453058613779031,-0.0014849999999999976,-0.00060305861377903,-0.0003650000000000002,0.0,0.0,0.0,0.0,0.0,0.0,0.0,0.0580718550875595,0.0,0.0,0.0,0.04645748407004766,0.03758107105182211,0.008876413018225547,0.03325551223402307,-0.012211521960123893,0.04841119029873868,-0.0030528804900309733,0.036308392724054,0.0019379956443140345,0.0019379956443140345,0.0006934985540558896,0.45073318018659975,0.12621683376576784,0.032763598232916635,0.0,0.0,0.03208168500139891,0.0,0.0,0.0,0.04117633881477775,0.0,0.0495,0.1685,-0.006016082078632381,-0.0037632651006182035,-0.002252816978014178,0.3083852634247807,0.27002734939257306,0.0383579140322076,0.8998510837554932,0.1522911787033081,2303,8958,0,0.04517203817764918,0.7374198602305518,0.01,0.5454389452934265,0.679802417755127,0.5001044273376465,0.6776066422462463,3.4188435077667236,-0.017249269410967827,0.27797845005989075,0.23018531501293182,0.002940218611911405,0.03226193406929572,0.15795702847341697,13,8,11261,2303,8958,0.060243470120943846,0.804722118537857,434.64295988904007,rolling40_success_then_profit,0.8090170446565853,426.4274338231447,40,True,0.813759199860258,426.2279641156091,False,cuda,134.8876953125
104,145,200,True,287,287,1207,779,428,111,317,0.35459817729908866,0.09196354598177299,0.2626346313173157,0.43902439024390244,2.0269576379974326,0.7513646761933401,14.359689063683096,29.048988804048996,0.5046759255551204,0.47686748922024214,0.013171733420375682,0.13347550448561052,0.04264659174049658,0.1740904797671963,0.4883492827912809,0.006869154854346454,0.16859310915375628,0.07439329875698875,0.14597640355118816,-0.01148179357103879,0.0063025785660292275,-0.03511760466814576,-0.03174670701649217,0.028114076216008144,9.27506213753107,9.27506213753107,6.8475559237779615,0.45981772990886494,0.15011858471432082,0.063924878823034,0.01131956035503722,-0.027575769438893807,-0.06958655102724018,271,16,0.9442508710801394,0.05574912891986063,1,0.003484320557491289,0,16,1.0,-6.433941006716455,-6.488593200072638,0.05465219335618487,10.862491349593517,0.43449965398374074,-0.08,-0.14400000000000002,-0.12,-0.035847460627555845,15,61.126857205317904,0.0,118,28,19,96,0,16,6.7735191637630665,6.7735191637630665,1.4457332228666113,70.74317098082487,35.27953131296384,-7.271331387456546,59.869912230093874,0.8917009725218159,106.02270229378871,0.03537158549041244,0.01763976565648192,0.053011351146894356,0.8505338078291815,0.7966666666666666,239,143,96,42,0,141,63.13571438330923,63.13571438330923,77,64,58,83,28.19999999999996,50.50857150664737,78.70857150664743,0.4477710239951009,25,19,17,17,16.394710693043084,1.0,15.394710693043084,0.0,1.0,1,25,0,4.248918329340339,0,0,20,-1.2000000000000002,-17.319049529673467,95,0,317,111,0,111,317,16,0,3951.4106023034997,395.14106023035,7789.312489259295,778.9312489259295,425.2823672567066,42.52823672567066,4980.05617633727,498.00561763372696,6035.0,603.5,0,0,0.039354285753323726,0.0,0.039354285753323726,0.039354285753323726,0.0,0.0,0.085,-0.0008500000000000006,-0.0006800000000000005,0.0,0.03156785719165461,0.03355428575332368,0.0,1.9227913052912673,0.043717776365596143,0.010929444091399036,0.006358989066738887,0.05401742625470092,-0.00010803485250940185,0.060359674917507725,0.17133142915217314,-0.1219700619657981,0.001731212169331744,0.0,-0.0142960925763811,-0.002722147314409123,-0.0016649999999999966,-0.0006746473144091246,-0.0003825000000000003,0.0,0.0,0.0,0.0,0.0,0.0,0.0,0.04932569499221331,0.0,0.0,0.0,0.039460555993770664,0.031483428602658875,0.007977127391111732,0.026299290421318653,-0.014542662774913092,0.03991327482006258,-0.003635665693728273,0.029934956115046936,0.001731212169331744,0.001731212169331744,0.0004460619438067084,0.43129846637325653,0.1259029333392652,0.051354561232508214,0.0,0.0,0.01641449226019065,0.0,0.0,0.0,0.03355428575332368,0.0,0.0555,0.1585,-0.006016082078632381,-0.0037632651006182035,-0.002252816978014178,0.3083852634247807,0.27002734939257306,0.0383579140322076,0.8998510837554932,0.1522911787033081,2303,8958,0,0.04517203817764918,0.7374198602305518,0.01,0.5454389452934265,0.679802417755127,0.5001044273376465,0.6776066422462463,3.4188435077667236,-0.017249269410967827,0.27797845005989075,0.23018531501293182,0.002940218611911405,0.03226193406929572,0.15795702847341697,13,8,11261,2303,8958,0.060243470120943846,0.804722118537857,434.64295988904007,rolling40_success_then_profit,0.8090170446565853,426.4274338231447,40,True,0.813759199860258,426.2279641156091,False,cuda,134.8876953125
105,146,200,True,274,274,1187,752,435,121,314,0.36647009267059816,0.10193765796124685,0.2645324347093513,0.47606382978723405,1.9574468085106382,0.6958547283082883,16.18487941711507,29.962877981840297,0.47039515175529617,0.4631218138210317,0.012984793801653259,0.09309161712039024,0.05320607443114723,0.19178000266138623,0.467905069562666,0.007684217225958375,0.11950764102128117,0.08372128047259583,0.15305747759795965,-0.004783255741634296,0.005300576575694884,-0.026416023900890928,-0.030515206041448605,0.03872252506342658,8.8955349620893,8.8955349620893,6.6116259477674815,0.413647851727043,0.15232897026524747,0.22394106065790598,0.06393292558592084,-0.048351377192286264,-0.004038579897365564,258,16,0.9416058394160584,0.058394160583941604,0,0.0,0,16,1.0,-6.340822282840378,-6.793215037286274,0.4523927544458959,11.309818861147392,0.4523927544458959,0.0,0.0,0.0,0.0,16,60.72257907179138,0.0,114,31,17,86,0,16,6.981751824817518,6.981751824817518,1.4397641112047177,70.57001572394574,32.611514504653414,-6.704316514650449,58.40756541644841,0.8970339004830956,103.18153022859916,0.035285007861972875,0.016305757252326705,0.05159076511429958,0.818815331010453,0.7833333333333333,235,138,97,52,0,134,62.90003513876833,62.129029799674,76,58,57,77,26.799999999999965,50.32002811101467,77.12002811101476,0.46940324730424127,32,30,20,20,16.970430575239583,0.0,16.970430575239583,0.0,1.0,0,35,0,7.370437842232482,0,1,34,0.0,-19.091734397144528,97,0,314,121,0,121,314,35,0,4095.9769740004544,409.59769740004543,8005.246391010441,800.524639101044,390.082350632822,39.0082350632822,5157.536317048739,515.7536317048739,5935.0,593.5,0,0,0.0385600140555074,0.0,0.0385600140555074,0.0385600140555074,0.0,0.0,0.1,-0.0010000000000000007,-0.0008000000000000006,0.0,0.03145001756938417,0.03245161191986962,0.0,1.9159490690777954,0.04437462689041906,0.011093656722604765,0.00648676502442933,0.04549744411649101,-9.099488823298202e-05,0.05765626603629392,0.16356274367350088,-0.08478990866855488,0.0017113436915978462,0.0,-0.012863169248280923,-0.0029613531486603,-0.0018149999999999954,-0.0007113531486603002,-0.00043500000000000033,0.0,0.0,0.0,0.0,0.0,0.0,0.0,0.04856267588987908,0.0,0.0,0.0,0.03885014071190332,0.030848011244405817,0.008002129467497445,0.025851624450898968,-0.013408633029300898,0.03893837694429894,-0.0033521582573252245,0.029203782708224206,0.0017113436915978462,0.0017113436915978462,0.00052952970293661,0.42168783711844493,0.08824112485823554,0.06872735500167315,0.0,0.0,0.011753640794891398,0.0,0.0,0.0,0.03245161191986962,0.0,0.0605,0.157,-0.004473154339939355,-0.011448016483336687,0.006974862143397331,0.3297548567778186,0.2892106682062149,0.040544188571603676,0.8744158148765564,0.14809435606002808,2247,9257,0,0.04278459201256434,0.7105212908042104,0.01,0.5238351821899414,0.6974474787712097,0.5228851437568665,0.697526216506958,3.3994815349578857,0.02515859343111515,0.2760677933692932,0.5140974521636963,0.0023695067205392805,0.024042241589019173,0.18470974674350338,14,8,11504,2247,9257,0.056863488168682044,0.8110549062197596,422.4541114307464,rolling40_success_then_profit,0.8079694103182009,426.99160148892634,40,True,0.813759199860258,426.2279641156091,False,cuda,139.16162109375
106,147,200,True,272,272,1065,737,328,116,212,0.307981220657277,0.10892018779342723,0.19906103286384977,0.4097693351424695,2.0529172320217097,0.7489068132687456,14.182088005655979,27.40357357643676,0.5162357600942713,0.5138664647552666,0.03029527655692728,0.1522732948280335,0.018528908928363425,0.1978205388748015,0.5159038526474864,0.016907586474755078,0.19482713654318892,0.04005825888141838,0.15702652678985446,-0.002037387892219744,0.013387690082172204,-0.042553841715155416,-0.021529349953054958,0.04079401208494704,12.016901408450705,12.016901408450705,9.322065727699531,0.5314553990610329,0.09479385019985544,0.31464415536802964,0.06772169308433247,-0.08223284093188746,0.002312994132128019,252,20,0.9264705882352942,0.07352941176470588,2,0.007352941176470588,0,20,1.0,-6.135318385467114,-5.884164495021101,-0.2511538904460152,12.094540168349093,0.48378160673396386,-0.16,-0.252,-0.22860569031571742,-0.09432980686426162,18,78.3082906093706,0.0,137,26,17,59,3,20,7.022058823529412,7.022058823529412,1.5568075117370892,90.69885374815593,49.46445409678886,-6.832360783365231,76.70882503260395,0.9182156595380861,140.1633078449448,0.04534942687407796,0.02473222704839443,0.0700816539224724,0.825,0.77,231,162,69,49,0,158,83.85670407714153,83.85670407714153,96,62,56,102,31.59999999999996,67.08536326171321,98.68536326171326,0.5307386333996299,27,18,22,22,18.144009024399875,0.0,18.144009024399875,0.0,1.0,0,29,0,4.214250598381619,0,0,27,0.0,-20.412010152449863,69,0,212,116,0,116,212,17,0,4564.07063765809,456.407063765809,9216.301435726853,921.6301435726853,427.1506294630414,42.715062946304144,5747.580400356281,574.758040035628,5325.0,532.5,0,0,0.04934268163085668,0.0,0.04934268163085668,0.04934268163085668,0.0,0.0,0.11,-0.0010999999999999985,-0.0008800000000000007,0.0,0.04192835203857076,0.04374268163085661,0.0,2.1641161994515232,0.050830706632340544,0.012707676658085136,0.007396535057546022,0.06450035271368613,-0.0001290007054273723,0.06775304290468698,0.16706872570826353,-0.10857231808285707,0.0012668672406910715,0.0,-0.013835118374564265,-0.0028004499568363,-0.0017399999999999959,-0.0006879499568362982,-0.00037250000000000027,0.0,0.0,0.0,0.0,0.0,0.0,0.0,0.06082135758351425,0.0,0.0,0.0,0.04865708606681146,0.03947414530468524,0.009182940762126252,0.03493823212461936,-0.013664721566730462,0.05113921668840268,-0.0034161803916826156,0.03835441251630198,0.0012668672406910715,0.0012668672406910715,0.0009568454380705945,0.47507253708470343,0.1402536260255033,0.04121686108564766,0.0,0.0,0.031557661685020263,0.0,0.0,0.0,0.04374268163085661,0.0,0.058,0.106,-0.004473154339939355,-0.011448016483336687,0.006974862143397331,0.3297548567778186,0.2892106682062149,0.040544188571603676,0.8744158148765564,0.14809435606002808,2247,9257,0,0.04278459201256434,0.7105212908042104,0.01,0.5238351821899414,0.6974474787712097,0.5228851437568665,0.697526216506958,3.3994815349578857,0.02515859343111515,0.2760677933692932,0.5140974521636963,0.0023695067205392805,0.024042241589019173,0.18470974674350338,14,8,11504,2247,9257,0.056863488168682044,0.8110549062197596,422.4541114307464,rolling40_success_then_profit,0.8079694103182009,426.99160148892634,40,True,0.813759199860258,426.2279641156091,False,cuda,139.16162109375
107,148,200,True,277,277,1274,840,434,118,316,0.34065934065934067,0.09262166405023547,0.24803767660910517,0.39166666666666666,2.126190476190476,0.7420166594996339,14.403479505720593,29.79196660458332,0.5002429960103092,0.5077316604909443,0.010725244223361923,0.10882431725927053,0.08622485589058626,0.1924967724430774,0.5207931794048775,0.0046807376978298025,0.1457711315763715,0.15174419186299756,0.1497954519931227,-0.013061518913933146,0.00604450652553212,-0.03694681431710098,-0.0655193359724113,0.0427013204499547,10.569073783359498,10.569073783359498,7.974097331240189,0.5313971742543171,0.1520129302471142,0.02647540256416789,-0.010585768711931483,-0.026780967500142108,-0.03399662191140323,263,14,0.9494584837545126,0.05054151624548736,2,0.007220216606498195,0,14,1.0,-7.33695108992182,-7.1004592587798765,-0.23649183114194341,8.901586844872469,0.3560634737948988,-0.16,-0.21600000000000003,-0.19649780090876034,-0.020057504028081895,12,51.660589010755515,0.0,103,33,26,91,0,14,6.9169675090252705,6.9169675090252705,1.3689167974882261,59.868847273652555,21.963635815466617,-7.5338513478065865,47.17484367288268,0.8622915179212829,81.83248308911917,0.029934423636826277,0.010981817907733308,0.040916241544559584,0.8345323741007195,0.7733333333333333,232,136,96,46,0,133,48.469670329305494,48.469670329305494,57,76,74,59,26.59999999999997,38.7757362634444,65.37573626344442,0.36443361149853754,28,24,18,18,15.713205786319536,0.0,15.713205786319536,0.0,1.0,0,32,0,6.426137671658256,0,0,31,0.0,-17.67735650960948,96,0,316,118,0,118,316,28,0,3714.5569439849833,371.45569439849834,7105.468031977389,710.5468031977389,436.96221308854734,43.69622130885473,4680.316981088741,468.03169810887414,6370.0,637.0,0,0,0.032687868131722225,0.0,0.032687868131722225,0.032687868131722225,0.0,0.0,0.09,-0.0009000000000000006,-0.0007200000000000004,0.0,0.02423483516465275,0.0252878681317222,0.0,1.7836719036277937,0.042362343557277415,0.010590585889319354,0.006162027650199592,0.05241502190377287,-0.00010483004380754575,0.05679565478245237,0.20630089785919015,-0.1610008722268449,0.00270377697776367,0.0,-0.015280149706000728,-0.0027494432919857635,-0.0017699999999999958,-0.000616943291985762,-0.00036250000000000025,0.0,0.0,0.0,0.0,0.0,0.0,0.0,0.042273623977233984,0.0,0.0,0.0,0.03381889918178722,0.026150294505377716,0.00766860467640948,0.019820496162538056,-0.015067702695613173,0.03144989578192179,-0.0037669256739032934,0.02358742183644134,0.00270377697776367,0.00270377697776367,0.0005395535709336403,0.44046774999575383,0.11279329961532282,0.10965059930883805,0.0,0.0,0.006980732580590285,0.0,0.0,0.0,0.0252878681317222,0.0,0.059,0.158,-0.004473154339939355,-0.011448016483336687,0.006974862143397331,0.3297548567778186,0.2892106682062149,0.040544188571603676,0.8744158148765564,0.14809435606002808,2247,9257,0,0.04278459201256434,0.7105212908042104,0.01,0.5238351821899414,0.6974474787712097,0.5228851437568665,0.697526216506958,3.3994815349578857,0.02515859343111515,0.2760677933692932,0.5140974521636963,0.0023695067205392805,0.024042241589019173,0.18470974674350338,14,8,11504,2247,9257,0.056863488168682044,0.8110549062197596,422.4541114307464,rolling40_success_then_profit,0.8079694103182009,426.99160148892634,40,True,0.813759199860258,426.2279641156091,False,cuda,139.16162109375
108,149,200,True,294,294,1065,681,384,91,293,0.36056338028169016,0.08544600938967137,0.27511737089201876,0.47723935389133626,1.9280469897209986,0.7645175935544631,14.059110243765092,30.576624338847424,0.5030625796978433,0.4756527403246464,0.02387435615018951,0.10890536894269627,0.03910634195823195,0.18338887517377406,0.4807071552096309,0.014317400775379371,0.13594800303997842,0.07141606034861438,0.14927066422222118,-0.005054414884984537,0.009556955374810138,-0.02704263409728215,-0.03230971839038243,0.034118210951552874,9.099530516431924,9.099530516431924,6.790610328638498,0.4460093896713615,0.11849100912332751,0.2882804384054667,0.03406524896742173,-0.04354510252003675,-0.09581483642372969,270,24,0.9183673469387755,0.08163265306122448,4,0.013605442176870748,0,24,1.0,-5.853257335425394,-5.45240731909871,-0.4008500163266836,13.063791827088142,0.522551673083526,-0.32,-0.10799999999999998,-0.48,-0.015401689410209656,20,80.68996059388502,0.0,134,24,17,86,0,23,6.598639455782313,6.598639455782313,1.5624413145539906,93.79885127550145,58.25361688450893,-5.536868698751909,80.52532478348921,0.9356643320984558,152.0524681600104,0.04689942563775072,0.029126808442254466,0.0760262340800052,0.8591549295774648,0.8133333333333334,244,161,83,40,0,159,88.9144429440333,88.32806342794528,108,51,47,112,31.79999999999996,71.13155435522665,102.93155435522677,0.5592103329813415,24,19,16,16,14.875412622425229,0.0,14.875412622425229,0.0,1.0,0,27,0,5.33776245339909,0,3,23,0.0,-16.734839200228382,83,0,293,91,0,91,293,20,0,4564.934579192176,456.4934579192176,9394.126673839353,939.4126673839353,382.88517090815645,38.288517090815645,5746.330154029328,574.6330154029328,5325.0,532.5,0,0,0.05146577717761342,0.0,0.05146577717761342,0.05146577717761342,0.0,0.0,0.08,-0.0008000000000000006,-0.0006400000000000005,0.0,0.044457221472016646,0.04643122537117816,0.0,2.228637395581617,0.051504060413526155,0.012876015103381539,0.007252324484481334,0.12983629636518262,-0.0002596725927303653,0.06826919888437595,0.1387907784589014,-0.0765665990237265,0.002583646848967864,0.0,-0.012457658794117319,-0.0021492811509369195,-0.0013649999999999984,-0.0004767811509369202,-0.0003075000000000002,0.0,0.0,0.0,0.0,0.0,0.0,0.0,0.06328211968826439,0.0,0.0,0.0,0.05062569575061162,0.0411726217420906,0.009453074008520974,0.037494228042368696,-0.011073737397503818,0.05368354985565949,-0.0027684343493759546,0.04026266239174461,0.002583646848967864,0.002583646848967864,0.0007790796420350664,0.44066890824505295,0.10452470507922697,0.0611199374775948,0.0,0.0,0.023664406498600247,0.0,0.0,0.0,0.04643122537117816,0.0,0.0455,0.1465,-0.004473154339939355,-0.011448016483336687,0.006974862143397331,0.3297548567778186,0.2892106682062149,0.040544188571603676,0.8744158148765564,0.14809435606002808,2247,9257,0,0.04278459201256434,0.7105212908042104,0.01,0.5238351821899414,0.6974474787712097,0.5228851437568665,0.697526216506958,3.3994815349578857,0.02515859343111515,0.2760677933692932,0.5140974521636963,0.0023695067205392805,0.024042241589019173,0.18470974674350338,14,8,11504,2247,9257,0.056863488168682044,0.8110549062197596,422.4541114307464,rolling40_success_then_profit,0.8079694103182009,426.99160148892634,40,True,0.813759199860258,426.2279641156091,False,cuda,139.16162109375
109,150,200,True,284,284,1340,845,495,111,384,0.3694029850746269,0.08283582089552238,0.2865671641791045,0.4378698224852071,2.0272189349112426,0.74010624744483,14.51856039938842,33.48149040863359,0.48043024403491874,0.5065093614998654,0.006701040982142002,0.11532816245005681,0.06671447162213322,0.19511999808824979,0.5214901684303961,0.00335040949064599,0.14449267472366434,0.1236031892274082,0.15070349809730194,-0.014980806930530721,0.0033506314914960125,-0.02916451227360753,-0.05688871760527499,0.04441649999094785,10.815671641791045,10.815671641791045,8.39776119402985,0.49328358208955225,0.08835558466829624,0.20146532404092768,0.020808446393412477,-0.07515660608321154,-0.05931486991245757,273,11,0.9612676056338029,0.03873239436619718,1,0.0035211267605633804,0,11,1.0,-7.350696270250308,-7.390683987736696,0.039987717486388075,7.62618930760918,0.30504757230436724,-0.08,-0.108,-0.07705985481797918,0.0,10,47.07701332863391,0.0,94,32,25,112,0,11,6.697183098591549,6.697183098591549,1.3141791044776119,53.46333942945911,22.47298127824974,-7.501886877945407,42.70080119146112,0.8505680240154899,75.93632070770886,0.026731669714729556,0.01123649063912487,0.03796816035385443,0.8339350180505415,0.77,231,127,104,46,0,124,43.80783332599047,43.80783332599047,51,73,71,53,24.799999999999972,35.04626666079239,59.84626666079242,0.353288978435407,20,18,26,26,11.311940475791967,0.0,11.311940475791967,0.0,1.0,0,24,0,6.242488146405522,0,4,18,0.0,-12.725933035265962,102,0,384,111,0,111,384,19,0,3538.467193253876,353.8467193253876,6328.957755914118,632.8957755914118,411.6926294775916,41.16926294775916,4458.242291852313,445.82422918523133,6700.0,670.0,0,0,0.02992313333039624,0.0,0.02992313333039624,0.02992313333039624,0.0,0.0,0.13,-0.0012999999999999943,-0.0010400000000000008,0.0,0.02190391666299524,0.0228231333303962,0.0,1.6659574915259265,0.039425068280653855,0.009856267070163464,0.00564406746391122,0.07531404412062585,-0.00015062808824125174,0.0531644281498808,0.2079644530293166,-0.1719252644610434,0.0020603223873805086,0.0,-0.014762311120752101,-0.0026484055045098765,-0.0016649999999999966,-0.0006259055045098771,-0.0003575000000000003,0.0,0.0,0.0,0.0,0.0,0.0,0.0,0.038328772312318446,0.0,0.0,0.0,0.030663017849854705,0.023938506664316902,0.006724511185537788,0.017599457156757876,-0.015003773755890813,0.028467200794307403,-0.0037509434389727033,0.021350400595730557,0.0020603223873805086,0.0020603223873805086,0.0005037896644820769,0.4213316258176187,0.1091267649868468,0.08336054701819838,0.0,0.0,0.0055287094000612364,0.0,0.0,0.0,0.0228231333303962,0.0,0.0555,0.192,-0.004473154339939355,-0.011448016483336687,0.006974862143397331,0.3297548567778186,0.2892106682062149,0.040544188571603676,0.8744158148765564,0.14809435606002808,2247,9257,0,0.04278459201256434,0.7105212908042104,0.01,0.5238351821899414,0.6974474787712097,0.5228851437568665,0.697526216506958,3.3994815349578857,0.02515859343111515,0.2760677933692932,0.5140974521636963,0.0023695067205392805,0.024042241589019173,0.18470974674350338,14,8,11504,2247,9257,0.056863488168682044,0.8110549062197596,422.4541114307464,rolling40_success_then_profit,0.8079694103182009,426.99160148892634,40,True,0.813759199860258,426.2279641156091,False,cuda,139.16162109375
110,151,200,True,298,298,1069,665,404,83,321,0.37792329279700654,0.07764265668849392,0.30028063610851263,0.5263157894736842,1.8827067669172932,0.7464929310899032,14.156113842555454,27.75137454679138,0.47406976292753605,0.49957838836020996,0.040606975813109174,0.15150420794585592,0.03747686864738178,0.18823961655616311,0.4937361277135691,0.027185997817861407,0.17855930143084967,0.05143363489524314,0.1581671764387896,0.00584226064664084,0.013420977995247767,-0.027055093484993742,-0.013956766247861366,0.030072440117373506,10.53133769878391,10.53133769878391,8.4555659494855,0.3985032740879326,0.15721706123391146,0.07863020419132129,-0.0014534249338522432,-0.04962089721458779,-0.06563567928807144,275,23,0.9228187919463087,0.07718120805369127,3,0.010067114093959731,0,23,1.0,-6.036787840504992,-5.841761807501315,-0.1950260330036777,14.024349174908053,0.5609739669963224,-0.24,-0.15600000000000003,-0.36,0.0,20,89.83905899333462,0.0,130,26,19,90,0,23,6.426174496644295,6.426174496644295,1.5556594948550047,101.42010977792751,39.13063132665325,-5.170854711637167,90.59640038188759,0.9460060256860512,140.55074110458077,0.050710054888963754,0.019565315663326626,0.07027537055229038,0.675,0.63,189,153,36,91,0,150,103.12352967708533,103.12352967708533,116,34,33,117,29.999999999999964,82.4988237416682,112.49882374166835,0.6874901978472355,60,49,31,31,41.15103497208638,0.0,41.15103497208638,0.0,1.0,0,65,0,4.003898121014374,0,6,57,0.0,-46.29491434359719,36,0,321,83,0,83,321,38,0,4533.134398096578,453.3134398096578,9436.743723437827,943.6743723437827,371.5602903260957,37.15602903260957,5706.353198002609,570.635319800261,5345.0,534.5,0,0,0.056249411870834175,0.0,0.056249411870834175,0.056249411870834175,0.0,0.0,0.155,-0.0015499999999999889,-0.0012400000000000009,0.0,0.051561764838542676,0.05294941187083415,0.0,2.178472438663631,0.04990670647603903,0.012476676619009757,0.007448188383757608,0.010263739161816375,-2.0527478323632752e-05,0.0646591251158654,0.1414171024321403,-0.08866929956203443,0.002413588112058381,0.0,-0.011463868803702214,-0.0020174589522696483,-0.0012449999999999991,-0.0005349589522696484,-0.0002375000000000002,0.0,0.0,0.0,0.0,0.0,0.0,0.0,0.0671555610115201,0.0,0.0,0.0,0.05372444880921633,0.04499952949666727,0.00872491931254894,0.04271277283512517,-0.010341709423274335,0.06039760025459174,-0.0025854273558185837,0.04529820019094379,0.002413588112058381,0.002413588112058381,0.0008210494532187783,0.42704811013457694,0.12701931917083725,0.028972730514991805,0.0,0.0,0.0502015417524145,0.0,0.0,0.0,0.05294941187083415,0.0,0.0415,0.1605,-0.004473154339939355,-0.011448016483336687,0.006974862143397331,0.3297548567778186,0.2892106682062149,0.040544188571603676,0.8744158148765564,0.14809435606002808,2247,9257,0,0.04278459201256434,0.7105212908042104,0.01,0.5238351821899414,0.6974474787712097,0.5228851437568665,0.697526216506958,3.3994815349578857,0.02515859343111515,0.2760677933692932,0.5140974521636963,0.0023695067205392805,0.024042241589019173,0.18470974674350338,14,8,11504,2247,9257,0.056863488168682044,0.8110549062197596,422.4541114307464,rolling40_success_then_profit,0.8079694103182009,426.99160148892634,40,True,0.813759199860258,426.2279641156091,False,cuda,139.16162109375
111,152,200,True,278,278,1146,748,398,107,291,0.3472949389179756,0.09336823734729494,0.25392670157068065,0.42914438502673796,2.03475935828877,0.7332086921096804,14.589237455378242,27.025900827770563,0.5272337722404203,0.4738587056769725,0.019151555025641292,0.12057334227975518,0.02869021854572556,0.1717109032059935,0.4766461580872217,0.011779145387444585,0.15734235756285986,0.05375362574346961,0.14433634913909962,-0.0027874524102491915,0.007372409638196707,-0.03676901528310468,-0.025063407197744053,0.027374554066893875,9.222513089005236,9.222513089005236,6.819371727748691,0.468586387434555,0.05867657500575038,0.26401259562975316,0.060667337963061015,-0.052283713328057556,-0.07785312546202919,260,18,0.935251798561151,0.06474820143884892,0,0.0,0,18,1.0,-6.1549252841598125,-6.639997497498983,0.4850722133391717,12.126805333479293,0.4850722133391717,0.0,0.0,0.0,0.0,18,68.06617132157092,0.0,122,29,15,81,3,18,6.931654676258993,6.931654676258993,1.493019197207679,78.18660553876245,35.21193803901254,-7.461299081930501,66.5961157280312,0.8992498036681823,113.39854357777499,0.03909330276938122,0.017605969019506267,0.05669927178888749,0.7958477508650519,0.7666666666666667,230,145,85,59,0,140,72.10339268995455,72.10339268995455,86,54,51,89,27.999999999999964,57.68271415196364,85.68271415196368,0.5150242334996753,34,24,25,25,21.264780984078335,0.0,21.264780984078335,0.0,1.0,0,38,0,5.101838527124688,0,6,26,0.0,-23.92287860708813,85,0,291,107,0,107,291,27,0,4316.11010498564,431.611010498564,8649.284327369223,864.9284327369223,420.6285634911847,42.06285634911847,5435.0503897914205,543.505038979142,5730.0,573.0,0,0,0.04284135707598185,0.0,0.04284135707598185,0.04284135707598185,0.0,0.0,0.125,-0.0012499999999999953,-0.0010000000000000007,0.0,0.03605169634497726,0.03774135707598181,0.0,2.0281688221699525,0.04575868064363613,0.011439670160909033,0.006656053409372314,0.05628523628222959,-0.00011257047256445918,0.06010907654471061,0.16195966614315213,-0.0976089296620089,0.0011037399524190447,0.0,-0.014340758613383166,-0.0025594176332929207,-0.0016049999999999968,-0.000621917633292919,-0.0003325000000000002,0.0,0.0,0.0,0.0,0.0,0.0,0.0,0.052918456764326306,0.0,0.0,0.0,0.04233476541146116,0.03427308566078539,0.008061679750675687,0.02956740832305035,-0.014922598163861002,0.044397410485354144,-0.0037306495409652504,0.033298057864015594,0.0011037399524190447,0.0011037399524190447,0.0005225382784381522,0.43005461974772086,0.1151574959173894,0.045222879200662196,0.0,0.0,0.022347867116033253,0.0,0.0,0.0,0.03774135707598181,0.0,0.0535,0.1455,-0.004473154339939355,-0.011448016483336687,0.006974862143397331,0.3297548567778186,0.2892106682062149,0.040544188571603676,0.8744158148765564,0.14809435606002808,2247,9257,0,0.04278459201256434,0.7105212908042104,0.01,0.5238351821899414,0.6974474787712097,0.5228851437568665,0.697526216506958,3.3994815349578857,0.02515859343111515,0.2760677933692932,0.5140974521636963,0.0023695067205392805,0.024042241589019173,0.18470974674350338,14,8,11504,2247,9257,0.056863488168682044,0.8110549062197596,422.4541114307464,rolling40_success_then_profit,0.8079694103182009,426.99160148892634,40,True,0.813759199860258,426.2279641156091,False,cuda,139.16162109375
112,153,200,True,270,270,1111,738,373,103,270,0.3357335733573357,0.0927092709270927,0.24302430243024303,0.4715447154471545,1.934959349593496,0.7557640016926983,14.082634372762872,27.856454373294422,0.5065491963268425,0.45808528101218104,0.016285959318239836,0.10541917282209648,0.07190434761133378,0.1697422881991802,0.4655460856027073,0.008631367289377906,0.14213714741806432,0.10569328951556614,0.1414294826689613,-0.007460804590526282,0.00765459202886193,-0.036717974595967845,-0.03378894190423236,0.028312805530218893,8.673267326732674,8.673267326732674,6.285328532853286,0.4383438343834383,0.07031422406693393,0.1821111430533432,0.056706270531627745,-0.08290757038247663,-0.09340889078715002,250,20,0.9259259259259259,0.07407407407407407,2,0.007407407407407408,0,20,1.0,-5.887357032138504,-5.898893941491838,0.011536909353333902,13.002699493159806,0.5201079797263923,-0.16,-0.084,-0.24,-0.024571070373058317,18,58.97257705596323,0.0,120,27,16,76,1,20,7.0777777777777775,7.0777777777777775,1.503150315031503,70.95483105666544,31.74558492950912,-6.324842512504562,57.47932917220961,0.9008710191590837,102.70041598617456,0.03547741552833272,0.01587279246475456,0.05135020799308728,0.8461538461538461,0.8066666666666666,242,147,95,44,0,142,61.53673455574611,60.01965164994253,71,71,65,77,28.399999999999967,49.22938764459688,77.62938764459697,0.43335728560384584,31,25,13,13,18.252357093507477,1.0,17.25235709350748,0.0,1.0000000000000002,1,35,0,5.804880301675692,0,1,34,-1.2000000000000002,-19.408901730195915,93,0,270,103,0,103,270,31,0,4469.0780832879145,446.9078083287915,8889.803686256346,888.9803686256346,408.1473678987555,40.814736789875546,5624.11651376355,562.4116513763549,5555.0,555.5,0,0,0.03881469382229851,0.0,0.03881469382229851,0.03881469382229851,0.0,0.0,0.065,-0.0006500000000000004,-0.0005200000000000004,0.0,0.030768367277873056,0.03150786065997701,0.0,2.0715872576882606,0.047343249102659815,0.011835812275664954,0.006811692121496044,0.08615269006976686,-0.0001723053801395337,0.06121000609640206,0.1501702608993342,-0.09279127944977099,0.0025687052174592825,0.0,-0.01359393843834176,-0.0024187027214454078,-0.0015449999999999973,-0.0005512027214454083,-0.00032250000000000025,0.0,0.0,0.0,0.0,0.0,0.0,0.0,0.049828200717823824,0.0,0.0,0.0,0.03986256057425908,0.03105175505783867,0.008810805516420354,0.025577243329852475,-0.012649685025009124,0.03831955278147307,-0.003162421256252281,0.028739664586104805,0.0025687052174592825,0.0025687052174592825,0.0006358954177796843,0.44251420423243654,0.10944742406920323,0.07564567009967721,0.0,0.0,0.020551863302380936,0.0,0.0,0.0,0.03150786065997701,0.0,0.0515,0.135,-0.004473154339939355,-0.011448016483336687,0.006974862143397331,0.3297548567778186,0.2892106682062149,0.040544188571603676,0.8744158148765564,0.14809435606002808,2247,9257,0,0.04278459201256434,0.7105212908042104,0.01,0.5238351821899414,0.6974474787712097,0.5228851437568665,0.697526216506958,3.3994815349578857,0.02515859343111515,0.2760677933692932,0.5140974521636963,0.0023695067205392805,0.024042241589019173,0.18470974674350338,14,8,11504,2247,9257,0.056863488168682044,0.8110549062197596,422.4541114307464,rolling40_success_then_profit,0.8079694103182009,426.99160148892634,40,True,0.813759199860258,426.2279641156091,False,cuda,139.16162109375
113,154,200,True,267,267,1121,774,347,124,223,0.3095450490633363,0.11061552185548618,0.19892952720785012,0.4715762273901809,1.945736434108527,0.7242533749965734,15.0499375291573,28.998617846605388,0.5194546784507712,0.4613806870826147,0.02113323848338398,0.15105717412607614,0.034865348131783325,0.16421403351555114,0.4653726662545241,0.011171398210298337,0.18398497929888025,0.06490393456607667,0.1390656732884296,-0.00399197917190941,0.009961840273085644,-0.03292780517280411,-0.030038586434293343,0.025148360227121552,9.15878679750223,9.15878679750223,6.607493309545049,0.45495093666369313,0.13688491365671926,0.12531064082889662,0.011298787772018464,-0.04578828826627353,-0.039212622660447116,245,22,0.9176029962546817,0.08239700374531835,5,0.018726591760299626,0,22,1.0,-7.026804160631978,-6.161548914611335,-0.8652552460206417,12.208974752394187,0.48835899009576755,-0.4,-0.30000000000000004,-0.6,-0.053614236116409295,17,70.29421785627642,0.0,127,29,15,62,2,22,7.235955056179775,7.235955056179775,1.5066904549509366,80.61786104479582,34.23368785053777,-7.493687227779714,68.73104584953984,0.9016895576376975,114.8515488953336,0.04030893052239791,0.017116843925268885,0.0574257744476668,0.7801418439716312,0.7333333333333333,220,149,71,62,0,145,75.32187956558485,74.33471540043189,91,54,53,92,28.999999999999964,60.25750365246789,89.25750365246799,0.5194612383833438,39,31,23,23,24.003262907753182,0.0,24.003262907753182,0.0,1.0,0,41,0,5.238851086119008,0,3,34,0.0,-27.003670771222325,69,0,223,124,0,124,223,30,0,4288.39430839335,428.839430839335,8785.039703281494,878.5039703281494,440.775802474286,44.0775802474286,5399.623187634137,539.9623187634137,5620.0,562.0,0,0,0.044628751826234006,0.0,0.044628751826234006,0.044628751826234006,0.0,0.0,0.115,-0.0011499999999999974,-0.0009200000000000007,0.0,0.037660939782792426,0.03883388616017277,0.0,2.0412935527581353,0.04807874048569183,0.012019685121422957,0.006986811072853777,0.06282776410164212,-0.00012565552820328424,0.062253540299738626,0.1603587450202387,-0.09969081504612971,0.0013060681412148851,0.0,-0.014620288022388855,-0.0028211310065960867,-0.0018599999999999951,-0.0005411310065960853,-0.00042000000000000034,0.0,0.0,0.0,0.0,0.0,0.0,0.0,0.05537278141945355,0.0,0.0,0.0,0.044298225135562946,0.03570300146098711,0.008595223674575757,0.030618679310880036,-0.014987374455559428,0.04582069723302653,-0.003746843613889857,0.03436552292476992,0.0013060681412148851,0.0013060681412148851,0.0008518793618927398,0.44357170152611197,0.14403782410316895,0.052439773047393785,0.0,0.0,0.023464402399295044,0.0,0.0,0.0,0.03883388616017277,0.0,0.062,0.1115,-0.024711240711298564,-0.02438945991937847,-0.00032178079192009235,0.3104085925138659,0.27140386899312335,0.039004723520742524,0.8963942527770996,0.15527063608169556,2239,8969,0,0.036666943381230034,0.7240172333187527,0.01,0.5287933945655823,0.6954329609870911,0.5212478637695312,0.6950607895851135,3.464265823364258,0.015698404982686043,0.27981624007225037,0.3839893043041229,0.002625310873554554,0.02961273259586758,0.16493264382912054,15,8,11208,2239,8969,0.06104801856976772,0.8178636516425385,438.569786518994,rolling40_success_then_profit,0.8136053932003844,430.06662625892506,40,True,0.813759199860258,430.06662625892506,True,cuda,134.9443359375
114,155,200,True,294,294,1051,690,361,84,277,0.3434823977164605,0.07992388201712655,0.263558515699334,0.4101449275362319,2.082608695652174,0.7716393702272056,13.604517798492873,31.170833995722344,0.48908619330851133,0.5412630290224932,0.029535651800857075,0.13905772140816502,0.03513950487139864,0.20457508048933484,0.5401823454361031,0.015714044226468472,0.17657080145039852,0.05922018726309086,0.16212361370199832,0.0010806835863901298,0.013821607574388602,-0.0375130800422335,-0.02408068239169222,0.04245146678733652,12.431018078020932,12.431018078020932,9.82778306374881,0.5413891531874405,0.12668951357680425,0.2090665572173886,-0.04468211586352909,-0.06744546005486175,-0.09786450764211457,272,22,0.9251700680272109,0.07482993197278912,3,0.01020408163265306,0,22,1.0,-5.5324935923729495,-5.243733918368814,-0.28875967400413544,13.702135755743983,0.5480854302297595,-0.24,-0.216,-0.3074104673430068,-0.07343463689088822,19,84.4791964615397,0.0,142,21,17,82,1,21,6.554421768707483,6.554421768707483,1.5784966698382492,98.02684243326648,48.92862404850787,-5.71311750512075,83.02548504424063,0.9356185770229727,146.95546648177435,0.04901342121663324,0.024464312024253934,0.07347773324088717,0.7816901408450704,0.74,222,169,53,62,0,165,92.2487444711558,92.2487444711558,105,60,56,109,32.99999999999996,73.7989955769246,106.79899557692467,0.5590832998251867,39,30,23,23,25.229994213877355,0.0,25.229994213877355,0.0,1.0,0,42,0,4.604604698621957,0,2,35,0.0,-28.383743490612034,51,0,277,84,0,84,277,26,0,4619.294918534838,461.9294918534838,9480.537808296704,948.0537808296704,392.9579749462234,39.295797494622335,5816.946949692212,581.6946949692212,5255.0,525.5,0,0,0.05339949778846234,0.0,0.05339949778846234,0.05339949778846234,0.0,0.0,0.115,-0.0011499999999999974,-0.0009200000000000007,0.0,0.04612437223557792,0.04779949778846231,0.0,2.1879131426360443,0.05223583902743702,0.013058959756859254,0.00755082557436475,0.07943626464849453,-0.00015887252929698906,0.07061782058110412,0.15911121129172892,-0.1116197235044941,0.002151363040405712,0.0,-0.012271617220052815,-0.0020827396702472476,-0.0012599999999999992,-0.0005852396702472482,-0.0002375000000000002,0.0,0.0,0.0,0.0,0.0,0.0,0.0,0.06514958501602454,0.0,0.0,0.0,0.05211966801281972,0.04271959823076979,0.009400069782049832,0.038656183769559926,-0.0114262350102415,0.05535032336282704,-0.002856558752560375,0.04151274252212031,0.002151363040405712,0.002151363040405712,0.0009651230626180761,0.4782327186160544,0.1372072508954634,0.050054338922589175,0.0,0.0,0.025920306677300758,0.0,0.0,0.0,0.04779949778846231,0.0,0.042,0.1385,-0.024711240711298564,-0.02438945991937847,-0.00032178079192009235,0.3104085925138659,0.27140386899312335,0.039004723520742524,0.8963942527770996,0.15527063608169556,2239,8969,0,0.036666943381230034,0.7240172333187527,0.01,0.5287933945655823,0.6954329609870911,0.5212478637695312,0.6950607895851135,3.464265823364258,0.015698404982686043,0.27981624007225037,0.3839893043041229,0.002625310873554554,0.02961273259586758,0.16493264382912054,15,8,11208,2239,8969,0.06104801856976772,0.8178636516425385,438.569786518994,rolling40_success_then_profit,0.8136053932003844,430.06662625892506,40,True,0.813759199860258,430.06662625892506,True,cuda,134.9443359375
115,156,200,True,287,287,1165,741,424,118,306,0.36394849785407724,0.10128755364806867,0.2626609442060086,0.48582995951417,1.9271255060728745,0.7286577679608998,14.788961765737186,28.121011037414696,0.47636976401680103,0.48050559888243194,0.02031784972198579,0.12379904221567387,0.05381601142939607,0.18856744684389568,0.4858941463363959,0.011378857522056652,0.15313903566238732,0.09170718193676337,0.148092489051111,-0.005388547453963943,0.008938992199929137,-0.029339993446713453,-0.0378911705073673,0.04047495779278468,9.76137339055794,9.76137339055794,7.413733905579399,0.45836909871244635,0.12310964049324942,0.2727953451461809,0.0523311913789358,-0.03747041814215183,-0.03467785408954065,270,17,0.9407665505226481,0.059233449477351915,2,0.006968641114982578,0,17,1.0,-6.946899587271018,-6.808624889180059,-0.13827469809095555,10.609339501773192,0.4243735800709278,-0.16,-0.156,-0.24,-0.006648278161883354,15,55.419655294594214,0.0,121,31,18,90,0,17,6.665505226480836,6.665505226480836,1.471244635193133,65.23588931101514,29.818095573304504,-6.861911305117411,51.31751255155982,0.8820560457590391,95.05398488431965,0.032617944655507575,0.014909047786652252,0.04752699244215983,0.8551236749116607,0.8066666666666666,242,149,93,41,0,143,51.84321139780344,51.84321139780344,64,79,75,68,28.599999999999955,41.474569118242755,70.0745691182428,0.3625399398447793,21,18,20,20,13.011116153900339,0.0,13.011116153900339,0.0,1.0,0,25,0,5.081985754533275,0,1,21,0.0,-14.63750567313788,93,0,306,118,0,118,306,16,0,4281.9197538031285,428.19197538031284,8192.136105731723,819.2136105731722,378.66385803920946,37.86638580392095,5389.178722663296,538.9178722663296,5825.0,582.5,0,0,0.03503728455912144,0.0,0.03503728455912144,0.03503728455912144,0.0,0.0,0.1,-0.0010000000000000007,-0.0008000000000000006,0.0,0.025921605698901718,0.027537284559121383,0.0,1.9493805313384633,0.04590560492279266,0.011476401230698164,0.006674390475251831,0.05722136419534604,-0.00011444272839069208,0.06135592263521713,0.16166540860436412,-0.10657940264452398,0.0009572748461622426,0.0,-0.01283599983623259,-0.0028683495318680653,-0.0017699999999999958,-0.0005758495318680664,-0.0005225000000000001,0.0,0.0,0.0,0.0,0.0,0.0,0.0,0.04539924306142875,0.0,0.0,0.0,0.03631939444914307,0.028029827647297032,0.008289566801846022,0.022227800623221185,-0.013723822610234823,0.034211675034373196,-0.0034309556525587057,0.02565875627577991,0.0009572748461622426,0.0009572748461622426,0.0007567920104290053,0.44526441739081,0.12012265892459764,0.08325462192317584,0.0,0.0,0.023448419687299885,0.0,0.0,0.0,0.027537284559121383,0.0,0.059,0.153,-0.024711240711298564,-0.02438945991937847,-0.00032178079192009235,0.3104085925138659,0.27140386899312335,0.039004723520742524,0.8963942527770996,0.15527063608169556,2239,8969,0,0.036666943381230034,0.7240172333187527,0.01,0.5287933945655823,0.6954329609870911,0.5212478637695312,0.6950607895851135,3.464265823364258,0.015698404982686043,0.27981624007225037,0.3839893043041229,0.002625310873554554,0.02961273259586758,0.16493264382912054,15,8,11208,2239,8969,0.06104801856976772,0.8178636516425385,438.569786518994,rolling40_success_then_profit,0.8136053932003844,430.06662625892506,40,True,0.813759199860258,430.06662625892506,True,cuda,134.9443359375
116,157,200,True,284,284,1103,719,384,101,283,0.34814143245693563,0.09156844968268359,0.25657298277425206,0.4617524339360223,1.9944367176634215,0.7208608464131933,15.04261027987378,27.158652863598665,0.5078317559616984,0.47084075083984617,0.030096075537722033,0.11255868093754387,0.032750009629688895,0.17822227413054964,0.4740694727702002,0.016354346785160696,0.14587384339691412,0.06242041525486675,0.14514443965859308,-0.003228721930354006,0.013741728752561338,-0.033315162459370246,-0.029670405625177858,0.03307783447195656,9.019945602901178,9.019945602901178,6.681776971894832,0.43064369900271987,0.09486513494173685,0.3285448542883619,0.054461932854025896,-0.05884227588561612,-0.06175060171338533,265,19,0.9330985915492958,0.06690140845070422,1,0.0035211267605633804,0,19,1.0,-5.5586256467501585,-5.726429330259556,0.1678036835093986,12.433321225394032,0.4973328490157615,-0.08,-0.048,-0.12,-0.08152916550636291,18,78.03109947185254,0.0,137,24,14,78,2,19,6.862676056338028,6.862676056338028,1.5557570262919311,90.87834422173562,51.026983014624996,-5.946692396363222,76.20154217933231,0.9276102228236732,141.90532723636062,0.04543917211086781,0.025513491507312497,0.07095266361818031,0.8333333333333334,0.7666666666666667,230,158,72,46,0,156,84.17359292476957,84.17359292476957,95,61,57,99,31.19999999999996,67.33887433981567,98.53887433981573,0.5395743136203177,28,25,18,18,17.091437127416974,0.0,17.091437127416974,0.0,1.0,0,29,0,5.480155816481094,0,3,25,0.0,-19.227866768344096,71,0,283,101,0,101,283,20,0,4467.642558855038,446.7642558855038,8855.103294797458,885.5103294797458,406.66215561388384,40.666215561388384,5627.878476561406,562.7878476561407,5515.0,551.5,0,0,0.049269437169907886,0.0,0.049269437169907886,0.049269437169907886,0.0,0.0,0.09,-0.0009000000000000007,-0.0007200000000000005,0.0,0.042086796462384765,0.04356943716990781,0.0,2.1826438939071386,0.049879910915403544,0.012469977728850886,0.0072315909496470385,0.06815436547757718,-0.0001363087309551544,0.06679013927258327,0.14654352087347305,-0.08180447547719494,0.002583704729456565,0.0,-0.013277492078738441,-0.0023491101483928255,-0.0015149999999999975,-0.0005366101483928259,-0.0002975000000000002,0.0,0.0,0.0,0.0,0.0,0.0,0.0,0.06070310616780356,0.0,0.0,0.0,0.04856248493424286,0.039415549735926196,0.009146935198316598,0.03512742489148452,-0.011893384792726443,0.05080102811955484,-0.002973346198181611,0.038100771089666155,0.002583704729456565,0.002583704729456565,0.0008785511672620964,0.43503195600292294,0.10567329283497473,0.05033284124553796,0.0,0.0,0.030773584732732655,0.0,0.0,0.0,0.04356943716990781,0.0,0.0505,0.1415,-0.024711240711298564,-0.02438945991937847,-0.00032178079192009235,0.3104085925138659,0.27140386899312335,0.039004723520742524,0.8963942527770996,0.15527063608169556,2239,8969,0,0.036666943381230034,0.7240172333187527,0.01,0.5287933945655823,0.6954329609870911,0.5212478637695312,0.6950607895851135,3.464265823364258,0.015698404982686043,0.27981624007225037,0.3839893043041229,0.002625310873554554,0.02961273259586758,0.16493264382912054,15,8,11208,2239,8969,0.06104801856976772,0.8178636516425385,438.569786518994,rolling40_success_then_profit,0.8136053932003844,430.06662625892506,40,True,0.813759199860258,430.06662625892506,True,cuda,134.9443359375
117,158,200,True,288,288,1112,733,379,91,288,0.3408273381294964,0.08183453237410072,0.2589928057553957,0.41609822646657574,2.0763983628922236,0.74588906277088,14.414763345236993,30.402255007140795,0.5219691685269241,0.519866236316556,0.029752890428205468,0.10360767042561654,0.03209204215614829,0.19567755875298384,0.5198810963725002,0.017007746770571396,0.14688733043492166,0.055050804803851806,0.15744598541474847,-1.4860055944199146e-05,0.012745143657634073,-0.043279660009305124,-0.022958762647703516,0.038231573338235375,10.972122302158274,10.972122302158274,8.450539568345324,0.5071942446043165,0.09309678495541909,0.012730470152987228,0.02342511977214558,-0.009892809868182195,-0.07288024806136269,270,18,0.9375,0.0625,0,0.0,0,18,1.0,-4.574576074232841,-5.084010790288446,0.5094347160556066,12.735867901390167,0.5094347160556066,0.0,0.0,0.0,0.0,18,81.57774067939663,0.0,144,20,14,81,1,18,6.753472222222222,6.753472222222222,1.5521582733812949,95.50788911204279,43.95316946905859,-6.691612250447027,79.43319532861351,0.9223033126163529,139.46105858110138,0.047753944556021395,0.021976584734529292,0.0697305292905507,0.7813620071684588,0.7266666666666667,218,162,56,61,0,161,87.96521981155722,87.96521981155722,104,57,57,104,32.19999999999996,70.37217584924575,102.57217584924582,0.5463678249165045,44,34,17,17,26.58970098587369,0.0,25.58970098587369,1.0,0.9623914537237079,0,47,1,5.506183974298549,0,1,42,0.0,-28.788413609107913,55,0,288,91,0,91,288,36,0,4415.032947060307,441.5032947060307,8794.604030136827,879.4604030136827,419.968741332438,41.9968741332438,5561.95482054098,556.195482054098,5560.0,556.0,0,0,0.05128608792462294,0.0,0.05128608792462294,0.05128608792462294,0.0,0.0,0.085,-0.0008500000000000006,-0.0006800000000000005,0.0,0.0439826099057786,0.045586087924622876,0.0,2.189102301275138,0.04980394331552437,0.012450985828881092,0.007369375627786106,0.027766506040868704,-5.553301208173741e-05,0.06870878664879534,0.16291391055432958,-0.08657729856202658,0.0017097689292561774,0.0,-0.013912850946684449,-0.002126395867982526,-0.0013649999999999984,-0.0004413958679825264,-0.00032000000000000024,0.0,0.0,0.0,0.0,0.0,0.0,0.0,0.06283154074142225,0.0,0.0,0.0,0.050265232593137796,0.04102887033969822,0.00923636225343949,0.03637079153908322,-0.013383224500894053,0.05295546355240899,-0.003345806125223513,0.039716597664306755,0.0017097689292561774,0.0017097689292561774,0.0009437546122943366,0.46090259744039996,0.1161673900954949,0.044767003933685066,0.0,0.0,0.02798254130209816,0.0,0.0,0.0,0.045586087924622876,0.0,0.0455,0.144,-0.024711240711298564,-0.02438945991937847,-0.00032178079192009235,0.3104085925138659,0.27140386899312335,0.039004723520742524,0.8963942527770996,0.15527063608169556,2239,8969,0,0.036666943381230034,0.7240172333187527,0.01,0.5287933945655823,0.6954329609870911,0.5212478637695312,0.6950607895851135,3.464265823364258,0.015698404982686043,0.27981624007225037,0.3839893043041229,0.002625310873554554,0.02961273259586758,0.16493264382912054,15,8,11208,2239,8969,0.06104801856976772,0.8178636516425385,438.569786518994,rolling40_success_then_profit,0.8136053932003844,430.06662625892506,40,True,0.813759199860258,430.06662625892506,True,cuda,134.9443359375
118,159,200,True,259,259,1129,755,374,122,252,0.3312666076173605,0.10806023029229407,0.22320637732506643,0.5072847682119205,1.8609271523178808,0.7292913252746822,14.788946086049869,27.21328536745728,0.5002690819262477,0.4466723411683215,0.014460975178424885,0.11297922690479172,0.03830043705217293,0.1772286723201342,0.4519544000657189,0.007332526144898491,0.14320472477386328,0.0805478508795445,0.13946947946478397,-0.0052820588973974125,0.007128449033526395,-0.03022549786907157,-0.042247413827371565,0.03775919285535023,8.777679362267493,8.777679362267493,6.410097431355181,0.42515500442869797,0.10273246003592965,0.30534468223839845,0.1523065473804728,-0.112902114323494,-0.08459641357209588,239,20,0.9227799227799228,0.07722007722007722,2,0.007722007722007722,0,20,1.0,-6.214532391349043,-6.248965444862837,0.03443305351379366,12.677211397276034,0.5070884558910415,-0.16,-0.048,-0.24,-0.02465540237724781,18,66.74528593598899,0.0,116,30,16,67,0,20,7.386100386100386,7.386100386100386,1.4818423383525243,77.76324266954124,42.455690040719404,-7.02575537896448,65.85941490793178,0.9036051455829882,120.21893271026065,0.03888162133477062,0.021227845020359702,0.06010946635513032,0.8461538461538461,0.77,231,144,87,42,0,139,71.28950927498279,71.28950927498279,85,54,52,87,27.79999999999997,57.03160741998623,84.83160741998628,0.5128741674459194,24,17,18,18,14.55819510066475,0.0,14.55819510066475,0.0,1.0,0,30,0,5.488989232704701,0,2,27,0.0,-16.377969488247846,86,0,252,122,0,122,252,21,0,4442.149769645314,444.21497696453144,8838.274130765829,883.8274130765828,404.5859001943716,40.45859001943716,5591.484075171521,559.1484075171521,5645.0,564.5,0,0,0.04241580370999316,0.0,0.04241580370999316,0.04241580370999316,0.0,0.0,0.09,-0.0009000000000000007,-0.0007200000000000005,0.0,0.035644754637491394,0.03721580370999311,0.0,2.0907057342718423,0.047448108188543704,0.011862027047135926,0.006690472895294733,0.12086067203631905,-0.0002417213440726381,0.0600296160928358,0.15634146384240818,-0.0909124555645044,0.0011741176272755728,0.0,-0.013734660245794601,-0.002778790924842688,-0.0018299999999999955,-0.0005787909248426873,-0.00037000000000000027,0.0,0.0,0.0,0.0,0.0,0.0,0.0,0.05313610941305631,0.0,0.0,0.0,0.0425088875304452,0.033932642967994434,0.008576244562450675,0.02941682976448363,-0.01405151075792896,0.04390627660528784,-0.00351287768948224,0.03292970745396589,0.0011741176272755728,0.0011741176272755728,0.0008247646131490674,0.42377676196268305,0.100720855779656,0.055116867071682715,0.0,0.0,0.02200147060861386,0.0,0.0,0.0,0.03721580370999311,0.0,0.061,0.126,-0.024711240711298564,-0.02438945991937847,-0.00032178079192009235,0.3104085925138659,0.27140386899312335,0.039004723520742524,0.8963942527770996,0.15527063608169556,2239,8969,0,0.036666943381230034,0.7240172333187527,0.01,0.5287933945655823,0.6954329609870911,0.5212478637695312,0.6950607895851135,3.464265823364258,0.015698404982686043,0.27981624007225037,0.3839893043041229,0.002625310873554554,0.02961273259586758,0.16493264382912054,15,8,11208,2239,8969,0.06104801856976772,0.8178636516425385,438.569786518994,rolling40_success_then_profit,0.8136053932003844,430.06662625892506,40,True,0.813759199860258,430.06662625892506,True,cuda,134.9443359375
119,160,200,True,293,293,1092,707,385,117,268,0.3525641025641026,0.10714285714285714,0.2454212454212454,0.4073550212164074,2.0933521923620932,0.7604187279728886,14.118668473930304,29.678891909088744,0.4976107404519488,0.5214038717401078,0.027936971086423838,0.12274943330869226,0.03094436833173922,0.20518513145570708,0.5228241276538692,0.016965638967349473,0.15652953736916123,0.05250668822826562,0.1649710345022707,-0.0014202559137613813,0.010971332119074365,-0.03378010406046897,-0.021562319896526398,0.04021409695343636,10.893772893772894,10.893772893772894,8.392857142857142,0.4990842490842491,0.13866905302548418,0.19002603958605305,0.014560645208508397,-0.05557199811301585,-0.045646675612523925,274,19,0.9351535836177475,0.06484641638225255,2,0.006825938566552901,0,19,1.0,-5.711134366745248,-5.679817910641429,-0.031316456103818946,12.524711078914565,0.5009884431565826,-0.16,-0.084,-0.24,-0.048304899260401726,17,85.16767340157986,0.0,150,26,13,75,0,19,6.546075085324232,6.546075085324232,1.5586080586080586,98.16794116152384,46.10656290595229,-6.583178879662476,82.65679285495958,0.9262306032633083,144.27450406747613,0.04908397058076192,0.023053281452976145,0.07213725203373807,0.7964912280701755,0.7566666666666667,227,169,58,58,0,164,92.3244896899685,92.3244896899685,106,58,57,107,32.79999999999997,73.8595917519748,106.65959175197489,0.5629542054266372,39,30,19,19,26.637378728306466,0.0,26.637378728306466,0.0,1.0,0,40,0,4.09439109552163,0,3,33,0.0,-29.967051069344777,56,0,268,117,0,117,268,27,0,4537.673728453858,453.76737284538575,8813.307982592927,881.3307982592927,403.1844033475356,40.31844033475356,5718.689404248506,571.8689404248506,5460.0,546.0,0,0,0.053329795875987476,0.0,0.053329795875987476,0.053329795875987476,0.0,0.0,0.095,-0.0009500000000000006,-0.0007600000000000006,0.0,0.04616224484498426,0.047629795875987424,0.0,2.1405759345753816,0.05022494855645151,0.012556237139112877,0.007474732693985612,0.015805404966035497,-3.161080993207099e-05,0.06975543847282434,0.16098620908924843,-0.09810949018117177,0.001330736968380535,0.0,-0.012793119764314534,-0.0027612303781286832,-0.001754999999999996,-0.0005462303781286828,-0.0004600000000000003,0.0,0.0,0.0,0.0,0.0,0.0,0.0,0.06490442220516822,0.0,0.0,0.0,0.05192353776413467,0.04266383670078986,0.00925970106334467,0.038036806987648476,-0.013166357759324952,0.05510452856997303,-0.003291589439831238,0.04132839642747979,0.001330736968380535,0.001330736968380535,0.0007430836927021538,0.4720412764903429,0.1213766501946666,0.04944049195700797,0.0,0.0,0.02850350297138039,0.0,0.0,0.0,0.047629795875987424,0.0,0.0585,0.134,-0.024711240711298564,-0.02438945991937847,-0.00032178079192009235,0.3104085925138659,0.27140386899312335,0.039004723520742524,0.8963942527770996,0.15527063608169556,2239,8969,0,0.036666943381230034,0.7240172333187527,0.01,0.5287933945655823,0.6954329609870911,0.5212478637695312,0.6950607895851135,3.464265823364258,0.015698404982686043,0.27981624007225037,0.3839893043041229,0.002625310873554554,0.02961273259586758,0.16493264382912054,15,8,11208,2239,8969,0.06104801856976772,0.8178636516425385,438.569786518994,rolling40_success_then_profit,0.8136053932003844,430.06662625892506,40,True,0.813759199860258,430.06662625892506,True,cuda,134.9443359375
120,161,200,True,267,267,1196,772,424,142,282,0.35451505016722407,0.11872909698996656,0.23578595317725753,0.4417098445595855,2.0142487046632125,0.7437735516481448,14.421803390423868,29.297148964102405,0.4871273567336731,0.4836841432348743,0.007643476080323131,0.15075161675029855,0.06080826439706541,0.18150953284025656,0.4893334337119303,0.004443842572657092,0.17272883763240043,0.11887753501635798,0.13915299357836727,-0.005649290477055979,0.003199633507666039,-0.021977220882101883,-0.05806927061929257,0.04235653926188929,10.082775919732441,10.082775919732441,7.587792642140468,0.48327759197324416,0.029226345849103236,0.21019787423499037,0.029814469556466005,-0.05474618432135284,-0.07315684801700759,249,18,0.9325842696629213,0.06741573033707865,2,0.00749063670411985,0,18,1.0,-6.312468313507169,-6.135426703989501,-0.1770416095176663,11.37565179243665,0.4550260716974659,-0.16,-0.228,-0.2146554220536598,-0.029412259161472318,16,45.43362618728427,0.0,115,28,17,78,1,18,7.119850187265918,7.119850187265918,1.4088628762541806,55.14127492513761,18.906199334519545,-7.240718699086821,39.514355799245884,0.8451351264696407,74.04747425965715,0.027570637462568805,0.009453099667259773,0.03702373712982857,0.8686131386861314,0.7933333333333333,238,141,97,36,0,137,39.61883455973386,37.99004091763166,46,91,86,51,27.399999999999967,31.6950676477871,59.09506764778716,0.28918857342871435,19,12,17,17,11.882166902790678,0.0,11.882166902790678,0.0,1.0,0,22,0,4.97803612121662,0,1,17,0.0,-13.36743776563951,96,0,282,142,0,142,282,18,0,4033.474936773688,403.3474936773688,8234.940140886634,823.4940140886634,400.7292993553784,40.072929935537836,5079.876868658985,507.98768686589847,5980.0,598.0,0,0,0.029547533823893586,0.0,0.029547533823893586,0.029547533823893586,0.0,0.0,0.085,-0.0008500000000000005,-0.0006800000000000005,0.0,0.019809417279866928,0.020096016367052657,0.0,1.893753449619658,0.04360812930067189,0.010902032325167973,0.006246887499111252,0.07972958403380846,-0.00015945916806761693,0.058523396113421694,0.18003314589483832,-0.13444027986916735,0.002106778210437144,0.0,-0.013674993434959924,-0.0032510215262058282,-0.0021299999999999956,-0.0006835215262058285,-0.00043750000000000033,0.0,0.0,0.0,0.0,0.0,0.0,0.0,0.039440106980993886,0.0,0.0,0.0,0.03155208558479507,0.02363802705911478,0.0079140585256803,0.01613681855007952,-0.014481437398173641,0.026342903866163902,-0.0036203593495434104,0.019757177899622943,0.002106778210437144,0.002106778210437144,0.00043723858129233166,0.44006215479200855,0.1413223154318366,0.08256022845284457,0.0,0.0,0.014154043512149663,0.0,0.0,0.0,0.020096016367052657,0.0,0.071,0.141,-0.024711240711298564,-0.02438945991937847,-0.00032178079192009235,0.3104085925138659,0.27140386899312335,0.039004723520742524,0.8963942527770996,0.15527063608169556,2239,8969,0,0.036666943381230034,0.7240172333187527,0.01,0.5287933945655823,0.6954329609870911,0.5212478637695312,0.6950607895851135,3.464265823364258,0.015698404982686043,0.27981624007225037,0.3839893043041229,0.002625310873554554,0.02961273259586758,0.16493264382912054,15,8,11208,2239,8969,0.06104801856976772,0.8178636516425385,438.569786518994,rolling40_success_then_profit,0.8136053932003844,430.06662625892506,40,True,0.813759199860258,430.06662625892506,True,cuda,134.9443359375
121,162,200,True,250,250,1138,806,332,141,191,0.29173989455184535,0.12390158172231985,0.1678383128295255,0.45161290322580644,1.9739454094292803,0.7155423664277599,15.549376493648028,27.222734162459155,0.49747953459400357,0.46174244408867793,0.022796454901804698,0.11501749368527761,0.04160721279003614,0.18458065360775286,0.46669061322957645,0.013643351760196034,0.1463075196907784,0.07402563647978891,0.14592773801931377,-0.004948169140898517,0.009153103141608663,-0.03129002600550079,-0.03241842368975277,0.038652915588439085,9.593145869947277,9.593145869947277,6.972759226713532,0.45254833040421794,0.1121358805816977,0.21572595461901292,0.04228134340205385,-0.06464894349315545,-0.049812168768523256,232,18,0.928,0.072,2,0.008,0,18,1.0,-6.01678843503025,-5.867616948932406,-0.14917148609784414,11.27724065783945,0.45108962631357796,-0.16,-0.192,-0.18329730196754393,-0.06496381044387817,16,77.17776304683446,0.0,131,31,18,42,1,17,7.716,7.716,1.5087873462214412,88.36940477755041,41.769841030937904,-7.52217668799431,75.18468641104621,0.9090501512675363,130.1392458084883,0.044184702388775206,0.020884920515468954,0.06506962290424416,0.7950530035335689,0.75,225,153,72,58,0,150,83.34025476067882,83.34025476067882,97,53,52,98,29.999999999999954,66.67220380854305,96.67220380854309,0.5556016984045254,38,32,20,20,23.01570550410134,0.0,23.01570550410134,0.0,1.0,0,43,0,5.451506152010782,0,3,40,0.0,-25.89266869211401,70,0,191,141,0,141,191,32,0,4272.4094199953515,427.24094199953515,8496.457450269774,849.6457450269775,437.46987201744724,43.74698720174472,5380.209403898947,538.0209403898947,5690.0,569.0,0,0,0.048336101904271574,0.0,0.048336101904271574,0.048336101904271574,0.0,0.0,0.1,-0.0010000000000000007,-0.0008000000000000006,0.0,0.0416701273803394,0.04313610190427152,0.0,2.0348000845170016,0.047055603408040804,0.011763900852010201,0.006987022369759286,0.019315999209420568,-3.8631998418841136e-05,0.06397353578438351,0.17071761564245677,-0.08580506058013,0.0022131049405254895,0.0,-0.014580672928141657,-0.003224136454537426,-0.0021149999999999954,-0.0006341364545374253,-0.0004750000000000004,0.0,0.0,0.0,0.0,0.0,0.0,0.0,0.05906137075786267,0.0,0.0,0.0,0.04724909660629034,0.03866888152341716,0.008580215082873138,0.03383125486152584,-0.01504435337598862,0.05012312427403084,-0.003761088343997155,0.037592343205523106,0.0022131049405254895,0.0022131049405254895,0.0007633777945985402,0.44109851703569236,0.11288647265298307,0.05228275347045679,0.0,0.0,0.024495817256010126,0.0,0.0,0.0,0.04313610190427152,0.0,0.0705,0.0955,0.008144064048272476,0.009397941765685876,-0.0012538777174134004,0.31069590112749945,0.27588833471139274,0.034807566416106724,0.8715465068817139,0.1408502459526062,2162,9363,0,0.037314002464214964,0.7197962296636481,0.01,0.5414337515830994,0.6869240403175354,0.5053644776344299,0.6827939748764038,3.4695076942443848,-0.005754305049777031,0.26302099227905273,0.24554096162319183,0.0030949352401014613,0.03053266535464086,0.18500261557729622,16,8,11525,2162,9363,0.05209013129946599,0.8283165653211529,419.71126978998495,rolling40_success_then_profit,0.8133460372537851,427.044620076908,40,True,0.813759199860258,430.06662625892506,False,cuda,140.00244140625
122,163,200,True,246,246,1198,833,365,166,199,0.3046744574290484,0.13856427378964942,0.166110183639399,0.4645858343337335,1.9879951980792316,0.744102357279639,14.504486254569576,28.700162715552484,0.49142542085755325,0.4758560569310675,0.010915038411786147,0.1485927886086978,0.0695537594778716,0.1724355931909216,0.4839241832924061,0.0055992029012501745,0.1828377673576842,0.1109174406776453,0.13663851817687447,-0.008068126361338634,0.0053158355105359725,-0.03424497874898641,-0.0413636811997737,0.035797075014047136,10.52838063439065,10.52838063439065,7.776293823038397,0.5208681135225376,0.15882503432640266,0.19131699084871295,0.06446177701401733,-0.05787414965771587,-0.05863373066482468,229,17,0.9308943089430894,0.06910569105691057,2,0.008130081300813009,0,17,1.0,-7.2902211737239595,-7.135628261342638,-0.1545929123813211,10.457117820255382,0.4182847128102154,-0.16,-0.18,-0.21058610391053248,-0.02229152128100395,15,47.29037107924133,0.0,113,38,15,53,0,17,7.776422764227642,7.776422764227642,1.4273789649415694,55.950712839915646,20.904801279447398,-8.42401827579342,42.950829125394876,0.8360283543032271,76.85551411936305,0.027975356419957822,0.010452400639723698,0.038427757059681523,0.85,0.7933333333333333,238,137,101,42,0,132,42.8315805535931,41.891204811314566,51,81,76,56,26.399999999999967,34.26526444287448,60.66526444287454,0.3244816708605538,20,16,22,22,12.108452951248042,0.0,12.108452951248042,0.0,1.0,0,21,0,5.512957933917859,0,0,20,0.0,-13.622009570154049,101,0,199,166,0,166,199,17,0,4055.598488878275,405.5598488878275,8004.241271391011,800.4241271391011,431.4103478256639,43.14103478256639,5106.8595564866955,510.68595564866956,6000.0,600.0,0,0,0.03033263222143729,0.0,0.03033263222143729,0.03033263222143729,0.0,0.0,0.11,-0.0010999999999999994,-0.0008800000000000007,0.0,0.021415790276796545,0.022256481924525826,0.0,1.8737240421507813,0.04403064720725953,0.011007661801814882,0.006377404159070752,0.06177998390797049,-0.000123559967815941,0.056874939479403135,0.19601387899858516,-0.13934105415781514,0.0013937667056504158,0.0,-0.01488572277478392,-0.0039668339506369445,-0.0024899999999999983,-0.0008493339506369432,-0.0006274999999999995,0.0,0.0,0.0,0.0,0.0,0.0,0.0,0.04011673405543624,0.0,0.0,0.0,0.03209338724434894,0.02426610577714974,0.007827281467199186,0.017263405424800735,-0.01684803655158684,0.028633886083596568,-0.00421200913789671,0.02147541456269744,0.0013937667056504158,0.0013937667056504158,0.0007507676342750592,0.454677655560176,0.13715365410941133,0.0802563916523629,0.0,0.0,0.01194036732568879,0.0,0.0,0.0,0.022256481924525826,0.0,0.083,0.0995,0.008144064048272476,0.009397941765685876,-0.0012538777174134004,0.31069590112749945,0.27588833471139274,0.034807566416106724,0.8715465068817139,0.1408502459526062,2162,9363,0,0.037314002464214964,0.7197962296636481,0.01,0.5414337515830994,0.6869240403175354,0.5053644776344299,0.6827939748764038,3.4695076942443848,-0.005754305049777031,0.26302099227905273,0.24554096162319183,0.0030949352401014613,0.03053266535464086,0.18500261557729622,16,8,11525,2162,9363,0.05209013129946599,0.8283165653211529,419.71126978998495,rolling40_success_then_profit,0.8133460372537851,427.044620076908,40,True,0.813759199860258,430.06662625892506,False,cuda,140.00244140625
123,164,200,True,284,284,1056,665,391,107,284,0.3702651515151515,0.10132575757575757,0.2689393939393939,0.46616541353383456,2.0210526315789474,0.7705536602359069,13.841849077554574,30.503946244627013,0.5177206276271525,0.5080853775255663,0.024731626501657014,0.12548125493235157,0.05408632605777759,0.18929963333714278,0.5114279729307146,0.012455799649084422,0.1640020357879033,0.08418313475427239,0.1498558659750716,-0.003342595405148363,0.012275826852572592,-0.03852078085555172,-0.030096808696494795,0.03944376736207117,10.269886363636363,10.269886363636363,7.863636363636363,0.4810606060606061,0.06136193363187296,0.21910513417685068,-0.008964023013505797,-0.09733012754267292,-0.07034546763338469,264,20,0.9295774647887324,0.07042253521126761,0,0.0,0,20,1.0,-3.5246508817878413,-4.107655127122999,0.5830042453351585,14.575106133378956,0.5830042453351584,0.0,0.0,0.0,0.0,20,80.86884944141065,0.0,140,16,17,81,0,20,6.788732394366197,6.788732394366197,1.5852272727272727,95.79609079438063,45.19098915731585,-5.394183481150267,78.35305961197078,0.9355897187546542,140.98707995169647,0.047898045397190316,0.022595494578657924,0.07049353997584823,0.7644927536231884,0.7033333333333334,211,163,48,65,0,159,87.10757725220411,87.10757725220411,98,61,60,99,31.79999999999996,69.68606180176327,101.4860618017634,0.5478463978126045,41,29,24,24,24.682566198670767,0.0,24.682566198670767,0.0,1.0,0,49,0,5.473874582818529,0,3,44,0.0,-27.76788697350461,48,0,284,107,0,107,284,33,0,4609.9787709532375,460.99787709532376,9450.026154086689,945.0026154086688,396.95326717328055,39.69532671732806,5805.005556155023,580.5005556155023,5280.0,528.0,0,0,0.05074303090088172,0.0,0.05074303090088172,0.05074303090088172,0.0,0.0,0.12,-0.0011999999999999964,-0.0009600000000000008,0.0,0.04355378862610206,0.04474303090088167,0.0,2.20661825748595,0.05094894782510329,0.012737236956275823,0.007492342173765501,0.04490215477607839,-8.980430955215678e-05,0.06823723794108763,0.14705655465864934,-0.10226106820743068,0.0029806434786335562,0.0,-0.012519426105053138,-0.0025166905684790475,-0.0016049999999999968,-0.000554190568479048,-0.0003575000000000003,0.0,0.0,0.0,0.0,0.0,0.0,0.0,0.06219046354760529,0.0,0.0,0.0,0.049752370838084224,0.04059442472070523,0.009157946117378985,0.03647943806541021,-0.010788366962300535,0.052235373074647165,-0.0026970917405751338,0.03917652980598539,0.0029806434786335562,0.0029806434786335562,0.0007577755091215167,0.4582627909578089,0.11699839165567985,0.06804081589664923,0.0,0.0,0.022874899153954107,0.0,0.0,0.0,0.04474303090088167,0.0,0.0535,0.142,0.008144064048272476,0.009397941765685876,-0.0012538777174134004,0.31069590112749945,0.27588833471139274,0.034807566416106724,0.8715465068817139,0.1408502459526062,2162,9363,0,0.037314002464214964,0.7197962296636481,0.01,0.5414337515830994,0.6869240403175354,0.5053644776344299,0.6827939748764038,3.4695076942443848,-0.005754305049777031,0.26302099227905273,0.24554096162319183,0.0030949352401014613,0.03053266535464086,0.18500261557729622,16,8,11525,2162,9363,0.05209013129946599,0.8283165653211529,419.71126978998495,rolling40_success_then_profit,0.8133460372537851,427.044620076908,40,True,0.813759199860258,430.06662625892506,False,cuda,140.00244140625
124,165,200,True,282,282,1159,689,470,161,309,0.4055220017256255,0.13891285591026747,0.26660914581535805,0.41219158200290273,2.0,0.7473739178415999,14.516997974046948,26.69841768753719,0.507063886350928,0.45781002155841694,0.01675244750582082,0.15049030601502503,0.03990562999126311,0.16905583060618237,0.46670358756716607,0.009481412984419976,0.1789014860838976,0.09169660831554231,0.13686336713730857,-0.008893566008749132,0.0072710345214008435,-0.028411180068872582,-0.0517909783242792,0.032192463468873805,7.622088006902502,7.622088006902502,5.229508196721311,0.4184641932700604,0.04920894527690522,0.17416575823139174,0.11186030239211425,-0.070180150080293,-0.025432325221750502,264,18,0.9361702127659575,0.06382978723404255,2,0.0070921985815602835,0,18,1.0,-6.465590654162911,-6.31038984492421,-0.15520080923870144,10.46609516147898,0.4186438064591594,-0.16,-0.10800000000000001,-0.24,-0.06584461569786071,16,60.46347695400461,0.0,118,27,14,94,1,18,6.847517730496454,6.847517730496454,1.4900776531492665,70.93938516769619,32.8492522954269,-7.078067866583965,58.645779078286225,0.8923059407566158,103.78863746312308,0.03546969258384809,0.01642462614771345,0.05189431873156154,0.8273381294964028,0.7666666666666667,230,141,89,48,0,136,61.4741827406322,61.4741827406322,74,62,59,77,27.199999999999967,49.17934619250577,76.37934619250584,0.4520160495634721,26,24,22,22,16.63863014780031,0.0,16.63863014780031,0.0,1.0,0,28,0,4.890018855838441,0,1,26,0.0,-18.718458916275353,87,0,309,161,0,161,309,20,0,4322.550056862718,432.2550056862718,8282.865350767528,828.2865350767528,379.64158846642454,37.964158846642455,5441.43015700201,544.143015700201,5795.0,579.5,0,0,0.03818967309625293,0.0,0.03818967309625293,0.03818967309625293,0.0,0.0,0.11,-0.0010999999999999983,-0.0008800000000000007,0.0,0.030737091370316116,0.03228967309625287,0.0,2.052305232237338,0.0466740381375972,0.0116685095343993,0.006807512955937926,0.052536370995105414,-0.00010507274199021082,0.05869285018016589,0.15011961356131445,-0.09622864402039306,0.0016119238988231948,0.0,-0.012704255179716012,-0.00393063959227832,-0.002414999999999998,-0.0007556395922783199,-0.0007599999999999996,0.0,0.0,0.0,0.0,0.0,0.0,0.0,0.048653109888661825,0.0,0.0,0.0,0.03892248791092961,0.030551738477002238,0.008370749433927311,0.025783855605851107,-0.014156135733167931,0.0390971860521908,-0.0035390339332919828,0.029322889539143113,0.0016119238988231948,0.0016119238988231948,0.0005845903519416844,0.4365690028029826,0.13429353981682493,0.07550411693141297,0.0,0.0,0.018220368516046533,0.0,0.0,0.0,0.03228967309625287,0.0,0.0805,0.1545,0.008144064048272476,0.009397941765685876,-0.0012538777174134004,0.31069590112749945,0.27588833471139274,0.034807566416106724,0.8715465068817139,0.1408502459526062,2162,9363,0,0.037314002464214964,0.7197962296636481,0.01,0.5414337515830994,0.6869240403175354,0.5053644776344299,0.6827939748764038,3.4695076942443848,-0.005754305049777031,0.26302099227905273,0.24554096162319183,0.0030949352401014613,0.03053266535464086,0.18500261557729622,16,8,11525,2162,9363,0.05209013129946599,0.8283165653211529,419.71126978998495,rolling40_success_then_profit,0.8133460372537851,427.044620076908,40,True,0.813759199860258,430.06662625892506,False,cuda,140.00244140625
125,166,200,True,287,287,1224,733,491,133,358,0.4011437908496732,0.10866013071895425,0.29248366013071897,0.44201909959072305,1.9645293315143246,0.770514513611143,13.838850885263732,30.577002145583762,0.4462247646745003,0.48032252785291063,0.013435586809217524,0.11226684952314847,0.05741715009322982,0.19408555517778675,0.4950992805123492,0.008341681181693305,0.14203325299721462,0.11943212020468846,0.14982379272600477,-0.014776752659438563,0.005093905627524219,-0.029766403474066144,-0.062014970111458644,0.04426176245178198,9.36437908496732,9.36437908496732,7.026143790849673,0.44199346405228757,0.04500481167698759,0.21599446086760432,0.006668077144734208,-0.10058451535527142,-0.06829716787405951,273,14,0.9512195121951219,0.04878048780487805,1,0.003484320557491289,0,14,1.0,-6.3456212348197525,-6.406406855881208,0.060785621061456546,9.415183818701214,0.3766073527480488,-0.08,-0.06,-0.12,-0.0558217316865921,13,59.05631244795377,0.0,115,26,19,102,1,14,6.620209059233449,6.620209059233449,1.4158496732026145,69.15924226365696,32.21444413545494,-6.618558598017707,55.7377590162926,0.8938590530801518,101.3736863991119,0.034579621131828484,0.01610722206772747,0.05068684319955595,0.872791519434629,0.8233333333333334,247,140,107,36,0,136,58.77548819992776,58.77548819992776,71,65,63,73,27.199999999999957,47.020390559942186,74.22039055994227,0.43217270735241,25,21,11,11,15.026450029173242,0.0,15.026450029173242,0.0,1.0,0,27,0,5.669711906589698,0,5,20,0.0,-16.9047562828199,107,0,358,133,0,133,358,22,0,4063.0806843042474,406.3080684304247,7362.373660512008,736.2373660512009,356.4431009859731,35.64431009859731,5115.225567261038,511.5225567261038,6120.0,612.0,0,0,0.037110195279971156,0.0,0.037110195279971156,0.037110195279971156,0.0,0.0,0.055,-0.0005500000000000004,-0.00044000000000000034,0.0,0.029387744099963885,0.030810195279971104,0.0,1.9148023044725226,0.04310471503511123,0.010776178758777807,0.006348310730890595,0.03541717610047678,-7.083435220095356e-05,0.05827254375480492,0.17168047767116507,-0.13042968938645075,0.0019428042312421088,0.0,-0.011893918259031772,-0.0031662954945453113,-0.001994999999999994,-0.0007262954945453122,-0.00044500000000000035,0.0,0.0,0.0,0.0,0.0,0.0,0.0,0.04726553968654796,0.0,0.0,0.0,0.03781243174923838,0.02968815622397682,0.008124275525261503,0.024559600209137403,-0.013237117196035413,0.03715850601086169,-0.0033092792990088533,0.0278688795081463,0.0019428042312421088,0.0019428042312421088,0.0004534126917645335,0.4257506442130074,0.0943482219388831,0.07277065748527556,0.0,0.0,0.014097150036428958,0.0,0.0,0.0,0.030810195279971104,0.0,0.0665,0.179,0.008144064048272476,0.009397941765685876,-0.0012538777174134004,0.31069590112749945,0.27588833471139274,0.034807566416106724,0.8715465068817139,0.1408502459526062,2162,9363,0,0.037314002464214964,0.7197962296636481,0.01,0.5414337515830994,0.6869240403175354,0.5053644776344299,0.6827939748764038,3.4695076942443848,-0.005754305049777031,0.26302099227905273,0.24554096162319183,0.0030949352401014613,0.03053266535464086,0.18500261557729622,16,8,11525,2162,9363,0.05209013129946599,0.8283165653211529,419.71126978998495,rolling40_success_then_profit,0.8133460372537851,427.044620076908,40,True,0.813759199860258,430.06662625892506,False,cuda,140.00244140625
126,167,200,True,259,259,1166,766,400,158,242,0.34305317324185247,0.13550600343053174,0.20754716981132076,0.5169712793733682,1.845953002610966,0.7452046191100975,14.593964829457335,28.158468112855292,0.46138937267136376,0.45835872222097984,0.013819597116805244,0.13513074912296186,0.04709557514739838,0.18266872391250596,0.4682495189786891,0.007209591696393863,0.1608913949175249,0.0921772711376256,0.14817645661435613,-0.009890796757709264,0.006610005420411381,-0.025760645794563053,-0.04508169599022722,0.03449226729814983,9.730703259005146,9.730703259005146,7.298456260720411,0.43825042881646653,0.11586777512820126,0.1684654066065988,0.06029827496482522,-0.08078102304552291,-0.07389375080339891,242,17,0.9343629343629344,0.06563706563706563,1,0.003861003861003861,0,17,1.0,-6.576222050995424,-6.7324604814499605,0.15623843045453578,11.005960761363394,0.44023843045453587,-0.08,-0.084,-0.12,0.0,16,54.57771909682775,0.0,117,34,15,66,0,17,7.463320463320463,7.463320463320463,1.4699828473413379,65.20845146333056,23.88981722895249,-7.0778494286948375,51.70444007497315,0.8795921443608762,89.09826869228306,0.03260422573166528,0.011944908614476247,0.04454913434614153,0.8491228070175438,0.8066666666666666,242,140,102,43,0,137,52.277686088793345,52.277686088793345,64,73,68,69,27.399999999999967,41.822148871034685,69.22214887103476,0.3815889495532361,29,20,14,14,18.432687482067426,0.0,18.432687482067426,0.0,1.0,0,34,0,4.8585426579502595,0,2,29,0.0,-20.736773417325846,100,0,242,158,0,158,242,23,0,4227.781685058072,422.77816850580723,8235.620319151156,823.5620319151155,386.5260231275376,38.65260231275376,5323.324025749015,532.3324025749015,5830.0,583.0,0,0,0.03461107443551739,0.0,0.03461107443551739,0.03461107443551739,0.0,0.0,0.07,-0.0007000000000000005,-0.0005600000000000004,0.0,0.02613884304439668,0.027811074435517343,0.0,2.0365095539794797,0.046365415056351986,0.011591353764087996,0.006658552281131455,0.08600362657579234,-0.0001720072531515847,0.05909694178989249,0.17324784686186132,-0.11217159437610383,0.0020129221261561527,0.0,-0.012851791262354216,-0.0038223881934170943,-0.0023699999999999975,-0.0008848881934170962,-0.0005674999999999994,0.0,0.0,0.0,0.0,0.0,0.0,0.0,0.04533042094645374,0.0,0.0,0.0,0.03626433675716298,0.027688859548413818,0.00857547720874915,0.022313295323139155,-0.014155698857389674,0.034469626716648785,-0.0035389247143474186,0.025852220037486575,0.0020129221261561527,0.0020129221261561527,0.000574134225596984,0.44797989541867833,0.12895931174781328,0.07947916563363563,0.0,0.0,0.012675566346123934,0.0,0.0,0.0,0.027811074435517343,0.0,0.079,0.121,0.008144064048272476,0.009397941765685876,-0.0012538777174134004,0.31069590112749945,0.27588833471139274,0.034807566416106724,0.8715465068817139,0.1408502459526062,2162,9363,0,0.037314002464214964,0.7197962296636481,0.01,0.5414337515830994,0.6869240403175354,0.5053644776344299,0.6827939748764038,3.4695076942443848,-0.005754305049777031,0.26302099227905273,0.24554096162319183,0.0030949352401014613,0.03053266535464086,0.18500261557729622,16,8,11525,2162,9363,0.05209013129946599,0.8283165653211529,419.71126978998495,rolling40_success_then_profit,0.8133460372537851,427.044620076908,40,True,0.813759199860258,430.06662625892506,False,cuda,140.00244140625
127,168,200,True,269,269,1190,741,449,173,276,0.3773109243697479,0.1453781512605042,0.2319327731092437,0.44804318488529016,2.0134952766531713,0.7522488636003654,14.274084769440726,31.19682028937919,0.4888920143773387,0.5273633866134765,0.015638182721479058,0.18290150685389192,0.029265649132832743,0.201040432329683,0.5301578483882382,0.008814423142677216,0.21983389188780597,0.06185586095360886,0.15575347961945893,-0.002794461774761725,0.006823759578801842,-0.03693238503391405,-0.032590211820776115,0.045286952710224065,12.025210084033613,12.025210084033613,9.447058823529412,0.5327731092436975,0.11947958156064233,0.2903649432944084,0.07004531046509217,-0.07338732158980033,-0.04142537624486171,252,17,0.9368029739776952,0.06319702602230483,1,0.0037174721189591076,0,17,1.0,-6.732846027785991,-6.946133055239911,0.2132870274539198,10.932175686347993,0.43728702745391984,-0.08,-0.024,-0.12,0.0,16,49.45836561330125,0.0,119,33,16,73,1,17,7.20817843866171,7.20817843866171,1.4638655462184873,60.4622177553801,28.178795612270264,-7.201829561167886,45.799936898900356,0.8641209521461182,88.64101336765037,0.030231108877690052,0.014089397806135133,0.04432050668382519,0.900709219858156,0.8466666666666667,254,141,113,28,0,138,43.5286962707832,43.5286962707832,55,83,75,63,27.599999999999962,34.82295701662655,62.42295701662657,0.31542533529553046,17,14,11,11,9.261610422633076,0.0,9.261610422633076,0.0,1.0,0,18,0,6.799994837996849,0,1,17,0.0,-10.41931172546221,113,0,276,173,0,173,276,16,0,4125.453430351239,412.5453430351239,7999.975386912431,799.9975386912431,386.21496381192617,38.621496381192614,5193.0193924480645,519.3019392448065,5950.0,595.0,0,0,0.031211478508313344,0.0,0.031211478508313344,0.031211478508313344,0.0,0.0,0.055,-0.0005500000000000002,-0.0004400000000000003,0.0,0.0217643481353916,0.02371147850831328,0.0,1.9870847159797227,0.04670786482011499,0.011676966205028748,0.00682181275762029,0.05326492443160245,-0.0001065298488632049,0.059465628367920034,0.1916944156954197,-0.1577281711343549,0.0023715399124852954,0.0,-0.013173417578720282,-0.004160168773718992,-0.0025949999999999992,-0.0008826687737189933,-0.0006824999999999996,0.0,0.0,0.0,0.0,0.0,0.0,0.0,0.042231914864478796,0.0,0.0,0.0,0.03378553189158305,0.024969182806650544,0.008816349084932446,0.019299053668866233,-0.014403659122335773,0.030533291265933567,-0.003600914780583943,0.022899968449450178,0.0023715399124852954,0.0023715399124852954,0.0007501406717921297,0.4589090604897602,0.16133652339855017,0.04645752714872414,0.0,0.0,0.018288336234591775,0.0,0.0,0.0,0.02371147850831328,0.0,0.0865,0.138,0.008144064048272476,0.009397941765685876,-0.0012538777174134004,0.31069590112749945,0.27588833471139274,0.034807566416106724,0.8715465068817139,0.1408502459526062,2162,9363,0,0.037314002464214964,0.7197962296636481,0.01,0.5414337515830994,0.6869240403175354,0.5053644776344299,0.6827939748764038,3.4695076942443848,-0.005754305049777031,0.26302099227905273,0.24554096162319183,0.0030949352401014613,0.03053266535464086,0.18500261557729622,16,8,11525,2162,9363,0.05209013129946599,0.8283165653211529,419.71126978998495,rolling40_success_then_profit,0.8133460372537851,427.044620076908,40,True,0.813759199860258,430.06662625892506,False,cuda,140.00244140625
128,169,200,True,285,285,1232,740,492,134,358,0.39935064935064934,0.10876623376623376,0.2905844155844156,0.5067567567567568,1.9054054054054055,0.7437278883279981,14.791058285171921,27.571718710177652,0.459213464592884,0.4650066624823454,0.021541416020812214,0.14065923899462496,0.029949191792842906,0.19958681300836237,0.47148991088206704,0.013242003996227238,0.16047763143842284,0.06881458516928014,0.1540798699583959,-0.006483248399721642,0.008299412024584975,-0.019818392443797878,-0.03886539337643724,0.04550694304996647,7.323863636363637,7.323863636363637,5.0811688311688314,0.4277597402597403,0.03972458710664697,0.1020776305804763,0.0834386306921806,-0.06514676316620106,-0.09778946423909354,270,15,0.9473684210526315,0.05263157894736842,1,0.0035087719298245615,0,15,1.0,-6.812793207179969,-6.978000816404812,0.16520760922484423,10.330190230621103,0.41320760922484423,-0.08,-0.048,-0.12,0.0,14,65.04090888550125,0.0,118,30,11,100,1,15,6.8350877192982455,6.8350877192982455,1.4391233766233766,73.578456630747,28.980198358992503,-6.673617936837467,63.39531472974315,0.9047563922716857,102.5586549897395,0.0367892283153735,0.014490099179496252,0.05127932749486975,0.7670250896057348,0.7133333333333334,214,134,80,65,0,131,69.3764201335957,69.3764201335957,80,51,50,81,26.19999999999996,55.50113610687656,81.70113610687663,0.5295909933862267,39,34,26,26,24.65910971903393,0.0,24.65910971903393,0.0,1.0,0,43,0,4.799381339465686,0,0,37,0.0,-27.74149843391316,77,0,358,134,0,134,358,28,0,3900.049046795656,390.0049046795656,7433.646467741122,743.3646467741122,367.5231084727973,36.75231084727973,4910.86834545174,491.08683454517404,6160.0,616.0,0,0,0.040850568053438355,0.0,0.040850568053438355,0.040850568053438355,0.0,0.0,0.13,-0.0012999999999999954,-0.0010400000000000008,0.0,0.034688210066797835,0.03585056805343828,0.0,1.8767868721741903,0.04337846710466091,0.010844616776165227,0.006412975099723821,0.025326840449549706,-5.0653680899099417e-05,0.05632014459893587,0.1627421509968865,-0.08965158123139172,0.0008524111386671929,0.0,-0.01235701686591459,-0.0032387378314683375,-0.0020099999999999944,-0.0007562378314683379,-0.00047250000000000037,0.0,0.0,0.0,0.0,0.0,0.0,0.0,0.05034453114870422,0.0,0.0,0.0,0.04027562491896356,0.032680454442750535,0.0075951704762129545,0.028360848396452875,-0.013347235873674935,0.042263543153162095,-0.003336808968418734,0.031697657364871575,0.0008524111386671929,0.0008524111386671929,0.0008731217442577075,0.41217279604901286,0.11169915397746358,0.04538018756075007,0.0,0.0,0.03297559881912505,0.0,0.0,0.0,0.03585056805343828,0.0,0.067,0.179,0.008144064048272476,0.009397941765685876,-0.0012538777174134004,0.31069590112749945,0.27588833471139274,0.034807566416106724,0.8715465068817139,0.1408502459526062,2162,9363,0,0.037314002464214964,0.7197962296636481,0.01,0.5414337515830994,0.6869240403175354,0.5053644776344299,0.6827939748764038,3.4695076942443848,-0.005754305049777031,0.26302099227905273,0.24554096162319183,0.0030949352401014613,0.03053266535464086,0.18500261557729622,16,8,11525,2162,9363,0.05209013129946599,0.8283165653211529,419.71126978998495,rolling40_success_then_profit,0.8133460372537851,427.044620076908,40,True,0.813759199860258,430.06662625892506,False,cuda,140.00244140625
129,170,200,True,272,272,1180,795,385,120,265,0.326271186440678,0.1016949152542373,0.2245762711864407,0.46037735849056605,1.920754716981132,0.732278840778009,15.003550522282438,27.19034160727975,0.47383012563353893,0.4730815764680599,0.022312713962680888,0.12260948802408932,0.046615801001869656,0.18835594454463922,0.47752902807679565,0.014048140139887168,0.15196755721274788,0.07748288195170228,0.151996524496086,-0.004447451608735775,0.00826457382279372,-0.02935806918865856,-0.03086708094983262,0.03635942004855322,8.90677966101695,8.90677966101695,6.335593220338983,0.49830508474576274,0.09779813302299672,0.041988895553679156,0.053068735709434774,-0.07328289708440479,-0.04367373620599018,255,17,0.9375,0.0625,2,0.007352941176470588,0,17,1.0,-5.641201807483879,-5.406534688621755,-0.234667118862125,12.004567082240165,0.4801826832896067,-0.16,-0.24,-0.23807771672349382,-0.07677208542823791,15,67.94757658207479,0.0,131,24,18,72,0,17,7.055147058823529,7.055147058823529,1.4601694915254237,79.2072201799831,39.04663879825951,-6.49266034163246,63.81172366162188,0.9076492819945351,118.2538589782426,0.039603610089991546,0.019523319399129754,0.0591269294891213,0.8514492753623188,0.7833333333333333,235,153,82,41,0,150,68.91808840949184,68.91808840949184,80,70,68,82,29.999999999999957,55.13447072759348,85.13447072759357,0.4594539227299456,23,16,18,18,16.242155130426596,0.0,16.242155130426596,0.0,1.0,0,26,0,3.392655418811425,0,1,22,0.0,-18.272424521729924,82,0,265,120,0,120,265,17,0,4125.170689141258,412.5170689141258,8137.863981387585,813.7863981387585,407.9314337347332,40.79314337347332,5196.646797419654,519.6646797419654,5900.0,590.0,0,0,0.04256723536379681,0.0,0.04256723536379681,0.04256723536379681,0.0,0.0,0.09,-0.0009000000000000007,-0.0007200000000000005,0.0,0.03445904420474592,0.03576723536379674,0.0,1.9767718106982195,0.04565942495967443,0.011414856239918607,0.006773913743951161,0.023413930774210372,-4.6827861548420744e-05,0.06388651437445161,0.1737002933685979,-0.10291980935285285,0.002281414068636855,0.0,-0.013697998185552432,-0.0028733084901808735,-0.0017999999999999956,-0.0006933084901808746,-0.0003800000000000003,0.0,0.0,0.0,0.0,0.0,0.0,0.0,0.05303526374216693,0.0,0.0,0.0,0.04242821099373355,0.0340537882910373,0.008374422702696163,0.028659531659994675,-0.01298532068326492,0.042541149107747915,-0.00324633017081623,0.03190586183081094,0.002281414068636855,0.002281414068636855,0.0009588614994535842,0.4298540250367306,0.10913587725975138,0.05800364809156629,0.0,0.0,0.02123418207054536,0.0,0.0,0.0,0.03576723536379674,0.0,0.06,0.1325,-0.02153659360483289,-0.01885434438784917,-0.0026822492169837155,0.2778348946116037,0.2429550290107727,0.03487986560083098,0.9076260328292847,0.200833261013031,2253,8914,0,0.029263288776079813,0.7078361769517263,0.01,0.5187995433807373,0.6989861726760864,0.5271536111831665,0.6978909373283386,3.5096476078033447,0.02870826981961727,0.2663295269012451,0.3285842537879944,0.0026103755300735227,0.026235945822878016,0.16329233576026228,17,8,11167,2253,8914,0.06383474066903652,0.8224137221570043,440.0671188151166,rolling40_success_then_profit,0.8168741927756624,431.0890492887764,40,True,0.8168741927756624,431.0890492887764,True,cuda,134.63671875
130,171,200,True,310,310,1103,676,427,71,356,0.3871260199456029,0.0643699002719855,0.3227561196736174,0.4467455621301775,2.0044378698224854,0.7573159521985688,14.067260888906626,28.43600189738725,0.4803722176317271,0.5267563341901853,0.03537803385737379,0.10652747201683695,0.018994373803236386,0.21316844471261875,0.5249178983579726,0.023936901481260032,0.15528001839339117,0.03493495803214775,0.16689072315961387,0.0018384358322126593,0.011441132376113761,-0.048752546376554226,-0.015940584228911366,0.046277721553004886,11.27470534904805,11.27470534904805,8.99637352674524,0.46237533998186764,0.15629434463629127,0.12340264593446132,0.02068678272872306,-0.062461694666501394,-0.026107289971757267,291,19,0.9387096774193548,0.06129032258064516,0,0.0,0,19,1.0,-5.125921861083709,-5.641072435230016,0.5151505741463096,12.87876435365774,0.5151505741463096,0.0,0.0,0.0,0.0,19,85.67954333193474,0.0,145,19,11,104,2,19,6.225806451612903,6.225806451612903,1.542157751586582,98.64259552166816,54.112976646024215,-5.571069635201936,84.6300817249129,0.9382372669173561,152.75557216769238,0.049321297760834076,0.027056488323012107,0.07637778608384618,0.8237410071942446,0.7633333333333333,229,163,66,49,0,158,94.87428645614801,94.87428645614801,110,48,45,113,31.599999999999966,75.8994291649184,107.49942916491844,0.6004701674439747,31,23,18,18,22.17425372772153,0.0,22.17425372772153,0.0,1.0,0,34,0,3.5925892436722515,0,1,33,0.0,-24.94603544368673,66,0,356,71,0,71,356,19,0,4423.497891476664,442.34978914766646,8948.933623821924,894.8933623821924,369.37598703668715,36.93759870366871,5572.618384768267,557.2618384768267,5515.0,551.5,0,0,0.05374971458245927,0.0,0.05374971458245927,0.05374971458245927,0.0,0.0,0.09,-0.0009000000000000007,-0.0007200000000000005,0.0,0.04743714322807402,0.04924971458245923,0.0,2.0614924077457437,0.04869181526587207,0.012172953816468017,0.00717033990081606,0.03617251735364266,-7.234503470728533e-05,0.06728394115696455,0.15298002089911786,-0.09923789174956586,0.002207078472450212,0.0,-0.011808422502400683,-0.001835699707124745,-0.0010650000000000004,-0.0005756997071247453,-0.00019500000000000013,0.0,0.0,0.0,0.0,0.0,0.0,0.0,0.06495032336421994,0.0,0.0,0.0,0.05196025869137585,0.04299977166596731,0.008960487025408609,0.039529506044855424,-0.011142139270403872,0.056420054483275243,-0.002785534817600968,0.04231504086245645,0.002207078472450212,0.002207078472450212,0.0007971105624983708,0.42780523477542537,0.10031998664060426,0.025444770914916495,0.0,0.0,0.034872592543192055,0.0,0.0,0.0,0.04924971458245923,0.0,0.0355,0.178,-0.02153659360483289,-0.01885434438784917,-0.0026822492169837155,0.2778348946116037,0.2429550290107727,0.03487986560083098,0.9076260328292847,0.200833261013031,2253,8914,0,0.029263288776079813,0.7078361769517263,0.01,0.5187995433807373,0.6989861726760864,0.5271536111831665,0.6978909373283386,3.5096476078033447,0.02870826981961727,0.2663295269012451,0.3285842537879944,0.0026103755300735227,0.026235945822878016,0.16329233576026228,17,8,11167,2253,8914,0.06383474066903652,0.8224137221570043,440.0671188151166,rolling40_success_then_profit,0.8168741927756624,431.0890492887764,40,True,0.8168741927756624,431.0890492887764,True,cuda,134.63671875
131,172,200,True,270,270,1152,753,399,109,290,0.3463541666666667,0.09461805555555555,0.2517361111111111,0.4701195219123506,1.9455511288180611,0.7271438336388206,14.789090416187626,31.381548340497897,0.48756906462948735,0.47027748694537014,0.014952159438475195,0.08819940758703318,0.04103909675304,0.19468472485651928,0.47925000302345155,0.006987058835853618,0.1233608332273376,0.08169459268759323,0.14645233005532626,-0.008972516078081416,0.007965100602621577,-0.03516142564030442,-0.040655495934553226,0.04823239480119301,8.88454861111111,8.88454861111111,6.411458333333333,0.4739583333333333,0.11133095851322866,0.30252390984386607,0.009565133483597778,-0.01247758989914399,-0.06403397972210682,252,18,0.9333333333333333,0.06666666666666667,1,0.003703703703703704,0,18,1.0,-6.113633325372805,-6.230606011897321,0.11697268652451533,11.856451412919283,0.4742580565167714,-0.08,-0.096,-0.12,-0.061285369992256165,17,60.16037335265287,0.0,120,28,14,79,1,18,7.2,7.2,1.4869791666666667,71.36757433979756,35.86501072275956,-6.742567287715312,57.85999182141821,0.8956300279633652,107.23258506255712,0.03568378716989878,0.017932505361379778,0.05361629253127856,0.851063829787234,0.8,240,142,98,42,0,140,60.50058336352009,60.50058336352009,74,66,64,76,27.999999999999964,48.40046669081606,76.40046669081616,0.43214702402514354,25,18,17,17,13.557701165282936,0.0,13.557701165282936,0.0,1.0,0,29,0,6.898361387398428,0,2,26,0.0,-15.252413810943299,96,0,290,109,0,109,290,26,0,4188.106596706315,418.8106596706315,8486.585924288409,848.6585924288408,404.5213341946409,40.45213341946409,5276.003360115636,527.6003360115635,5760.0,576.0,0,0,0.038200233345408126,0.0,0.038200233345408126,0.038200233345408126,0.0,0.0,0.085,-0.0008500000000000006,-0.0006800000000000005,0.0,0.030250291681760043,0.03180023334540806,0.0,2.033963368804236,0.04718490327074521,0.011796225817686303,0.006773094535537425,0.08285218618145057,-0.0001657043723629012,0.06031608802689364,0.1629535058525221,-0.09702105577089436,0.0019197111623034894,0.0,-0.013350527481757649,-0.0025818454436256516,-0.0016349999999999967,-0.000581845443625651,-0.00036500000000000025,0.0,0.0,0.0,0.0,0.0,0.0,0.0,0.04898075479073149,0.0,0.0,0.0,0.039184603832585076,0.03056018667632636,0.008624417156258751,0.025558712266851448,-0.013485134575430624,0.03857332788094544,-0.003371283643857656,0.028929995910709105,0.0019197111623034894,0.0019197111623034894,0.0008599627727021773,0.4243618764763927,0.09722929786781298,0.06868851296099138,0.0,0.0,0.014530377680386704,0.0,0.0,0.0,0.03180023334540806,0.0,0.0545,0.145,-0.02153659360483289,-0.01885434438784917,-0.0026822492169837155,0.2778348946116037,0.2429550290107727,0.03487986560083098,0.9076260328292847,0.200833261013031,2253,8914,0,0.029263288776079813,0.7078361769517263,0.01,0.5187995433807373,0.6989861726760864,0.5271536111831665,0.6978909373283386,3.5096476078033447,0.02870826981961727,0.2663295269012451,0.3285842537879944,0.0026103755300735227,0.026235945822878016,0.16329233576026228,17,8,11167,2253,8914,0.06383474066903652,0.8224137221570043,440.0671188151166,rolling40_success_then_profit,0.8168741927756624,431.0890492887764,40,True,0.8168741927756624,431.0890492887764,True,cuda,134.63671875
132,173,200,True,277,277,1102,754,348,109,239,0.3157894736842105,0.09891107078039928,0.21687840290381125,0.4151193633952255,2.110079575596817,0.7594895354355994,14.087296741394528,29.44552558737088,0.49733662008927315,0.5085090798194908,0.024251624408229908,0.19695400471850952,0.03740703417185882,0.18320942801776632,0.5167643913618766,0.012759082686324018,0.2317516160190145,0.07367015510364572,0.14803090543345368,-0.00825531154238579,0.01149254172190589,-0.03479761130050499,-0.0362631209317869,0.035178522584312644,11.42377495462795,11.42377495462795,8.710526315789474,0.5544464609800362,0.080901630768878,0.09938744744402368,0.05045640159344908,-0.060438776058287395,-0.03927995089595715,256,21,0.924187725631769,0.07581227436823104,3,0.010830324909747292,0,21,1.0,-6.670518217836501,-6.278510452136393,-0.39200776570010765,11.209063577908132,0.4483625431163254,-0.24,-0.156,-0.36,-0.08437030881643295,18,65.76224672282846,0.0,131,29,14,71,1,21,6.938628158844765,6.938628158844765,1.5235934664246824,76.68449462751772,23.95863686534968,-6.678534321813333,62.09996408184751,0.9028979335574174,100.6431314928674,0.03834224731375886,0.01197931843267484,0.0503215657464337,0.7597173144876325,0.7166666666666667,215,155,60,68,0,150,66.50351050441945,66.50351050441945,78,72,72,78,29.999999999999957,53.202808403535556,83.20280840353564,0.4433567366961297,45,39,23,23,27.966927017497312,0.0,27.966927017497312,0.0,1.0,0,51,0,5.094697027881357,0,2,47,0.0,-31.46279289468448,59,0,239,109,0,109,239,33,0,4461.882040167237,446.1882040167237,8961.79770396668,896.179770396668,411.87968609641064,41.18796860964106,5617.627041169069,561.7627041169069,5510.0,551.0,0,0,0.04160140420176785,0.0,0.04160140420176785,0.04160140420176785,0.0,0.0,0.115,-0.0011499999999999974,-0.0009200000000000007,0.0,0.033251755252209726,0.03440140420176777,0.0,2.0763842846235097,0.04858982259333534,0.012147455648333834,0.006998571852797213,0.07848841087761273,-0.0001569768217552254,0.0642515571150113,0.17858149679016316,-0.147946130475758,0.0025369287141430177,0.0,-0.013636065890224997,-0.002686773021112759,-0.0016349999999999967,-0.0006867730211127572,-0.00036500000000000025,0.0,0.0,0.0,0.0,0.0,0.0,0.0,0.0524418830283462,0.0,0.0,0.0,0.04195350642267718,0.03328112336141414,0.008672383061262915,0.027710714880017053,-0.013357068643626667,0.04139997605456501,-0.003339267160906667,0.031049982040923754,0.0025369287141430177,0.0025369287141430177,0.0007278084025159487,0.47909119410831386,0.16961868227506652,0.05944810226559804,0.0,0.0,0.029493767608245663,0.0,0.0,0.0,0.03440140420176777,0.0,0.0545,0.1195,-0.02153659360483289,-0.01885434438784917,-0.0026822492169837155,0.2778348946116037,0.2429550290107727,0.03487986560083098,0.9076260328292847,0.200833261013031,2253,8914,0,0.029263288776079813,0.7078361769517263,0.01,0.5187995433807373,0.6989861726760864,0.5271536111831665,0.6978909373283386,3.5096476078033447,0.02870826981961727,0.2663295269012451,0.3285842537879944,0.0026103755300735227,0.026235945822878016,0.16329233576026228,17,8,11167,2253,8914,0.06383474066903652,0.8224137221570043,440.0671188151166,rolling40_success_then_profit,0.8168741927756624,431.0890492887764,40,True,0.8168741927756624,431.0890492887764,True,cuda,134.63671875
133,174,200,True,267,267,1090,769,321,120,201,0.2944954128440367,0.11009174311926606,0.18440366972477065,0.4980494148244473,1.8920676202860858,0.7483227580824506,14.25984768687671,26.382223909752266,0.45837284212804674,0.45178354962671996,0.027553221523296693,0.15682544076502788,0.021458004572233777,0.18177876105321322,0.45629518809492164,0.014344315496315726,0.19238414460737427,0.047598586299199906,0.14387756652199943,-0.004511638468201684,0.013208906026980967,-0.035558703842346384,-0.02614058172696613,0.037901194531213794,9.042201834862386,9.042201834862386,6.529357798165138,0.41559633027522935,0.13050844122973337,0.1862859453244015,0.12926361856523474,-0.09563593992513819,0.005125312129436529,247,20,0.9250936329588015,0.0749063670411985,2,0.00749063670411985,0,20,1.0,-6.458778736377473,-6.234085020944477,-0.22469371543299585,12.223512933161995,0.48894051732648003,-0.16,-0.22800000000000004,-0.24,-0.08563423275947571,18,80.09911936477798,0.0,137,33,14,53,0,20,7.348314606741573,7.348314606741573,1.5779816513761469,93.74113780220662,43.378257834473295,-6.005117149324572,79.7490110491292,0.9299728505731243,137.1193956366799,0.04687056890110331,0.021689128917236646,0.06855969781833995,0.8191489361702128,0.77,231,158,73,51,0,157,88.89662542003884,87.40487400746558,103,54,50,107,31.399999999999956,71.11730033603102,102.51730033603117,0.5662205440766805,39,27,12,12,26.991676502516803,0.0,26.991676502516803,0.0,1.0,0,44,0,3.870557498252963,0,7,34,0.0,-30.365636065331422,72,0,201,120,0,120,201,25,0,4615.980946673885,461.5980946673885,9040.171821905906,904.0171821905906,389.6363074022822,38.963630740228226,5808.568600794052,580.8568600794052,5450.0,545.0,0,0,0.05125865016801557,0.0,0.05125865016801557,0.05125865016801557,0.0,0.0,0.06,-0.0006000000000000004,-0.0004800000000000004,0.0,0.04444831271001943,0.04546194960298622,0.0,2.2797357861766647,0.05340504569185494,0.013351261422963735,0.007704057763099934,0.09413159466743938,-0.0001882631893348788,0.06774141201594198,0.15293020433449303,-0.08429224827076988,0.0020244918041709063,0.0,-0.01281777147622778,-0.0027712970723876395,-0.0017999999999999956,-0.000588797072387638,-0.0003825000000000003,0.0,0.0,0.0,0.0,0.0,0.0,0.0,0.06382164840164434,0.0,0.0,0.0,0.05105731872131551,0.04100692013441235,0.010050398586903129,0.036871946949902284,-0.012010234298649143,0.05316600736608616,-0.003002558574662286,0.0398745055245646,0.0020244918041709063,0.0020244918041709063,0.0009683373632902902,0.45396779350390126,0.14296760996554536,0.04136729915412781,0.0,0.0,0.03354415533673364,0.0,0.0,0.0,0.04546194960298622,0.0,0.06,0.1005,-0.02153659360483289,-0.01885434438784917,-0.0026822492169837155,0.2778348946116037,0.2429550290107727,0.03487986560083098,0.9076260328292847,0.200833261013031,2253,8914,0,0.029263288776079813,0.7078361769517263,0.01,0.5187995433807373,0.6989861726760864,0.5271536111831665,0.6978909373283386,3.5096476078033447,0.02870826981961727,0.2663295269012451,0.3285842537879944,0.0026103755300735227,0.026235945822878016,0.16329233576026228,17,8,11167,2253,8914,0.06383474066903652,0.8224137221570043,440.0671188151166,rolling40_success_then_profit,0.8168741927756624,431.0890492887764,40,True,0.8168741927756624,431.0890492887764,True,cuda,134.63671875
134,175,200,True,278,278,1060,696,364,109,255,0.3433962264150943,0.10283018867924529,0.24056603773584906,0.46839080459770116,1.9238505747126438,0.7501788425162949,14.477567178079452,27.88458063222211,0.5144332894068266,0.46242967295064324,0.025738809857217746,0.14020304834127598,0.029090529379311777,0.17534811542390835,0.4637698167613868,0.013373989542282519,0.17670816831938366,0.05380088728922821,0.13783605415213468,-0.0013401438107435437,0.012364820314935228,-0.03650511997810768,-0.024710357909916433,0.03751206127177367,8.237735849056603,8.237735849056603,5.790566037735849,0.4367924528301887,0.0890301607535708,0.24916244108682423,0.12442987120735059,-0.06742030122115553,-0.06899447211149402,258,20,0.9280575539568345,0.07194244604316546,2,0.007194244604316547,0,20,1.0,-5.637087941149438,-5.555435015037653,-0.08165292611178288,13.158253942591367,0.5263301577036549,-0.16,-0.20400000000000001,-0.21859036162601128,-0.025392722189426422,18,78.0473984415253,0.0,143,27,10,68,0,20,6.967625899280575,6.967625899280575,1.6047169811320754,91.85840502838485,55.92262427909693,-6.5672083785710615,79.44461457262733,0.9236476085119463,147.7810293074818,0.04592920251419243,0.027961312139548465,0.0738905146537409,0.8464285714285714,0.79,237,157,80,43,0,155,85.57406006488326,85.57406006488326,97,58,45,110,30.999999999999954,68.45924805190658,99.4592480519067,0.552090710096021,25,20,18,18,16.070917257741602,1.0,15.070917257741602,0.0,1.0,1,26,0,4.794439162629042,0,0,24,-1.2000000000000002,-16.954781914959298,78,0,255,109,0,109,255,17,0,4678.356116429799,467.83561164297987,9358.172338859926,935.8172338859926,400.6015461854638,40.06015461854638,5890.866400818469,589.0866400818469,5300.0,530.0,0,0,0.04972962402595337,0.0,0.04972962402595337,0.04972962402595337,0.0,0.0,0.09,-0.0009000000000000006,-0.0007200000000000005,0.0,0.04278703003244163,0.045229624025953326,0.0,2.2813421637662317,0.05233392837824643,0.013083482094561607,0.00773345235579822,0.03171150727800878,-6.342301455601757e-05,0.06679041108009037,0.13721583863689935,-0.06706895216883649,0.001571374366623172,0.0,-0.013019838889510128,-0.00248928570311169,-0.0016349999999999967,-0.0004442857031116917,-0.0004100000000000003,0.0,0.0,0.0,0.0,0.0,0.0,0.0,0.061849683105958744,0.0,0.0,0.0,0.04947974648476725,0.039783699220762574,0.009696047264004496,0.036438703097028104,-0.013134416757142123,0.052963076381751524,-0.0032836041892855307,0.039722307286313666,0.001571374366623172,0.001571374366623172,0.0009832069278260076,0.4380144407102906,0.12966314983444352,0.03924244215677484,0.0,0.0,0.027392523587931043,0.0,0.0,0.0,0.045229624025953326,0.0,0.0545,0.1275,-0.02153659360483289,-0.01885434438784917,-0.0026822492169837155,0.2778348946116037,0.2429550290107727,0.03487986560083098,0.9076260328292847,0.200833261013031,2253,8914,0,0.029263288776079813,0.7078361769517263,0.01,0.5187995433807373,0.6989861726760864,0.5271536111831665,0.6978909373283386,3.5096476078033447,0.02870826981961727,0.2663295269012451,0.3285842537879944,0.0026103755300735227,0.026235945822878016,0.16329233576026228,17,8,11167,2253,8914,0.06383474066903652,0.8224137221570043,440.0671188151166,rolling40_success_then_profit,0.8168741927756624,431.0890492887764,40,True,0.8168741927756624,431.0890492887764,True,cuda,134.63671875
135,176,200,True,289,289,1131,775,356,102,254,0.3147656940760389,0.09018567639257294,0.22458001768346597,0.4567741935483871,2.007741935483871,0.7580724470461568,14.202615942185925,29.644026014651022,0.5058671943735493,0.49580335438251494,0.025683602200400446,0.160576961477918,0.02724223496873052,0.17776081251521264,0.49638144275834484,0.015187419321267836,0.1959235139455526,0.051732515694813866,0.14947632644686007,-0.0005780883758298994,0.01049618287913261,-0.0353465524676346,-0.024490280726083346,0.02828448606835257,10.806366047745358,10.806366047745358,8.195402298850574,0.4942528735632184,0.16252146056134317,0.23806247052040294,0.05105630204692157,-0.06348044506347618,-0.02209097842002478,270,19,0.9342560553633218,0.0657439446366782,1,0.0034602076124567475,0,19,1.0,-6.50413195277484,-6.772135578021402,0.2680036252465623,12.580795387245159,0.5032318154898064,-0.08,-0.012,-0.12,-0.02322819024324417,18,73.68922193317573,0.0,135,32,17,75,1,19,6.692041522491349,6.692041522491349,1.5190097259062776,84.61738442004355,49.17241337399211,-7.143668286156843,70.76538553606754,0.908307597953153,133.78979779403565,0.04230869221002177,0.024586206686996053,0.06689489889701783,0.8523985239852399,0.77,231,157,74,40,0,155,77.13940927058707,77.13940927058707,90,65,63,92,30.999999999999968,61.71152741646966,92.71152741646972,0.4976736081973359,17,16,23,23,12.843825667483182,0.0,12.843825667483182,0.0,1.0,0,19,0,2.9780084411821792,0,0,19,0.0,-14.44930387591858,73,0,254,102,0,102,254,8,0,4263.29952978106,426.329952978106,8636.378583605558,863.6378583605558,426.36384098308787,42.63638409830879,5371.894664351008,537.1894664351008,5655.0,565.5,0,0,0.046355763708234896,0.0,0.046355763708234896,0.046355763708234896,0.0,0.0,0.115,-0.0011499999999999998,-0.0009200000000000007,0.0,0.03856970463529355,0.040055763708234826,0.0,2.0803535463257425,0.048021774600427614,0.012005443650106903,0.007121159982476876,0.022629812665131765,-4.525962533026354e-05,0.06614365905189666,0.16967781506936222,-0.11809000327360664,0.0013227624303419625,0.0,-0.01425625729873174,-0.002524718820355179,-0.0015299999999999973,-0.0006547188203551777,-0.00034000000000000024,0.0,0.0,0.0,0.0,0.0,0.0,0.0,0.05716594773301145,0.0,0.0,0.0,0.045732758186409206,0.03708461096658778,0.008648147219821328,0.03181085862495538,-0.014287336572313685,0.04717692369071176,-0.0035718341430784214,0.03538269276803377,0.0013227624303419625,0.0013227624303419625,0.0009836067836980027,0.46109702835412714,0.1518487905923242,0.050334498576589226,0.0,0.0,0.026359660844226602,0.0,0.0,0.0,0.040055763708234826,0.0,0.051,0.127,-0.02153659360483289,-0.01885434438784917,-0.0026822492169837155,0.2778348946116037,0.2429550290107727,0.03487986560083098,0.9076260328292847,0.200833261013031,2253,8914,0,0.029263288776079813,0.7078361769517263,0.01,0.5187995433807373,0.6989861726760864,0.5271536111831665,0.6978909373283386,3.5096476078033447,0.02870826981961727,0.2663295269012451,0.3285842537879944,0.0026103755300735227,0.026235945822878016,0.16329233576026228,17,8,11167,2253,8914,0.06383474066903652,0.8224137221570043,440.0671188151166,rolling40_success_then_profit,0.8168741927756624,431.0890492887764,40,True,0.8168741927756624,431.0890492887764,True,cuda,134.63671875
136,177,200,True,290,290,1096,719,377,93,284,0.34397810218978103,0.08485401459854014,0.2591240875912409,0.4561891515994437,1.9527121001390821,0.7673000265974992,13.783553489557725,29.82931335313927,0.49010142660167494,0.4985244740655591,0.03043908438281323,0.15330972277166863,0.048150806935175074,0.19124003596116837,0.4995348318603009,0.017275535938056686,0.1892023711712702,0.07901598047918441,0.15771123674414503,-0.0010103577947417897,0.013163548444756545,-0.03589264839960157,-0.03086517354400934,0.03352879921702334,10.187043795620438,10.187043795620438,7.724452554744525,0.4744525547445255,0.07383001452817019,0.06988516316374947,0.07816202762230626,-0.11718904436139072,-0.0378355745422175,270,20,0.9310344827586207,0.06896551724137931,1,0.0034482758620689655,0,20,1.0,-5.928972845015469,-6.1676334515213895,0.23866060650592277,11.756944006369817,0.4702777602547927,-0.08,-0.024,-0.12,-0.0076171537488698956,19,73.4083655600377,0.0,133,24,18,80,5,20,6.689655172413793,6.689655172413793,1.5437956204379562,85.62266987577478,38.15781038925274,-6.269195931460541,70.56266160768423,0.9184036917464026,123.7804802650275,0.042811334937887385,0.01907890519462637,0.061890240132513756,0.7753623188405797,0.7133333333333334,214,159,55,62,0,157,78.62329643528867,76.9505711875589,89,68,66,91,31.399999999999956,62.898637148230954,94.29863714823101,0.5007853276133036,35,27,27,27,23.231693588418633,0.0,23.231693588418633,0.0,1.0,0,36,0,4.21295284827453,0,1,34,0.0,-26.135655286970962,53,0,284,93,0,93,284,20,0,4449.075694833113,444.90756948331125,8949.44171811494,894.944171811494,401.4169014885936,40.14169014885936,5605.144989816853,560.5144989816853,5480.0,548.0,0,0,0.04714931857411553,0.0,0.04714931857411553,0.04714931857411553,0.0,0.0,0.135,-0.0013499999999999955,-0.0010800000000000007,0.0,0.03931164821764433,0.03968022847502354,0.0,2.1753218299770825,0.0510364847561115,0.012759121189027875,0.007361545930099262,0.07978648177875729,-0.0001595729635575146,0.0674251683623607,0.1565852239655055,-0.10737601906527326,0.0017701379148216158,0.0,-0.012813924576462911,-0.0022623198070310414,-0.0013949999999999982,-0.000547319807031041,-0.00032000000000000024,0.0,0.0,0.0,0.0,0.0,0.0,0.0,0.05839886679958581,0.0,0.0,0.0,0.04671909343966862,0.03771945485929228,0.008999638580376312,0.03214673283811186,-0.012538391862921083,0.04704177440512283,-0.0031345979657302707,0.03528133080384212,0.0017701379148216158,0.0017701379148216158,0.0009804915532097215,0.4513906882942036,0.14200216580092412,0.055740791117828266,0.0,0.0,0.03684402582032369,0.0,0.0,0.0,0.03968022847502354,0.0,0.0465,0.142,-0.02153659360483289,-0.01885434438784917,-0.0026822492169837155,0.2778348946116037,0.2429550290107727,0.03487986560083098,0.9076260328292847,0.200833261013031,2253,8914,0,0.029263288776079813,0.7078361769517263,0.01,0.5187995433807373,0.6989861726760864,0.5271536111831665,0.6978909373283386,3.5096476078033447,0.02870826981961727,0.2663295269012451,0.3285842537879944,0.0026103755300735227,0.026235945822878016,0.16329233576026228,17,8,11167,2253,8914,0.06383474066903652,0.8224137221570043,440.0671188151166,rolling40_success_then_profit,0.8168741927756624,431.0890492887764,40,True,0.8168741927756624,431.0890492887764,True,cuda,134.63671875
137,178,200,True,294,294,1057,722,335,75,260,0.3169347209082308,0.07095553453169347,0.24597918637653737,0.5069252077562327,1.8642659279778393,0.7746304637259723,13.65226940963407,26.692072503330635,0.4563468442939562,0.4908627904641992,0.033581503674676876,0.11779538341836586,0.02667116809254538,0.20380687550835083,0.4900577346126128,0.021844848492531068,0.1493209478202846,0.04713632529820741,0.16511280246987073,0.000805055851586356,0.011736655182145807,-0.03152556440191874,-0.02046515720566203,0.038694073038480103,10.51844843897824,10.51844843897824,8.116367076631978,0.4522232734153264,0.06934620324057245,0.16758671443496803,0.07946016224067141,-0.08740765010603717,0.01773919072364069,273,21,0.9285714285714286,0.07142857142857142,3,0.01020408163265306,0,21,1.0,-5.995189079773375,-5.666387934535737,-0.3288011452376391,12.593517519981797,0.5037407007992719,-0.24,-0.18,-0.36,-0.052541846036911005,18,86.45608572656192,0.0,151,24,13,74,2,20,6.568027210884353,6.568027210884353,1.6102175969725638,99.72989502832532,61.27830280243245,-5.047425286063765,85.44074410505411,0.9442200530740407,161.00819783075775,0.04986494751416266,0.030639151401216223,0.08050409891537888,0.8612099644128114,0.8066666666666666,242,169,73,39,0,165,94.08763394775299,94.08763394775299,112,53,47,118,32.99999999999998,75.27010715820238,108.27010715820245,0.5702280845318363,26,20,13,13,16.991125348051458,0.0,16.991125348051458,0.0,1.0,0,38,0,4.582136546325258,0,3,35,0.0,-19.115016016557885,70,0,260,75,0,75,260,26,0,4658.472255367031,465.8472255367031,9247.393806741675,924.7393806741675,373.2147411645867,37.321474116458674,5866.376736190322,586.6376736190322,5285.0,528.5,0,0,0.054135053579101235,0.0,0.054135053579101235,0.054135053579101235,0.0,0.0,0.065,-0.0006500000000000005,-0.0005200000000000004,0.0,0.04704381697387649,0.04943505357910118,0.0,2.2200684328278335,0.05066961660623257,0.012667404151558143,0.007525442490934881,0.022140081548803495,-4.428016309760699e-05,0.0703659563538438,0.14581421067582534,-0.07682664389319904,0.002563346148034584,0.0,-0.011981178968624398,-0.0017346296364292965,-0.001125,-0.00039212963642929724,-0.00021750000000000016,0.0,0.0,0.0,0.0,0.0,0.0,0.0,0.06610817756756171,0.0,0.0,0.0,0.05288654205404939,0.04330804286328089,0.009578499190768431,0.04019665940949515,-0.01009485057212753,0.05696049607003605,-0.0025237126430318825,0.04272037205252705,0.002563346148034584,0.002563346148034584,0.0010518624949579429,0.4657564216589711,0.11269559639763092,0.04142625032134322,0.0,0.0,0.03215107294030401,0.0,0.0,0.0,0.04943505357910118,0.0,0.0375,0.13,-0.006094111326254077,-0.00485514501730601,-0.0012389663089480665,0.3079700766959124,0.26793229083220166,0.040037785863710776,0.8840712308883667,0.11923861503601074,2246,9082,0,0.02730437604089578,0.6859845300515492,0.01,0.49557384848594666,0.7211142778396606,0.5519852042198181,0.7288042306900024,3.4686191082000732,-0.018025878816843033,0.2856787443161011,0.3565293848514557,0.0017447783323101854,0.017858635530703597,0.17405256339245373,18,8,11328,2246,9082,0.06020473492159673,0.8263325476874459,430.7144399250126,rolling40_success_then_profit,0.8211962786055803,430.3033452959709,40,True,0.8211962786055803,430.3033452959709,True,cuda,136.095703125
138,179,200,True,308,308,1130,708,422,76,346,0.3734513274336283,0.06725663716814159,0.30619469026548674,0.481638418079096,1.9562146892655368,0.7444367009914864,14.92410970272991,30.068763530586903,0.4973381835848749,0.4940205784882866,0.05158023372039956,0.11861343150642717,0.025067992495914848,0.19067995311260896,0.49251319867911314,0.03206536430328832,0.1527057679647601,0.04299601709182732,0.1518558767324282,0.0015073798091734814,0.019514869417111246,-0.03409233645833293,-0.017928024595912473,0.03882407638018076,9.790265486725664,9.790265486725664,7.558407079646018,0.40530973451327434,0.07550236767822445,0.11244915302053463,0.054227079801188474,-0.01224494856066019,-0.04741904583007698,290,18,0.9415584415584416,0.05844155844155844,0,0.0,0,18,1.0,-6.273392269423667,-6.736106744259591,0.46271447483592554,11.567861870898136,0.4627144748359254,0.0,0.0,0.0,0.0,18,76.92155627531078,0.0,138,27,13,99,3,18,6.337662337662338,6.337662337662338,1.5345132743362833,87.99550253973675,36.42979611366152,-5.782737498911062,74.70735918693109,0.9281559131245494,124.42529865339827,0.04399775126986837,0.01821489805683076,0.062212649326699135,0.7703180212014135,0.7266666666666667,218,156,62,65,0,154,83.4003793674039,82.43993168017305,94,60,56,98,30.799999999999958,66.72030349392313,97.52030349392321,0.5415609049831422,40,28,25,25,28.884289399429832,0.0,28.884289399429832,0.0,1.0,0,46,0,3.4221847175020024,0,3,39,0.0,-32.49482557435857,62,0,346,76,0,76,346,21,0,4341.401439061954,434.1401439061954,8617.271775385077,861.7271775385077,388.1564305554868,38.815643055548676,5467.066903219761,546.7066903219761,5650.0,565.0,0,0,0.04876015174696161,0.0,0.04876015174696161,0.04876015174696161,0.0,0.0,0.125,-0.001249999999999995,-0.0010000000000000007,0.0,0.04170018968370194,0.042675972672069226,0.0,2.102983815072587,0.04847971314829107,0.012119928287072767,0.0071289334525515315,0.038920851708346645,-7.784170341669329e-05,0.06598236604087357,0.14565313527284632,-0.07758649110417072,0.001739361547096684,0.0,-0.012804197591067525,-0.001760550821967135,-0.00114,-0.0003855508219671348,-0.00023500000000000016,0.0,0.0,0.0,0.0,0.0,0.0,0.0,0.05955223833061767,0.0,0.0,0.0,0.047641790664494164,0.03900812139756921,0.008633669266924915,0.03446231084401009,-0.011565474997822124,0.04980490612462081,-0.002891368749455531,0.03735367959346554,0.001739361547096684,0.001739361547096684,0.0013257156410813348,0.4316584679269099,0.11276862123164857,0.03070023519962683,0.0,0.0,0.048116192197817854,0.0,0.0,0.0,0.042675972672069226,0.0,0.038,0.173,-0.006094111326254077,-0.00485514501730601,-0.0012389663089480665,0.3079700766959124,0.26793229083220166,0.040037785863710776,0.8840712308883667,0.11923861503601074,2246,9082,0,0.02730437604089578,0.6859845300515492,0.01,0.49557384848594666,0.7211142778396606,0.5519852042198181,0.7288042306900024,3.4686191082000732,-0.018025878816843033,0.2856787443161011,0.3565293848514557,0.0017447783323101854,0.017858635530703597,0.17405256339245373,18,8,11328,2246,9082,0.06020473492159673,0.8263325476874459,430.7144399250126,rolling40_success_then_profit,0.8211962786055803,430.3033452959709,40,True,0.8211962786055803,430.3033452959709,True,cuda,136.095703125
139,180,200,True,263,263,1224,860,364,115,249,0.2973856209150327,0.09395424836601307,0.2034313725490196,0.436046511627907,1.9802325581395348,0.7476132892245471,14.365319238707077,27.407568430207498,0.44786582509110556,0.5029416556275168,0.013157040937695392,0.14619447357172882,0.05188238560330383,0.2075914180491033,0.5071662389088508,0.006833130329154258,0.17451593149994868,0.0993744532761792,0.15226939334209227,-0.004224583281334016,0.006323910608541134,-0.028321457928219856,-0.04749206767287538,0.05532202470701103,11.66421568627451,11.66421568627451,8.93545751633987,0.5498366013071896,0.010521470922917832,0.07019762635542841,0.020037709928675394,-0.05450868603528466,0.00918414370510183,249,14,0.9467680608365019,0.053231939163498096,1,0.0038022813688212928,0,14,1.0,-5.871725409271107,-5.993948032185433,0.1222226229143259,9.91107905378543,0.3964431621514171,-0.08,-0.12,-0.07422053923709121,0.0,13,50.28132910040634,0.0,123,27,18,70,1,14,7.2965779467680605,7.2965779467680605,1.4272875816993464,61.74587865496161,23.27918670360587,-6.970973942790072,44.22108196409168,0.8638270368459071,85.02506535856747,0.030872939327480805,0.011639593351802934,0.04251253267928374,0.9032258064516129,0.84,252,148,104,27,0,145,43.3145767193849,43.3145767193849,53,92,89,56,28.999999999999954,34.65166137550791,63.65166137550798,0.2987212187543786,20,16,7,7,12.418596726840631,0.0,12.418596726840631,0.0,1.0,0,23,0,5.108495791133311,0,0,22,0.0,-13.970921317695709,104,0,249,115,0,115,249,16,0,3999.179395114422,399.91793951144217,7469.167296208021,746.9167296208021,405.6233503572382,40.56233503572382,5039.302638730054,503.9302638730054,6120.0,612.0,0,0,0.03182583068775403,0.0,0.03182583068775403,0.03182583068775403,0.0,0.0,0.035,-0.00035000000000000016,-0.0002800000000000002,0.0,0.02165728835969245,0.02292583068775396,0.0,1.913802246038571,0.04504585857970245,0.011261464644925612,0.006554890621640497,0.05564639626705977,-0.00011129279253411954,0.061746558446856906,0.20151870224610186,-0.14034745940666063,0.0017276472082088214,0.0,-0.01400598580405295,-0.0027516817483226007,-0.001724999999999996,-0.0006791817483225999,-0.00034750000000000026,0.0,0.0,0.0,0.0,0.0,0.0,0.0,0.04262600254014547,0.0,0.0,0.0,0.034100802032116344,0.025460664550203096,0.008640137481913213,0.01862505401065081,-0.013941947885580144,0.02948072130939445,-0.003485486971395036,0.022110540982045842,0.0017276472082088214,0.0017276472082088214,0.0007712762199218082,0.46561364770508445,0.13899656618750938,0.06502220955578449,0.0,0.0,0.015181392662987176,0.0,0.0,0.0,0.02292583068775396,0.0,0.0575,0.1245,-0.006094111326254077,-0.00485514501730601,-0.0012389663089480665,0.3079700766959124,0.26793229083220166,0.040037785863710776,0.8840712308883667,0.11923861503601074,2246,9082,0,0.02730437604089578,0.6859845300515492,0.01,0.49557384848594666,0.7211142778396606,0.5519852042198181,0.7288042306900024,3.4686191082000732,-0.018025878816843033,0.2856787443161011,0.3565293848514557,0.0017447783323101854,0.017858635530703597,0.17405256339245373,18,8,11328,2246,9082,0.06020473492159673,0.8263325476874459,430.7144399250126,rolling40_success_then_profit,0.8211962786055803,430.3033452959709,40,True,0.8211962786055803,430.3033452959709,True,cuda,136.095703125
140,181,200,True,276,276,1119,730,389,137,252,0.34763181411974975,0.1224307417336908,0.225201072386059,0.5136986301369864,1.847945205479452,0.7422435795403507,14.38838624301022,27.278925317852465,0.48343089863319866,0.4528564192048491,0.019952791163774387,0.1197117852838072,0.04309340086127695,0.17512104044068758,0.45770256021251415,0.011481621024543292,0.15175408857989392,0.08102520989311528,0.1382775070553977,-0.004846141007665061,0.008471170139231095,-0.03204230329608672,-0.03793180903183833,0.03684353338528987,9.04289544235925,9.04289544235925,6.638963360142985,0.4316353887399464,0.1314540801866707,0.1588796927485737,0.05178550013118223,-0.08415118475853808,-0.0635110312458316,257,19,0.9311594202898551,0.06884057971014493,2,0.007246376811594203,0,19,1.0,-6.389566674300803,-6.204128428697581,-0.18543824560322208,11.6684044693889,0.4667361787755561,-0.16,-0.192,-0.21128468188514873,-0.08888974249362945,17,67.61072517027263,0.0,134,29,14,69,2,18,6.978260869565218,6.978260869565218,1.5272564789991063,79.88156673554539,43.278178886916365,-6.914040581377504,66.13646121257383,0.9053525929105939,123.15974562246176,0.039940783367772695,0.021639089443458184,0.061579872811230875,0.8790035587188612,0.8233333333333334,247,157,90,34,0,152,71.76037831925453,69.43998905160771,87,65,57,95,30.399999999999974,57.408302655403595,87.80830265540368,0.4721077521003587,23,17,11,11,14.598382513879129,0.4257231856302631,14.172659328248866,0.0,1.0,1,26,0,4.746166327616941,0,1,21,-0.5108678227563158,-15.94424174427997,88,0,252,137,0,137,252,20,0,4451.674496458704,445.1674496458704,8832.356842155848,883.2356842155848,386.3262029044056,38.632620290440556,5607.772553338808,560.7772553338808,5595.0,559.5,0,0,0.04390415132770189,0.0,0.04390415132770189,0.04390415132770189,0.0,0.0,0.055,-0.0005500000000000002,-0.0004400000000000003,0.0,0.03588018915962727,0.036975995620643104,0.0,2.072891753928702,0.048645921767816847,0.012161480441954212,0.0071149785210728,0.04936264611037191,-9.872529222074383e-05,0.06503717998121993,0.1523551073307982,-0.09035169877110613,0.002123398597574134,0.0,-0.012832892943399002,-0.003170355172546377,-0.0020549999999999948,-0.0006728551725463755,-0.00044250000000000035,0.0,0.0,0.0,0.0,0.0,0.0,0.0,0.05541690647743534,0.0,0.0,0.0,0.044333525181948226,0.035123321062161386,0.009210204119786779,0.02961121031559819,-0.013828081162755008,0.04409097414171589,-0.003457020290688752,0.03306823060628692,0.002123398597574134,0.002123398597574134,0.000866843286839625,0.43832649108525923,0.11542200988551969,0.05381070529812786,0.0,0.0,0.02452766080072755,0.0,0.0,0.0,0.036975995620643104,0.0,0.0685,0.126,-0.006094111326254077,-0.00485514501730601,-0.0012389663089480665,0.3079700766959124,0.26793229083220166,0.040037785863710776,0.8840712308883667,0.11923861503601074,2246,9082,0,0.02730437604089578,0.6859845300515492,0.01,0.49557384848594666,0.7211142778396606,0.5519852042198181,0.7288042306900024,3.4686191082000732,-0.018025878816843033,0.2856787443161011,0.3565293848514557,0.0017447783323101854,0.017858635530703597,0.17405256339245373,18,8,11328,2246,9082,0.06020473492159673,0.8263325476874459,430.7144399250126,rolling40_success_then_profit,0.8211962786055803,430.3033452959709,40,True,0.8211962786055803,430.3033452959709,True,cuda,136.095703125
141,182,200,True,269,269,1110,792,318,108,210,0.2864864864864865,0.0972972972972973,0.1891891891891892,0.4823232323232323,1.9318181818181819,0.7519403693802429,14.317136502025104,29.625987450883844,0.46574820482035445,0.5123746885795786,0.020837664274931555,0.13010037831980922,0.03929754083145955,0.21298733834798136,0.521318325001483,0.00991009047132625,0.16199051450662824,0.08497731524711884,0.1534544072570185,-0.008943636421904433,0.010927573803605305,-0.03189013618681902,-0.045679774415659284,0.05953293109096286,12.396396396396396,12.396396396396396,9.727927927927928,0.5567567567567567,0.12143634734183019,0.19173444989438798,0.08007466487891016,-0.05409163439254057,-0.034621419255949255,249,20,0.9256505576208178,0.07434944237918216,1,0.0037174721189591076,0,20,1.0,-5.594220973866054,-5.878812566697594,0.28459159283153945,13.061442537186723,0.5224577014874691,-0.08,-0.024,-0.12,-0.013866108655929564,19,64.37774507464006,0.0,140,27,14,55,3,20,7.200743494423792,7.200743494423792,1.5333333333333334,76.58319964855156,38.455299598363325,-6.085159408940428,59.73597191084274,0.9075500635293474,115.03849924691488,0.038291599824275775,0.01922764979918166,0.05751924962345744,0.84375,0.81,243,161,82,45,0,159,62.090226679125074,62.090226679125074,74,85,81,78,31.799999999999976,49.67218134330006,81.47218134330015,0.39050457030896274,22,19,23,23,13.507122580923554,0.0,13.507122580923554,0.0,1.0,0,27,0,5.098326844123877,0,1,24,0.0,-15.195512903538996,81,0,210,108,0,108,210,20,0,4371.048084906722,437.10480849067216,8969.169255239869,896.916925523987,403.67843916329724,40.367843916329726,5505.9512375620225,550.5951237562023,5550.0,555.0,0,0,0.04073609067165013,0.0,0.04073609067165013,0.04073609067165013,0.0,0.0,0.115,-0.0011499999999999974,-0.0009200000000000007,0.0,0.031045113339562534,0.032636090671650034,0.0,2.1238222943441576,0.049301112723415766,0.012325278180853941,0.007187890602245144,0.057740481746467086,-0.00011548096349293417,0.06792530652297264,0.1772494254420233,-0.11659157951072008,0.002770398108886273,0.0,-0.013413548319313415,-0.0024838197760260403,-0.0016199999999999969,-0.00045631977602604036,-0.0004075000000000003,0.0,0.0,0.0,0.0,0.0,0.0,0.0,0.05179588788901098,0.0,0.0,0.0,0.041436710311208824,0.032588872537319916,0.008847837773888846,0.02682540625095119,-0.012170318817880856,0.03982398127389515,-0.003042579704470214,0.02986798595542137,0.002770398108886273,0.002770398108886273,0.000981377715741596,0.478219601280688,0.1338829491379091,0.06563931630325376,0.0,0.0,0.018571042150984637,0.0,0.0,0.0,0.032636090671650034,0.0,0.054,0.105,-0.006094111326254077,-0.00485514501730601,-0.0012389663089480665,0.3079700766959124,0.26793229083220166,0.040037785863710776,0.8840712308883667,0.11923861503601074,2246,9082,0,0.02730437604089578,0.6859845300515492,0.01,0.49557384848594666,0.7211142778396606,0.5519852042198181,0.7288042306900024,3.4686191082000732,-0.018025878816843033,0.2856787443161011,0.3565293848514557,0.0017447783323101854,0.017858635530703597,0.17405256339245373,18,8,11328,2246,9082,0.06020473492159673,0.8263325476874459,430.7144399250126,rolling40_success_then_profit,0.8211962786055803,430.3033452959709,40,True,0.8211962786055803,430.3033452959709,True,cuda,136.095703125
142,183,200,True,253,253,1241,897,344,122,222,0.2771958098307816,0.09830781627719581,0.1788879935535858,0.443701226309922,1.935340022296544,0.7462254250660921,14.405327705502376,26.771604458449477,0.47068107802018655,0.4871418319285381,0.007279987186359588,0.12326629323637738,0.053174732011039984,0.19918433551488646,0.4980244663779685,0.0038325209752007603,0.16051719016982127,0.09845718463746272,0.14591377193405144,-0.010882634449430384,0.003447466211158828,-0.0372508969334439,-0.04528245262642274,0.05327056358083501,11.15471394037067,11.15471394037067,8.433521353746979,0.5173247381144238,0.10097009062482531,0.1796393191287754,0.08746092132426309,-0.018539812288951747,-0.0776077831367453,238,15,0.9407114624505929,0.05928853754940711,1,0.003952569169960474,0,15,1.0,-7.39557804986624,-7.468506077527991,0.07292802766175119,9.50971808877933,0.3803887235511732,-0.08,-0.12,-0.09334161200804386,-0.014119083881378173,14,51.662301789464685,0.0,110,37,20,59,2,15,7.648221343873518,7.648221343873518,1.4077356970185335,60.10075210354485,25.253544892457143,-7.080432330231219,47.555026544233904,0.8704059144721417,85.35429699600199,0.030050376051772423,0.012626772446228571,0.04267714849800099,0.833922261484099,0.7866666666666666,236,139,97,47,0,136,48.94496341217726,48.22234654603857,59,77,75,61,27.199999999999953,39.15597072974178,66.35597072974186,0.35988943685424457,24,22,23,23,13.529821619151585,0.0,13.529821619151585,0.0,1.0,0,28,0,6.614420113453841,0,4,23,0.0,-15.221049321545538,97,0,222,122,0,122,222,25,0,3914.2780799712077,391.4278079971208,7561.083098604221,756.1083098604221,438.8548302906117,43.88548302906117,4929.604528073212,492.96045280732125,6205.0,620.5,0,0,0.03317798536487096,0.0,0.03317798536487096,0.03317798536487096,0.0,0.0,0.115,-0.0011499999999999974,-0.0009200000000000007,0.0,0.02447248170608863,0.02528893861841543,0.0,1.8791550170369606,0.044489662697170106,0.011122415674292526,0.0064144124110738325,0.07057397341300446,-0.00014114794682600895,0.05812381750272893,0.20893969055185652,-0.14502466026432242,0.0032445025093326674,0.0,-0.015352760985547668,-0.002865101714745705,-0.0018299999999999955,-0.0006376017147457053,-0.0003975000000000003,0.0,0.0,0.0,0.0,0.0,0.0,0.0,0.04300925309233744,0.0,0.0,0.0,0.03440740247386992,0.026542388291896653,0.007865014181973272,0.02023729710700133,-0.014160864660462439,0.03170335102948926,-0.0035402161651156097,0.02377751327211695,0.0032445025093326674,0.0032445025093326674,0.0006667820601041104,0.4638123123910215,0.1350575289786287,0.07058191211168943,0.0,0.0,0.0121591350716158,0.0,0.0,0.0,0.02528893861841543,0.0,0.061,0.111,-0.006094111326254077,-0.00485514501730601,-0.0012389663089480665,0.3079700766959124,0.26793229083220166,0.040037785863710776,0.8840712308883667,0.11923861503601074,2246,9082,0,0.02730437604089578,0.6859845300515492,0.01,0.49557384848594666,0.7211142778396606,0.5519852042198181,0.7288042306900024,3.4686191082000732,-0.018025878816843033,0.2856787443161011,0.3565293848514557,0.0017447783323101854,0.017858635530703597,0.17405256339245373,18,8,11328,2246,9082,0.06020473492159673,0.8263325476874459,430.7144399250126,rolling40_success_then_profit,0.8211962786055803,430.3033452959709,40,True,0.8211962786055803,430.3033452959709,True,cuda,136.095703125
143,184,200,True,319,319,1115,650,465,46,419,0.4170403587443946,0.04125560538116592,0.3757847533632287,0.47846153846153844,1.9184615384615384,0.7698092095210002,13.873600336221548,33.10045317356403,0.47539132669599404,0.5209971731442672,0.022118403235307105,0.08311609941033217,0.03752423678453152,0.216943321033166,0.5267467621198068,0.01295897040802699,0.12346956631025442,0.06409592295531183,0.16462727021712523,-0.005749588975539566,0.009159432827280116,-0.04035346689992225,-0.02657168617078031,0.052316050816040766,9.951569506726457,9.951569506726457,7.783856502242153,0.44663677130044843,0.0035957355090747776,0.13640016642806846,-0.06203356055129981,-0.05292105776535122,-0.0668649734707519,300,19,0.9404388714733543,0.05956112852664577,0,0.0,0,19,1.0,-4.730547839691145,-5.2578492811322155,0.5273014414410746,13.18253603602686,0.5273014414410746,0.0,0.0,0.0,0.0,19,78.76900049115359,0.0,134,14,12,128,2,19,6.09717868338558,6.09717868338558,1.5246636771300448,90.75696035641737,43.646789894400484,-4.835630685681951,77.62405856957226,0.9413576411777003,134.40375025081784,0.04537848017820868,0.02182339494720024,0.06720187512540891,0.75,0.69,207,151,56,69,0,150,86.57656326742746,86.57656326742746,99,51,49,101,29.99999999999996,69.26125061394195,99.26125061394201,0.5771770884495164,40,30,29,29,25.90367821287986,0.0,25.90367821287986,0.0,1.0,0,47,0,4.5408680353407,0,1,39,0.0,-29.141637989489848,55,0,419,46,0,46,419,32,0,4249.627326197446,424.96273261974454,8792.383811964208,879.2383811964207,360.973325325865,36.0973325325865,5351.035033320267,535.1035033320267,5575.0,557.5,0,0,0.04963062530697105,0.0,0.04963062530697105,0.04963062530697105,0.0,0.0,0.145,-0.001449999999999991,-0.0011600000000000009,0.0,0.04328828163371374,0.044730625306971,0.0,2.0800859197264487,0.047808483822907706,0.011952120955726927,0.007018747072743857,0.0415268200650512,-8.30536401301024e-05,0.06423985434752408,0.14087199209997242,-0.07721006608229956,0.001684995908378362,0.0,-0.011236522275774893,-0.0010990853691211194,-0.0006900000000000005,-0.00027908536912111945,-0.0001300000000000001,0.0,0.0,0.0,0.0,0.0,0.0,0.0,0.060049692622567666,0.0,0.0,0.0,0.048039754098054284,0.03970450024557674,0.008335253852477539,0.03639421394194518,-0.009671261371363902,0.05174937237971485,-0.0024178153428409755,0.03881202928478613,0.001684995908378362,0.001684995908378362,0.0008581921983261907,0.4206020314979099,0.08202209446470408,0.04598999887519091,0.0,0.0,0.0232244967941476,0.0,0.0,0.0,0.044730625306971,0.0,0.023,0.2095,-0.006094111326254077,-0.00485514501730601,-0.0012389663089480665,0.3079700766959124,0.26793229083220166,0.040037785863710776,0.8840712308883667,0.11923861503601074,2246,9082,0,0.02730437604089578,0.6859845300515492,0.01,0.49557384848594666,0.7211142778396606,0.5519852042198181,0.7288042306900024,3.4686191082000732,-0.018025878816843033,0.2856787443161011,0.3565293848514557,0.0017447783323101854,0.017858635530703597,0.17405256339245373,18,8,11328,2246,9082,0.06020473492159673,0.8263325476874459,430.7144399250126,rolling40_success_then_profit,0.8211962786055803,430.3033452959709,40,True,0.8211962786055803,430.3033452959709,True,cuda,136.095703125
144,185,200,True,264,264,1086,732,354,150,204,0.3259668508287293,0.13812154696132597,0.1878453038674033,0.5423497267759563,1.8210382513661203,0.7653108411392228,13.949083734731206,30.764941256534044,0.48181071591655683,0.5039809393833895,0.028684928433084098,0.2035334922978909,0.019230338953476134,0.1934905119133411,0.5005171564840228,0.016162398490098005,0.23338262047084263,0.036611097738690056,0.1505233753304623,0.003463782899366663,0.012522529942986093,-0.02984912817295174,-0.01738075878521392,0.04296713658287879,12.290055248618785,12.290055248618785,9.920810313075506,0.43554327808471455,0.07209645237785106,0.1368348256920613,0.012221605617403479,-0.09003571271869272,-0.0199628925504586,244,20,0.9242424242424242,0.07575757575757576,0,0.0,0,20,1.0,-4.3004502809002005,-4.843534283936022,0.5430840030358226,13.577100075895563,0.5430840030358227,0.0,0.0,0.0,0.0,20,79.38093317707589,0.0,138,24,17,55,0,20,7.299242424242424,7.299242424242424,1.5515653775322285,93.83176851355921,41.02913627306853,-6.710268822638874,77.14669511462743,0.9199795877697308,134.86090478662774,0.0469158842567796,0.020514568136534267,0.06743045239331387,0.7692307692307693,0.7,210,159,51,63,0,158,86.23409634407184,85.2827080891811,99,59,59,99,31.599999999999962,68.98727707525744,100.58727707525748,0.5457854198991889,43,39,20,20,26.139813350151137,0.0,26.139813350151137,0.0,1.0,0,48,0,5.526828619448191,0,1,46,0.0,-29.407290018920037,51,0,204,150,0,150,204,36,0,4471.474116923521,447.14741169235214,9240.93756784407,924.093756784407,396.5391035784021,39.65391035784021,5633.1754894800615,563.3175489480061,5430.0,543.0,0,0,0.05029363853762879,0.0,0.05029363853762879,0.05029363853762879,0.0,0.0,0.1,-0.0010000000000000007,-0.0008000000000000006,0.0,0.043117048172035904,0.04391308323567243,0.0,2.2047191321635347,0.05112449127245096,0.01278112281811274,0.0075180468407458735,0.04078465362403645,-8.156930724807292e-05,0.06783853669096246,0.165187934012095,-0.11698147281304638,0.0015445619253102358,0.0,-0.012824925235465148,-0.0034465824788372412,-0.0022499999999999964,-0.0005615824788372408,-0.0006349999999999997,0.0,0.0,0.0,0.0,0.0,0.0,0.0,0.061993192048493316,0.0,0.0,0.0,0.04959455363879478,0.04023491083010293,0.009359642808691775,0.03521821314599422,-0.013420537645277748,0.051431130076418294,-0.003355134411319437,0.03857334755731372,0.0015445619253102358,0.0015445619253102358,0.0012411690922578163,0.45476171916822256,0.17036103886884452,0.03406977032241638,0.0,0.0,0.025555650215804533,0.0,0.0,0.0,0.04391308323567243,0.0,0.075,0.102,-0.006094111326254077,-0.00485514501730601,-0.0012389663089480665,0.3079700766959124,0.26793229083220166,0.040037785863710776,0.8840712308883667,0.11923861503601074,2246,9082,0,0.02730437604089578,0.6859845300515492,0.01,0.49557384848594666,0.7211142778396606,0.5519852042198181,0.7288042306900024,3.4686191082000732,-0.018025878816843033,0.2856787443161011,0.3565293848514557,0.0017447783323101854,0.017858635530703597,0.17405256339245373,18,8,11328,2246,9082,0.06020473492159673,0.8263325476874459,430.7144399250126,rolling40_success_then_profit,0.8211962786055803,430.3033452959709,40,True,0.8211962786055803,430.3033452959709,True,cuda,136.095703125
145,186,200,True,301,301,1187,724,463,79,384,0.3900589721988206,0.06655433866891322,0.3235046335299073,0.4516574585635359,1.9654696132596685,0.7636437960257187,14.120910354740712,32.145152674102896,0.4798769720751877,0.495360154514484,0.024125549448293877,0.11981770652474949,0.04553256480882552,0.19337070680310878,0.49774238069989407,0.01283995794050025,0.1531049109087197,0.07772719507422092,0.15158689538407968,-0.0023822261854100635,0.011285591507793628,-0.033287204383970204,-0.0321946302653954,0.04178381141902909,9.545914069081718,9.545914069081718,7.250210614995788,0.45661331086773377,0.07580206638515584,0.2014907419613243,-0.008863589646234921,-0.052755035723147235,-0.06361838776585164,284,17,0.9435215946843853,0.05647840531561462,1,0.0033222591362126247,0,17,1.0,-5.514997040389188,-5.719826629459852,0.2048295890706644,10.991310260116718,0.4396524104046688,-0.08,-0.024,-0.12,-0.010822821334004402,16,64.05784841103868,0.0,120,20,19,114,1,17,6.385382059800665,6.385382059800665,1.459983150800337,74.53942478554573,33.37651401560449,-6.144503629124389,60.642416596159855,0.9079983983630645,107.91593880115022,0.037269712392772866,0.016688257007802246,0.05395796940057511,0.8205128205128205,0.7466666666666667,224,145,79,49,0,140,65.34038814224792,65.34038814224792,75,65,62,78,27.99999999999995,52.27231051379833,80.27231051379843,0.4667170581589137,30,20,19,19,18.77457684571642,0.0,18.77457684571642,0.0,1.0,0,34,0,5.056341632236279,0,3,25,0.0,-21.121398951430972,78,0,384,79,0,79,384,23,0,4059.16445358766,405.916445358766,7944.5036644687725,794.4503664468773,385.0285137666599,38.50285137666599,5113.666662798991,511.36666627989905,5935.0,593.5,0,0,0.04013615525689924,0.0,0.04013615525689924,0.04013615525689924,0.0,0.0,0.095,-0.0009500000000000008,-0.0007600000000000006,0.0,0.032670194071123954,0.03393615525689918,0.0,1.877673357891098,0.04335883507958007,0.010839708769895018,0.006492122473874074,0.0034251927924254916,-6.850385584850984e-06,0.059581320179127255,0.1611890415247756,-0.11443851751732764,0.001531153253446571,0.0,-0.012633851908738138,-0.0018518346985518597,-0.0011849999999999996,-0.0004343346985518596,-0.00023250000000000018,0.0,0.0,0.0,0.0,0.0,0.0,0.0,0.0500190136412093,0.0,0.0,0.0,0.04001521091296752,0.032108924205519265,0.00790628670744816,0.02724895648351772,-0.01228900725824878,0.04042827773077325,-0.003072251814562195,0.030321208298079928,0.001531153253446571,0.001531153253446571,0.0010224430604403225,0.4196089419889978,0.10785113893205299,0.049495836706164795,0.0,0.0,0.024361137319564376,0.0,0.0,0.0,0.03393615525689918,0.0,0.0395,0.192,0.006898594308101262,0.008059846268345912,-0.0011612519602446506,0.2687483213841915,0.23464899857838947,0.03409932280580203,0.9014680981636047,0.15476500988006592,2295,9039,0,0.027470974748333297,0.639857660399543,0.01,0.4752171039581299,0.7308032512664795,0.5688636898994446,0.7278460264205933,3.3793561458587646,-0.002871630247682333,0.26096391677856445,0.39628276228904724,0.0020859854585271224,0.0203072527785682,0.1810889835986826,19,8,11334,2295,9039,0.059650160643724096,0.8178731848403258,433.3086238586691,rolling40_success_then_profit,0.8225599343296934,432.47424778155545,40,True,0.8225599343296934,432.47424778155545,True,cuda,135.5478515625
146,187,200,True,319,319,1089,639,450,72,378,0.4132231404958678,0.06611570247933884,0.34710743801652894,0.433489827856025,2.0422535211267605,0.7923288947679628,13.212346145617943,30.19106224930156,0.5013296845582105,0.5212416273653974,0.02778390137382516,0.14270454274376793,0.03730591584991005,0.1978169183519338,0.5209520491589217,0.015845583917949123,0.17978976556159706,0.058987527669783456,0.15804654635570606,0.00028957820647568244,0.011938317455876039,-0.03708522281782914,-0.02168161181987341,0.03977037199622774,10.857667584940312,10.857667584940312,8.63544536271809,0.4325068870523416,0.06029665388789416,0.249132718996509,0.04473541403856998,-0.07747262814016034,-0.0403255735588304,300,19,0.9404388714733543,0.05956112852664577,0,0.0,0,19,1.0,-5.241072348115665,-5.759613470882171,0.518541122766509,12.963528069162722,0.518541122766509,0.0,0.0,0.0,0.0,19,70.60509153163599,0.0,144,20,7,118,1,19,6.103448275862069,6.103448275862069,1.5748393021120295,83.94241496986686,40.99806853136705,-5.774035166935752,68.00541446002654,0.921739248583041,124.94048350123391,0.04197120748493343,0.020499034265683527,0.06247024175061695,0.8339100346020761,0.8033333333333333,241,160,81,48,0,155,72.57045551818123,72.57045551818123,87,68,65,90,30.99999999999996,58.05636441454499,89.05636441454502,0.4681964872140725,31,27,17,17,18.87405401042113,0.0,18.87405401042113,0.0,1.0,0,34,0,5.430226643271268,0,0,31,0.0,-21.23331076172377,80,0,378,72,0,72,378,23,0,4569.219132729388,456.92191327293875,9089.652417326106,908.9652417326106,360.88703108637975,36.08870310863797,5752.429734994471,575.2429734994471,5445.0,544.5,0,0,0.04452818220727255,0.0,0.04452818220727255,0.04452818220727255,0.0,0.0,0.085,-0.0008500000000000006,-0.0006800000000000005,0.0,0.03628522775909063,0.03802818220727249,0.0,2.1509692144430925,0.05005783723813663,0.012514459309534157,0.007308760766078559,0.05398097153376878,-0.00010796194306753756,0.0665688904665854,0.1404293770438178,-0.10470687131152519,0.0014912472065011658,0.0,-0.011649078867065782,-0.0017470647602109719,-0.0010800000000000002,-0.0004420647602109714,-0.00022500000000000018,0.0,0.0,0.0,0.0,0.0,0.0,0.0,0.05608467957373896,0.0,0.0,0.0,0.044867743658991405,0.03562254576581793,0.009245197893173334,0.03111568964654542,-0.011548070333871504,0.04533694297335104,-0.002887017583467876,0.03400270723001327,0.0014912472065011658,0.0014912472065011658,0.0007785068961605433,0.44670776145788443,0.12121528510388109,0.04867287369718479,0.0,0.0,0.02772183142438503,0.0,0.0,0.0,0.03802818220727249,0.0,0.036,0.189,0.006898594308101262,0.008059846268345912,-0.0011612519602446506,0.2687483213841915,0.23464899857838947,0.03409932280580203,0.9014680981636047,0.15476500988006592,2295,9039,0,0.027470974748333297,0.639857660399543,0.01,0.4752171039581299,0.7308032512664795,0.5688636898994446,0.7278460264205933,3.3793561458587646,-0.002871630247682333,0.26096391677856445,0.39628276228904724,0.0020859854585271224,0.0203072527785682,0.1810889835986826,19,8,11334,2295,9039,0.059650160643724096,0.8178731848403258,433.3086238586691,rolling40_success_then_profit,0.8225599343296934,432.47424778155545,40,True,0.8225599343296934,432.47424778155545,True,cuda,135.5478515625
147,188,200,True,305,305,1051,634,417,79,338,0.3967649857278782,0.07516650808753568,0.32159847764034255,0.4526813880126183,1.9700315457413249,0.7742201543944868,13.644442382295049,29.151842958919634,0.5210225671594014,0.5172995306809994,0.04257582988272706,0.16897923401806633,0.03010593655545629,0.17952833623164083,0.5131684215239922,0.024358689276742448,0.20426900980829582,0.04609800437252311,0.15072377896001005,0.004131109157007207,0.018217140605984613,-0.03528977579022949,-0.01599206781706682,0.028804557271630782,10.852521408182684,10.852521408182684,8.613701236917223,0.4462416745956232,0.10060287270751561,0.03399562806905379,0.057426875319812935,-0.07950079193701647,-0.04275435599399021,285,20,0.9344262295081968,0.06557377049180328,1,0.003278688524590164,0,20,1.0,-4.783459632761483,-4.9472715978324375,0.16381196507095613,13.307419805794781,0.5322967922317914,-0.08,-0.108,-0.12,-0.06048482716083527,19,91.75992259941158,0.0,143,19,14,99,0,20,6.377049180327869,6.377049180327869,1.6165556612749763,104.9434179522512,42.7898543070337,-5.252736581936027,91.56233961634895,0.9457446423821637,147.7332722592849,0.052471708976125596,0.02139492715351685,0.07386663612964245,0.6877192982456141,0.6533333333333333,196,159,37,89,0,157,104.12487906158057,104.12487906158057,117,40,40,117,31.399999999999963,83.29990324926446,114.69990324926454,0.6632157902011502,56,42,33,33,38.68422109100377,0.0,38.68422109100377,0.0,1.0,0,61,0,3.835136694275057,0,3,52,0.0,-43.51974872737926,36,0,338,79,0,79,338,35,0,4582.691989180682,458.2691989180682,9295.748056235348,929.5748056235349,394.9711180154896,39.49711180154896,5772.093973451363,577.2093973451363,5255.0,525.5,0,0,0.05734995162463228,0.0,0.05734995162463228,0.05734995162463228,0.0,0.0,0.165,-0.001649999999999989,-0.0013200000000000009,0.0,0.05206243953079028,0.05334995162463224,0.0,2.231154251318072,0.05127738746400275,0.012819346866000687,0.007691608119600417,0.0,0.0,0.06744240242129283,0.1364966298425125,-0.09580326480507813,0.0024406404093301735,0.0,-0.012011938465941363,-0.0019357154126053476,-0.0011849999999999996,-0.00048821541260534807,-0.0002625000000000002,0.0,0.0,0.0,0.0,0.0,0.0,0.0,0.06851929849063292,0.0,0.0,0.0,0.05481543879250641,0.04587996129970574,0.008935477492800626,0.043154801517206444,-0.010505473163872054,0.06104155974423265,-0.0026263682909680136,0.045781169808174475,0.0024406404093301735,0.0024406404093301735,0.0011252295105283463,0.44993893085752806,0.1375742526210077,0.041813352715715055,0.0,0.0,0.039434208968424304,0.0,0.0,0.0,0.05334995162463224,0.0,0.0395,0.169,0.006898594308101262,0.008059846268345912,-0.0011612519602446506,0.2687483213841915,0.23464899857838947,0.03409932280580203,0.9014680981636047,0.15476500988006592,2295,9039,0,0.027470974748333297,0.639857660399543,0.01,0.4752171039581299,0.7308032512664795,0.5688636898994446,0.7278460264205933,3.3793561458587646,-0.002871630247682333,0.26096391677856445,0.39628276228904724,0.0020859854585271224,0.0203072527785682,0.1810889835986826,19,8,11334,2295,9039,0.059650160643724096,0.8178731848403258,433.3086238586691,rolling40_success_then_profit,0.8225599343296934,432.47424778155545,40,True,0.8225599343296934,432.47424778155545,True,cuda,135.5478515625
148,189,200,True,264,264,1104,766,338,141,197,0.3061594202898551,0.12771739130434784,0.17844202898550723,0.5130548302872062,1.804177545691906,0.7435928103817973,14.361622090750512,25.88203579405269,0.4539420633657283,0.45247442057409737,0.025040775595850485,0.13921903964258517,0.05317049086283571,0.18250261964252115,0.46390169440688417,0.01228018510872717,0.1662690236230743,0.08775573146107604,0.1477469607711072,-0.0114272738327868,0.012760590487123314,-0.027049983980489134,-0.03458524059824033,0.034755658871413964,9.25,9.25,6.7898550724637685,0.45561594202898553,0.08857461514894009,0.20578380767770318,0.08238705879973775,-0.10251686263133526,-0.03445287960858481,243,21,0.9204545454545454,0.07954545454545454,4,0.015151515151515152,0,21,1.0,-6.769013325242199,-6.093653937950727,-0.6753593872914725,11.747454028733125,0.4698981611493252,-0.32,-0.3,-0.42530610238443173,-0.09995144605636595,17,67.5756732579554,0.0,129,28,17,55,4,21,7.333333333333333,7.333333333333333,1.5317028985507246,78.16140850719428,41.18721141562943,-6.860196326232007,65.08146425176552,0.9046422299524997,119.3486199228237,0.03908070425359714,0.020593605707814714,0.05967430996141185,0.8175438596491228,0.7766666666666666,233,156,77,52,0,153,69.22318774012408,69.22318774012408,81,72,67,86,30.599999999999955,55.37855019209928,85.97855019209933,0.4524391355563665,25,20,27,27,15.34735597746252,0.20597241310334796,15.141383564359174,0.0,1.0000000000000002,1,30,0,5.288911959353041,0,2,25,-0.2471668957240176,-17.03405650990407,77,0,197,141,0,141,197,21,0,4448.360623529164,444.8360623529164,8952.235978417519,895.2235978417518,392.06451926409846,39.20645192640985,5601.860021464238,560.1860021464238,5520.0,552.0,0,0,0.04298927509604969,0.0,0.04298927509604969,0.04298927509604969,0.0,0.0,0.135,-0.0013499999999999931,-0.0010800000000000007,0.0,0.03461159387006204,0.03628927509604965,0.0,2.135568310029709,0.049026027423620784,0.012256506855905196,0.007098367738460714,0.06989449842728686,-0.00013978899685457372,0.06559297444470781,0.1602365880502487,-0.08160063386018318,0.0013957014063855808,0.0,-0.0126443498631889,-0.0032666328336117554,-0.0021149999999999954,-0.0006291328336117564,-0.0005225,0.0,0.0,0.0,0.0,0.0,0.0,0.0,0.05375599295510017,0.0,0.0,0.0,0.04300479436408024,0.03439142007683963,0.008613374287240539,0.029110633962766735,-0.013720392652464013,0.04338764283451034,-0.0034300981631160033,0.032540732125882765,0.0013957014063855808,0.0013957014063855808,0.0009494777745505176,0.44756620513634476,0.1344496728482001,0.07154222197888081,0.0,0.0,0.02035625362119341,0.0,0.0,0.0,0.03628927509604965,0.0,0.0705,0.0985,0.006898594308101262,0.008059846268345912,-0.0011612519602446506,0.2687483213841915,0.23464899857838947,0.03409932280580203,0.9014680981636047,0.15476500988006592,2295,9039,0,0.027470974748333297,0.639857660399543,0.01,0.4752171039581299,0.7308032512664795,0.5688636898994446,0.7278460264205933,3.3793561458587646,-0.002871630247682333,0.26096391677856445,0.39628276228904724,0.0020859854585271224,0.0203072527785682,0.1810889835986826,19,8,11334,2295,9039,0.059650160643724096,0.8178731848403258,433.3086238586691,rolling40_success_then_profit,0.8225599343296934,432.47424778155545,40,True,0.8225599343296934,432.47424778155545,True,cuda,135.5478515625
149,190,200,True,283,283,1119,727,392,101,291,0.35031277926720283,0.0902591599642538,0.26005361930294907,0.5433287482806052,1.7895460797799174,0.7361266799322349,14.929590181930521,29.957567268667393,0.4868526425175551,0.45300101032775236,0.031107601603336806,0.12342461896483803,0.04263837379947858,0.17355881270887188,0.45701481492106166,0.01778555840018117,0.15436189731088515,0.06382473332354571,0.14228639876959331,-0.0040138045933093,0.013322043203155637,-0.03093727834604712,-0.021186359524067132,0.03127241393927857,8.445040214477212,8.445040214477212,6.210008936550492,0.3958891867739053,0.14321435310046174,0.22170988947629325,0.04590607259235571,-0.09852082831435363,-0.04577744478495437,265,18,0.9363957597173145,0.0636042402826855,1,0.0035335689045936395,0,18,1.0,-6.25205603807996,-6.504600035324688,0.2525439972447287,12.213599931118216,0.4885439972447287,-0.08,-0.036000000000000004,-0.12,0.0,17,70.24509131470418,0.0,127,30,16,81,1,18,6.840989399293286,6.840989399293286,1.5335120643431635,81.96061751857832,48.73401555804541,-6.121329470057604,69.42032401474194,0.9189674942541556,130.69463307662372,0.04098030875928916,0.024367007779022704,0.06534731653831186,0.851985559566787,0.7866666666666666,236,151,85,41,0,148,74.53055649846107,74.53055649846107,92,56,55,93,29.599999999999966,59.62444519876885,89.2244451987689,0.503584841205818,19,16,22,22,13.22536869171593,0.2787207035924263,12.946647988123505,0.0,1.0000000000000002,1,21,0,3.9612878671347804,0,0,16,-0.3344648443109116,-14.564978986638943,84,0,291,101,0,101,291,6,0,4487.018879783493,448.70188797834925,8669.637955481041,866.9637955481041,387.58993317898046,38.758993317898046,5650.738973604292,565.0738973604292,5595.0,559.5,0,0,0.04461222259938448,0.0,0.04461222259938448,0.04461222259938448,0.0,0.0,0.11,-0.0010999999999999985,-0.0008800000000000007,0.0,0.037265278249230524,0.039112222599384426,0.0,2.164191550876447,0.049661624443430724,0.012415406110857681,0.007167993410443551,0.08033360481815809,-0.00016066720963631617,0.06379391807115167,0.14350351158219832,-0.08490148822281363,0.0013852254484813852,0.0,-0.012870613518584274,-0.0022355313222495875,-0.0015149999999999975,-0.0004105313222495863,-0.0003100000000000002,0.0,0.0,0.0,0.0,0.0,0.0,0.0,0.05576696150060563,0.0,0.0,0.0,0.04461356920048471,0.03568977807950749,0.008923791120977114,0.031649497272342154,-0.012242658940115208,0.04628021600982797,-0.003060664735028802,0.03471016200737097,0.0013852254484813852,0.0013852254484813852,0.00110732486580809,0.42043676581623146,0.11038762900690152,0.0501544927756001,0.0,0.0,0.02688070875756537,0.0,0.0,0.0,0.039112222599384426,0.0,0.0505,0.1455,0.006898594308101262,0.008059846268345912,-0.0011612519602446506,0.2687483213841915,0.23464899857838947,0.03409932280580203,0.9014680981636047,0.15476500988006592,2295,9039,0,0.027470974748333297,0.639857660399543,0.01,0.4752171039581299,0.7308032512664795,0.5688636898994446,0.7278460264205933,3.3793561458587646,-0.002871630247682333,0.26096391677856445,0.39628276228904724,0.0020859854585271224,0.0203072527785682,0.1810889835986826,19,8,11334,2295,9039,0.059650160643724096,0.8178731848403258,433.3086238586691,rolling40_success_then_profit,0.8225599343296934,432.47424778155545,40,True,0.8225599343296934,432.47424778155545,True,cuda,135.5478515625
150,191,200,True,266,266,1157,813,344,117,227,0.29732065687121867,0.10112359550561797,0.1961970613656007,0.4858548585485855,1.910209102091021,0.7467290119784638,14.502939288759876,27.203140712605485,0.45628574650193143,0.47655019603972065,0.02047385692339835,0.15396797195131928,0.043158755857075896,0.1933692320929279,0.48113233998399524,0.011173537979303398,0.19256140263166924,0.06823489287662518,0.14552383751666853,-0.004582143944274586,0.009300318944094952,-0.038593430680349955,-0.025076137019549284,0.04784539457625936,10.64304235090752,10.64304235090752,8.039757994814174,0.4840103716508211,0.0689613797684815,0.0836877596930657,0.019262969629454774,-0.1094234479842665,-0.03898366021314051,248,18,0.9323308270676691,0.06766917293233082,1,0.0037593984962406013,0,18,1.0,-5.975588158720211,-6.202543988674879,0.22695582995466793,11.273895748866696,0.45095582995466793,-0.08,-0.024,-0.12,0.0,17,66.62834485635224,0.0,127,29,18,61,3,18,7.2105263157894735,7.2105263157894735,1.4796888504753674,77.98669409505014,35.147637659434686,-6.879579897227285,63.96346373034527,0.9028898315917399,113.13433175448483,0.03899334704752507,0.01757381882971734,0.05656716587724241,0.8351254480286738,0.7766666666666666,233,149,84,46,0,146,67.85678883805038,67.85678883805038,77,69,60,86,29.19999999999996,54.28543107044028,83.48543107044034,0.4647725262880163,30,26,16,16,19.49888548771845,0.0,19.49888548771845,0.0,1.0,0,34,0,4.7357540181371816,0,1,30,0.0,-21.93624617368325,83,0,227,117,0,117,227,16,0,4230.130573761939,423.01305737619384,8340.941613971783,834.0941613971784,405.8826781467899,40.588267814678986,5326.094441587907,532.6094441587907,5785.0,578.5,0,0,0.041742715535220215,0.0,0.041742715535220215,0.041742715535220215,0.0,0.0,0.08,-0.0008000000000000006,-0.0006400000000000005,0.0,0.03392839441902519,0.03574271553522016,0.0,2.0394367862760894,0.046408776934470736,0.011602194233617684,0.006899593618343346,0.0167416801156856,-3.34833602313712e-05,0.06253943105997568,0.1778585462756234,-0.12683340638694057,0.001681683595271096,0.0,-0.013489465901907477,-0.0027231969616380936,-0.001754999999999996,-0.0006131969616380935,-0.0003550000000000003,0.0,0.0,0.0,0.0,0.0,0.0,0.0,0.0525114264086065,0.0,0.0,0.0,0.042009141126885155,0.03339417242817605,0.008614968698709084,0.02854194191655895,-0.01375915979445457,0.04264230915356347,-0.0034397899486136425,0.031981731865172634,0.001681683595271096,0.001681683595271096,0.0008420599796995532,0.44563557844397444,0.13460178268883985,0.05900482805153662,0.0,0.0,0.019759008436666673,0.0,0.0,0.0,0.03574271553522016,0.0,0.0585,0.1135,0.006898594308101262,0.008059846268345912,-0.0011612519602446506,0.2687483213841915,0.23464899857838947,0.03409932280580203,0.9014680981636047,0.15476500988006592,2295,9039,0,0.027470974748333297,0.639857660399543,0.01,0.4752171039581299,0.7308032512664795,0.5688636898994446,0.7278460264205933,3.3793561458587646,-0.002871630247682333,0.26096391677856445,0.39628276228904724,0.0020859854585271224,0.0203072527785682,0.1810889835986826,19,8,11334,2295,9039,0.059650160643724096,0.8178731848403258,433.3086238586691,rolling40_success_then_profit,0.8225599343296934,432.47424778155545,40,True,0.8225599343296934,432.47424778155545,True,cuda,135.5478515625
151,192,200,True,272,272,1190,770,420,152,268,0.35294117647058826,0.12773109243697478,0.22521008403361345,0.4753246753246753,1.9792207792207792,0.7708193633656997,13.809741463599266,29.595310670214815,0.47146892085255276,0.5007996860649678,0.012121895932919019,0.14029526082048943,0.050413345645919636,0.1923678040939879,0.5069623920824621,0.006348066348824408,0.1758261348120868,0.09347286367102514,0.14637801951498955,-0.006162706017494246,0.005773829584094611,-0.03553087399159738,-0.043059518025105506,0.045989784578998355,11.073109243697479,11.073109243697479,8.508403361344538,0.5218487394957984,0.06165936369045919,0.0700518087906063,0.05794425566675011,-0.08493587485821909,-0.06024739002528572,254,18,0.9338235294117647,0.0661764705882353,1,0.003676470588235294,0,18,1.0,-5.947155668289788,-6.185107787698504,0.23795211940871722,11.548802985217925,0.4619521194087172,-0.08,-0.024,-0.12,0.0,17,52.84766960183104,0.0,127,28,16,72,2,17,7.125,7.125,1.4605042016806722,63.76925738063421,26.594902886797584,-7.527837823958342,47.394961393825625,0.8629378339929762,90.3641602674318,0.03188462869031711,0.013297451443398792,0.0451820801337159,0.851985559566787,0.7866666666666666,236,147,89,41,0,145,46.824483752861,46.824483752861,58,87,85,60,28.999999999999975,37.4595870022888,66.45958700228887,0.32292747415766204,21,14,20,20,11.797529496061935,0.0,11.797529496061935,0.0,1.0,0,29,0,6.3740147444815936,0,7,20,0.0,-13.272220683069676,87,0,268,152,0,152,268,23,0,3979.158871274467,397.9158871274467,8230.898391522187,823.0898391522187,400.1002790151698,40.01002790151698,5015.616758205296,501.56167582052956,5950.0,595.0,0,0,0.03322979350114447,0.0,0.03322979350114447,0.03322979350114447,0.0,0.0,0.1,-0.0010000000000000007,-0.0008000000000000006,0.0,0.023412241876430498,0.024729793501144397,0.0,1.9434121269043303,0.045952820439717386,0.011488205109929346,0.006866847428072668,0.007620227748124222,-1.5240455496248443e-05,0.06209880775833581,0.18829697298390913,-0.14391101193035877,0.0014084247372050437,0.0,-0.013201129788667752,-0.0035923649068831088,-0.002279999999999997,-0.0008073649068831071,-0.0005050000000000002,0.0,0.0,0.0,0.0,0.0,0.0,0.0,0.043702758155577545,0.0,0.0,0.0,0.03496220652446199,0.026583834800915446,0.008378371723546513,0.01993356178493364,-0.015055675647916685,0.031596640929217074,-0.003763918911979171,0.023697480696912812,0.0014084247372050437,0.0014084247372050437,0.0007384937198584282,0.45367841576961576,0.13781616662190496,0.06390813898877584,0.0,0.0,0.016109623260221074,0.0,0.0,0.0,0.024729793501144397,0.0,0.076,0.134,0.006898594308101262,0.008059846268345912,-0.0011612519602446506,0.2687483213841915,0.23464899857838947,0.03409932280580203,0.9014680981636047,0.15476500988006592,2295,9039,0,0.027470974748333297,0.639857660399543,0.01,0.4752171039581299,0.7308032512664795,0.5688636898994446,0.7278460264205933,3.3793561458587646,-0.002871630247682333,0.26096391677856445,0.39628276228904724,0.0020859854585271224,0.0203072527785682,0.1810889835986826,19,8,11334,2295,9039,0.059650160643724096,0.8178731848403258,433.3086238586691,rolling40_success_then_profit,0.8225599343296934,432.47424778155545,40,True,0.8225599343296934,432.47424778155545,True,cuda,135.5478515625
152,193,200,True,285,285,1142,742,400,83,317,0.3502626970227671,0.07267950963222417,0.2775831873905429,0.4380053908355795,1.9851752021563343,0.7422452330428635,14.393146328527651,30.77075180933482,0.47261015003320517,0.49274200588625394,0.016974651217058982,0.08983415228658609,0.0352064875585863,0.19969121353936725,0.49947524231399165,0.008766699168138267,0.12669954842804979,0.06448834868163031,0.15613402652672198,-0.00673323642773771,0.008207952048920716,-0.0368653961414637,-0.029281861123044012,0.04355718701264527,10.095446584938705,10.095446584938705,7.706654991243433,0.4500875656742557,0.12036805301948726,0.1986820574063612,-0.004934995137891583,-0.027596898154401448,-0.05197768481290189,268,17,0.9403508771929825,0.05964912280701754,0,0.0,0,17,1.0,-5.492936290419654,-5.9408155468106205,0.4478792563909699,11.196981409774244,0.4478792563909699,0.0,0.0,0.0,0.0,17,68.96364318621556,0.0,120,25,21,91,1,17,6.628070175438596,6.628070175438596,1.4632224168126096,80.39849270950882,39.87263800704358,-5.810209427373979,66.86344172441947,0.9200506740023534,120.27113071655239,0.04019924635475441,0.019936319003521788,0.060135565358276195,0.8442028985507246,0.7766666666666666,233,153,80,43,0,147,73.2513566454469,72.50569247846182,86,61,56,91,29.399999999999963,58.601085316357455,88.00108531635755,0.49830854860848234,29,22,14,14,18.82719492444611,0.0,18.82719492444611,0.0,1.0,0,33,0,4.603781949885491,0,0,30,0.0,-21.180594290001878,80,0,317,83,0,83,317,24,0,4308.945384846735,430.8945384846735,8383.100919225299,838.3100919225299,386.27248169751624,38.627248169751624,5426.740314427847,542.6740314427847,5710.0,571.0,0,0,0.04400054265817878,0.0,0.04400054265817878,0.04400054265817878,0.0,0.0,0.07,-0.0007000000000000005,-0.0005600000000000004,0.0,0.03662567832272344,0.038002276991384726,0.0,1.9850436996108471,0.04550889770165628,0.01137722442541407,0.006573350824894904,0.07367914592176365,-0.0001473582918435273,0.06268246285561423,0.16271561380237326,-0.09447538636243519,0.0028460990757294153,0.0,-0.01275188113954612,-0.0019113968480799141,-0.0012449999999999991,-0.0004238968480799142,-0.00024250000000000018,0.0,0.0,0.0,0.0,0.0,0.0,0.0,0.05453040879174922,0.0,0.0,0.0,0.04362432703339947,0.035200434126542945,0.008423892906856453,0.030526616148522714,-0.011620418854747959,0.04457562781627962,-0.0029051047136869896,0.03343172086220974,0.0028460990757294153,0.0028460990757294153,0.0007757832406337053,0.44138290110804995,0.09236168326586076,0.047204733305994374,0.0,0.0,0.022113342399196212,0.0,0.0,0.0,0.038002276991384726,0.0,0.0415,0.1585,0.006898594308101262,0.008059846268345912,-0.0011612519602446506,0.2687483213841915,0.23464899857838947,0.03409932280580203,0.9014680981636047,0.15476500988006592,2295,9039,0,0.027470974748333297,0.639857660399543,0.01,0.4752171039581299,0.7308032512664795,0.5688636898994446,0.7278460264205933,3.3793561458587646,-0.002871630247682333,0.26096391677856445,0.39628276228904724,0.0020859854585271224,0.0203072527785682,0.1810889835986826,19,8,11334,2295,9039,0.059650160643724096,0.8178731848403258,433.3086238586691,rolling40_success_then_profit,0.8225599343296934,432.47424778155545,40,True,0.8225599343296934,432.47424778155545,True,cuda,135.5478515625
153,194,200,True,289,289,1192,807,385,99,286,0.32298657718120805,0.08305369127516779,0.23993288590604026,0.4770755885997522,1.9343246592317225,0.7446623321027117,14.390198145066348,29.12815451525992,0.4582855376825582,0.5154022856383519,0.025351336869830092,0.12176780319337582,0.04364778294517685,0.2066946512727526,0.5183404145261464,0.013939897800983845,0.1553048366424541,0.06855210269509343,0.16229086583237887,-0.0029381288877945444,0.011411439068846247,-0.03353703344907827,-0.02490431974991658,0.04440378544037374,11.526845637583893,11.526845637583893,9.025167785234899,0.511744966442953,0.179726578937466,0.16550600331037071,0.06279348919820447,-0.04517861767450355,-0.02749922122525923,272,17,0.9411764705882353,0.058823529411764705,1,0.0034602076124567475,0,17,1.0,-7.067637379506208,-7.2128371931612465,0.14519981365503803,10.729995341375949,0.42919981365503806,-0.08,-0.084,-0.12,0.0,16,65.79149726414128,0.0,142,34,11,74,1,17,6.750865051903114,6.750865051903114,1.4697986577181208,76.38672732945163,38.34025040105121,-6.1480996359770765,61.47601501351564,0.9090842125202862,114.72697773050284,0.03819336366472582,0.019170125200525603,0.057363488865251416,0.8666666666666667,0.8233333333333334,247,158,89,38,0,156,64.54921447522077,64.54921447522077,79,77,73,83,31.199999999999957,51.6393715801766,82.83937158017669,0.41377701586679977,26,22,12,12,15.100146645766525,0.0,15.100146645766525,0.0,1.0,0,31,0,6.096144719840291,0,4,25,0.0,-16.98766497648734,86,0,286,99,0,99,286,26,0,4025.8684839707007,402.58684839707007,8027.763843758616,802.7763843758615,399.7735552315636,39.97735552315636,5072.863932924305,507.2863932924305,5960.0,596.0,0,0,0.04141968579008838,0.0,0.04141968579008838,0.04141968579008838,0.0,0.0,0.06,-0.0006000000000000004,-0.0004800000000000004,0.0,0.03227460723761038,0.0341196857900883,0.0,1.9485620000897634,0.04670300578820252,0.01167575144705063,0.006864324218922139,0.03822964702013101,-7.645929404026202e-05,0.06640251750557254,0.18383990698104,-0.1215260528858514,0.002276976600721794,0.0,-0.013448597415407885,-0.0022854514047037397,-0.0014849999999999976,-0.0004704514047037382,-0.0003300000000000002,0.0,0.0,0.0,0.0,0.0,0.0,0.0,0.05241897794309859,0.0,0.0,0.0,0.04193518235447897,0.03313574863207057,0.008799433722408325,0.027663957688769288,-0.012296199271954153,0.04098401000901042,-0.003074049817988538,0.03073800750675782,0.002276976600721794,0.002276976600721794,0.001068321809470653,0.45525509559425903,0.1260824327425079,0.055576184047926726,0.0,0.0,0.019963636764475517,0.0,0.0,0.0,0.0341196857900883,0.0,0.0495,0.143,0.007905924287542963,0.007391119965662559,0.0005148043218804033,0.22656171034302627,0.19560392101605734,0.030957789326968944,0.9083928465843201,0.16742193698883057,2259,9334,0,0.028151864682634673,0.6131903228006865,0.01,0.44870075583457947,0.7453505992889404,0.5883647799491882,0.743839681148529,3.475358724594116,-0.017582383006811142,0.24863764643669128,0.21855580806732178,0.002256298467928948,0.024357785990363673,0.19592374186766776,20,8,11593,2259,9334,0.05612450803757302,0.8473281500924952,418.51986945484424,rolling40_success_then_profit,0.8284528340196846,428.46426436872554,40,True,0.8284528340196846,428.46426436872554,True,cuda,139.78271484375
154,195,200,True,275,275,1233,813,420,125,295,0.340632603406326,0.10137875101378752,0.23925385239253852,0.43419434194341944,2.018450184501845,0.7388507261194133,14.460315487334942,27.56815160171279,0.46314778825056796,0.48566091599499606,0.013058267836201235,0.11785475203141955,0.0661127211487088,0.1977649138367484,0.4962902684383287,0.007223877991660788,0.1550166636022658,0.1189601077352505,0.142096360121266,-0.01062935244333263,0.005834389844540447,-0.03716191157084624,-0.0528473865865417,0.055668553715482405,9.773722627737227,9.773722627737227,7.2416869424168695,0.4793187347931874,0.0937722016229963,0.35139969117200487,0.07661605677945514,-0.081062058862438,-0.07589116820502463,260,15,0.9454545454545454,0.05454545454545454,2,0.007272727272727273,0,15,1.0,-6.428195818778069,-6.21959055744111,-0.20860526133695872,9.28486846657603,0.3713947386630413,-0.16,-0.18,-0.24,0.0,13,58.582684456277335,0.0,114,27,23,86,1,14,6.9781818181818185,6.9781818181818185,1.413625304136253,67.99319748979725,37.632093815796175,-7.152182465213614,54.86078048131926,0.8846663322412094,105.62529130559344,0.033996598744898625,0.018816046907898086,0.05281264565279672,0.8687943262411347,0.8166666666666667,245,141,104,37,0,139,58.056026817787924,57.28544446293332,70,69,66,73,27.79999999999996,46.44482145423034,74.24482145423043,0.41766925768192753,17,15,20,20,8.956892622497302,0.0,8.956892622497302,0.0,1.0,0,20,0,7.370388037057695,0,2,18,0.0,-10.076504200309465,104,0,295,125,0,125,295,17,0,3884.1233542977607,388.4123354297761,7450.791585261603,745.0791585261603,405.3159030793018,40.53159030793018,4892.827487799393,489.28274877993925,6165.0,616.5,0,0,0.03712241072711523,0.0,0.03712241072711523,0.03712241072711523,0.0,0.0,0.1,-0.0010000000000000007,-0.0008000000000000006,0.0,0.029028013408893955,0.030114177785173335,0.0,1.8820333501194368,0.043559603666930916,0.010889900916732729,0.006459675869039497,0.020353942023211148,-4.07078840464223e-05,0.05942773233018341,0.18643869250786343,-0.13143624035144386,0.0015871425789295128,0.0,-0.013692332811655229,-0.002914430073802931,-0.0018749999999999952,-0.000624430073802931,-0.00041500000000000033,0.0,0.0,0.0,0.0,0.0,0.0,0.0,0.04697160375980145,0.0,0.0,0.0,0.03757728300784116,0.029697928581692075,0.007879354426149095,0.023854299008052818,-0.014304364930427228,0.03657385365421281,-0.003576091232606807,0.02743039024065963,0.0015871425789295128,0.0015871425789295128,0.0005963063694412515,0.43826633086260725,0.11573777854171932,0.06929500166935429,0.0,0.0,0.014651102430730227,0.0,0.0,0.0,0.030114177785173335,0.0,0.0625,0.1475,0.007905924287542963,0.007391119965662559,0.0005148043218804033,0.22656171034302627,0.19560392101605734,0.030957789326968944,0.9083928465843201,0.16742193698883057,2259,9334,0,0.028151864682634673,0.6131903228006865,0.01,0.44870075583457947,0.7453505992889404,0.5883647799491882,0.743839681148529,3.475358724594116,-0.017582383006811142,0.24863764643669128,0.21855580806732178,0.002256298467928948,0.024357785990363673,0.19592374186766776,20,8,11593,2259,9334,0.05612450803757302,0.8473281500924952,418.51986945484424,rolling40_success_then_profit,0.8284528340196846,428.46426436872554,40,True,0.8284528340196846,428.46426436872554,True,cuda,139.78271484375
155,196,200,True,278,278,1206,752,454,118,336,0.37645107794361526,0.0978441127694859,0.27860696517412936,0.5106382978723404,1.8563829787234043,0.7444702611166112,14.46752235864071,30.712120414414304,0.44896455767482313,0.48537043139259234,0.01395416184467204,0.11381350174803842,0.058785616926739906,0.20533212819235755,0.4957386981299583,0.009160327645850943,0.15253650055866333,0.09205204796617568,0.1527710156985856,-0.010368266737365961,0.004793834198821097,-0.03872299881062491,-0.03326643103943577,0.05256111249377196,9.817578772802653,9.817578772802653,7.567164179104478,0.41127694859038144,0.12506092305977803,0.10368992130065047,0.08853901571938691,-0.08829637271438721,-0.0721632274716768,262,16,0.9424460431654677,0.05755395683453238,1,0.0035971223021582736,0,16,1.0,-6.416243481191336,-6.492102073431007,0.07585859223967086,9.639057310612323,0.385562292424493,-0.08,-0.084,-0.12,-0.02570370018482208,15,58.3809510736524,0.0,112,29,17,94,0,16,6.83453237410072,6.83453237410072,1.4145936981757876,68.2457381922813,37.48597692766126,-5.708572190514288,56.62313915228742,0.9084162448369303,105.73171511994255,0.034122869096140644,0.018742988463830632,0.05286585755997127,0.8767605633802817,0.83,249,140,109,35,0,134,58.97023605258186,58.97023605258186,72,62,56,78,26.799999999999965,47.17618884206549,73.97618884206551,0.44007638845210334,19,13,16,16,11.936524474766106,0.0,11.936524474766106,0.0,1.0,0,20,0,4.9477796374466205,0,2,17,0.0,-13.428590034111869,108,0,336,118,0,118,336,13,0,4043.8555880226813,404.3855588022681,7754.807002961451,775.4807002961451,364.5201114097898,36.45201114097898,5092.291226802509,509.22912268025095,6030.0,603.0,0,0,0.0369880944210328,0.0,0.0369880944210328,0.0369880944210328,0.0,0.0,0.08,-0.0008000000000000006,-0.0006400000000000005,0.0,0.029485118026290925,0.03138809442103275,0.0,1.8870697116496948,0.044151737236666405,0.011037934309166601,0.006360665013825526,0.07114509213948841,-0.00014229018427897684,0.05773292817812416,0.16845687393248607,-0.10965864323152051,0.0027698889069311685,0.0,-0.012277139912912557,-0.0027142145288773893,-0.0017699999999999958,-0.0004792145288773903,-0.00046500000000000035,0.0,0.0,0.0,0.0,0.0,0.0,0.0,0.0470837385459203,0.0,0.0,0.0,0.03766699083673632,0.029590475536826134,0.008076515299910119,0.025457283480886564,-0.011417144381028576,0.03774875943485825,-0.002854286095257144,0.02831156957614371,0.0027698889069311685,0.0027698889069311685,0.0006401619225616255,0.42937771179962697,0.11003642883932137,0.06613879969141392,0.0,0.0,0.01837527577056648,0.0,0.0,0.0,0.03138809442103275,0.0,0.059,0.168,0.007905924287542963,0.007391119965662559,0.0005148043218804033,0.22656171034302627,0.19560392101605734,0.030957789326968944,0.9083928465843201,0.16742193698883057,2259,9334,0,0.028151864682634673,0.6131903228006865,0.01,0.44870075583457947,0.7453505992889404,0.5883647799491882,0.743839681148529,3.475358724594116,-0.017582383006811142,0.24863764643669128,0.21855580806732178,0.002256298467928948,0.024357785990363673,0.19592374186766776,20,8,11593,2259,9334,0.05612450803757302,0.8473281500924952,418.51986945484424,rolling40_success_then_profit,0.8284528340196846,428.46426436872554,40,True,0.8284528340196846,428.46426436872554,True,cuda,139.78271484375
156,197,200,True,282,282,1164,799,365,72,293,0.313573883161512,0.061855670103092786,0.25171821305841924,0.4806007509386733,1.899874843554443,0.7817433737731249,13.60148580023583,30.099278457472114,0.45887765314453527,0.4894737091022678,0.013057017253620903,0.10689323611827906,0.04735986170334478,0.20382562631948645,0.5017557308842453,0.007613294691462839,0.1530651673750348,0.0706040567905818,0.1510388969242088,-0.012282021781977515,0.005443722562158064,-0.046171931256755755,-0.023244195087237025,0.05278672939527765,10.108247422680412,10.108247422680412,7.5214776632302405,0.5189003436426117,0.08292140578189415,0.36078972850180596,0.08342512578857715,-0.03582608477625188,-0.03377028471481885,264,18,0.9361702127659575,0.06382978723404255,1,0.0035460992907801418,0,18,1.0,-5.5753975934441655,-5.798888375461098,0.22349078201693512,11.787269550423375,0.4714907820169351,-0.08,-0.048,-0.12,0.0,17,68.86583578307732,0.0,125,25,18,85,1,18,6.904255319148936,6.904255319148936,1.4896907216494846,80.17968574034907,51.69493467552804,-5.264200848637176,67.33627068859819,0.9274908173848807,131.8746204158771,0.04008984287017454,0.02584746733776402,0.06593731020793855,0.8494623655913979,0.79,237,145,92,42,0,145,71.8528684110583,71.8528684110583,87,58,54,91,28.99999999999996,57.48229472884663,86.48229472884668,0.49553702352454,16,14,26,26,9.224120146162587,0.0,9.224120146162587,0.0,1.0,0,18,0,6.314402322426383,0,0,17,0.0,-10.377135164432907,91,0,293,72,0,72,293,15,0,4115.308398601974,411.5308398601974,8267.610603535168,826.7610603535168,400.32406965747,40.032406965747,5183.89464912015,518.389464912015,5860.0,586.0,0,0,0.04324114736442338,0.0,0.04324114736442338,0.04324114736442338,0.0,0.0,0.13,-0.0012999999999999965,-0.0010400000000000008,0.0,0.03592643420552915,0.03784114736442333,0.0,2.057654199300987,0.047571702600026584,0.011892925650006646,0.007049699761308791,0.02357296540458222,-4.714593080916445e-05,0.06226804064192475,0.17202282055760673,-0.09725347511725622,0.0036575093229724064,0.0,-0.013332481616660789,-0.0016865067589692502,-0.0010800000000000002,-0.00035150675896925004,-0.0002550000000000002,0.0,0.0,0.0,0.0,0.0,0.0,0.0,0.05378692708362074,0.0,0.0,0.0,0.043029541666896605,0.03459291789153861,0.008436623775358025,0.031036034919980495,-0.010528401697274353,0.04489084712573212,-0.002632100424318588,0.0336681353442991,0.0036575093229724064,0.0036575093229724064,0.0010238820368424055,0.4307006262803142,0.10214382068614974,0.04713558137600943,0.0,0.0,0.017432222945880958,0.0,0.0,0.0,0.03784114736442333,0.0,0.036,0.1465,0.007905924287542963,0.007391119965662559,0.0005148043218804033,0.22656171034302627,0.19560392101605734,0.030957789326968944,0.9083928465843201,0.16742193698883057,2259,9334,0,0.028151864682634673,0.6131903228006865,0.01,0.44870075583457947,0.7453505992889404,0.5883647799491882,0.743839681148529,3.475358724594116,-0.017582383006811142,0.24863764643669128,0.21855580806732178,0.002256298467928948,0.024357785990363673,0.19592374186766776,20,8,11593,2259,9334,0.05612450803757302,0.8473281500924952,418.51986945484424,rolling40_success_then_profit,0.8284528340196846,428.46426436872554,40,True,0.8284528340196846,428.46426436872554,True,cuda,139.78271484375
157,198,200,True,302,302,1061,667,394,57,337,0.37134778510838834,0.05372290292177191,0.3176248821866164,0.44377811094452774,1.9700149925037482,0.7703616042053145,13.714486319443274,31.426345865944516,0.48534333286425146,0.5037099355119636,0.026611937553450087,0.12398859422871734,0.0405896600612301,0.1951780595036148,0.5042364273605675,0.013705452943201187,0.16192922253731354,0.06591292499317446,0.151828626153999,-0.0005264918486038717,0.0129064846102489,-0.037940628308596194,-0.02532326493194436,0.0433494333496158,9.674835061262959,9.674835061262959,7.349670122525919,0.4533459000942507,0.14628148403501667,0.19915125052326152,0.013392305285280888,-0.06450170497082466,-0.057400922451438144,280,22,0.9271523178807947,0.0728476821192053,4,0.013245033112582781,0,22,1.0,-6.567015048866821,-5.988879315629599,-0.578135733237223,12.148329514504567,0.48593318058018276,-0.32,-0.21600000000000003,-0.48,-0.048068913817405697,18,70.73875974200138,0.0,135,24,13,97,1,22,6.367549668874172,6.367549668874172,1.5702167766258246,81.86060367453501,37.27087032598479,-4.8316684522854905,68.06934824443044,0.9337228934352689,119.1314740005198,0.04093030183726751,0.018635435162992393,0.059565737000259904,0.7711267605633803,0.73,219,160,59,65,0,154,73.52931209687715,73.52931209687715,86,68,66,88,30.79999999999996,58.823449677501685,89.62344967750178,0.4774630655641373,39,34,26,26,23.081608414364613,0.0,23.081608414364613,0.0,1.0,0,45,0,5.793391115731549,0,3,42,0.0,-25.966809466160203,57,0,337,57,0,57,337,32,0,4662.738167833897,466.2738167833897,9240.924388082447,924.0924388082447,380.70539162484357,38.07053916248436,5872.371078589444,587.2371078589443,5305.0,530.5,0,0,0.044811724838750906,0.0,0.044811724838750906,0.044811724838750906,0.0,0.0,0.13,-0.0012999999999999943,-0.0010400000000000008,0.0,0.036764656048438565,0.038211724838750856,0.0,2.1558634313809097,0.0497985997906295,0.012449649947657375,0.007167840657536121,0.08205654214105565,-0.0001641130842821113,0.06608106625444438,0.13833217017753638,-0.09144451502504239,0.0027090845480196757,0.0,-0.01177178192310764,-0.0012938275486078427,-0.0008550000000000006,-0.0002788275486078424,-0.00016000000000000012,0.0,0.0,0.0,0.0,0.0,0.0,0.0,0.055797261702126004,0.0,0.0,0.0,0.04463780936170098,0.035849379871000606,0.008788429490700259,0.0316188398960725,-0.00966333690457098,0.04537956549628699,-0.002415834226142745,0.034034674122215225,0.0027090845480196757,0.0027090845480196757,0.001039514226155977,0.4435823832602722,0.1159353779437815,0.058385096376845656,0.0,0.0,0.025418419415255182,0.0,0.0,0.0,0.038211724838750856,0.0,0.0285,0.1685,0.007905924287542963,0.007391119965662559,0.0005148043218804033,0.22656171034302627,0.19560392101605734,0.030957789326968944,0.9083928465843201,0.16742193698883057,2259,9334,0,0.028151864682634673,0.6131903228006865,0.01,0.44870075583457947,0.7453505992889404,0.5883647799491882,0.743839681148529,3.475358724594116,-0.017582383006811142,0.24863764643669128,0.21855580806732178,0.002256298467928948,0.024357785990363673,0.19592374186766776,20,8,11593,2259,9334,0.05612450803757302,0.8473281500924952,418.51986945484424,rolling40_success_then_profit,0.8284528340196846,428.46426436872554,40,True,0.8284528340196846,428.46426436872554,True,cuda,139.78271484375
158,199,200,True,278,278,1128,783,345,69,276,0.3058510638297872,0.061170212765957445,0.24468085106382978,0.4789272030651341,1.896551724137931,0.7539593933261979,14.190036190271682,29.32151043072514,0.44851338825478354,0.49322138671521787,0.015078597807945114,0.1119495555163762,0.04638197997140093,0.21104341081437555,0.5024710676108284,0.008495166036627455,0.14769871005167565,0.0775959768252552,0.1577621094435263,-0.009249680895610513,0.00658343177131766,-0.03574915453529945,-0.031213996853854266,0.05328130137084924,10.39804964539007,10.39804964539007,7.820035460992908,0.5070921985815603,0.05107378208283148,-0.040549296888717196,0.046062050077289945,-0.04588191607741176,-0.013685598519422767,261,17,0.9388489208633094,0.06115107913669065,0,0.0,0,17,1.0,-5.733232636935625,-6.225335157364603,0.49210252042898056,12.30256301072451,0.49210252042898056,0.0,0.0,0.0,0.0,17,62.17806508122836,0.0,135,27,11,77,1,17,6.877697841726619,6.877697841726619,1.5044326241134751,74.16092277792059,29.680083849501564,-5.6527388206231794,58.54284501693095,0.9119450516264898,103.84100662742216,0.0370804613889603,0.014840041924750781,0.05192050331371108,0.8181818181818182,0.78,234,156,78,52,0,151,60.653226689419306,60.653226689419306,76,75,73,78,30.199999999999964,48.522581351535436,78.7225813515355,0.4016769979431742,31,26,21,21,20.63113097493886,0.0,20.63113097493886,0.0,1.0,0,36,0,4.355209981016017,0,2,32,0.0,-23.210022346806213,76,0,276,69,0,69,276,25,0,4436.34909039925,443.634909039925,8582.179863211793,858.2179863211793,387.0754048966665,38.70754048966665,5588.2813725161195,558.8281372516119,5640.0,564.0,0,0,0.03936129067576778,0.0,0.03936129067576778,0.03936129067576778,0.0,0.0,0.105,-0.0010499999999999995,-0.0008400000000000007,0.0,0.030326613344709655,0.03206129067576771,0.0,2.0773678917632985,0.04802233535716234,0.012005583839290585,0.0069672726688529175,0.06401369038659135,-0.00012802738077318272,0.06463542438790915,0.16871442272548745,-0.11269953935526576,0.002132675047649044,0.0,-0.012770399379216667,-0.0015745894028622652,-0.0010350000000000005,-0.0003495894028622656,-0.00019000000000000015,0.0,0.0,0.0,0.0,0.0,0.0,0.0,0.05018884713428504,0.0,0.0,0.0,0.04015107770742809,0.03148903254061409,0.008662045166813945,0.026445053098153874,-0.01130547764124636,0.03902856334462066,-0.00282636941031159,0.029271422508465473,0.002132675047649044,0.002132675047649044,0.0009659360615039868,0.45757884886796374,0.11141921040481383,0.07018243815232977,0.0,0.0,0.01997299909299094,0.0,0.0,0.0,0.03206129067576771,0.0,0.0345,0.138,0.007905924287542963,0.007391119965662559,0.0005148043218804033,0.22656171034302627,0.19560392101605734,0.030957789326968944,0.9083928465843201,0.16742193698883057,2259,9334,0,0.028151864682634673,0.6131903228006865,0.01,0.44870075583457947,0.7453505992889404,0.5883647799491882,0.743839681148529,3.475358724594116,-0.017582383006811142,0.24863764643669128,0.21855580806732178,0.002256298467928948,0.024357785990363673,0.19592374186766776,20,8,11593,2259,9334,0.05612450803757302,0.8473281500924952,418.51986945484424,rolling40_success_then_profit,0.8284528340196846,428.46426436872554,40,True,0.8284528340196846,428.46426436872554,True,cuda,139.78271484375
159,200,200,True,267,267,1172,842,330,111,219,0.2815699658703072,0.0947098976109215,0.18686006825938567,0.47149643705463185,1.8836104513064134,0.7287495065117675,15.335267166626991,27.671744653844495,0.4376980053428339,0.46040580667679215,0.01577957378890622,0.08735113653338862,0.04276887746030053,0.1994302548255745,0.4727493990345409,0.00994429071245808,0.1240006656449005,0.08970256588814975,0.14769188723484863,-0.012343592357748734,0.00583528307644814,-0.03664952911151188,-0.046933688427849216,0.051738367590725864,9.1339590443686,9.1339590443686,6.420648464163823,0.48208191126279865,0.19194324534613907,0.28424382689472233,0.10758634387767708,-0.05597389708181738,-0.03583731017945314,251,16,0.9400749063670412,0.0599250936329588,0,0.0,0,16,1.0,-6.897666439555358,-7.3391927815973705,0.44152634204201285,11.03815855105032,0.44152634204201285,0.0,0.0,0.0,0.0,16,62.2237558631298,0.0,130,38,14,59,0,16,7.284644194756554,7.284644194756554,1.4897610921501707,73.24397715045083,39.999740844836666,-6.54235783202332,59.029318700714704,0.900225856986333,113.2437179952875,0.03662198857522542,0.019999870422418332,0.05662185899764375,0.8825622775800712,0.8266666666666667,248,149,99,33,0,148,61.921881211754666,61.22461853614031,72,76,68,80,29.59999999999996,49.537504969403734,79.13750496940382,0.4183910892686126,19,19,14,14,11.09975113231527,0.0,11.09975113231527,0.0,1.0,0,20,0,5.95134043734749,0,2,18,0.0,-12.487220023854677,97,0,219,111,0,111,219,15,0,4237.085485401359,423.7085485401359,8129.642596889333,812.9642596889332,397.1656267979171,39.716562679791714,5336.751752165359,533.6751752165359,5860.0,586.0,0,0,0.03956875248470191,0.0,0.03956875248470191,0.03956875248470191,0.0,0.0,0.07,-0.0007000000000000005,-0.0005600000000000004,0.0,0.030960940605877337,0.03238984741445613,0.0,2.0891908364746157,0.04803967043378252,0.01200991760844563,0.00696303171935369,0.06561888957393534,-0.0001312377791478707,0.06338580360607261,0.17745042092074564,-0.09374251818297276,0.0019252802333319483,0.0,-0.013401517103834084,-0.0025295347441271,-0.0016649999999999966,-0.0005070347441271002,-0.0003575000000000003,0.0,0.0,0.0,0.0,0.0,0.0,0.0,0.050747432313999606,0.0,0.0,0.0,0.04059794585119967,0.03165500198776143,0.008942943863438258,0.02624348043434566,-0.01308471566404664,0.039352879133809825,-0.00327117891601166,0.029514659350357353,0.0019252802333319483,0.0019252802333319483,0.0009412330939124031,0.44814405379370603,0.09635158584368841,0.06686630586872357,0.0,0.0,0.017278945108887504,0.0,0.0,0.0,0.03238984741445613,0.0,0.0555,0.1095,0.007905924287542963,0.007391119965662559,0.0005148043218804033,0.22656171034302627,0.19560392101605734,0.030957789326968944,0.9083928465843201,0.16742193698883057,2259,9334,0,0.028151864682634673,0.6131903228006865,0.01,0.44870075583457947,0.7453505992889404,0.5883647799491882,0.743839681148529,3.475358724594116,-0.017582383006811142,0.24863764643669128,0.21855580806732178,0.002256298467928948,0.024357785990363673,0.19592374186766776,20,8,11593,2259,9334,0.05612450803757302,0.8473281500924952,418.51986945484424,rolling40_success_then_profit,0.8284528340196846,428.46426436872554,40,True,0.8284528340196846,428.46426436872554,True,cuda,139.78271484375
160,201,200,True,288,288,1178,754,424,92,332,0.3599320882852292,0.07809847198641766,0.28183361629881154,0.4920424403183024,1.8541114058355437,0.7411089830041248,14.530931544873063,27.61711945949463,0.4748748325097711,0.45969555862939643,0.013217006866827568,0.09341169827536183,0.06173427079665902,0.1827858688003465,0.47048694448698736,0.006978576162963394,0.11968168497717982,0.10005911242554029,0.1429255288044875,-0.01079138585759093,0.006238430703864174,-0.026269986701817988,-0.03832484162888127,0.039860339995859,8.254668930390492,8.254668930390492,5.944821731748727,0.4312393887945671,0.08807529329745563,0.13290791494002346,0.053330645086880894,-0.0726928457373263,-0.05138213753895804,270,18,0.9375,0.0625,2,0.006944444444444444,0,18,1.0,-5.617563636366685,-5.449654452055689,-0.16790918431099394,10.476556719934067,0.41906226879736264,-0.16,-0.20400000000000001,-0.2229714531083566,0.0,16,58.88075729747183,0.0,122,22,19,98,0,17,6.708333333333333,6.708333333333333,1.4694397283531409,70.13603623100396,33.68128917501889,-6.643656744638337,56.51333972726052,0.8948072721033469,103.81732540602285,0.035068018115501975,0.016840644587509446,0.05190866270301142,0.8450704225352113,0.8,240,144,96,44,0,142,58.62618327729972,58.62618327729972,68,74,68,74,28.399999999999967,46.90094662183977,75.30094662183984,0.41286044561478674,24,18,20,20,15.389683384536248,1.0,14.389683384536248,0.0,1.0,1,24,0,4.65564897225167,0,0,21,-1.2000000000000002,-16.188393807603276,95,0,332,92,0,92,332,13,0,4076.2609878599183,407.6260987859918,8247.661206058061,824.7661206058061,390.1911522101277,39.01911522101277,5132.903831235109,513.2903831235109,5890.0,589.0,0,0,0.03765047331091997,0.0,0.03765047331091997,0.03765047331091997,0.0,0.0,0.1,-0.0010000000000000007,-0.0008000000000000006,0.0,0.029313091638649855,0.03085047331091989,0.0,1.9780721279370668,0.04597602114702888,0.01149400528675722,0.006825086507253774,0.019239340285227967,-3.847868057045594e-05,0.060826536287406474,0.15540676243523682,-0.08894807782563251,0.0015307289431795957,0.0,-0.013020204496199405,-0.0020362791497335465,-0.0013799999999999984,-0.0003662791497335455,-0.0002900000000000002,0.0,0.0,0.0,0.0,0.0,0.0,0.0,0.04810599991710673,0.0,0.0,0.0,0.03848479993368527,0.03012037864873584,0.008364421284949436,0.024934841491311067,-0.013287313489276673,0.037675559818173644,-0.0033218283723191683,0.028256669863630263,0.0015307289431795957,0.0015307289431795957,0.0006782851017142333,0.4129330715219889,0.08984832281804435,0.07179570426236453,0.0,0.0,0.01158979762518636,0.0,0.0,0.0,0.03085047331091989,0.0,0.046,0.166,0.007905924287542963,0.007391119965662559,0.0005148043218804033,0.22656171034302627,0.19560392101605734,0.030957789326968944,0.9083928465843201,0.16742193698883057,2259,9334,0,0.028151864682634673,0.6131903228006865,0.01,0.44870075583457947,0.7453505992889404,0.5883647799491882,0.743839681148529,3.475358724594116,-0.017582383006811142,0.24863764643669128,0.21855580806732178,0.002256298467928948,0.024357785990363673,0.19592374186766776,20,8,11593,2259,9334,0.05612450803757302,0.8473281500924952,418.51986945484424,rolling40_success_then_profit,0.8284528340196846,428.46426436872554,40,True,0.8284528340196846,428.46426436872554,True,cuda,139.78271484375
161,202,200,True,270,270,1200,777,423,104,319,0.3525,0.08666666666666667,0.2658333333333333,0.5019305019305019,1.8854568854568854,0.7647269516032635,13.956722501315358,29.045612549382902,0.45231883286343716,0.49317258732582764,0.015482223440474679,0.11158048631947012,0.049596323547201615,0.20204124712844307,0.5012217818003056,0.008946357541831457,0.14497880562612525,0.08826593764709426,0.1538543757362869,-0.008049194474477994,0.006535865898643222,-0.03339831930665513,-0.03866961409989264,0.04818687139215616,10.189166666666667,10.189166666666667,7.836666666666667,0.465,0.07334474931456218,0.007418589714147852,0.059578026220808704,-0.01589810788465218,-0.012499532145088248,253,17,0.937037037037037,0.06296296296296296,1,0.003703703703703704,0,17,1.0,-5.548975107979881,-5.658736484348769,0.10976137636888991,10.468607279357553,0.4187442911743022,-0.08,-0.07200000000000001,-0.12,-0.03698291480541229,16,51.7233600145878,0.0,113,25,19,86,0,17,7.125925925925926,7.125925925925926,1.4341666666666666,63.43563216970083,29.78869163956527,-6.047200308370383,49.58206542603049,0.891294622919482,93.2243238092661,0.031717816084850414,0.014894345819782634,0.04661216190463305,0.8781362007168458,0.8166666666666667,245,142,103,34,0,139,49.69275002279343,49.69275002279343,59,80,73,66,27.799999999999958,39.75420001823473,67.55420001823477,0.3575017987251326,23,18,11,11,13.218820869417625,1.0,12.218820869417625,0.0,1.0,1,24,0,6.1812899707066755,0,0,23,-1.2000000000000002,-13.74617347809483,100,0,319,104,0,104,319,21,0,4082.9859428019613,408.29859428019614,7999.954832995368,799.9954832995368,376.0518014840725,37.60518014840725,5143.128899860564,514.3128899860565,6000.0,600.0,0,0,0.03377710000911742,0.0,0.03377710000911742,0.03377710000911742,0.0,0.0,0.055,-0.0005500000000000004,-0.00044000000000000034,0.0,0.024846375011396717,0.026477100009117363,0.0,1.9407294197727536,0.04581354421737318,0.011453386054343295,0.006577610274902939,0.08005325745508356,-0.0001601065149101671,0.0597210640423823,0.17709678035857035,-0.11346146947252053,0.002404620293616792,0.0,-0.012780063000071472,-0.0023798865068670647,-0.0015599999999999972,-0.0004998865068670652,-0.00032000000000000024,0.0,0.0,0.0,0.0,0.0,0.0,0.0,0.0445203795485505,0.0,0.0,0.0,0.035616303638840364,0.02702168000729383,0.008594623631546512,0.021767432558830027,-0.012094400616740766,0.0330547102840203,-0.0030236001541851915,0.024791032713015245,0.002404620293616792,0.002404620293616792,0.0007943484031781553,0.4464328217312597,0.11128581275581192,0.07014967306670584,0.0,0.0,0.013340969685949316,0.0,0.0,0.0,0.026477100009117363,0.0,0.052,0.1595,0.013291549739531344,0.014405740518122911,-0.0011141907785915666,0.27354230454398526,0.23961926996707916,0.0339230345769061,0.8974551558494568,0.18639564514160156,2230,9107,0,0.022341756025950114,0.6236407664087084,0.01,0.4511539340019226,0.7457775473594666,0.586726725101471,0.7367959022521973,3.504556894302368,0.019311759620904922,0.2616654932498932,0.4507521688938141,0.0016663160232080068,0.017753136199381618,0.18632623445656565,21,8,11337,2230,9107,0.05907322192425797,0.8429166390060391,434.13117022238737,rolling40_success_then_profit,0.8313728487566621,431.348244455206,40,True,0.8313728487566621,431.348244455206,True,cuda,136.41845703125
162,203,200,True,267,267,1080,744,336,116,220,0.3111111111111111,0.10740740740740741,0.2037037037037037,0.5456989247311828,1.788978494623656,0.7599811181225764,14.258205249745359,29.381000079454914,0.46341597581054905,0.4591853802082359,0.023030807073878987,0.13465105832844812,0.05475024918034192,0.18289443898084823,0.46507282783427545,0.014120506668483378,0.172326230146091,0.07870549784274772,0.13832700006934184,-0.005887447626039544,0.008910300405395609,-0.03767517181764288,-0.023955248662405795,0.044567438911506385,9.36111111111111,9.36111111111111,6.974074074074074,0.42685185185185187,0.13105977885430428,0.1280864030633826,0.0889641858756986,-0.10664380432091992,-0.07520882463359933,248,19,0.9288389513108615,0.07116104868913857,0,0.0,0,19,1.0,-5.628867483317035,-6.133115683645006,0.5042482003279718,12.606205008199288,0.5042482003279718,0.0,0.0,0.0,0.0,19,69.04571119662447,0.0,133,29,14,59,3,19,7.2434456928838955,7.2434456928838955,1.5583333333333333,82.63330365235919,37.847133838387435,-6.528128883898585,66.82030483445503,0.9109983873825367,120.48043749074662,0.04131665182617959,0.018923566919193717,0.06024021874537331,0.8339350180505415,0.77,231,159,72,46,0,156,73.00331475669033,71.1339237447257,87,69,66,90,31.199999999999957,58.402651805352264,89.60265180535237,0.4679699663890406,32,22,14,14,19.951148544150236,0.0,19.951148544150236,0.0,1.0,0,40,0,5.075983687221868,0,2,37,0.0,-22.44504211216902,70,0,220,116,0,116,220,22,0,4703.9515428486375,470.39515428486374,9215.649733929882,921.5649733929882,380.71483805843235,38.071483805843236,5921.735663303787,592.1735663303787,5400.0,540.0,0,0,0.04480132590267619,0.0,0.04480132590267619,0.04480132590267619,0.0,0.0,0.07,-0.0007000000000000005,-0.0005600000000000004,0.0,0.03650165737834516,0.03725356949789028,0.0,2.2571660613136437,0.05173401146423097,0.012933502866057742,0.007293300391746391,0.126607702075187,-0.0002532154041503741,0.06727658576249629,0.14912587106991193,-0.08164779456584077,0.001041849813577292,0.0,-0.012537508602878932,-0.0025355944803764894,-0.0017399999999999959,-0.00043059448037648785,-0.00036500000000000025,0.0,0.0,0.0,0.0,0.0,0.0,0.0,0.05678161336458338,0.0,0.0,0.0,0.04542529069166683,0.03584106072214083,0.00958422996952593,0.030146087975278242,-0.01305625776779717,0.04454686988963667,-0.0032640644419492924,0.033410152417227515,0.001041849813577292,0.001041849813577292,0.0009878411442786463,0.457405818266629,0.12786456860554132,0.06177557751346184,0.0,0.0,0.03156425506191595,0.0,0.0,0.0,0.03725356949789028,0.0,0.058,0.11,0.013291549739531344,0.014405740518122911,-0.0011141907785915666,0.27354230454398526,0.23961926996707916,0.0339230345769061,0.8974551558494568,0.18639564514160156,2230,9107,0,0.022341756025950114,0.6236407664087084,0.01,0.4511539340019226,0.7457775473594666,0.586726725101471,0.7367959022521973,3.504556894302368,0.019311759620904922,0.2616654932498932,0.4507521688938141,0.0016663160232080068,0.017753136199381618,0.18632623445656565,21,8,11337,2230,9107,0.05907322192425797,0.8429166390060391,434.13117022238737,rolling40_success_then_profit,0.8313728487566621,431.348244455206,40,True,0.8313728487566621,431.348244455206,True,cuda,136.41845703125
163,204,200,True,285,285,1162,864,298,69,229,0.25645438898450945,0.05938037865748709,0.19707401032702238,0.42592592592592593,2.0011574074074074,0.757288373351373,14.241456430267405,28.90676623030945,0.43415272753562323,0.5029753869813349,0.018046674284118193,0.09964268336167421,0.024872571852972248,0.22085396687422568,0.5090031738013581,0.009175529587082565,0.14258779970717755,0.05037034804074749,0.16569490313391994,-0.00602778682002314,0.008871144697035628,-0.04294511634550334,-0.025497776187775243,0.05515906374030574,11.390705679862306,11.390705679862306,8.58433734939759,0.5628227194492255,0.1410811157968138,0.2524850208117725,0.05123750453903172,-0.0693667025730586,-0.04987184224999172,268,17,0.9403508771929825,0.05964912280701754,1,0.0035087719298245615,0,17,1.0,-6.507343275687915,-6.7152595180273,0.20791624233938583,11.397906058484644,0.4559162423393858,-0.08,-0.048,-0.12,0.0,16,76.26883048699908,0.0,140,31,17,70,0,17,6.782456140350877,6.782456140350877,1.491394148020654,87.74047484861421,53.31638902181465,-6.097038858357212,73.73940044814792,0.9236308769364114,141.05686387042886,0.04387023742430711,0.026658194510907327,0.07052843193521442,0.8736842105263158,0.83,249,163,86,36,0,160,79.92004763593604,79.92004763593604,96,64,59,101,31.999999999999954,63.93603810874884,95.93603810874889,0.49950029772460025,21,19,15,15,12.734197838200902,0.0,12.734197838200902,0.0,1.0,0,23,0,5.35065019843994,0,1,22,0.0,-14.325972567976011,85,0,229,69,0,69,229,18,0,4218.372982142109,421.83729821421093,8201.058813986288,820.1058813986289,408.4672622091991,40.846726220919905,5313.9327128279965,531.3932712827997,5810.0,581.0,0,0,0.04796801905437448,0.0,0.04796801905437448,0.04796801905437448,0.0,0.0,0.075,-0.0007500000000000006,-0.0006000000000000004,0.0,0.039960023817968024,0.04206801905437442,0.0,2.029429583753699,0.048036042617912694,0.012009010654478174,0.007091581244390818,0.031071690581924712,-6.214338116384943e-05,0.06796819219286798,0.18962037884450197,-0.11123655150080923,0.0025054806510242883,0.0,-0.013640289335884391,-0.0016670416783670615,-0.0010350000000000005,-0.00043204167836706075,-0.00020000000000000015,0.0,0.0,0.0,0.0,0.0,0.0,0.0,0.05916488632768859,0.0,0.0,0.0,0.047331909062151,0.03837441524349947,0.008957493818651487,0.033821180794895316,-0.012194077716714425,0.04915960029876524,-0.0030485194291786063,0.03686970022407396,0.0025054806510242883,0.0025054806510242883,0.0008604512427995611,0.47751964185452817,0.10494104231672939,0.04744957285756663,0.0,0.0,0.020259652215950733,0.0,0.0,0.0,0.04206801905437442,0.0,0.0345,0.1145,0.013291549739531344,0.014405740518122911,-0.0011141907785915666,0.27354230454398526,0.23961926996707916,0.0339230345769061,0.8974551558494568,0.18639564514160156,2230,9107,0,0.022341756025950114,0.6236407664087084,0.01,0.4511539340019226,0.7457775473594666,0.586726725101471,0.7367959022521973,3.504556894302368,0.019311759620904922,0.2616654932498932,0.4507521688938141,0.0016663160232080068,0.017753136199381618,0.18632623445656565,21,8,11337,2230,9107,0.05907322192425797,0.8429166390060391,434.13117022238737,rolling40_success_then_profit,0.8313728487566621,431.348244455206,40,True,0.8313728487566621,431.348244455206,True,cuda,136.41845703125
164,205,200,True,283,283,1178,832,346,89,257,0.2937181663837012,0.07555178268251274,0.21816638370118846,0.43028846153846156,2.001201923076923,0.7495837592913841,14.429312215401577,29.23574849275442,0.4662027635684423,0.48384533267324936,0.016432238142722502,0.12989761548725745,0.04495898306553359,0.19142233872284684,0.4960242427455691,0.010015783491186224,0.17031817222820023,0.08124686169237695,0.14499644655062674,-0.012178910072319749,0.006416454651536278,-0.040420556740942776,-0.03628787862684336,0.046425892172220096,11.308149405772495,11.308149405772495,8.63327674023769,0.4864176570458404,0.029410413306508343,-0.051964184227957615,0.05203733635614423,-0.02946830451055432,-0.0278884530429061,265,18,0.9363957597173145,0.0636042402826855,2,0.007067137809187279,0,18,1.0,-7.207017364672713,-7.128064733147614,-0.07895263152509724,11.223107929091976,0.4489243171636791,-0.16,-0.14400000000000002,-0.19879479679897533,-0.025082151889801025,16,66.15438364094751,0.0,125,32,19,76,3,18,6.752650176678445,6.752650176678445,1.4439728353140917,75.85700902163777,25.789918131485102,-7.115124713995113,63.016021925646434,0.8985454387256048,101.64692715312287,0.03792850451081888,0.012894959065742551,0.05082346357656144,0.7986111111111112,0.7666666666666667,230,149,81,58,0,147,69.05067684061632,67.36622443898048,82,65,62,85,29.399999999999963,55.24054147249305,84.64054147249313,0.4697324955143967,40,32,18,18,26.765314737925525,0.0,26.765314737925525,0.0,1.0,0,44,0,4.127428403715568,0,0,38,0.0,-30.110979080166217,80,0,257,89,0,89,257,27,0,4045.641483996333,404.5641483996333,8184.097227314429,818.4097227314429,424.3025312338575,42.430253123385754,5098.342543884815,509.83425438848155,5890.0,589.0,0,0,0.04232027073624659,0.0,0.04232027073624659,0.04232027073624659,0.0,0.0,0.09,-0.0009000000000000007,-0.0007200000000000005,0.0,0.034525338420308145,0.03524648977559219,0.0,1.9629400821555334,0.045868665466450714,0.011467166366612679,0.006764191508172107,0.031819825380408784,-6.363965076081757e-05,0.06274185650679184,0.18048519733474444,-0.11026557354804781,0.0013582437406917509,0.0,-0.014104752693336619,-0.002077695205368773,-0.0013349999999999987,-0.0004276952053687725,-0.00031500000000000023,0.0,0.0,0.0,0.0,0.0,0.0,0.0,0.052823797452098274,0.0,0.0,0.0,0.042259037961678673,0.033856216588997144,0.008402821372681519,0.02795044860582565,-0.014230249427990225,0.04201068128376428,-0.0035575623569975563,0.03150801096282322,0.0013582437406917509,0.0013582437406917509,0.000874670346851151,0.46112634783038575,0.12967418652322038,0.05425766992177912,0.0,0.0,0.02300473846965564,0.0,0.0,0.0,0.03524648977559219,0.0,0.0445,0.1285,0.013291549739531344,0.014405740518122911,-0.0011141907785915666,0.27354230454398526,0.23961926996707916,0.0339230345769061,0.8974551558494568,0.18639564514160156,2230,9107,0,0.022341756025950114,0.6236407664087084,0.01,0.4511539340019226,0.7457775473594666,0.586726725101471,0.7367959022521973,3.504556894302368,0.019311759620904922,0.2616654932498932,0.4507521688938141,0.0016663160232080068,0.017753136199381618,0.18632623445656565,21,8,11337,2230,9107,0.05907322192425797,0.8429166390060391,434.13117022238737,rolling40_success_then_profit,0.8313728487566621,431.348244455206,40,True,0.8313728487566621,431.348244455206,True,cuda,136.41845703125
165,206,200,True,274,274,1245,822,423,125,298,0.3397590361445783,0.10040160642570281,0.2393574297188755,0.4708029197080292,2.0036496350364965,0.7382274494662772,14.553899806781407,30.650985316756362,0.46398591633114317,0.4884865799524488,0.008444546601778109,0.12116968967111151,0.0791539208529576,0.19582272448334526,0.5097133374235926,0.004472082915858631,0.15766272473391463,0.13375403497106375,0.14380700324963408,-0.021226757471143776,0.003972463685919478,-0.03649303506280312,-0.054600114118106155,0.052015721233711176,10.428112449799197,10.428112449799197,7.8811244979919675,0.5124497991967871,0.11686127500726762,0.22766014320103292,0.018790756511099176,-0.053330952098795036,-0.07865582355413113,258,16,0.9416058394160584,0.058394160583941604,2,0.0072992700729927005,0,16,1.0,-7.830234211722868,-7.5435563170164786,-0.2866778947063874,8.972757598885416,0.3589103039554168,-0.16,-0.216,-0.24,-0.029588198661804198,14,51.102042726821445,0.0,114,34,15,82,3,16,7.091240875912408,7.091240875912408,1.4096385542168675,59.734577058864346,28.127647574643074,-7.4159708104813555,47.98139739852655,0.8661313515381859,87.86222463350742,0.029867288529432174,0.014063823787321537,0.043931112316753715,0.8817204301075269,0.82,246,134,112,33,0,132,47.5969417606585,47.5969417606585,57,75,67,65,26.399999999999963,38.07755340852681,64.47755340852684,0.36058289212620076,19,16,14,14,11.055803567468564,0.0,11.055803567468564,0.0,1.0,0,20,0,5.851499313460674,0,1,17,0.0,-12.437779013402132,107,0,298,125,0,125,298,16,0,3840.761323271423,384.0761323271423,7564.771005210242,756.4771005210242,403.41706167433165,40.341706167433166,4837.851110290067,483.78511102900666,6225.0,622.5,0,0,0.03223877670426345,0.0,0.03223877670426345,0.03223877670426345,0.0,0.0,0.07,-0.0007000000000000005,-0.0005600000000000004,0.0,0.023798470880329253,0.025538776704263393,0.0,1.8750728054989152,0.04427260001918831,0.011068150004797078,0.006448821561420975,0.05195983247173916,-0.00010391966494347834,0.05677746326339363,0.19540508808268103,-0.15627349812451455,0.0016478112135954721,0.0,-0.01386896083013773,-0.002812742412015907,-0.0018749999999999952,-0.000552742412015907,-0.0003850000000000003,0.0,0.0,0.0,0.0,0.0,0.0,0.0,0.042503007044117,0.0,0.0,0.0,0.034002405635293574,0.025791021363410653,0.008211384271882907,0.02028271329402258,-0.014831941620962711,0.03198759826568437,-0.003707985405240678,0.023990698699263277,0.0016478112135954721,0.0016478112135954721,0.0003746298400436838,0.43734920158833795,0.11995054242038274,0.09190180493984815,0.0,0.0,0.007476705403382158,0.0,0.0,0.0,0.025538776704263393,0.0,0.0625,0.149,0.013291549739531344,0.014405740518122911,-0.0011141907785915666,0.27354230454398526,0.23961926996707916,0.0339230345769061,0.8974551558494568,0.18639564514160156,2230,9107,0,0.022341756025950114,0.6236407664087084,0.01,0.4511539340019226,0.7457775473594666,0.586726725101471,0.7367959022521973,3.504556894302368,0.019311759620904922,0.2616654932498932,0.4507521688938141,0.0016663160232080068,0.017753136199381618,0.18632623445656565,21,8,11337,2230,9107,0.05907322192425797,0.8429166390060391,434.13117022238737,rolling40_success_then_profit,0.8313728487566621,431.348244455206,40,True,0.8313728487566621,431.348244455206,True,cuda,136.41845703125
166,207,200,True,265,265,1125,813,312,96,216,0.2773333333333333,0.08533333333333333,0.192,0.4981549815498155,1.881918819188192,0.7481199291432769,14.252585061508498,26.000695902263107,0.45225109154703813,0.4731570472173292,0.025510958227504224,0.1252247302587915,0.05058201565550409,0.19178847622396689,0.48016589973465545,0.014167242533404742,0.16442305478926056,0.07841149884860889,0.14981398600649642,-0.007008852517326247,0.011343715694099482,-0.039198324530469064,-0.027829483193104798,0.04197449021747046,10.296,10.296,7.736888888888889,0.47733333333333333,0.11441974430367637,0.17400526909360078,0.038306820865837685,-0.06697449530370414,-0.06589952484316816,247,18,0.9320754716981132,0.06792452830188679,1,0.0037735849056603774,0,18,1.0,-6.597699195134556,-6.82192341096699,0.2242242158324343,11.875514053480876,0.47502056213923516,-0.08,-0.024,-0.12,-0.02679634630680084,17,68.4538495186195,0.0,130,34,14,58,1,18,7.305660377358491,7.305660377358491,1.5173333333333334,80.57525164431149,37.769757923102866,-5.795289068233079,67.30978880061829,0.9207265864810421,118.34500956741437,0.04028762582215575,0.018884878961551433,0.05917250478370718,0.841726618705036,0.78,234,152,82,44,0,150,72.58413987284298,72.58413987284298,85,65,62,88,29.99999999999997,58.067311898274376,88.06731189827448,0.48389426581895323,36,28,8,8,22.106437163806525,1.0,21.106437163806525,0.0,1.0,1,37,0,5.325237842601452,0,0,37,-1.2000000000000002,-23.74474180928234,80,0,216,96,0,96,216,26,0,4407.383050668459,440.7383050668459,8562.639287025791,856.2639287025792,407.92664888102826,40.79266488810283,5550.9748327262405,555.097483272624,5625.0,562.5,0,0,0.04403365594913725,0.0,0.04403365594913725,0.04403365594913725,0.0,0.0,0.04,-0.00040000000000000024,-0.00032000000000000024,0.0,0.036292069936421485,0.0378336559491372,0.0,2.141075981716368,0.04892962026634555,0.012232405066586387,0.007039536584608347,0.0814833705349152,-0.0001629667410698304,0.06424679867431897,0.17175837925121612,-0.10040761199178819,0.002731008413496739,0.0,-0.013370186816817757,-0.0021698582643078328,-0.001439999999999998,-0.0004048582643078326,-0.00032500000000000026,0.0,0.0,0.0,0.0,0.0,0.0,0.0,0.05570309427465368,0.0,0.0,0.0,0.04456247541972303,0.03522692475930968,0.009335550660413272,0.030757249866192576,-0.011590578136466159,0.04487319253374552,-0.0028976445341165396,0.033654894400309145,0.002731008413496739,0.002731008413496739,0.000984548485316336,0.4568724704156469,0.1162651870636287,0.05797533841141771,0.0,0.0,0.027987592422732303,0.0,0.0,0.0,0.0378336559491372,0.0,0.048,0.108,0.013291549739531344,0.014405740518122911,-0.0011141907785915666,0.27354230454398526,0.23961926996707916,0.0339230345769061,0.8974551558494568,0.18639564514160156,2230,9107,0,0.022341756025950114,0.6236407664087084,0.01,0.4511539340019226,0.7457775473594666,0.586726725101471,0.7367959022521973,3.504556894302368,0.019311759620904922,0.2616654932498932,0.4507521688938141,0.0016663160232080068,0.017753136199381618,0.18632623445656565,21,8,11337,2230,9107,0.05907322192425797,0.8429166390060391,434.13117022238737,rolling40_success_then_profit,0.8313728487566621,431.348244455206,40,True,0.8313728487566621,431.348244455206,True,cuda,136.41845703125
167,208,200,True,284,284,1103,776,327,63,264,0.2964641885766092,0.057116953762466005,0.23934723481414324,0.4690721649484536,1.9510309278350515,0.7586946895672488,14.103092321415538,28.32007402611762,0.4510180931923894,0.49426097207769903,0.03213031436364675,0.1253614434420333,0.05448595103783744,0.19898678287719712,0.4959628339856863,0.017113842701385776,0.16331236272661456,0.07696214390494957,0.15401593389556043,-0.0017018619079872677,0.015016471662260975,-0.037950919284581275,-0.02247619286711213,0.044970848981636696,10.85131459655485,10.85131459655485,8.308250226654579,0.4877606527651859,0.05268946270293144,0.13522227882756865,0.08974203389154717,-0.08819061192591468,-0.05451872605332862,264,20,0.9295774647887324,0.07042253521126761,2,0.007042253521126761,0,20,1.0,-5.4166111272324065,-5.394756219387048,-0.021854907845357457,13.092799151567133,0.5237119660626853,-0.16,-0.096,-0.24,-0.04956687390804291,18,77.06738885661771,0.0,135,23,18,78,0,20,6.820422535211268,6.820422535211268,1.5330915684496826,90.45868958658271,39.238986587689595,-5.534813582035762,74.6885280224466,0.9310074415832297,129.69767617427232,0.045229344793291354,0.019619493293844797,0.06484883808713617,0.8063380281690141,0.7633333333333333,229,161,68,55,0,160,82.16779508846516,82.16779508846516,94,66,64,96,31.999999999999964,65.7342360707721,97.7342360707722,0.5135487193029072,38,30,17,17,26.59086920241891,0.0,26.59086920241891,0.0,1.0,0,45,0,3.7135346864505303,0,0,42,0.0,-29.914727852721278,66,0,264,63,0,63,264,28,0,4453.861592979774,445.38615929797743,8868.269512189285,886.8269512189285,394.4433339577987,39.44433339577987,5608.8848622438545,560.8884862243855,5515.0,551.5,0,0,0.048867118035386126,0.0,0.048867118035386126,0.048867118035386126,0.0,0.0,0.085,-0.0008500000000000006,-0.0006800000000000005,0.0,0.04108389754423259,0.04246711803538607,0.0,2.1956603673974384,0.051048751594863134,0.012762187898715784,0.007325233979578336,0.09112149398370208,-0.00018224298796740417,0.06852046932964358,0.16224334615591893,-0.11353384787134044,0.002087579167458003,0.0,-0.012726910567490955,-0.0015185034854952146,-0.0009450000000000007,-0.0003810034854952142,-0.00019250000000000015,0.0,0.0,0.0,0.0,0.0,0.0,0.0,0.060597062946134414,0.0,0.0,0.0,0.04847765035690757,0.03909369442830879,0.009383955928598722,0.03457685722020535,-0.011069627164071522,0.04979235201496441,-0.0027674067910178806,0.0373442640112233,0.002087579167458003,0.002087579167458003,0.001197259154394273,0.46236639120367873,0.11653346302453492,0.05501128988481903,0.0,0.0,0.033931227916184796,0.0,0.0,0.0,0.04246711803538607,0.0,0.0315,0.132,0.013291549739531344,0.014405740518122911,-0.0011141907785915666,0.27354230454398526,0.23961926996707916,0.0339230345769061,0.8974551558494568,0.18639564514160156,2230,9107,0,0.022341756025950114,0.6236407664087084,0.01,0.4511539340019226,0.7457775473594666,0.586726725101471,0.7367959022521973,3.504556894302368,0.019311759620904922,0.2616654932498932,0.4507521688938141,0.0016663160232080068,0.017753136199381618,0.18632623445656565,21,8,11337,2230,9107,0.05907322192425797,0.8429166390060391,434.13117022238737,rolling40_success_then_profit,0.8313728487566621,431.348244455206,40,True,0.8313728487566621,431.348244455206,True,cuda,136.41845703125
168,209,200,True,302,302,1014,595,419,86,333,0.41321499013806706,0.08481262327416174,0.32840236686390534,0.48067226890756304,1.934453781512605,0.7781920955962494,13.596281803355497,26.747058747495924,0.525575344295372,0.5018009029015773,0.03886645088175766,0.13244916630141876,0.026998431631559586,0.18419856701453194,0.4997146072758346,0.023234650855805693,0.17525760830700898,0.04601423113329039,0.14365921841636925,0.0020862956257426957,0.015631800025951964,-0.042808442005590225,-0.019015799501730803,0.04053934859816269,9.323471400394478,9.323471400394478,7.212031558185404,0.40532544378698226,0.04111338787871954,0.11583595078572147,0.09946708193981324,-0.11140199356596961,-0.03510404492435252,281,21,0.9304635761589404,0.0695364238410596,1,0.0033112582781456954,0,21,1.0,-3.7311959778428827,-3.9869201330095545,0.2557241551666717,12.593103879166788,0.5037241551666717,-0.08,-0.048,-0.12,0.0,20,82.64467915142531,0.0,148,12,15,94,2,21,6.374172185430464,6.374172185430464,1.665680473372781,99.3513114321092,53.50677665725975,-4.641914967456435,80.83507279045375,0.9456939804593564,152.85808808936895,0.0496756557160546,0.026753388328629876,0.07642904404468448,0.8291814946619217,0.7766666666666666,233,169,64,48,0,165,88.38231117410204,88.38231117410204,103,62,60,105,32.99999999999998,70.70584893928162,103.70584893928168,0.5356503707521336,33,31,15,15,20.165672147322326,0.0,20.165672147322326,0.0,1.0,0,38,0,5.304624933133225,0,1,34,0.0,-22.68638116573761,63,0,333,86,0,86,333,26,0,4977.53569908229,497.753569908229,9734.23538810829,973.4235388108291,358.1200534201582,35.812005342015816,6266.375518551347,626.6375518551347,5070.0,507.0,0,0,0.051852924469640876,0.0,0.051852924469640876,0.051852924469640876,0.0,0.0,0.075,-0.0007500000000000006,-0.0006000000000000004,0.0,0.04419115558705103,0.045852924469640816,0.0,2.361665722034978,0.054165923227382486,0.013541480806845621,0.008037124057328381,0.023919072633203142,-4.7838145266406284e-05,0.07084960893944102,0.11657462574139266,-0.07089892565350159,0.0034105392903451964,0.0,-0.011371539255418443,-0.001894657468671296,-0.0012899999999999988,-0.000324657468671296,-0.0002800000000000002,0.0,0.0,0.0,0.0,0.0,0.0,0.0,0.06459656713122003,0.0,0.0,0.0,0.05167725370497598,0.04148233957571258,0.0101949141292634,0.038096578911498605,-0.00928382993491287,0.05389004852696919,-0.0023209574837282174,0.040417536395226876,0.0034105392903451964,0.0034105392903451964,0.0009648308673873545,0.45334283681004384,0.11921152484008685,0.03984771104214088,0.0,0.0,0.02965577296570901,0.0,0.0,0.0,0.045852924469640816,0.0,0.043,0.1665,0.013291549739531344,0.014405740518122911,-0.0011141907785915666,0.27354230454398526,0.23961926996707916,0.0339230345769061,0.8974551558494568,0.18639564514160156,2230,9107,0,0.022341756025950114,0.6236407664087084,0.01,0.4511539340019226,0.7457775473594666,0.586726725101471,0.7367959022521973,3.504556894302368,0.019311759620904922,0.2616654932498932,0.4507521688938141,0.0016663160232080068,0.017753136199381618,0.18632623445656565,21,8,11337,2230,9107,0.05907322192425797,0.8429166390060391,434.13117022238737,rolling40_success_then_profit,0.8313728487566621,431.348244455206,40,True,0.8313728487566621,431.348244455206,True,cuda,136.41845703125
169,210,200,True,300,300,1116,702,414,54,360,0.3709677419354839,0.04838709677419355,0.3225806451612903,0.49002849002849,1.8703703703703705,0.778998566828562,13.474694631038568,28.62610154265692,0.4449216170716806,0.5111730427738608,0.032245607446995894,0.1156670193153399,0.04683814773752627,0.22217802026248046,0.5146162976693903,0.017599201095197615,0.1517124810863679,0.07861421802436051,0.16206755803531817,-0.003443254895529546,0.014646406351798279,-0.03604546177102799,-0.03177607028683424,0.06011046222716229,10.592293906810037,10.592293906810037,8.359318996415771,0.43548387096774194,0.1012612722508929,0.16642862577017856,0.05924250447179399,-0.04428696136146692,-0.05467627962565846,280,20,0.9333333333333333,0.06666666666666667,2,0.006666666666666667,0,20,1.0,-5.481641149061324,-5.5393900249898405,0.057748875928517185,12.943721898212928,0.5177488759285171,-0.16,-0.06,-0.24,0.0,18,71.23606794797058,0.0,135,21,14,100,0,20,6.286666666666667,6.286666666666667,1.485663082437276,82.98209864627819,36.03143586465829,-4.9572934899793335,68.15858223893648,0.9321994923734623,119.01353451093648,0.041491049323139094,0.018015717932329145,0.05950676725546824,0.8191489361702128,0.77,231,159,72,51,0,152,74.05635616870399,74.05635616870399,90,62,61,91,30.399999999999974,59.2450849349632,89.64508493496326,0.4872128695309473,35,24,16,16,24.150980341599002,0.0,24.150980341599002,0.0,1.0,0,42,0,3.900761408423804,0,2,36,0.0,-27.169852884298887,70,0,360,54,0,54,360,29,0,4360.185318021359,436.01853180213595,8725.906501125824,872.5906501125825,356.9667588775975,35.69667588775975,5493.6856351685265,549.3685635168526,5580.0,558.0,0,0,0.044822542467481685,0.0,0.044822542467481685,0.044822542467481685,0.0,0.0,0.08,-0.0008000000000000006,-0.0006400000000000005,0.0,0.037028178084352006,0.038722542467481615,0.0,1.9625808230115136,0.04612632882415893,0.011531582206039732,0.0067165123584760605,0.05964365071706382,-0.00011928730143412764,0.0647984176725418,0.1490784533027945,-0.1036919417325288,0.00176030293274775,0.0,-0.011357635459800439,-0.0012634273405184675,-0.0008100000000000006,-0.0002659273405184675,-0.0001875000000000001,0.0,0.0,0.0,0.0,0.0,0.0,0.0,0.05543483737208719,0.0,0.0,0.0,0.0443478698976698,0.03585803397398522,0.008489835923684488,0.031600644374478584,-0.009914586979958668,0.04543905482595766,-0.002478646744989667,0.03407929111946824,0.00176030293274775,0.00176030293274775,0.0011126828661188475,0.43467065033349866,0.10049973927615877,0.04789548929716709,0.0,0.0,0.030822025611316993,0.0,0.0,0.0,0.038722542467481615,0.0,0.027,0.18,-0.010255071427673101,-0.007916993523637453,-0.0023380779040356476,0.2535483120630185,0.21810144782066346,0.035446864242355026,0.9008938074111938,0.18912434577941895,2261,9008,0,0.018623115246494612,0.5863142629464467,0.01,0.42348116636276245,0.7670709490776062,0.6186138987541199,0.7658748030662537,3.369227409362793,-0.0004269221390131861,0.2655069828033447,0.3394760191440582,0.0017681798824115604,0.018552403131292926,0.19740874854226906,22,8,11269,2261,9008,0.058341373267240974,0.8243098072030495,440.36671067283567,rolling40_success_then_profit,0.8317520657658711,431.4081628267498,40,True,0.8317520657658711,431.4081628267498,True,cuda,135.1650390625
170,211,200,True,285,285,1229,776,453,124,329,0.36859235150528885,0.10089503661513426,0.2676973148901546,0.4536082474226804,1.9394329896907216,0.7528934292303225,14.337593070010549,30.70555191417945,0.4524437752124493,0.49192100254453947,0.012785323636279893,0.1430313148458978,0.06098385085471781,0.20616263874624038,0.4996843337052569,0.007850113900896814,0.17091163462171927,0.11647096049993481,0.1454651490113093,-0.007763331160717424,0.0049352097353830785,-0.027880319775821477,-0.055487109645217005,0.06069748973493108,9.96419853539463,9.96419853539463,7.550040683482506,0.4792514239218877,0.08878458189595356,0.27027610999604246,0.022826865813053716,-0.04191710243437898,-0.03213109885049841,268,17,0.9403508771929825,0.05964912280701754,3,0.010526315789473684,0,17,1.0,-7.551579285899335,-7.087512220442284,-0.4640670654570501,9.725829577954007,0.3890331831181603,-0.24,-0.18,-0.36,-0.07310024857521057,14,45.52314657330878,0.0,114,32,19,92,1,17,6.792982456140351,6.792982456140351,1.4165988608624898,54.055675610761114,18.91336528917286,-6.672230020794306,39.406876771600714,0.8552005347921477,72.96904089993397,0.027027837805380556,0.009456682644586429,0.03648452044996699,0.864963503649635,0.79,237,139,98,37,0,138,38.780842905926534,37.87991652079496,45,93,89,49,27.599999999999955,31.02467432474123,58.624674324741264,0.28102060076758356,22,21,15,15,12.285583521452065,0.0,12.285583521452065,0.0,1.0,0,23,0,6.485963578260168,0,1,22,0.0,-13.82128146163357,96,0,329,124,0,124,329,19,0,3856.464346793112,385.6464346793112,7552.946069268984,755.2946069268984,381.7618207614008,38.17618207614008,4856.883266939523,485.6883266939523,6145.0,614.5,0,0,0.029312337162370684,0.0,0.029312337162370684,0.029312337162370684,0.0,0.0,0.075,-0.0007500000000000004,-0.0006000000000000004,0.0,0.019390421452963266,0.019951966608317984,0.0,1.9028096463475468,0.04355949303040001,0.010889873257600002,0.006319284572749165,0.0586527777525759,-0.0001173055555051518,0.05884324962205253,0.1803156097372131,-0.14462287577364644,0.0015553117928851971,0.0,-0.01276714073359821,-0.0028494214680559234,-0.0018599999999999951,-0.0005594214680559237,-0.0004300000000000003,0.0,0.0,0.0,0.0,0.0,0.0,0.0,0.03933490486446552,0.0,0.0,0.0,0.03146792389157224,0.023449869729896426,0.00801805416167592,0.01636732337540321,-0.013344460041588612,0.02627125118106713,-0.003336115010397153,0.019703438385800357,0.0015553117928851971,0.0015553117928851971,0.0006884829296916722,0.43050827426831395,0.12579432481569136,0.07423835700071078,0.0,0.0,0.013708197721740527,0.0,0.0,0.0,0.019951966608317984,0.0,0.062,0.1645,-0.010255071427673101,-0.007916993523637453,-0.0023380779040356476,0.2535483120630185,0.21810144782066346,0.035446864242355026,0.9008938074111938,0.18912434577941895,2261,9008,0,0.018623115246494612,0.5863142629464467,0.01,0.42348116636276245,0.7670709490776062,0.6186138987541199,0.7658748030662537,3.369227409362793,-0.0004269221390131861,0.2655069828033447,0.3394760191440582,0.0017681798824115604,0.018552403131292926,0.19740874854226906,22,8,11269,2261,9008,0.058341373267240974,0.8243098072030495,440.36671067283567,rolling40_success_then_profit,0.8317520657658711,431.4081628267498,40,True,0.8317520657658711,431.4081628267498,True,cuda,135.1650390625
171,212,200,True,284,284,1042,733,309,70,239,0.2965451055662188,0.0671785028790787,0.22936660268714013,0.5238744884038199,1.8335607094133697,0.7652087092887493,13.92456608547195,26.0097909381697,0.4681830159030343,0.4672174871699709,0.03448937201077096,0.12319875981196213,0.03609848967505591,0.1852524317318185,0.46695166775425656,0.018424763950286752,0.15932630137750042,0.057108082022711046,0.1496811913577954,0.0002658194157143523,0.016064608060484206,-0.036127541565538296,-0.021009592347655134,0.035571240374023094,9.276391554702496,9.276391554702496,6.84932821497121,0.45201535508637236,0.13236131486965302,0.1958559584270748,0.1259541787340093,-0.06245800720640691,-0.04731251968243076,265,19,0.9330985915492958,0.06690140845070422,0,0.0,0,19,1.0,-4.445360293221982,-4.972778183072804,0.5274178898508232,13.185447246270579,0.5274178898508232,0.0,0.0,0.0,0.0,19,86.60287100135504,0.0,149,22,15,68,1,19,6.848591549295775,6.848591549295775,1.6497120921305182,102.52020132730007,50.286062020563804,-5.40461680474817,85.46596376425501,0.9405240203055142,152.80626334786388,0.051260100663650034,0.025143031010281904,0.07640313167393194,0.8014184397163121,0.7533333333333333,226,166,60,56,1,165,94.31698593961724,94.31698593961724,106,59,53,112,32.99999999999998,75.45358875169376,108.45358875169384,0.5716180966037409,40,30,16,16,26.46691994572707,0.0,26.46691994572707,0.0,1.0,0,44,0,4.408162436610051,0,1,41,0.0,-29.77528493894296,59,0,239,70,0,70,239,29,0,4821.526792104304,482.1526792104304,9378.32103941048,937.8321039410481,385.008682591812,38.500868259181196,6069.011751481741,606.9011751481742,5210.0,521.0,0,0,0.05422679437584696,0.0,0.05422679437584696,0.05422679437584696,0.0,0.0,0.08,-0.0008000000000000006,-0.0006400000000000005,0.0,0.04715849296980861,0.04892679437584689,0.0,2.3705671207176295,0.05416909976046181,0.013542274940115452,0.008050514800323073,0.02029665156802912,-4.059330313605824e-05,0.0706970784296248,0.1374535581613304,-0.06630603020759465,0.00220118442644492,0.0,-0.012479205484951503,-0.001628365519335731,-0.0010500000000000006,-0.0003558655193357305,-0.00022250000000000018,0.0,0.0,0.0,0.0,0.0,0.0,0.0,0.06692847601282616,0.0,0.0,0.0,0.05354278081026102,0.04338143550067744,0.010161345309583566,0.040030673479753455,-0.01080923360949634,0.05697730917617,-0.002702308402374085,0.042732981882127506,0.00220118442644492,0.00220118442644492,0.0012515730895350382,0.4599836826461186,0.11373892476833371,0.042452064782730205,0.0,0.0,0.032151830824426644,0.0,0.0,0.0,0.04892679437584689,0.0,0.035,0.1195,-0.010255071427673101,-0.007916993523637453,-0.0023380779040356476,0.2535483120630185,0.21810144782066346,0.035446864242355026,0.9008938074111938,0.18912434577941895,2261,9008,0,0.018623115246494612,0.5863142629464467,0.01,0.42348116636276245,0.7670709490776062,0.6186138987541199,0.7658748030662537,3.369227409362793,-0.0004269221390131861,0.2655069828033447,0.3394760191440582,0.0017681798824115604,0.018552403131292926,0.19740874854226906,22,8,11269,2261,9008,0.058341373267240974,0.8243098072030495,440.36671067283567,rolling40_success_then_profit,0.8317520657658711,431.4081628267498,40,True,0.8317520657658711,431.4081628267498,True,cuda,135.1650390625
172,213,200,True,276,276,1110,768,342,74,268,0.3081081081081081,0.06666666666666667,0.24144144144144145,0.5299479166666666,1.8502604166666667,0.7377128391720665,14.671327439447245,27.8903409425014,0.4483114337421436,0.4490787126900007,0.024563866939085226,0.09555511720100185,0.0201339935077461,0.19328065348721188,0.45161487406585366,0.013727062527323142,0.11932702536917834,0.048176627357709854,0.15496065433641584,-0.002536161375852941,0.010836804411762085,-0.023771908168176495,-0.028042633849963753,0.038319999150796036,8.966666666666667,8.966666666666667,6.70990990990991,0.37027027027027026,0.13325497536872066,0.05683680811665739,0.10508711134133271,-0.017517340027186815,-0.04364109645175947,258,18,0.9347826086956522,0.06521739130434782,0,0.0,0,18,1.0,-5.73932702295728,-6.240460819303983,0.5011337963467051,12.528344908667627,0.5011337963467051,0.0,0.0,0.0,0.0,18,64.6695507706714,0.0,127,30,14,77,0,18,6.9601449275362315,6.9601449275362315,1.5171171171171172,76.60849615865443,34.93560709652488,-6.101102686777164,62.515303878883365,0.9110839084681754,111.54410325517932,0.03830424807932722,0.017467803548262443,0.055772051627589664,0.8146853146853147,0.7766666666666666,233,151,82,53,0,147,65.79617307917408,65.79617307917408,77,70,64,83,29.39999999999996,52.63693846333925,82.03693846333933,0.4475930141440414,30,23,23,23,19.092083640516677,0.0,19.092083640516677,0.0,1.0,0,30,0,4.798499289391444,0,3,25,0.0,-21.47859409558127,80,0,268,74,0,74,268,21,0,4470.880946250756,447.0880946250756,8804.092235194386,880.4092235194387,382.0596907958839,38.20596907958839,5627.75799949983,562.7757999499829,5550.0,555.0,0,0,0.04101846923166968,0.0,0.04101846923166968,0.04101846923166968,0.0,0.0,0.115,-0.0011499999999999974,-0.0009200000000000007,0.0,0.03289808653958704,0.03461846923166963,0.0,2.124642860724945,0.049292853081941326,0.012323213270485332,0.007058400020919274,0.09464650682381705,-0.0001892930136476341,0.06324356365683931,0.14654609037130598,-0.06037719187086213,0.0014089156545060936,0.0,-0.012520115681035943,-0.0016800848972364248,-0.00111,-0.00032008489723642453,-0.00025000000000000017,0.0,0.0,0.0,0.0,0.0,0.0,0.0,0.05200238948850726,0.0,0.0,0.0,0.04160191159080594,0.032814775385335636,0.008787136205470178,0.028207100596053056,-0.012202205373554329,0.04167686925258891,-0.003050551343388582,0.03125765193944168,0.0014089156545060936,0.0014089156545060936,0.000986557322939237,0.4293642971234361,0.09429820369746249,0.04102240630180797,0.0,0.0,0.028401819920513063,0.0,0.0,0.0,0.03461846923166963,0.0,0.037,0.134,-0.010255071427673101,-0.007916993523637453,-0.0023380779040356476,0.2535483120630185,0.21810144782066346,0.035446864242355026,0.9008938074111938,0.18912434577941895,2261,9008,0,0.018623115246494612,0.5863142629464467,0.01,0.42348116636276245,0.7670709490776062,0.6186138987541199,0.7658748030662537,3.369227409362793,-0.0004269221390131861,0.2655069828033447,0.3394760191440582,0.0017681798824115604,0.018552403131292926,0.19740874854226906,22,8,11269,2261,9008,0.058341373267240974,0.8243098072030495,440.36671067283567,rolling40_success_then_profit,0.8317520657658711,431.4081628267498,40,True,0.8317520657658711,431.4081628267498,True,cuda,135.1650390625
173,214,200,True,306,306,1201,751,450,57,393,0.37468776019983346,0.04746044962531224,0.32722731057452126,0.5206391478029294,1.8921438082556592,0.7559552881990704,14.248760077353325,28.199697268310782,0.426954798043822,0.47089177391897347,0.014823765038809033,0.09552222514616825,0.037487525197140346,0.21268320809826552,0.4787645155834295,0.008968179601526134,0.11915683700143795,0.07877776330459699,0.15628861171378197,-0.007872741664456007,0.005855585437282899,-0.023634611855269702,-0.04129023810745664,0.05639459638448355,7.913405495420483,7.913405495420483,5.68526228143214,0.417985012489592,0.1855010166986892,0.09639768366626963,0.07590875133995993,-0.015367156779291347,-0.04733562825811907,290,16,0.9477124183006536,0.05228758169934641,1,0.0032679738562091504,0,16,1.0,-6.288340725137011,-6.385537033081049,0.09719630794403868,9.829907698600964,0.3931963079440387,-0.08,-0.096,-0.12,0.0,15,62.5434619755551,0.0,118,22,18,119,3,16,6.251633986928105,6.251633986928105,1.4279766860949208,72.1199514790666,44.231898103217155,-4.8951788499311055,60.48047598291057,0.9251222972458549,116.35184958228376,0.0360599757395333,0.022115949051608578,0.05817592479114188,0.8657243816254417,0.8166666666666667,245,143,102,38,0,139,63.72415933680484,63.72415933680484,77,62,55,84,27.79999999999996,50.97932746944384,78.7793274694439,0.4584471894734161,16,15,22,22,10.091910248677586,0.0,10.091910248677586,0.0,1.0,0,19,0,5.026605454383403,0,1,17,0.0,-11.353399029762283,101,0,393,57,0,57,393,15,0,4007.627453824994,400.7627453824994,7738.583632883929,773.8583632883929,355.50288570657386,35.550288570657386,5047.759789075911,504.7759789075911,6015.0,601.5,0,0,0.03938966373472197,0.0,0.03938966373472197,0.03938966373472197,0.0,0.0,0.11,-0.0010999999999999985,-0.0008800000000000007,0.0,0.03186207966840242,0.03388966373472193,0.0,1.8979617697697353,0.044218836547876214,0.011054709136969054,0.0064306535872184455,0.05709512203185403,-0.00011419024406370806,0.05938043113069045,0.14934483332441686,-0.07096139287993851,0.002619942819568043,0.0,-0.011659747397235671,-0.0012504511384571445,-0.0008550000000000006,-0.00023045113845714417,-0.0001650000000000001,0.0,0.0,0.0,0.0,0.0,0.0,0.0,0.04923018262762731,0.0,0.0,0.0,0.03938414610210183,0.03151173098777749,0.007872415114324304,0.027792648566489723,-0.009790357699862211,0.04032031732194037,-0.0024475894249655528,0.030240237991455286,0.002619942819568043,0.002619942819568043,0.0008115748750666784,0.4108116305236848,0.09024777343910514,0.047459336281956914,0.0,0.0,0.015605566638452984,0.0,0.0,0.0,0.03388966373472193,0.0,0.0285,0.1965,-0.010255071427673101,-0.007916993523637453,-0.0023380779040356476,0.2535483120630185,0.21810144782066346,0.035446864242355026,0.9008938074111938,0.18912434577941895,2261,9008,0,0.018623115246494612,0.5863142629464467,0.01,0.42348116636276245,0.7670709490776062,0.6186138987541199,0.7658748030662537,3.369227409362793,-0.0004269221390131861,0.2655069828033447,0.3394760191440582,0.0017681798824115604,0.018552403131292926,0.19740874854226906,22,8,11269,2261,9008,0.058341373267240974,0.8243098072030495,440.36671067283567,rolling40_success_then_profit,0.8317520657658711,431.4081628267498,40,True,0.8317520657658711,431.4081628267498,True,cuda,135.1650390625
174,215,200,True,269,269,1154,715,439,117,322,0.3804159445407279,0.10138648180242635,0.27902946273830154,0.5286713286713287,1.8223776223776225,0.7629721997501133,13.970903033810062,32.74065611712582,0.44559820195801647,0.4662789199318919,0.012636165070783842,0.12172394066632211,0.05529091141766289,0.20271467120497377,0.4748873687499053,0.0063249449499628765,0.15972841627166404,0.08864079844434518,0.1501706189130778,-0.00860844881801337,0.006311220120820965,-0.038004475605341925,-0.03334988702668229,0.05254405229189596,8.173310225303293,8.173310225303293,5.922876949740035,0.4055459272097054,0.10957834611324062,0.20707012974662747,0.12000322867010792,-0.10887871330642528,-0.10838486374007676,252,17,0.9368029739776952,0.06319702602230483,0,0.0,0,17,1.0,-5.353178243138499,-5.825777721554035,0.47259947841553773,11.814986960388442,0.47259947841553773,0.0,0.0,0.0,0.0,17,53.792603689789324,0.0,113,25,15,88,1,17,7.0817843866171,7.0817843866171,1.4523396880415944,65.75641604328351,34.7483508680936,-5.959057096640999,52.40142933736026,0.8978922647709597,100.50476691137712,0.03287820802164176,0.0173741754340468,0.05025238345568856,0.8628158844765343,0.7966666666666666,239,141,98,38,0,137,53.22224530835001,52.86707771811153,63,74,65,72,27.399999999999963,42.57779624667999,69.97779624668006,0.3884835423967154,19,17,19,19,10.829957372724511,0.43527170816838134,10.39468566455613,0.0,1.0,1,20,0,6.28694167793081,0,3,16,-0.5223260498020577,-11.694021372625642,96,0,322,117,0,117,322,17,0,4396.047975474583,439.6047975474583,8471.192802727062,847.1192802727062,347.7372602338072,34.77372602338072,5535.47283479233,553.547283479233,5770.0,577.0,0,0,0.034988898123340044,0.0,0.034988898123340044,0.034988898123340044,0.0,0.0,0.095,-0.0009500000000000008,-0.0007600000000000006,0.0,0.026611122654175007,0.028246831087244604,0.0,2.0660609859949233,0.04815630453955059,0.012039076134887647,0.006687455137662219,0.14547850599610732,-0.0002909570119922146,0.05953998401873834,0.15239595294138258,-0.08790209985756091,0.002095670167475593,0.0,-0.011585553261943098,-0.0027928555881565173,-0.001754999999999996,-0.00039535558815651645,-0.0006424999999999992,0.0,0.0,0.0,0.0,0.0,0.0,0.0,0.045787017246235344,0.0,0.0,0.0,0.03662961379698841,0.027991118498671932,0.008638495298316378,0.023221186120359644,-0.011918114193281997,0.0349342862249068,-0.002979528548320499,0.026200714668680132,0.002095670167475593,0.002095670167475593,0.0008108685545623303,0.4260505314497554,0.11814421202620619,0.07206466137485465,0.0,0.0,0.011479809855282807,0.0,0.0,0.0,0.028246831087244604,0.0,0.0585,0.161,-0.010255071427673101,-0.007916993523637453,-0.0023380779040356476,0.2535483120630185,0.21810144782066346,0.035446864242355026,0.9008938074111938,0.18912434577941895,2261,9008,0,0.018623115246494612,0.5863142629464467,0.01,0.42348116636276245,0.7670709490776062,0.6186138987541199,0.7658748030662537,3.369227409362793,-0.0004269221390131861,0.2655069828033447,0.3394760191440582,0.0017681798824115604,0.018552403131292926,0.19740874854226906,22,8,11269,2261,9008,0.058341373267240974,0.8243098072030495,440.36671067283567,rolling40_success_then_profit,0.8317520657658711,431.4081628267498,40,True,0.8317520657658711,431.4081628267498,True,cuda,135.1650390625
175,216,200,True,260,260,1094,841,253,93,160,0.2312614259597806,0.0850091407678245,0.14625228519195613,0.5172413793103449,1.8834720570749108,0.7375430869078098,14.778911625729446,23.987059203325355,0.438903258527392,0.45833049827962935,0.02600740400385488,0.15140078883888322,0.05057074787874798,0.18726172207386257,0.46146965051661204,0.014269157894194905,0.1854419474657204,0.06754479904196199,0.1477786498310379,-0.0031391522369826896,0.011738246109659975,-0.03404115862683718,-0.01697405116321401,0.039483072242824685,9.846435100548446,9.846435100548446,7.178244972577697,0.4844606946983547,0.05320738209978125,0.23646664484053087,0.09164313761403209,-0.05216115115221096,-0.040355218736340376,243,17,0.9346153846153846,0.06538461538461539,0,0.0,0,17,1.0,-5.87963044471488,-6.332002271786329,0.45237182707144996,11.309295676786245,0.45237182707144996,0.0,0.0,0.0,0.0,17,77.0487230474325,0.0,141,34,16,42,0,17,7.426923076923077,7.426923076923077,1.5648994515539305,89.37624258223671,36.199364596705955,-6.170817503811636,73.94898159843957,0.9229801176119244,125.57560717894268,0.044688121291118356,0.018099682298352977,0.06278780358947134,0.7692307692307693,0.7333333333333333,220,167,53,66,0,163,80.88862976161325,80.88862976161325,93,70,67,96,32.599999999999966,64.71090380929063,97.31090380929068,0.49624926234118555,44,33,22,22,28.070043998152837,0.0,28.070043998152837,0.0,1.0,0,48,0,4.838590307529169,0,0,43,0.0,-31.57879949792195,51,0,160,93,0,93,160,32,0,4591.6542836722665,459.16542836722664,8702.529926405685,870.2529926405684,413.02838776635997,41.302838776635994,5783.507159711647,578.3507159711646,5470.0,547.0,0,0,0.0486554519046454,0.0,0.0486554519046454,0.0486554519046454,0.0,0.0,0.11,-0.0010999999999999985,-0.0008800000000000007,0.0,0.04044431488080662,0.041955451904645315,0.0,2.1784954783955746,0.050322957586389966,0.012580739396597491,0.007343869160981057,0.055635329699038866,-0.00011127065939807772,0.06938946065474196,0.16482462323437733,-0.085664549339284,0.0019884721836503413,0.0,-0.013422459646822022,-0.0021660972087015275,-0.0013949999999999982,-0.00044109720870152773,-0.0003300000000000002,0.0,0.0,0.0,0.0,0.0,0.0,0.0,0.060024920641844615,0.0,0.0,0.0,0.04801993651347579,0.03892436152371614,0.00909557498975958,0.0338890820473139,-0.012341635007623274,0.049299321065626345,-0.0030854087519058184,0.036974490799219786,0.0019884721836503413,0.0019884721836503413,0.0010478348469858362,0.4780043883833258,0.14732352862720174,0.057874293245406765,0.0,0.0,0.028737651020247734,0.0,0.0,0.0,0.041955451904645315,0.0,0.0465,0.08,-0.010255071427673101,-0.007916993523637453,-0.0023380779040356476,0.2535483120630185,0.21810144782066346,0.035446864242355026,0.9008938074111938,0.18912434577941895,2261,9008,0,0.018623115246494612,0.5863142629464467,0.01,0.42348116636276245,0.7670709490776062,0.6186138987541199,0.7658748030662537,3.369227409362793,-0.0004269221390131861,0.2655069828033447,0.3394760191440582,0.0017681798824115604,0.018552403131292926,0.19740874854226906,22,8,11269,2261,9008,0.058341373267240974,0.8243098072030495,440.36671067283567,rolling40_success_then_profit,0.8317520657658711,431.4081628267498,40,True,0.8317520657658711,431.4081628267498,True,cuda,135.1650390625
176,217,200,True,281,281,1062,727,335,93,242,0.3154425612052731,0.08757062146892655,0.2278719397363465,0.4896836313617607,1.907840440165062,0.7627438425074909,13.805998491289856,27.095011161478876,0.4820979861338415,0.4860498622531248,0.02825297169295105,0.1419219633069868,0.04018099484401544,0.1901705542341018,0.4850134933790118,0.014794710254939747,0.1837996914226977,0.055476822491774935,0.14615180280618115,0.001036368874113014,0.013458261438011302,-0.04187772811571089,-0.015295827647759497,0.044018751427920666,10.615819209039548,10.615819209039548,8.113935969868173,0.4613935969868173,0.15794649050469567,0.20134584091882402,0.0782888580095468,-0.11659504157994285,-0.10149226959629797,261,20,0.9288256227758007,0.0711743772241993,1,0.0035587188612099642,0,20,1.0,-5.7581246168338795,-6.0172547879069995,0.25913017107311914,12.079358490870401,0.48317433963481615,-0.08,-0.012,-0.12,-0.012044168561697006,19,76.84213868212832,0.0,144,26,12,65,4,20,6.807829181494662,6.807829181494662,1.5847457627118644,89.15656954054317,45.540237048795184,-6.357520381976746,74.4282756681903,0.9213039829671444,134.69680658933837,0.044578284770271585,0.022770118524397594,0.06734840329466918,0.7964912280701755,0.7566666666666667,227,165,62,58,0,159,81.0658416908255,81.0658416908255,93,66,61,98,31.799999999999958,64.8526733526604,96.65267335266046,0.509848060948588,31,22,27,27,20.027127322149678,0.0,20.027127322149678,0.0,1.0,0,34,0,4.674107465123274,0,4,29,0.0,-22.530518237418388,61,0,242,93,0,93,242,22,0,4724.949737685477,472.4949737685477,9227.213429884085,922.7213429884084,390.04015608232464,39.004015608232464,5948.630483824088,594.8630483824088,5310.0,531.0,0,0,0.04832633667633027,0.0,0.04832633667633027,0.04832633667633027,0.0,0.0,0.135,-0.0013499999999999942,-0.0010800000000000007,0.0,0.04053292084541276,0.04222633667633019,0.0,2.1868099315394702,0.050469439125224856,0.012617359781306214,0.0073925137691300425,0.04850630463790372,-9.701260927580746e-05,0.06818447839311235,0.15159800846655855,-0.09382370819650852,0.0010959961320213159,0.0,-0.012744917662614937,-0.002119548246774049,-0.0013949999999999982,-0.0004620482467740484,-0.0002625000000000002,0.0,0.0,0.0,0.0,0.0,0.0,0.0,0.05949668384836053,0.0,0.0,0.0,0.04759734707868858,0.03866106934106406,0.008936277737624352,0.034035377643106775,-0.012715040763953493,0.049618850445460244,-0.003178760190988373,0.03721413783409515,0.0010959961320213159,0.0010959961320213159,0.0011029482225577043,0.46055472948374665,0.12471908287360169,0.04936160043010476,0.0,0.0,0.03268580837408011,0.0,0.0,0.0,0.04222633667633019,0.0,0.0465,0.121,-0.010255071427673101,-0.007916993523637453,-0.0023380779040356476,0.2535483120630185,0.21810144782066346,0.035446864242355026,0.9008938074111938,0.18912434577941895,2261,9008,0,0.018623115246494612,0.5863142629464467,0.01,0.42348116636276245,0.7670709490776062,0.6186138987541199,0.7658748030662537,3.369227409362793,-0.0004269221390131861,0.2655069828033447,0.3394760191440582,0.0017681798824115604,0.018552403131292926,0.19740874854226906,22,8,11269,2261,9008,0.058341373267240974,0.8243098072030495,440.36671067283567,rolling40_success_then_profit,0.8317520657658711,431.4081628267498,40,True,0.8317520657658711,431.4081628267498,True,cuda,135.1650390625
177,218,200,True,314,314,1102,659,443,57,386,0.40199637023593465,0.05172413793103448,0.3502722323049002,0.49013657056145676,1.9180576631259485,0.7679952243300598,13.785785607032603,29.718904796789918,0.44727070986858375,0.4930150908430719,0.0352765643836334,0.09275433627750063,0.04569555851327021,0.2168942071435258,0.49846433333724693,0.02126478647165939,0.13512575149830086,0.06963608588893334,0.15518270086140934,-0.005449242494175055,0.01401177791197401,-0.042371415220800235,-0.023940527375663136,0.06171150628211647,8.822141560798547,8.822141560798547,6.61524500907441,0.43103448275862066,0.06305613752485509,0.02930724930688854,0.02391714431115531,0.01914857898379707,-0.045387891281630316,295,19,0.9394904458598726,0.06050955414012739,1,0.0031847133757961785,0,19,1.0,-5.879820283663677,-6.139401937425132,0.25958165376145537,12.689541344036384,0.5075816537614554,-0.08,-0.048,-0.12,0.0,18,71.88500860632007,0.0,130,22,15,118,1,18,6.171974522292993,6.171974522292993,1.5381125226860255,83.99066571396396,32.53321279132811,-4.526005998535426,69.7786127945351,0.9390884971613971,116.52387850529207,0.04199533285698198,0.016266606395664057,0.058261939252646035,0.7491166077738516,0.7066666666666667,212,151,61,71,0,148,76.07032594737508,76.07032594737508,86,62,60,88,29.59999999999995,60.85626075790008,90.45626075790014,0.5139886888336154,47,40,24,24,29.08390578193027,0.0,29.08390578193027,0.0,1.0,0,50,0,5.197961768417996,0,0,48,0.0,-32.71939400467156,61,0,386,57,0,57,386,30,0,4436.14782415616,443.614782415616,8887.21048188634,888.7210481886341,343.2856943885995,34.32856943885995,5583.477084210231,558.3477084210231,5540.0,554.0,0,0,0.0452281303789501,0.0,0.0452281303789501,0.0452281303789501,0.0,0.0,0.12,-0.0011999999999999964,-0.0009600000000000008,0.0,0.03803516297368754,0.03922813037895004,0.0,2.133152669767772,0.04998930667858667,0.012497326669646668,0.00729094481740668,0.05820165003972798,-0.00011640330007945596,0.0637664850348329,0.13272325541071855,-0.08069056085611354,0.0021372857249212637,0.0,-0.01071823262483972,-0.0013307736806404187,-0.0008550000000000006,-0.0003182736806404188,-0.00015750000000000011,0.0,0.0,0.0,0.0,0.0,0.0,0.0,0.05640905374851715,0.0,0.0,0.0,0.04512724299881379,0.036182504303159946,0.008944738695653822,0.03262630339799983,-0.009052011997070853,0.046519075196356736,-0.0022630029992677133,0.034889306397267554,0.0021372857249212637,0.0021372857249212637,0.0010714348704988761,0.42825300257801113,0.08773226754244907,0.05033255697954552,0.0,0.0,0.04041480404279572,0.0,0.0,0.0,0.03922813037895004,0.0,0.0285,0.193,-0.0011886891455536609,0.004701980738900602,-0.005890669884454263,0.28140644494509487,0.24606793721516926,0.035338507729925604,0.8856172561645508,0.16631567478179932,2288,9238,0,0.016185924348731836,0.5584756851196289,0.01,0.4076160490512848,0.776371419429779,0.6337969899177551,0.7713791131973267,3.3130548000335693,0.01692868210375309,0.26544830203056335,0.4609222710132599,0.0021302743727574123,0.02385989835387782,0.21642051017598102,23,8,11526,2288,9238,0.05979307605360013,0.832685788649338,426.93731527054285,rolling40_success_then_profit,0.8330227139582493,430.6527378958559,40,True,0.8330227139582493,431.4081628267498,False,cuda,139.015625
178,219,200,True,289,289,1074,685,389,84,305,0.3621973929236499,0.0782122905027933,0.2839851024208566,0.5124087591240876,1.8496350364963503,0.7738744666759115,13.837451146814946,29.186377682651045,0.46219946993864885,0.48818281012294934,0.020369622763926096,0.1176628996638486,0.032658043276708924,0.20084226305467368,0.4992057895355851,0.011738816227247244,0.15808750274897057,0.06723756100557554,0.15887418968235925,-0.011022979412635747,0.008630806536678852,-0.04042460308512197,-0.03457951772886662,0.041968073372314424,9.7243947858473,9.7243947858473,7.365921787709497,0.46834264432029793,0.08695668270213923,0.2734243335085442,0.060175102870235975,-0.06185248744666733,-0.04857229769532223,272,17,0.9411764705882353,0.058823529411764705,1,0.0034602076124567475,0,17,1.0,-4.84853941624404,-4.971861774772402,0.12332235852836196,11.693657542258157,0.4677463016903263,-0.08,-0.12,-0.12,-0.024423943161964414,16,77.00202423533436,0.0,135,19,19,88,1,17,6.643598615916955,6.643598615916955,1.5707635009310987,90.64812815937366,46.12165517027384,-4.849274896593183,74.5427632008893,0.9389198839984566,136.7697833296475,0.04532406407968683,0.02306082758513692,0.06838489166482375,0.7793594306049823,0.73,219,164,55,62,0,160,82.46875195917201,81.8156628677099,95,65,65,95,31.999999999999957,65.97500156733764,97.9750015673377,0.5154296997448251,31,27,31,31,20.952740563575404,0.0,20.952740563575404,0.0,1.0,0,38,0,4.042247308794931,0,1,29,0.0,-23.57183313402233,53,0,305,84,0,84,305,20,0,4715.3019953187595,471.53019953187595,8766.079955730162,876.6079955730162,365.753049250553,36.5753049250553,5940.007032506427,594.0007032506427,5405.0,540.5,0,0,0.048987500783668876,0.0,0.048987500783668876,0.048987500783668876,0.0,0.0,0.155,-0.0015499999999999956,-0.0012400000000000009,0.0,0.04123437597958601,0.04212626514708398,0.0,2.233992835427281,0.052646584197634495,0.013161646049408624,0.007568910320175603,0.0887469808657983,-0.0001774939617315966,0.06873272029172595,0.14447729820217178,-0.0939171414317456,0.003438115365930018,0.0,-0.011512968621843046,-0.001977523838055398,-0.0012599999999999992,-0.0004500238380553984,-0.00026750000000000016,0.0,0.0,0.0,0.0,0.0,0.0,0.0,0.060421652871345814,0.0,0.0,0.0,0.04833732229707664,0.03919000062693496,0.009147321670141656,0.03484674415214808,-0.009698549793186366,0.04969517546725956,-0.0024246374482965916,0.03727138160044465,0.003438115365930018,0.003438115365930018,0.0008198738445093236,0.45460077677035765,0.1159784325041294,0.04753588380765773,0.0,0.0,0.029330665719612625,0.0,0.0,0.0,0.04212626514708398,0.0,0.042,0.1525,-0.0011886891455536609,0.004701980738900602,-0.005890669884454263,0.28140644494509487,0.24606793721516926,0.035338507729925604,0.8856172561645508,0.16631567478179932,2288,9238,0,0.016185924348731836,0.5584756851196289,0.01,0.4076160490512848,0.776371419429779,0.6337969899177551,0.7713791131973267,3.3130548000335693,0.01692868210375309,0.26544830203056335,0.4609222710132599,0.0021302743727574123,0.02385989835387782,0.21642051017598102,23,8,11526,2288,9238,0.05979307605360013,0.832685788649338,426.93731527054285,rolling40_success_then_profit,0.8330227139582493,430.6527378958559,40,True,0.8330227139582493,431.4081628267498,False,cuda,139.015625
179,220,200,True,276,276,1172,758,414,109,305,0.3532423208191126,0.09300341296928327,0.26023890784982934,0.48812664907651715,1.9445910290237467,0.722219292300515,15.043245079020396,32.44167782920646,0.4637165984617178,0.4838176671621982,0.017148172261689774,0.10868098503003255,0.044670129546251804,0.20620343848414188,0.4958395280317455,0.008441542872377625,0.14024248295574201,0.08267882650215572,0.15600433143096581,-0.012021860869547318,0.008706629389312149,-0.03156149792570946,-0.03800869695590391,0.05019910705317607,10.169795221843003,10.169795221843003,7.819112627986348,0.46757679180887374,0.15010579264372845,0.33341983536692327,0.030462461198544857,-0.11108790308433213,-0.019074764870706123,259,17,0.9384057971014492,0.06159420289855073,0,0.0,0,17,1.0,-5.665770990288167,-6.155177404806012,0.4894064145178463,12.235160362946154,0.4894064145178463,0.0,0.0,0.0,0.0,17,60.859585910645826,0.0,115,28,23,83,0,17,6.905797101449275,6.905797101449275,1.4564846416382253,72.12386602302738,39.0765133586776,-6.988677602899049,58.59363295200167,0.8934365449498972,111.20037938170498,0.03606193301151369,0.0195382566793388,0.05560018969085249,0.8683274021352313,0.8133333333333334,244,145,99,37,0,142,60.59310298538407,60.59310298538407,73,69,61,81,28.399999999999967,48.47448238830728,76.8744823883073,0.4267119928548174,19,16,18,18,11.136392880377777,0.0,11.136392880377777,0.0,1.0,0,22,0,6.026464187194779,0,0,21,0.0,-12.528441990424998,98,0,305,109,0,109,305,18,0,4135.697941107913,413.5697941107913,8264.448073571646,826.4448073571646,379.23615009200586,37.92361500920059,5211.971102471459,521.1971102471459,5860.0,586.0,0,0,0.038437241194153676,0.0,0.038437241194153676,0.038437241194153676,0.0,0.0,0.09,-0.0009000000000000007,-0.0007200000000000005,0.0,0.03029655149269205,0.032337241194153626,0.0,1.966808574865243,0.04586099753112065,0.011465249382780162,0.0067251807738474695,0.041983721805806826,-8.396744361161365e-05,0.06092965506287466,0.17056339488408737,-0.10577413662832584,0.0016022493764288987,0.0,-0.012781715702627722,-0.002524897374603758,-0.0016349999999999967,-0.0005323973746037594,-0.0003575000000000003,0.0,0.0,0.0,0.0,0.0,0.0,0.0,0.04891852313332218,0.0,0.0,0.0,0.03913481850665775,0.030749792955322864,0.008385025551334874,0.025802477674551294,-0.013977355205798098,0.0390624219680011,-0.0034943388014495244,0.029296816476000836,0.0016022493764288987,0.0016022493764288987,0.0006991628878563658,0.4353974843076334,0.09635261303363199,0.06760931882409682,0.0,0.0,0.013107074467105071,0.0,0.0,0.0,0.032337241194153626,0.0,0.0545,0.1525,-0.0011886891455536609,0.004701980738900602,-0.005890669884454263,0.28140644494509487,0.24606793721516926,0.035338507729925604,0.8856172561645508,0.16631567478179932,2288,9238,0,0.016185924348731836,0.5584756851196289,0.01,0.4076160490512848,0.776371419429779,0.6337969899177551,0.7713791131973267,3.3130548000335693,0.01692868210375309,0.26544830203056335,0.4609222710132599,0.0021302743727574123,0.02385989835387782,0.21642051017598102,23,8,11526,2288,9238,0.05979307605360013,0.832685788649338,426.93731527054285,rolling40_success_then_profit,0.8330227139582493,430.6527378958559,40,True,0.8330227139582493,431.4081628267498,False,cuda,139.015625
180,221,200,True,292,292,1164,734,430,71,359,0.3694158075601375,0.06099656357388316,0.3084192439862543,0.5708446866485014,1.7343324250681198,0.7712434008311511,14.111449007767098,28.329525300903036,0.4640938238375116,0.46354402642321524,0.029063634909384906,0.11035179343247122,0.04486755407428019,0.1898592425210843,0.4681352430533323,0.01748379569612342,0.13971459823698618,0.06740048846178523,0.15044059896745213,-0.004591216630117079,0.011579839213261486,-0.02936280480451496,-0.02253293438750504,0.03941864355363217,8.24914089347079,8.24914089347079,6.107388316151202,0.4097938144329897,0.07466370778180775,0.05775390781185157,0.0792221500265479,-0.1002561724290513,0.015871206330420943,276,16,0.9452054794520548,0.0547945205479452,0,0.0,0,16,1.0,-5.886091256083189,-6.324283471703524,0.43819221562033733,10.954805390508433,0.43819221562033733,0.0,0.0,0.0,0.0,16,67.29038570364598,0.0,121,24,15,103,3,16,6.561643835616438,6.561643835616438,1.458762886597938,78.32655524802148,36.0810494663064,-5.351802002279314,65.25871417193181,0.924206728795534,114.40760471432787,0.03916327762401074,0.0180405247331532,0.057203802357163935,0.8303249097472925,0.7666666666666667,230,146,84,47,0,142,71.14122766194684,71.14122766194684,83,59,57,85,28.39999999999995,56.91298212955748,85.3129821295576,0.5009945609996257,32,28,15,15,21.17854462519657,0.0,21.17854462519657,0.0,1.0,0,34,0,4.257717991117065,0,0,30,0.0,-23.82586270334614,80,0,359,71,0,71,359,22,0,4204.606382480241,420.4606382480241,8088.655976521747,808.8655976521748,382.62897076351953,38.262897076351955,5295.767432310438,529.5767432310438,5820.0,582.0,0,0,0.042656491064778805,0.0,0.042656491064778805,0.042656491064778805,0.0,0.0,0.075,-0.0007500000000000006,-0.0006000000000000004,0.0,0.03557061383097342,0.036956491064778746,0.0,1.9942708551615822,0.045766202125015566,0.011441550531253892,0.006549318383175813,0.08756876548361256,-0.00017513753096722512,0.06076101514688816,0.14566733735349688,-0.06639827192733708,0.002009188545154612,0.0,-0.012387086069326632,-0.0016483845379108891,-0.0010650000000000004,-0.0003733845379108896,-0.00021000000000000017,0.0,0.0,0.0,0.0,0.0,0.0,0.0,0.0531729040650653,0.0,0.0,0.0,0.04253832325205236,0.03412519285182293,0.008413130400229372,0.02995345608482623,-0.010703604004558628,0.043505809447954534,-0.002675901001139657,0.032629357085965906,0.002009188545154612,0.002009188545154612,0.0012590075569351516,0.4149229085084454,0.09512948096000588,0.05046833584968219,0.0,0.0,0.02600827109010749,0.0,0.0,0.0,0.036956491064778746,0.0,0.0355,0.1795,-0.0011886891455536609,0.004701980738900602,-0.005890669884454263,0.28140644494509487,0.24606793721516926,0.035338507729925604,0.8856172561645508,0.16631567478179932,2288,9238,0,0.016185924348731836,0.5584756851196289,0.01,0.4076160490512848,0.776371419429779,0.6337969899177551,0.7713791131973267,3.3130548000335693,0.01692868210375309,0.26544830203056335,0.4609222710132599,0.0021302743727574123,0.02385989835387782,0.21642051017598102,23,8,11526,2288,9238,0.05979307605360013,0.832685788649338,426.93731527054285,rolling40_success_then_profit,0.8330227139582493,430.6527378958559,40,True,0.8330227139582493,431.4081628267498,False,cuda,139.015625
181,222,200,True,280,280,1167,782,385,85,300,0.3299057412167952,0.0728363324764353,0.2570694087403599,0.5319693094629157,1.813299232736573,0.7528387169780024,14.212545336359907,28.197496494521264,0.4681044646803483,0.45786218543339263,0.01703732745612369,0.09496354375063154,0.06473340737678664,0.18681258575328627,0.46665079903114787,0.008465502594533327,0.12027146423097386,0.10438540030632268,0.14470669923497892,-0.008788613597755235,0.008571824861590362,-0.02530792048034232,-0.03965199292953604,0.04210588651830735,8.687232219365896,8.687232219365896,6.336760925449871,0.4207369323050557,0.11388284577787772,0.31636007079713385,0.07610792764521689,-0.0780699819639059,-0.09876323705770877,263,17,0.9392857142857143,0.060714285714285714,0,0.0,0,17,1.0,-5.157118968619997,-5.629708239138126,0.4725892705181306,11.814731762953263,0.4725892705181306,0.0,0.0,0.0,0.0,17,68.18962468052204,0.0,126,23,14,89,1,17,6.875,6.875,1.4738646101113968,80.579398896425,48.261449297867195,-6.29276799542725,68.85391190715346,0.9162601993383457,128.8408481942922,0.0402896994482125,0.024130724648933597,0.0644204240971461,0.8745519713261649,0.8133333333333334,244,147,97,35,0,143,73.42128856331567,73.42128856331567,91,52,45,98,28.599999999999962,58.737030850652516,87.33703085065261,0.5134355843588508,23,19,12,12,13.710839656763573,1.0,12.710839656763572,0.0,0.9999999999999999,1,24,0,5.645149783106514,0,2,21,-1.2000000000000002,-14.29969461385902,97,0,300,85,0,85,300,22,0,4191.6070909620685,419.16070909620686,8307.405432537606,830.7405432537605,394.51065405695294,39.451065405695296,5279.601917349905,527.9601917349905,5835.0,583.5,0,0,0.04366851542532632,0.0,0.04366851542532632,0.04366851542532632,0.0,0.0,0.06,-0.0006000000000000004,-0.0004800000000000004,0.0,0.03671064428165782,0.03916851542532629,0.0,1.9882371894690738,0.046156292121992765,0.011539073030498191,0.0067340925127760305,0.05113239508564072,-0.00010226479017128146,0.06120002754360154,0.16015459479176525,-0.08660048785955281,0.00208555109177739,0.0,-0.013311188774979655,-0.0019368793836330525,-0.001274999999999999,-0.0003968793836330529,-0.00026500000000000015,0.0,0.0,0.0,0.0,0.0,0.0,0.0,0.05450532366565322,0.0,0.0,0.0,0.0436042589325225,0.034934812340260975,0.008669446592261548,0.03128057195586311,-0.012585535990854501,0.045902607938102316,-0.0031463839977136253,0.03442695595357673,0.00208555109177739,0.00208555109177739,0.000928749156060318,0.4261455702043515,0.09047321774192034,0.06955455886859666,0.0,0.0,0.01608539382573251,0.0,0.0,0.0,0.03916851542532629,0.0,0.0425,0.15,-0.0011886891455536609,0.004701980738900602,-0.005890669884454263,0.28140644494509487,0.24606793721516926,0.035338507729925604,0.8856172561645508,0.16631567478179932,2288,9238,0,0.016185924348731836,0.5584756851196289,0.01,0.4076160490512848,0.776371419429779,0.6337969899177551,0.7713791131973267,3.3130548000335693,0.01692868210375309,0.26544830203056335,0.4609222710132599,0.0021302743727574123,0.02385989835387782,0.21642051017598102,23,8,11526,2288,9238,0.05979307605360013,0.832685788649338,426.93731527054285,rolling40_success_then_profit,0.8330227139582493,430.6527378958559,40,True,0.8330227139582493,431.4081628267498,False,cuda,139.015625
182,223,200,True,290,290,1230,787,443,95,348,0.36016260162601627,0.07723577235772358,0.28292682926829266,0.5324015247776366,1.7484116899618805,0.7497947099399688,14.507285765195892,30.189554874843232,0.4265077743709646,0.4462395146432341,0.01589616467605855,0.11855643853933338,0.03755854396859546,0.20501234981182873,0.45481072258313093,0.008325925735896394,0.1425871049211357,0.07695248489104817,0.1525605261216965,-0.008571207939896852,0.007570238940162156,-0.024030666381802304,-0.03939394092245271,0.05245182369013224,7.503252032520325,7.503252032520325,5.319512195121951,0.36910569105691055,0.15634268882496816,0.25183493459233575,0.015548423477419969,-0.08898136595862087,-0.040340247174239514,275,15,0.9482758620689655,0.05172413793103448,1,0.0034482758620689655,0,15,1.0,-7.246572691495839,-7.357044629603619,0.11047193810778017,10.161798452694503,0.40647193810778015,-0.08,-0.096,-0.12,0.0,14,55.46894181339202,0.0,110,31,19,102,3,15,6.613793103448276,6.613793103448276,1.410569105691057,63.69462780561173,35.31594506464437,-5.772633982469903,53.277207119076515,0.902241329108018,99.0105728702561,0.03184731390280587,0.017657972532322184,0.04950528643512805,0.8494623655913979,0.79,237,135,102,42,0,131,54.42022158342502,54.42022158342502,67,64,57,74,26.199999999999957,43.53617726674002,69.73617726674007,0.4154215388047711,18,13,24,24,10.834336063966463,0.0,10.834336063966463,0.0,1.0,0,19,0,5.531943204987117,0,0,17,0.0,-12.18862807196227,102,0,348,95,0,95,348,16,0,3905.3398393712096,390.533983937121,7520.864301765713,752.0864301765713,361.49266310181434,36.14926631018143,4920.215949237924,492.0215949237924,6180.0,618.0,0,0,0.03486808863337005,0.0,0.03486808863337005,0.03486808863337005,0.0,0.0,0.12,-0.0011999999999999984,-0.0009600000000000008,0.0,0.027210110791712518,0.029168088633370014,0.0,1.8626168435691608,0.043173663908582016,0.010793415977145504,0.006350049446014337,0.034127149911618804,-6.825429982323761e-05,0.056242424658614856,0.16011710529365475,-0.09005075254976014,0.0014703790215378123,0.0,-0.012205877047495496,-0.0022057217743670474,-0.001424999999999998,-0.00046822177436704775,-0.0003125000000000002,0.0,0.0,0.0,0.0,0.0,0.0,0.0,0.044393250310692196,0.0,0.0,0.0,0.035514600248553796,0.027894470906695966,0.007620129341857836,0.0237522865683033,-0.011545267964939805,0.03551813807938436,-0.002886316991234951,0.026638603559538256,0.0014703790215378123,0.0014703790215378123,0.0009682769930238534,0.39475644226808415,0.0950460977317928,0.05466795576121284,0.0,0.0,0.015405392970148857,0.0,0.0,0.0,0.029168088633370014,0.0,0.0475,0.174,-0.0011886891455536609,0.004701980738900602,-0.005890669884454263,0.28140644494509487,0.24606793721516926,0.035338507729925604,0.8856172561645508,0.16631567478179932,2288,9238,0,0.016185924348731836,0.5584756851196289,0.01,0.4076160490512848,0.776371419429779,0.6337969899177551,0.7713791131973267,3.3130548000335693,0.01692868210375309,0.26544830203056335,0.4609222710132599,0.0021302743727574123,0.02385989835387782,0.21642051017598102,23,8,11526,2288,9238,0.05979307605360013,0.832685788649338,426.93731527054285,rolling40_success_then_profit,0.8330227139582493,430.6527378958559,40,True,0.8330227139582493,431.4081628267498,False,cuda,139.015625
183,224,200,True,282,282,1151,779,372,111,261,0.32319721980886185,0.09643788010425716,0.22675933970460468,0.5507060333761232,1.7753530166880616,0.7508363657378722,14.398812109147784,28.823964138047838,0.4423367045172302,0.46525949302855135,0.021210156390694505,0.12632113035447867,0.04339806125074893,0.19351668644873413,0.47544177450402253,0.012186740648207064,0.15277004863472657,0.08782987106147322,0.14840484733558207,-0.010182281475471178,0.009023415742487441,-0.026448918280247896,-0.04443180981072429,0.04511183911315206,9.822762814943527,9.822762814943527,7.465682015638575,0.4291920069504778,0.09699874067401841,0.044963692178417995,0.021985915703400204,-0.04399947494458596,-0.0037776737478657963,265,17,0.9397163120567376,0.06028368794326241,1,0.0035460992907801418,0,17,1.0,-6.6677547558404875,-6.948532131202512,0.2807773753620255,11.521166990122394,0.46084667960489584,-0.08,-0.036000000000000004,-0.06406930424287027,0.0,16,72.76877996874585,0.0,140,34,13,68,1,16,6.886524822695035,6.886524822695035,1.5117289313640312,84.92490362822355,44.278928685784784,-7.0671154071918805,72.31361961975183,0.9109719076701276,129.20383231400834,0.042462451814111776,0.022139464342892393,0.06460191615700417,0.8415492957746479,0.7966666666666666,239,161,78,45,0,159,77.32621870116537,77.32621870116537,93,66,59,100,31.799999999999958,61.86097496093229,93.66097496093235,0.48632841950418476,30,25,15,15,19.63784491268908,1.0,18.63784491268908,0.0,1.0,1,32,0,4.537138667093264,0,1,28,-1.2000000000000002,-20.967575526775217,77,0,261,111,0,111,261,21,0,4399.640888699168,439.96408886991674,8478.874330674016,847.8874330674016,373.7353535530943,37.37353535530943,5542.996385859656,554.2996385859656,5755.0,575.5,0,0,0.046830487480466226,0.0,0.046830487480466226,0.046830487480466226,0.0,0.0,0.075,-0.0007500000000000004,-0.0006000000000000004,0.0,0.03866310935058268,0.04093048748046617,0.0,2.143866434647237,0.050449323143701874,0.012612330785925469,0.007278592266035098,0.07870338817581919,-0.00015740677635163835,0.06803815216240545,0.16007827011652548,-0.09732631895379394,0.00010026070043801541,0.0,-0.012530192478683588,-0.002547294424723026,-0.0016649999999999966,-0.00046479442472302464,-0.00041750000000000034,0.0,0.0,0.0,0.0,0.0,0.0,0.0,0.05853541149003988,0.0,0.0,0.0,0.046828329192032093,0.037464389984372855,0.009363939207659102,0.03262325210627997,-0.014134230814383761,0.04820907974650125,-0.0035335577035959403,0.036156809809875914,0.00010026070043801541,0.00010026070043801541,0.0009832578169802818,0.45618151168558263,0.12547126270777198,0.05726994987245181,0.0,0.0,0.027540693072286765,0.0,0.0,0.0,0.04093048748046617,0.0,0.0555,0.1305,-0.0011886891455536609,0.004701980738900602,-0.005890669884454263,0.28140644494509487,0.24606793721516926,0.035338507729925604,0.8856172561645508,0.16631567478179932,2288,9238,0,0.016185924348731836,0.5584756851196289,0.01,0.4076160490512848,0.776371419429779,0.6337969899177551,0.7713791131973267,3.3130548000335693,0.01692868210375309,0.26544830203056335,0.4609222710132599,0.0021302743727574123,0.02385989835387782,0.21642051017598102,23,8,11526,2288,9238,0.05979307605360013,0.832685788649338,426.93731527054285,rolling40_success_then_profit,0.8330227139582493,430.6527378958559,40,True,0.8330227139582493,431.4081628267498,False,cuda,139.015625
184,225,200,True,265,265,1178,865,313,98,215,0.26570458404074704,0.0831918505942275,0.18251273344651953,0.5341040462427745,1.7942196531791907,0.7271761435821567,15.015000186765814,27.742167015985256,0.4376030095656923,0.47240215100649463,0.015305795714345281,0.11114092129632572,0.03530724940046324,0.21344360834945833,0.47793399090367245,0.00805412725561616,0.13653852828600677,0.07308043537370731,0.15749084255685006,-0.005531839897177815,0.007251668458729122,-0.02539760698968105,-0.037773185973244076,0.05595276579260827,10.81578947368421,10.81578947368421,8.258064516129032,0.49151103565365023,0.10198481311346683,0.2129526412002143,0.04233696020342005,-0.06754821154237946,-0.04934869447986275,249,16,0.939622641509434,0.06037735849056604,0,0.0,0,16,1.0,-6.864589525470625,-7.316734004020684,0.4521444785500599,11.303611963751496,0.4521444785500599,0.0,0.0,0.0,0.0,16,67.02365124118013,0.0,134,36,12,55,2,16,7.309433962264151,7.309433962264151,1.4779286926994906,77.7690319050037,42.9632856430694,-6.431498484978794,64.20144419081521,0.9089447750393264,120.7323175480731,0.03888451595250185,0.0214816428215347,0.060366158774036546,0.8687943262411347,0.8166666666666667,245,153,92,37,0,150,68.22445506434394,68.22445506434394,80,70,64,86,29.999999999999968,54.57956405147515,84.57956405147522,0.4548297004289596,21,18,16,16,13.161475611348482,0.0,13.161475611348482,0.0,1.0,0,21,0,5.042937941595986,0,0,21,0.0,-14.80666006276704,89,0,215,98,0,98,215,15,0,4166.643259547906,416.6643259547906,8082.504179463867,808.2504179463867,405.60556797482644,40.56055679748265,5250.394436725738,525.0394436725738,5890.0,589.0,0,0,0.04228978202573764,0.0,0.04228978202573764,0.04228978202573764,0.0,0.0,0.08,-0.0008000000000000006,-0.0006400000000000005,0.0,0.03411222753217196,0.03588978202573758,0.0,2.0158492984914735,0.04745454501393257,0.011863636253483143,0.006911180768139234,0.05620244258712398,-0.00011240488517424798,0.06416745243694769,0.18508088033577152,-0.11438286983578198,0.002286801332376146,0.0,-0.013764603763831179,-0.0022103444791957095,-0.0014699999999999978,-0.00042784447919570957,-0.0003125000000000002,0.0,0.0,0.0,0.0,0.0,0.0,0.0,0.05324101339404645,0.0,0.0,0.0,0.042592810715237205,0.03383182562059,0.008760985094647152,0.028884972852918193,-0.012862996969957588,0.0428009627938768,-0.003215749242489397,0.032100722095407604,0.002286801332376146,0.002286801332376146,0.0010732762575894584,0.45617338463780793,0.11926920148626423,0.0540801269940538,0.0,0.0,0.021455941222694393,0.0,0.0,0.0,0.03588978202573758,0.0,0.049,0.1075,-0.0011886891455536609,0.004701980738900602,-0.005890669884454263,0.28140644494509487,0.24606793721516926,0.035338507729925604,0.8856172561645508,0.16631567478179932,2288,9238,0,0.016185924348731836,0.5584756851196289,0.01,0.4076160490512848,0.776371419429779,0.6337969899177551,0.7713791131973267,3.3130548000335693,0.01692868210375309,0.26544830203056335,0.4609222710132599,0.0021302743727574123,0.02385989835387782,0.21642051017598102,23,8,11526,2288,9238,0.05979307605360013,0.832685788649338,426.93731527054285,rolling40_success_then_profit,0.8330227139582493,430.6527378958559,40,True,0.8330227139582493,431.4081628267498,False,cuda,139.015625
185,226,200,True,247,247,1100,798,302,104,198,0.27454545454545454,0.09454545454545454,0.18,0.6090225563909775,1.6666666666666667,0.7567933590004319,14.21797099627349,27.965535832751065,0.48213919050267623,0.46377006057360415,0.021873924946575835,0.1725803867523981,0.04317692135003183,0.18678509023385986,0.46837076232920316,0.011654880163925034,0.20534834920085573,0.06634347319540528,0.1406424987902468,-0.004600701755599013,0.0102190447826508,-0.032767962448457644,-0.023166551845373445,0.046142591443613074,10.335454545454546,10.335454545454546,7.929090909090909,0.44636363636363635,0.13764889430904986,0.2362190319191511,0.06831292836324317,-0.09490266398539678,-0.06041995359209259,229,18,0.9271255060728745,0.0728744939271255,0,0.0,0,18,1.0,-4.90541319453377,-5.384869883209465,0.4794566886756968,11.986417216892418,0.4794566886756968,0.0,0.0,0.0,0.0,18,75.27934633564801,0.0,128,27,16,46,2,18,7.765182186234818,7.765182186234818,1.5272727272727273,88.11818407739369,46.310307652954116,-6.8064849557578295,74.01176343586488,0.9157803455133611,134.42849173034782,0.044059092038696845,0.023155153826477058,0.06721424586517391,0.8050541516245487,0.7433333333333333,223,155,68,54,0,150,81.37397864945002,81.37397864945002,94,56,53,97,29.999999999999964,65.09918291956,95.09918291956005,0.5424931909963335,30,25,24,24,18.57330740191371,0.0,18.57330740191371,0.0,1.0,0,33,0,5.181124691107453,0,3,28,0.0,-20.894970827152928,66,0,198,104,0,104,198,24,0,4471.821094139179,447.1821094139179,8813.239895255183,881.3239895255183,427.0662456215496,42.706624562154964,5631.581881642913,563.1581881642912,5500.0,550.0,0,0,0.04754959145978005,0.0,0.04754959145978005,0.04754959145978005,0.0,0.0,0.12,-0.0011999999999999964,-0.0009600000000000008,0.0,0.04068698932472499,0.042249591459779995,0.0,2.1030143187728685,0.04925870628458334,0.012314676571145836,0.007091584164129893,0.08225986798557952,-0.00016451973597115903,0.06447588272046856,0.16357022455713566,-0.10126609962010795,0.00206437291839801,0.0,-0.013990802715130733,-0.0022656256782561546,-0.0015599999999999972,-0.0003781256782561548,-0.0003275000000000002,0.0,0.0,0.0,0.0,0.0,0.0,0.0,0.05849974829495467,0.0,0.0,0.0,0.04679979863596376,0.03803967316782393,0.008760125468139765,0.033602639240053564,-0.013612969911515659,0.0493411756239099,-0.0034032424778789147,0.03700588171793244,0.00206437291839801,0.00206437291839801,0.0012143172281111271,0.44391057834314035,0.14781386742159924,0.0538128362290197,0.0,0.0,0.021978633459994207,0.0,0.0,0.0,0.042249591459779995,0.0,0.052,0.099,-0.0006267604625059498,0.00040170007074872654,-0.0010284605332546764,0.32688139999906224,0.29163884917895,0.035242550820112226,0.8715757727622986,0.18068641424179077,2253,9150,0,0.013895798039933046,0.5355117287900713,0.01,0.3933737277984619,0.782160222530365,0.6413533091545105,0.7781420946121216,3.338907241821289,-0.004126840271055698,0.26794666051864624,0.2992349863052368,0.0017340494728867069,0.017522460563729206,0.16509406624568834,24,8,11403,2253,9150,0.06166022286807572,0.8149928334866049,425.61558177501615,rolling40_success_then_profit,0.8324466436875053,429.1141294791252,40,True,0.8330227139582493,431.4081628267498,False,cuda,136.97802734375
186,227,200,True,275,275,1080,722,358,81,277,0.3314814814814815,0.075,0.2564814814814815,0.4986149584487535,1.8850415512465375,0.7493331753068353,14.385092698305927,29.605456496952645,0.5072774271663505,0.4754750117081684,0.029564392667810673,0.1370081597283854,0.029726188214511257,0.17538239275443257,0.47763445517280423,0.014479734511772516,0.1729358871457092,0.055419837890697224,0.14272507763831488,-0.002159443464635813,0.015084658156038157,-0.03592772741732381,-0.025693649676185967,0.03265731511611769,9.319444444444445,9.319444444444445,6.976851851851852,0.44537037037037036,0.0554500346687853,0.23846159954920387,0.05782479221128166,-0.08103447027829506,-0.024680512072812057,256,19,0.9309090909090909,0.06909090909090909,0,0.0,0,19,1.0,-3.9111854577714356,-4.465341346114872,0.5541558883434391,13.853897208585975,0.5541558883434391,0.0,0.0,0.0,0.0,19,73.93980554196465,0.0,135,20,20,71,0,19,7.04,7.04,1.5833333333333333,89.10006137031857,48.12098972361287,-5.954100775687644,71.95294409404687,0.9235742956796361,137.22105109393144,0.04455003068515929,0.024060494861806437,0.06861052554696571,0.8136200716845878,0.7566666666666667,227,158,69,52,0,156,76.78094615931974,76.78094615931974,89,67,61,95,31.19999999999997,61.424756927455796,92.62475692745583,0.49218555230333166,28,22,24,24,15.891425417552277,0.0,15.891425417552277,0.0,1.0,0,31,0,6.317445284925078,0,0,29,0.0,-17.877853594746313,67,0,277,81,0,81,277,27,0,4620.015523745709,462.0015523745709,9233.20967232329,923.3209672323289,403.9048904856173,40.390489048561726,5816.185787623425,581.6185787623425,5400.0,540.0,0,0,0.04631237846372796,0.0,0.04631237846372796,0.04631237846372796,0.0,0.0,0.12,-0.0011999999999999962,-0.0009600000000000007,0.0,0.03839047307965987,0.0402123784637279,0.0,2.250424015695027,0.05220833954868864,0.01305208488717216,0.007756250932303304,0.02371704167189344,-4.743408334378688e-05,0.06717144979144571,0.14436886493962833,-0.09058098209171302,0.0021133568137643643,0.0,-0.013318338260045944,-0.0017913694508906953,-0.0012149999999999995,-0.0003238694508906958,-0.0002525000000000002,0.0,0.0,0.0,0.0,0.0,0.0,0.0,0.05811702926755615,0.0,0.0,0.0,0.046493623414045074,0.037049902770982274,0.009443720643062748,0.03299942165917957,-0.01190820155137529,0.04796862939603121,-0.0029770503878438223,0.035976472047023436,0.0021133568137643643,0.0021133568137643643,0.001177173121397695,0.43379490436851814,0.12228183413405487,0.05115003765471225,0.0,0.0,0.018236924168725823,0.0,0.0,0.0,0.0402123784637279,0.0,0.0405,0.1385,-0.0006267604625059498,0.00040170007074872654,-0.0010284605332546764,0.32688139999906224,0.29163884917895,0.035242550820112226,0.8715757727622986,0.18068641424179077,2253,9150,0,0.013895798039933046,0.5355117287900713,0.01,0.3933737277984619,0.782160222530365,0.6413533091545105,0.7781420946121216,3.338907241821289,-0.004126840271055698,0.26794666051864624,0.2992349863052368,0.0017340494728867069,0.017522460563729206,0.16509406624568834,24,8,11403,2253,9150,0.06166022286807572,0.8149928334866049,425.61558177501615,rolling40_success_then_profit,0.8324466436875053,429.1141294791252,40,True,0.8330227139582493,431.4081628267498,False,cuda,136.97802734375
187,228,200,True,290,290,1196,841,355,55,300,0.2968227424749164,0.04598662207357859,0.2508361204013378,0.5112960760998811,1.8513674197384067,0.7601635313097844,14.133408912722194,31.422533030742414,0.45095362920036114,0.48149105009936266,0.018102782978881127,0.08884264458320795,0.04180869830530868,0.21068802812800042,0.4878456375332423,0.00961201077417939,0.11901567672909759,0.08560941102136564,0.1578574854920438,-0.0063545874338796215,0.008490772204701737,-0.030173032145889636,-0.04380071271605696,0.05283054263595663,10.311036789297658,10.311036789297658,7.849498327759197,0.47491638795986624,0.0805342944711109,0.13967595383858025,0.013363838864847113,-0.012496921720161279,-0.046599757341653454,274,16,0.9448275862068966,0.05517241379310345,0,0.0,0,16,1.0,-6.368849303513053,-6.821793024167412,0.45294372065436045,11.323593016359006,0.45294372065436045,0.0,0.0,0.0,0.0,16,72.44495583238535,0.0,127,30,19,87,1,16,6.675862068965517,6.675862068965517,1.459866220735786,82.97719867081942,43.902860990218194,-6.11637064173174,72.10608939818567,0.9218079994082197,126.88005966103762,0.04148859933540971,0.021951430495109097,0.06344002983051882,0.8263888888888888,0.7933333333333333,238,150,88,50,0,148,78.87970986822204,78.87970986822204,94,54,51,97,29.599999999999955,63.103767894577594,92.70376789457768,0.5329710126231219,31,23,19,19,20.79781119494019,1.1650487360639517,19.63276245887624,0.0,1.0,2,32,0,4.010512010402971,0,1,27,-1.398058483276742,-22.08685776623577,88,0,300,55,0,55,300,20,0,4075.218362281769,407.5218362281769,7995.167837177454,799.5167837177454,407.6881024001758,40.76881024001758,5133.899503412948,513.3899503412948,5980.0,598.0,0,0,0.046351883947288855,0.0,0.046351883947288855,0.046351883947288855,0.0,0.0,0.095,-0.0009500000000000008,-0.0007600000000000006,0.0,0.039439854934111014,0.041251883947288806,0.0,1.9912430652240214,0.04611680683677685,0.011529201709194213,0.0068188423181683245,0.028009560238635343,-5.601912047727069e-05,0.06311219182901612,0.17793724314227333,-0.10933412846025592,0.0020259543276951847,0.0,-0.013790981918766277,-0.0012859573792858724,-0.0008250000000000006,-0.0003084573792858724,-0.0001525000000000001,0.0,0.0,0.0,0.0,0.0,0.0,0.0,0.05687506653600565,0.0,0.0,0.0,0.04550005322880464,0.03708150715783097,0.008418546070973582,0.032994859378226965,-0.012232741283463478,0.04807072626545714,-0.0030581853208658696,0.03605304469909284,0.0020259543276951847,0.0020259543276951847,0.0009962944553295766,0.42815359586585944,0.08867677461200316,0.05415689263904486,0.0,0.0,0.019264080006745416,0.0,0.0,0.0,0.041251883947288806,0.0,0.0275,0.15,-0.0006267604625059498,0.00040170007074872654,-0.0010284605332546764,0.32688139999906224,0.29163884917895,0.035242550820112226,0.8715757727622986,0.18068641424179077,2253,9150,0,0.013895798039933046,0.5355117287900713,0.01,0.3933737277984619,0.782160222530365,0.6413533091545105,0.7781420946121216,3.338907241821289,-0.004126840271055698,0.26794666051864624,0.2992349863052368,0.0017340494728867069,0.017522460563729206,0.16509406624568834,24,8,11403,2253,9150,0.06166022286807572,0.8149928334866049,425.61558177501615,rolling40_success_then_profit,0.8324466436875053,429.1141294791252,40,True,0.8330227139582493,431.4081628267498,False,cuda,136.97802734375
188,229,200,True,304,304,1119,754,365,51,314,0.3261840929401251,0.045576407506702415,0.2806076854334227,0.5822281167108754,1.7228116710875332,0.7251935352420618,15.289943502815712,30.052796897584628,0.49688617284315517,0.48410212764373195,0.032902100694116296,0.12757514927546132,0.033216774983045,0.19211843416628377,0.49046934899980255,0.01757006607060407,0.1601088291481236,0.05437954965610161,0.14977425676758158,-0.006367221356070596,0.015332034623512226,-0.032533679872662286,-0.021162774673056613,0.04234417739870219,11.603217158176944,11.603217158176944,9.369973190348526,0.4253798033958892,0.11566015957248803,0.10333716781611944,-0.02476295808989495,-0.09732677979419534,-0.06194867156258119,284,20,0.9342105263157895,0.06578947368421052,1,0.003289473684210526,0,20,1.0,-5.834111664639725,-6.078940674513575,0.24482900987384987,12.320725246846246,0.49282900987384987,-0.08,-0.048,-0.12,0.0,19,85.64183653276532,0.0,141,25,15,93,0,20,6.332236842105263,6.332236842105263,1.5075960679177838,97.03902122506581,45.428569207850686,-5.717722924978674,83.4248219183042,0.9358586527338801,142.4675904329165,0.04851951061253291,0.02271428460392534,0.07123379521645824,0.740072202166065,0.6833333333333333,205,160,45,72,0,157,94.81536958244581,94.81536958244581,106,51,51,106,31.399999999999956,75.85229566595662,107.25229566595671,0.6039195514805465,48,40,24,24,28.692026475977674,0.0,28.692026475977674,0.0,1.0,0,52,0,5.510442604012096,0,1,48,0.0,-32.27852978547489,43,0,314,51,0,51,314,40,0,4193.605223792123,419.3605223792123,8785.546513073463,878.5546513073463,424.18958541568634,42.418958541568635,5283.764114663398,528.3764114663397,5605.0,560.5,0,0,0.05362614783297836,0.0,0.05362614783297836,0.05362614783297836,0.0,0.0,0.12,-0.0011999999999999964,-0.0009600000000000008,0.0,0.047407684791222905,0.04852614783297831,0.0,2.0021436070524476,0.0476655356189783,0.011916383904744575,0.007090400112557824,0.01591184082847437,-3.182368165694874e-05,0.0667593475265386,0.15422563852291632,-0.09767084372941325,0.00229967279553643,0.0,-0.013623715425995546,-0.0012589885701660382,-0.0007650000000000006,-0.00035148857016603836,-0.0001425000000000001,0.0,0.0,0.0,0.0,0.0,0.0,0.0,0.06431070805606592,0.0,0.0,0.0,0.05144856644485279,0.042900918266382614,0.008547648178470152,0.03885354949666281,-0.011435445849957348,0.05561654794553615,-0.002858861462489337,0.0417124109591521,0.00229967279553643,0.00229967279553643,0.0013488057667886222,0.42316099056311757,0.1042291275125916,0.03616744895613506,0.0,0.0,0.031127701791966122,0.0,0.0,0.0,0.04852614783297831,0.0,0.0255,0.157,-0.0006267604625059498,0.00040170007074872654,-0.0010284605332546764,0.32688139999906224,0.29163884917895,0.035242550820112226,0.8715757727622986,0.18068641424179077,2253,9150,0,0.013895798039933046,0.5355117287900713,0.01,0.3933737277984619,0.782160222530365,0.6413533091545105,0.7781420946121216,3.338907241821289,-0.004126840271055698,0.26794666051864624,0.2992349863052368,0.0017340494728867069,0.017522460563729206,0.16509406624568834,24,8,11403,2253,9150,0.06166022286807572,0.8149928334866049,425.61558177501615,rolling40_success_then_profit,0.8324466436875053,429.1141294791252,40,True,0.8330227139582493,431.4081628267498,False,cuda,136.97802734375
189,230,200,True,282,282,1164,787,377,68,309,0.3238831615120275,0.058419243986254296,0.2654639175257732,0.5298602287166455,1.8195679796696316,0.7314416752344771,15.257755458885105,29.24387582670779,0.4907215380786335,0.4642240758204248,0.021314963016758427,0.10192308894191718,0.06419985502096795,0.18446618474527646,0.47609396254243813,0.012793976259731428,0.13508604934943183,0.09933471475228468,0.148706677692837,-0.011869886722013334,0.008520986757027,-0.03316296040751465,-0.035134859731316734,0.035759507052439465,9.149484536082474,9.149484536082474,6.8436426116838485,0.4252577319587629,0.11692848664203162,0.05735628307830847,0.053612438356997486,-0.052422063373323995,-0.07428942986049435,264,18,0.9361702127659575,0.06382978723404255,1,0.0035460992907801418,0,18,1.0,-6.012233908435385,-6.279750200510017,0.2675162920746357,12.287907301865893,0.4915162920746357,-0.08,-0.024,-0.12,0.0,17,62.643178379465624,0.0,118,27,19,89,1,18,6.8120567375886525,6.8120567375886525,1.4579037800687284,73.62020140086437,35.026116933639585,-6.018288592712236,60.417129593446276,0.9094114441208392,108.64631833450396,0.03681010070043219,0.017513058466819793,0.05432315916725198,0.8464285714285714,0.79,237,145,92,43,0,141,63.62996621791505,63.62996621791505,75,66,59,82,28.199999999999967,50.90397297433204,79.10397297433208,0.4512763561554259,27,22,16,16,17.22019917075068,0.0,17.22019917075068,0.0,1.0,0,29,0,4.8526978283554145,0,2,26,0.0,-19.372724067094516,91,0,309,68,0,68,309,21,0,4125.9832144702705,412.59832144702705,8323.007210941898,832.3007210941898,424.6806723344308,42.46806723344308,5198.893474330422,519.8893474330422,5820.0,582.0,0,0,0.03955198648716609,0.0,0.03955198648716609,0.03955198648716609,0.0,0.0,0.08,-0.0008000000000000005,-0.0006400000000000005,0.0,0.03181498310895752,0.03365198648716602,0.0,1.9529073050251353,0.0457540325314119,0.011438508132852975,0.0066260999084648674,0.06511127585331104,-0.00013022255170662208,0.06050211554078989,0.1625098972147385,-0.09374842829956327,0.0026765522815272178,0.0,-0.014043558184769758,-0.0015126291989555536,-0.0010200000000000007,-0.0002951291989555536,-0.00019750000000000014,0.0,0.0,0.0,0.0,0.0,0.0,0.0,0.05006027206831243,0.0,0.0,0.0,0.04004821765464983,0.03164158918973272,0.008406628464917106,0.027199420500367055,-0.012036577185424472,0.04027808639563087,-0.003009144296356118,0.03020856479672314,0.0026765522815272178,0.0026765522815272178,0.0008451072893540059,0.4254280720417412,0.09858471680063527,0.07251577152613574,0.0,0.0,0.022020881054332215,0.0,0.0,0.0,0.03365198648716602,0.0,0.034,0.1545,-0.0006267604625059498,0.00040170007074872654,-0.0010284605332546764,0.32688139999906224,0.29163884917895,0.035242550820112226,0.8715757727622986,0.18068641424179077,2253,9150,0,0.013895798039933046,0.5355117287900713,0.01,0.3933737277984619,0.782160222530365,0.6413533091545105,0.7781420946121216,3.338907241821289,-0.004126840271055698,0.26794666051864624,0.2992349863052368,0.0017340494728867069,0.017522460563729206,0.16509406624568834,24,8,11403,2253,9150,0.06166022286807572,0.8149928334866049,425.61558177501615,rolling40_success_then_profit,0.8324466436875053,429.1141294791252,40,True,0.8330227139582493,431.4081628267498,False,cuda,136.97802734375
190,231,200,True,306,306,1094,677,417,40,377,0.3811700182815356,0.03656307129798903,0.3446069469835466,0.5140324963072378,1.809453471196455,0.7449045426252145,14.754615972454122,29.420047682708617,0.5167202869024966,0.46062087048632006,0.035898589082007215,0.11524066300938894,0.04440482995614541,0.17616395041500624,0.46644576191021736,0.01934667601851276,0.14533455456446093,0.06834616572073382,0.14390112398855356,-0.005824891423897305,0.016551913063494454,-0.030093891555071986,-0.023941335764588408,0.03226282642645267,8.10146252285192,8.10146252285192,6.093235831809872,0.3692870201096892,0.12182776973580585,0.15181055669960364,0.031876717953797165,-0.03393344576453958,-0.05626050464375423,287,19,0.9379084967320261,0.06209150326797386,0,0.0,0,19,1.0,-4.534144104239164,-5.011980659365654,0.477836555126491,11.945913878162273,0.477836555126491,0.0,0.0,0.0,0.0,19,79.02233409094518,0.0,132,17,15,112,1,19,6.294117647058823,6.294117647058823,1.5383912248628884,92.77644873657982,39.40742058055611,-5.449200848344402,78.35665773822453,0.9349782826612827,132.18386931713593,0.04638822436828991,0.019703710290278058,0.06609193465856797,0.7684210526315789,0.73,219,156,63,66,0,153,87.62178683964609,86.72239701710183,101,52,49,104,30.59999999999997,70.09742947171686,100.69742947171687,0.5726914172525889,44,32,22,22,29.777810052732452,0.0,29.777810052732452,0.0,1.0,0,54,0,4.140931663792183,0,1,48,0.0,-33.500036309324024,62,0,377,40,0,40,377,32,0,4497.588265205956,449.7588265205956,8980.675508131993,898.0675508131993,391.51180744446407,39.15118074444641,5663.036884726486,566.3036884726487,5470.0,547.0,0,0,0.050348714735858495,0.0,0.050348714735858495,0.050348714735858495,0.0,0.0,0.11,-0.0010999999999999985,-0.0008800000000000007,0.0,0.04381089341982304,0.04498895880684073,0.0,2.167508223760762,0.05039029089823786,0.012597572724559466,0.007248813018642294,0.08370550294416208,-0.00016741100588832416,0.06583168415796586,0.12477625245965673,-0.06373135834770956,0.0017807727666379108,0.0,-0.012720713999368456,-0.0009617958051926457,-0.0006000000000000004,-0.00025429580519264555,-0.00010750000000000008,0.0,0.0,0.0,0.0,0.0,0.0,0.0,0.06167887645452945,0.0,0.0,0.0,0.04934310116362373,0.040278971788686675,0.009064129374936928,0.03645372844494009,-0.010898401696688804,0.05223777182548304,-0.002724600424172201,0.03917832886911227,0.0017807727666379108,0.0017807727666379108,0.0010467746121684694,0.4190260300989446,0.10071455387552697,0.04320555287438528,0.0,0.0,0.03235135956515116,0.0,0.0,0.0,0.04498895880684073,0.0,0.02,0.1885,-0.0006267604625059498,0.00040170007074872654,-0.0010284605332546764,0.32688139999906224,0.29163884917895,0.035242550820112226,0.8715757727622986,0.18068641424179077,2253,9150,0,0.013895798039933046,0.5355117287900713,0.01,0.3933737277984619,0.782160222530365,0.6413533091545105,0.7781420946121216,3.338907241821289,-0.004126840271055698,0.26794666051864624,0.2992349863052368,0.0017340494728867069,0.017522460563729206,0.16509406624568834,24,8,11403,2253,9150,0.06166022286807572,0.8149928334866049,425.61558177501615,rolling40_success_then_profit,0.8324466436875053,429.1141294791252,40,True,0.8330227139582493,431.4081628267498,False,cuda,136.97802734375
191,232,200,True,280,280,1135,800,335,57,278,0.29515418502202645,0.050220264317180616,0.24493392070484582,0.56,1.7825,0.7757772381231188,13.560519357919693,29.317237591892482,0.4479320761144299,0.48551410490646957,0.015633071390911937,0.08970403612591327,0.0399403867777437,0.21624593787593768,0.49501790646463634,0.007787818878423423,0.12361364102282096,0.08089289287861902,0.1607428588415496,-0.009503801558166769,0.007845252512488514,-0.0339096048969077,-0.04095250610087532,0.055503079034388086,10.52511013215859,10.52511013215859,8.079295154185022,0.4986784140969163,0.12741147581930903,0.15777617074470743,0.005729921177332837,-0.04665422739256624,-0.018719999743518543,260,20,0.9285714285714286,0.07142857142857142,2,0.007142857142857143,0,20,1.0,-6.133074428701613,-6.164933553338049,0.03185912463643653,12.29647811591091,0.4918591246364365,-0.16,-0.06,-0.24,0.0,18,62.17761126863057,0.0,120,26,21,81,2,20,6.839285714285714,6.839285714285714,1.492511013215859,73.34954789707584,36.3524302998481,-6.091917572511582,58.76118134007891,0.9060658985513966,109.70197819692393,0.036674773948537916,0.01817621514992405,0.054850989098461964,0.8576388888888888,0.8233333333333334,247,150,97,41,0,145,61.652517607235254,61.652517607235254,73,72,68,77,28.999999999999957,49.32201408578819,78.32201408578827,0.42518977660162244,25,22,16,16,14.50385197130598,0.0,14.50385197130598,0.0,1.0,0,33,0,5.9050047931148475,0,1,32,0.0,-16.316833467719228,94,0,278,57,0,57,278,26,0,4309.5601635188705,430.95601635188706,8681.14889362876,868.114889362876,394.09427763640923,39.40942776364092,5429.264789762514,542.9264789762514,5675.0,567.5,0,0,0.03916100704289418,0.0,0.03916100704289418,0.03916100704289418,0.0,0.0,0.08,-0.0008000000000000006,-0.0006400000000000005,0.0,0.03082625880361763,0.0323610070428941,0.0,2.0165530773700433,0.0464321454095614,0.01160803635239035,0.006813113850491831,0.041202220836765065,-8.240444167353013e-05,0.062242794711004364,0.17138546565236776,-0.10686049998963276,0.0016791803511411795,0.0,-0.013030751304170432,-0.001358221600019843,-0.0008550000000000006,-0.0003182216000198431,-0.0001850000000000001,0.0,0.0,0.0,0.0,0.0,0.0,0.0,0.04988663895361092,0.0,0.0,0.0,0.039909311162888726,0.031328805634315234,0.00858050552857349,0.0263346318837837,-0.012183835145023164,0.03917412089338595,-0.003045958786255791,0.029380590670039456,0.0016791803511411795,0.0016791803511411795,0.0009392233623812601,0.45038946283555276,0.09244214424229061,0.06587275718570064,0.0,0.0,0.019835866486709746,0.0,0.0,0.0,0.0323610070428941,0.0,0.0285,0.139,-0.0006267604625059498,0.00040170007074872654,-0.0010284605332546764,0.32688139999906224,0.29163884917895,0.035242550820112226,0.8715757727622986,0.18068641424179077,2253,9150,0,0.013895798039933046,0.5355117287900713,0.01,0.3933737277984619,0.782160222530365,0.6413533091545105,0.7781420946121216,3.338907241821289,-0.004126840271055698,0.26794666051864624,0.2992349863052368,0.0017340494728867069,0.017522460563729206,0.16509406624568834,24,8,11403,2253,9150,0.06166022286807572,0.8149928334866049,425.61558177501615,rolling40_success_then_profit,0.8324466436875053,429.1141294791252,40,True,0.8330227139582493,431.4081628267498,False,cuda,136.97802734375
192,233,200,True,269,269,1262,900,362,76,286,0.2868462757527734,0.060221870047543584,0.2266244057052298,0.5211111111111111,1.8266666666666667,0.7330908520850871,14.714811196857028,28.053879917462666,0.4579136042639665,0.44486032514108553,0.013778759431507852,0.06845046629922258,0.0604409738490358,0.19147661528239648,0.4543769510421488,0.00813253711702095,0.10230267618575858,0.09509412356691124,0.14934961513305703,-0.00951662590106328,0.005646222314486901,-0.033852209886536005,-0.03465314971787544,0.042127000149339455,8.245641838351823,8.245641838351823,5.770206022187005,0.46513470681458,0.17204607153031265,0.24093272784965392,0.020860755245358586,-0.028050978681844634,-0.07293119835329094,255,14,0.9479553903345725,0.05204460966542751,0,0.0,0,14,1.0,-7.813693412125376,-8.20061733528971,0.3869239231643345,9.673098079108362,0.3869239231643345,0.0,0.0,0.0,0.0,14,55.62005418908618,0.0,113,38,15,76,3,14,7.111524163568773,7.111524163568773,1.3827258320126783,62.64757914003431,32.38662798238014,-6.686841287423417,52.4343409483987,0.8868960153612795,95.03420712241444,0.031323789570017156,0.016193313991190072,0.047517103561207225,0.8623188405797102,0.7933333333333333,238,137,101,38,0,132,55.43721925477106,54.906334670447144,67,65,60,72,26.399999999999963,44.34977540381686,70.74977540381691,0.4199789337482657,18,14,20,20,11.876330380973457,0.0,11.876330380973457,0.0,1.0,0,21,0,4.303466568386805,0,1,17,0.0,-13.360871678595137,101,0,286,76,0,76,286,15,0,3755.4546948474162,375.5454694847416,7223.967704035635,722.3967704035634,426.3517170720355,42.635171707203554,4732.29356828685,473.229356828685,6310.0,631.0,0,0,0.03537488770190847,0.0,0.03537488770190847,0.03537488770190847,0.0,0.0,0.1,-0.0010000000000000007,-0.0008000000000000005,0.0,0.027718609627385538,0.029062533868178867,0.0,1.7324847583824479,0.0405514090501071,0.010137852262526776,0.005893693430753594,0.05104539280290484,-0.00010209078560580969,0.05615334538815132,0.1861692135289842,-0.09903451621767129,0.0027615162192377164,0.0,-0.01498626339343303,-0.001767806886331539,-0.00114,-0.00038280688633153824,-0.0002450000000000002,0.0,0.0,0.0,0.0,0.0,0.0,0.0,0.04441064917882931,0.0,0.0,0.0,0.03552851934306348,0.028299910161526685,0.00722860918153679,0.02287374983048765,-0.013373682574846833,0.034956227298932475,-0.0033434206437117082,0.026217170474199348,0.0027615162192377164,0.0027615162192377164,0.0009160104653115079,0.42089286773071033,0.07783045923005873,0.07344314988568054,0.0,0.0,0.014161927227223559,0.0,0.0,0.0,0.029062533868178867,0.0,0.038,0.143,-0.0006267604625059498,0.00040170007074872654,-0.0010284605332546764,0.32688139999906224,0.29163884917895,0.035242550820112226,0.8715757727622986,0.18068641424179077,2253,9150,0,0.013895798039933046,0.5355117287900713,0.01,0.3933737277984619,0.782160222530365,0.6413533091545105,0.7781420946121216,3.338907241821289,-0.004126840271055698,0.26794666051864624,0.2992349863052368,0.0017340494728867069,0.017522460563729206,0.16509406624568834,24,8,11403,2253,9150,0.06166022286807572,0.8149928334866049,425.61558177501615,rolling40_success_then_profit,0.8324466436875053,429.1141294791252,40,True,0.8330227139582493,431.4081628267498,False,cuda,136.97802734375
193,234,200,True,309,309,1095,746,349,30,319,0.3187214611872146,0.0273972602739726,0.291324200913242,0.5093833780160858,1.8525469168900803,0.7420581710242714,15.256361069052852,24.867758777961335,0.480622903298978,0.45729190868203184,0.03660264620232838,0.09539491477504812,0.026793258425707234,0.17940714765819485,0.45938995059070253,0.0203553401882543,0.135769513655384,0.03991755953460592,0.1495375613664494,-0.002098041908670689,0.016247306014074078,-0.040374598880335885,-0.013124301108898687,0.029869586291745437,8.314155251141553,8.314155251141553,6.018264840182648,0.4,0.13214957277778844,0.12308715487990883,0.03738788819782124,-0.057428115055045394,0.003917552332996381,291,18,0.941747572815534,0.05825242718446602,0,0.0,0,18,1.0,-4.717033912840332,-5.212105237245557,0.4950713244052246,12.376783110130614,0.4950713244052246,0.0,0.0,0.0,0.0,18,97.81813114069912,0.0,157,20,11,92,1,18,6.333333333333333,6.333333333333333,1.5808219178082192,111.8624669964801,48.83998465404436,-5.274573722266113,96.41041171811695,0.9481282934798811,160.70245165052444,0.05593123349824005,0.024419992327022178,0.08035122582526222,0.74822695035461,0.7033333333333334,211,171,40,71,0,170,110.84082990734237,110.84082990734237,121,49,46,124,33.99999999999998,88.67266392587388,122.67266392587402,0.6520048818078963,51,36,20,20,37.59631408160577,0.0,37.59631408160577,0.0,1.0,0,55,0,3.17246530467183,0,1,48,0.0,-42.29585334180651,39,0,319,30,0,30,319,29,0,4507.4845062993645,450.7484506299364,8862.073942089417,886.2073942089417,407.8921816217577,40.78921816217577,5680.278388108011,568.0278388108011,5475.0,547.5,0,0,0.06133633196293701,0.0,0.06133633196293701,0.06133633196293701,0.0,0.0,0.1,-0.0010000000000000007,-0.0008000000000000006,0.0,0.05542041495367117,0.05673633196293696,0.0,2.225348924003462,0.0511869675018931,0.012796741875473276,0.007537275849141018,0.037942885042491784,-7.588577008498357e-05,0.07230139500279327,0.13075979579845234,-0.05554054224303344,0.001933276740247557,0.0,-0.0130379885784403,-0.0006665351216786787,-0.0004500000000000003,-0.00012653512167867868,-9.000000000000005e-05,0.0,0.0,0.0,0.0,0.0,0.0,0.0,0.07305718806832522,0.0,0.0,0.0,0.05844575045466011,0.04906906557034951,0.009376684884310671,0.04556791899792549,-0.010549147444532225,0.06427360781207796,-0.0026372868611330563,0.04820520585905847,0.001933276740247557,0.001933276740247557,0.001327220431814589,0.4219111663381725,0.08960694674335332,0.0387858079540622,0.0,0.0,0.042542085881346774,0.0,0.0,0.0,0.05673633196293696,0.0,0.015,0.1595,-0.002706588406322731,-0.001969478512182832,-0.0007371098941398992,0.3896804178754489,0.35265053311983746,0.03702988475561142,0.8517053127288818,0.1813117265701294,2269,9092,0,0.013585658371448516,0.5444303303956985,0.01,0.38592153787612915,0.7812763452529907,0.639059841632843,0.7811262607574463,3.387263536453247,0.014638287015259266,0.2732238471508026,0.4880114495754242,0.0018320151095799196,0.019477108338226874,0.1786785970131556,25,8,11361,2269,9092,0.06239142532139319,0.8096613752063407,432.24572172539706,rolling40_success_then_profit,0.8249132887102745,431.8592999332358,40,True,0.8330227139582493,431.4081628267498,False,cuda,136.2314453125
194,235,200,True,268,268,1298,973,325,53,272,0.25038520801232667,0.040832049306625574,0.20955315870570107,0.5282631038026722,1.7564234326824255,0.7545111432196793,14.407737785841187,28.251409411583506,0.4463197447547914,0.4550389019123452,0.01000276976719667,0.09147050322434518,0.06326855877404775,0.20449164141264323,0.4686152589376269,0.005826751989640778,0.12060864696725207,0.10901986511102577,0.15430018333919185,-0.013576357025281705,0.004176017777555893,-0.029138143742906894,-0.04575130633697802,0.05019145807345138,8.427580893682588,8.427580893682588,5.783513097072419,0.5069337442218799,0.07052317789658388,0.24985246316839724,0.05309797049263338,-0.04239325187233898,-0.0464377561484112,256,12,0.9552238805970149,0.04477611940298507,1,0.0037313432835820895,0,12,1.0,-8.523203935412386,-8.630472256988279,0.10726832157589317,9.486084319524789,0.37944337278099155,-0.08,-0.096,-0.09617505120509841,0.0,11,49.512359185835834,0.0,107,42,16,82,0,11,7.164179104477612,7.164179104477612,1.3567026194144838,55.1689930109537,27.0966317526255,-7.153851258254428,45.480429352953585,0.8640838028907898,82.2656247635792,0.027584496505476848,0.01354831587631275,0.0411328123817896,0.8767605633802817,0.83,249,133,116,35,0,129,46.36306122786849,46.36306122786849,57,72,68,61,25.799999999999972,37.09044898229479,62.89044898229484,0.35940357540983325,16,12,19,19,9.982174526287713,0.0,9.982174526287713,0.0,1.0,0,18,0,5.17939123111285,0,0,17,0.0,-11.229946342073678,113,0,272,53,0,53,272,15,0,3626.8350221866262,362.6835022186626,6748.235167004912,674.8235167004912,446.85281811691834,44.68528181169184,4571.077665093525,457.1077665093525,6495.0,649.5,0,0,0.03144522449114744,0.0,0.03144522449114744,0.03144522449114744,0.0,0.0,0.095,-0.0009500000000000006,-0.0007600000000000006,0.0,0.023181530613934243,0.024645224491147394,0.0,1.7057042507412152,0.03943130381074705,0.009857825952686762,0.005675061744154994,0.06521367617765245,-0.0001304273523553049,0.054940998869450974,0.2035397046001577,-0.11113191472549926,0.0020106650739388637,0.0,-0.015791604071634827,-0.0011741505191175663,-0.0007950000000000006,-0.00022165051911756617,-0.00015750000000000011,0.0,0.0,0.0,0.0,0.0,0.0,0.0,0.04022262309147887,0.0,0.0,0.0,0.03217809847318303,0.025156179592917844,0.007021918880265197,0.019163289047349593,-0.014307702516508857,0.030320286235302387,-0.003576925629127214,0.022740214676476793,0.0020106650739388637,0.0020106650739388637,0.001180479449344176,0.42555940444105594,0.08688049269231739,0.0756653705091486,0.0,0.0,0.013250323606684692,0.0,0.0,0.0,0.024645224491147394,0.0,0.0265,0.136,-0.002706588406322731,-0.001969478512182832,-0.0007371098941398992,0.3896804178754489,0.35265053311983746,0.03702988475561142,0.8517053127288818,0.1813117265701294,2269,9092,0,0.013585658371448516,0.5444303303956985,0.01,0.38592153787612915,0.7812763452529907,0.639059841632843,0.7811262607574463,3.387263536453247,0.014638287015259266,0.2732238471508026,0.4880114495754242,0.0018320151095799196,0.019477108338226874,0.1786785970131556,25,8,11361,2269,9092,0.06239142532139319,0.8096613752063407,432.24572172539706,rolling40_success_then_profit,0.8249132887102745,431.8592999332358,40,True,0.8330227139582493,431.4081628267498,False,cuda,136.2314453125
195,236,200,True,265,265,1251,953,298,54,244,0.23820943245403678,0.04316546762589928,0.1950439648281375,0.5445960125918153,1.7523609653725079,0.7198426972718954,15.170408518091705,26.052659484797235,0.43770090638535786,0.4302729846047705,0.012757129044685385,0.08847275513526275,0.03489662077842751,0.1927077843820342,0.4415045287245093,0.006514015845008437,0.11602149874456656,0.06907505596998165,0.1527080153880283,-0.011231544119738812,0.0062431131996769475,-0.027548743609303816,-0.034178435191554134,0.039999768994005896,7.738609112709832,7.738609112709832,5.2086330935251794,0.442845723421263,0.0720796063933323,0.07814413664024472,0.08529273341306176,-0.0022041617233781105,-0.014323794751558296,250,15,0.9433962264150944,0.05660377358490566,0,0.0,0,15,1.0,-8.350174193204454,-8.725415786206721,0.37524159300226384,9.381039825056595,0.37524159300226384,0.0,0.0,0.0,0.0,15,58.16278833569488,0.0,109,42,15,71,3,15,7.369811320754717,7.369811320754717,1.3996802557953638,64.14522297526862,32.03766826379187,-6.39662237455571,56.17070412928612,0.897764172900005,96.1828912390605,0.03207261148763431,0.016018834131895934,0.04809144561953025,0.8021201413427562,0.7566666666666667,227,132,95,56,0,131,60.87642121049601,59.879356774523224,70,61,56,75,26.19999999999996,48.701136968396796,74.9011369683969,0.4647055054236337,25,20,31,31,15.765700880834288,0.0,15.765700880834288,0.0,1.0,0,27,0,5.081778926110742,0,0,25,0.0,-17.736413490938574,89,0,244,54,0,54,244,18,0,3727.0141670610005,372.7014167061001,7378.426353468205,737.8426353468205,444.59905701660796,44.459905701660794,4694.957672329546,469.49576723295456,6255.0,625.5,0,0,0.03745056848419847,0.0,0.03745056848419847,0.03745056848419847,0.0,0.0,0.155,-0.001549999999999991,-0.0012400000000000009,0.0,0.030438210605248005,0.03135174270980928,0.0,1.8359153775265922,0.04250102009437254,0.010625255023593135,0.006095393376381469,0.07618725155338296,-0.00015237450310676593,0.05619103441610279,0.18436512180487924,-0.08577905346674093,0.002840508593730782,0.0,-0.01516832594055507,-0.0012217042269273219,-0.0008100000000000006,-0.00024170422692732182,-0.00017000000000000012,0.0,0.0,0.0,0.0,0.0,0.0,0.0,0.04637344900468469,0.0,0.0,0.0,0.03709875920374778,0.02996045478735865,0.007138304416389162,0.024887040877365228,-0.01279324474911142,0.037447136086190755,-0.003198311187277855,0.028085352064643063,0.002840508593730782,0.002840508593730782,0.0010000010296081503,0.42275817846982144,0.09436679031465178,0.049625249953587726,0.0,0.0,0.01998861223030045,0.0,0.0,0.0,0.03135174270980928,0.0,0.027,0.122,-0.002706588406322731,-0.001969478512182832,-0.0007371098941398992,0.3896804178754489,0.35265053311983746,0.03702988475561142,0.8517053127288818,0.1813117265701294,2269,9092,0,0.013585658371448516,0.5444303303956985,0.01,0.38592153787612915,0.7812763452529907,0.639059841632843,0.7811262607574463,3.387263536453247,0.014638287015259266,0.2732238471508026,0.4880114495754242,0.0018320151095799196,0.019477108338226874,0.1786785970131556,25,8,11361,2269,9092,0.06239142532139319,0.8096613752063407,432.24572172539706,rolling40_success_then_profit,0.8249132887102745,431.8592999332358,40,True,0.8330227139582493,431.4081628267498,False,cuda,136.2314453125
196,237,200,True,285,285,1155,768,387,67,320,0.33506493506493507,0.05800865800865801,0.27705627705627706,0.5325520833333334,1.7890625,0.7111302612853857,15.619903799146414,30.041016477160156,0.503260981520422,0.43716095892402035,0.018468264179925125,0.10175618932407815,0.07387931665289216,0.16806049728499298,0.4526598260854371,0.010303436082419163,0.12494068117181693,0.1151660326390811,0.13555289801661274,-0.01549886716141674,0.008164828097505962,-0.023184491847738783,-0.04128671598618894,0.03250759926838023,7.510822510822511,7.510822510822511,5.263203463203463,0.3974025974025974,0.08000012846890853,0.36176441222195255,0.04069879206278465,-0.0788350334853051,-0.04494727205512071,266,19,0.9333333333333333,0.06666666666666667,1,0.0035087719298245615,0,19,1.0,-6.248068939457869,-6.496554725989695,0.2484857865318244,12.712144663295605,0.5084857865318244,-0.08,-0.06,-0.12,0.0,18,51.640712277597075,0.0,117,29,17,92,1,19,6.8,6.8,1.4874458874458873,62.66396139020165,27.481292472280092,-6.56357528780311,49.08164551536617,0.8820460195311278,90.14525386248174,0.031331980695100826,0.013740646236140045,0.04507262693124087,0.8432055749128919,0.8066666666666666,242,141,101,45,0,139,49.254233338955224,48.50318957620381,60,79,74,65,27.799999999999972,39.40338667116417,67.20338667116422,0.3543470024385268,24,21,21,21,14.067132214007072,0.7011075426444692,13.366024671362604,0.0,1.0,1,29,0,6.023590201733316,0,0,28,-0.8413290511733631,-15.036777755282928,101,0,320,67,0,67,320,23,0,4307.931254211102,430.7931254211102,8770.18416483623,877.018416483623,409.99878564534964,40.99987856453497,5424.240906903618,542.4240906903618,5775.0,577.5,0,0,0.03360169333558214,0.0,0.03360169333558214,0.03360169333558214,0.0,0.0,0.105,-0.0010499999999999993,-0.0008400000000000007,0.0,0.02462711666947761,0.025801275830481512,0.0,2.094293815175768,0.04765795662966055,0.011914489157415137,0.00691982117976258,0.06245768743804899,-0.00012491537487609798,0.06015377316585149,0.14525160379213783,-0.07517238653938443,0.001858881681384316,0.0,-0.014054706665814468,-0.001462378956982006,-0.0010050000000000007,-0.00021487895698200593,-0.00024250000000000015,0.0,0.0,0.0,0.0,0.0,0.0,0.0,0.04434126711812098,0.0,0.0,0.0,0.03547301369449696,0.026881354668465595,0.008591659026031264,0.021259035113781553,-0.013127150575606221,0.032721097010244116,-0.0032817876439015553,0.024540822757683083,0.001858881681384316,0.001858881681384316,0.0008067314653843642,0.4149732220476259,0.09458670617471489,0.08818835427792222,0.0,0.0,0.017123917447742602,0.0,0.0,0.0,0.025801275830481512,0.0,0.0335,0.16,-0.002706588406322731,-0.001969478512182832,-0.0007371098941398992,0.3896804178754489,0.35265053311983746,0.03702988475561142,0.8517053127288818,0.1813117265701294,2269,9092,0,0.013585658371448516,0.5444303303956985,0.01,0.38592153787612915,0.7812763452529907,0.639059841632843,0.7811262607574463,3.387263536453247,0.014638287015259266,0.2732238471508026,0.4880114495754242,0.0018320151095799196,0.019477108338226874,0.1786785970131556,25,8,11361,2269,9092,0.06239142532139319,0.8096613752063407,432.24572172539706,rolling40_success_then_profit,0.8249132887102745,431.8592999332358,40,True,0.8330227139582493,431.4081628267498,False,cuda,136.2314453125
197,238,200,True,296,296,1047,738,309,29,280,0.29512893982808025,0.027698185291308502,0.26743075453677173,0.516260162601626,1.8035230352303524,0.7392210182620258,15.10620360258149,27.746223454552936,0.4823431618403957,0.4597053997279183,0.04120196904835662,0.11026494448302884,0.023733580480569463,0.18436778411975882,0.46332336719927747,0.023778810983569158,0.1422450983212872,0.04255865918245889,0.15105082664063307,-0.0036179674713591736,0.017423158064787465,-0.03198015383825836,-0.018825078701889424,0.03331695747912575,9.008595988538682,9.008595988538682,6.705826170009551,0.39255014326647564,0.01604696677021847,0.121056736889495,0.07130014255762106,-0.07957511628254131,-0.04893136053649464,277,19,0.9358108108108109,0.06418918918918919,0,0.0,0,19,1.0,-4.5217172646259485,-5.03394474431872,0.5122274796927738,12.805686992319343,0.5122274796927738,0.0,0.0,0.0,0.0,19,99.8857975735785,0.0,155,21,10,80,1,19,6.614864864864865,6.614864864864865,1.6466093600764087,115.10720640973737,60.77638144515121,-4.827987987595835,100.17749141567937,0.9540215613982022,175.8835878548886,0.057553603204868686,0.030388190722575606,0.08794179392744429,0.7464285714285714,0.6966666666666667,209,169,40,71,0,167,114.8215587087164,114.8215587087164,125,42,39,128,33.39999999999996,91.85724696697312,125.25724696697317,0.6875542437647688,46,36,25,25,30.731663984828728,0.0,30.731663984828728,0.0,1.0,0,49,0,4.17624158831152,0,0,46,0.0,-34.57312198293232,38,0,280,29,0,29,280,29,0,4774.23854124267,477.423854124267,9329.910133313604,932.9910133313604,405.2534290122773,40.52534290122773,6012.767775517434,601.2767775517434,5235.0,523.5,0,0,0.06262862348348662,0.0,0.06262862348348662,0.06262862348348662,0.0,0.0,0.125,-0.0012499999999999953,-0.0010000000000000007,0.0,0.057410779354358184,0.05872862348348657,0.0,2.3470535439157403,0.05425746436100817,0.013564366090252043,0.008056370793633024,0.0224561386307972,-4.49122772615944e-05,0.07168798640967544,0.12968838436214195,-0.06409331894369823,0.002703754336303211,0.0,-0.012944336457431708,-0.0006773875945360219,-0.0004350000000000003,-0.00016488759453602188,-7.750000000000005e-05,0.0,0.0,0.0,0.0,0.0,0.0,0.0,0.074898077296477,0.0,0.0,0.0,0.05991846183718171,0.05010289878678917,0.009815563050392401,0.047674751714041785,-0.00965597597519167,0.0667849942771196,-0.0024139939937979174,0.05008874570783969,0.002703754336303211,0.002703754336303211,0.001335323920634885,0.43548287255825346,0.09442101167896816,0.041251929784063175,0.0,0.0,0.04107227067186257,0.0,0.0,0.0,0.05872862348348657,0.0,0.0145,0.14,-0.002706588406322731,-0.001969478512182832,-0.0007371098941398992,0.3896804178754489,0.35265053311983746,0.03702988475561142,0.8517053127288818,0.1813117265701294,2269,9092,0,0.013585658371448516,0.5444303303956985,0.01,0.38592153787612915,0.7812763452529907,0.639059841632843,0.7811262607574463,3.387263536453247,0.014638287015259266,0.2732238471508026,0.4880114495754242,0.0018320151095799196,0.019477108338226874,0.1786785970131556,25,8,11361,2269,9092,0.06239142532139319,0.8096613752063407,432.24572172539706,rolling40_success_then_profit,0.8249132887102745,431.8592999332358,40,True,0.8330227139582493,431.4081628267498,False,cuda,136.2314453125
198,239,200,True,257,257,1099,807,292,101,191,0.2656960873521383,0.09190172884440401,0.1737943585077343,0.5551425030978935,1.7744733581164809,0.7225303436632936,15.533548052573883,25.51727882829002,0.4636102032669834,0.4308071360269001,0.024430717797453667,0.19022305762623765,0.04196183124090899,0.16736426008022776,0.43810879591450813,0.013365103873566181,0.2093397482728777,0.07460106064924968,0.13724262151022382,-0.0073016598876080585,0.011065613923887486,-0.019116690646640067,-0.032639229408340686,0.03012163857000394,8.209281164695177,8.209281164695177,5.831665150136487,0.3830755232029117,0.15785609128533903,0.21061991694186233,0.0728164688169891,-0.10291862551400266,-0.026425864088960235,239,18,0.9299610894941635,0.07003891050583658,1,0.0038910505836575876,0,18,1.0,-6.388794679332088,-6.559086843952535,0.17029216462044705,12.673371556836845,0.506934862273474,-0.08,-0.18,-0.07664269765302684,0.0,17,72.3292046077559,0.0,132,35,14,47,1,18,7.466926070038911,7.466926070038911,1.5250227479526843,83.93988946380469,40.96650444828542,-6.50427444102431,70.3482315788159,0.915366787917818,124.90639391209011,0.041969944731902346,0.02048325222414271,0.06245319695604506,0.8303886925795053,0.7833333333333333,235,159,76,48,0,153,76.5143821996186,76.5143821996186,90,63,60,93,30.599999999999966,61.21150575969484,91.81150575969488,0.5000940013046967,28,19,20,20,20.33551350178326,0.0,20.33551350178326,0.0,1.0,0,34,0,3.2118630140939235,0,1,22,0.0,-22.877452689506168,73,0,191,101,0,101,191,19,0,4521.842770305628,452.1842770305628,8888.327214768615,888.8327214768615,410.4779606413466,41.04779606413466,5692.196388195529,569.2196388195529,5495.0,549.5,0,0,0.04590575287984748,0.0,0.04590575287984748,0.04590575287984748,0.0,0.0,0.1,-0.0010000000000000007,-0.0008000000000000006,0.0,0.038257191099809296,0.03990575287984743,0.0,2.0793541721222732,0.04917749434165546,0.012294373585413866,0.006993068172696485,0.10484943790039977,-0.00020969887580079958,0.0655111072381877,0.15112722852600755,-0.09158727809129655,0.001946218159656367,0.0,-0.013604852131349753,-0.0023721425551208822,-0.0015149999999999975,-0.00031214255512088243,-0.0005449999999999999,0.0,0.0,0.0,0.0,0.0,0.0,0.0,0.05699042758946042,0.0,0.0,0.0,0.045592342071568405,0.036724602303877876,0.008867739767690492,0.031921978568895754,-0.01300854888204862,0.04689882105254392,-0.003252137220512155,0.03517411578940795,0.001946218159656367,0.001946218159656367,0.0009368408092483877,0.44153140841480776,0.16050741304785182,0.06507218939178061,0.0,0.0,0.028623387154192586,0.0,0.0,0.0,0.03990575287984743,0.0,0.0505,0.0955,-0.002706588406322731,-0.001969478512182832,-0.0007371098941398992,0.3896804178754489,0.35265053311983746,0.03702988475561142,0.8517053127288818,0.1813117265701294,2269,9092,0,0.013585658371448516,0.5444303303956985,0.01,0.38592153787612915,0.7812763452529907,0.639059841632843,0.7811262607574463,3.387263536453247,0.014638287015259266,0.2732238471508026,0.4880114495754242,0.0018320151095799196,0.019477108338226874,0.1786785970131556,25,8,11361,2269,9092,0.06239142532139319,0.8096613752063407,432.24572172539706,rolling40_success_then_profit,0.8249132887102745,431.8592999332358,40,True,0.8330227139582493,431.4081628267498,False,cuda,136.2314453125
199,240,200,True,311,311,1100,659,441,51,390,0.4009090909090909,0.046363636363636364,0.35454545454545455,0.5159332321699545,1.8710166919575113,0.7509355533738057,14.27151292300188,32.097948889337104,0.46850513791343396,0.48337389567191397,0.020359030103647292,0.1024707272897541,0.057780358057090385,0.19386037591172098,0.4925763679835069,0.009345306824095694,0.13321381921375422,0.1059977542241535,0.14806722000252587,-0.009202472311592935,0.011013723279551598,-0.030743091924000127,-0.048217396167063116,0.04579315590919511,8.621818181818181,8.621818181818181,6.488181818181818,0.4263636363636364,0.10818811660456609,0.03103686394290002,0.003956514706620815,-0.06560486709483455,-0.030382338774906526,292,19,0.9389067524115756,0.06109324758842444,0,0.0,0,19,1.0,-5.195144491642308,-5.736250689625735,0.5411061979834283,13.527654949585703,0.5411061979834282,0.0,0.0,0.0,0.0,19,68.54209586800435,0.0,128,20,15,118,1,19,6.196141479099678,6.196141479099678,1.5263636363636364,79.91935686414556,35.736226682793145,-4.951533492321001,65.86079087781427,0.930075258277932,115.6555835469387,0.03995967843207278,0.017868113341396572,0.05782779177346935,0.7649122807017544,0.7266666666666667,218,152,66,67,0,148,72.09989222429897,71.34702479375679,84,64,63,85,29.599999999999966,57.67991377943915,87.27991377943924,0.487161433947966,34,25,33,33,22.376027291288946,0.0,22.376027291288946,0.0,1.0,0,34,0,4.2335033230951655,0,1,26,0.0,-25.173030702700075,66,0,390,51,0,51,390,19,0,4410.48422805341,441.04842280534103,8966.568430274694,896.6568430274694,355.3816269275643,35.53816269275643,5554.455300778963,555.4455300778963,5520.0,552.0,0,0,0.043639956889719646,0.0,0.043639956889719646,0.043639956889719646,0.0,0.0,0.165,-0.0016499999999999913,-0.0013200000000000009,0.0,0.03604994611214948,0.03693880991750271,0.0,2.08480276989037,0.04834670615371744,0.01208667653842936,0.006968384001040108,0.07696155428231723,-0.00015392310856463445,0.06355915569983125,0.13403007205230683,-0.0931829403101554,0.0017674806743016938,0.0,-0.01122708674930836,-0.0012017393172474688,-0.0007650000000000006,-0.00027173931724746843,-0.00016500000000000008,0.0,0.0,0.0,0.0,0.0,0.0,0.0,0.05392271031958431,0.0,0.0,0.0,0.043138168255667374,0.034911965511775604,0.008226202743891811,0.03045462869274661,-0.009903066984642002,0.04390719391854282,-0.0024757667461605005,0.032930395438907134,0.0017674806743016938,0.0017674806743016938,0.0008992334317043419,0.4122198913118112,0.0851999604401973,0.0713239479637686,0.0,0.0,0.01878706608902872,0.0,0.0,0.0,0.03693880991750271,0.0,0.0255,0.195,-0.002706588406322731,-0.001969478512182832,-0.0007371098941398992,0.3896804178754489,0.35265053311983746,0.03702988475561142,0.8517053127288818,0.1813117265701294,2269,9092,0,0.013585658371448516,0.5444303303956985,0.01,0.38592153787612915,0.7812763452529907,0.639059841632843,0.7811262607574463,3.387263536453247,0.014638287015259266,0.2732238471508026,0.4880114495754242,0.0018320151095799196,0.019477108338226874,0.1786785970131556,25,8,11361,2269,9092,0.06239142532139319,0.8096613752063407,432.24572172539706,rolling40_success_then_profit,0.8249132887102745,431.8592999332358,40,True,0.8330227139582493,431.4081628267498,False,cuda,136.2314453125
200,241,200,True,278,278,1047,779,268,56,212,0.2559694364851958,0.05348615090735435,0.20248328557784145,0.521181001283697,1.8433889602053914,0.7375057155651367,14.52942082083118,26.30503962342944,0.5135247920699889,0.4616862909631643,0.02155339713082846,0.12100385351104133,0.027772850899171652,0.17317247226958632,0.4629813775477575,0.011383760543552076,0.15652140208779428,0.05052487805290853,0.13891476816443943,-0.0012950865845931525,0.010169636587276385,-0.03551754857675295,-0.022752027153736875,0.03425770410514689,9.821394460362942,9.821394460362942,7.312320916905444,0.46322827125119387,0.11311890480860869,0.2546592911686196,0.14420921605980608,-0.0894191430157328,-0.03282637107870086,258,20,0.9280575539568345,0.07194244604316546,0,0.0,0,20,1.0,-4.736159822039675,-5.268588850796219,0.5324290287565453,13.31072571891363,0.5324290287565453,0.0,0.0,0.0,0.0,20,80.50655405360018,0.0,151,24,12,59,2,20,6.967625899280575,6.967625899280575,1.6160458452722064,95.43177799866602,57.08924031406178,-6.134424238063844,78.52963810910283,0.9275439416914639,152.5210183127278,0.04771588899933301,0.02854462015703089,0.0762605091563639,0.8652482269503546,0.8133333333333334,244,169,75,38,0,166,85.04149070875029,85.04149070875029,99,67,60,106,33.199999999999974,68.0331925670002,101.23319256700032,0.5122981367997005,21,17,17,17,13.605309828424158,0.0,13.605309828424158,0.0,1.0,0,23,0,4.597848766606237,0,2,21,0.0,-15.305973556977177,72,0,212,56,0,56,212,17,0,4703.827248671961,470.3827248671961,9487.054755768131,948.7054755768131,437.1042789430251,43.71042789430251,5923.218026669381,592.3218026669381,5235.0,523.5,0,0,0.050616596283500175,0.0,0.050616596283500175,0.050616596283500175,0.0,0.0,0.085,-0.0008500000000000006,-0.0006800000000000005,0.0,0.04252074535437514,0.0446165962835001,0.0,2.2677624402712153,0.05282409996106826,0.013206024990267065,0.007736495789235111,0.053830067913077644,-0.00010766013582615528,0.07116309010455528,0.14714640658349434,-0.07768061516233649,0.00325201038817476,0.0,-0.01454675682945172,-0.0012509362523301952,-0.0008400000000000007,-0.00025093625233019526,-0.00016000000000000012,0.0,0.0,0.0,0.0,0.0,0.0,0.0,0.06286496113794098,0.0,0.0,0.0,0.05029196891035282,0.04049327702680002,0.00979869188355276,0.036197606935519454,-0.012268848476127688,0.052353092072735224,-0.003067212119031922,0.03926481905455142,0.00325201038817476,0.00325201038817476,0.000955895188823341,0.4559071014335698,0.12196774679830548,0.04242386915441037,0.0,0.0,0.026947418228554728,0.0,0.0,0.0,0.0446165962835001,0.0,0.028,0.106,-0.002706588406322731,-0.001969478512182832,-0.0007371098941398992,0.3896804178754489,0.35265053311983746,0.03702988475561142,0.8517053127288818,0.1813117265701294,2269,9092,0,0.013585658371448516,0.5444303303956985,0.01,0.38592153787612915,0.7812763452529907,0.639059841632843,0.7811262607574463,3.387263536453247,0.014638287015259266,0.2732238471508026,0.4880114495754242,0.0018320151095799196,0.019477108338226874,0.1786785970131556,25,8,11361,2269,9092,0.06239142532139319,0.8096613752063407,432.24572172539706,rolling40_success_then_profit,0.8249132887102745,431.8592999332358,40,True,0.8330227139582493,431.4081628267498,False,cuda,136.2314453125
201,242,200,True,288,288,1135,815,320,40,280,0.28193832599118945,0.03524229074889868,0.24669603524229075,0.5349693251533743,1.807361963190184,0.7470301382563597,14.407655220967861,29.246740920192625,0.4352140311581649,0.4639871052620601,0.024055898381522826,0.09635616994800011,0.023432202927448267,0.21342963534264478,0.46944104610410936,0.013672740202099999,0.12925374612577853,0.04286952162978519,0.16754914869331508,-0.005453940842049254,0.010383158179422827,-0.032897576177778415,-0.019437318702336923,0.0458804866493297,9.112775330396476,9.112775330396476,6.719823788546256,0.4511013215859031,0.10172116808022699,0.2659199542946908,0.07095661807462707,-0.056835237707439853,-0.009882405094780453,269,19,0.9340277777777778,0.06597222222222222,1,0.003472222222222222,0,19,1.0,-6.545927195222878,-6.741509574130172,0.19558237890729435,11.689559472682356,0.46758237890729437,-0.08,-0.07200000000000001,-0.12,0.0,18,78.67903214559388,0.0,135,29,12,81,2,19,6.729166666666667,6.729166666666667,1.4995594713656388,88.95992518437879,49.42256661281726,-5.576790869882098,77.50641918963379,0.9328770413915493,138.38249179719605,0.04447996259218939,0.02471128330640863,0.06919124589859803,0.7964285714285714,0.7433333333333333,223,155,68,57,0,152,86.18598772749041,86.18598772749041,101,51,49,103,30.399999999999963,68.94879018199234,99.34879018199238,0.5670130771545422,31,26,26,26,20.00627707283054,0.0,20.00627707283054,0.0,1.0,0,34,0,4.57007524701877,0,0,32,0.0,-22.50706170693436,68,0,280,40,0,40,280,20,0,4263.456755092622,426.3456755092622,8641.342999711644,864.1342999711644,394.84432727317653,39.48443272731765,5370.368868494569,537.0368868494569,5675.0,567.5,0,0,0.04967439509099623,0.0,0.04967439509099623,0.04967439509099623,0.0,0.0,0.13,-0.0012999999999999943,-0.0010400000000000008,0.0,0.04309299386374522,0.04477439509099617,0.0,2.0430573582230744,0.04758234744425605,0.011895586861064013,0.0068965510354263,0.0744121074045562,-0.00014882421480911238,0.06490592279909768,0.1575814648228652,-0.06939623259107923,0.0016664154689959535,0.0,-0.012898161311959184,-0.0009289591781361392,-0.0006000000000000004,-0.00022145917813613914,-0.00010750000000000008,0.0,0.0,0.0,0.0,0.0,0.0,0.0,0.060121157737250935,0.0,0.0,0.0,0.04809692618980079,0.039739516072796854,0.008357410117003954,0.03596481415987573,-0.011153581739764195,0.05167094612642245,-0.002788395434941049,0.038753209594816894,0.0016664154689959535,0.0016664154689959535,0.001048921024724841,0.4248683455972851,0.09166704472018329,0.036138505505459086,0.0,0.0,0.030535392671351396,0.0,0.0,0.0,0.04477439509099617,0.0,0.02,0.14,-0.0015766803019990525,0.0003907902787129084,-0.001967470580711961,0.33183951944940615,0.295605993270874,0.03623352617853218,0.8610943555831909,0.17464351654052734,2312,9051,0,0.014013531928261122,0.5059526917007234,0.01,0.3692638874053955,0.7931548953056335,0.6610811352729797,0.7973704934120178,3.294995069503784,0.0017400478245690465,0.2716071307659149,0.49651971459388733,0.0018746613489282835,0.02001549739183651,0.19957429849439198,26,8,11363,2312,9051,0.0589301928902759,0.813418505061451,433.07961537086294,rolling40_success_then_profit,0.8190136619213566,431.6489889629309,40,True,0.8330227139582493,431.4081628267498,False,cuda,135.70849609375
202,243,200,True,281,281,1109,784,325,35,290,0.29305680793507666,0.031559963931469794,0.26149684400360684,0.5548469387755102,1.7691326530612246,0.7598005231964041,14.034141028413968,27.8581885754758,0.48605414280457493,0.4500336973376724,0.0208118958113601,0.11925592387038074,0.055214154914173544,0.17050269241349733,0.4575693500893457,0.012056923226681443,0.1527980121425163,0.08444726643047405,0.13970572945937437,-0.007535652751673283,0.008754972584678658,-0.03354208827213555,-0.02923311151630051,0.03079696295412296,8.715058611361586,8.715058611361586,6.406672678088368,0.4310189359783589,0.056898095392963914,0.22994386333532907,0.09870828587679042,-0.06664715132565055,-0.06999894808636961,263,18,0.9359430604982206,0.06405693950177936,0,0.0,0,18,1.0,-4.419268381186573,-4.893987941294905,0.47471956010833505,11.867989002708375,0.47471956010833505,0.0,0.0,0.0,0.0,18,73.95867757389242,0.0,124,20,23,86,0,18,6.804270462633452,6.804270462633452,1.522091974752029,87.72667527865939,44.14167235541891,-5.6016139718879305,72.94664651730061,0.9286857030696569,131.8683476340783,0.043863337639329696,0.022070836177709455,0.06593417381703916,0.8211678832116789,0.75,225,154,71,49,0,150,79.69384443277765,79.69384443277765,91,59,54,96,29.99999999999996,63.755075546222116,93.75507554622217,0.5312922962185177,32,26,17,17,21.096361443676606,0.4711523859044016,20.625209057772203,0.0,0.9999999999999998,1,35,0,4.437643572058838,0,0,29,-0.5653828630852821,-23.20336018999373,70,0,290,35,0,35,290,19,0,4443.439324672325,444.3439324672325,8775.902868547342,877.5902868547342,424.5500563947688,42.45500563947688,5596.41494943197,559.641494943197,5545.0,554.5,0,0,0.046877537773111114,0.0,0.046877537773111114,0.046877537773111114,0.0,0.0,0.085,-0.0008500000000000005,-0.0006800000000000005,0.0,0.03984692221638884,0.04147753777311105,0.0,2.1150140302000056,0.04869365622484481,0.012173414056211203,0.007153559905089324,0.040686376245123994,-8.137275249024799e-05,0.06436907423593924,0.14710918795467,-0.09481112821593174,0.0025077738428677557,0.0,-0.01385696174393674,-0.0008275117532321873,-0.0005250000000000004,-0.0002075117532321871,-9.500000000000006e-05,0.0,0.0,0.0,0.0,0.0,0.0,0.0,0.05811957907683196,0.0,0.0,0.0,0.046495663261465675,0.03750203021848879,0.008993633042976786,0.033672516272706246,-0.011203227943775861,0.0486310976782004,-0.0028008069859439652,0.036473323258650305,0.0025077738428677557,0.0025077738428677557,0.000998155655525625,0.42574944630753037,0.10682490038722423,0.05292925897226414,0.0,0.0,0.026342178368380535,0.0,0.0,0.0,0.04147753777311105,0.0,0.0175,0.145,-0.0015766803019990525,0.0003907902787129084,-0.001967470580711961,0.33183951944940615,0.295605993270874,0.03623352617853218,0.8610943555831909,0.17464351654052734,2312,9051,0,0.014013531928261122,0.5059526917007234,0.01,0.3692638874053955,0.7931548953056335,0.6610811352729797,0.7973704934120178,3.294995069503784,0.0017400478245690465,0.2716071307659149,0.49651971459388733,0.0018746613489282835,0.02001549739183651,0.19957429849439198,26,8,11363,2312,9051,0.0589301928902759,0.813418505061451,433.07961537086294,rolling40_success_then_profit,0.8190136619213566,431.6489889629309,40,True,0.8330227139582493,431.4081628267498,False,cuda,135.70849609375
203,244,200,True,303,303,1059,711,348,28,320,0.3286118980169972,0.02644003777148253,0.3021718602455146,0.5232067510548524,1.8284106891701828,0.7820987533123014,13.698587891086412,28.299961109872275,0.47857254214862605,0.47273579740742255,0.04147121189725382,0.13895299820080084,0.031146146362298986,0.18863237900960714,0.47233663096961087,0.0221506357088203,0.16831634759132746,0.04811131527697152,0.15339867164460752,0.00039916643781168215,0.01932057618843352,-0.029363349390526622,-0.01696516891467253,0.03523370736499962,8.50519357884797,8.50519357884797,6.25590179414542,0.42965061378659114,0.05907484356950014,0.0022368681440318116,0.06936657266436459,-0.06343162949201682,-0.02432563809525793,282,21,0.9306930693069307,0.06930693069306931,1,0.0033003300330033004,0,21,1.0,-5.089502727359867,-5.377518069222567,0.28801534186269867,13.341438194728399,0.5336575277891361,-0.08,-0.012,-0.12,-0.033642185926437376,20,74.50266073951744,0.0,143,20,12,95,2,21,6.442244224422442,6.442244224422442,1.6100094428706326,87.16946471656897,34.1706589633745,-4.594815433043256,71.64347776104003,0.9397308722357409,121.34012367994347,0.043584732358284486,0.01708532948168725,0.060670061839971735,0.7333333333333333,0.6966666666666667,209,158,51,76,0,157,77.66040740549602,77.66040740549602,88,69,66,91,31.39999999999995,62.12832592439678,93.52832592439688,0.4946522764681275,42,34,34,34,29.224891879664227,0.0,29.224891879664227,0.0,1.0,0,51,0,3.6520564572660437,0,1,42,0.0,-32.878003364622266,51,0,320,28,0,28,320,34,0,4551.366868383462,455.13668683834624,9320.970125871825,932.0970125871825,395.2333749335768,39.52333749335768,5733.00329890365,573.300329890365,5295.0,529.5,0,0,0.04676416296219849,0.0,0.04676416296219849,0.04676416296219849,0.0,0.0,0.17,-0.001699999999999987,-0.001360000000000001,0.0,0.038830203702748,0.0401641629621984,0.0,2.2474774702784663,0.05129759387675854,0.012824398469189636,0.007598155545161617,0.028353389466295,-5.670677893259001e-05,0.06736721673821862,0.12984941595421182,-0.06310133300312358,0.0025092694167103235,0.0,-0.012373275554221382,-0.0006281913917760329,-0.0004200000000000003,-0.000135691391776033,-7.250000000000005e-05,0.0,0.0,0.0,0.0,0.0,0.0,0.0,0.05783185465245531,0.0,0.0,0.0,0.04626548372196434,0.03741133036975865,0.008854153352205695,0.03352433116399839,-0.009189630866086512,0.04776231850735997,-0.002297407716521628,0.03582173888052002,0.0025092694167103235,0.0025092694167103235,0.0014596241899703947,0.4277201006707032,0.11522410106037491,0.03709006978200527,0.0,0.0,0.034655750174729646,0.0,0.0,0.0,0.0401641629621984,0.0,0.014,0.16,-0.0015766803019990525,0.0003907902787129084,-0.001967470580711961,0.33183951944940615,0.295605993270874,0.03623352617853218,0.8610943555831909,0.17464351654052734,2312,9051,0,0.014013531928261122,0.5059526917007234,0.01,0.3692638874053955,0.7931548953056335,0.6610811352729797,0.7973704934120178,3.294995069503784,0.0017400478245690465,0.2716071307659149,0.49651971459388733,0.0018746613489282835,0.02001549739183651,0.19957429849439198,26,8,11363,2312,9051,0.0589301928902759,0.813418505061451,433.07961537086294,rolling40_success_then_profit,0.8190136619213566,431.6489889629309,40,True,0.8330227139582493,431.4081628267498,False,cuda,135.70849609375
204,245,200,True,268,268,1146,887,259,52,207,0.22600349040139617,0.04537521815008726,0.1806282722513089,0.5591882750845547,1.7485907553551296,0.7707400703141224,13.925334682056036,25.74596103128747,0.4772505853260613,0.42233733695080206,0.01641678026422707,0.10152169233429525,0.03998537139553396,0.17430647182054693,0.42526997259598576,0.007622032586942934,0.13549130284064687,0.0664702524989371,0.1386981478135239,-0.002932635645183701,0.008794747677284135,-0.03396961050635161,-0.026484881103403135,0.03560832400702302,7.466841186736475,7.466841186736475,4.900523560209424,0.43717277486910994,0.053328364051168434,0.23908510332536095,0.09582044458944439,-0.06662779523120692,-0.08552399127621388,250,18,0.9328358208955224,0.06716417910447761,1,0.0037313432835820895,0,18,1.0,-6.426487780859827,-6.634095406904811,0.20760762604498284,12.372844380369635,0.4949137752147855,-0.08,-0.084,-0.12,-0.0033061491698026654,17,67.53791029492466,0.0,130,33,17,58,2,18,7.257462686567164,7.257462686567164,1.5017452006980803,78.59686057005186,41.32160606345098,-6.2005705020929645,64.53017052724631,0.9123355642559867,119.91846663350285,0.03929843028502593,0.02066080303172549,0.059959233316751424,0.8339350180505415,0.77,231,153,78,46,0,151,69.61380957747306,68.7779848358198,86,65,65,86,30.199999999999953,55.691047661978416,85.89104766197855,0.46101860647333154,24,22,22,22,15.11821685484653,0.0,15.11821685484653,0.0,1.0,0,25,0,4.907806974165455,0,0,23,0.0,-17.007993961702347,73,0,207,52,0,52,207,16,0,4211.144369089187,421.1144369089187,8543.931292257457,854.3931292257457,452.3762014660179,45.23762014660179,5305.40937516339,530.540937516339,5730.0,573.0,0,0,0.04294552383098929,0.0,0.04294552383098929,0.04294552383098929,0.0,0.0,0.11,-0.0010999999999999983,-0.0008800000000000007,0.0,0.034806904788736534,0.036011193934327904,0.0,2.0657712027643114,0.048350089509127364,0.012087522377281841,0.007008919750502954,0.06956179614497025,-0.00013912359228994054,0.06462318837263636,0.15778203598499918,-0.0636974768947361,0.002835825270350811,0.0,-0.01539350071440184,-0.0011511620341828532,-0.0007800000000000005,-0.00019116203418285347,-0.00018000000000000012,0.0,0.0,0.0,0.0,0.0,0.0,0.0,0.053793922615981024,0.0,0.0,0.0,0.043035138092784905,0.03435641906479128,0.008678719027993552,0.02916480001257665,-0.012401141004185929,0.043020113684830885,-0.003100285251046482,0.03226508526362316,0.002835825270350811,0.002835825270350811,0.0014619231614843005,0.425063401879036,0.10121427612939206,0.059821651962373004,0.0,0.0,0.017103370396495062,0.0,0.0,0.0,0.036011193934327904,0.0,0.026,0.1035,-0.0015766803019990525,0.0003907902787129084,-0.001967470580711961,0.33183951944940615,0.295605993270874,0.03623352617853218,0.8610943555831909,0.17464351654052734,2312,9051,0,0.014013531928261122,0.5059526917007234,0.01,0.3692638874053955,0.7931548953056335,0.6610811352729797,0.7973704934120178,3.294995069503784,0.0017400478245690465,0.2716071307659149,0.49651971459388733,0.0018746613489282835,0.02001549739183651,0.19957429849439198,26,8,11363,2312,9051,0.0589301928902759,0.813418505061451,433.07961537086294,rolling40_success_then_profit,0.8190136619213566,431.6489889629309,40,True,0.8330227139582493,431.4081628267498,False,cuda,135.70849609375
205,246,200,True,281,281,1089,732,357,54,303,0.3278236914600551,0.049586776859504134,0.27823691460055094,0.5409836065573771,1.7568306010928962,0.7241847757148286,15.87736189169962,27.43317125737667,0.47104318375763077,0.44082377057095046,0.027305776304234572,0.12904716006230788,0.05892020458281753,0.17049742906349277,0.4469229179164751,0.013648091594032088,0.15369102515183553,0.09239922276993226,0.13694308601482644,-0.006099147345524636,0.013657684710202483,-0.02464386508952765,-0.03347901818711473,0.033554343048666335,8.018365472910927,8.018365472910927,5.770431588613407,0.40312213039485767,0.1085686601047522,0.231477854817275,0.048392851346931984,-0.0739396640636892,-0.05553626716615381,261,20,0.9288256227758007,0.0711743772241993,1,0.0035587188612099642,0,20,1.0,-5.834707700478954,-6.137360255122182,0.30265255464323004,13.31782097250413,0.5327128389001652,-0.08,-0.012,-0.12,-0.01806028425693512,19,60.69974939699753,0.0,123,28,15,85,0,20,6.822064056939502,6.822064056939502,1.5316804407713498,71.66050448718505,36.37080168550299,-6.189456153136452,57.63586310676452,0.9030250655240348,108.03130617268803,0.03583025224359253,0.018185400842751494,0.05401565308634402,0.8102189781021898,0.74,222,149,73,52,0,143,60.34335843280865,60.34335843280865,74,69,69,74,28.59999999999996,48.2746867462469,76.87468674624697,0.4219815275021584,23,16,29,29,14.400538016111186,0.0,13.400538016111186,1.0,0.9305581500579208,0,26,1,5.0873365102087424,0,1,24,0.0,-15.075605268125079,72,0,303,54,0,54,303,19,0,4489.2045238436185,448.92045238436185,9061.594026640325,906.1594026640325,390.192239229836,39.0192239229836,5652.352039332807,565.2352039332807,5445.0,544.5,0,0,0.03843734337312352,0.0,0.03843734337312352,0.03843734337312352,0.0,0.0,0.145,-0.001449999999999991,-0.0011600000000000009,0.0,0.030171679216404325,0.03153734337312345,0.0,2.078601599377419,0.04765277255731076,0.01191319313932769,0.006886565364719556,0.07051444758056229,-0.00014102889516112458,0.061567687724902655,0.13634640096484735,-0.07698284114423096,0.0005522057105171973,0.0,-0.012538313103596911,-0.0012183139934955412,-0.0008100000000000006,-0.0002258139934955415,-0.00018250000000000013,0.0,0.0,0.0,0.0,0.0,0.0,0.0,0.04875950761728989,0.0,0.0,0.0,0.03900760609383197,0.0307498746984987,0.008257731395333272,0.025723203476814043,-0.012378912306272903,0.038423908737842995,-0.003094728076568226,0.028817931553382258,0.0005522057105171973,0.0005522057105171973,0.0010946427076558257,0.4210265179230673,0.10993339817825662,0.06672191560864206,0.0,0.0,0.018866198150188484,0.0,0.0,0.0,0.03153734337312345,0.0,0.027,0.1515,-0.0015766803019990525,0.0003907902787129084,-0.001967470580711961,0.33183951944940615,0.295605993270874,0.03623352617853218,0.8610943555831909,0.17464351654052734,2312,9051,0,0.014013531928261122,0.5059526917007234,0.01,0.3692638874053955,0.7931548953056335,0.6610811352729797,0.7973704934120178,3.294995069503784,0.0017400478245690465,0.2716071307659149,0.49651971459388733,0.0018746613489282835,0.02001549739183651,0.19957429849439198,26,8,11363,2312,9051,0.0589301928902759,0.813418505061451,433.07961537086294,rolling40_success_then_profit,0.8190136619213566,431.6489889629309,40,True,0.8330227139582493,431.4081628267498,False,cuda,135.70849609375
206,247,200,True,294,294,1187,764,423,63,360,0.35636057287278855,0.05307497893850042,0.3032855939342881,0.506544502617801,1.882198952879581,0.7405744967153247,14.339564093744567,29.224041777599545,0.4957990942556063,0.4577817317507966,0.019182555211698198,0.11491968837708079,0.07416769970057249,0.1716790362334376,0.47067812266540154,0.010734610530152839,0.14027860695837524,0.11733452611860663,0.13497355517916654,-0.012896390914604927,0.008447944681545359,-0.02535891858129445,-0.04316682641803414,0.03670548105427107,9.071609098567817,9.071609098567817,6.900589721988205,0.4018534119629318,0.12242726816916841,0.26483773832919244,0.031692402637065485,-0.07201102648026039,-0.09211925386603585,278,16,0.9455782312925171,0.05442176870748299,0,0.0,0,16,1.0,-6.114626235895504,-6.5283962461352285,0.4137700102397245,10.344250255993112,0.4137700102397245,0.0,0.0,0.0,0.0,16,59.47147816952544,0.0,119,25,14,107,3,16,6.625850340136054,6.625850340136054,1.4667228306655433,70.3078789349036,38.871623529655594,-6.745586559593045,58.91743674925925,0.8972696318312281,109.17950246455919,0.0351539394674518,0.019435811764827796,0.0545897512322796,0.8472222222222222,0.8133333333333334,244,141,103,44,0,139,62.15603840742751,61.5491846398835,74,65,60,79,27.799999999999965,49.72483072594199,77.52483072594205,0.4471657439383274,20,12,24,24,12.822423697787256,1.0,11.822423697787256,0.0,1.0,1,22,0,4.791436150063963,0,0,18,-1.2000000000000002,-13.300226660010663,102,0,360,63,0,63,360,12,0,4191.882831053735,419.18828310537344,8052.734470394562,805.2734470394562,409.7179932588532,40.97179932588532,5277.480905012796,527.7480905012796,5935.0,593.5,0,0,0.03876241536297106,0.0,0.03876241536297106,0.03876241536297106,0.0,0.0,0.12,-0.0011999999999999964,-0.0009600000000000007,0.0,0.031078019203713753,0.03241967385595341,0.0,2.0486627794286765,0.0474083523106291,0.011852088077657275,0.006858617310219459,0.06884810093061065,-0.00013769620186122132,0.05998315643414034,0.15526203190820825,-0.11256080204183688,0.0013207455643491927,0.0,-0.01377420031600499,-0.0014214321183851528,-0.0009450000000000007,-0.00030643211838515285,-0.00017000000000000012,0.0,0.0,0.0,0.0,0.0,0.0,0.0,0.04927680723876698,0.0,0.0,0.0,0.03942144579101365,0.03100993229037675,0.008411513500636866,0.026085925094833144,-0.01349117311918609,0.03927829116617284,-0.0033727932797965226,0.029458718374629628,0.0013207455643491927,0.0013207455643491927,0.0007089489372571314,0.4171042630397792,0.10232705766667115,0.07636374515457997,0.0,0.0,0.01879014489402904,0.0,0.0,0.0,0.03241967385595341,0.0,0.0315,0.18,-0.0015766803019990525,0.0003907902787129084,-0.001967470580711961,0.33183951944940615,0.295605993270874,0.03623352617853218,0.8610943555831909,0.17464351654052734,2312,9051,0,0.014013531928261122,0.5059526917007234,0.01,0.3692638874053955,0.7931548953056335,0.6610811352729797,0.7973704934120178,3.294995069503784,0.0017400478245690465,0.2716071307659149,0.49651971459388733,0.0018746613489282835,0.02001549739183651,0.19957429849439198,26,8,11363,2312,9051,0.0589301928902759,0.813418505061451,433.07961537086294,rolling40_success_then_profit,0.8190136619213566,431.6489889629309,40,True,0.8330227139582493,431.4081628267498,False,cuda,135.70849609375
207,248,200,True,350,350,1107,564,543,28,515,0.4905149051490515,0.025293586269196026,0.46522131887985546,0.5159574468085106,1.8687943262411348,0.7521474268683728,14.40500517094389,31.069159175910002,0.5398729007555121,0.4571187781526687,0.02753891555447105,0.11601812636862832,0.0418008050339706,0.160327225170554,0.46414323634606725,0.01526932073889155,0.1459908948877681,0.0816766313761836,0.13779592054981923,-0.007024458193398531,0.0122695948155795,-0.02997276851913977,-0.039875826342213,0.02253130462073477,6.317073170731708,6.317073170731708,4.600722673893405,0.3053297199638663,0.13846233931466576,0.11688247609711082,0.01894637430614829,-0.07752337659025253,-0.04749657263281691,332,18,0.9485714285714286,0.05142857142857143,0,0.0,0,18,1.0,-5.446705710306514,-5.962092625945801,0.5153869156392896,12.884672890982245,0.5153869156392897,0.0,0.0,0.0,0.0,18,71.71134699350756,0.0,133,15,9,163,2,18,5.554285714285714,5.554285714285714,1.5528455284552845,84.35449272617875,39.41415422100872,-4.423598236274186,70.40219735784767,0.9408813738477417,123.76864694718748,0.04217724636308937,0.019707077110504363,0.06188432347359374,0.7753623188405797,0.7133333333333334,214,149,65,62,0,146,77.37782467869629,76.54897967735555,90,56,55,91,29.199999999999964,61.902259742957,91.10225974295709,0.5299851005390157,39,25,23,23,24.612839911613086,0.0,23.61283991161309,1.0,0.9593707998105425,0,42,1,4.850612782743857,0,0,38,0.0,-26.564444900564734,65,0,515,28,0,28,515,27,0,4541.075530923152,454.1075530923152,8869.342565829036,886.9342565829036,346.79972326679973,34.67997232667997,5715.5913601404445,571.5591360140445,5535.0,553.5,0,0,0.04555112987147856,0.0,0.04555112987147856,0.04555112987147856,0.0,0.0,0.115,-0.0011499999999999974,-0.0009200000000000007,0.0,0.038688912339348146,0.03961959187094222,0.0,2.1806608762492883,0.049954129318960004,0.012488532329740001,0.007315206367622878,0.04868758893943175,-9.737517787886352e-05,0.06311691882412405,0.0958828312156718,-0.05334209531355065,0.002142264368797991,0.0,-0.011072302391104018,-0.0005992456911577882,-0.0004200000000000003,-0.00010674569115778828,-7.250000000000005e-05,0.0,0.0,0.0,0.0,0.0,0.0,0.0,0.056792287023339556,0.0,0.0,0.0,0.045433829618671755,0.036440903897182735,0.008992925721488942,0.03298929956078673,-0.008847196472548372,0.046934798238565084,-0.002211799118137093,0.035201098678923834,0.002142264368797991,0.002142264368797991,0.0007860243989527222,0.380869910952853,0.08817860614966273,0.05188534715899737,0.0,0.0,0.02675957686757795,0.0,0.0,0.0,0.03961959187094222,0.0,0.014,0.2575,-0.0015766803019990525,0.0003907902787129084,-0.001967470580711961,0.33183951944940615,0.295605993270874,0.03623352617853218,0.8610943555831909,0.17464351654052734,2312,9051,0,0.014013531928261122,0.5059526917007234,0.01,0.3692638874053955,0.7931548953056335,0.6610811352729797,0.7973704934120178,3.294995069503784,0.0017400478245690465,0.2716071307659149,0.49651971459388733,0.0018746613489282835,0.02001549739183651,0.19957429849439198,26,8,11363,2312,9051,0.0589301928902759,0.813418505061451,433.07961537086294,rolling40_success_then_profit,0.8190136619213566,431.6489889629309,40,True,0.8330227139582493,431.4081628267498,False,cuda,135.70849609375
208,249,200,True,247,247,1219,1006,213,68,145,0.17473338802296964,0.05578342904019688,0.11894995898277276,0.5497017892644135,1.7624254473161034,0.7567218964841683,14.129725839224298,28.127102585335376,0.44902398556810774,0.44951586409010896,0.01298151703673613,0.1656138126332883,0.06602680507795533,0.18064018328550085,0.45689524006594723,0.006959374955157281,0.1944374032290819,0.09550432220833176,0.14195469225466134,-0.007379375975838265,0.006022142081578848,-0.02882359059579359,-0.029477517130376427,0.038685491030839514,10.719442165709598,10.719442165709598,8.054963084495489,0.4938474159146842,0.08280816402864623,0.2256054391072999,0.023385876956272273,-0.09394659879214831,-0.05785053664558977,231,16,0.9352226720647774,0.06477732793522267,0,0.0,0,16,1.0,-7.652963062299061,-8.062309373766178,0.40934631146711675,10.233657786677922,0.40934631146711675,0.0,0.0,0.0,0.0,16,53.02635205289089,0.0,122,44,14,39,2,16,7.935222672064778,7.935222672064778,1.453650533223954,62.586296167370115,27.807904747888877,-7.905916023024288,49.28744701741209,0.8617686458228604,90.39420091525899,0.03129314808368506,0.013903952373944439,0.045197100457629494,0.8896797153024911,0.8333333333333334,250,140,110,31,0,139,48.853675082641985,48.853675082641985,62,77,73,66,27.79999999999995,39.082940066113615,66.88294006611368,0.35146528836433083,18,14,13,13,12.065445552443494,0.0,12.065445552443494,0.0,1.0,0,20,0,4.222885391719012,0,0,17,0.0,-13.573626246498929,110,0,145,68,0,68,145,13,0,3954.799026610932,395.4799026610932,7847.97989865421,784.797989865421,467.16489204712417,46.71648920471242,4982.379985081933,498.2379985081933,6095.0,609.5,0,0,0.033441470033056864,0.0,0.033441470033056864,0.033441470033056864,0.0,0.0,0.065,-0.0006500000000000005,-0.0005200000000000004,0.0,0.024426837541321,0.026141470033056804,0.0,1.9492674072875495,0.04586810739960732,0.01146702684990183,0.006716827978551259,0.0444799322076868,-8.89598644153736e-05,0.05968122976065808,0.20325075567656625,-0.14111768380889958,0.0011024092283961995,0.0,-0.01642611381714676,-0.001485658190207734,-0.0010200000000000007,-0.00026065819020773404,-0.00020500000000000016,0.0,0.0,0.0,0.0,0.0,0.0,0.0,0.04416953701854324,0.0,0.0,0.0,0.03533562961483457,0.026753176026445374,0.008582453588389178,0.0206907654971939,-0.015811832046048576,0.03285829801160805,-0.003952958011512144,0.024643723508706045,0.0011024092283961995,0.0011024092283961995,0.0010711065469806414,0.45880328751977206,0.15253205879652715,0.07556181257433893,0.0,0.0,0.01405807856143683,0.0,0.0,0.0,0.026141470033056804,0.0,0.034,0.0725,-0.0015766803019990525,0.0003907902787129084,-0.001967470580711961,0.33183951944940615,0.295605993270874,0.03623352617853218,0.8610943555831909,0.17464351654052734,2312,9051,0,0.014013531928261122,0.5059526917007234,0.01,0.3692638874053955,0.7931548953056335,0.6610811352729797,0.7973704934120178,3.294995069503784,0.0017400478245690465,0.2716071307659149,0.49651971459388733,0.0018746613489282835,0.02001549739183651,0.19957429849439198,26,8,11363,2312,9051,0.0589301928902759,0.813418505061451,433.07961537086294,rolling40_success_then_profit,0.8190136619213566,431.6489889629309,40,True,0.8330227139582493,431.4081628267498,False,cuda,135.70849609375
209,250,200,True,268,268,1143,835,308,61,247,0.2694663167104112,0.05336832895888014,0.21609798775153105,0.5544910179640719,1.7413173652694611,0.7492566640683991,14.592738577562892,27.68554453012829,0.4848556021340055,0.44533070875499065,0.013383466246242294,0.08895764046398823,0.05191929312869014,0.1803162639771036,0.45868079865764,0.00728175389597159,0.12538671388407935,0.08337611773714959,0.14052949691871683,-0.013350089902649354,0.006101712350270704,-0.03642907342009112,-0.03145682460845945,0.03978676705838677,8.658792650918635,8.658792650918635,6.1592300962379705,0.4558180227471566,0.1372812841159153,0.34462993157111566,0.0634421177051381,-0.08589010956318241,-0.0791206809471415,250,18,0.9328358208955224,0.06716417910447761,1,0.0037313432835820895,0,18,1.0,-5.698450126063405,-5.873473320007317,0.1750231939439128,12.929585945318514,0.5171834378127406,-0.08,-0.108,-0.12,-0.034160243868827815,17,63.828689956418685,0.0,127,28,14,71,0,18,7.119402985074627,7.119402985074627,1.4776902887139107,75.49179182128661,44.27775176471677,-6.08806390377111,61.38437355757671,0.9097696165599662,119.76954358600338,0.037745895910643305,0.022138875882358383,0.05988477179300169,0.8908450704225352,0.8433333333333334,253,151,102,31,0,145,64.4823280569042,64.4823280569042,74,71,61,84,28.999999999999957,51.58586244552335,80.58586244552342,0.4447057107372703,16,14,15,15,9.794273679190049,0.0,9.794273679190049,0.0,1.0,0,18,0,5.182864622882513,0,0,17,0.0,-11.018557889088802,102,0,247,61,0,61,247,14,0,4320.604466352071,432.0604466352071,8690.520471083702,869.0520471083703,429.6911104557024,42.969111045570244,5441.898217387053,544.1898217387053,5715.0,571.5,0,0,0.04029293122276172,0.0,0.04029293122276172,0.04029293122276172,0.0,0.0,0.075,-0.0007500000000000004,-0.0006000000000000004,0.0,0.0322411640284521,0.03419293122276167,0.0,1.999930682367156,0.046347995915513016,0.011586998978878254,0.0067299844822894545,0.06051449227306944,-0.00012102898454613888,0.06202578748237077,0.16322629459825724,-0.08886741164985117,0.0031315278214518304,0.0,-0.01472197918907641,-0.0014241203422661055,-0.0009150000000000007,-0.0003291203422661051,-0.00018000000000000012,0.0,0.0,0.0,0.0,0.0,0.0,0.0,0.051008901217093804,0.0,0.0,0.0,0.04080712097367498,0.03223434497820927,0.008572775995465715,0.027648154826902794,-0.01217612780754222,0.040922915705051126,-0.003044031951885555,0.030692186778788353,0.0031315278214518304,0.0031315278214518304,0.0009156019770105674,0.43059024046017813,0.08849793064829604,0.06524885350948718,0.0,0.0,0.016445238501433285,0.0,0.0,0.0,0.03419293122276167,0.0,0.0305,0.1235,-0.012767882426187656,-0.01303162866582473,0.0002637462396370737,0.26267242940110075,0.23026033540566762,0.03241209399543311,0.8513643145561218,0.12982892990112305,2189,9298,0,0.014375116055210432,0.5378246881459888,0.01,0.3814786374568939,0.7827630043029785,0.6432943344116211,0.7851150631904602,3.553990125656128,0.0030188143718987703,0.25699278712272644,0.39782750606536865,0.0024060376376023908,0.02756839692592621,0.2229033572109122,27,8,11487,2189,9298,0.053566071446930666,0.8574648861755305,419.0924439912064,rolling40_success_then_profit,0.825644677715853,427.394135626605,40,True,0.8330227139582493,431.4081628267498,False,cuda,139.4833984375
210,251,200,True,281,281,1156,852,304,57,247,0.2629757785467128,0.04930795847750865,0.21366782006920415,0.4964788732394366,1.8474178403755868,0.7789951612202215,13.641409673601249,29.81237228067828,0.4157491864541509,0.49685030594957824,0.017677300911344274,0.1468972487532547,0.022612816477063258,0.2230804133373247,0.5063395625059034,0.010038857641214496,0.18863236202373052,0.04763644144043956,0.15750528688590643,-0.009489256556325154,0.007638443270129778,-0.041735113270475827,-0.025023624963376304,0.06557512645141828,11.061418685121108,11.061418685121108,8.354671280276817,0.5380622837370242,0.08843504824874826,0.11957511748849889,0.07307333108434737,-0.06392627444704839,0.010707747243921564,265,16,0.9430604982206405,0.05693950177935943,0,0.0,0,16,1.0,-5.800460649044754,-6.254746710956091,0.45428606191133697,11.357151547783422,0.45428606191133697,0.0,0.0,0.0,0.0,16,67.6120894291742,0.0,137,28,17,71,2,16,6.8362989323843415,6.8362989323843415,1.4939446366782008,79.21628544636954,35.98050688934859,-5.442711780826942,63.188211747680064,0.920695926835864,115.19679233571813,0.03960814272318477,0.017990253444674295,0.05759839616785906,0.8057553956834532,0.7466666666666667,224,160,64,54,0,157,68.01716555710179,67.14388973308469,77,80,74,83,31.39999999999996,54.41373244568142,85.81373244568155,0.4332303538668904,29,24,25,25,19.34666051333741,0.0,19.34666051333741,0.0,1.0,0,35,0,4.174615257031601,0,0,30,0.0,-21.764993077504588,61,0,247,57,0,57,247,24,0,4292.127439076529,429.2127439076529,8198.780545407466,819.8780545407466,386.7703675533105,38.67703675533105,5409.52994106181,540.952994106181,5780.0,578.0,0,0,0.042906866222840796,0.0,0.042906866222840796,0.042906866222840796,0.0,0.0,0.125,-0.0012499999999999953,-0.0010000000000000007,0.0,0.03400858277855091,0.03505755589323387,0.0,2.069994453231522,0.048442680342671705,0.012110670085667926,0.007067918605219506,0.05387983463393516,-0.00010775966926787033,0.06686750701753454,0.1820897891146265,-0.12322589718222654,0.001976769665537525,0.0,-0.012880665697601044,-0.0012871623119045288,-0.0008550000000000006,-0.0002696623119045286,-0.00016250000000000013,0.0,0.0,0.0,0.0,0.0,0.0,0.0,0.05365977663924073,0.0,0.0,0.0,0.04292782131139263,0.034325492978272476,0.008602328333120083,0.02887274998342657,-0.010885423561653883,0.042125474498453365,-0.0027213558904134708,0.03159410587384003,0.001976769665537525,0.001976769665537525,0.0012427455547327792,0.4642445682941206,0.1400353637614048,0.03696322110535096,0.0,0.0,0.02484213747967993,0.0,0.0,0.0,0.03505755589323387,0.0,0.0285,0.1235,-0.012767882426187656,-0.01303162866582473,0.0002637462396370737,0.26267242940110075,0.23026033540566762,0.03241209399543311,0.8513643145561218,0.12982892990112305,2189,9298,0,0.014375116055210432,0.5378246881459888,0.01,0.3814786374568939,0.7827630043029785,0.6432943344116211,0.7851150631904602,3.553990125656128,0.0030188143718987703,0.25699278712272644,0.39782750606536865,0.0024060376376023908,0.02756839692592621,0.2229033572109122,27,8,11487,2189,9298,0.053566071446930666,0.8574648861755305,419.0924439912064,rolling40_success_then_profit,0.825644677715853,427.394135626605,40,True,0.8330227139582493,431.4081628267498,False,cuda,139.4833984375
211,252,200,True,281,281,1103,785,318,48,270,0.2883046237533998,0.043517679057116954,0.24478694469628287,0.5082802547770701,1.843312101910828,0.7483881565036288,14.347318286045342,32.119243226841,0.4628185016701015,0.4844861324046068,0.019144392136935216,0.11094743601123619,0.0392690944698918,0.2103968847139626,0.48939206550835046,0.01068249755556796,0.15285789159773167,0.062141083673259635,0.15652103400107023,-0.004905933103743654,0.008461894581367256,-0.041910455586495476,-0.022871989203367832,0.05387585071289236,10.092475067996373,10.092475067996373,7.589301903898459,0.5040797824116047,0.18184958848249758,0.25369198568462287,0.03608082504082361,-0.03741377536839422,-0.04400995159040558,262,19,0.9323843416370107,0.06761565836298933,1,0.0035587188612099642,0,19,1.0,-5.195434821805957,-5.4485512349754535,0.25311641316949807,13.359306111670348,0.534372244466814,-0.08,-0.12,-0.0662589448949474,-0.014996886402368546,18,68.17350780165687,0.0,132,24,17,79,0,19,6.839857651245552,6.839857651245552,1.526745240253853,81.28012913882196,47.64954759578774,-5.10931375384423,65.73001919818986,0.927874620766068,128.9296767346097,0.04064006456941098,0.02382477379789387,0.06446483836730485,0.8884892086330936,0.8233333333333334,247,157,90,31,0,153,69.27110594008883,69.27110594008883,82,71,62,91,30.599999999999966,55.41688475207103,86.01688475207114,0.45275232640580937,19,16,12,12,11.52991808760703,0.0,11.52991808760703,0.0,1.0,0,21,0,5.270929799637351,0,0,21,0.0,-12.971157848557908,88,0,270,48,0,48,270,16,0,4380.175702312613,438.0175702312613,8959.91026973675,895.991026973675,401.4524956932817,40.14524956932817,5518.33507772972,551.833507772972,5515.0,551.5,0,0,0.043008442376035606,0.0,0.043008442376035606,0.043008442376035606,0.0,0.0,0.06,-0.0006000000000000004,-0.0004800000000000004,0.0,0.03463555297004441,0.03680844237603554,0.0,2.0606208676138733,0.04843090981612296,0.01210772745403074,0.007011570422757729,0.06947117733694316,-0.00013894235467388631,0.0656124475721516,0.16076710002344155,-0.09579720207874205,0.003181333330237339,0.0,-0.01321136448646531,-0.0011150285744075522,-0.0007200000000000005,-0.00026252857440755206,-0.00013250000000000008,0.0,0.0,0.0,0.0,0.0,0.0,0.0,0.05437722747539234,0.0,0.0,0.0,0.04350178198031393,0.03440675390082834,0.009095028079485507,0.030310352722172813,-0.01021862750768846,0.04382001279879326,-0.002554656876922115,0.032865009599094934,0.003181333330237339,0.003181333330237339,0.001095436925217509,0.4509328711484973,0.1177675259478499,0.05393388282430212,0.0,0.0,0.020135419025642726,0.0,0.0,0.0,0.03680844237603554,0.0,0.024,0.135,-0.012767882426187656,-0.01303162866582473,0.0002637462396370737,0.26267242940110075,0.23026033540566762,0.03241209399543311,0.8513643145561218,0.12982892990112305,2189,9298,0,0.014375116055210432,0.5378246881459888,0.01,0.3814786374568939,0.7827630043029785,0.6432943344116211,0.7851150631904602,3.553990125656128,0.0030188143718987703,0.25699278712272644,0.39782750606536865,0.0024060376376023908,0.02756839692592621,0.2229033572109122,27,8,11487,2189,9298,0.053566071446930666,0.8574648861755305,419.0924439912064,rolling40_success_then_profit,0.825644677715853,427.394135626605,40,True,0.8330227139582493,431.4081628267498,False,cuda,139.4833984375
212,253,200,True,258,258,1202,880,322,81,241,0.26788685524126454,0.06738768718801996,0.20049916805324458,0.525,1.85,0.7504207422956825,14.319877197525718,28.91590579517863,0.4496928228116758,0.47236668946729465,0.014414969992569901,0.12196020950478587,0.04456880973038179,0.19909362549449064,0.48237566895444284,0.008531669328327883,0.15867145613301545,0.09037671897266673,0.15053032185268503,-0.010008979487148184,0.005883300664242018,-0.03671124662822958,-0.04580790924228494,0.04856330364180561,10.417637271214643,10.417637271214643,7.846089850249584,0.5049916805324459,0.17782284665051842,0.10789376974413657,0.036077840793982366,-0.04110980908831567,-0.06301218138162472,241,17,0.9341085271317829,0.06589147286821706,1,0.003875968992248062,0,17,1.0,-6.1088054153234115,-6.302199855893846,0.19339444057043512,11.412951139776364,0.45651804559105463,-0.08,-0.108,-0.07512360502061946,0.0,16,56.131881117076546,0.0,112,31,24,64,1,16,7.3062015503875966,7.3062015503875966,1.401830282861897,64.90457228424972,33.573233541677396,-6.430835983328399,52.17754709935649,0.8902744685132201,98.47780582592712,0.032452286142124864,0.0167866167708387,0.04923890291296356,0.8345323741007195,0.7733333333333333,232,141,91,46,0,138,54.653334115652264,53.706064245432096,64,74,67,71,27.599999999999966,43.722667292521805,71.32266729252187,0.39603865301197294,18,13,28,28,10.820868954978383,0.0,10.820868954978383,0.0,1.0,0,20,0,5.632067358115968,0,0,17,0.0,-12.173477574350681,90,0,241,81,0,81,241,15,0,3913.075981199745,391.3075981199745,8025.513538682638,802.5513538682637,421.8337852244459,42.183378522444585,4928.443358305139,492.84433583051384,6015.0,601.5,0,0,0.03566133364626095,0.0,0.03566133364626095,0.03566133364626095,0.0,0.0,0.14,-0.0013999999999999922,-0.0011200000000000008,0.0,0.027326667057826128,0.028482425698172838,0.0,1.860230562627341,0.04250457912253393,0.010626144780633482,0.006302605701398143,0.02010470828656085,-4.02094165731217e-05,0.0588651534713175,0.19069075148335415,-0.11720558413825638,0.0027564802071642015,0.0,-0.014390170294035746,-0.001917934544603356,-0.0012149999999999995,-0.0004904345446033562,-0.00021250000000000015,0.0,0.0,0.0,0.0,0.0,0.0,0.0,0.044847269010321184,0.0,0.0,0.0,0.035877815208257044,0.028529066917008652,0.007348748291248315,0.022873355558014046,-0.012861671966656798,0.03478503139957097,-0.0032154179916641995,0.026088773549678243,0.0027564802071642015,0.0027564802071642015,0.0008261986606071381,0.44878477188615223,0.12160660394051394,0.06273185982516863,0.0,0.0,0.02324550599053942,0.0,0.0,0.0,0.028482425698172838,0.0,0.0405,0.1205,-0.012767882426187656,-0.01303162866582473,0.0002637462396370737,0.26267242940110075,0.23026033540566762,0.03241209399543311,0.8513643145561218,0.12982892990112305,2189,9298,0,0.014375116055210432,0.5378246881459888,0.01,0.3814786374568939,0.7827630043029785,0.6432943344116211,0.7851150631904602,3.553990125656128,0.0030188143718987703,0.25699278712272644,0.39782750606536865,0.0024060376376023908,0.02756839692592621,0.2229033572109122,27,8,11487,2189,9298,0.053566071446930666,0.8574648861755305,419.0924439912064,rolling40_success_then_profit,0.825644677715853,427.394135626605,40,True,0.8330227139582493,431.4081628267498,False,cuda,139.4833984375
213,254,200,True,285,285,1176,814,362,69,293,0.3078231292517007,0.058673469387755105,0.24914965986394558,0.5085995085995086,1.8341523341523343,0.7594563171487183,14.120530278442534,31.97402623833983,0.4440527973697734,0.48377980178345625,0.018768953145721915,0.12731644261573472,0.03446116350037423,0.21390661051959092,0.4965275269029181,0.010994518420565187,0.1604470578519998,0.07235143846472959,0.1579977601345546,-0.012747725119461872,0.007774434725156728,-0.03313061523626509,-0.03789027496435536,0.05590885038503632,9.482993197278912,9.482993197278912,6.967687074829932,0.48214285714285715,0.14039453184514797,0.1231166864258635,0.021683862798267665,-0.0715326330927747,-0.0347060898540122,269,16,0.9438596491228071,0.056140350877192984,0,0.0,0,16,1.0,-6.389126333167268,-6.8193889006972235,0.4302625675299556,10.75656418824889,0.4302625675299556,0.0,0.0,0.0,0.0,16,57.357247132617566,0.0,126,29,15,87,2,16,6.71578947368421,6.71578947368421,1.4523809523809523,68.17928464878435,29.76595110110607,-5.846105842727723,53.634689128932884,0.9017143962935754,97.94523574989041,0.034089642324392176,0.014882975550553035,0.04897261787494521,0.8673835125448028,0.8066666666666666,242,149,93,37,0,146,54.37069864471493,54.37069864471493,66,80,72,74,29.199999999999967,43.49655891577194,72.69655891577199,0.3724020455117461,25,20,12,12,16.020117497865908,0.0,16.020117497865908,0.0,1.0,0,29,0,4.978445205415263,0,1,25,0.0,-18.022632185099148,93,0,293,69,0,69,293,21,0,4145.9422277437625,414.59422277437625,8018.117157717439,801.8117157717439,392.5033033133853,39.25033033133853,5223.474854049574,522.3474854049574,5880.0,588.0,0,0,0.03634827945788603,0.0,0.03634827945788603,0.03634827945788603,0.0,0.0,0.06,-0.0006000000000000004,-0.0004800000000000004,0.0,0.027185349322357475,0.029148279457885975,0.0,2.002901702816874,0.04589954064224902,0.011474885160562255,0.0066081799614026385,0.0764538773642283,-0.0001529077547284566,0.06250807131725611,0.17301924714191405,-0.10682578577358305,0.002310011327608012,0.0,-0.013143962796750949,-0.0015168710285156219,-0.0010350000000000005,-0.000256871028515622,-0.00022500000000000018,0.0,0.0,0.0,0.0,0.0,0.0,0.0,0.04707025686371965,0.0,0.0,0.0,0.03765620549097576,0.0290786235663087,0.008577581924667068,0.023894291643102583,-0.011692211685455445,0.0357564594192886,-0.0029230529213638613,0.026817344564466442,0.002310011327608012,0.002310011327608012,0.0009102757544691357,0.4385746443454043,0.11573234410633901,0.05528691259893077,0.0,0.0,0.021359798844930413,0.0,0.0,0.0,0.029148279457885975,0.0,0.0345,0.1465,-0.012767882426187656,-0.01303162866582473,0.0002637462396370737,0.26267242940110075,0.23026033540566762,0.03241209399543311,0.8513643145561218,0.12982892990112305,2189,9298,0,0.014375116055210432,0.5378246881459888,0.01,0.3814786374568939,0.7827630043029785,0.6432943344116211,0.7851150631904602,3.553990125656128,0.0030188143718987703,0.25699278712272644,0.39782750606536865,0.0024060376376023908,0.02756839692592621,0.2229033572109122,27,8,11487,2189,9298,0.053566071446930666,0.8574648861755305,419.0924439912064,rolling40_success_then_profit,0.825644677715853,427.394135626605,40,True,0.8330227139582493,431.4081628267498,False,cuda,139.4833984375
214,255,200,True,247,247,1190,894,296,90,206,0.24873949579831933,0.07563025210084033,0.173109243697479,0.5223713646532439,1.8389261744966443,0.7641724026709862,13.937100404060928,27.82345681062481,0.4517091503740718,0.46022469445362985,0.009997541939118832,0.13837087777770338,0.04377571420881572,0.191646104255562,0.4736054754863916,0.004993794725528633,0.17207287498322676,0.09158232086416233,0.14085182601740162,-0.013380781032761746,0.005003747213590199,-0.03370199720552339,-0.04780660665534661,0.05079427823816038,9.882352941176471,9.882352941176471,7.189915966386555,0.49495798319327733,0.03801436395401674,0.027014626159609183,0.05581894169641263,-0.0943057431737785,-0.07675370537492518,231,16,0.9352226720647774,0.06477732793522267,0,0.0,0,16,1.0,-5.570404415042881,-5.999555648863311,0.42915123382042897,10.72878084551072,0.42915123382042897,0.0,0.0,0.0,0.0,16,53.92347124765003,0.0,108,30,24,59,0,16,7.696356275303644,7.696356275303644,1.4176470588235295,64.73791966856218,24.82918949374844,-6.689105089126475,50.366023556456426,0.8827606694101402,89.56710916231063,0.03236895983428109,0.01241459474687422,0.044783554581155315,0.8494623655913979,0.79,237,141,96,42,0,137,52.14083014068924,51.25542382445315,62,75,69,68,27.399999999999952,41.712664112551394,69.1126641125515,0.38059000102692875,26,24,16,16,16.753536865405813,0.0,16.753536865405813,0.0,1.0,0,29,0,4.73591694902435,0,2,26,0.0,-18.84772897358154,95,0,206,90,0,90,206,21,0,4050.610459224734,405.0610459224734,7964.04200557462,796.404200557462,438.46607407275513,43.84660740727551,5102.403758004139,510.24037580041386,5950.0,595.0,0,0,0.034556332056275764,0.0,0.034556332056275764,0.034556332056275764,0.0,0.0,0.08,-0.0008000000000000006,-0.0006400000000000005,0.0,0.02607041507034462,0.027202169529781255,0.0,1.9248338137434648,0.04456506373708732,0.01114126593427183,0.0063751795078563715,0.08536645589996902,-0.00017073291179993812,0.05874644517665626,0.19157580699797297,-0.1293445830403549,0.0020293924611353513,0.0,-0.014684653852485224,-0.0020620065800642977,-0.0013499999999999986,-0.00040700658006429793,-0.0003050000000000002,0.0,0.0,0.0,0.0,0.0,0.0,0.0,0.044726865078747645,0.0,0.0,0.0,0.03578149206299806,0.02764506564502049,0.008136426417977542,0.021838459233665022,-0.013378210178252949,0.033577349037637635,-0.003344552544563237,0.025183011778228213,0.0020293924611353513,0.0020293924611353513,0.0009719160220896198,0.4465549648031205,0.13368463674784065,0.06533392500382543,0.0,0.0,0.01894464974743147,0.0,0.0,0.0,0.027202169529781255,0.0,0.045,0.103,-0.012767882426187656,-0.01303162866582473,0.0002637462396370737,0.26267242940110075,0.23026033540566762,0.03241209399543311,0.8513643145561218,0.12982892990112305,2189,9298,0,0.014375116055210432,0.5378246881459888,0.01,0.3814786374568939,0.7827630043029785,0.6432943344116211,0.7851150631904602,3.553990125656128,0.0030188143718987703,0.25699278712272644,0.39782750606536865,0.0024060376376023908,0.02756839692592621,0.2229033572109122,27,8,11487,2189,9298,0.053566071446930666,0.8574648861755305,419.0924439912064,rolling40_success_then_profit,0.825644677715853,427.394135626605,40,True,0.8330227139582493,431.4081628267498,False,cuda,139.4833984375
215,256,200,True,266,266,1090,845,245,34,211,0.22477064220183487,0.031192660550458717,0.19357798165137616,0.5372781065088758,1.8189349112426036,0.757411450570857,13.99067300311207,25.870153603186974,0.46711637013221224,0.45277827956972744,0.018409475084592605,0.1320876293876291,0.049562400299504664,0.17751868876612045,0.4585989332939746,0.00963159815446865,0.17056061602335357,0.07012029685611842,0.13964495635729218,-0.005820653724247171,0.008777876930123956,-0.03847298663572446,-0.02055789655661376,0.03787373240882827,9.708256880733945,9.708256880733945,7.2,0.463302752293578,0.12290981414563025,0.24068832946707822,0.08552363119111629,-0.08739146526524465,-0.0569458648629781,245,21,0.9210526315789473,0.07894736842105263,2,0.007518796992481203,0,21,1.0,-5.931161134835463,-5.891461727619168,-0.039699407216294114,11.763720256925039,0.47054881027700163,-0.16,-0.096,-0.24,-0.014248217493295669,19,62.93410287144835,0.0,132,27,12,61,3,21,7.2293233082706765,7.2293233082706765,1.5330275229357797,74.67105691579805,37.61073768441233,-6.3187674159086065,59.68975611255567,0.9042734623024279,112.28179460021038,0.037335528457899024,0.018805368842206165,0.056140897300105186,0.8327402135231317,0.78,234,156,78,47,0,151,62.084535736638024,62.084535736638024,72,79,71,80,30.19999999999996,49.66762858931042,79.86762858931047,0.4111558658055498,23,18,24,24,14.00911201087532,0.0,14.00911201087532,0.0,1.0,0,25,0,5.391932007538771,0,1,23,0.0,-15.760251012234734,75,0,211,34,0,34,211,19,0,4490.780469486025,449.0780469486025,9116.58035111312,911.658035111312,433.32767729564597,43.332767729564594,5655.977543079191,565.5977543079191,5450.0,545.0,0,0,0.03993381429465527,0.0,0.03993381429465527,0.03993381429465527,0.0,0.0,0.12,-0.0011999999999999964,-0.0009600000000000008,0.0,0.03104226786831902,0.03283381429465523,0.0,2.0971361132810613,0.048730600086841595,0.012182650021710399,0.006959356447048572,0.09503901735982376,-0.0001900780347196475,0.06471527967007683,0.16040217356060663,-0.09741561782105444,0.0016893138197324685,0.0,-0.014353212088274874,-0.000766074231875506,-0.0005100000000000004,-0.00016107423187550592,-9.500000000000007e-05,0.0,0.0,0.0,0.0,0.0,0.0,0.0,0.050726386281645955,0.0,0.0,0.0,0.04058110902531671,0.0319470514357241,0.008634057589592624,0.026685494348323575,-0.012637534831817213,0.03979317074170379,-0.0031593837079543032,0.029844878056277835,0.0016893138197324685,0.0016893138197324685,0.000963912284088631,0.4581198631448866,0.1267504127441664,0.05918933519750624,0.0,0.0,0.025758251129012585,0.0,0.0,0.0,0.03283381429465523,0.0,0.017,0.1055,-0.012767882426187656,-0.01303162866582473,0.0002637462396370737,0.26267242940110075,0.23026033540566762,0.03241209399543311,0.8513643145561218,0.12982892990112305,2189,9298,0,0.014375116055210432,0.5378246881459888,0.01,0.3814786374568939,0.7827630043029785,0.6432943344116211,0.7851150631904602,3.553990125656128,0.0030188143718987703,0.25699278712272644,0.39782750606536865,0.0024060376376023908,0.02756839692592621,0.2229033572109122,27,8,11487,2189,9298,0.053566071446930666,0.8574648861755305,419.0924439912064,rolling40_success_then_profit,0.825644677715853,427.394135626605,40,True,0.8330227139582493,431.4081628267498,False,cuda,139.4833984375
216,257,200,True,303,303,1238,833,405,47,358,0.327140549273021,0.03796445880452343,0.28917609046849757,0.5054021608643458,1.8967587034813926,0.7771670882906518,13.581243423425278,32.288000885034954,0.3996505329796382,0.4834839209896319,0.012877186529991293,0.09650749271335293,0.04010666519322959,0.2326296864933863,0.4977744253171163,0.006337967147829295,0.12829006012386027,0.09307342437448121,0.16307116827132606,-0.01429050432748441,0.006539219382161998,-0.031782567410507334,-0.05296675918125162,0.06955851822206024,9.051696284329564,9.051696284329564,6.617932148626817,0.5024232633279483,0.12346502736216151,0.24578778923445474,0.04058980686866375,-0.019804238272555813,-0.007622583432106843,289,14,0.9537953795379538,0.0462046204620462,0,0.0,0,14,1.0,-7.419273130742386,-7.798873049020757,0.3795999182783718,9.489997956959295,0.3795999182783718,0.0,0.0,0.0,0.0,14,52.93260706533185,0.0,121,32,16,108,2,14,6.399339933993399,6.399339933993399,1.4184168012924072,62.30471990446104,32.584465251759816,-5.061445493549017,48.24491205715102,0.9050498716079964,94.88918515622086,0.031152359952230518,0.016292232625879907,0.04744459257811043,0.8905109489051095,0.8133333333333334,244,146,98,30,0,143,49.137219386921146,48.457198539581,58,85,79,64,28.599999999999966,39.30977550953694,67.90977550953696,0.3436169187896584,17,15,13,13,9.421334499415254,0.0,9.421334499415254,0.0,1.0,0,18,0,6.741807399484596,0,0,18,0.0,-10.599001311842162,97,0,358,47,0,47,358,13,0,3934.0787739010316,393.4078773901032,7343.659276684832,734.3659276684832,361.19689849209277,36.11968984920928,4955.15813737833,495.515813737833,6190.0,619.0,0,0,0.033954887754768535,0.0,0.033954887754768535,0.033954887754768535,0.0,0.0,0.065,-0.0006500000000000005,-0.0005200000000000004,0.0,0.024568609693460572,0.0256828794158324,0.0,1.9063305310044791,0.04503529465952307,0.011258823664880768,0.006480395288934938,0.07460371685550529,-0.00014920743371101062,0.06097459437550211,0.1760960408040867,-0.11241681087984194,0.0024118615033818813,0.0,-0.012105777982269885,-0.0010733987226459322,-0.0007050000000000005,-0.00022089872264593208,-0.00014750000000000012,0.0,0.0,0.0,0.0,0.0,0.0,0.0,0.04441450398593817,0.0,0.0,0.0,0.03553160318875056,0.027163910203814694,0.008367692984935825,0.021591733281801005,-0.010122890987098034,0.03216327470476731,-0.0025307227467745086,0.02412245602857551,0.0024118615033818813,0.0024118615033818813,0.0008810615132128204,0.4310061589975549,0.09785970700150043,0.06238610139072282,0.0,0.0,0.015028356651717893,0.0,0.0,0.0,0.0256828794158324,0.0,0.0235,0.179,-0.012767882426187656,-0.01303162866582473,0.0002637462396370737,0.26267242940110075,0.23026033540566762,0.03241209399543311,0.8513643145561218,0.12982892990112305,2189,9298,0,0.014375116055210432,0.5378246881459888,0.01,0.3814786374568939,0.7827630043029785,0.6432943344116211,0.7851150631904602,3.553990125656128,0.0030188143718987703,0.25699278712272644,0.39782750606536865,0.0024060376376023908,0.02756839692592621,0.2229033572109122,27,8,11487,2189,9298,0.053566071446930666,0.8574648861755305,419.0924439912064,rolling40_success_then_profit,0.825644677715853,427.394135626605,40,True,0.8330227139582493,431.4081628267498,False,cuda,139.4833984375
217,258,200,True,291,291,1175,786,389,50,339,0.33106382978723403,0.0425531914893617,0.2885106382978723,0.5076335877862596,1.8804071246819338,0.778524832264461,13.58601142553276,29.3957108099952,0.46951832043990804,0.4748491153651825,0.01933805173400401,0.06533074722111074,0.060327305659324724,0.19633992036695547,0.488846407364343,0.011208943878099058,0.09238704017531743,0.10835528642539902,0.1488918068915909,-0.0139972919991605,0.008129107855904951,-0.027056292954206695,-0.04802798076607429,0.04744811347536457,9.08936170212766,9.08936170212766,6.72595744680851,0.454468085106383,0.09599757060217604,0.14000952543870082,0.10422571093470089,-0.02379060568420397,-0.07265606934830164,274,17,0.9415807560137457,0.058419243986254296,0,0.0,0,17,1.0,-6.442918398375211,-6.8919380982965155,0.44901969992130863,11.225492498032715,0.44901969992130863,0.0,0.0,0.0,0.0,17,57.20196433080535,0.0,115,26,18,101,4,17,6.639175257731959,6.639175257731959,1.4680851063829787,67.74745298893771,29.982506227428168,-5.748809213927036,55.62830028449159,0.906336266713975,97.72995921636587,0.033873726494468855,0.014991253113714085,0.04886497960818294,0.8327402135231317,0.78,234,140,94,47,0,137,58.00306926688336,58.00306926688336,68,69,65,72,27.39999999999997,46.402455413506694,73.80245541350673,0.4233800676414844,30,24,17,17,18.686208749454522,1.0,17.68620874945452,0.0,0.9999999999999998,1,31,0,5.045341295098529,0,2,27,-1.2000000000000002,-19.89698484313634,92,0,339,50,0,50,339,19,0,4155.00233170561,415.50023317056105,8236.722121262099,823.6722121262098,398.1237984263188,39.81237984263188,5233.406762288443,523.3406762288444,5875.0,587.5,0,0,0.0369012277067534,0.0,0.0369012277067534,0.0369012277067534,0.0,0.0,0.085,-0.0008500000000000005,-0.0006800000000000005,0.0,0.029001534633441687,0.03040122770675334,0.0,1.9980305414166906,0.0460945148497107,0.011523628712427675,0.0066843058162410285,0.06293715105518831,-0.00012587430211037664,0.05894730555385407,0.16170544534618525,-0.09266867980067134,0.0022124004604384376,0.0,-0.013419687262611914,-0.0011162775060689883,-0.0007500000000000006,-0.00020627750606898806,-0.00016000000000000012,0.0,0.0,0.0,0.0,0.0,0.0,0.0,0.047448982117070576,0.0,0.0,0.0,0.03795918569365646,0.029520982165402603,0.008438203528253868,0.024939745535282262,-0.011497618427854071,0.03708553352299437,-0.0028744046069635177,0.027814150142245794,0.0022124004604384376,0.0022124004604384376,0.0009816267396633828,0.4280086665955444,0.07896614022521263,0.07663532763107728,0.0,0.0,0.017305099786119785,0.0,0.0,0.0,0.03040122770675334,0.0,0.025,0.1695,0.0016756581802231572,0.0031325749781293175,-0.0014569167979061604,0.3328147932473156,0.2983031431833903,0.03451165006392532,0.8570411801338196,0.17607587575912476,2322,9033,0,0.014168139547109604,0.4906534413496653,0.01,0.3568482995033264,0.7994477152824402,0.6705058217048645,0.8023912310600281,3.3777260780334473,0.018026666715741158,0.26451119780540466,0.38946086168289185,0.0026474450035796813,0.029779846366080973,0.18924140632152558,28,8,11355,2322,9033,0.06049511551452059,0.8178970203504794,438.9515851607406,rolling40_success_then_profit,0.8226869240560812,429.79698960464464,40,True,0.8330227139582493,431.4081628267498,False,cuda,135.47705078125
218,259,200,True,309,309,1092,685,407,46,361,0.3727106227106227,0.04212454212454213,0.3305860805860806,0.4656934306569343,1.9255474452554744,0.7718749947791552,13.749970475078499,30.939652081997725,0.4405496713747423,0.5181454872345402,0.02551741435797545,0.09204030308029512,0.03423409200592959,0.23583445523994684,0.5242829998261738,0.013308730145005413,0.13369303262065144,0.059622922582368294,0.16848226700005306,-0.006137512591633532,0.012208684212970037,-0.041652729540356315,-0.025388830576438703,0.06735218823989378,10.305860805860807,10.305860805860807,7.988095238095238,0.46794871794871795,0.12104386524929632,0.23349690396323766,0.01004213529089874,-0.07435086239234268,-0.07043301566431112,289,20,0.9352750809061489,0.06472491909385113,1,0.003236245954692557,0,20,1.0,-5.376916884245299,-5.690354383811349,0.31343749956605194,13.735937489151294,0.5494374995660519,-0.08,-0.036000000000000004,-0.12,0.0,19,72.38058048672737,0.0,133,21,15,110,0,20,6.233009708737864,6.233009708737864,1.5531135531135531,85.83499065641496,48.63569376398027,-4.3654565273099255,71.07810742594405,0.9421361306576816,134.47068442039523,0.04291749532820748,0.024317846881990134,0.06723534221019761,0.8461538461538461,0.8066666666666666,242,155,87,44,1,150,76.86044072344839,76.09465701051151,93,57,54,96,29.999999999999954,61.488352578758686,91.48835257875878,0.5124029381563227,27,22,17,17,16.068406341914514,0.0,16.068406341914514,0.0,1.0,0,28,0,5.542170579679208,0,1,24,0.0,-18.076957134653828,87,0,361,46,0,46,361,22,0,4550.856063976827,455.0856063976827,9130.316662584677,913.0316662584677,346.0685942031851,34.606859420318514,5731.1335564917545,573.1133556491754,5460.0,546.0,0,0,0.04574417628937941,0.0,0.04574417628937941,0.04574417628937941,0.0,0.0,0.085,-0.0008500000000000006,-0.0006800000000000005,0.0,0.03843022036172419,0.0399378628042046,0.0,2.1371068376006757,0.050239205415859245,0.012559801353964811,0.00744754214642476,0.030110972628370918,-6.0221945256741836e-05,0.06462643613166955,0.14747819051770367,-0.08769772739990354,0.002529802525085903,0.0,-0.010973691818971293,-0.0011074863878909136,-0.0006900000000000005,-0.0002774863878909134,-0.0001400000000000001,0.0,0.0,0.0,0.0,0.0,0.0,0.0,0.057393755698087405,0.0,0.0,0.0,0.04591500455846999,0.03659534103150343,0.009319663526966462,0.03335632544931703,-0.00873091305461985,0.047385404950629366,-0.0021827282636549625,0.03553905371297203,0.002529802525085903,0.002529802525085903,0.0009173942595471949,0.4360459085036748,0.09176952910549238,0.039253390769650884,0.0,0.0,0.02715069838274085,0.0,0.0,0.0,0.0399378628042046,0.0,0.023,0.1805,0.0016756581802231572,0.0031325749781293175,-0.0014569167979061604,0.3328147932473156,0.2983031431833903,0.03451165006392532,0.8570411801338196,0.17607587575912476,2322,9033,0,0.014168139547109604,0.4906534413496653,0.01,0.3568482995033264,0.7994477152824402,0.6705058217048645,0.8023912310600281,3.3777260780334473,0.018026666715741158,0.26451119780540466,0.38946086168289185,0.0026474450035796813,0.029779846366080973,0.18924140632152558,28,8,11355,2322,9033,0.06049511551452059,0.8178970203504794,438.9515851607406,rolling40_success_then_profit,0.8226869240560812,429.79698960464464,40,True,0.8330227139582493,431.4081628267498,False,cuda,135.47705078125
219,260,200,True,275,275,1077,807,270,51,219,0.25069637883008355,0.04735376044568245,0.20334261838440112,0.5712515489467163,1.7087980173482031,0.7796178929867797,13.49007215818951,24.41303689092804,0.4045806230943214,0.44810422110143944,0.028764647862134222,0.13520589408775172,0.04016170590940535,0.1985755436967186,0.44722686107864756,0.01627280924335362,0.1681038758981756,0.05032348022259578,0.1571718508416909,0.0008773600227918732,0.012491838618780601,-0.03289798181042389,-0.01016177431319043,0.04140369285502768,9.163416898792944,9.163416898792944,6.772516248839368,0.4085422469823584,-0.019499073733896855,0.2027243970853404,0.09268282830993724,-0.09483888358981857,-0.03158007508109695,256,19,0.9309090909090909,0.06909090909090909,2,0.007272727272727273,0,19,1.0,-6.024284905869634,-5.882065050080415,-0.14221985578921886,12.557643540634304,0.5023057416253722,-0.16,-0.20400000000000001,-0.1956170845838569,-0.08490851283073425,17,85.21033417657658,0.0,144,29,13,60,0,19,6.970909090909091,6.970909090909091,1.57288765088208,98.3637350716816,44.67312924002501,-5.13966674657006,84.09519360921882,0.9424029272183801,143.0368643117066,0.0491818675358408,0.022336564620012506,0.07151843215585331,0.7697841726618705,0.7133333333333334,214,163,51,64,0,158,94.81140046075956,93.89114715090092,106,52,48,110,31.59999999999995,75.84912036860761,107.4491203686077,0.6000721548149339,47,38,17,17,30.473242331221126,0.0,30.473242331221126,0.0,1.0,0,52,0,4.551512123131053,0,1,49,0.0,-34.282397622623776,49,0,219,51,0,51,219,30,0,4642.475035536386,464.2475035536386,9110.206210080245,911.0206210080245,371.3798195752247,37.13798195752247,5845.140448100969,584.5140448100968,5385.0,538.5,0,0,0.05372456018430386,0.0,0.05372456018430386,0.05372456018430386,0.0,0.0,0.085,-0.0008500000000000006,-0.0006800000000000005,0.0,0.047405700230379794,0.04845645886036037,0.0,2.176525559745482,0.05121335697190354,0.012803339242975885,0.007607003545785531,0.021142808683357144,-4.2285617366714295e-05,0.06767984723322336,0.14820399249307062,-0.07888013862524317,0.001652357431094654,0.0,-0.011872602294212223,-0.0012021844655018886,-0.0007650000000000006,-0.0002896844655018888,-0.00014750000000000012,0.0,0.0,0.0,0.0,0.0,0.0,0.0,0.0656356138099129,0.0,0.0,0.0,0.052508491047930476,0.04297964814744298,0.009528842900487366,0.03947776343132434,-0.01027933349314012,0.056063462406145896,-0.00256983337328503,0.04204759680460941,0.001652357431094654,0.001652357431094654,0.001366471399379274,0.45203511070219604,0.11777625432360865,0.04155164797945929,0.0,0.0,0.04142059195034573,0.0,0.0,0.0,0.04845645886036037,0.0,0.0255,0.1095,0.0016756581802231572,0.0031325749781293175,-0.0014569167979061604,0.3328147932473156,0.2983031431833903,0.03451165006392532,0.8570411801338196,0.17607587575912476,2322,9033,0,0.014168139547109604,0.4906534413496653,0.01,0.3568482995033264,0.7994477152824402,0.6705058217048645,0.8023912310600281,3.3777260780334473,0.018026666715741158,0.26451119780540466,0.38946086168289185,0.0026474450035796813,0.029779846366080973,0.18924140632152558,28,8,11355,2322,9033,0.06049511551452059,0.8178970203504794,438.9515851607406,rolling40_success_then_profit,0.8226869240560812,429.79698960464464,40,True,0.8330227139582493,431.4081628267498,False,cuda,135.47705078125
220,261,200,True,294,294,1218,775,443,91,352,0.3637110016420361,0.07471264367816093,0.2889983579638752,0.4632258064516129,1.9070967741935483,0.780334367675166,13.507956770620039,32.47679669749352,0.466102447369917,0.5137178534653879,0.01547567198353429,0.11564921017495855,0.04160498976527203,0.2135095264954913,0.523573095202446,0.007571288794279099,0.14600506319273865,0.08832750219055602,0.15617297780369557,-0.009855241737058096,0.007904383189255192,-0.0303558530177801,-0.04672251242528399,0.05733654869179572,10.457307060755337,10.457307060755337,7.961412151067323,0.5073891625615764,0.14068659925481303,0.1837290270958701,0.06473489396439727,-0.04808923048070025,-0.04800568093572789,280,14,0.9523809523809523,0.047619047619047616,0,0.0,0,14,1.0,-6.1494396832429885,-6.5485693866014465,0.39912970335846054,9.978242583961512,0.39912970335846054,0.0,0.0,0.0,0.0,14,58.16495048604657,0.0,119,26,19,105,1,14,6.54421768707483,6.54421768707483,1.4400656814449917,68.94626091559462,33.78576562811529,-6.366030125275286,54.5521413830607,0.8954986670208221,102.7320265437099,0.03447313045779731,0.016892882814057646,0.05136601327185495,0.8763250883392226,0.8266666666666667,248,145,103,35,0,141,56.38273513444776,56.38273513444776,69,72,69,72,28.19999999999996,45.10618810755818,73.30618810755826,0.3998775541450196,21,14,14,14,13.800307226373445,0.0,12.800307226373445,1.0,0.9275378450931205,0,22,1,4.189283066570471,0,0,18,0.0,-14.400345629670124,102,0,352,91,0,91,352,16,0,4053.5938647119992,405.3593864711999,7511.440952061327,751.1440952061328,384.57795460289253,38.457795460289255,5105.165276376247,510.5165276376247,6100.0,610.0,0,0,0.036653094053779166,0.0,0.036653094053779166,0.036653094053779166,0.0,0.0,0.07,-0.0007000000000000005,-0.0005600000000000004,0.0,0.02819136756722388,0.029753094053779114,0.0,1.918679017786163,0.045000200976772285,0.011250050244193071,0.006615000201594695,0.03666571184930473,-7.333142369860946e-05,0.060451251889234094,0.18431081240485253,-0.12034611879035341,0.002007069680158489,0.0,-0.013135614413577634,-0.002147236127213972,-0.0013649999999999984,-0.00046973612721397157,-0.0003125000000000002,0.0,0.0,0.0,0.0,0.0,0.0,0.0,0.04712981287427352,0.0,0.0,0.0,0.03770385029941886,0.029322475243023213,0.0083813750563956,0.024093055628892742,-0.012732060250550572,0.03636809425537378,-0.003183015062637643,0.02727607069153035,0.002007069680158489,0.002007069680158489,0.0010437971584498875,0.4384702939594615,0.1057074577752348,0.05639582531389105,0.0,0.0,0.015029619773288368,0.0,0.0,0.0,0.029753094053779114,0.0,0.0455,0.176,0.0016756581802231572,0.0031325749781293175,-0.0014569167979061604,0.3328147932473156,0.2983031431833903,0.03451165006392532,0.8570411801338196,0.17607587575912476,2322,9033,0,0.014168139547109604,0.4906534413496653,0.01,0.3568482995033264,0.7994477152824402,0.6705058217048645,0.8023912310600281,3.3777260780334473,0.018026666715741158,0.26451119780540466,0.38946086168289185,0.0026474450035796813,0.029779846366080973,0.18924140632152558,28,8,11355,2322,9033,0.06049511551452059,0.8178970203504794,438.9515851607406,rolling40_success_then_profit,0.8226869240560812,429.79698960464464,40,True,0.8330227139582493,431.4081628267498,False,cuda,135.47705078125
221,262,200,True,292,292,1096,719,377,67,310,0.34397810218978103,0.06113138686131387,0.28284671532846717,0.5799721835883171,1.737134909596662,0.7713786570435605,14.036714800541523,29.42280823498011,0.46655857209810014,0.4727610230280063,0.038407616337997025,0.1357700168019127,0.022681743324953176,0.19964645358944969,0.47675254509909926,0.022736243792240908,0.17362464609347356,0.040147117079042616,0.15125783910568136,-0.0039915220710929344,0.015671372545756117,-0.03785462929156086,-0.01746537375408944,0.04838861448376833,9.642335766423358,9.642335766423358,7.428832116788321,0.3886861313868613,0.07048299548962925,0.08767053426289441,0.044860789450769455,-0.08473755233541372,-0.030904371567481912,273,19,0.934931506849315,0.06506849315068493,0,0.0,0,19,1.0,-6.013950967891744,-6.548332829549903,0.5343818616581612,13.359546541454025,0.5343818616581612,0.0,0.0,0.0,0.0,19,79.34810509740278,0.0,138,29,11,83,2,19,6.616438356164384,6.616438356164384,1.541058394160584,91.55521615800637,37.85786840747077,-5.421288036972523,77.96635578533717,0.9349869142660425,129.41308456547713,0.04577760807900319,0.018928934203735384,0.06470654228273856,0.7857142857142857,0.7333333333333333,220,158,62,60,0,154,86.73141421469184,86.73141421469184,101,53,52,102,30.799999999999955,69.38513137175345,100.18513137175351,0.5631910013941028,42,26,18,18,30.833066080794527,0.0,30.833066080794527,0.0,1.0,0,52,0,3.1893555946581267,0,0,46,0.0,-34.68719934089385,61,0,310,67,0,67,310,24,0,4515.380315687718,451.5380315687718,9065.870152147258,906.5870152147257,370.6293122624537,37.06293122624537,5682.21871091858,568.221871091858,5480.0,548.0,0,0,0.05009256568587677,0.0,0.05009256568587677,0.05009256568587677,0.0,0.0,0.09,-0.0009000000000000006,-0.0007200000000000005,0.0,0.04336570710734591,0.044892565685876726,0.0,2.130520135348009,0.0492357277938218,0.01230893194845545,0.007085004837681379,0.08288409032292855,-0.0001657681806458571,0.06591602092998701,0.14156944162532079,-0.07935751716513542,0.0019013182809816303,0.0,-0.01219838595017404,-0.0014710271479731023,-0.0010050000000000007,-0.00025352714797310293,-0.00021250000000000015,0.0,0.0,0.0,0.0,0.0,0.0,0.0,0.06133572945368624,0.0,0.0,0.0,0.04906858356294908,0.04007405254870131,0.008994531014247705,0.03627253387418228,-0.010842576073945048,0.051977570523558135,-0.002710644018486262,0.038983177892668586,0.0019013182809816303,0.0019013182809816303,0.0014218392841269555,0.42882702630385233,0.11630196147328051,0.03730887036329484,0.0,0.0,0.04797318367057485,0.0,0.0,0.0,0.044892565685876726,0.0,0.0335,0.155,0.0016756581802231572,0.0031325749781293175,-0.0014569167979061604,0.3328147932473156,0.2983031431833903,0.03451165006392532,0.8570411801338196,0.17607587575912476,2322,9033,0,0.014168139547109604,0.4906534413496653,0.01,0.3568482995033264,0.7994477152824402,0.6705058217048645,0.8023912310600281,3.3777260780334473,0.018026666715741158,0.26451119780540466,0.38946086168289185,0.0026474450035796813,0.029779846366080973,0.18924140632152558,28,8,11355,2322,9033,0.06049511551452059,0.8178970203504794,438.9515851607406,rolling40_success_then_profit,0.8226869240560812,429.79698960464464,40,True,0.8330227139582493,431.4081628267498,False,cuda,135.47705078125
222,263,200,True,295,295,1106,743,363,42,321,0.3282097649186257,0.0379746835443038,0.29023508137432186,0.522207267833109,1.8021534320323014,0.7801920275829362,13.595260706114736,27.564091846166356,0.44476223751925453,0.48727717989626995,0.02666464843066512,0.15189856259731394,0.01576588664411957,0.20885897710327747,0.48956358906077185,0.013815445040790101,0.18620806882310845,0.03550569794559413,0.15814101232734695,-0.0022864091645019013,0.01284920338987502,-0.03430950622579451,-0.019739811301474557,0.05071796477593052,9.469258589511755,9.469258589511755,7.132911392405063,0.4430379746835443,0.0022206598337169633,-0.0214551248541839,0.10429855511411876,-0.10892042281777536,-0.02329815383423179,276,19,0.9355932203389831,0.06440677966101695,0,0.0,0,19,1.0,-5.3698004008285265,-5.905848829001185,0.5360484281726585,13.40121070431646,0.5360484281726585,0.0,0.0,0.0,0.0,19,72.77385380367818,0.0,138,25,7,96,0,19,6.535593220338983,6.535593220338983,1.5415913200723328,84.08479578880869,39.541928573091575,-4.042612169564064,70.76840553305024,0.9459623422630863,123.62672436190027,0.042042397894404344,0.019770964286545786,0.061813362180950134,0.7545126353790613,0.6966666666666667,209,150,59,68,0,145,77.4591465682471,77.4591465682471,88,57,54,91,28.99999999999996,61.9673172545977,90.96731725459777,0.5342010108154973,38,29,30,30,24.163435369239643,0.0,24.163435369239643,0.0,1.0,0,42,0,4.7226451964914045,0,0,36,0.0,-27.18386479039461,59,0,321,42,0,42,321,28,0,4422.033678087499,442.2033678087499,8983.86856708039,898.386856708039,373.8046316620918,37.38046316620918,5567.600989655043,556.7600989655043,5530.0,553.0,0,0,0.04548365862729892,0.0,0.04548365862729892,0.04548365862729892,0.0,0.0,0.15,-0.0014999999999999911,-0.0012000000000000008,0.0,0.03872957328412358,0.040083658627298846,0.0,2.051281115632634,0.047301855964897485,0.011825463991224371,0.007095278394734626,0.0,0.0,0.062117926216280255,0.1513551965219475,-0.08016045025944787,0.003917190954082398,0.0,-0.012016667007207358,-0.0010007550524357253,-0.0006300000000000005,-0.0002532550524357254,-0.00011750000000000008,0.0,0.0,0.0,0.0,0.0,0.0,0.0,0.0558091226185232,0.0,0.0,0.0,0.044647298094818676,0.036386926901838985,0.00826037119297953,0.03336289668174307,-0.008085224339128129,0.04717893702203349,-0.002021306084782032,0.03538420276652512,0.003917190954082398,0.003917190954082398,0.0012403201699505253,0.42642139104428034,0.12401772839919292,0.02654538307861459,0.0,0.0,0.021598079619652,0.0,0.0,0.0,0.040083658627298846,0.0,0.021,0.1605,0.0016756581802231572,0.0031325749781293175,-0.0014569167979061604,0.3328147932473156,0.2983031431833903,0.03451165006392532,0.8570411801338196,0.17607587575912476,2322,9033,0,0.014168139547109604,0.4906534413496653,0.01,0.3568482995033264,0.7994477152824402,0.6705058217048645,0.8023912310600281,3.3777260780334473,0.018026666715741158,0.26451119780540466,0.38946086168289185,0.0026474450035796813,0.029779846366080973,0.18924140632152558,28,8,11355,2322,9033,0.06049511551452059,0.8178970203504794,438.9515851607406,rolling40_success_then_profit,0.8226869240560812,429.79698960464464,40,True,0.8330227139582493,431.4081628267498,False,cuda,135.47705078125
223,264,200,True,275,275,1190,819,371,96,275,0.31176470588235294,0.08067226890756303,0.23109243697478993,0.568986568986569,1.7142857142857142,0.7707202210567519,14.03415889297504,28.917091328582483,0.4222318874507702,0.45432993538577626,0.012973071600200201,0.14860669733167278,0.0528408937043623,0.20134179809463912,0.461952300699057,0.005972452989355257,0.1722417244737711,0.09705754007742727,0.14480807058404,-0.0076223653132807545,0.007000618610844944,-0.023635027142098308,-0.04421664637306497,0.056533727510599124,9.003361344537815,9.003361344537815,6.5966386554621845,0.4327731092436975,0.11113352176965076,0.318409197574012,0.07894070077231241,-0.07611782611073638,-0.04517541964989294,259,16,0.9418181818181818,0.05818181818181818,0,0.0,0,16,1.0,-7.398627263445835,-7.851833308935158,0.45320604548932225,11.330151137233056,0.45320604548932225,0.0,0.0,0.0,0.0,16,49.51250757091524,0.0,123,38,12,75,1,16,7.090909090909091,7.090909090909091,1.4739495798319329,58.26614045825006,26.75738110368208,-6.251411853324502,44.68292282228195,0.8772652692306898,85.02352156193214,0.02913307022912503,0.013378690551841039,0.04251176078096607,0.8409893992932862,0.7933333333333333,238,141,97,45,0,138,43.613293079555035,43.613293079555035,52,86,81,57,27.599999999999962,34.89063446364405,62.4906344636441,0.31603835564894955,19,15,26,26,10.377004324689237,0.0,10.377004324689237,0.0,1.0,0,22,0,7.040527041339435,0,0,22,0.0,-11.674129865275393,96,0,275,96,0,96,275,19,0,4096.333057212977,409.6333057212977,7984.644388162989,798.464438816299,372.60209861515784,37.26020986151578,5158.847392401781,515.8847392401781,5950.0,595.0,0,0,0.031245317231822074,0.0,0.031245317231822074,0.031245317231822074,0.0,0.0,0.13,-0.0012999999999999943,-0.0010400000000000008,0.0,0.02180664653977752,0.02314531723182202,0.0,1.9727293187617292,0.04566624777560418,0.011416561943901045,0.006643297983032622,0.05569967483154258,-0.00011139934966308518,0.0593947250302822,0.16838226928459504,-0.11662810673129574,0.0012409319530040626,0.0,-0.012574833313997778,-0.0021986431229835805,-0.001439999999999998,-0.00047614312298358035,-0.0002825000000000002,0.0,0.0,0.0,0.0,0.0,0.0,0.0,0.04125047982605996,0.0,0.0,0.0,0.03300038386084793,0.02499625378545756,0.008004130075390404,0.019215755484478743,-0.012502823706649003,0.029788615214854642,-0.0031257059266622507,0.022341461411140975,0.0012409319530040626,0.0012409319530040626,0.0010351993416994804,0.43535368885502596,0.11979256462223506,0.07742260887930914,0.0,0.0,0.01128840858401015,0.0,0.0,0.0,0.02314531723182202,0.0,0.048,0.1375,0.0016756581802231572,0.0031325749781293175,-0.0014569167979061604,0.3328147932473156,0.2983031431833903,0.03451165006392532,0.8570411801338196,0.17607587575912476,2322,9033,0,0.014168139547109604,0.4906534413496653,0.01,0.3568482995033264,0.7994477152824402,0.6705058217048645,0.8023912310600281,3.3777260780334473,0.018026666715741158,0.26451119780540466,0.38946086168289185,0.0026474450035796813,0.029779846366080973,0.18924140632152558,28,8,11355,2322,9033,0.06049511551452059,0.8178970203504794,438.9515851607406,rolling40_success_then_profit,0.8226869240560812,429.79698960464464,40,True,0.8330227139582493,431.4081628267498,False,cuda,135.47705078125
224,265,200,True,291,291,1079,753,326,61,265,0.30213160333642264,0.056533827618164965,0.24559777571825764,0.5205843293492696,1.8286852589641434,0.7710252723212577,13.784558619161052,27.60101813133336,0.44008224244097466,0.48433116157533007,0.02918315066363549,0.15061138256157378,0.032687615699680206,0.2122292221210907,0.48684617372385536,0.016801446592150774,0.18755374306251368,0.06061187028856441,0.151809823628797,-0.0025150121485252863,0.012381704071484714,-0.03694236050093991,-0.0279242545888842,0.06041939849229369,9.720111214087117,9.720111214087117,7.2354031510658015,0.4531974050046339,0.09705830945449236,0.1173980429136228,0.0566360577344621,-0.05913837158534767,-0.03520487050253078,273,18,0.9381443298969072,0.061855670103092786,1,0.003436426116838488,0,18,1.0,-5.282436827632983,-5.283825724348423,0.0013888967154404644,11.568116855914344,0.46272467423657404,-0.08,-0.168,-0.12,-0.09333577752113342,17,82.50282572387887,0.0,154,23,10,76,0,18,6.707903780068729,6.707903780068729,1.59870250231696,96.32448006873692,55.56450318210538,-4.6963837387684455,79.8769329266857,0.9444696752600363,151.8889832508423,0.04816224003436846,0.02778225159105269,0.07594449162542115,0.8369565217391305,0.77,231,170,61,45,0,168,87.91066519356069,87.91066519356069,102,66,63,105,33.599999999999966,70.32853215484856,103.92853215484865,0.5232777690092898,24,22,21,21,17.43648533849945,0.0,17.43648533849945,0.0,1.0,0,27,0,3.4351335960614424,0,0,26,0.0,-19.61604600581188,60,0,265,61,0,61,265,11,0,4680.452465940232,468.04524659402324,8891.201013324117,889.1201013324117,375.63643124648655,37.56364312464866,5897.3777974332515,589.7377797433252,5395.0,539.5,0,0,0.051964266077424354,0.0,0.051964266077424354,0.051964266077424354,0.0,0.0,0.105,-0.0010499999999999995,-0.0008400000000000007,0.0,0.04395533259678034,0.04566426607742428,0.0,2.271385043793446,0.05258015026910782,0.013145037567276955,0.007587022540366178,0.09249029223500259,-0.00018498058447000517,0.0718822994259867,0.14692560930923326,-0.08507870698153709,0.002708433387242267,0.0,-0.012050251943304014,-0.0013449080961571089,-0.0009150000000000007,-0.00023990809615710834,-0.00019000000000000015,0.0,0.0,0.0,0.0,0.0,0.0,0.0,0.0638743230602312,0.0,0.0,0.0,0.051099458448185,0.041571412861939314,0.009528045586245613,0.03759027459395859,-0.009392767477536892,0.05325128861779046,-0.002348191869384223,0.03993846646334285,0.002708433387242267,0.002708433387242267,0.0013013265406837055,0.45394980148089314,0.13139195164735015,0.04469864747235233,0.0,0.0,0.02849443960964832,0.0,0.0,0.0,0.04566426607742428,0.0,0.0305,0.1325,0.0016756581802231572,0.0031325749781293175,-0.0014569167979061604,0.3328147932473156,0.2983031431833903,0.03451165006392532,0.8570411801338196,0.17607587575912476,2322,9033,0,0.014168139547109604,0.4906534413496653,0.01,0.3568482995033264,0.7994477152824402,0.6705058217048645,0.8023912310600281,3.3777260780334473,0.018026666715741158,0.26451119780540466,0.38946086168289185,0.0026474450035796813,0.029779846366080973,0.18924140632152558,28,8,11355,2322,9033,0.06049511551452059,0.8178970203504794,438.9515851607406,rolling40_success_then_profit,0.8226869240560812,429.79698960464464,40,True,0.8330227139582493,431.4081628267498,False,cuda,135.47705078125
225,266,200,True,281,281,1166,831,335,50,285,0.28730703259005147,0.04288164665523156,0.2444253859348199,0.5138387484957883,1.8206979542719615,0.7388694243669223,14.856794724539013,29.26897559294345,0.4173180551847645,0.474368340361563,0.01931916685633711,0.11046903062203875,0.047454340911271986,0.2117300837936169,0.47985117874420935,0.010652152729522163,0.139997881609682,0.07909182307271738,0.15992234389731386,-0.005482838382646349,0.008667014126814948,-0.02952885098764324,-0.03163748216144539,0.05180773989630305,9.746998284734135,9.746998284734135,7.19811320754717,0.4794168096054888,0.09323823281857439,0.021903940480758204,0.017491960363657154,-0.05594142058058621,-0.053859454997407394,264,17,0.9395017793594306,0.060498220640569395,1,0.0035587188612099642,0,17,1.0,-6.533689688841725,-6.70593026667833,0.17224057783660418,11.406014445915106,0.4562405778366042,-0.08,-0.084,-0.12,0.0,16,65.60172037799623,0.0,128,30,13,83,1,16,6.950177935943061,6.950177935943061,1.4888507718696398,76.2595059879619,35.72589310306812,-5.3551682369469,64.36797136281783,0.9231938167488234,111.98539909103002,0.03812975299398095,0.01786294655153406,0.05599269954551501,0.8064516129032258,0.75,225,149,76,54,0,148,70.09650988060865,69.12768809061912,79,69,63,85,29.599999999999966,56.07720790448692,85.67720790448696,0.47362506676086924,33,25,21,21,21.69947557582465,1.0,20.69947557582465,0.0,1.0,1,35,0,4.451890739664263,0,2,32,-1.2000000000000002,-23.28691002280273,73,0,285,50,0,50,285,24,0,4151.0253830641195,415.10253830641193,8228.569433202681,822.8569433202681,380.9348176532099,38.09348176532099,5229.2760647473315,522.9276064747331,5830.0,583.0,0,0,0.04283860395224353,0.0,0.04283860395224353,0.04283860395224353,0.0,0.0,0.105,-0.0010499999999999995,-0.0008400000000000007,0.0,0.035048254940304335,0.036051075236247655,0.0,2.043907934546078,0.04771568314984589,0.011928920787461472,0.006860905672297538,0.0821243628534281,-0.0001642487257068562,0.0633436287015775,0.1707669701543238,-0.09240428352773407,0.0021816864157683945,0.0,-0.012610592849431012,-0.0011528431889618537,-0.0007500000000000006,-0.00024784318896185395,-0.0001550000000000001,0.0,0.0,0.0,0.0,0.0,0.0,0.0,0.053553276013998015,0.0,0.0,0.0,0.04284262081119843,0.03427088316179468,0.008571737649403725,0.02950640156293539,-0.0107103364738938,0.04291198090854519,-0.00267758411847345,0.032183985681408914,0.0021816864157683945,0.0021816864157683945,0.0011696240133668,0.4394710515914796,0.09684048007157339,0.058396631334674924,0.0,0.0,0.02171414644219332,0.0,0.0,0.0,0.036051075236247655,0.0,0.025,0.1425,-0.0009560077522312188,0.001048864657059312,-0.0020048724092905307,0.33483931484321755,0.29742009540398917,0.03741921943922837,0.8536205887794495,0.17290568351745605,2211,8930,0,0.015653694979846478,0.5179789986875322,0.01,0.3733679950237274,0.792649507522583,0.657878577709198,0.7967525124549866,3.462709903717041,-0.004565811716020107,0.27597540616989136,0.24188129603862762,0.0017505719942467598,0.01786254762361447,0.22149436639414893,29,8,11141,2211,8930,0.06226684949412299,0.8075345181644411,444.9319936845492,rolling40_success_then_profit,0.8211952609916485,433.6602719865512,40,True,0.8330227139582493,431.4081628267498,False,cuda,134.71923828125
226,267,200,True,274,274,1170,830,340,86,254,0.2905982905982906,0.0735042735042735,0.2170940170940171,0.4891566265060241,1.8325301204819278,0.7841409097234887,13.64782469186438,26.92697515186057,0.4277361604150319,0.47046298937625197,0.019809055875941933,0.18686062512268503,0.06295028758818755,0.19293594498366837,0.4772858416998243,0.010128073210278189,0.217362464416817,0.1057184253552794,0.1406896575387702,-0.006822852323572326,0.009680982665663744,-0.03050183929413197,-0.042768137767091846,0.052246287444898176,9.750427350427351,9.750427350427351,7.177777777777778,0.47094017094017093,0.06441710101754451,0.21253306874213176,0.05510953097499181,-0.07541959973708388,-0.08341856011045821,259,15,0.9452554744525548,0.05474452554744526,0,0.0,0,15,1.0,-5.535569790032966,-5.963203114047643,0.42763332401467813,10.690833100366953,0.42763332401467813,0.0,0.0,0.0,0.0,15,61.20949641439387,0.0,134,29,16,70,0,15,7.08029197080292,7.08029197080292,1.4957264957264957,73.10124635264732,31.646266721540986,-5.580611916386552,56.246435305328,0.9097383399796819,104.7475130741883,0.03655062317632366,0.015823133360770493,0.052373756537094154,0.8129496402877698,0.7533333333333333,226,156,70,52,0,154,58.94419990644997,58.13983814749041,70,84,81,73,30.799999999999958,47.155359925159956,77.95535992516007,0.3827545448470777,28,24,24,24,16.906272593244864,0.0,16.906272593244864,0.0,1.0,0,35,0,5.513157887659813,0,5,30,0.0,-19.019556667400472,69,0,254,86,0,86,254,26,0,4277.846869868046,427.7846869868046,7952.639322379517,795.2639322379516,378.8714148163029,37.88714148163029,5387.018566319077,538.7018566319077,5880.0,588.0,0,0,0.03897767996258007,0.0,0.03897767996258007,0.03897767996258007,0.0,0.0,0.12,-0.0011999999999999962,-0.0009600000000000008,0.0,0.02947209995322499,0.03045593525899617,0.0,2.092900640440145,0.048563957924030815,0.012140989481007704,0.007041688277889188,0.06695732541433136,-0.00013391465082866272,0.06576412712691898,0.17295151999385347,-0.13463983737159327,0.002706202306212735,0.0,-0.01290985503121713,-0.001986066174516717,-0.0012899999999999988,-0.0004035661745167168,-0.0002925000000000002,0.0,0.0,0.0,0.0,0.0,0.0,0.0,0.04978475479275894,0.0,0.0,0.0,0.03982780383420724,0.03118214397006389,0.008645659864143262,0.025332911694470696,-0.011161223832773104,0.03749762353688533,-0.002790305958193276,0.028123217652663998,0.002706202306212735,0.002706202306212735,0.0012019360872730603,0.45259589352576757,0.16195459218982097,0.07026654014328775,0.0,0.0,0.019266752261656913,0.0,0.0,0.0,0.03045593525899617,0.0,0.043,0.127,-0.0009560077522312188,0.001048864657059312,-0.0020048724092905307,0.33483931484321755,0.29742009540398917,0.03741921943922837,0.8536205887794495,0.17290568351745605,2211,8930,0,0.015653694979846478,0.5179789986875322,0.01,0.3733679950237274,0.792649507522583,0.657878577709198,0.7967525124549866,3.462709903717041,-0.004565811716020107,0.27597540616989136,0.24188129603862762,0.0017505719942467598,0.01786254762361447,0.22149436639414893,29,8,11141,2211,8930,0.06226684949412299,0.8075345181644411,444.9319936845492,rolling40_success_then_profit,0.8211952609916485,433.6602719865512,40,True,0.8330227139582493,431.4081628267498,False,cuda,134.71923828125
227,268,200,True,295,295,1134,742,392,51,341,0.345679012345679,0.04497354497354497,0.30070546737213405,0.5673854447439353,1.7142857142857142,0.7795723299332706,13.617595716306784,29.076398209902155,0.42799367841764685,0.46203464432305724,0.024975388549328494,0.0869882989554312,0.03327353548251012,0.21928915449460804,0.4727799217254325,0.014589306401375008,0.12051250803161342,0.06943157874800847,0.1518971170487028,-0.010745277402375242,0.010386082147953486,-0.033524209076182226,-0.036158043265498346,0.06739203744590525,7.837742504409171,7.837742504409171,5.525573192239859,0.445326278659612,0.04687785299132167,0.1650535732673656,0.01938422156398564,-0.06218284093621407,-0.039681035148483354,278,17,0.9423728813559322,0.0576271186440678,0,0.0,0,17,1.0,-5.172588853314709,-5.649326043352481,0.47673719003777293,11.918429750944323,0.47673719003777293,0.0,0.0,0.0,0.0,17,77.47824534847027,0.0,137,22,11,97,1,17,6.532203389830508,6.532203389830508,1.5070546737213404,89.85817883965062,42.84977539241938,-4.421849629916132,76.12085821829365,0.9450993175167451,132.70795423207,0.04492908941982531,0.02142488769620969,0.066353977116035,0.7894736842105263,0.75,225,156,69,60,0,153,84.96028844438325,84.05975835698477,99,54,51,102,30.599999999999966,67.96823075550657,98.56823075550668,0.5552960029044657,38,31,22,22,25.643762840851718,0.0,25.643762840851718,0.0,1.0,0,40,0,4.097105760991809,0,5,31,0.0,-28.84923319595818,67,0,341,51,0,51,341,24,0,4401.679459320062,440.1679459320062,8494.226320081776,849.4226320081776,354.0116873432139,35.40116873432139,5542.651373887378,554.2651373887378,5670.0,567.0,0,0,0.049284115377753346,0.0,0.049284115377753346,0.049284115377753346,0.0,0.0,0.11,-0.0010999999999999985,-0.0008800000000000007,0.0,0.042480144222191624,0.043723903342793906,0.0,2.122244921034914,0.048744734612208095,0.012186183653052024,0.007023335469401858,0.08042859387133121,-0.0001608571877426624,0.06535765077580674,0.14039467121187701,-0.06051105922446707,0.0024769542863453667,0.0,-0.01154804762868006,-0.0010884274790378843,-0.0007650000000000006,-0.00017342747903788423,-0.0001500000000000001,0.0,0.0,0.0,0.0,0.0,0.0,0.0,0.06020944184306249,0.0,0.0,0.0,0.048167553474450196,0.03942729230220256,0.008740261172247528,0.03584950429418879,-0.008843699259832263,0.05074723881219576,-0.002210924814958066,0.03806042910914682,0.0024769542863453667,0.0024769542863453667,0.0012520165098458518,0.41919251378232797,0.07559856978171889,0.04863033265213298,0.0,0.0,0.0312063571331441,0.0,0.0,0.0,0.043723903342793906,0.0,0.0255,0.1705,-0.0009560077522312188,0.001048864657059312,-0.0020048724092905307,0.33483931484321755,0.29742009540398917,0.03741921943922837,0.8536205887794495,0.17290568351745605,2211,8930,0,0.015653694979846478,0.5179789986875322,0.01,0.3733679950237274,0.792649507522583,0.657878577709198,0.7967525124549866,3.462709903717041,-0.004565811716020107,0.27597540616989136,0.24188129603862762,0.0017505719942467598,0.01786254762361447,0.22149436639414893,29,8,11141,2211,8930,0.06226684949412299,0.8075345181644411,444.9319936845492,rolling40_success_then_profit,0.8211952609916485,433.6602719865512,40,True,0.8330227139582493,431.4081628267498,False,cuda,134.71923828125
228,269,200,True,278,278,1167,780,387,81,306,0.33161953727506427,0.06940874035989718,0.2622107969151671,0.5294871794871795,1.8435897435897435,0.7757885084893459,13.789357064320491,30.001555431194795,0.47668654971136837,0.4771291896318778,0.016141340346672597,0.12640268562409357,0.04633432436997119,0.1925842514858605,0.48503815992138327,0.008030978191452912,0.16151458028083046,0.08776313832062535,0.1450772976908737,-0.00790897028950549,0.008110362155219685,-0.03511189465673689,-0.04142881395065416,0.04750695379498679,9.9280205655527,9.9280205655527,7.60668380462725,0.4601542416452442,0.08372193607106039,0.28432558828640236,0.0715266307844692,-0.052884815120166274,-0.0739963683625779,261,17,0.9388489208633094,0.06115107913669065,0,0.0,0,17,1.0,-5.8506787359096935,-6.336376189216965,0.4856974533072741,12.14243633268185,0.4856974533072741,0.0,0.0,0.0,0.0,17,58.35473283659026,0.0,119,27,15,89,1,17,6.830935251798561,6.830935251798561,1.4447300771208227,69.13451272545673,33.41254663806158,-6.792302356052998,55.81181171768468,0.8915038978420372,102.54705936351831,0.034567256362728366,0.01670627331903079,0.051273529681759154,0.8515901060070671,0.8033333333333333,241,144,97,42,0,138,58.462097677614054,57.67927005717226,70,68,61,77,27.59999999999997,46.76967814209124,74.36967814209129,0.42363838896821776,25,23,17,17,13.872855754284567,0.0,13.872855754284567,0.0,1.0,0,29,0,6.627566499140369,0,2,27,0.0,-15.606962723570136,96,0,306,81,0,81,306,24,0,4235.21365497551,423.52136549755096,8377.396394592593,837.7396394592594,400.48373793498456,40.048373793498456,5333.199905868443,533.3199905868444,5835.0,583.5,0,0,0.037184839071045674,0.0,0.037184839071045674,0.037184839071045674,0.0,0.0,0.085,-0.0008500000000000006,-0.0006800000000000005,0.0,0.029231048838807023,0.030671708022868904,0.0,1.9441646687899865,0.04509049211447062,0.011272623028617656,0.006536166455587572,0.06679319406628491,-0.00013358638813256986,0.059348215379939104,0.1695781740143156,-0.12020157748622304,0.0016718147808125158,0.0,-0.013520563958107495,-0.0019097852543104707,-0.0012149999999999995,-0.00041478525431047056,-0.0002800000000000002,0.0,0.0,0.0,0.0,0.0,0.0,0.0,0.047473875711530666,0.0,0.0,0.0,0.03797910056922459,0.02974787125683643,0.008231229312388077,0.02450975468081585,-0.013584604712105996,0.03720787447845648,-0.003396151178026499,0.02790590585884234,0.0016718147808125158,0.0016718147808125158,0.0007498356341322259,0.4431479145671176,0.1191874005418458,0.06681527223587928,0.0,0.0,0.02217761050072093,0.0,0.0,0.0,0.030671708022868904,0.0,0.0405,0.153,-0.0009560077522312188,0.001048864657059312,-0.0020048724092905307,0.33483931484321755,0.29742009540398917,0.03741921943922837,0.8536205887794495,0.17290568351745605,2211,8930,0,0.015653694979846478,0.5179789986875322,0.01,0.3733679950237274,0.792649507522583,0.657878577709198,0.7967525124549866,3.462709903717041,-0.004565811716020107,0.27597540616989136,0.24188129603862762,0.0017505719942467598,0.01786254762361447,0.22149436639414893,29,8,11141,2211,8930,0.06226684949412299,0.8075345181644411,444.9319936845492,rolling40_success_then_profit,0.8211952609916485,433.6602719865512,40,True,0.8330227139582493,431.4081628267498,False,cuda,134.71923828125
229,270,200,True,272,272,1086,841,245,40,205,0.22559852670349909,0.03683241252302026,0.1887661141804788,0.5564803804994055,1.7443519619500594,0.7756214787680811,13.434971383012007,27.46246335204518,0.4084548186408713,0.49483725219504304,0.023490051186325717,0.15295411357999414,0.03675445555803431,0.221708347134992,0.49464967033596585,0.01226389913971444,0.18812446275728176,0.05583546550221316,0.16577925343248068,0.0001875818590771905,0.011226152046611277,-0.03517034917728762,-0.01908100994417885,0.05592909370251131,12.60865561694291,12.60865561694291,10.08011049723757,0.509208103130755,0.14940009663977147,0.035658420349712165,-0.01162918046583647,-0.10577950464653392,-0.05577320360331154,252,20,0.9264705882352942,0.07352941176470588,0,0.0,0,20,1.0,-5.038899535873693,-5.580326268672943,0.5414267327992519,13.535668319981294,0.5414267327992519,0.0,0.0,0.0,0.0,20,78.07951623088304,0.0,141,25,14,60,2,20,7.136029411764706,7.136029411764706,1.5662983425414365,91.69444601473943,46.11989746934371,-4.6685717903479,75.77001321715379,0.941961040340124,137.81434348408314,0.045847223007369715,0.023059948734671855,0.06890717174204157,0.8043478260869565,0.74,222,164,58,54,0,159,83.24924411075474,83.24924411075474,97,62,61,98,31.799999999999955,66.59939528860377,98.39939528860387,0.523580151639967,35,28,19,19,22.20581685107755,0.0,22.20581685107755,0.0,1.0,0,41,0,4.813899484890069,0,2,36,0.0,-24.98154395746224,57,0,205,40,0,40,205,29,0,4532.255653832049,453.22556538320487,9288.39022347519,928.839022347519,385.7370995480212,38.57370995480212,5707.359626813702,570.7359626813702,5430.0,543.0,0,0,0.04919969764430194,0.0,0.04919969764430194,0.04919969764430194,0.0,0.0,0.095,-0.0009500000000000008,-0.0007600000000000006,0.0,0.041624622055377376,0.04309969764430189,0.0,2.146154188400935,0.050422992349009564,0.012605748087252391,0.0074136445004673365,0.04105238121054171,-8.210476242108343e-05,0.06785169498149236,0.17407610667052034,-0.11209184563042658,0.0030445165630884822,0.0,-0.012491291015782637,-0.0009694988625662968,-0.0006000000000000004,-0.0002594988625662967,-0.00011000000000000009,0.0,0.0,0.0,0.0,0.0,0.0,0.0,0.06077334096913316,0.0,0.0,0.0,0.04861867277530663,0.03935975811544144,0.009258914659865072,0.03555072071340297,-0.0093371435806958,0.05051334214476925,-0.00233428589517395,0.037885006608576896,0.0030445165630884822,0.0030445165630884822,0.0011449235963324697,0.4776418695806047,0.1359763907805654,0.04149115020443481,0.0,0.0,0.026090172549203275,0.0,0.0,0.0,0.04309969764430189,0.0,0.02,0.1025,-0.0009560077522312188,0.001048864657059312,-0.0020048724092905307,0.33483931484321755,0.29742009540398917,0.03741921943922837,0.8536205887794495,0.17290568351745605,2211,8930,0,0.015653694979846478,0.5179789986875322,0.01,0.3733679950237274,0.792649507522583,0.657878577709198,0.7967525124549866,3.462709903717041,-0.004565811716020107,0.27597540616989136,0.24188129603862762,0.0017505719942467598,0.01786254762361447,0.22149436639414893,29,8,11141,2211,8930,0.06226684949412299,0.8075345181644411,444.9319936845492,rolling40_success_then_profit,0.8211952609916485,433.6602719865512,40,True,0.8330227139582493,431.4081628267498,False,cuda,134.71923828125
230,271,200,True,272,272,1068,784,284,76,208,0.26591760299625467,0.07116104868913857,0.1947565543071161,0.49744897959183676,1.8380102040816326,0.7850402507322783,13.358576632275874,25.29738173937919,0.45561991798197654,0.48415739117760437,0.02705636263197782,0.1615986893694772,0.06965841253986582,0.19413635868588652,0.48289099713901473,0.014473415721131831,0.1920762734418754,0.10416768131345838,0.14440841174789001,0.0012663940385896355,0.01258294691084599,-0.0304775840723982,-0.03450926877359256,0.04972794693799651,11.22378277153558,11.22378277153558,8.596441947565543,0.4616104868913858,0.14769677305334936,0.22041677928841547,0.06340888266251471,-0.09487093232484957,-0.10189647400238294,253,19,0.9301470588235294,0.06985294117647059,0,0.0,0,19,1.0,-5.082995193495211,-5.603536261543629,0.520541068048417,13.013526701210427,0.520541068048417,0.0,0.0,0.0,0.0,19,76.6903941122387,0.0,139,28,15,61,0,19,6.977941176470588,6.977941176470588,1.554307116104869,89.57387284324662,47.998710876567664,-6.102184779814784,74.19672076306539,0.9240066257620888,137.57258371981428,0.04478693642162331,0.023999355438283833,0.06878629185990713,0.7829181494661922,0.7333333333333333,220,165,55,61,0,157,82.26663641294019,81.32874080037297,95,62,61,96,31.399999999999952,65.81330913035218,97.21330913035221,0.5239913147321031,30,27,31,31,17.86295565038483,0.0,17.86295565038483,0.0,1.0,0,36,0,5.654389491468977,0,2,33,0.0,-20.095825106682934,54,0,208,76,0,76,208,24,0,4673.562952081187,467.3562952081187,9233.834187466133,923.3834187466133,400.3711610348565,40.03711610348565,5884.183794441447,588.4183794441448,5340.0,534.0,0,0,0.04860665456517615,0.0,0.04860665456517615,0.04860665456517615,0.0,0.0,0.155,-0.0015499999999999889,-0.0012400000000000009,0.0,0.0411333182064701,0.042031496320149186,0.0,2.1423249083963,0.0508164971040331,0.012704124276008274,0.00743298418856107,0.0550390365969088,-0.0001100780731938176,0.06717765986106922,0.1632008459826576,-0.11380433705820504,0.0020954072215223865,0.0,-0.01298930965395403,-0.0017544572292732092,-0.00114,-0.00039445722927320895,-0.00022000000000000017,0.0,0.0,0.0,0.0,0.0,0.0,0.0,0.0596507007679905,0.0,0.0,0.0,0.04772056061439239,0.0388853236521408,0.008835236962251615,0.03404726799162529,-0.012204369559629568,0.04946448050871026,-0.003051092389907392,0.03709836038153269,0.0020954072215223865,0.0020954072215223865,0.001344775793999433,0.4773375171937143,0.14693903406111394,0.07994511290950419,0.0,0.0,0.02793749250916537,0.0,0.0,0.0,0.042031496320149186,0.0,0.038,0.104,-0.0009560077522312188,0.001048864657059312,-0.0020048724092905307,0.33483931484321755,0.29742009540398917,0.03741921943922837,0.8536205887794495,0.17290568351745605,2211,8930,0,0.015653694979846478,0.5179789986875322,0.01,0.3733679950237274,0.792649507522583,0.657878577709198,0.7967525124549866,3.462709903717041,-0.004565811716020107,0.27597540616989136,0.24188129603862762,0.0017505719942467598,0.01786254762361447,0.22149436639414893,29,8,11141,2211,8930,0.06226684949412299,0.8075345181644411,444.9319936845492,rolling40_success_then_profit,0.8211952609916485,433.6602719865512,40,True,0.8330227139582493,431.4081628267498,False,cuda,134.71923828125
231,272,200,True,258,258,1074,814,260,90,170,0.24208566108007448,0.08379888268156424,0.15828677839851024,0.5761670761670762,1.7125307125307125,0.7514140340488139,14.168482329394367,24.3990199561494,0.46699613531236356,0.43935223066543183,0.026483582749193952,0.13928099394906357,0.054106002497310575,0.1745547460877229,0.4404630468979807,0.014098191961041978,0.1675537912854673,0.07171505875599454,0.13866384979108629,-0.0011108162325488835,0.012385390788151974,-0.028272797336403727,-0.017609056258683968,0.03589089629663661,9.62756052141527,9.62756052141527,7.160148975791434,0.4376163873370577,0.1483479531003055,0.08838914444209384,0.11006321960291857,-0.064206476631857,-0.061136263415083957,239,19,0.9263565891472868,0.07364341085271318,0,0.0,0,19,1.0,-5.454093477777987,-5.9546490937471335,0.5005556159691454,12.513890399228636,0.5005556159691454,0.0,0.0,0.0,0.0,19,73.48726279666064,0.0,142,30,12,42,3,19,7.453488372093023,7.453488372093023,1.5828677839851024,86.4405026351795,44.618163674419954,-6.021023962984018,70.62500153898098,0.9214437549298671,131.05866630959946,0.04322025131758975,0.022309081837209976,0.06552933315479972,0.8375451263537906,0.7733333333333333,232,161,71,45,0,156,76.07384811978227,76.07384811978227,92,64,63,93,31.199999999999967,60.85907849582579,92.05907849582591,0.48765287256270684,26,20,19,19,17.76516791251288,0.0,17.76516791251288,0.0,1.0,0,30,0,4.000622044640043,0,2,25,0.0,-19.98581390157699,71,0,170,90,0,90,170,17,0,4624.742742827494,462.47427428274943,9165.491643644506,916.5491643644506,418.4731311304662,41.84731311304662,5823.791655764923,582.3791655764924,5370.0,537.0,0,0,0.04602953924791298,0.0,0.04602953924791298,0.04602953924791298,0.0,0.0,0.095,-0.0009500000000000008,-0.0007600000000000006,0.0,0.03803692405989112,0.03972953924791292,0.0,2.169216732008427,0.049518885550955634,0.012379721387738908,0.007353795111407729,0.020069032526706478,-4.013806505341296e-05,0.06665628542415036,0.15377739707871577,-0.0774763256582379,0.0023460372491800534,0.0,-0.013823085582947887,-0.0019988067193298068,-0.0013499999999999986,-0.0003863067193298072,-0.0002625000000000002,0.0,0.0,0.0,0.0,0.0,0.0,0.0,0.05741912257059831,0.0,0.0,0.0,0.04593529805647871,0.03682363139833024,0.00911166665814842,0.03230198878799857,-0.012042047925968037,0.04708333435932067,-0.003010511981492009,0.03531250076949049,0.0023460372491800534,0.0023460372491800534,0.001392950679187974,0.46825526667168316,0.13643857472818588,0.05869656452277001,0.0,0.0,0.028989478727461573,0.0,0.0,0.0,0.03972953924791292,0.0,0.045,0.085,-0.0009560077522312188,0.001048864657059312,-0.0020048724092905307,0.33483931484321755,0.29742009540398917,0.03741921943922837,0.8536205887794495,0.17290568351745605,2211,8930,0,0.015653694979846478,0.5179789986875322,0.01,0.3733679950237274,0.792649507522583,0.657878577709198,0.7967525124549866,3.462709903717041,-0.004565811716020107,0.27597540616989136,0.24188129603862762,0.0017505719942467598,0.01786254762361447,0.22149436639414893,29,8,11141,2211,8930,0.06226684949412299,0.8075345181644411,444.9319936845492,rolling40_success_then_profit,0.8211952609916485,433.6602719865512,40,True,0.8330227139582493,431.4081628267498,False,cuda,134.71923828125
232,273,200,True,281,281,1065,714,351,49,302,0.3295774647887324,0.046009389671361506,0.28356807511737087,0.530812324929972,1.8123249299719888,0.7620390696602375,13.939902555374871,27.939103360603504,0.46586253013737705,0.4752540861775561,0.035555151768592225,0.12167433209466834,0.03219614754214424,0.19660338049582324,0.4766512467455463,0.019558523708552707,0.1577893170444634,0.04926366858260643,0.15511520223885106,-0.0013971605679902188,0.015996628060039517,-0.03611498494979505,-0.01706752104046219,0.04148817825697218,8.585915492957746,8.585915492957746,6.260093896713615,0.4403755868544601,0.032005156940022594,0.12847869921026928,0.0674332822104192,-0.06920559623517368,-0.030309675246198507,261,20,0.9288256227758007,0.0711743772241993,0,0.0,0,20,1.0,-4.054234414602998,-4.586458964496851,0.5322245498938536,13.305613747346337,0.5322245498938537,0.0,0.0,0.0,0.0,20,79.63882645593065,0.0,126,18,21,85,1,20,6.747330960854092,6.747330960854092,1.5464788732394366,94.63117009590599,43.20490253575838,-5.367023722760428,80.58915746780052,0.9375609333916083,137.83607263166436,0.047315585047952996,0.02160245126787919,0.06891803631583218,0.775,0.7233333333333334,217,157,60,63,0,152,89.56066633739164,89.56066633739164,101,51,47,105,30.399999999999956,71.64853306991331,102.04853306991338,0.5892149101144186,47,37,16,16,30.459761074917086,1.0,28.459761074917086,1.0,0.96716980157722,1,51,1,4.533308814117806,0,0,48,-1.2000000000000002,-32.01723120928172,57,0,302,49,0,49,302,34,0,4698.232778795468,469.8232778795468,9434.973393963082,943.4973393963082,377.919965419661,37.7919965419661,5915.262581473119,591.5262581473119,5325.0,532.5,0,0,0.051024266534956716,0.0,0.051024266534956716,0.051024266534956716,0.0,0.0,0.08,-0.0008000000000000006,-0.0006400000000000005,0.0,0.04478033316869585,0.04632426653495665,0.0,2.2158725321576407,0.051111052712632644,0.012777763178158161,0.007401838443577043,0.07182594702338202,-0.00014365189404676404,0.06542107828249813,0.1384755917035028,-0.07020672631943946,0.0016459583306849671,0.0,-0.012095485319899499,-0.001084865217881857,-0.0007350000000000005,-0.00019486521788185656,-0.0001550000000000001,0.0,0.0,0.0,0.0,0.0,0.0,0.0,0.062858377819068,0.0,0.0,0.0,0.05028670225525441,0.04081941322796526,0.00946728902728912,0.0376110668725201,-0.010734047445520856,0.05372610497853368,-0.002683511861380214,0.04029457873390026,0.0016459583306849671,0.0016459583306849671,0.0012567608903224265,0.4300013303025143,0.10689460792305182,0.0407053663758073,0.0,0.0,0.0375569853621445,0.0,0.0,0.0,0.04632426653495665,0.0,0.0245,0.151,-0.0009560077522312188,0.001048864657059312,-0.0020048724092905307,0.33483931484321755,0.29742009540398917,0.03741921943922837,0.8536205887794495,0.17290568351745605,2211,8930,0,0.015653694979846478,0.5179789986875322,0.01,0.3733679950237274,0.792649507522583,0.657878577709198,0.7967525124549866,3.462709903717041,-0.004565811716020107,0.27597540616989136,0.24188129603862762,0.0017505719942467598,0.01786254762361447,0.22149436639414893,29,8,11141,2211,8930,0.06226684949412299,0.8075345181644411,444.9319936845492,rolling40_success_then_profit,0.8211952609916485,433.6602719865512,40,True,0.8330227139582493,431.4081628267498,False,cuda,134.71923828125
233,274,200,True,289,289,1153,743,410,65,345,0.35559410234171723,0.05637467476149176,0.2992194275802255,0.5975773889636609,1.6567967698519515,0.7664826302156154,13.87988274960627,27.802140511301612,0.43338487508187656,0.4417820151088055,0.023591057829869706,0.09686537918761312,0.04845644222399468,0.19761195930515693,0.44968425704123677,0.01425998076084565,0.12580328183637213,0.08301945299525591,0.14949705934811328,-0.007902241932431275,0.009331077069024056,-0.028937902648759006,-0.034563010771261234,0.048114899957043655,7.793581960104076,7.793581960104076,5.657415437987858,0.3868169991326973,0.15461832153670566,0.3402483192325147,0.0635080161820026,-0.08911342622088698,-0.09954775791022284,273,16,0.9446366782006921,0.05536332179930796,0,0.0,0,16,1.0,-5.452055445750588,-5.91007609069347,0.45802064494288297,11.450516123572076,0.45802064494288297,0.0,0.0,0.0,0.0,16,63.12139574995667,0.0,121,24,18,99,1,16,6.657439446366782,6.657439446366782,1.4874241110147441,75.27288751529268,42.27185263555984,-5.232963734907258,62.22682119917192,0.922428395820994,117.54474015085252,0.03763644375764634,0.02113592631777992,0.05877237007542626,0.8540925266903915,0.8,240,149,91,41,0,145,65.75218085930729,65.75218085930729,79,66,62,83,28.999999999999954,52.601744687445816,81.6017446874459,0.4534633162710847,22,17,19,19,14.08622651440431,1.0,13.08622651440431,0.0,1.0,1,24,0,4.763291168579178,0,2,21,-1.2000000000000002,-14.72200482870485,90,0,345,65,0,65,345,15,0,4374.804009367071,437.48040093670704,8255.390180818154,825.5390180818155,352.24794559208965,35.224794559208966,5508.902265735473,550.8902265735472,5765.0,576.5,0,0,0.040800872343722955,0.0,0.040800872343722955,0.040800872343722955,0.0,0.0,0.095,-0.0009500000000000008,-0.0007600000000000006,0.0,0.03287609042965364,0.03460087234372291,0.0,2.069340381539291,0.048211237638083444,0.012052809409520861,0.006883675122391707,0.09529620129587338,-0.00019059240259174676,0.06231637993746442,0.13943238220639673,-0.06877768061282677,0.0014613285529845846,0.0,-0.011709271384084433,-0.0014793381991513599,-0.0009750000000000007,-0.00027183819915136006,-0.00023250000000000015,0.0,0.0,0.0,0.0,0.0,0.0,0.0,0.05171308935065197,0.0,0.0,0.0,0.04137047148052161,0.03264069787497827,0.008729773605543318,0.028496928732132335,-0.010465927469814517,0.04148454746611464,-0.0026164818674536293,0.031113410599585962,0.0014613285529845846,0.0014613285529845846,0.0012211454163615896,0.4173606403592989,0.08944783377375136,0.05756304213884187,0.0,0.0,0.02608754304504845,0.0,0.0,0.0,0.03460087234372291,0.0,0.0325,0.1725,0.0015591661756237346,0.003674555042137702,-0.0021153888665139675,0.35837946136792503,0.3205865164597829,0.03779294490814209,0.843390941619873,0.17680400609970093,2265,9126,0,0.015662440098822117,0.4842207494709227,0.01,0.35273295640945435,0.804381251335144,0.6765799522399902,0.8059390783309937,3.4263644218444824,0.009975324384868145,0.2783215045928955,0.5097523927688599,0.002034801604733932,0.023837587278750207,0.17988969228333898,30,8,11391,2265,9126,0.062241645256929067,0.8167919912678195,430.4402277059985,rolling40_success_then_profit,0.8226213842039443,433.2991731826716,40,True,0.8330227139582493,431.4081628267498,False,cuda,136.6689453125
234,275,200,True,279,279,1165,802,363,74,289,0.311587982832618,0.06351931330472103,0.248068669527897,0.5211970074812967,1.814214463840399,0.7648170897899721,14.043108066121242,33.43776322332701,0.43457613494202474,0.514349090636817,0.017487687223644327,0.1355478582796908,0.024539795000468406,0.22135915514081717,0.5224795502022912,0.009192897877806886,0.17279020126820763,0.06375042027477384,0.16065666119235933,-0.008130459565474202,0.00829478934583744,-0.037242342988516836,-0.03921062527430544,0.060702493948457836,12.21716738197425,12.21716738197425,9.681545064377682,0.5330472103004292,0.14189918468991933,0.1955438160145156,-0.0004011652677821127,-0.08760565673069998,-0.03436905320220751,261,18,0.9354838709677419,0.06451612903225806,0,0.0,0,18,1.0,-6.158856622019817,-6.657298950925461,0.49844232890564655,12.46105822264116,0.49844232890564655,0.0,0.0,0.0,0.0,18,64.2268897812333,0.0,119,29,17,85,1,18,6.888888888888889,6.888888888888889,1.4446351931330472,75.44334124159495,40.569885364835294,-5.965535257409825,62.72134083276302,0.9131488342900002,116.01322660643024,0.037721670620797475,0.020284942682417647,0.05800661330321512,0.8644688644688645,0.7866666666666666,236,147,89,37,0,144,67.56511152173206,67.56511152173206,80,64,62,82,28.79999999999997,54.05208921738566,82.85208921738572,0.4692021633453616,24,18,13,13,15.033135958800841,0.6456513272293606,14.387484631571482,0.0,1.0000000000000002,1,34,0,5.015847356533016,0,1,30,-0.7747815926752328,-16.185920210517914,88,0,289,74,0,74,289,26,0,4132.121929254309,413.21219292543094,8452.635859210817,845.2635859210817,378.7174044132391,37.87174044132391,5202.336122641253,520.2336122641252,5825.0,582.5,0,0,0.04142604460869287,0.0,0.04142604460869287,0.04142604460869287,0.0,0.0,0.065,-0.0006500000000000004,-0.0005200000000000004,0.0,0.03378255576086603,0.03522604460869282,0.0,1.970943623194377,0.04649231402813076,0.01162307850703269,0.006588182613149172,0.10675547777215252,-0.000213510955544305,0.061989288209020846,0.1876661011548761,-0.1343145292327819,0.0020722112613521665,0.0,-0.012673820371399452,-0.0018117523857425896,-0.00111,-0.0004617523857425903,-0.00024000000000000017,0.0,0.0,0.0,0.0,0.0,0.0,0.0,0.052185612160181236,0.0,0.0,0.0,0.041748489728144995,0.033140835686954195,0.00860765404119073,0.0283779027876766,-0.01193107051481965,0.04181422722184202,-0.0029827676287049127,0.03136067041638151,0.0020722112613521665,0.0020722112613521665,0.0009282647335901864,0.4514131820128327,0.12211968633103176,0.04677832956137827,0.0,0.0,0.02262218032022606,0.0,0.0,0.0,0.03522604460869282,0.0,0.037,0.1445,0.0015591661756237346,0.003674555042137702,-0.0021153888665139675,0.35837946136792503,0.3205865164597829,0.03779294490814209,0.843390941619873,0.17680400609970093,2265,9126,0,0.015662440098822117,0.4842207494709227,0.01,0.35273295640945435,0.804381251335144,0.6765799522399902,0.8059390783309937,3.4263644218444824,0.009975324384868145,0.2783215045928955,0.5097523927688599,0.002034801604733932,0.023837587278750207,0.17988969228333898,30,8,11391,2265,9126,0.062241645256929067,0.8167919912678195,430.4402277059985,rolling40_success_then_profit,0.8226213842039443,433.2991731826716,40,True,0.8330227139582493,431.4081628267498,False,cuda,136.6689453125
235,276,200,True,259,259,1162,918,244,69,175,0.2099827882960413,0.05938037865748709,0.15060240963855423,0.5816993464052288,1.6906318082788672,0.7537092210031023,14.456536315884724,26.53195595754258,0.4267209806351479,0.4374853002155009,0.017705307043845358,0.08873013370469504,0.036560926171453886,0.2084074567025426,0.44478265485018165,0.009086313562098412,0.11197442713970712,0.08106122695975826,0.14850045981652596,-0.0072973546346807305,0.008618993481746946,-0.02324429343501208,-0.04450030078830437,0.05990699688601664,8.908777969018933,8.908777969018933,6.234939759036145,0.4879518072289157,0.07043942658155374,0.05629575705016875,0.05044264801106362,-0.03354557849056496,-0.021162813073048334,242,17,0.9343629343629344,0.06563706563706563,1,0.003861003861003861,0,17,1.0,-6.9600405084785635,-7.099259754344815,0.13921924586625078,11.691631463219666,0.4676652585287868,-0.08,-0.132,-0.07472118030655993,-0.041724832355976106,16,68.23326427263983,0.0,129,38,17,47,1,17,7.447876447876448,7.447876447876448,1.4759036144578312,78.78276828058715,37.5192811341575,-6.2230816090101415,65.32185912074533,0.9130185650370948,116.30204941474466,0.03939138414029358,0.01875964056707875,0.05815102470737233,0.8214285714285714,0.7666666666666667,230,153,77,50,0,150,70.11447542599974,70.11447542599974,83,67,64,86,29.999999999999964,56.09158034079978,86.09158034079987,0.4674298361733316,32,26,18,18,19.18177455784687,0.0,19.18177455784687,0.0,1.0,0,37,0,5.532756458895058,0,1,35,0.0,-21.57949637757774,72,0,175,69,0,69,175,26,0,4209.539779781061,420.9539779781061,8343.366186962414,834.3366186962414,422.2546830568028,42.22546830568028,5304.188182249849,530.4188182249849,5810.0,581.0,0,0,0.043045790170399945,0.0,0.043045790170399945,0.043045790170399945,0.0,0.0,0.09,-0.0009000000000000007,-0.0007200000000000005,0.0,0.035057237712999886,0.03664579017039989,0.0,2.020886746154632,0.04763065774782441,0.011907664436956103,0.006902115910097029,0.06959955709496393,-0.00013919911418992787,0.06392461801176982,0.177340151895657,-0.09085908997607639,0.0018946449718194802,0.0,-0.014244722189676434,-0.0015856640987616665,-0.0010350000000000005,-0.00033316409876166643,-0.00021750000000000016,0.0,0.0,0.0,0.0,0.0,0.0,0.0,0.053914255493166086,0.0,0.0,0.0,0.04313140439453287,0.03443663213631985,0.00869477225821298,0.029549388755867618,-0.012446163218020284,0.043547906080496905,-0.003111540804505071,0.03266092956037266,0.0018946449718194802,0.0018946449718194802,0.0014509455794096003,0.4476140823842185,0.09675258684510259,0.06703065917261747,0.0,0.0,0.022233228037102412,0.0,0.0,0.0,0.03664579017039989,0.0,0.0345,0.0875,0.0015591661756237346,0.003674555042137702,-0.0021153888665139675,0.35837946136792503,0.3205865164597829,0.03779294490814209,0.843390941619873,0.17680400609970093,2265,9126,0,0.015662440098822117,0.4842207494709227,0.01,0.35273295640945435,0.804381251335144,0.6765799522399902,0.8059390783309937,3.4263644218444824,0.009975324384868145,0.2783215045928955,0.5097523927688599,0.002034801604733932,0.023837587278750207,0.17988969228333898,30,8,11391,2265,9126,0.062241645256929067,0.8167919912678195,430.4402277059985,rolling40_success_then_profit,0.8226213842039443,433.2991731826716,40,True,0.8330227139582493,431.4081628267498,False,cuda,136.6689453125
236,277,200,True,288,288,1081,763,318,50,268,0.29417206290471787,0.04625346901017576,0.2479185938945421,0.546526867627785,1.7758846657929226,0.7600193580082797,14.22392381690589,28.615752102663134,0.4688379008587559,0.4910830118904576,0.033026533360015674,0.10770783456210853,0.015263409086479897,0.20818637272155066,0.49388121736393376,0.018250116070202733,0.1478700495506899,0.03280836438179153,0.15475627595649089,-0.0027982054734761452,0.014776417289812941,-0.040162214988581385,-0.01754495529531163,0.053430096765059776,10.780758556891767,10.780758556891767,8.308973172987974,0.482886216466235,0.10841319411137629,0.09570177673073052,-0.004954918299835388,-0.03622514004605326,-0.025045592579496366,269,19,0.9340277777777778,0.06597222222222222,1,0.003472222222222222,0,19,1.0,-4.9041759605021795,-5.066454080045221,0.1622781195430422,11.95220288283741,0.47808811531349654,-0.08,-0.084,-0.12,-0.0318099957704544,18,87.19458113693916,0.0,143,21,17,77,1,19,6.635416666666667,6.635416666666667,1.5596669750231267,99.8244555154688,55.62666669425591,-5.437407149363884,85.55611107732267,0.9402440167681175,155.4511222097247,0.0499122277577344,0.027813333347127954,0.07772556110486235,0.7563636363636363,0.6933333333333334,208,165,43,67,0,161,96.24153302646744,96.24153302646744,106,55,50,111,32.19999999999995,76.9932264211739,109.19322642117397,0.597773497058804,35,27,32,32,21.770699763291464,0.0,21.770699763291464,0.0,1.0,0,40,0,5.1422689711693925,0,1,39,0.0,-24.492037233702902,40,0,268,50,0,50,268,27,0,4508.380318738188,450.8380318738188,8943.288674228408,894.3288674228409,406.62933368248997,40.662933368249,5679.228768288767,567.9228768288767,5405.0,540.5,0,0,0.054596613210587015,0.0,0.054596613210587015,0.054596613210587015,0.0,0.0,0.16,-0.0015999999999999923,-0.001280000000000001,0.0,0.04812076651323371,0.04959661321058698,0.0,2.1278203686316792,0.05000411698179724,0.01250102924544931,0.007440794174294838,0.01612389177721809,-3.224778355443619e-05,0.06887891072501433,0.1552132042375207,-0.07747361280214936,0.0021275269016457457,0.0,-0.013008120675962978,-0.0011866453590540257,-0.0007500000000000006,-0.00029914535905402545,-0.0001375000000000001,0.0,0.0,0.0,0.0,0.0,0.0,0.0,0.0654653946724817,0.0,0.0,0.0,0.052372315737985536,0.04367729056846952,0.008695025169515959,0.04005935196397946,-0.010874814298727768,0.0570374073848818,-0.002718703574681942,0.04277805553866133,0.0021275269016457457,0.0021275269016457457,0.0014050684934854513,0.446101029008336,0.11064339508175174,0.031825636886183346,0.0,0.0,0.034553864088393664,0.0,0.0,0.0,0.04959661321058698,0.0,0.025,0.134,0.0015591661756237346,0.003674555042137702,-0.0021153888665139675,0.35837946136792503,0.3205865164597829,0.03779294490814209,0.843390941619873,0.17680400609970093,2265,9126,0,0.015662440098822117,0.4842207494709227,0.01,0.35273295640945435,0.804381251335144,0.6765799522399902,0.8059390783309937,3.4263644218444824,0.009975324384868145,0.2783215045928955,0.5097523927688599,0.002034801604733932,0.023837587278750207,0.17988969228333898,30,8,11391,2265,9126,0.062241645256929067,0.8167919912678195,430.4402277059985,rolling40_success_then_profit,0.8226213842039443,433.2991731826716,40,True,0.8330227139582493,431.4081628267498,False,cuda,136.6689453125
237,278,200,True,319,319,1022,664,358,34,324,0.350293542074364,0.033268101761252444,0.31702544031311153,0.5090361445783133,1.8328313253012047,0.7483995542468795,15.116770210036313,28.440624661508004,0.5020162503321434,0.4968338290521179,0.052737176799810076,0.09389784748957727,0.01933822153607406,0.20109740938396609,0.4956444238637944,0.02988305289567594,0.13190926784082843,0.030514463973063302,0.15726686563589667,0.0011894051883235002,0.022854123904134136,-0.03801142035125116,-0.011176242436989243,0.04383054374806941,9.91095890410959,9.91095890410959,7.681017612524462,0.4432485322896282,0.09357349233676579,0.16948988960289846,0.04021120779498712,-0.015110634095377808,-0.014905515083161295,299,20,0.9373040752351097,0.06269592476489028,0,0.0,0,20,1.0,-4.383473573264323,-4.937462526187301,0.5539889529229798,13.84972382307449,0.5539889529229798,0.0,0.0,0.0,0.0,20,102.75178216474147,0.0,165,18,10,95,1,20,6.15987460815047,6.15987460815047,1.6771037181996087,118.5632384478926,66.08899863842187,-4.160845047860417,101.76545780730164,0.9607194347795776,184.65223708631447,0.0592816192239463,0.033044499319210933,0.09232611854315724,0.7564575645756457,0.6833333333333333,205,178,27,66,0,177,116.79965963240856,116.79965963240856,130,47,47,130,35.400000000000006,93.4397277059268,128.8397277059268,0.6598850826689749,45,36,21,21,28.013879218683854,0.0,28.013879218683854,0.0,1.0,0,54,0,5.175714248694049,0,1,53,0.0,-31.51561412101935,27,0,324,34,0,34,324,39,0,4755.305625143528,475.5305625143528,9557.94190865933,955.7941908659329,397.66118009498257,39.76611800949826,5991.98922776458,599.1989227764581,5110.0,511.0,0,0,0.06441986385296346,0.0,0.06441986385296346,0.06441986385296346,0.0,0.0,0.105,-0.0010499999999999995,-0.0008400000000000007,0.0,0.05839982981620427,0.05971986385296342,0.0,2.341036635809049,0.054646022551991365,0.013661505637997841,0.008123774685237655,0.019837238869061736,-3.9674477738123475e-05,0.07555435874585668,0.12250268373848905,-0.05547156981486322,0.0031330175004316584,0.0,-0.012121410571360536,-0.0007712816078667984,-0.0005100000000000004,-0.00016878160786679838,-9.250000000000005e-05,0.0,0.0,0.0,0.0,0.0,0.0,0.0,0.07699169501322331,0.0,0.0,0.0,0.06159335601057853,0.051535891082370666,0.010057464928207811,0.04880230637972054,-0.008321690095720834,0.06784363853820106,-0.0020804225239302084,0.05088272890365082,0.0031330175004316584,0.0031330175004316584,0.0015035859884197497,0.4336547159533903,0.09150903106607608,0.028399931100807553,0.0,0.0,0.033874898625342834,0.0,0.0,0.0,0.05971986385296342,0.0,0.017,0.162,0.0015591661756237346,0.003674555042137702,-0.0021153888665139675,0.35837946136792503,0.3205865164597829,0.03779294490814209,0.843390941619873,0.17680400609970093,2265,9126,0,0.015662440098822117,0.4842207494709227,0.01,0.35273295640945435,0.804381251335144,0.6765799522399902,0.8059390783309937,3.4263644218444824,0.009975324384868145,0.2783215045928955,0.5097523927688599,0.002034801604733932,0.023837587278750207,0.17988969228333898,30,8,11391,2265,9126,0.062241645256929067,0.8167919912678195,430.4402277059985,rolling40_success_then_profit,0.8226213842039443,433.2991731826716,40,True,0.8330227139582493,431.4081628267498,False,cuda,136.6689453125
238,279,200,True,258,258,1084,805,279,87,192,0.257380073800738,0.08025830258302583,0.17712177121771217,0.5627329192546584,1.7490683229813664,0.7403494474310313,14.600564630875676,26.63440766954644,0.4780153376386524,0.4576996964327297,0.01772571629989221,0.11922581764111607,0.0405872458476365,0.18929530625341473,0.4608010044009049,0.009520319529942103,0.1543340247980556,0.06486637462176359,0.14145336348031248,-0.0031013079681752043,0.008205396769950107,-0.03510820715693953,-0.024279128774127093,0.04784194277310225,10.023062730627306,10.023062730627306,7.4750922509225095,0.4474169741697417,0.0925228660495077,0.03418421805813067,0.0822153594688075,-0.09388864965139504,-0.08694493511476696,239,19,0.9263565891472868,0.07364341085271318,0,0.0,0,19,1.0,-4.827073099208282,-5.347734601497647,0.5206615022893657,13.01653755723414,0.5206615022893658,0.0,0.0,0.0,0.0,19,66.4211841433418,0.0,133,26,18,50,2,19,7.348837209302325,7.348837209302325,1.5276752767527675,79.49595840164648,38.08388720299053,-6.317184573181764,64.19142579915726,0.9104054875025585,117.579845604637,0.039747979200823236,0.019041943601495265,0.0587899228023185,0.8226950354609929,0.7733333333333333,232,162,70,50,0,156,67.65810022397156,67.65810022397156,82,74,70,86,31.19999999999996,54.126480179177214,85.32648017917734,0.43370577066648436,28,20,22,22,18.591425798208864,1.0,17.59142579820886,0.0,0.9999999999999998,2,27,0,4.2184814220760245,0,0,22,-1.2000000000000002,-19.79035402298497,68,0,192,87,0,87,192,17,0,4512.6499854417325,451.26499854417324,9101.738890055625,910.1738890055625,430.6801191005168,43.06801191005168,5683.9967435364915,568.3996743536492,5420.0,542.0,0,0,0.04266324008958869,0.0,0.04266324008958869,0.04266324008958869,0.0,0.0,0.11,-0.0010999999999999985,-0.0008800000000000007,0.0,0.03382905011198579,0.03566324008958863,0.0,2.0806552590454834,0.04842591999644118,0.012106479999110294,0.007131043776516226,0.03641270033233721,-7.282540066467442e-05,0.0665458708493791,0.1608078846611637,-0.08188914752073075,0.00224017942638907,0.0,-0.013992812606561546,-0.0020402485454677315,-0.0013049999999999989,-0.0004352485454677312,-0.0003000000000000002,0.0,0.0,0.0,0.0,0.0,0.0,0.0,0.053596894688034226,0.0,0.0,0.0,0.042877515750427385,0.034130592071670816,0.008746923678756511,0.02893712061298775,-0.012634369146363528,0.04279428386610484,-0.003158592286590882,0.03209571289957863,0.00224017942638907,0.00224017942638907,0.0010440265684823196,0.44753644479830984,0.11269652593088393,0.04946556146690642,0.0,0.0,0.01894695014669113,0.0,0.0,0.0,0.03566324008958863,0.0,0.0435,0.096,0.0015591661756237346,0.003674555042137702,-0.0021153888665139675,0.35837946136792503,0.3205865164597829,0.03779294490814209,0.843390941619873,0.17680400609970093,2265,9126,0,0.015662440098822117,0.4842207494709227,0.01,0.35273295640945435,0.804381251335144,0.6765799522399902,0.8059390783309937,3.4263644218444824,0.009975324384868145,0.2783215045928955,0.5097523927688599,0.002034801604733932,0.023837587278750207,0.17988969228333898,30,8,11391,2265,9126,0.062241645256929067,0.8167919912678195,430.4402277059985,rolling40_success_then_profit,0.8226213842039443,433.2991731826716,40,True,0.8330227139582493,431.4081628267498,False,cuda,136.6689453125
239,280,200,True,301,301,1270,768,502,97,405,0.3952755905511811,0.07637795275590552,0.3188976377952756,0.5338541666666666,1.8671875,0.7533597483028037,14.299586391697327,31.05013164858489,0.4307340019706771,0.49319909324791905,0.01371427312066468,0.15781051093654241,0.04758562440292735,0.2052502638568209,0.49487890805661056,0.006196104773456075,0.17521242810592716,0.08863223839928953,0.1467595248905127,-0.0016798148086915043,0.007518168347208605,-0.017401917169384745,-0.04104661399636218,0.058490738966308214,9.55984251968504,9.55984251968504,7.248031496062992,0.4464566929133858,0.11932725548089401,0.3277994868738456,0.10574611693655339,-0.08292184537799963,-0.038660797402933315,287,14,0.9534883720930233,0.046511627906976744,0,0.0,0,14,1.0,-7.0359225268040415,-7.449034020155661,0.41311149335161984,10.327787333790493,0.4131114933516198,0.0,0.0,0.0,0.0,14,47.52876138658586,0.0,110,32,14,121,0,14,6.398671096345515,6.398671096345515,1.3818897637795275,54.953130290195105,24.180548025947196,-5.567817739152655,42.8655511334785,0.8850417002006455,79.1336783161423,0.027476565145097553,0.012090274012973598,0.039566839158071146,0.8302583025830258,0.75,225,132,93,46,0,128,44.2408199169359,43.263689666540394,52,76,74,54,25.599999999999962,35.39265593354873,60.99265593354878,0.3456314056010617,22,19,24,24,11.659720327447666,0.0,11.659720327447666,0.0,1.0,0,30,0,7.363444746262472,0,6,24,0.0,-13.117185368378621,91,0,405,97,0,97,405,28,0,3793.293365246526,379.3293365246526,7241.872802496786,724.1872802496786,351.112325914034,35.1112325914034,4776.177647581938,477.6177647581938,6350.0,635.0,0,0,0.03049632796677444,0.0,0.03049632796677444,0.03049632796677444,0.0,0.0,0.12,-0.0011999999999999964,-0.0009600000000000008,0.0,0.02212040995846795,0.022605475866616168,0.0,1.7847399033495281,0.04100252109933061,0.010250630274832653,0.0059715582223694875,0.04897406541215591,-9.794813082431182e-05,0.0548767557597056,0.1747153886873585,-0.12407402747250604,0.002148602911653497,0.0,-0.012029225938120504,-0.0023096732310344844,-0.0014549999999999977,-0.0005246732310344848,-0.0003300000000000002,0.0,0.0,0.0,0.0,0.0,0.0,0.0,0.03944901011078264,0.0,0.0,0.0,0.03155920808862611,0.024397062373419424,0.0071621457152067055,0.01864886669716286,-0.01113563547830531,0.02857703408898565,-0.0027839088695763275,0.02143277556673925,0.002148602911653497,0.002148602911653497,0.001313287969802818,0.4151055281131566,0.1335352431313435,0.05463087764957913,0.0,0.0,0.016104815958762217,0.0,0.0,0.0,0.022605475866616168,0.0,0.0485,0.2025,0.0015591661756237346,0.003674555042137702,-0.0021153888665139675,0.35837946136792503,0.3205865164597829,0.03779294490814209,0.843390941619873,0.17680400609970093,2265,9126,0,0.015662440098822117,0.4842207494709227,0.01,0.35273295640945435,0.804381251335144,0.6765799522399902,0.8059390783309937,3.4263644218444824,0.009975324384868145,0.2783215045928955,0.5097523927688599,0.002034801604733932,0.023837587278750207,0.17988969228333898,30,8,11391,2265,9126,0.062241645256929067,0.8167919912678195,430.4402277059985,rolling40_success_then_profit,0.8226213842039443,433.2991731826716,40,True,0.8330227139582493,431.4081628267498,False,cuda,136.6689453125
240,281,200,True,272,272,1189,889,300,59,241,0.2523128679562658,0.0496215306980656,0.20269133725820015,0.545556805399325,1.752530933633296,0.7529835646680826,14.158780777011867,26.54590836515979,0.3790299700269952,0.45394016544180593,0.015356703377480716,0.06559347476982025,0.040909418292528,0.2317272606897676,0.45867301572294417,0.007575523374336106,0.09838903471261799,0.07274923502746236,0.1685735658293064,-0.0047328502811382345,0.00778118000314461,-0.032795559942797745,-0.03183981673493436,0.06315369486046118,9.575273338940287,9.575273338940287,7.077375946173255,0.4600504625735913,0.04553008429631925,0.16926513916253452,0.08502552445077417,-0.039388151187408425,-0.06352966458094096,256,16,0.9411764705882353,0.058823529411764705,0,0.0,0,16,1.0,-7.583124372724436,-8.010142010748378,0.42701763802394405,10.6754409505986,0.42701763802394405,0.0,0.0,0.0,0.0,16,64.06637122839662,0.0,121,39,14,70,2,16,7.088235294117647,7.088235294117647,1.4440706476030278,73.11096059024426,36.078464131774936,-4.81188166974542,61.81573687256143,0.9277794738125003,109.1894247220192,0.03655548029512213,0.018039232065887468,0.0545947123610096,0.8285714285714286,0.7733333333333333,232,147,85,48,0,143,68.5787586444184,66.35370504436969,84,59,58,85,28.599999999999962,54.86300691553471,83.4630069155348,0.47957173877215664,29,24,19,19,18.600347618703186,0.0,18.600347618703186,0.0,1.0,0,30,0,4.815318233010898,0,1,28,0.0,-20.925391071041087,83,0,241,59,0,59,241,21,0,4149.123203507467,414.9123203507467,7986.95004839679,798.6950048396791,363.25507966479086,36.32550796647909,5223.5442100234895,522.354421002349,5945.0,594.5,0,0,0.04173150345776741,0.0,0.04173150345776741,0.04173150345776741,0.0,0.0,0.095,-0.0009500000000000005,-0.0007600000000000006,0.0,0.0342893793222092,0.03474148201774787,0.0,1.963814933605456,0.04587292969968591,0.011468232424921478,0.006469009230626393,0.11295567040697208,-0.00022591134081394415,0.061406646653055015,0.1794020784533521,-0.0963880264017187,0.0031088395048106746,0.0,-0.012253005222861258,-0.00137177559476637,-0.0008850000000000007,-0.0003067755947663702,-0.00018000000000000012,0.0,0.0,0.0,0.0,0.0,0.0,0.0,0.05202382454187487,0.0,0.0,0.0,0.04161905963349997,0.03338520276621383,0.008233856867286043,0.02850192760140803,-0.009623763339490839,0.04121049124837427,-0.0024059408348727097,0.030907868436280714,0.0031088395048106746,0.0031088395048106746,0.0012154983916009459,0.43739868807201016,0.07822347344635462,0.0566157948501713,0.0,0.0,0.025294666709145583,0.0,0.0,0.0,0.03474148201774787,0.0,0.0295,0.1205,0.0015591661756237346,0.003674555042137702,-0.0021153888665139675,0.35837946136792503,0.3205865164597829,0.03779294490814209,0.843390941619873,0.17680400609970093,2265,9126,0,0.015662440098822117,0.4842207494709227,0.01,0.35273295640945435,0.804381251335144,0.6765799522399902,0.8059390783309937,3.4263644218444824,0.009975324384868145,0.2783215045928955,0.5097523927688599,0.002034801604733932,0.023837587278750207,0.17988969228333898,30,8,11391,2265,9126,0.062241645256929067,0.8167919912678195,430.4402277059985,rolling40_success_then_profit,0.8226213842039443,433.2991731826716,40,True,0.8330227139582493,431.4081628267498,False,cuda,136.6689453125
241,282,200,True,266,266,1065,781,284,66,218,0.26666666666666666,0.061971830985915494,0.20469483568075117,0.5211267605633803,1.82202304737516,0.7939463895429569,13.299483246748334,27.287311083795778,0.4656807954467326,0.48684116612246947,0.01986281391562329,0.1649956028829788,0.03388204782242468,0.19557104258775407,0.4911908683260943,0.01023679507106886,0.20218247953067783,0.05364929863505743,0.1472541065874692,-0.00434970220362485,0.009626018844554428,-0.03718687664769904,-0.019767250812632746,0.04831693600028486,10.607511737089203,10.607511737089203,8.031924882629108,0.5164319248826291,0.06590143267794898,0.30251137393867994,0.09882410527791588,-0.15309683481263825,-0.08644255672133433,245,21,0.9210526315789473,0.07894736842105263,1,0.0037593984962406013,0,21,1.0,-3.5737865942710956,-3.8792462804168473,0.3054596861457525,13.747815372063956,0.5499126148825584,-0.08,-0.036000000000000004,-0.12,-0.008452928736805915,20,69.23635296595864,0.0,141,16,17,60,1,21,7.285714285714286,7.285714285714286,1.584037558685446,84.96901110771506,53.42713013733045,-5.809566811521454,66.7344004960623,0.9199166102001411,138.3961412450455,0.04248450555385753,0.026713565068665224,0.06919807062252276,0.8904593639575972,0.84,252,165,87,31,0,163,68.68180150931035,68.68180150931035,83,80,69,94,32.599999999999966,54.9454412074483,87.54544120744838,0.4213607454558917,13,11,18,18,6.664625375298049,0.0,6.664625375298049,0.0,1.0,0,16,0,7.582761340462799,0,0,16,0.0,-7.497703547210304,87,0,218,66,0,66,218,15,0,4581.128878040995,458.1128878040995,9404.804240070769,940.4804240070769,403.94562756161366,40.39456275616136,5768.391353226548,576.8391353226548,5340.0,534.0,0,0,0.04377272060372423,0.0,0.04377272060372423,0.04377272060372423,0.0,0.0,0.09,-0.0009000000000000006,-0.0007200000000000005,0.0,0.03434090075465518,0.03687272060372415,0.0,2.229790275306474,0.052064349133650746,0.013016087283412687,0.007616879726984016,0.052279661697747795,-0.0001045593233954956,0.06983191535156448,0.15891103346331947,-0.09341851353050554,0.0021932162762322792,0.0,-0.01322533460971072,-0.001457402895093682,-0.0009900000000000009,-0.00026490289509368176,-0.00020250000000000015,0.0,0.0,0.0,0.0,0.0,0.0,0.0,0.05578424856374123,0.0,0.0,0.0,0.04462739885099314,0.035018176482979245,0.009609222368013785,0.030462416842270343,-0.011619133623042907,0.044489600330708194,-0.002904783405760727,0.03336720024803115,0.0021932162762322792,0.0021932162762322792,0.0011547434482723487,0.46330442222634377,0.14303601626438156,0.04822856219535834,0.0,0.0,0.018227711352885544,0.0,0.0,0.0,0.03687272060372415,0.0,0.033,0.109,-0.009050453464604086,-0.007040844485163689,-0.0020096089794403977,0.3667084864237242,0.3309532403945923,0.035755246029131944,0.8393672108650208,0.1781935691833496,2169,9023,0,0.015397452004253864,0.5232497586144341,0.01,0.37800049781799316,0.7916399240493774,0.65465247631073,0.7920868396759033,3.5300896167755127,0.0347936786711216,0.2702833116054535,0.5254349708557129,0.0020051566086800045,0.022143784248166615,0.19205404710438517,31,8,11192,2169,9023,0.06383617324176742,0.818033444837692,435.3298379174005,rolling40_success_then_profit,0.8235443721591924,433.7492176919791,40,True,0.8330227139582493,431.4081628267498,False,cuda,135.3193359375
242,283,200,True,294,294,1125,787,338,39,299,0.30044444444444446,0.034666666666666665,0.2657777777777778,0.5222363405336722,1.8602287166454892,0.7837511388326994,13.416906919079482,27.973457095545765,0.4490788966590604,0.4986049167272248,0.028641221105219297,0.14817298064540876,0.023429172393999605,0.2078885780020204,0.49997077020786923,0.015465578842988614,0.18633633661243634,0.04150951585911091,0.15313976774704577,-0.0013658534806444411,0.013175642262230683,-0.03816335596702758,-0.018080343465111306,0.054748810254974634,10.873777777777779,10.873777777777779,8.445333333333334,0.4666666666666667,0.10767021750510118,0.3128323210835118,0.04584279608292062,-0.09241280158876981,0.042267111194235554,276,18,0.9387755102040817,0.061224489795918366,0,0.0,0,18,1.0,-5.168015859422748,-5.631184613481159,0.46316875405841296,11.579218851460316,0.46316875405841296,0.0,0.0,0.0,0.0,18,82.30728992949975,0.0,138,24,16,88,0,18,6.540816326530612,6.540816326530612,1.5173333333333334,94.47968139231259,55.15292337962244,-5.418491833891302,81.05520425108655,0.9373394213592241,149.63260477193504,0.04723984069615629,0.027576461689811222,0.07481630238596752,0.8085106382978723,0.76,228,159,69,54,0,156,90.10514051484334,90.10514051484334,104,52,47,109,31.199999999999953,72.08411241187467,103.28411241187474,0.5775970545823291,30,26,24,24,18.207812477842488,0.0,18.207812477842488,0.0,1.0,0,32,0,5.5285896200750075,0,0,31,0.0,-20.483789037572798,67,0,299,39,0,39,299,23,0,4376.5750199055,437.65750199055003,8657.161972183207,865.7161972183206,391.23938228761415,39.12393822876142,5510.679995876432,551.0679995876433,5625.0,562.5,0,0,0.05164205620593739,0.0,0.05164205620593739,0.05164205620593739,0.0,0.0,0.12,-0.0011999999999999964,-0.0009600000000000008,0.0,0.04505257025742166,0.04694205620593734,0.0,2.0814572918247958,0.0481426964295476,0.0120356741073869,0.00709474662812037,0.036459765494875625,-7.291953098975126e-05,0.06638792078751306,0.16124503454295191,-0.10220957125912317,0.00217571799421803,0.0,-0.012851821508885702,-0.0008867707201290498,-0.0005850000000000005,-0.00019177072012904975,-0.00011000000000000007,0.0,0.0,0.0,0.0,0.0,0.0,0.0,0.06240481078233439,0.0,0.0,0.0,0.04992384862586757,0.041313644964749804,0.00861020366111775,0.03781835620859761,-0.010836983667782605,0.0540368028340577,-0.0027092459169456512,0.04052760212554327,0.00217571799421803,0.00217571799421803,0.001286115596331657,0.456516284309535,0.12458720868168131,0.03287966148093013,0.0,0.0,0.03296757344979724,0.0,0.0,0.0,0.04694205620593734,0.0,0.0195,0.1495,-0.009050453464604086,-0.007040844485163689,-0.0020096089794403977,0.3667084864237242,0.3309532403945923,0.035755246029131944,0.8393672108650208,0.1781935691833496,2169,9023,0,0.015397452004253864,0.5232497586144341,0.01,0.37800049781799316,0.7916399240493774,0.65465247631073,0.7920868396759033,3.5300896167755127,0.0347936786711216,0.2702833116054535,0.5254349708557129,0.0020051566086800045,0.022143784248166615,0.19205404710438517,31,8,11192,2169,9023,0.06383617324176742,0.818033444837692,435.3298379174005,rolling40_success_then_profit,0.8235443721591924,433.7492176919791,40,True,0.8330227139582493,431.4081628267498,False,cuda,135.3193359375
243,284,200,True,241,241,1166,956,210,74,136,0.18010291595197256,0.0634648370497427,0.11663807890222985,0.5784518828451883,1.707112970711297,0.784227741266519,13.527965288281939,26.250213847916463,0.4133556855446525,0.45399834131471284,0.016069296739652565,0.17385630933645815,0.03831699082801298,0.20060753344000945,0.4571571810849042,0.008591064530576746,0.21269461291230374,0.06343884606992779,0.14622980983592726,-0.0031588397701913795,0.007478232209075819,-0.038838303575845584,-0.025121855241914813,0.05437772360408219,10.327615780445969,10.327615780445969,7.57032590051458,0.49656946826758147,0.09973352958640591,0.08459179010925107,0.10694833622143331,-0.08612486501583398,-0.026348580952851832,224,17,0.9294605809128631,0.07053941908713693,0,0.0,0,17,1.0,-6.202773723329431,-6.691120839491483,0.48834711616205256,12.20867790405131,0.48834711616205256,0.0,0.0,0.0,0.0,17,61.91874015977544,0.0,123,36,18,36,1,17,7.921161825726141,7.921161825726141,1.4562607204116638,71.7887469871322,32.939330632655,-6.205839245939302,58.33186412770023,0.9038416472614351,104.7280776197872,0.0358943734935661,0.0164696653163275,0.0523640388098936,0.8120567375886525,0.7633333333333333,229,149,80,53,0,145,62.40030230170764,61.498031499649116,76,69,67,78,28.99999999999996,49.92024184136611,78.92024184136619,0.43034691242556994,27,23,26,26,17.05483933253861,0.0,17.05483933253861,0.0,1.0,0,31,0,4.850594174131915,0,0,27,0.0,-19.18669424910593,79,0,136,74,0,74,136,19,0,4184.265640233643,418.42656402336434,8344.781420275916,834.4781420275916,419.8008622218737,41.98008622218737,5269.06786731845,526.906786731845,5830.0,583.0,0,0,0.039460120920683114,0.0,0.039460120920683114,0.039460120920683114,0.0,0.0,0.13,-0.0012999999999999943,-0.0010400000000000008,0.0,0.03120015115085383,0.032299212599859656,0.0,1.9649302327520881,0.04539802644810575,0.011349506612026437,0.0065886968186071706,0.059509383923802006,-0.00011901876784760401,0.06194103671511348,0.19344099470038104,-0.1255129131829749,0.002365849656728997,0.0,-0.01436974673596004,-0.0016659222245002652,-0.00111,-0.000345922224500265,-0.00021000000000000017,0.0,0.0,0.0,0.0,0.0,0.0,0.0,0.04939060876486186,0.0,0.0,0.0,0.03951248701188953,0.03156809673654636,0.007944390275343115,0.02606301244088048,-0.012411678491878604,0.0388879094184668,-0.003102919622969651,0.029165932063850115,0.002365849656728997,0.002365849656728997,0.0013372802285104993,0.4671524139794465,0.15214147688375848,0.053735889313227564,0.0,0.0,0.021663317922030405,0.0,0.0,0.0,0.032299212599859656,0.0,0.037,0.068,-0.009050453464604086,-0.007040844485163689,-0.0020096089794403977,0.3667084864237242,0.3309532403945923,0.035755246029131944,0.8393672108650208,0.1781935691833496,2169,9023,0,0.015397452004253864,0.5232497586144341,0.01,0.37800049781799316,0.7916399240493774,0.65465247631073,0.7920868396759033,3.5300896167755127,0.0347936786711216,0.2702833116054535,0.5254349708557129,0.0020051566086800045,0.022143784248166615,0.19205404710438517,31,8,11192,2169,9023,0.06383617324176742,0.818033444837692,435.3298379174005,rolling40_success_then_profit,0.8235443721591924,433.7492176919791,40,True,0.8330227139582493,431.4081628267498,False,cuda,135.3193359375
244,285,200,True,256,256,1211,891,320,102,218,0.26424442609413706,0.08422791081750619,0.18001651527663087,0.6004489337822672,1.6565656565656566,0.7417695467787827,14.257805608070793,27.559999598530943,0.42206509189176566,0.42322666682177523,0.00920795294739448,0.13471343124956395,0.06515484664371754,0.18701334473468972,0.4295971020303591,0.00474744327533593,0.16064355883007297,0.10020518341748719,0.13972949112664101,-0.00637043520858388,0.004460509672058551,-0.025930127580509027,-0.03505033677376965,0.04728385360804871,8.811725846407928,8.811725846407928,6.463253509496284,0.3922378199834847,0.06305780584748001,0.21700863694210887,0.049441346646759074,-0.09526289316599754,-0.05096355254830689,240,16,0.9375,0.0625,0,0.0,0,16,1.0,-7.467671516763691,-7.887435939759013,0.41976442299532146,10.494110574883033,0.41976442299532146,0.0,0.0,0.0,0.0,16,51.48805843375872,0.0,108,40,18,61,3,16,7.44140625,7.44140625,1.4037985136251032,59.539269629163805,29.631585232572917,-6.797065538020617,50.863125055994786,0.8821185731785269,89.17085486173673,0.0297696348145819,0.014815792616286459,0.044585427430868366,0.8339350180505415,0.77,231,135,96,46,0,130,53.52740908435914,52.70009130274798,61,69,63,67,25.999999999999968,42.8219272674873,68.82192726748735,0.41174930064891646,25,21,21,21,14.830643809245553,2.0,12.830643809245553,0.0,1.0,2,24,0,5.571355141279843,0,1,22,-2.4000000000000004,-14.434474285401242,94,0,218,102,0,102,218,20,0,3983.594809546555,398.3594809546555,7849.105065369143,784.9105065369142,405.4064853251043,40.54064853251043,5014.861641404169,501.4861641404169,6060.0,606.0,0,0,0.03441096363374369,0.0,0.03441096363374369,0.03441096363374369,0.0,0.0,0.105,-0.0010499999999999995,-0.0008400000000000007,0.0,0.02676370454217957,0.027680036521099186,0.0,1.849222599028319,0.0430545541728534,0.01076363854321335,0.006228713516230653,0.06216842405391819,-0.00012433684810783638,0.055808528724645354,0.17745695616446028,-0.1138975864560734,0.0021175939472534134,0.0,-0.013674908964146217,-0.002269104362393706,-0.0015299999999999973,-0.000404104362393706,-0.00033500000000000023,0.0,0.0,0.0,0.0,0.0,0.0,0.0,0.044000265328849174,0.0,0.0,0.0,0.035200212263079365,0.02752877090699488,0.007671441356084418,0.022033029758987053,-0.013594131076041235,0.03390875003732984,-0.0033985327690103087,0.025431562527997394,0.0021175939472534134,0.0021175939472534134,0.0008782740168025087,0.41788868539411855,0.12372810781553314,0.07934447476680002,0.0,0.0,0.015696562555200667,0.0,0.0,0.0,0.027680036521099186,0.0,0.051,0.109,-0.009050453464604086,-0.007040844485163689,-0.0020096089794403977,0.3667084864237242,0.3309532403945923,0.035755246029131944,0.8393672108650208,0.1781935691833496,2169,9023,0,0.015397452004253864,0.5232497586144341,0.01,0.37800049781799316,0.7916399240493774,0.65465247631073,0.7920868396759033,3.5300896167755127,0.0347936786711216,0.2702833116054535,0.5254349708557129,0.0020051566086800045,0.022143784248166615,0.19205404710438517,31,8,11192,2169,9023,0.06383617324176742,0.818033444837692,435.3298379174005,rolling40_success_then_profit,0.8235443721591924,433.7492176919791,40,True,0.8330227139582493,431.4081628267498,False,cuda,135.3193359375
245,286,200,True,267,267,1200,866,334,81,253,0.2783333333333333,0.0675,0.21083333333333334,0.5011547344110855,1.792147806004619,0.7389886429313974,14.553715747718723,25.386465899355915,0.4337469880511085,0.43813532539245437,0.01443925185890451,0.09781157943327626,0.04474181877277086,0.1938175124656108,0.442487290460298,0.007492632467480372,0.1267845972976701,0.08669007800486665,0.14374528489103564,-0.004351965067843633,0.006946619391424138,-0.028973017864393852,-0.041948259232095796,0.05007222757457516,8.494166666666667,8.494166666666667,6.028333333333333,0.4058333333333333,0.13789514443617795,0.288070267218461,0.07713371604420555,-0.046664558430681465,-0.006220202731147816,251,16,0.9400749063670412,0.0599250936329588,1,0.003745318352059925,0,16,1.0,-7.2257216878431585,-7.439823416322466,0.21410172847930856,10.95254321198271,0.43810172847930856,-0.08,-0.024,-0.12,0.0,15,59.60360691104171,0.0,115,38,18,70,0,16,7.217228464419476,7.217228464419476,1.4416666666666667,69.33521522897149,31.024900313284277,-6.283598615159371,57.25373437349809,0.9011038342405542,100.36011554225577,0.03466760761448574,0.015512450156642139,0.050180057771127884,0.8491228070175438,0.8066666666666666,242,141,101,43,0,138,60.718625340428915,59.880635798502674,74,64,60,78,27.59999999999997,48.574900272343115,76.17490027234317,0.43999003869876024,30,23,13,13,17.729098173381715,0.0,17.729098173381715,0.0,1.0,0,31,0,5.788553384397075,0,1,28,0.0,-19.945235445054436,101,0,253,81,0,81,253,27,0,4120.684045712173,412.06840457121734,7861.034449141523,786.1034449141523,398.6864732530146,39.86864732530146,5189.814092147705,518.9814092147706,6000.0,600.0,0,0,0.038087450136171624,0.0,0.038087450136171624,0.038087450136171624,0.0,0.0,0.065,-0.0006500000000000005,-0.0005200000000000004,0.0,0.030359312670214453,0.031652254319401066,0.0,1.9681391332708977,0.04532646553347775,0.011331616383369438,0.00651690192959766,0.08164256488065777,-0.00016328512976131556,0.05911154358564282,0.16919663871368226,-0.0889443243592888,0.002233191916226826,0.0,-0.01365908697270849,-0.0017949691246041128,-0.0012149999999999995,-0.00032246912460411276,-0.0002575000000000002,0.0,0.0,0.0,0.0,0.0,0.0,0.0,0.04860578138977966,0.0,0.0,0.0,0.038884625111823744,0.030469960108937183,0.00841466500288652,0.025485067879169328,-0.012567197230318742,0.03816915624899873,-0.0031417993075796855,0.028626867186749047,0.002233191916226826,0.002233191916226826,0.0010800490844994775,0.44016106837837987,0.10034693794132989,0.07024380799467726,0.0,0.0,0.020996395471790448,0.0,0.0,0.0,0.031652254319401066,0.0,0.0405,0.1265,-0.009050453464604086,-0.007040844485163689,-0.0020096089794403977,0.3667084864237242,0.3309532403945923,0.035755246029131944,0.8393672108650208,0.1781935691833496,2169,9023,0,0.015397452004253864,0.5232497586144341,0.01,0.37800049781799316,0.7916399240493774,0.65465247631073,0.7920868396759033,3.5300896167755127,0.0347936786711216,0.2702833116054535,0.5254349708557129,0.0020051566086800045,0.022143784248166615,0.19205404710438517,31,8,11192,2169,9023,0.06383617324176742,0.818033444837692,435.3298379174005,rolling40_success_then_profit,0.8235443721591924,433.7492176919791,40,True,0.8330227139582493,431.4081628267498,False,cuda,135.3193359375
246,287,200,True,280,280,1045,761,284,47,237,0.27177033492822966,0.044976076555023926,0.22679425837320574,0.5387647831800263,1.7437582128777924,0.7726259654517555,13.851489516971302,28.55282124520601,0.4593184282103994,0.4718977403233462,0.030198107469880785,0.12905141471612233,0.01919448942939767,0.2066834804953202,0.4727176726256031,0.018180666723913965,0.17119955763088615,0.035255911768751855,0.15289371841771923,-0.0008199323022569094,0.01201744074596682,-0.04214814291476382,-0.016061422339354186,0.05378976207760097,9.589473684210526,9.589473684210526,7.0832535885167465,0.45550239234449763,0.0885061282288272,0.19056051796399118,0.028036620866780916,-0.1341546973669817,0.011111763234161765,260,20,0.9285714285714286,0.07142857142857142,0,0.0,0,20,1.0,-3.9423947121465748,-4.470704981237648,0.5283102690910759,13.207756727276898,0.5283102690910759,0.0,0.0,0.0,0.0,20,91.4808458099137,0.0,148,19,15,67,1,20,6.864285714285714,6.864285714285714,1.613397129186603,106.9341079598947,58.19211117993258,-4.886183261726474,91.39868750718905,0.9492528449931313,165.1262191398273,0.05346705397994735,0.02909605558996629,0.08256310956991365,0.7922535211267606,0.75,225,167,58,59,0,164,102.18882157799014,102.18882157799014,121,43,42,122,32.79999999999997,81.75105726239208,114.55105726239218,0.6231025705975008,37,29,22,22,25.173682724915526,0.0,25.173682724915526,0.0,1.0,0,44,0,4.1282339578191305,0,0,41,0.0,-28.320393065529963,58,0,237,47,0,47,237,27,0,4723.684376992838,472.36843769928385,9474.798669860606,947.4798669860605,398.42975970694636,39.84297597069464,5948.564617333671,594.856461733367,5225.0,522.5,0,0,0.057275528631196095,0.0,0.057275528631196095,0.057275528631196095,0.0,0.0,0.11,-0.0010999999999999985,-0.0008800000000000007,0.0,0.05109441078899508,0.05307552863119605,0.0,2.271519167684398,0.05254417423246074,0.013136043558115184,0.00785692970692996,0.006879009642738623,-1.3758019285477247e-05,0.07013447656207382,0.1437474928575627,-0.07167677690337276,0.002479508701595757,0.0,-0.012710593596417503,-0.0010516077070109313,-0.0007050000000000005,-0.00021410770701093127,-0.00013250000000000008,0.0,0.0,0.0,0.0,0.0,0.0,0.0,0.06929781417002562,0.0,0.0,0.0,0.05543825133602063,0.0458204229049568,0.0096178284310638,0.04325625212273126,-0.009772366523452949,0.060932458338125994,-0.002443091630863237,0.045699343753594523,0.002479508701595757,0.002479508701595757,0.0013921145082513497,0.4536229554950137,0.11339146249161895,0.038822364494642526,0.0,0.0,0.033448188508971084,0.0,0.0,0.0,0.05307552863119605,0.0,0.0235,0.1185,-0.009050453464604086,-0.007040844485163689,-0.0020096089794403977,0.3667084864237242,0.3309532403945923,0.035755246029131944,0.8393672108650208,0.1781935691833496,2169,9023,0,0.015397452004253864,0.5232497586144341,0.01,0.37800049781799316,0.7916399240493774,0.65465247631073,0.7920868396759033,3.5300896167755127,0.0347936786711216,0.2702833116054535,0.5254349708557129,0.0020051566086800045,0.022143784248166615,0.19205404710438517,31,8,11192,2169,9023,0.06383617324176742,0.818033444837692,435.3298379174005,rolling40_success_then_profit,0.8235443721591924,433.7492176919791,40,True,0.8330227139582493,431.4081628267498,False,cuda,135.3193359375
247,288,200,True,289,289,1072,769,303,54,249,0.2826492537313433,0.05037313432835821,0.23227611940298507,0.48764629388816644,1.9128738621586476,0.7751887355033691,13.743100194844219,29.218311259588432,0.4510621167240608,0.5201331684159984,0.026080904036799083,0.16558044726908283,0.021564335822671536,0.217082915418286,0.5173482295944415,0.013852818259879733,0.20554476021577076,0.0406347237241555,0.156257397961477,0.002784938821556948,0.01222808577691935,-0.039964312946687924,-0.01907038790148396,0.060825517456809,13.090485074626866,13.090485074626866,10.440298507462687,0.5121268656716418,0.03768244292432335,0.36132128195040486,0.032130614538229976,-0.09990768220510234,-0.022852685661332292,268,21,0.9273356401384083,0.0726643598615917,1,0.0034602076124567475,0,21,1.0,-5.137352563941752,-5.446243997812272,0.3088914338705194,13.210910200842347,0.528436408033694,-0.08,-0.012,-0.12,-0.007544974163174629,20,87.38481871061391,0.0,145,24,17,72,0,21,6.71280276816609,6.71280276816609,1.587686567164179,101.15375855091183,48.40137542436301,-5.6844982466067036,85.42495510228714,0.9376080303671834,149.55513397527483,0.05057687927545591,0.024200687712181507,0.07477756698763742,0.7615658362989324,0.7133333333333334,214,166,48,67,0,164,96.03877923533425,96.03877923533425,107,57,56,108,32.79999999999998,76.83102338826734,109.63102338826744,0.5856023124105747,43,33,24,24,27.85696127228217,0.0,27.85696127228217,0.0,1.0,0,52,0,4.5797200873482105,0,2,42,0.0,-31.339081431317457,46,0,249,54,0,54,249,29,0,4546.041411367985,454.60414113679855,9287.027952207627,928.7027952207627,390.7702196935984,39.07702196935984,5725.19385747211,572.519385747211,5360.0,536.0,0,0,0.05481551169413374,0.0,0.05481551169413374,0.05481551169413374,0.0,0.0,0.12,-0.0011999999999999964,-0.0009600000000000008,0.0,0.048019389617667094,0.049215511694133685,0.0,2.231291414385122,0.05198358103241641,0.012995895258104103,0.0077344583740577575,0.01723125272717462,-3.446250545434924e-05,0.07020651754015979,0.16871200325567753,-0.11496243762859917,0.001917158384133915,0.0,-0.012613337005996808,-0.0013504723357023484,-0.0008100000000000006,-0.00039047233570234824,-0.0001500000000000001,0.0,0.0,0.0,0.0,0.0,0.0,0.0,0.06657694444678344,0.0,0.0,0.0,0.053261555557426746,0.04385240935530686,0.009409146202119863,0.03987022842784023,-0.011368996493213407,0.05694997006819145,-0.0028422491233033517,0.042712477551143574,0.001917158384133915,0.001917158384133915,0.0013458255894233792,0.47871434024920956,0.13991499482367262,0.04539788302694062,0.0,0.0,0.029369544473459516,0.0,0.0,0.0,0.049215511694133685,0.0,0.027,0.1245,-0.009050453464604086,-0.007040844485163689,-0.0020096089794403977,0.3667084864237242,0.3309532403945923,0.035755246029131944,0.8393672108650208,0.1781935691833496,2169,9023,0,0.015397452004253864,0.5232497586144341,0.01,0.37800049781799316,0.7916399240493774,0.65465247631073,0.7920868396759033,3.5300896167755127,0.0347936786711216,0.2702833116054535,0.5254349708557129,0.0020051566086800045,0.022143784248166615,0.19205404710438517,31,8,11192,2169,9023,0.06383617324176742,0.818033444837692,435.3298379174005,rolling40_success_then_profit,0.8235443721591924,433.7492176919791,40,True,0.8330227139582493,431.4081628267498,False,cuda,135.3193359375
248,289,200,True,276,276,1139,830,309,66,243,0.2712906057945566,0.05794556628621598,0.21334503950834066,0.5457831325301205,1.783132530120482,0.7724654138626823,13.810676714885666,28.97723206612001,0.42932719083906834,0.4736474296594241,0.02062146639428943,0.1562905693808234,0.02736026533228536,0.21717820282442024,0.47517559228532286,0.010876620071659605,0.1909181067798601,0.050421388940016056,0.1566701936546758,-0.0015281626258987768,0.009744846322629824,-0.034627537399036706,-0.023061123607730695,0.06050800916974444,9.969271290605795,9.969271290605795,7.444249341527656,0.4679543459174715,0.07368522208691698,0.3564609668749388,0.07242676801768219,-0.08277903181367831,-0.05772086907433663,258,18,0.9347826086956522,0.06521739130434782,0,0.0,0,18,1.0,-6.114347631273583,-6.607581828385587,0.4932341971120048,12.330854927800116,0.4932341971120048,0.0,0.0,0.0,0.0,18,70.08927925113714,0.0,130,33,16,69,0,18,7.021739130434782,7.021739130434782,1.5021949078138719,80.87771220684621,43.53191250557015,-5.933884973575075,67.45311759595754,0.9191425625000442,124.40962471241636,0.040438856103423106,0.021765956252785074,0.06220481235620818,0.7963636363636364,0.73,219,153,66,56,0,151,73.01449882990175,73.01449882990175,86,65,63,88,30.199999999999953,58.41159906392141,88.61159906392149,0.48353972735034273,28,25,28,28,15.988728992722063,0.0,15.988728992722063,0.0,1.0,0,30,0,6.213686947651191,0,0,29,0.0,-17.98732011681233,66,0,243,66,0,66,243,25,0,4310.412851592344,431.0412851592344,8632.237367171358,863.2237367171358,388.2598311804058,38.82598311804058,5428.1055824788555,542.8105582478855,5695.0,569.5,0,0,0.04430579953196077,0.0,0.04430579953196077,0.04430579953196077,0.0,0.0,0.14,-0.0013999999999999943,-0.0011200000000000008,0.0,0.03650724941495088,0.03800579953196071,0.0,2.097472320117351,0.04812013791169403,0.012030034477923508,0.006962945532010994,0.07789830552967834,-0.0001557966110593567,0.06474704571309034,0.1706477220700959,-0.09870025731362228,0.0018070857142969507,0.0,-0.01295787523681023,-0.0015981465669644968,-0.0009900000000000009,-0.0003981465669644963,-0.00021000000000000017,0.0,0.0,0.0,0.0,0.0,0.0,0.0,0.054780037398824866,0.0,0.0,0.0,0.04382402991905981,0.0354446396255685,0.00837939029349138,0.030759616311191257,-0.01186776994715015,0.04496874506397171,-0.0029669424867875376,0.03372655879797877,0.0018070857142969507,0.0018070857142969507,0.0012316609433790028,0.4466987402304493,0.1363469470686276,0.04321672294644954,0.0,0.0,0.02672873103993967,0.0,0.0,0.0,0.03800579953196071,0.0,0.033,0.1215,-0.009050453464604086,-0.007040844485163689,-0.0020096089794403977,0.3667084864237242,0.3309532403945923,0.035755246029131944,0.8393672108650208,0.1781935691833496,2169,9023,0,0.015397452004253864,0.5232497586144341,0.01,0.37800049781799316,0.7916399240493774,0.65465247631073,0.7920868396759033,3.5300896167755127,0.0347936786711216,0.2702833116054535,0.5254349708557129,0.0020051566086800045,0.022143784248166615,0.19205404710438517,31,8,11192,2169,9023,0.06383617324176742,0.818033444837692,435.3298379174005,rolling40_success_then_profit,0.8235443721591924,433.7492176919791,40,True,0.8330227139582493,431.4081628267498,False,cuda,135.3193359375
249,290,200,True,289,289,1038,724,314,49,265,0.302504816955684,0.04720616570327553,0.25529865125240847,0.5870165745856354,1.712707182320442,0.7849415215915738,13.417074622370261,28.04589627329157,0.42795120884113597,0.4514000903382815,0.034359834820690736,0.1405428838607397,0.04947667075989984,0.19820511929989273,0.45686951075881227,0.017390108826822338,0.16813662285576908,0.0777593773959503,0.14705118991805044,-0.0054694204205307795,0.0169697259938684,-0.02759373899502937,-0.028282706636050467,0.051153929381842295,8.11849710982659,8.11849710982659,5.8140655105973025,0.4094412331406551,0.05320320552942689,-0.016300448130143686,0.12932958593424848,-0.09401371489010078,-0.044273318663497506,270,19,0.9342560553633218,0.0657439446366782,0,0.0,0,19,1.0,-4.204691410557588,-4.747913357689975,0.543221947132388,13.580548678309695,0.543221947132388,0.0,0.0,0.0,0.0,19,92.3933700633769,0.0,146,21,18,75,0,19,6.740484429065744,6.740484429065744,1.6435452793834298,108.6775644628435,44.281749711002774,-3.88099751509819,91.43688839572354,0.9592836383432884,152.95931417384628,0.05433878223142175,0.022140874855501386,0.07647965708692314,0.7256317689530686,0.67,201,167,34,76,0,167,103.3646407240264,103.3646407240264,113,54,53,114,33.399999999999956,82.6917125792211,116.0917125792212,0.6189499444552479,55,42,21,21,38.46590326188675,0.0,38.46590326188675,0.0,1.0,0,61,0,3.760263396652258,0,2,48,0.0,-43.27414116962262,34,0,265,49,0,49,265,35,0,4825.393218864395,482.5393218864395,9398.144431413439,939.8144431413439,364.1740644294889,36.41740644294889,6074.668922032748,607.4668922032748,5190.0,519.0,0,0,0.05804585628961061,0.0,0.05804585628961061,0.05804585628961061,0.0,0.0,0.105,-0.0010499999999999995,-0.0008400000000000007,0.0,0.051682320362013194,0.052745856289610545,0.0,2.412696609432198,0.055717718807175125,0.013929429701793781,0.00821206930753849,0.03943803526432737,-7.887607052865474e-05,0.07197287030454441,0.12610986204916957,-0.06322268911202292,0.0031165715512507935,0.0,-0.011266788179290865,-0.001071492067979593,-0.0007350000000000005,-0.0001939920679795932,-0.0001425000000000001,0.0,0.0,0.0,0.0,0.0,0.0,0.0,0.07084640992087557,0.0,0.0,0.0,0.05667712793670061,0.04643668503168837,0.010240442905012154,0.043777945440312674,-0.00776199503019638,0.06095792559714903,-0.001940498757549095,0.04571844419786177,0.0031165715512507935,0.0031165715512507935,0.0015353284216299634,0.44096603538392726,0.1246623659186075,0.06734058136574192,0.0,0.0,0.037252499535608365,0.0,0.0,0.0,0.052745856289610545,0.0,0.0245,0.1325,0.0018966604334612683,0.005143744715799888,-0.0032470842823386194,0.30946128604312734,0.2716241081555684,0.037837177887558936,0.8524289131164551,0.1526566743850708,2279,8904,0,0.01604953402032455,0.4717973510424296,0.01,0.3430815041065216,0.808667004108429,0.6841490268707275,0.8134546279907227,3.4244160652160645,-0.019555946812033653,0.27612391114234924,0.23944295942783356,0.0022567892886905206,0.025333333294838667,0.19521668867932426,32,8,11183,2279,8904,0.058982012400288136,0.8345469030470885,444.39879005378776,rolling40_success_then_profit,0.8189607755335041,438.81048690449535,40,True,0.8330227139582493,431.4081628267498,False,cuda,134.58349609375
250,291,200,True,311,311,1199,729,470,61,409,0.3919933277731443,0.05087572977481234,0.34111759799833197,0.4993141289437586,1.8724279835390947,0.764791823484116,14.095455388146336,28.129127853405656,0.43135741032867886,0.47785571773519897,0.016218007878184483,0.09175636907030199,0.03912312630691728,0.20967134750807154,0.48541293347405146,0.008772395252261632,0.12989286688477086,0.08683966283605975,0.14916422048683275,-0.007557215738852485,0.007445612625922851,-0.03813649781446887,-0.04771653652914247,0.06050712702123878,8.979983319432861,8.979983319432861,6.763135946622185,0.4245204336947456,0.12280219353759785,0.1537110704369541,0.039007378123209514,-0.07972731177848837,-0.028103425662772345,295,16,0.9485530546623794,0.05144694533762058,1,0.003215434083601286,0,16,1.0,-6.327897850763526,-6.364169254302974,0.03627140353944773,9.618510287708757,0.38474041150835037,-0.08,-0.096,-0.12,-0.05246900796890259,15,58.98622720238884,0.0,114,23,20,127,1,16,6.118971061093248,6.118971061093248,1.4186822351959967,68.76890810310032,34.35669596405662,-5.028108206884229,55.997583003751615,0.9176066979802122,103.12560406715693,0.034384454051550155,0.01717834798202831,0.051562802033578464,0.8767605633802817,0.83,249,144,105,35,0,139,59.41726844275057,58.66598000373254,71,68,61,78,27.799999999999972,47.53381475420045,75.3338147542005,0.4274623628974861,23,15,12,12,14.766914518054014,0.0,14.766914518054014,0.0,1.0,0,24,0,4.582879683229815,0,0,20,0.0,-16.61277883281076,103,0,409,61,0,61,409,14,0,4079.102427881888,407.91024278818884,7833.14749632514,783.314749632514,350.27174371952486,35.02717437195248,5138.03562192051,513.803562192051,6005.0,600.5,0,0,0.03766690737710028,0.0,0.03766690737710028,0.03766690737710028,0.0,0.0,0.06,-0.0006000000000000003,-0.00048000000000000034,0.0,0.02970863422137528,0.03116639200149303,0.0,1.88450104255897,0.04274136545605938,0.010685341364014845,0.006165330001008061,0.07311482217149791,-0.00014622964434299581,0.05919420355762662,0.15190283928015097,-0.09429775915825842,0.001907486516331204,0.0,-0.011434892811286693,-0.001395602416714899,-0.0009150000000000007,-0.00029560241671489865,-0.00018500000000000013,0.0,0.0,0.0,0.0,0.0,0.0,0.0,0.047606019096772076,0.0,0.0,0.0,0.03808481527741768,0.03013352590168013,0.007951289375737481,0.025484737398433696,-0.010056216413768458,0.03733172200250108,-0.0025140541034421146,0.027998791501875807,0.001907486516331204,0.001907486516331204,0.0008848424863194422,0.4133648847336514,0.08836256879147505,0.05238512400296273,0.0,0.0,0.01760298089174663,0.0,0.0,0.0,0.03116639200149303,0.0,0.0305,0.2045,0.0018966604334612683,0.005143744715799888,-0.0032470842823386194,0.30946128604312734,0.2716241081555684,0.037837177887558936,0.8524289131164551,0.1526566743850708,2279,8904,0,0.01604953402032455,0.4717973510424296,0.01,0.3430815041065216,0.808667004108429,0.6841490268707275,0.8134546279907227,3.4244160652160645,-0.019555946812033653,0.27612391114234924,0.23944295942783356,0.0022567892886905206,0.025333333294838667,0.19521668867932426,32,8,11183,2279,8904,0.058982012400288136,0.8345469030470885,444.39879005378776,rolling40_success_then_profit,0.8189607755335041,438.81048690449535,40,True,0.8330227139582493,431.4081628267498,False,cuda,134.58349609375
251,292,200,True,293,293,1177,771,406,66,340,0.3449447748513169,0.056074766355140186,0.2888700084961767,0.5278858625162127,1.7989623865110247,0.763714685398317,13.988198171484486,28.965400784975824,0.45605703443369017,0.47629270819529174,0.01407697654767723,0.08606616689807865,0.07014529647767041,0.19842852678406023,0.486528815269161,0.007382256248253174,0.12230484579459085,0.11133675353876986,0.1440830366920327,-0.010236107073869238,0.006694720299424055,-0.036238678896512194,-0.041191457061099446,0.05434549009202752,9.258283772302464,9.258283772302464,6.902293967714528,0.46559048428207306,0.11281803568834796,0.2254077918992807,0.018871742813506877,-0.05257255717631144,-0.09742811841120178,275,18,0.9385665529010239,0.06143344709897611,2,0.006825938566552901,0,18,1.0,-6.651312033445627,-6.612091413736337,-0.03922061970928975,11.381142351080655,0.4552456940432262,-0.16,-0.132,-0.2024663137525159,0.0,16,57.80625337270617,0.0,127,29,12,98,0,17,6.610921501706485,6.610921501706485,1.465590484282073,67.77683067518672,31.204308250282164,-6.055950622380036,53.72467446073935,0.8986971010430251,98.98113892546888,0.03388841533759336,0.015602154125141082,0.04949056946273444,0.8647686832740213,0.81,243,147,96,38,0,143,55.572270894853375,55.572270894853375,66,77,72,71,28.599999999999962,44.45781671588268,73.05781671588277,0.38861727898498866,24,19,14,14,14.63503607829079,0.0,14.63503607829079,0.0,1.0,0,25,0,5.210694426474299,0,0,21,0.0,-16.464415588077138,94,0,340,66,0,66,340,18,0,4108.203266758201,410.82032667582007,8357.333704480181,835.7333704480181,381.8830399521812,38.18830399521812,5174.7519411913545,517.4751941191355,5885.0,588.5,0,0,0.03652890835794142,0.0,0.03652890835794142,0.03652890835794142,0.0,0.0,0.07,-0.0007000000000000005,-0.0005600000000000004,0.0,0.02778613544742669,0.02932890835794137,0.0,1.9368863371913616,0.04481291047215897,0.011203227618039742,0.006487541282551548,0.06727339154292275,-0.0001345467830858455,0.061159658913470354,0.16056006316801721,-0.09780905249412662,0.0018882138594706608,0.0,-0.012786180840089005,-0.001461246058340339,-0.0009900000000000009,-0.0002737460583403388,-0.00019750000000000014,0.0,0.0,0.0,0.0,0.0,0.0,0.0,0.04689758919289515,0.0,0.0,0.0,0.03751807135431619,0.029223126686353008,0.008294944667963145,0.02383436191917966,-0.012111901244760071,0.03581644964049289,-0.003027975311190018,0.026862337230369675,0.0018882138594706608,0.0018882138594706608,0.0009335798868288595,0.4218161909588,0.0888018172634908,0.0694705693585928,0.0,0.0,0.018096294724611238,0.0,0.0,0.0,0.02932890835794137,0.0,0.033,0.17,0.0018966604334612683,0.005143744715799888,-0.0032470842823386194,0.30946128604312734,0.2716241081555684,0.037837177887558936,0.8524289131164551,0.1526566743850708,2279,8904,0,0.01604953402032455,0.4717973510424296,0.01,0.3430815041065216,0.808667004108429,0.6841490268707275,0.8134546279907227,3.4244160652160645,-0.019555946812033653,0.27612391114234924,0.23944295942783356,0.0022567892886905206,0.025333333294838667,0.19521668867932426,32,8,11183,2279,8904,0.058982012400288136,0.8345469030470885,444.39879005378776,rolling40_success_then_profit,0.8189607755335041,438.81048690449535,40,True,0.8330227139582493,431.4081628267498,False,cuda,134.58349609375
252,293,200,True,273,273,1112,803,309,48,261,0.2778776978417266,0.04316546762589928,0.23471223021582735,0.5616438356164384,1.729763387297634,0.7798117395133188,13.727745722417962,29.769060227820468,0.4133979344769795,0.45985865566976936,0.020850111397533014,0.12120552335031896,0.0566532802889831,0.20623401596975208,0.4639552043725366,0.010318298226832452,0.14911803691317402,0.0896754203802659,0.1495139523551963,-0.0040965487027672665,0.010531813170700562,-0.027912513562855054,-0.03302214009128279,0.05672006361455578,9.788669064748202,9.788669064748202,7.381294964028777,0.44154676258992803,0.04389560913328091,0.38147490570108467,0.07511812119329277,-0.04787111839467512,-0.08116537285271429,252,21,0.9230769230769231,0.07692307692307693,2,0.007326007326007326,0,21,1.0,-5.07835488072121,-5.1383708702027775,0.060015989481567694,13.300399737039191,0.5320159894815677,-0.16,-0.07200000000000001,-0.24,0.0,19,62.70111307640055,0.0,129,23,17,74,0,20,7.062271062271062,7.062271062271062,1.5197841726618706,76.66988488276769,36.97906285783814,-5.008645778732632,59.829965245081105,0.9227521117487685,113.64894774060582,0.03833494244138384,0.018489531428919067,0.05682447387030291,0.8556338028169014,0.81,243,153,90,41,0,151,61.470489181875855,61.470489181875855,72,79,71,80,30.199999999999957,49.17639134550066,79.3763913455007,0.4070893323303037,29,23,12,12,15.859783652009176,0.0,15.859783652009176,0.0,1.0,0,31,0,6.6394617704227725,0,1,28,0.0,-17.842256608510326,87,0,261,48,0,48,261,26,0,4434.925738833361,443.4925738833361,9068.495312683877,906.8495312683878,361.81570649947344,36.181570649947346,5582.63627400829,558.2636274008289,5560.0,556.0,0,0,0.0396881956727504,0.0,0.0396881956727504,0.0396881956727504,0.0,0.0,0.06,-0.0006000000000000004,-0.0004800000000000004,0.0,0.030735244590937925,0.03258819567275034,0.0,2.168646251353764,0.05060745136345419,0.012651862840863547,0.0072984478239704045,0.08370433071667126,-0.00016740866143334255,0.06516286163124485,0.15482677257857336,-0.10648034685319442,0.0021274771362899294,0.0,-0.012071219683315678,-0.0011374798956628536,-0.0007200000000000005,-0.00027997989566285364,-0.0001375000000000001,0.0,0.0,0.0,0.0,0.0,0.0,0.0,0.0515726498521805,0.0,0.0,0.0,0.04125811988174448,0.03175055653820019,0.009507563343544188,0.02741065973317427,-0.010017291557465264,0.039886643496720754,-0.002504322889366316,0.029914982622540554,0.0021274771362899294,0.0021274771362899294,0.0012662732174123338,0.44540081333618625,0.11691921661009264,0.06646239796177596,0.0,0.0,0.014702539688907019,0.0,0.0,0.0,0.03258819567275034,0.0,0.024,0.1305,0.0018966604334612683,0.005143744715799888,-0.0032470842823386194,0.30946128604312734,0.2716241081555684,0.037837177887558936,0.8524289131164551,0.1526566743850708,2279,8904,0,0.01604953402032455,0.4717973510424296,0.01,0.3430815041065216,0.808667004108429,0.6841490268707275,0.8134546279907227,3.4244160652160645,-0.019555946812033653,0.27612391114234924,0.23944295942783356,0.0022567892886905206,0.025333333294838667,0.19521668867932426,32,8,11183,2279,8904,0.058982012400288136,0.8345469030470885,444.39879005378776,rolling40_success_then_profit,0.8189607755335041,438.81048690449535,40,True,0.8330227139582493,431.4081628267498,False,cuda,134.58349609375
253,294,200,True,294,294,1133,787,346,49,297,0.3053839364518976,0.04324801412180053,0.2621359223300971,0.5095298602287166,1.8259212198221093,0.7584993975968343,14.055221506722242,29.422239163002942,0.43000152847977985,0.48372493864166083,0.01590049219479858,0.11519944830176336,0.06007279110646403,0.21204983917558434,0.4926551845696254,0.008187536722974523,0.1555715733275215,0.08969368901754005,0.15335134993836264,-0.008930245927964597,0.007712955471824056,-0.04037212502575814,-0.029620897911076013,0.05869848923722171,10.559576345984112,10.559576345984112,8.158870255957634,0.4642541924095322,0.16191659709684378,0.21302772206408677,0.06302749844674783,-0.10935472701540896,-0.03881916957949094,275,19,0.935374149659864,0.06462585034013606,0,0.0,0,19,1.0,-6.895116332004916,-7.381683703958984,0.48656737195406674,12.164184298851668,0.48656737195406674,0.0,0.0,0.0,0.0,19,58.85944921305704,0.0,126,29,16,88,6,19,6.595238095238095,6.595238095238095,1.5189761694616064,70.21249921482202,34.659222619302966,-5.717186721219089,55.69961368279191,0.9069116807842418,104.87172183412498,0.03510624960741101,0.017329611309651483,0.05243586091706249,0.8697183098591549,0.8233333333333334,247,147,100,37,0,145,57.41276654631343,56.46788939540162,67,78,70,75,28.99999999999996,45.930213237050744,74.93021323705078,0.3959501141125064,23,16,14,14,13.620626082017669,0.0,13.620626082017669,0.0,1.0,0,27,0,5.583001220590966,0,1,24,0.0,-15.32320434226988,100,0,297,49,0,49,297,22,0,4293.724532654123,429.37245326541233,8764.71312466931,876.471312466931,370.0855393719847,37.00855393719847,5405.090033719362,540.5090033719362,5665.0,566.5,0,0,0.037465106618525416,0.0,0.037465106618525416,0.037465106618525416,0.0,0.0,0.07,-0.0007000000000000004,-0.0005600000000000004,0.0,0.028706383273156725,0.029987155758160636,0.0,2.082607030696686,0.04829961824439234,0.012074904561098086,0.007145920030367304,0.027400301245935794,-5.480060249187159e-05,0.06242456451448726,0.16303180822230928,-0.10378641497783764,0.001185740079120867,0.0,-0.012305861924570585,-0.0011686528804811158,-0.0007350000000000005,-0.0002911528804811162,-0.0001425000000000001,0.0,0.0,0.0,0.0,0.0,0.0,0.0,0.04878521057713157,0.0,0.0,0.0,0.03902816846170528,0.02997208529482023,0.00905608316688499,0.02499121348078641,-0.011434373442438178,0.03713307578852793,-0.0028585933606095444,0.027849806841395958,0.001185740079120867,0.001185740079120867,0.0009860928808525197,0.4491532152719344,0.11007699957840732,0.06366258930056852,0.0,0.0,0.01539397864188666,0.0,0.0,0.0,0.029987155758160636,0.0,0.0245,0.1485,0.0018966604334612683,0.005143744715799888,-0.0032470842823386194,0.30946128604312734,0.2716241081555684,0.037837177887558936,0.8524289131164551,0.1526566743850708,2279,8904,0,0.01604953402032455,0.4717973510424296,0.01,0.3430815041065216,0.808667004108429,0.6841490268707275,0.8134546279907227,3.4244160652160645,-0.019555946812033653,0.27612391114234924,0.23944295942783356,0.0022567892886905206,0.025333333294838667,0.19521668867932426,32,8,11183,2279,8904,0.058982012400288136,0.8345469030470885,444.39879005378776,rolling40_success_then_profit,0.8189607755335041,438.81048690449535,40,True,0.8330227139582493,431.4081628267498,False,cuda,134.58349609375
254,295,200,True,273,273,1106,852,254,56,198,0.22965641952983726,0.05063291139240506,0.17902350813743217,0.5223004694835681,1.8251173708920188,0.772724838656299,13.465247665772416,26.607674693645027,0.428114019051852,0.4598450929521115,0.025120948576871218,0.15990588139357842,0.02296826303083922,0.19851608335438398,0.46119418533894935,0.013568413555359756,0.20462621796981129,0.03815811476697533,0.14725451180798838,-0.0013490923868378357,0.011552535021511462,-0.044720336576232866,-0.015189851736136111,0.0512615715463956,9.77124773960217,9.77124773960217,7.097649186256781,0.4674502712477396,0.06250154592681614,0.08190557406518441,0.015245190819516639,-0.10415169292895002,0.026160386390937512,255,18,0.9340659340659341,0.06593406593406594,0,0.0,0,18,1.0,-6.193967912414182,-6.668793202117083,0.47482528970290183,11.870632242572544,0.47482528970290183,0.0,0.0,0.0,0.0,18,70.36629884845033,0.0,135,33,17,58,2,18,7.0366300366300365,7.0366300366300365,1.5406871609403254,82.33707473057403,44.00723061321291,-5.473575218822648,69.10743384208978,0.9266089948668806,126.34430534378694,0.041168537365287014,0.022003615306606456,0.06317215267189347,0.833922261484099,0.7866666666666666,236,158,78,47,0,155,73.57234195070359,73.57234195070359,87,68,62,93,30.999999999999975,58.857873560562865,89.85787356056296,0.47466027064970057,26,18,21,21,18.44589156449261,1.0,17.44589156449261,0.0,1.0,1,27,0,3.468167908068276,0,1,24,-1.2000000000000002,-19.626628010054187,77,0,198,56,0,56,198,13,0,4452.882835093975,445.2882835093975,8765.619134316184,876.5619134316184,404.7738122303277,40.477381223032765,5606.901562101353,560.6901562101353,5530.0,553.0,0,0,0.04492893678028151,0.0,0.04492893678028151,0.04492893678028151,0.0,0.0,0.105,-0.0010499999999999995,-0.0008400000000000007,0.0,0.03678617097535181,0.03872893678028145,0.0,2.132710995105608,0.049545074261945585,0.012386268565486396,0.007342685781111709,0.02415184695010271,-4.830369390020542e-05,0.0662950538525969,0.16770966743538362,-0.09128487685755761,0.0023604692932108077,0.0,-0.013263750700553406,-0.0013364151055251978,-0.0008400000000000007,-0.00028641510552519783,-0.0002100000000000001,0.0,0.0,0.0,0.0,0.0,0.0,0.0,0.05621690165186763,0.0,0.0,0.0,0.04497352132149405,0.03594314942422509,0.009030371897268973,0.031816929311633525,-0.010947150437645296,0.04607162256139315,-0.002736787609411324,0.03455371692104489,0.0023604692932108077,0.0023604692932108077,0.001409634368134043,0.4444093031883128,0.13865401340544967,0.0333487078456655,0.0,0.0,0.029517246959926875,0.0,0.0,0.0,0.03872893678028145,0.0,0.028,0.099,0.0018966604334612683,0.005143744715799888,-0.0032470842823386194,0.30946128604312734,0.2716241081555684,0.037837177887558936,0.8524289131164551,0.1526566743850708,2279,8904,0,0.01604953402032455,0.4717973510424296,0.01,0.3430815041065216,0.808667004108429,0.6841490268707275,0.8134546279907227,3.4244160652160645,-0.019555946812033653,0.27612391114234924,0.23944295942783356,0.0022567892886905206,0.025333333294838667,0.19521668867932426,32,8,11183,2279,8904,0.058982012400288136,0.8345469030470885,444.39879005378776,rolling40_success_then_profit,0.8189607755335041,438.81048690449535,40,True,0.8330227139582493,431.4081628267498,False,cuda,134.58349609375
255,296,200,True,270,270,1038,809,229,42,187,0.220616570327553,0.04046242774566474,0.18015414258188825,0.5290482076637825,1.8133498145859086,0.7921325273913123,13.378041531453174,25.41876851731384,0.4030013402941264,0.47040146852674236,0.02951184969639454,0.14085765109755494,0.03543191201459934,0.21589959324631097,0.47096815486110477,0.017131687087848395,0.17900387561743059,0.05229314378657285,0.15554678791671145,-0.0005666863343624096,0.012380162608546144,-0.03814622451987565,-0.01686123177197351,0.060352805329599524,10.032755298651253,10.032755298651253,7.434489402697495,0.4730250481695568,0.05028952505203214,0.039956788184898,0.03190093852539362,-0.006195100521991884,-0.05715838119427196,250,20,0.9259259259259259,0.07407407407407407,0,0.0,0,20,1.0,-4.614968120777605,-5.18395898260176,0.5689908618241543,14.224771545603854,0.5689908618241544,0.0,0.0,0.0,0.0,20,74.33297923070867,0.0,152,25,12,49,2,20,7.133333333333334,7.133333333333334,1.6127167630057804,88.50938256708527,37.85862805233979,-3.9594266390079493,70.24766473700397,0.9466435543343791,126.36801061942506,0.04425469128354263,0.018929314026169895,0.06318400530971253,0.7722419928825622,0.7233333333333334,217,172,45,64,0,168,76.06693537892546,75.1452800479823,87,81,75,93,33.59999999999997,60.85354830314036,94.45354830314045,0.4527793772555087,38,29,26,26,25.27076448502776,0.0,25.27076448502776,0.0,1.0,0,44,0,4.393046446384577,0,0,40,0.0,-28.42961004565623,45,0,187,42,0,42,187,21,0,4707.020849382586,470.70208493825857,9507.116755109615,950.7116755109615,377.78171706007635,37.77817170600763,5929.5527053442565,592.9552705344256,5190.0,519.0,0,0,0.04722677415157027,0.0,0.04722677415157027,0.04722677415157027,0.0,0.0,0.13,-0.001299999999999994,-0.0010400000000000008,0.0,0.03803346768946274,0.039258112019192916,0.0,2.2418341856403865,0.051751252931111866,0.012937813232777966,0.007573664472143068,0.051603036028291936,-0.00010320607205658387,0.07144332787751548,0.1536048871796413,-0.0855373021774705,0.004078847486527716,0.0,-0.011855566691299934,-0.0009591662969408284,-0.0006300000000000005,-0.00021416629694082852,-0.00011500000000000008,0.0,0.0,0.0,0.0,0.0,0.0,0.0,0.0587613813122915,0.0,0.0,0.0,0.04700910504983325,0.037781419321256046,0.009227685728577127,0.033144119048998014,-0.007918853278015899,0.046831776491335964,-0.0019797133195039746,0.03512383236850199,0.004078847486527716,0.004078847486527716,0.001312206049747766,0.46991984151384003,0.14073353162949775,0.04424180475508902,0.0,0.0,0.03721501996938822,0.0,0.0,0.0,0.039258112019192916,0.0,0.021,0.0935,0.0018966604334612683,0.005143744715799888,-0.0032470842823386194,0.30946128604312734,0.2716241081555684,0.037837177887558936,0.8524289131164551,0.1526566743850708,2279,8904,0,0.01604953402032455,0.4717973510424296,0.01,0.3430815041065216,0.808667004108429,0.6841490268707275,0.8134546279907227,3.4244160652160645,-0.019555946812033653,0.27612391114234924,0.23944295942783356,0.0022567892886905206,0.025333333294838667,0.19521668867932426,32,8,11183,2279,8904,0.058982012400288136,0.8345469030470885,444.39879005378776,rolling40_success_then_profit,0.8189607755335041,438.81048690449535,40,True,0.8330227139582493,431.4081628267498,False,cuda,134.58349609375
256,297,200,True,276,276,1101,773,328,66,262,0.29791099000908267,0.05994550408719346,0.23796548592188918,0.5407503234152652,1.795601552393273,0.7642457388428173,14.083116907660125,28.29648449006858,0.4652416650750277,0.4519294616591576,0.021522836815107995,0.14571728858311225,0.04826164126750395,0.18268625051708456,0.4549490112382413,0.011005147462674593,0.17493643247815183,0.0793208267776486,0.13591804445744102,-0.00301954957908368,0.010517689352433402,-0.029219143895039573,-0.031059185510144645,0.04676820605964355,8.323342415985469,8.323342415985469,5.85921889191644,0.45322434150772023,0.0776018724403465,0.25357377421447597,0.19623231646372485,-0.06271771198813805,-0.06791099142175212,258,18,0.9347826086956522,0.06521739130434782,0,0.0,0,18,1.0,-5.512042471454311,-6.036071460470553,0.5240289890162424,13.10072472540606,0.5240289890162424,0.0,0.0,0.0,0.0,18,62.458539739200816,0.0,126,29,19,74,0,18,7.036231884057971,7.036231884057971,1.5712988192552226,76.47037125683421,40.942784443361134,-6.063065504656396,60.92932443978991,0.9094962053199742,117.41315570019535,0.03823518562841711,0.020471392221680568,0.058706577850097676,0.8776978417266187,0.8133333333333334,244,149,95,34,0,147,61.34146834250128,61.34146834250128,78,69,62,85,29.399999999999963,49.07317467400101,78.47317467400111,0.41728890028912435,22,18,12,12,12.376421770464345,0.0,12.376421770464345,0.0,1.0,0,23,0,6.296003550207813,0,0,19,0.0,-13.923474491772387,94,0,262,66,0,66,262,19,0,4650.650334834492,465.0650334834492,9017.660633466887,901.7660633466887,387.18676101360103,38.7186761013601,5851.564880710919,585.1564880710919,5510.0,551.0,0,0,0.03923658733700056,0.0,0.03923658733700056,0.03923658733700056,0.0,0.0,0.06,-0.0006000000000000003,-0.00048000000000000034,0.0,0.030670734171250644,0.03303658733700051,0.0,2.2730106805603136,0.05117138293896931,0.012792845734742328,0.0075829622895260945,0.025212245781272485,-5.042449156254498e-05,0.06371574789769585,0.14515196270252484,-0.08249449657496669,0.0012160373286742238,0.0,-0.013077520273502735,-0.0014965696310219934,-0.0009900000000000009,-0.00031656963102199307,-0.00019000000000000015,0.0,0.0,0.0,0.0,0.0,0.0,0.0,0.051379008580180255,0.0,0.0,0.0,0.0411032068641442,0.03138926986960033,0.00971393699454383,0.027433129467566774,-0.012126131009312792,0.04061954962652658,-0.003031532752328198,0.030464662219894953,0.0012160373286742238,0.0012160373286742238,0.0012557840618491166,0.4511378662891518,0.1301125116319852,0.06084285573473967,0.0,0.0,0.021106704297057542,0.0,0.0,0.0,0.03303658733700051,0.0,0.033,0.131,0.0018966604334612683,0.005143744715799888,-0.0032470842823386194,0.30946128604312734,0.2716241081555684,0.037837177887558936,0.8524289131164551,0.1526566743850708,2279,8904,0,0.01604953402032455,0.4717973510424296,0.01,0.3430815041065216,0.808667004108429,0.6841490268707275,0.8134546279907227,3.4244160652160645,-0.019555946812033653,0.27612391114234924,0.23944295942783356,0.0022567892886905206,0.025333333294838667,0.19521668867932426,32,8,11183,2279,8904,0.058982012400288136,0.8345469030470885,444.39879005378776,rolling40_success_then_profit,0.8189607755335041,438.81048690449535,40,True,0.8330227139582493,431.4081628267498,False,cuda,134.58349609375
257,298,200,True,275,275,1107,808,299,65,234,0.27009936766034326,0.05871725383920506,0.21138211382113822,0.556930693069307,1.7301980198019802,0.768468505785902,13.632871791867927,28.0895500066183,0.4590031910135289,0.46114103772705145,0.024847488380083355,0.12550931983618158,0.06320523958259013,0.18718335433807778,0.4656529190147867,0.013724963849244437,0.16196891838813773,0.086245114041958,0.14710008616715964,-0.004511881287735275,0.011122524530838918,-0.03645959855195616,-0.02303987445936788,0.040083268170918146,9.071364046973803,9.071364046973803,6.613369467028003,0.4327009936766034,0.1212748145081242,0.04177992900505817,0.0718668096761901,-0.08534552848026439,-0.06454467663796355,257,18,0.9345454545454546,0.06545454545454546,0,0.0,0,18,1.0,-5.405168629805079,-5.861870228648182,0.45670159884310435,11.417539971077604,0.45670159884310435,0.0,0.0,0.0,0.0,18,76.06162365102638,0.0,137,28,16,65,1,18,7.094545454545455,7.094545454545455,1.5672990063233965,90.09878581549566,42.66971253124263,-6.140897494159425,74.60452425114585,0.9239474218918614,132.76849834673828,0.04504939290774783,0.021334856265621316,0.06638424917336914,0.8327526132404182,0.7966666666666666,239,157,82,48,0,156,80.59628695472874,80.59628695472874,93,63,57,99,31.199999999999946,64.47702956378296,95.67702956378301,0.516642865094415,34,26,14,14,22.927923756216757,0.0,22.927923756216757,0.0,1.0,0,37,0,4.09832289897003,0,0,34,0.0,-25.793914225743855,82,0,234,65,0,65,234,24,0,4517.164580570706,451.71645805707055,8798.077912865641,879.8077912865641,405.7627941791318,40.57627941791318,5688.567473200972,568.8567473200972,5535.0,553.5,0,0,0.047838514781891515,0.0,0.047838514781891515,0.047838514781891515,0.0,0.0,0.07,-0.0007000000000000005,-0.0005600000000000004,0.0,0.04029814347736438,0.042138514781891456,0.0,2.228294147624295,0.05159495485714389,0.012898738714285972,0.00759783471887247,0.03864098393226007,-7.728196786452013e-05,0.06713749288291179,0.1550149426978123,-0.09111882247441246,0.0015016620812060258,0.0,-0.013486348310133492,-0.0014299758099507065,-0.0009750000000000007,-0.0002299758099507069,-0.00022500000000000018,0.0,0.0,0.0,0.0,0.0,0.0,0.0,0.059959971528312915,0.0,0.0,0.0,0.04796797722265032,0.03827081182551311,0.009697165397137185,0.03423181337849323,-0.01228179498831885,0.04973634950076394,-0.0030704487470797127,0.03730226212557292,0.0015016620812060258,0.0015016620812060258,0.0012938038044422882,0.4478408676193016,0.1153455447661249,0.06378979516125492,0.0,0.0,0.030353029250270253,0.0,0.0,0.0,0.042138514781891456,0.0,0.0325,0.117,-0.01267633991729882,-0.011600994691252708,-0.0010753452260461119,0.31591487392369244,0.27986771365006763,0.03604716027362479,0.8475492596626282,0.19636386632919312,2217,9096,0,0.014367150701582431,0.4721096459362242,0.01,0.35457098484039307,0.8090053796768188,0.679791271686554,0.8074977993965149,3.3582892417907715,-0.009847595356404781,0.26896148920059204,0.24109497666358948,0.0018301739083755012,0.020860349324842296,0.2102050402098232,33,8,11313,2217,9096,0.05908558501712705,0.8214913051653191,434.929779427261,rolling40_success_then_profit,0.8196796324964721,438.0061257577994,40,True,0.8330227139582493,431.4081628267498,False,cuda,136.275390625
258,299,200,True,301,301,1206,739,467,50,417,0.38723051409618575,0.04145936981757877,0.34577114427860695,0.5751014884979703,1.7388362652232747,0.7369716888512907,14.549760935916307,30.912841375569368,0.4548816925083433,0.47877065651874906,0.020958609011966903,0.09589394487198619,0.03882648199746267,0.21111641633192,0.48483568069012145,0.010659100886066324,0.12809176026454072,0.06388552951691383,0.1540018137776279,-0.006065024171372391,0.010299508125900579,-0.032197815392554535,-0.025059047519451157,0.0571146025542921,9.261194029850746,9.261194029850746,7.2097844112769485,0.38308457711442784,0.09569517694443255,0.23583968170731406,0.023001887989516714,-0.06345363426903748,-0.06733798566713824,284,17,0.9435215946843853,0.05647840531561462,3,0.009966777408637873,0,17,1.0,-7.278141641816195,-6.976345139294855,-0.30179650252133966,11.538264612103063,0.4615305844841226,-0.24,-0.18000000000000002,-0.3162399651015659,-0.02708712190389633,14,61.34868923154312,0.0,109,28,12,126,0,16,6.392026578073089,6.392026578073089,1.4311774461028193,69.32983200938888,34.33406069863287,-5.407376155694602,60.96102305582247,0.918524836820891,103.66389270802175,0.03466491600469444,0.017167030349316433,0.05183194635401087,0.8129496402877698,0.7533333333333333,226,131,95,52,0,125,65.60732692428611,65.60732692428611,78,47,43,82,24.999999999999975,52.48586153942888,77.48586153942894,0.5248586153942889,30,26,22,22,18.861854401328863,0.0,18.861854401328863,0.0,1.0,0,36,0,4.983896224622552,0,0,34,0.0,-21.219586201494973,95,0,417,50,0,50,417,29,0,4066.1831306937406,406.61831306937404,7837.70032825338,783.7700328253379,368.9104224798355,36.89104224798355,5118.256273391401,511.8256273391401,6030.0,603.0,0,0,0.038742930769714495,0.0,0.038742930769714495,0.038742930769714495,0.0,0.0,0.11,-0.0010999999999999985,-0.0008800000000000007,0.0,0.03280366346214306,0.034442930769714455,0.0,1.8611174798500414,0.042757963444550566,0.010689490861137642,0.006197751267500513,0.05871904942447856,-0.00011743809884895712,0.053938070011851455,0.15303730216644915,-0.09550358340672005,0.0013477361247841307,0.0,-0.012223911633256448,-0.001062293507314196,-0.0007500000000000006,-0.0001397935073141961,-0.00017250000000000013,0.0,0.0,0.0,0.0,0.0,0.0,0.0,0.04821498353200311,0.0,0.0,0.0,0.038571986825602464,0.030994344615771503,0.00757764220983099,0.027776823450063957,-0.010814752311389205,0.04064068203721494,-0.002703688077847301,0.030480511527911237,0.0013477361247841307,0.0013477361247841307,0.0010954608324790997,0.4049278563378831,0.09455715312578983,0.0491993181613264,0.0,0.0,0.022484396089112513,0.0,0.0,0.0,0.034442930769714455,0.0,0.025,0.2085,-0.01267633991729882,-0.011600994691252708,-0.0010753452260461119,0.31591487392369244,0.27986771365006763,0.03604716027362479,0.8475492596626282,0.19636386632919312,2217,9096,0,0.014367150701582431,0.4721096459362242,0.01,0.35457098484039307,0.8090053796768188,0.679791271686554,0.8074977993965149,3.3582892417907715,-0.009847595356404781,0.26896148920059204,0.24109497666358948,0.0018301739083755012,0.020860349324842296,0.2102050402098232,33,8,11313,2217,9096,0.05908558501712705,0.8214913051653191,434.929779427261,rolling40_success_then_profit,0.8196796324964721,438.0061257577994,40,True,0.8330227139582493,431.4081628267498,False,cuda,136.275390625
259,300,200,True,253,253,1277,924,353,111,242,0.2764291307752545,0.08692247454972592,0.1895066562255286,0.48917748917748916,1.856060606060606,0.7516254280488213,14.207796439463959,28.691931279835764,0.43999495448539455,0.4752848765841036,0.01100961517268445,0.13541818541188388,0.07139518710097209,0.20203469421722609,0.4919344484483525,0.0058411424233703125,0.17040173248670093,0.1324561466879939,0.1451294821267746,-0.01664957186424887,0.005168472749314138,-0.034983547074817045,-0.06106095958702182,0.05690521209045149,10.265465935787,10.265465935787,7.650743931088488,0.5011746280344558,0.08356144830734084,0.19208097498194254,0.11473654778508442,-0.06783894830793738,-0.07260792008158522,239,14,0.9446640316205533,0.05533596837944664,2,0.007905138339920948,0,14,1.0,-7.867599029596566,-7.66079382129013,-0.20680520830643667,8.654965355534728,0.34619861422138914,-0.16,-0.12,-0.24,-0.03300382252782583,12,46.548907465311984,0.0,101,39,22,66,1,14,7.600790513833992,7.600790513833992,1.370399373531715,54.17074652673449,22.449997336065472,-7.178902478402855,42.38093202844805,0.8551467624975527,76.62074386279997,0.027085373263367244,0.011224998668032737,0.03831037193139999,0.8714285714285714,0.8133333333333334,244,129,115,36,0,128,41.98266791454996,41.98266791454996,49,79,74,54,25.599999999999962,33.586134331639975,59.186134331640005,0.32798959308242154,20,18,16,16,11.335139745759772,0.0,11.335139745759772,0.0,1.0,0,24,0,6.211676027861247,0,1,21,0.0,-12.752032213979742,115,0,242,111,0,111,242,21,0,3753.1450973464353,375.31450973464354,6942.477564243991,694.2477564243991,417.45282578531817,41.745282578531814,4725.919197338703,472.5919197338703,6400.0,640.0,0,0,0.02959306716582004,0.0,0.02959306716582004,0.02959306716582004,0.0,0.0,0.08,-0.0008000000000000006,-0.0006400000000000005,0.0,0.02099133395727498,0.022193067165819983,0.0,1.8442318405058167,0.042414502964364116,0.010603625741091029,0.006060887519812052,0.08136346710204376,-0.00016272693420408752,0.055029479904867167,0.20903909840655538,-0.16090263438120997,0.002265990642140159,0.0,-0.014783830478072503,-0.002540761345567711,-0.0016649999999999966,-0.0005107613455677118,-0.00036500000000000025,0.0,0.0,0.0,0.0,0.0,0.0,0.0,0.03923396597270688,0.0,0.0,0.0,0.03138717277816552,0.02367445373265593,0.007712719045509576,0.01760101477502264,-0.01435780495680571,0.028253954685632028,-0.0035894512392014273,0.021190466014224026,0.002265990642140159,0.002265990642140159,0.0007704021666074792,0.4526010362647715,0.13113423192703622,0.09767987683119897,0.0,0.0,0.00941213172975887,0.0,0.0,0.0,0.022193067165819983,0.0,0.0555,0.121,-0.01267633991729882,-0.011600994691252708,-0.0010753452260461119,0.31591487392369244,0.27986771365006763,0.03604716027362479,0.8475492596626282,0.19636386632919312,2217,9096,0,0.014367150701582431,0.4721096459362242,0.01,0.35457098484039307,0.8090053796768188,0.679791271686554,0.8074977993965149,3.3582892417907715,-0.009847595356404781,0.26896148920059204,0.24109497666358948,0.0018301739083755012,0.020860349324842296,0.2102050402098232,33,8,11313,2217,9096,0.05908558501712705,0.8214913051653191,434.929779427261,rolling40_success_then_profit,0.8196796324964721,438.0061257577994,40,True,0.8330227139582493,431.4081628267498,False,cuda,136.275390625
260,301,200,True,288,288,1081,704,377,57,320,0.34875115633672527,0.05272895467160037,0.2960222016651249,0.5653409090909091,1.7286931818181819,0.7914914575151422,13.469659652222287,30.222077595578,0.44805000394024896,0.48107563702135603,0.01925336657388305,0.14977004436183383,0.039180583335771436,0.19751775545724246,0.48644767551344226,0.01019758513906378,0.18499799462866082,0.06684049186283532,0.145645872898802,-0.0053720384920862285,0.00905578143481927,-0.035227950266826985,-0.027659908527063883,0.05187188255844047,9.78168362627197,9.78168362627197,7.521739130434782,0.4283071230342276,0.11488355904525865,0.22118195740802904,0.05031472413503775,-0.07360848658346487,-0.09142012489596045,269,19,0.9340277777777778,0.06597222222222222,0,0.0,0,19,1.0,-4.4431286494782976,-4.987442061901094,0.5443134124227953,13.60783531056988,0.5443134124227953,0.0,0.0,0.0,0.0,19,68.94502641310639,0.0,129,20,15,95,0,19,6.652777777777778,6.652777777777778,1.5356151711378354,82.18169657200494,40.23427727921858,-4.573308158858047,66.88261868777974,0.9359981969211105,122.41597385122353,0.04109084828600247,0.020117138639609292,0.06120798692561176,0.7907801418439716,0.7433333333333333,223,154,69,59,0,151,71.72660377047873,71.72660377047873,83,68,63,88,30.199999999999964,57.38128301638296,87.58128301638301,0.4750106209965479,33,27,26,26,19.62225177751384,0.0,19.62225177751384,0.0,1.0,0,36,0,5.616202056057548,0,9,23,0.0,-22.07503324970307,69,0,320,57,0,57,320,25,0,4616.598607044298,461.6598607044298,9175.14120152654,917.514120152654,356.71795062002695,35.671795062002694,5811.722510165599,581.1722510165598,5405.0,540.5,0,0,0.043790641508191536,0.0,0.043790641508191536,0.043790641508191536,0.0,0.0,0.13,-0.0012999999999999943,-0.0010400000000000008,0.0,0.035863301885239375,0.03749064150819149,0.0,2.2094016733600785,0.05014963210515004,0.01253740802628751,0.007097770950328326,0.1212668855259812,-0.0002425337710519624,0.06510714242325419,0.14378837713208584,-0.09829181061221233,0.002351330266122477,0.0,-0.011470080120518795,-0.0013147120220681416,-0.0008550000000000006,-0.0002847120220681415,-0.00017500000000000013,0.0,0.0,0.0,0.0,0.0,0.0,0.0,0.05478551576342701,0.0,0.0,0.0,0.043828412610741704,0.035032513206553144,0.008795899404188455,0.031154655264460877,-0.009146616317716093,0.044588412458519834,-0.002286654079429023,0.03344130934388987,0.002351330266122477,0.002351330266122477,0.0011121928548191986,0.43993918038496777,0.12267174574623542,0.05335731085372271,0.0,0.0,0.021585551005058417,0.0,0.0,0.0,0.03749064150819149,0.0,0.0285,0.16,-0.01267633991729882,-0.011600994691252708,-0.0010753452260461119,0.31591487392369244,0.27986771365006763,0.03604716027362479,0.8475492596626282,0.19636386632919312,2217,9096,0,0.014367150701582431,0.4721096459362242,0.01,0.35457098484039307,0.8090053796768188,0.679791271686554,0.8074977993965149,3.3582892417907715,-0.009847595356404781,0.26896148920059204,0.24109497666358948,0.0018301739083755012,0.020860349324842296,0.2102050402098232,33,8,11313,2217,9096,0.05908558501712705,0.8214913051653191,434.929779427261,rolling40_success_then_profit,0.8196796324964721,438.0061257577994,40,True,0.8330227139582493,431.4081628267498,False,cuda,136.275390625
261,302,200,True,265,265,1163,840,323,56,267,0.27773000859845226,0.04815133276010318,0.2295786758383491,0.5821428571428572,1.7214285714285715,0.7650645150669984,13.866820361500695,28.229462996621926,0.440115308658434,0.4407904491183304,0.01087328740173862,0.10117541385282364,0.06358015549125239,0.19947646278001013,0.45316524024875393,0.0055189783307945444,0.1303928957803042,0.10737802173479438,0.14399159008504026,-0.012374791130423557,0.005354309070944076,-0.029217481927480554,-0.043797866243542,0.05548487269496988,8.490111779879621,8.490111779879621,6.156491831470335,0.4230438521066208,0.08746090285772179,0.18833956394475432,0.08499584875851027,-0.09577222254957304,-0.04048664716949651,247,18,0.9320754716981132,0.06792452830188679,0,0.0,0,18,1.0,-6.480332517982082,-6.975486853420729,0.4951543354386487,12.378858385966215,0.4951543354386487,0.0,0.0,0.0,0.0,18,56.81973890367306,0.0,116,33,16,70,2,18,7.211320754716981,7.211320754716981,1.4634565778159931,67.01747279432955,34.49234801219913,-6.320571206249698,54.18419212047729,0.8955359733890953,101.50982080652868,0.03350873639716478,0.017246174006099565,0.05075491040326434,0.8530465949820788,0.7933333333333333,238,141,97,41,0,135,55.78084203698915,55.78084203698915,64,71,63,72,26.999999999999957,44.624673629591314,71.6246736295914,0.41319142249621593,19,15,22,22,11.88557591291415,0.0,11.88557591291415,0.0,1.0,0,19,0,5.221036442705354,0,0,17,0.0,-13.371272902028418,96,0,267,56,0,56,267,13,0,4249.863903071916,424.9863903071916,8571.867922059111,857.1867922059112,392.4617627015399,39.24617627015399,5349.5798421443815,534.9579842144382,5815.0,581.5,0,0,0.035812336814795724,0.0,0.035812336814795724,0.035812336814795724,0.0,0.0,0.11,-0.0010999999999999985,-0.0008800000000000006,0.0,0.027890421018494573,0.02951233681479565,0.0,1.945697121430487,0.045029536889194303,0.011257384222298576,0.006610457932189181,0.039296358449735065,-7.859271689947015e-05,0.058141594386200424,0.16173399445250647,-0.09235308429126084,0.0013865241070672059,0.0,-0.013443522123086159,-0.0011816653757023027,-0.0008400000000000007,-0.0001891653757023028,-0.0001525000000000001,0.0,0.0,0.0,0.0,0.0,0.0,0.0,0.04589112832019473,0.0,0.0,0.0,0.0367129026561558,0.028649869451836448,0.0080630332043193,0.023931810457113782,-0.012641142412499397,0.03612279474698483,-0.003160285603124849,0.027092096060238647,0.0013865241070672059,0.0013865241070672059,0.0008357549439618986,0.42403505840452427,0.0990279767002177,0.0778409793209518,0.0,0.0,0.012678635956014763,0.0,0.0,0.0,0.02951233681479565,0.0,0.028,0.1335,-0.01267633991729882,-0.011600994691252708,-0.0010753452260461119,0.31591487392369244,0.27986771365006763,0.03604716027362479,0.8475492596626282,0.19636386632919312,2217,9096,0,0.014367150701582431,0.4721096459362242,0.01,0.35457098484039307,0.8090053796768188,0.679791271686554,0.8074977993965149,3.3582892417907715,-0.009847595356404781,0.26896148920059204,0.24109497666358948,0.0018301739083755012,0.020860349324842296,0.2102050402098232,33,8,11313,2217,9096,0.05908558501712705,0.8214913051653191,434.929779427261,rolling40_success_then_profit,0.8196796324964721,438.0061257577994,40,True,0.8330227139582493,431.4081628267498,False,cuda,136.275390625
262,303,200,True,288,288,1046,724,322,56,266,0.3078393881453155,0.05353728489483748,0.25430210325047803,0.600828729281768,1.669889502762431,0.7646904759397164,13.756555758787124,27.441178756524184,0.45351194950562385,0.4598654109922891,0.028138935967291917,0.13659681353553388,0.03556632079204637,0.19544087338791286,0.46474413003628423,0.014917265994278766,0.16600380784662142,0.06544938172327576,0.14883066562277095,-0.004878719043995117,0.013221669973013151,-0.029406994311087536,-0.029883060931229388,0.04661020776514191,9.176864244741873,9.176864244741873,6.980879541108987,0.40535372848948376,0.12525835748783445,0.26273207383995006,0.08463656442461737,-0.14108162131391042,-0.020938137966250037,268,20,0.9305555555555556,0.06944444444444445,0,0.0,0,20,1.0,-4.677470905439743,-5.242842183113097,0.5653712776733549,14.134281941833873,0.5653712776733549,0.0,0.0,0.0,0.0,20,84.24544911503365,0.0,139,23,18,77,1,20,6.736111111111111,6.736111111111111,1.6137667304015297,97.63625914397633,59.278726178705966,-5.238381364613369,83.1782393138349,0.9407534316012347,156.9149853226823,0.04881812957198817,0.029639363089352982,0.07845749266134115,0.7809187279151943,0.7366666666666667,221,163,58,62,0,161,93.23547203934152,92.38351424224007,107,54,51,110,32.19999999999996,74.58837763147318,106.78837763147321,0.5791023108033635,28,22,34,34,16.58767268490283,0.0,16.58767268490283,0.0,1.0,0,32,0,5.637294408539542,0,1,30,0.0,-18.66113177051568,58,0,266,56,0,56,266,23,0,4727.191504317386,472.71915043173857,9509.801231649153,950.9801231649153,371.51399490816044,37.15139949081605,5951.334334590807,595.1334334590807,5230.0,523.0,0,0,0.05339418881573665,0.0,0.05339418881573665,0.05339418881573665,0.0,0.0,0.17,-0.001699999999999989,-0.001360000000000001,0.0,0.04661773601967076,0.04785340569689602,0.0,2.3027161952740145,0.052325287542569925,0.013081321885642481,0.007598753845660634,0.07182315082671176,-0.00014364630165342353,0.06926921845205015,0.13587662902048994,-0.07339447883347335,0.001684869815758315,0.0,-0.01193973276760895,-0.0012923700708234792,-0.0008400000000000007,-0.00023487007082347898,-0.00021750000000000014,0.0,0.0,0.0,0.0,0.0,0.0,0.0,0.0646318643997256,0.0,0.0,0.0,0.05170549151978052,0.04271535105258923,0.00899014046719128,0.03896992897461083,-0.010476762729226739,0.055452159542556646,-0.0026191906823066846,0.041589119656917445,0.001684869815758315,0.001684869815758315,0.0011718172913541406,0.42706086746522653,0.10778187580324503,0.048518758766609965,0.0,0.0,0.03038969611024237,0.0,0.0,0.0,0.04785340569689602,0.0,0.028,0.133,-0.01267633991729882,-0.011600994691252708,-0.0010753452260461119,0.31591487392369244,0.27986771365006763,0.03604716027362479,0.8475492596626282,0.19636386632919312,2217,9096,0,0.014367150701582431,0.4721096459362242,0.01,0.35457098484039307,0.8090053796768188,0.679791271686554,0.8074977993965149,3.3582892417907715,-0.009847595356404781,0.26896148920059204,0.24109497666358948,0.0018301739083755012,0.020860349324842296,0.2102050402098232,33,8,11313,2217,9096,0.05908558501712705,0.8214913051653191,434.929779427261,rolling40_success_then_profit,0.8196796324964721,438.0061257577994,40,True,0.8330227139582493,431.4081628267498,False,cuda,136.275390625
263,304,200,True,264,264,1110,787,323,83,240,0.290990990990991,0.07477477477477477,0.21621621621621623,0.5667090216010165,1.747141041931385,0.7992987487526679,13.171186630122998,28.798633790531184,0.439584117292652,0.46656079987937343,0.01929298275194144,0.17115385545917053,0.09896396949835207,0.19344030861687175,0.47573218306259096,0.009374087167551132,0.2003472069653492,0.13837914949379448,0.140173830378332,-0.00917138318321753,0.009918895584390307,-0.02919335150617866,-0.03941517999544242,0.05326647823853975,9.41891891891892,9.41891891891892,6.999099099099099,0.436036036036036,0.08616310412969852,0.1829120461946132,0.06143608842201532,-0.13803084609169572,-0.11187450789931908,246,18,0.9318181818181818,0.06818181818181818,0,0.0,0,18,1.0,-5.325673985489239,-5.858496453911064,0.5328224684218259,13.320561710545645,0.5328224684218259,0.0,0.0,0.0,0.0,18,63.70714604985033,0.0,128,28,18,60,2,18,7.34469696969697,7.34469696969697,1.536936936936937,76.32584199896262,38.13225977392327,-5.613195739928857,61.71900743436871,0.9166343075779293,114.4581017728859,0.038162920999481306,0.019066129886961637,0.05722905088644295,0.825,0.77,231,154,77,49,0,151,64.91741570289113,64.91741570289113,75,76,71,80,30.19999999999997,51.93393256231288,82.13393256231296,0.42991666028404724,27,22,22,22,16.97649059601472,1.0,15.97649059601472,0.0,1.0,1,34,0,5.040311248623762,0,3,29,-1.2000000000000002,-17.973551920516563,76,0,240,83,0,83,240,25,0,4469.307153480937,446.9307153480937,8857.06484132183,885.7064841321829,385.2048016516884,38.52048016516884,5628.469256476974,562.8469256476974,5555.0,555.5,0,0,0.04106696628115651,0.0,0.04106696628115651,0.04106696628115651,0.0,0.0,0.11,-0.0010999999999999985,-0.0008800000000000007,0.0,0.03245870785144555,0.03396696628115645,0.0,2.1740588670751535,0.049671827178695,0.01241795679467375,0.007179038675089356,0.07386279277387055,-0.00014772558554774113,0.06501365473156082,0.16110796411270034,-0.11989189646128919,0.0023523728214785845,0.0,-0.01258009819579443,-0.0018274343363578558,-0.0012449999999999991,-0.00030743433635785654,-0.0002750000000000002,0.0,0.0,0.0,0.0,0.0,0.0,0.0,0.0522371974902824,0.0,0.0,0.0,0.04178975799222596,0.032853573024925094,0.008936184967300856,0.028052905847219926,-0.011226391479857715,0.041146004956245825,-0.0028065978699644287,0.030859503717184357,0.0023523728214785845,0.0023523728214785845,0.0010816723716259005,0.44545386189684627,0.13969387461307625,0.10088477501689472,0.0,0.0,0.023255688092029284,0.0,0.0,0.0,0.03396696628115645,0.0,0.0415,0.12,-0.01267633991729882,-0.011600994691252708,-0.0010753452260461119,0.31591487392369244,0.27986771365006763,0.03604716027362479,0.8475492596626282,0.19636386632919312,2217,9096,0,0.014367150701582431,0.4721096459362242,0.01,0.35457098484039307,0.8090053796768188,0.679791271686554,0.8074977993965149,3.3582892417907715,-0.009847595356404781,0.26896148920059204,0.24109497666358948,0.0018301739083755012,0.020860349324842296,0.2102050402098232,33,8,11313,2217,9096,0.05908558501712705,0.8214913051653191,434.929779427261,rolling40_success_then_profit,0.8196796324964721,438.0061257577994,40,True,0.8330227139582493,431.4081628267498,False,cuda,136.275390625
264,305,200,True,283,283,1106,800,306,48,258,0.2766726943942134,0.0433996383363472,0.2332730560578662,0.56,1.755,0.7707570525072515,13.893634951114654,30.518605447523296,0.4555680358289101,0.4872177711315453,0.027348800133913755,0.10102046504151076,0.05404750797781162,0.20746649203123524,0.4917385100759566,0.014445231340359896,0.14337442570657002,0.07817908305732998,0.15448388843564317,-0.0045207389444112955,0.012903568793553859,-0.04235396066505927,-0.024131575079518366,0.052982603595592065,10.707956600361664,10.707956600361664,8.197106690777577,0.48010849909584086,0.0850894033576539,0.12647425191777398,0.0407771841838209,-0.03902220440471811,-0.07492057525017229,265,18,0.9363957597173145,0.0636042402826855,0,0.0,0,18,1.0,-5.337595197801405,-5.851490204557776,0.5138950067563716,12.847375168909286,0.5138950067563716,0.0,0.0,0.0,0.0,18,77.5407425473109,0.0,139,27,18,70,1,18,6.80565371024735,6.80565371024735,1.5415913200723328,90.47469881696729,46.54264478618514,-5.27356002916799,75.14312844835563,0.9344220692370098,137.01734360315243,0.045237349408483646,0.023271322393092573,0.06850867180157622,0.8050541516245487,0.7433333333333333,223,161,62,54,0,159,81.90741023017328,81.90741023017328,97,62,59,100,31.79999999999995,65.52592818413859,97.32592818413872,0.5151409448438571,34,28,20,20,20.735043229335503,0.0,20.735043229335503,0.0,1.0,0,35,0,5.440316079117889,0,0,32,0.0,-23.32692363300245,60,0,258,48,0,48,258,25,0,4394.928377655464,439.49283776554637,8770.677532655835,877.0677532655834,404.95270775677255,40.495270775677255,5535.90085039548,553.5900850395481,5530.0,553.0,0,0,0.04866296409206936,0.0,0.04866296409206936,0.04866296409206936,0.0,0.0,0.1,-0.0010000000000000005,-0.0008000000000000006,0.0,0.04095370511508664,0.04276296409206931,0.0,2.1406468051954373,0.049589783128876956,0.012397445782219239,0.007332454873501096,0.028863057529064606,-5.772611505812922e-05,0.06793185079287843,0.16243034064679673,-0.09109729060340731,0.0025203697790684354,0.0,-0.013252888293972698,-0.001076058418039338,-0.0007200000000000005,-0.00023355841803933785,-0.0001225000000000001,0.0,0.0,0.0,0.0,0.0,0.0,0.0,0.06000268375923035,0.0,0.0,0.0,0.04800214700738435,0.03893037127365538,0.009071775733728929,0.03493478420959374,-0.010547120058335979,0.050095418965570404,-0.0026367800145839946,0.03757156422417781,0.0025203697790684354,0.0025203697790684354,0.0014247044072796906,0.45701978552576106,0.1046635544544286,0.06739946134020768,0.0,0.0,0.02277373864521466,0.0,0.0,0.0,0.04276296409206931,0.0,0.024,0.129,-0.01267633991729882,-0.011600994691252708,-0.0010753452260461119,0.31591487392369244,0.27986771365006763,0.03604716027362479,0.8475492596626282,0.19636386632919312,2217,9096,0,0.014367150701582431,0.4721096459362242,0.01,0.35457098484039307,0.8090053796768188,0.679791271686554,0.8074977993965149,3.3582892417907715,-0.009847595356404781,0.26896148920059204,0.24109497666358948,0.0018301739083755012,0.020860349324842296,0.2102050402098232,33,8,11313,2217,9096,0.05908558501712705,0.8214913051653191,434.929779427261,rolling40_success_then_profit,0.8196796324964721,438.0061257577994,40,True,0.8330227139582493,431.4081628267498,False,cuda,136.275390625
265,306,200,True,292,292,1045,680,365,61,304,0.3492822966507177,0.05837320574162679,0.2909090909090909,0.5823529411764706,1.7029411764705882,0.7870898747268845,13.412408389764673,27.892847110243405,0.4803540156062809,0.46918717497850165,0.03913870144854573,0.1744059708845966,0.02455062972902156,0.18571454198921428,0.46480666528291564,0.01952922358177602,0.20606855201288402,0.03942491549139103,0.14498039166552618,0.00438050969558601,0.01960947786676971,-0.031662581128287404,-0.01487428576236947,0.0407341503236881,8.595215311004784,8.595215311004784,6.4688995215311005,0.3866028708133971,0.06371886854088955,0.09987133131491659,0.03152741295440644,-0.15480812262882984,-0.020015517733548385,272,20,0.9315068493150684,0.0684931506849315,0,0.0,0,20,1.0,-4.226231024974634,-4.790544977933169,0.5643139529585351,14.107848823963378,0.5643139529585351,0.0,0.0,0.0,0.0,20,81.44945997034517,0.0,141,19,14,87,1,20,6.5993150684931505,6.5993150684931505,1.6066985645933014,95.63965943120832,46.520256265812954,-4.896766682495495,79.64337115690068,0.942077611799048,142.15991569702126,0.04781982971560416,0.023260128132906475,0.07107995784851064,0.7526881720430108,0.7,210,161,49,69,0,157,88.51478120366433,88.51478120366433,100,57,56,101,31.399999999999956,70.81182496293145,102.21182496293149,0.5637884153099638,41,37,28,28,25.09008729652639,0.0,25.09008729652639,0.0,1.0,0,47,0,5.424960766382601,0,0,45,0.0,-28.226348208592203,47,0,304,61,0,61,304,31,0,4717.777475395153,471.77774753951525,9508.079062206947,950.8079062206947,376.61286766856375,37.66128676685638,5941.149578214314,594.1149578214314,5230.0,523.0,0,0,0.051105912481465766,0.0,0.051105912481465766,0.051105912481465766,0.0,0.0,0.14,-0.0013999999999999922,-0.0011200000000000008,0.0,0.04425739060183217,0.045505912481465724,0.0,2.2530090422800177,0.051559727121324284,0.012889931780331071,0.007589668289801377,0.04233136334123739,-8.46627266824748e-05,0.06746928580072185,0.12732135594323857,-0.06706049499529067,0.0021162657264326115,0.0,-0.011877844757149762,-0.001326614345972066,-0.0009150000000000007,-0.00021911434597206628,-0.00019250000000000015,0.0,0.0,0.0,0.0,0.0,0.0,0.0,0.06251118153511424,0.0,0.0,0.0,0.0500089452280915,0.04088472998517253,0.009124215242918936,0.03737330223720262,-0.00979353336499099,0.05309558077126712,-0.0024483833412477477,0.039821685578450346,0.0021162657264326115,0.0021162657264326115,0.0015735900275160874,0.4251081845999286,0.12738209287526164,0.03607043132829324,0.0,0.0,0.029678474471968863,0.0,0.0,0.0,0.045505912481465724,0.0,0.0305,0.152,0.007832825235608552,0.008814014370242755,-0.0009811891346342035,0.2556024023642143,0.22310319244861604,0.03249920991559823,0.8743584156036377,0.18854659795761108,2277,9140,0,0.013600601628422738,0.461437479323811,0.01,0.32657819986343384,0.8215051293373108,0.6989760398864746,0.8228665590286255,3.366849184036255,-0.04380926489830017,0.25724929571151733,0.2249453067779541,0.0015326833714627557,0.017018069844279025,0.21582347378134728,34,8,11417,2277,9140,0.05880987837488206,0.8326056560379917,429.69217964152836,rolling40_success_then_profit,0.8246938600711822,434.9581629491951,40,True,0.8330227139582493,431.4081628267498,False,cuda,136.8525390625
266,307,200,True,266,266,1220,887,333,83,250,0.27295081967213114,0.0680327868852459,0.20491803278688525,0.6020293122886133,1.6674182638105974,0.7868737755458814,13.291502957951526,29.307937468590033,0.34997001663045607,0.45136115363176404,0.013389849575423335,0.14443882041754624,0.06252739869956905,0.22312541455534426,0.4679547388194782,0.006670382323232821,0.1723442274117433,0.11046328954582377,0.15362927225432038,-0.016593585187714144,0.006719467252190514,-0.02790540699419705,-0.047935890846254714,0.06949614230102388,8.604918032786886,8.604918032786886,6.114754098360656,0.4786885245901639,0.04268135019345814,0.3398253864785981,0.06914859719646013,-0.1190525044958019,-0.05505219495692889,251,15,0.943609022556391,0.05639097744360902,0,0.0,0,15,1.0,-6.400345938821887,-6.798546477258198,0.3982005384363116,9.95501346090779,0.3982005384363116,0.0,0.0,0.0,0.0,15,57.20628399069,0.0,116,32,20,72,1,15,7.2819548872180455,7.2819548872180455,1.428688524590164,68.31536957980947,33.42043704376213,-5.331170155082609,53.702253212576345,0.9096923428973416,101.73580662357159,0.03415768478990473,0.016710218521881065,0.0508679033117858,0.8953068592057761,0.8266666666666667,248,141,107,29,0,141,55.3848187354531,55.3848187354531,67,74,71,70,28.199999999999964,44.30785498836249,72.50785498836251,0.39280013287555393,20,13,9,9,13.289463123316967,0.0,13.289463123316967,0.0,1.0,0,25,0,4.310759067515888,0,2,19,0.0,-14.950646013731589,106,0,250,83,0,83,250,19,0,3976.4512630306504,397.645126303065,7579.015943374457,757.9015943374457,343.092919088123,34.3092919088123,5008.201740060397,500.82017400603974,6100.0,610.0,0,0,0.036253927494181305,0.0,0.036253927494181305,0.036253927494181305,0.0,0.0,0.045,-0.0004500000000000003,-0.00036000000000000024,0.0,0.027692409367726555,0.029153927494181244,0.0,1.9882256315153255,0.046211342500297486,0.011552835625074372,0.006647574647536326,0.0797204600555348,-0.0001594409201110696,0.06055563596715941,0.17776925250623912,-0.11259927197425372,0.0013750053678355907,0.0,-0.01128812382299443,-0.0018535179216861183,-0.0012449999999999991,-0.0003010179216861191,-0.0003075000000000002,0.0,0.0,0.0,0.0,0.0,0.0,0.0,0.04719732219914453,0.0,0.0,0.0,0.03775785775931566,0.029003141995344917,0.00875471576397066,0.02418554152874686,-0.010662340310165217,0.03580150214171757,-0.0026655850775413044,0.026851126606288172,0.0013750053678355907,0.0013750053678355907,0.001286755460686983,0.4323565533354077,0.1332999332749154,0.08749020835151511,0.0,0.0,0.01345873097564204,0.0,0.0,0.0,0.029153927494181244,0.0,0.0415,0.125,0.007832825235608552,0.008814014370242755,-0.0009811891346342035,0.2556024023642143,0.22310319244861604,0.03249920991559823,0.8743584156036377,0.18854659795761108,2277,9140,0,0.013600601628422738,0.461437479323811,0.01,0.32657819986343384,0.8215051293373108,0.6989760398864746,0.8228665590286255,3.366849184036255,-0.04380926489830017,0.25724929571151733,0.2249453067779541,0.0015326833714627557,0.017018069844279025,0.21582347378134728,34,8,11417,2277,9140,0.05880987837488206,0.8326056560379917,429.69217964152836,rolling40_success_then_profit,0.8246938600711822,434.9581629491951,40,True,0.8330227139582493,431.4081628267498,False,cuda,136.8525390625
267,308,200,True,280,280,1100,769,331,44,287,0.3009090909090909,0.04,0.2609090909090909,0.5383615084525357,1.7126137841352407,0.7639685817285694,14.17753246515718,28.169698727921485,0.4311965083545882,0.4610559322782859,0.02130745155603585,0.11869239467299109,0.06328223111478537,0.19948155106431642,0.4690658053666624,0.010768328976220366,0.15359875733476078,0.09213745262975209,0.1460019128060426,-0.008009873088376529,0.010539122579815485,-0.03490636266176969,-0.028855221514966722,0.053479638258273815,8.899090909090908,8.899090909090908,6.538181818181818,0.4354545454545454,0.14562221367209455,0.09373715624726348,0.04764713006213672,-0.0914016197464477,-0.11060762205847076,261,19,0.9321428571428572,0.06785714285714285,0,0.0,0,19,1.0,-3.6847875645428494,-4.223120722994208,0.5383331584513599,13.458328961283994,0.5383331584513599,0.0,0.0,0.0,0.0,19,71.8244038698492,0.0,130,15,17,89,0,19,6.8,6.8,1.518181818181818,86.24995564744043,48.142068738350304,-4.690444012937923,71.58237182175836,0.9385043811270405,134.39202438579073,0.04312497782372021,0.02407103436917515,0.06719601219289537,0.8381294964028777,0.7766666666666666,233,156,77,45,0,152,77.35063104663938,77.35063104663938,93,59,56,96,30.399999999999967,61.88050483731149,92.28050483731155,0.5088857305699959,24,11,21,21,17.666541395973457,1.0,16.666541395973457,0.0,1.0,2,25,0,3.05370446896236,0,0,17,-1.2000000000000002,-18.74985907047014,76,0,287,44,0,44,287,12,0,4524.58054848108,452.45805484810796,9077.846002467179,907.7846002467179,366.67330181538375,36.667330181538375,5697.612385790435,569.7612385790435,5500.0,550.0,0,0,0.04614025241865581,0.0,0.04614025241865581,0.04614025241865581,0.0,0.0,0.105,-0.0010499999999999995,-0.0008400000000000007,0.0,0.038675315523319674,0.04054025241865576,0.0,2.1352165868737227,0.049618146165095994,0.012404536541273999,0.007181328795849822,0.07278722622012711,-0.00014557445244025422,0.06533364050175205,0.14586831823230714,-0.08802015257316226,0.002301587765266747,0.0,-0.01205782234548956,-0.0009800114254014274,-0.0006600000000000004,-0.00018001142540142773,-0.00014000000000000007,0.0,0.0,0.0,0.0,0.0,0.0,0.0,0.0573492145074894,0.0,0.0,0.0,0.04587937160599157,0.036912201934924525,0.00896716967106702,0.03344596390441031,-0.009380888025875845,0.047721581214505565,-0.0023452220064689613,0.03579118591087918,0.002301587765266747,0.002301587765266747,0.00122936791241169,0.43174591786519456,0.10926827873933849,0.06694408330949744,0.0,0.0,0.020317255566811767,0.0,0.0,0.0,0.04054025241865576,0.0,0.022,0.1435,0.007832825235608552,0.008814014370242755,-0.0009811891346342035,0.2556024023642143,0.22310319244861604,0.03249920991559823,0.8743584156036377,0.18854659795761108,2277,9140,0,0.013600601628422738,0.461437479323811,0.01,0.32657819986343384,0.8215051293373108,0.6989760398864746,0.8228665590286255,3.366849184036255,-0.04380926489830017,0.25724929571151733,0.2249453067779541,0.0015326833714627557,0.017018069844279025,0.21582347378134728,34,8,11417,2277,9140,0.05880987837488206,0.8326056560379917,429.69217964152836,rolling40_success_then_profit,0.8246938600711822,434.9581629491951,40,True,0.8330227139582493,431.4081628267498,False,cuda,136.8525390625
268,309,200,True,282,282,1102,798,304,61,243,0.27586206896551724,0.05535390199637023,0.22050816696914702,0.5714285714285714,1.6979949874686717,0.7697161263914634,13.994090086236634,29.58955185910813,0.42989608085981834,0.4715996136828174,0.024487087703811795,0.10456483247444819,0.0363103211157136,0.2073426882603339,0.4773302304191996,0.013036161418397325,0.1331533075527365,0.07646122607309137,0.15345113373181798,-0.005730616736382199,0.01145092628541447,-0.02858847507828831,-0.040150904957377775,0.053891554528515906,9.957350272232304,9.957350272232304,7.433756805807622,0.47368421052631576,0.1581408322409571,0.25716447268559584,0.001375362099321659,-0.03388178386702473,-0.019041680512998142,263,19,0.9326241134751773,0.0673758865248227,0,0.0,0,19,1.0,-4.915740575476499,-5.443052730113264,0.5273121546367663,13.182803865919155,0.5273121546367663,0.0,0.0,0.0,0.0,19,67.95947621846133,0.0,140,24,19,69,1,19,6.826241134751773,6.826241134751773,1.5390199637023594,81.36755442104152,42.155087352459,-5.289733366238687,63.42652277968777,0.923020640778139,123.52264177350051,0.04068377721052076,0.0210775436762295,0.06176132088675026,0.84375,0.81,243,164,79,45,0,162,66.43668159134583,66.43668159134583,79,83,78,84,32.39999999999996,53.14934527307665,85.5493452730767,0.4101029727860854,24,22,21,21,14.205957387546745,0.0,14.205957387546745,0.0,1.0,0,27,0,5.807519275556896,0,2,23,0.0,-15.981702060990086,77,0,243,61,0,61,243,21,0,4477.6000771274275,447.7600077127428,9021.238383797034,902.1238383797033,376.83746951574574,37.68374695157458,5640.665811739243,564.0665811739243,5510.0,551.0,0,0,0.0427746726365384,0.0,0.0427746726365384,0.0427746726365384,0.0,0.0,0.105,-0.0010499999999999995,-0.0008400000000000006,0.0,0.033218340795672915,0.034974672636538334,0.0,2.1874189747293187,0.05011095694805972,0.01252773923701493,0.007309675883253527,0.0626762503647349,-0.00012535250072946978,0.06911099258642206,0.15785315616577922,-0.08665147794210055,0.0019168486033778458,0.0,-0.012474802624970268,-0.0013986549560366243,-0.0009150000000000007,-0.00029865495603662354,-0.00018500000000000013,0.0,0.0,0.0,0.0,0.0,0.0,0.0,0.05412705937282367,0.0,0.0,0.0,0.04330164749825909,0.03421973810923058,0.009081909389028395,0.029068394706724527,-0.010579466732477375,0.04228434851979182,-0.0026448666831193437,0.031713261389843886,0.0019168486033778458,0.0019168486033778458,0.001416324989746012,0.4573047669734718,0.10539025775948825,0.055149640976875344,0.0,0.0,0.01852155372063736,0.0,0.0,0.0,0.034974672636538334,0.0,0.0305,0.1215,0.007832825235608552,0.008814014370242755,-0.0009811891346342035,0.2556024023642143,0.22310319244861604,0.03249920991559823,0.8743584156036377,0.18854659795761108,2277,9140,0,0.013600601628422738,0.461437479323811,0.01,0.32657819986343384,0.8215051293373108,0.6989760398864746,0.8228665590286255,3.366849184036255,-0.04380926489830017,0.25724929571151733,0.2249453067779541,0.0015326833714627557,0.017018069844279025,0.21582347378134728,34,8,11417,2277,9140,0.05880987837488206,0.8326056560379917,429.69217964152836,rolling40_success_then_profit,0.8246938600711822,434.9581629491951,40,True,0.8330227139582493,431.4081628267498,False,cuda,136.8525390625
269,310,200,True,285,285,1200,789,411,72,339,0.3425,0.06,0.2825,0.4803548795944233,1.8808618504435994,0.7603915370386968,14.229367332313451,29.100172669262033,0.4363414715930779,0.4782676242376915,0.012195185922246771,0.1473969583209552,0.05804050268595908,0.2027827586190178,0.48620964265670463,0.006937471972672205,0.18226882441061418,0.09028141310937816,0.14405966230936074,-0.007942018419013153,0.005257713949574566,-0.034871866089658976,-0.03224091042341908,0.05872309630965705,9.215,9.215,6.928333333333334,0.4425,0.1642639215906191,0.1769651197521644,0.10768179406030093,-0.06398474779234904,-0.037657635037768346,269,16,0.9438596491228071,0.056140350877192984,1,0.0035087719298245615,0,16,1.0,-6.0060388062119525,-6.220443449690936,0.21440464347898397,11.065540228485919,0.4426216091394368,-0.08,-0.024,-0.12,-0.004216965660452842,15,52.81049606863557,0.0,117,26,18,97,1,16,6.747368421052632,6.747368421052632,1.4416666666666667,62.90233569323549,28.34697473872348,-5.545677980421392,48.98053227099957,0.8982933536944854,91.24931043195897,0.03145116784661774,0.01417348736936174,0.045624655215979484,0.8178571428571428,0.7633333333333333,229,143,86,51,0,140,49.68378444526439,48.76640010724307,60,80,75,65,27.999999999999968,39.74702755621151,67.74702755621158,0.3548841746090314,21,18,30,30,13.411448490537529,0.0,13.411448490537529,0.0,1.0,0,22,0,4.7155839946664475,0,1,20,0.0,-15.087879551854721,85,0,339,72,0,72,339,12,0,4055.832559418326,405.5832559418326,7767.485228942996,776.7485228942996,374.23443836168315,37.42344383616832,5108.001297103663,510.8001297103663,6015.0,601.5,0,0,0.033873513778105824,0.0,0.033873513778105824,0.033873513778105824,0.0,0.0,0.15,-0.00149999999999999,-0.0012000000000000008,0.0,0.024841892222632195,0.02590656004289723,0.0,1.949686575350743,0.04597065459617108,0.01149266364904277,0.006747128137769158,0.04074481489269391,-8.148962978538783e-05,0.060208552326094095,0.16587059923150374,-0.12102854810133833,0.0024566110797909586,0.0,-0.012519033485342898,-0.001579557527887827,-0.0010800000000000002,-0.0002845575278878268,-0.00021500000000000016,0.0,0.0,0.0,0.0,0.0,0.0,0.0,0.04378468779736303,0.0,0.0,0.0,0.03502775023789054,0.027098811022484535,0.00792893921540594,0.021717427145289087,-0.011091355960842783,0.03265368818066638,-0.0027728389902106957,0.024490266135499785,0.0024566110797909586,0.0024566110797909586,0.000550550930264096,0.4286157419284757,0.12732524957998304,0.06697135831128606,0.0,0.0,0.01089216900077705,0.0,0.0,0.0,0.02590656004289723,0.0,0.036,0.1695,0.007832825235608552,0.008814014370242755,-0.0009811891346342035,0.2556024023642143,0.22310319244861604,0.03249920991559823,0.8743584156036377,0.18854659795761108,2277,9140,0,0.013600601628422738,0.461437479323811,0.01,0.32657819986343384,0.8215051293373108,0.6989760398864746,0.8228665590286255,3.366849184036255,-0.04380926489830017,0.25724929571151733,0.2249453067779541,0.0015326833714627557,0.017018069844279025,0.21582347378134728,34,8,11417,2277,9140,0.05880987837488206,0.8326056560379917,429.69217964152836,rolling40_success_then_profit,0.8246938600711822,434.9581629491951,40,True,0.8330227139582493,431.4081628267498,False,cuda,136.8525390625
270,311,200,True,292,292,1056,696,360,42,318,0.3409090909090909,0.03977272727272727,0.30113636363636365,0.5330459770114943,1.8175287356321839,0.7753087174061729,13.655124875320785,28.6814411638797,0.4498381193167299,0.4765418117287858,0.022056502375708914,0.10801716424503374,0.06567455495201886,0.20574495416327282,0.489607647510952,0.012119691377377203,0.15195073411617985,0.10094128631325652,0.14709405731623884,-0.01306583578216619,0.009936810998331711,-0.043933569871146105,-0.03526673136123766,0.05865089684703398,9.587121212121213,9.587121212121213,7.316287878787879,0.4327651515151515,0.09259790373191969,0.3946333655329668,0.11223073626064191,-0.07451033760343088,-0.10776087053922263,271,21,0.928082191780822,0.07191780821917808,1,0.003424657534246575,0,21,1.0,-4.187180565798807,-4.499358047246934,0.3121774814481275,13.704437036203185,0.5481774814481275,-0.08,-0.036000000000000004,-0.12,0.0,20,66.94538045114848,0.0,135,16,17,92,1,21,6.544520547945205,6.544520547945205,1.571969696969697,80.88841541899104,50.662080661401944,-4.8838416504989555,63.739263435099446,0.9288309433913403,131.55049608039297,0.04044420770949552,0.025331040330700973,0.0657752480401965,0.8466898954703833,0.81,243,162,81,44,0,157,67.35410363619914,66.60215695491951,81,76,71,86,31.399999999999952,53.88328290895927,85.28328290895941,0.42900702952993086,14,12,30,30,7.282969887287636,0.0,7.282969887287636,0.0,1.0,0,18,0,7.347799677617093,0,2,15,0.0,-8.193341123198593,81,0,318,42,0,42,318,14,0,4693.354410898265,469.33544108982653,9482.943109291225,948.2943109291225,356.99735088262355,35.69973508826236,5909.092058680569,590.9092058680569,5280.0,528.0,0,0,0.04264164145447974,0.0,0.04264164145447974,0.04264164145447974,0.0,0.0,0.15,-0.0014999999999999944,-0.0012000000000000008,0.0,0.033677051818099574,0.035140862781967805,0.0,2.1963543706057145,0.05085281628801397,0.012713204072003492,0.007351979508098508,0.08090968173882274,-0.00016181936347764547,0.06748200376634761,0.1304755745574475,-0.0804332640844837,0.001846605669696959,0.0,-0.0113849938578286,-0.0009407964932181907,-0.0006300000000000005,-0.0001932964932181906,-0.00011750000000000008,0.0,0.0,0.0,0.0,0.0,0.0,0.0,0.05369302616300547,0.0,0.0,0.0,0.04295442093040447,0.03411331316358365,0.008841107766820712,0.029427710892300257,-0.009767683300997912,0.042492842290066314,-0.002441920825249478,0.03186963171754972,0.001846605669696959,0.001846605669696959,0.0009634722538664928,0.44748661178494914,0.10779332993366239,0.07239442662407672,0.0,0.0,0.02202770027736166,0.0,0.0,0.0,0.035140862781967805,0.0,0.021,0.159,0.007832825235608552,0.008814014370242755,-0.0009811891346342035,0.2556024023642143,0.22310319244861604,0.03249920991559823,0.8743584156036377,0.18854659795761108,2277,9140,0,0.013600601628422738,0.461437479323811,0.01,0.32657819986343384,0.8215051293373108,0.6989760398864746,0.8228665590286255,3.366849184036255,-0.04380926489830017,0.25724929571151733,0.2249453067779541,0.0015326833714627557,0.017018069844279025,0.21582347378134728,34,8,11417,2277,9140,0.05880987837488206,0.8326056560379917,429.69217964152836,rolling40_success_then_profit,0.8246938600711822,434.9581629491951,40,True,0.8330227139582493,431.4081628267498,False,cuda,136.8525390625
271,312,200,True,282,282,1108,785,323,50,273,0.2915162454873646,0.04512635379061372,0.2463898916967509,0.5363057324840764,1.7694267515923567,0.7733306512711154,13.98289750943518,32.32145644646541,0.45019126878732485,0.5023987839745868,0.02230857698021421,0.1136243384212825,0.0306364658721693,0.21951285846958493,0.5084818439498828,0.012893011205040725,0.15247064654056908,0.051458644177052815,0.15619403472419377,-0.006083059975296012,0.009415565775173483,-0.03884630811928658,-0.020822178304883514,0.06331882374539116,11.733754512635379,11.733754512635379,9.185018050541517,0.5081227436823105,0.1447071835470526,0.1542617392886249,-0.014594627944526616,-0.03203521001703305,-0.039548755471853124,263,19,0.9326241134751773,0.0673758865248227,0,0.0,0,19,1.0,-5.5355361925326365,-6.078645929098121,0.5431097365654869,13.57774341413717,0.5431097365654869,0.0,0.0,0.0,0.0,19,72.22222342486694,0.0,126,26,21,78,2,19,6.826241134751773,6.826241134751773,1.51985559566787,83.89828198545473,41.36318806849032,-5.652287313034289,69.81074687553276,0.9250985946455538,125.26147005394505,0.04194914099272737,0.02068159403424516,0.06263073502697253,0.8006993006993007,0.7633333333333333,229,157,72,57,0,153,76.09722410135456,76.09722410135456,88,65,62,91,30.599999999999962,60.8777792810837,91.47777928108377,0.4973674777866311,31,25,26,26,20.262463550229405,0.0,20.262463550229405,0.0,1.0,0,38,0,4.501369906459609,0,0,37,0.0,-22.795271494008087,71,0,273,50,0,50,273,25,0,4340.088949860481,434.0088949860481,8927.828292614413,892.7828292614413,393.2574186043465,39.325741860434654,5467.298603938733,546.7298603938733,5540.0,554.0,0,0,0.04573888964054191,0.0,0.04573888964054191,0.04573888964054191,0.0,0.0,0.13,-0.0012999999999999943,-0.0010400000000000008,0.0,0.03804861205067729,0.03953888964054184,0.0,2.089442577801202,0.048210202592471926,0.012052550648117982,0.0070016082764799824,0.062651963708858,-0.000125303927417716,0.06542163245380783,0.1687070750822089,-0.10216482734431355,0.0016998355572140067,0.0,-0.01285091442009094,-0.0011677517311547661,-0.0007500000000000006,-0.00027025173115476574,-0.00014750000000000012,0.0,0.0,0.0,0.0,0.0,0.0,0.0,0.05636613636124208,0.0,0.0,0.0,0.045092909088993695,0.03659111171243339,0.008501797376560222,0.03207922978124925,-0.011304574626068578,0.04654049791702181,-0.0028261436565171446,0.03490537343776638,0.0016998355572140067,0.0016998355572140067,0.0012859149954716378,0.44732924468639584,0.11015456563412061,0.047973890964882374,0.0,0.0,0.02549330564920683,0.0,0.0,0.0,0.03953888964054184,0.0,0.025,0.1365,0.007832825235608552,0.008814014370242755,-0.0009811891346342035,0.2556024023642143,0.22310319244861604,0.03249920991559823,0.8743584156036377,0.18854659795761108,2277,9140,0,0.013600601628422738,0.461437479323811,0.01,0.32657819986343384,0.8215051293373108,0.6989760398864746,0.8228665590286255,3.366849184036255,-0.04380926489830017,0.25724929571151733,0.2249453067779541,0.0015326833714627557,0.017018069844279025,0.21582347378134728,34,8,11417,2277,9140,0.05880987837488206,0.8326056560379917,429.69217964152836,rolling40_success_then_profit,0.8246938600711822,434.9581629491951,40,True,0.8330227139582493,431.4081628267498,False,cuda,136.8525390625
272,313,200,True,298,298,1309,847,462,68,394,0.35294117647058826,0.05194805194805195,0.3009931245225363,0.5419126328217237,1.7933884297520661,0.7390456905823812,14.467658234318144,32.60359927698741,0.4074379995844556,0.4642097210729277,0.011297988761414322,0.07138716208681446,0.05094738360747273,0.21762551696269544,0.47883776519909377,0.004952956103184288,0.1047964475536554,0.09969671044076453,0.15324234132299808,-0.014628044126166084,0.006345032658230034,-0.03340928546684094,-0.0487493268332918,0.06438317563969737,8.630252100840336,8.630252100840336,6.316271963330787,0.4514896867838044,0.18086506048829082,0.31043500165454074,-0.0071309897982427895,-0.007143040642740787,-0.0020321730572207095,285,13,0.9563758389261745,0.0436241610738255,1,0.003355704697986577,0,13,1.0,-7.886723013156165,-7.924870197027907,0.038147183871742874,8.353679596793569,0.33414718387174286,-0.08,-0.096,-0.12,0.0,12,51.571974557436654,0.0,105,33,15,122,0,13,6.442953020134228,6.442953020134228,1.3430099312452253,57.75847075304596,33.32791819888588,-6.00325050882012,48.41347384667997,0.8896800463474911,91.08638895193184,0.028879235376522983,0.016663959099442942,0.04554319447596592,0.8657243816254417,0.8166666666666667,245,128,117,38,0,125,50.58121024599475,50.58121024599475,60,65,62,63,24.999999999999975,40.4649681967958,65.46496819679585,0.404649681967958,15,13,23,23,8.07316012353239,0.0,8.07316012353239,0.0,1.0,0,16,0,6.955054615344333,0,0,15,0.0,-9.082305138973938,115,0,394,68,0,68,394,14,0,3589.689087110883,358.9689087110883,6715.9173600691765,671.5917360069177,360.89555303444365,36.089555303444364,4523.171773725301,452.3171773725301,6545.0,654.5,0,0,0.03273248409839794,0.0,0.03273248409839794,0.03273248409839794,0.0,0.0,0.115,-0.0011499999999999974,-0.0009200000000000007,0.0,0.025290605122997377,0.02653248409839791,0.0,1.7064930742416053,0.04000337891797726,0.010000844729494316,0.00574316513272207,0.07004136200790921,-0.0001400827240158184,0.05370878211921158,0.18302799771092426,-0.12159183124351829,0.001400236616539152,0.0,-0.012549090388745056,-0.0015655935390227324,-0.0010200000000000007,-0.00033059353902273206,-0.00021500000000000016,0.0,0.0,0.0,0.0,0.0,0.0,0.0,0.04144324610387641,0.0,0.0,0.0,0.03315459688310109,0.026185987278718282,0.006968609604382823,0.021205111668929928,-0.01200650101764024,0.03227564923111998,-0.00300162525441006,0.024206736923339984,0.001400236616539152,0.001400236616539152,0.00093057756976535,0.4027367121537051,0.08183668788597123,0.061682137050031574,0.0,0.0,0.012506937149954966,0.0,0.0,0.0,0.02653248409839791,0.0,0.034,0.197,0.007832825235608552,0.008814014370242755,-0.0009811891346342035,0.2556024023642143,0.22310319244861604,0.03249920991559823,0.8743584156036377,0.18854659795761108,2277,9140,0,0.013600601628422738,0.461437479323811,0.01,0.32657819986343384,0.8215051293373108,0.6989760398864746,0.8228665590286255,3.366849184036255,-0.04380926489830017,0.25724929571151733,0.2249453067779541,0.0015326833714627557,0.017018069844279025,0.21582347378134728,34,8,11417,2277,9140,0.05880987837488206,0.8326056560379917,429.69217964152836,rolling40_success_then_profit,0.8246938600711822,434.9581629491951,40,True,0.8330227139582493,431.4081628267498,False,cuda,136.8525390625
273,314,200,True,305,305,1237,771,466,62,404,0.3767178658043654,0.050121261115602264,0.3265966046887631,0.5758754863813229,1.7250324254215306,0.7867125282994195,13.71368124203614,31.196255023416068,0.42306553302135713,0.4679024680463257,0.017795238416791734,0.1329268910227544,0.05822204278682959,0.20523538937412888,0.47570437158128165,0.009019284918614399,0.16612292690523905,0.08456894292571038,0.14481180170901245,-0.007801903534955967,0.008775953498177336,-0.033196035882484654,-0.02634690013888079,0.060423587665116435,8.484236054971706,8.484236054971706,6.344381568310428,0.396928051738076,0.09883226996996716,0.18650827947825066,0.013240211298488564,-0.05955085998702354,-0.06651388516128416,289,16,0.9475409836065574,0.05245901639344262,1,0.003278688524590164,0,16,1.0,-7.0230861474257535,-7.095862606614821,0.07277645918906771,10.119411479726688,0.4047764591890677,-0.08,-0.132,-0.12,0.0,15,57.60844517176503,0.0,114,29,16,120,0,16,6.419672131147541,6.419672131147541,1.4260307194826192,65.97422569088992,34.88408343795089,-5.0360375244093305,55.26334025303581,0.9164827613479446,100.85830912884082,0.03298711284544496,0.017442041718975447,0.05042915456442041,0.8453237410071942,0.7833333333333333,235,133,102,43,0,133,57.513195580882865,57.513195580882865,72,61,57,76,26.599999999999955,46.01055646470626,72.6105564647063,0.4324300419615253,23,19,20,20,13.638417147267159,0.0,13.638417147267159,0.0,1.0,0,24,0,5.685871546589434,0,0,23,0.0,-15.34321929067555,98,0,404,62,0,62,404,18,0,3832.780001098237,383.27800010982367,7537.194579127637,753.7194579127637,359.56677778802145,35.956677778802145,4829.123967088886,482.91239670888865,6185.0,618.5,0,0,0.036305278232353175,0.0,0.036305278232353175,0.036305278232353175,0.0,0.0,0.1,-0.0010000000000000007,-0.0008000000000000006,0.0,0.028756597790441433,0.03060527823235315,0.0,1.916390000549118,0.04284315581314122,0.010710788953285305,0.006236948603004043,0.05137364334557998,-0.00010274728669115997,0.05716725688511487,0.1587757337625551,-0.11490097975336677,0.0020127410248933454,0.0,-0.011861219123821428,-0.0013679817604881194,-0.0009300000000000007,-0.00025298176048811936,-0.00018500000000000013,0.0,0.0,0.0,0.0,0.0,0.0,0.0,0.04591331989894729,0.0,0.0,0.0,0.03673065591915789,0.029044222585882466,0.007686433333275341,0.02511365136431323,-0.01007207504881866,0.03684222683535718,-0.002518018762204665,0.027631670126517904,0.0020127410248933454,0.0020127410248933454,0.0011239444271475064,0.3956200457136339,0.10674714744899261,0.05957431983086638,0.0,0.0,0.015558116577605337,0.0,0.0,0.0,0.03060527823235315,0.0,0.031,0.202,-0.004940098161912627,-0.0032050490844994783,-0.0017350490774131484,0.3157263342498077,0.2829460859298706,0.03278024831993712,0.8485797643661499,0.19615858793258667,2307,9063,0,0.012135553856690724,0.43158531818124984,0.01,0.32484543323516846,0.8225405216217041,0.7020524144172668,0.8245614171028137,3.3349883556365967,0.006941210478544235,0.25751808285713196,0.27286770939826965,0.002592566753729544,0.029519873360792797,0.22477075002259678,35,8,11370,2307,9063,0.06048773256218214,0.8300036502657885,432.14663542360586,rolling40_success_then_profit,0.827336191870776,435.2994444927166,40,True,0.8330227139582493,431.4081628267498,False,cuda,135.86279296875
274,315,200,True,270,270,1133,832,301,49,252,0.265666372462489,0.04324801412180053,0.22241835834068843,0.5372596153846154,1.7608173076923077,0.7629710297959928,13.856384753034664,27.261309186569772,0.4194427011368414,0.46112424289234555,0.026912707495144926,0.09742174091829489,0.04416500218884231,0.2110999211010774,0.4678678517229855,0.015144221395110855,0.12647942634010598,0.0724670422860072,0.15428019439926943,-0.006743608830639958,0.011768486100034071,-0.029057685421811086,-0.028302040097164888,0.05681972670180796,9.383936451897616,9.383936451897616,6.8649602824360105,0.45366284201235657,0.016894300418241408,0.09298114633738898,0.02035972967021773,-0.05024792393016394,-0.03260768371931546,253,17,0.937037037037037,0.06296296296296296,0,0.0,0,17,1.0,-5.724512657889647,-6.1915967149287425,0.4670840570390964,11.677101425977408,0.4670840570390964,0.0,0.0,0.0,0.0,17,61.79167698202558,0.0,123,28,20,69,3,17,7.059259259259259,7.059259259259259,1.4774933804060018,73.12651262733951,27.558188710058058,-5.066100524608632,57.352409150550685,0.9188365670540066,100.68470133739757,0.03656325631366975,0.01377909435502903,0.050342350668698785,0.795774647887324,0.7533333333333333,226,155,71,58,0,151,61.74202409292335,60.79949528441494,73,78,78,73,30.199999999999953,49.393619274338675,79.59361927433878,0.40888757677432686,37,33,21,21,21.980551036341335,0.0,21.980551036341335,0.0,1.0,0,43,0,5.888940753424602,0,0,43,0.0,-24.728119915884008,68,0,252,49,0,49,252,33,0,4325.568946129071,432.5568946129071,8434.537117006172,843.4537117006172,388.06039713379283,38.806039713379285,5447.222943215519,544.7222943215519,5665.0,566.5,0,0,0.03979680963716942,0.0,0.03979680963716942,0.03979680963716942,0.0,0.0,0.105,-0.0010499999999999995,-0.0008400000000000007,0.0,0.030871012046461668,0.03151979811376597,0.0,2.028349193244635,0.04735656665547328,0.01183914166386832,0.006715141319934476,0.10602448718305152,-0.0002120489743661031,0.06437936595844146,0.16513547307214246,-0.09279537868853925,0.002552286264003056,0.0,-0.012690048272703118,-0.0010882993300243295,-0.0007350000000000005,-0.0002207993300243296,-0.00013250000000000008,0.0,0.0,0.0,0.0,0.0,0.0,0.0,0.05037390232667152,0.0,0.0,0.0,0.0402991218613373,0.031837447709735386,0.008461674151601796,0.02614315431297101,-0.010132201049217263,0.03823493943370043,-0.0025330502623043157,0.02867620457527534,0.002552286264003056,0.002552286264003056,0.0012937157233680278,0.43755991094670005,0.10201536492625288,0.061288485007219104,0.0,0.0,0.028887561448726055,0.0,0.0,0.0,0.03151979811376597,0.0,0.0245,0.126,-0.004940098161912627,-0.0032050490844994783,-0.0017350490774131484,0.3157263342498077,0.2829460859298706,0.03278024831993712,0.8485797643661499,0.19615858793258667,2307,9063,0,0.012135553856690724,0.43158531818124984,0.01,0.32484543323516846,0.8225405216217041,0.7020524144172668,0.8245614171028137,3.3349883556365967,0.006941210478544235,0.25751808285713196,0.27286770939826965,0.002592566753729544,0.029519873360792797,0.22477075002259678,35,8,11370,2307,9063,0.06048773256218214,0.8300036502657885,432.14663542360586,rolling40_success_then_profit,0.827336191870776,435.2994444927166,40,True,0.8330227139582493,431.4081628267498,False,cuda,135.86279296875
275,316,200,True,311,311,1152,695,457,46,411,0.3967013888888889,0.03993055555555555,0.3567708333333333,0.4935251798561151,1.8532374100719424,0.7479491210669922,14.287263630105437,32.185179186853574,0.42583290206269686,0.4924285939914717,0.01553195524129936,0.03662916707049171,0.058746491057007647,0.2340863670537369,0.5114241696304554,0.009119806655769726,0.07287846685139288,0.10576356976550984,0.1659109557570099,-0.01899557563898374,0.006412148585529635,-0.03624929978090117,-0.04701707870850219,0.068175411296727,8.550347222222221,8.550347222222221,6.330729166666667,0.4487847222222222,0.16075861404148287,0.2573991943788805,0.036645356938794955,-0.024752447655172937,-0.06909889759110831,292,19,0.9389067524115756,0.06109324758842444,3,0.00964630225080386,0,19,1.0,-6.049160507945922,-5.8413962702453075,-0.20776423770061236,11.95379222411138,0.47815168896445526,-0.24,-0.07200000000000001,-0.36,-0.013915926665067671,16,61.92516249563493,0.0,121,21,15,125,0,19,6.218649517684887,6.218649517684887,1.4835069444444444,73.90406679861236,38.70580314403004,-4.722038343371864,59.466308967673484,0.9264346483250347,112.6098699426424,0.03695203339930618,0.01935290157201502,0.056304934971321205,0.8724137931034482,0.8433333333333334,253,147,106,37,0,144,64.48605917767111,62.75806639942955,74,70,65,79,28.79999999999996,51.58884734213688,80.38884734213697,0.4478198554004938,25,18,12,12,14.256415538019157,0.0,14.256415538019157,0.0,1.0,0,27,0,6.207846868796593,0,0,26,0.0,-16.038467480271553,105,0,411,46,0,46,411,21,0,4305.579016813512,430.55790168135115,8264.217169846754,826.4217169846754,335.7513484259629,33.575134842596285,5422.543138091811,542.2543138091811,5760.0,576.0,0,0,0.040194423671068506,0.0,0.040194423671068506,0.040194423671068506,0.0,0.0,0.06,-0.0006000000000000004,-0.0004800000000000004,0.0,0.03224302958883557,0.03280322655977184,0.0,2.067496269021212,0.04819811561909428,0.01204952890477357,0.006840979418677169,0.10599419897322405,-0.00021198839794644815,0.062107967587617295,0.14721151864271786,-0.08607668767786807,0.0018670589311067715,0.0,-0.010761958791898403,-0.0010475688689198484,-0.0006900000000000005,-0.0002300688689198483,-0.0001275000000000001,0.0,0.0,0.0,0.0,0.0,0.0,0.0,0.05143196417789556,0.0,0.0,0.0,0.04114557134231643,0.03215553893685471,0.008990032405461718,0.027372135312150853,-0.009444076686743727,0.039644205978449004,-0.0023610191716859318,0.029733154483836743,0.0018670589311067715,0.0018670589311067715,0.0007712640484422446,0.4137823493374022,0.05307105624503812,0.06603056136589147,0.0,0.0,0.01671187700163537,0.0,0.0,0.0,0.03280322655977184,0.0,0.023,0.2055,-0.004940098161912627,-0.0032050490844994783,-0.0017350490774131484,0.3157263342498077,0.2829460859298706,0.03278024831993712,0.8485797643661499,0.19615858793258667,2307,9063,0,0.012135553856690724,0.43158531818124984,0.01,0.32484543323516846,0.8225405216217041,0.7020524144172668,0.8245614171028137,3.3349883556365967,0.006941210478544235,0.25751808285713196,0.27286770939826965,0.002592566753729544,0.029519873360792797,0.22477075002259678,35,8,11370,2307,9063,0.06048773256218214,0.8300036502657885,432.14663542360586,rolling40_success_then_profit,0.827336191870776,435.2994444927166,40,True,0.8330227139582493,431.4081628267498,False,cuda,135.86279296875
276,317,200,True,276,276,1125,810,315,63,252,0.28,0.056,0.224,0.562962962962963,1.7506172839506173,0.7761727952294879,13.748967805320834,31.365141615749877,0.44840786935620364,0.4867955623033606,0.0211829852450777,0.11607395334652176,0.07821589484350917,0.20150025333565327,0.49480767481856874,0.01153497286370875,0.15012809818633543,0.10994582151531322,0.14857987790701935,-0.00801211251520817,0.00964801238136895,-0.03405414483981367,-0.03172992667180405,0.052920375428633926,10.702222222222222,10.702222222222222,8.200888888888889,0.4871111111111111,0.16855971027674904,0.018131140461469138,0.02819099002718413,-0.02156513004222108,-0.07102944365766371,258,18,0.9347826086956522,0.06521739130434782,0,0.0,0,18,1.0,-5.2843023734871934,-5.80273468226194,0.5184323087747477,12.960807719368692,0.5184323087747477,0.0,0.0,0.0,0.0,18,70.61012449965497,0.0,133,27,15,72,1,18,6.942028985507246,6.942028985507246,1.504,83.03965494547806,38.18209423329594,-5.288903479618431,67.91018599568798,0.9277463214702605,121.221749178774,0.04151982747273903,0.019091047116647972,0.060610874589387,0.8181818181818182,0.78,234,156,78,52,0,152,73.81784524288223,73.07831953071087,90,62,60,92,30.399999999999956,59.05427619430578,89.45427619430585,0.4856437187031726,36,30,16,16,21.72372291802099,0.0,21.72372291802099,0.0,1.0,0,42,0,5.54126580454834,0,1,40,0.0,-24.439188282773625,77,0,252,63,0,63,252,33,0,4345.5758166032365,434.55758166032365,8723.960799711911,872.396079971191,401.5029740940761,40.15029740940761,5475.345387053371,547.5345387053371,5625.0,562.5,0,0,0.04472713809715295,0.0,0.04472713809715295,0.04472713809715295,0.0,0.0,0.08,-0.0008000000000000006,-0.0006400000000000005,0.0,0.03690892262144112,0.03833132781228435,0.0,2.0544643747670475,0.047606221681532786,0.011901555420383196,0.006942129518174293,0.05770495415713486,-0.00011540990831426972,0.06503056482597007,0.16833636415180345,-0.1103036407312657,0.0030707636947390447,0.0,-0.013207649973810208,-0.0013965763181134213,-0.0009450000000000007,-0.00022157631811342112,-0.00023000000000000017,0.0,0.0,0.0,0.0,0.0,0.0,0.0,0.05571328360922166,0.0,0.0,0.0,0.0445706268873775,0.035781710477722245,0.008788916409655158,0.03131064125803479,-0.010577806959236862,0.04527345733045866,-0.0026444517398092155,0.033955092997843994,0.0030707636947390447,0.0030707636947390447,0.0013461783989767231,0.4589547590283852,0.1256675851631602,0.07483590053480536,0.0,0.0,0.02020759511523893,0.0,0.0,0.0,0.03833132781228435,0.0,0.0315,0.126,-0.004940098161912627,-0.0032050490844994783,-0.0017350490774131484,0.3157263342498077,0.2829460859298706,0.03278024831993712,0.8485797643661499,0.19615858793258667,2307,9063,0,0.012135553856690724,0.43158531818124984,0.01,0.32484543323516846,0.8225405216217041,0.7020524144172668,0.8245614171028137,3.3349883556365967,0.006941210478544235,0.25751808285713196,0.27286770939826965,0.002592566753729544,0.029519873360792797,0.22477075002259678,35,8,11370,2307,9063,0.06048773256218214,0.8300036502657885,432.14663542360586,rolling40_success_then_profit,0.827336191870776,435.2994444927166,40,True,0.8330227139582493,431.4081628267498,False,cuda,135.86279296875
277,318,200,True,285,285,1087,751,336,49,287,0.3091076356945722,0.045078196872125116,0.2640294388224471,0.5565912117177098,1.7842876165113182,0.7877364908847289,13.532624225641852,31.788784519333973,0.42201284733082006,0.472049503605788,0.02317280259811767,0.11204397177866868,0.04036863817871807,0.21239769543098228,0.47952450403122704,0.012456375815361222,0.1471297270897404,0.07185235206185332,0.1526755178731664,-0.007475000425439027,0.010716426782756448,-0.03508575531107172,-0.03148371388313525,0.059722177557815864,9.03771849126035,9.03771849126035,6.617295308187672,0.47010119595216193,0.10166847825010208,0.23824606564842557,-0.007474817837954102,-0.07954031398220887,-0.06681976300686346,265,20,0.9298245614035088,0.07017543859649122,1,0.0035087719298245615,0,20,1.0,-5.917329716333989,-6.116024550348516,0.1986948340145291,13.144407973208876,0.5257763189283551,-0.08,-0.07200000000000001,-0.12,-0.05508148491382599,19,67.54503971822982,0.0,131,25,15,81,3,20,6.722807017543859,6.722807017543859,1.5390984360625575,79.70702165341328,45.344343545856916,-5.001830720386974,65.07059212082179,0.9286191269321223,125.0513651992702,0.03985351082670664,0.02267217177292846,0.06252568259963509,0.8456140350877193,0.8033333333333333,241,153,88,44,0,149,69.85836655576813,69.03912455973406,80,69,63,86,29.799999999999972,55.8866932446145,85.68669324461456,0.46884809768971897,22,20,22,22,13.0883714262915,0.0,13.0883714262915,0.0,1.0,0,25,0,5.907270376216913,0,1,24,0.0,-14.724417854577931,84,0,287,49,0,49,287,20,0,4551.894936199985,455.1894936199985,9196.66721249812,919.666721249812,361.1160684347848,36.11160684347848,5729.945411583544,572.9945411583544,5435.0,543.5,0,0,0.04284334662230731,0.0,0.04284334662230731,0.04284334662230731,0.0,0.0,0.11,-0.0010999999999999985,-0.0008800000000000007,0.0,0.03492918327788406,0.03611564982389363,0.0,2.145056025098844,0.049780414923754894,0.012445103730938724,0.007264744923320921,0.0627669743701669,-0.0001255339487403338,0.0641565743604469,0.1474984810078514,-0.08397871732642527,0.0019058158236138654,0.0,-0.011524787188417498,-0.001072749182376854,-0.0007350000000000005,-0.00019024918237685402,-0.00014750000000000012,0.0,0.0,0.0,0.0,0.0,0.0,0.0,0.05406291640450552,0.0,0.0,0.0,0.043250333123604594,0.03427467729784574,0.008975655825758724,0.030034380700217432,-0.010003661440773947,0.04338039474721453,-0.002500915360193487,0.03253529606041089,0.0019058158236138654,0.0019058158236138654,0.0011675364466880763,0.44047933168106174,0.10234887025931957,0.04910615497546877,0.0,0.0,0.026676918569454467,0.0,0.0,0.0,0.03611564982389363,0.0,0.0245,0.1435,-0.004940098161912627,-0.0032050490844994783,-0.0017350490774131484,0.3157263342498077,0.2829460859298706,0.03278024831993712,0.8485797643661499,0.19615858793258667,2307,9063,0,0.012135553856690724,0.43158531818124984,0.01,0.32484543323516846,0.8225405216217041,0.7020524144172668,0.8245614171028137,3.3349883556365967,0.006941210478544235,0.25751808285713196,0.27286770939826965,0.002592566753729544,0.029519873360792797,0.22477075002259678,35,8,11370,2307,9063,0.06048773256218214,0.8300036502657885,432.14663542360586,rolling40_success_then_profit,0.827336191870776,435.2994444927166,40,True,0.8330227139582493,431.4081628267498,False,cuda,135.86279296875
278,319,200,True,271,271,1076,816,260,72,188,0.241635687732342,0.06691449814126393,0.17472118959107807,0.5551470588235294,1.7463235294117647,0.7647963379893232,13.88648615397659,25.910180435315066,0.41342195490729045,0.45430204361750215,0.025793254229367946,0.12715620558261506,0.044096860586661006,0.19955416638221518,0.461426875060972,0.013902237326107627,0.15949565675292238,0.07339201171956067,0.1523908547276412,-0.00712483144346987,0.01189101690326032,-0.032339451170307315,-0.029295151132899662,0.04716331165457399,9.697955390334572,9.697955390334572,7.103159851301116,0.4646840148698885,0.110509433911744,0.12273369814598241,0.07054878872300958,-0.06837214853838158,-0.05309910756036102,251,20,0.9261992619926199,0.07380073800738007,1,0.0036900369003690036,0,20,1.0,-6.060936547656706,-6.240442403852936,0.17950585619623124,12.469770165784821,0.49879080663139286,-0.08,-0.084,-0.12,-0.03528495043516159,19,81.33427131328895,0.0,144,31,14,51,1,20,7.166051660516605,7.166051660516605,1.579925650557621,94.3902691334317,39.39594037161197,-5.083937636394442,78.86699893362335,0.9394415614154076,133.78620950504367,0.04719513456671585,0.019697970185805984,0.06689310475252183,0.7852112676056338,0.7433333333333333,223,163,60,61,0,161,87.58479892701398,87.58479892701398,101,60,60,101,32.19999999999995,70.06783914161116,102.26783914161128,0.5440049622795899,47,37,14,14,30.566329711659474,0.0,30.566329711659474,0.0,1.0,0,52,0,4.580924579883551,0,1,47,0.0,-34.38712092561691,60,0,188,72,0,72,188,31,0,4526.6461042392975,452.66461042392973,9166.356196621073,916.6356196621073,386.71161475840404,38.67116147584041,5700.83116655626,570.083116655626,5380.0,538.0,0,0,0.051133919570805667,0.0,0.051133919570805667,0.051133919570805667,0.0,0.0,0.07,-0.0007000000000000005,-0.0005600000000000004,0.0,0.04379239946350697,0.045133919570805606,0.0,2.196047974808303,0.050844758247600624,0.012711189561900156,0.007444079718276645,0.0490527910127345,-9.810558202546901e-05,0.0687613012445185,0.1552619694545807,-0.09271390025892955,0.0030118954544485804,0.0,-0.012267356917099478,-0.0016418661110975286,-0.0010800000000000002,-0.00033936611109752865,-0.00022250000000000015,0.0,0.0,0.0,0.0,0.0,0.0,0.0,0.06304700355068023,0.0,0.0,0.0,0.05043760284054418,0.04090713565664438,0.00953046718389978,0.036891530648614515,-0.010167875272788883,0.05257799928908223,-0.002541968818197221,0.039433499466811676,0.0030118954544485804,0.0030118954544485804,0.0012569760959098742,0.463539297237624,0.12769217582635553,0.06382996890024537,0.0,0.0,0.03355742096183054,0.0,0.0,0.0,0.045133919570805606,0.0,0.036,0.094,-0.004940098161912627,-0.0032050490844994783,-0.0017350490774131484,0.3157263342498077,0.2829460859298706,0.03278024831993712,0.8485797643661499,0.19615858793258667,2307,9063,0,0.012135553856690724,0.43158531818124984,0.01,0.32484543323516846,0.8225405216217041,0.7020524144172668,0.8245614171028137,3.3349883556365967,0.006941210478544235,0.25751808285713196,0.27286770939826965,0.002592566753729544,0.029519873360792797,0.22477075002259678,35,8,11370,2307,9063,0.06048773256218214,0.8300036502657885,432.14663542360586,rolling40_success_then_profit,0.827336191870776,435.2994444927166,40,True,0.8330227139582493,431.4081628267498,False,cuda,135.86279296875
279,320,200,True,309,309,1143,708,435,58,377,0.3805774278215223,0.05074365704286964,0.32983377077865267,0.5324858757062146,1.7740112994350283,0.7803764637075575,13.695344869699856,30.201261863617574,0.4410672677348664,0.4832869912103071,0.026185687957594624,0.10018843760198287,0.04062910421914553,0.2157183788574727,0.48834964881340664,0.014678726743612081,0.136905278246271,0.06566781356044793,0.15317196582080955,-0.005062657603099541,0.011506961213982543,-0.03671684064428812,-0.025038709341302402,0.06254641303666314,8.964129483814522,8.964129483814522,6.874015748031496,0.40857392825896766,0.050063139164214975,0.21961975873554188,0.01090448012135199,-0.10764283086027515,-0.049695285312921264,291,18,0.941747572815534,0.05825242718446602,1,0.003236245954692557,0,18,1.0,-5.180508866647522,-5.349843512922523,0.16933464627500255,11.033366156875061,0.4413346462750025,-0.08,-0.07200000000000001,-0.12,0.0,17,79.0368037587919,0.0,133,18,15,115,1,17,6.26537216828479,6.26537216828479,1.5056867891513561,90.88396812670155,51.99806904698042,-5.164664939782035,77.97311472259545,0.9378782430712519,142.88203717368197,0.045441984063350774,0.02599903452349021,0.07144101858684099,0.8042704626334519,0.7533333333333333,226,152,74,55,0,150,86.49500587311232,86.49500587311232,101,49,47,103,29.999999999999957,69.19600469848987,99.19600469848993,0.5766333724874154,29,23,26,26,18.498116209629327,0.0,18.498116209629327,0.0,1.0,0,31,0,4.745584492210949,0,0,29,0.0,-20.81038073583299,73,0,377,58,0,58,377,19,0,4243.400215166488,424.3400215166488,8368.551032625333,836.8551032625334,358.0121995114169,35.80121995114169,5344.108865589747,534.4108865589748,5715.0,571.5,0,0,0.049598002349244955,0.0,0.049598002349244955,0.049598002349244955,0.0,0.0,0.13,-0.0012999999999999965,-0.0010400000000000008,0.0,0.04324750293655616,0.04489800234924492,0.0,2.075430609797689,0.04791187664339342,0.011977969160848355,0.007084074132485356,0.027836694625052786,-5.567338925010557e-05,0.0642378763215004,0.14370609785594574,-0.08840778308527532,0.0018425413757560483,0.0,-0.011355477291824397,-0.001282041361842476,-0.0008700000000000007,-0.0002345413618424758,-0.00017750000000000014,0.0,0.0,0.0,0.0,0.0,0.0,0.0,0.06022029812084321,0.0,0.0,0.0,0.04817623849667445,0.03967840187939588,0.00849783661727866,0.03640422489140668,-0.010329329879564069,0.05198207648173028,-0.0025823324698910173,0.038986557361297726,0.0018425413757560483,0.0018425413757560483,0.001036063630233209,0.4127254001837716,0.08959930893993438,0.048494104572162855,0.0,0.0,0.023248395112005327,0.0,0.0,0.0,0.04489800234924492,0.0,0.029,0.1885,-0.004940098161912627,-0.0032050490844994783,-0.0017350490774131484,0.3157263342498077,0.2829460859298706,0.03278024831993712,0.8485797643661499,0.19615858793258667,2307,9063,0,0.012135553856690724,0.43158531818124984,0.01,0.32484543323516846,0.8225405216217041,0.7020524144172668,0.8245614171028137,3.3349883556365967,0.006941210478544235,0.25751808285713196,0.27286770939826965,0.002592566753729544,0.029519873360792797,0.22477075002259678,35,8,11370,2307,9063,0.06048773256218214,0.8300036502657885,432.14663542360586,rolling40_success_then_profit,0.827336191870776,435.2994444927166,40,True,0.8330227139582493,431.4081628267498,False,cuda,135.86279296875
280,321,200,True,280,280,1110,726,384,76,308,0.34594594594594597,0.06846846846846846,0.2774774774774775,0.59366391184573,1.7011019283746556,0.7772393593816062,13.753585425290195,31.77328899601274,0.3934111981088039,0.4712885184105763,0.018778259924949036,0.13065343056664322,0.027434901170786626,0.2350872140685635,0.4811349221538578,0.011243037989788969,0.1718152544253375,0.04921364853897494,0.16377553609571838,-0.009846403743281495,0.007535221935160067,-0.04116182385869427,-0.021778747368188314,0.07131167797284513,9.096396396396397,9.096396396396397,6.863963963963964,0.4198198198198198,0.14046195441217466,0.24307052294677486,-0.006789006872216752,-0.08531748550153156,-0.08878134854200276,261,19,0.9321428571428572,0.06785714285714285,0,0.0,0,19,1.0,-5.470537908899988,-5.956004126071928,0.48546621717194,12.136655429298498,0.48546621717194,0.0,0.0,0.0,0.0,19,67.65794944073063,0.0,121,25,17,86,2,19,6.878571428571429,6.878571428571429,1.5072072072072071,79.80186929432493,50.90761023493856,-4.143968703573815,66.41244796101765,0.9412673021183422,130.7094795292635,0.03990093464716247,0.02545380511746928,0.06535473976463174,0.8732394366197183,0.8266666666666667,248,152,96,36,0,149,71.57508554543404,70.9655460011416,88,61,57,92,29.799999999999958,57.26006843634723,87.06006843634731,0.48036970164720827,17,14,19,19,10.098550242226963,0.0,10.098550242226963,0.0,1.0,0,18,0,5.7679704907269755,0,1,17,0.0,-11.360869022505334,94,0,308,76,0,76,308,14,0,4440.285797638642,444.02857976386423,8883.778181007865,888.3778181007865,330.2439608597298,33.02439608597298,5591.913082096908,559.1913082096908,5550.0,555.0,0,0,0.04353003421817367,0.0,0.04353003421817367,0.04353003421817367,0.0,0.0,0.095,-0.0009500000000000006,-0.0007600000000000006,0.0,0.035787542772717014,0.03748621840045665,0.0,2.126898281603737,0.04869936203000338,0.012174840507500844,0.00678874690688848,0.14040220297097844,-0.00028080440594195686,0.06409130403045017,0.1456156666722745,-0.07744072268932453,0.0028405937164170158,0.0,-0.010386055630376177,-0.0016112593590478657,-0.00114,-0.0002262593590478658,-0.0002450000000000002,0.0,0.0,0.0,0.0,0.0,0.0,0.0,0.05447407031973238,0.0,0.0,0.0,0.04357925625578608,0.03482402737453883,0.008755228881247157,0.031134239628721902,-0.00828793740714763,0.044274965307345114,-0.0020719843517869076,0.03320622398050883,0.0028405937164170158,0.0028405937164170158,0.001084422249893348,0.42868066802826293,0.11144442789898787,0.04709383021870005,0.0,0.0,0.01796060103208968,0.0,0.0,0.0,0.03748621840045665,0.0,0.038,0.154,-0.004940098161912627,-0.0032050490844994783,-0.0017350490774131484,0.3157263342498077,0.2829460859298706,0.03278024831993712,0.8485797643661499,0.19615858793258667,2307,9063,0,0.012135553856690724,0.43158531818124984,0.01,0.32484543323516846,0.8225405216217041,0.7020524144172668,0.8245614171028137,3.3349883556365967,0.006941210478544235,0.25751808285713196,0.27286770939826965,0.002592566753729544,0.029519873360792797,0.22477075002259678,35,8,11370,2307,9063,0.06048773256218214,0.8300036502657885,432.14663542360586,rolling40_success_then_profit,0.827336191870776,435.2994444927166,40,True,0.8330227139582493,431.4081628267498,False,cuda,135.86279296875
281,322,200,True,306,306,1174,717,457,59,398,0.389267461669506,0.05025553662691652,0.3390119250425894,0.5495118549511855,1.7768479776847979,0.7810741820719451,14.185204217290945,28.870656304778414,0.4464132030816561,0.48363359683976515,0.02047065015741971,0.13803238566637538,0.045477526617655986,0.20678241830449057,0.49250308793126457,0.011122456152963672,0.1753178010779112,0.06760812256205308,0.1521929644588563,-0.008869491091499426,0.009348194004456037,-0.03728541541153582,-0.02213059594439709,0.05458945384563427,8.43015332197615,8.43015332197615,6.325383304940375,0.42589437819420783,0.12546913698787654,0.1780610530086268,0.031463251152405065,-0.06299728534335146,-0.03444599115876985,290,16,0.9477124183006536,0.05228758169934641,0,0.0,0,16,1.0,-5.5710419186398425,-5.995648816227907,0.42460689758806597,10.615172439701645,0.42460689758806597,0.0,0.0,0.0,0.0,16,57.70722702911728,0.0,124,22,16,117,1,16,6.336601307189542,6.336601307189542,1.4761499148211243,69.26967219750007,31.64442644839802,-5.112527193475515,55.198356627258896,0.9152304381963332,100.9140986458981,0.03463483609875004,0.015822213224199008,0.050457049322949046,0.8368794326241135,0.7866666666666666,236,146,90,46,0,144,57.85098382970962,57.04254223299573,71,73,71,73,28.79999999999997,46.28078706376768,75.08078706376774,0.4017429432618724,28,23,18,18,17.392358209231457,1.0,16.392358209231457,0.0,1.0,1,28,0,5.199356547957282,0,0,27,-1.2000000000000002,-18.441402985385384,88,0,398,59,0,59,398,17,0,4206.370735250764,420.63707352507635,8040.142185366971,804.0142185366971,355.5354785043757,35.55354785043757,5295.839845459958,529.5839845459958,5870.0,587.0,0,0,0.0375403935318839,0.0,0.0375403935318839,0.0375403935318839,0.0,0.0,0.09,-0.0009000000000000007,-0.0007200000000000005,0.0,0.028925491914854804,0.03001701689319829,0.0,2.042298416295505,0.046821080272425666,0.011705270068106417,0.006781887524974315,0.06842031935864802,-0.00013684063871729604,0.06195298423523497,0.1449132778733937,-0.09389640397151708,0.002046700618449381,0.0,-0.011639209678368784,-0.001342108618160563,-0.0008850000000000007,-0.00019710861816056322,-0.00026000000000000014,0.0,0.0,0.0,0.0,0.0,0.0,0.0,0.048208822961272914,0.0,0.0,0.0,0.038567058369018345,0.030032314825507004,0.00853474354351133,0.02504291471689174,-0.01022505438695103,0.036798904418172594,-0.0025562635967377573,0.027599178313629447,0.002046700618449381,0.002046700618449381,0.0008631150229523575,0.42080196264981906,0.1085285710382498,0.048087476433850335,0.0,0.0,0.026986042273303156,0.0,0.0,0.0,0.03001701689319829,0.0,0.0295,0.199,-0.002374116579691569,-0.0007126813133557637,-0.0016614352663358054,0.378780030976567,0.3421320617198944,0.036647969256672595,0.8476653099060059,0.20819491147994995,2306,9097,0,0.009572102998693785,0.4034991552432378,0.01,0.30264735221862793,0.8362898230552673,0.7208157777786255,0.8346707224845886,3.308673143386841,-0.0006149864639155567,0.27300581336021423,0.4897218644618988,0.0014849536116849373,0.015223662343083156,0.21620075197683442,36,8,11403,2306,9097,0.06311402650242431,0.8066960505647751,431.6301721055959,rolling40_success_then_profit,0.8250687130161927,434.5595113303558,40,True,0.8330227139582493,431.4081628267498,False,cuda,136.3046875
282,323,200,True,301,301,1022,685,337,34,303,0.32974559686888455,0.033268101761252444,0.2964774951076321,0.5547445255474452,1.7576642335766424,0.7614842695041294,14.175354060987486,29.728052980186295,0.48779701975277917,0.4741162185903883,0.03545982613615746,0.10167576196963769,0.03616399808385729,0.19604813511870856,0.4764677166721247,0.02014872287637996,0.137301867196921,0.0560790661640846,0.14754518813650755,-0.0023514980817363473,0.015311103259777501,-0.03562610522728331,-0.019915068080227305,0.048502946982201006,9.13013698630137,9.13013698630137,6.908023483365949,0.4070450097847358,0.07246627590040072,0.36406755244212385,0.07722116898210324,-0.06790029874691436,-0.057636853344846625,281,20,0.9335548172757475,0.0664451827242525,0,0.0,0,20,1.0,-4.46936236270667,-5.019812361449002,0.5504499987423335,13.761249968558335,0.5504499987423335,0.0,0.0,0.0,0.0,20,87.86406315438063,0.0,152,21,11,87,0,20,6.498338870431894,6.498338870431894,1.652641878669276,103.49777216548752,54.83345257928716,-4.9033574009664145,86.33180987633871,0.9462558402938761,158.3312247447747,0.05174888608274376,0.027416726289643582,0.07916561237238734,0.7877697841726619,0.73,219,171,48,59,0,169,96.53759867871976,96.53759867871976,110,59,58,111,33.79999999999998,77.23007894297581,111.03007894297583,0.5712283945486376,39,28,20,20,23.639999907631275,0.0,23.639999907631275,0.0,1.0,0,44,0,5.453751789231563,0,1,40,0.0,-26.594999896085184,48,0,303,34,0,34,303,32,0,4915.20750214143,491.52075021414305,9689.254088601065,968.9254088601065,383.69254929505445,38.369254929505445,6189.032936505256,618.9032936505256,5110.0,511.0,0,0,0.05551503947148793,0.0,0.05551503947148793,0.05551503947148793,0.0,0.0,0.1,-0.0010000000000000007,-0.0008000000000000006,0.0,0.04826879933935989,0.04971503947148787,0.0,2.404220117384711,0.05509214925250143,0.013773037313125357,0.007839500446071275,0.12180885224594167,-0.00024361770449188332,0.07270864075450505,0.12362813026463484,-0.06275891928235643,0.002077481360151783,0.0,-0.012150580323241686,-0.0007348985986150116,-0.0005100000000000004,-0.0001248985986150118,-0.00010000000000000006,0.0,0.0,0.0,0.0,0.0,0.0,0.0,0.06804445908012123,0.0,0.0,0.0,0.05443556726409715,0.04441203157719023,0.01002353568690681,0.04071422623768612,-0.009806714801932829,0.05755453991755917,-0.002451678700483207,0.04316590493816935,0.002077481360151783,0.002077481360151783,0.0013220256283134211,0.4478001371889663,0.09609859596632093,0.0470344678265564,0.0,0.0,0.035993585302849324,0.0,0.0,0.0,0.04971503947148787,0.0,0.017,0.1515,-0.002374116579691569,-0.0007126813133557637,-0.0016614352663358054,0.378780030976567,0.3421320617198944,0.036647969256672595,0.8476653099060059,0.20819491147994995,2306,9097,0,0.009572102998693785,0.4034991552432378,0.01,0.30264735221862793,0.8362898230552673,0.7208157777786255,0.8346707224845886,3.308673143386841,-0.0006149864639155567,0.27300581336021423,0.4897218644618988,0.0014849536116849373,0.015223662343083156,0.21620075197683442,36,8,11403,2306,9097,0.06311402650242431,0.8066960505647751,431.6301721055959,rolling40_success_then_profit,0.8250687130161927,434.5595113303558,40,True,0.8330227139582493,431.4081628267498,False,cuda,136.3046875
283,324,200,True,260,260,1115,804,311,78,233,0.2789237668161435,0.06995515695067264,0.20896860986547086,0.5907960199004975,1.6865671641791045,0.7537179154469006,14.1506117149372,27.462022774774045,0.4317218393989787,0.4513981353065268,0.018226206460179976,0.08074068805360379,0.04062883754837702,0.20431196041154995,0.45545253717335893,0.009532004882076487,0.11190280920955635,0.06801430502007554,0.15338431847796066,-0.004054401866832147,0.008694201578103489,-0.031162121155952557,-0.027385467471698517,0.050927641933589285,9.674439461883408,9.674439461883408,7.397309417040359,0.420627802690583,0.1104187669722833,0.009519973816570621,0.027577147109976177,-0.007344579879047348,-0.07935647342835295,243,17,0.9346153846153846,0.06538461538461539,0,0.0,0,17,1.0,-4.847232516531476,-5.34380105063319,0.49656853410171425,12.414213352542856,0.49656853410171425,0.0,0.0,0.0,0.0,17,72.18685296559897,0.0,131,26,16,60,0,17,7.388461538461539,7.388461538461539,1.5300448430493274,85.67391853343325,43.266606379791256,-5.507281280711101,71.24322876589153,0.928244368964231,128.94052491322452,0.04283695926671663,0.021633303189895627,0.06447026245661226,0.8191489361702128,0.77,231,154,77,51,0,151,76.85325264475814,76.04195775874837,87,64,52,99,30.19999999999997,61.482602115806515,91.68260211580662,0.5089619380447559,31,25,20,20,19.97274764923479,0.0,19.97274764923479,0.0,1.0,0,34,0,4.639951968952789,0,1,29,0.0,-22.469341105389145,77,0,233,78,0,78,233,19,0,4520.078571433438,452.0078571433438,8666.690319331346,866.6690319331346,381.2607697335928,38.126076973359275,5691.499045559038,569.1499045559037,5575.0,557.5,0,0,0.045841301057903315,0.0,0.045841301057903315,0.045841301057903315,0.0,0.0,0.1,-0.0010000000000000007,-0.0008000000000000006,0.0,0.03842662632237909,0.04021678310349936,0.0,2.170081543144917,0.050134870756513496,0.012533717689128374,0.007278702740428327,0.06989069319987967,-0.00013978138639975937,0.06501637751957456,0.1571879713731717,-0.08618216772916322,0.002897033313202131,0.0,-0.01262197667871625,-0.0017463841255016103,-0.0011699999999999996,-0.0003163841255016098,-0.0002600000000000002,0.0,0.0,0.0,0.0,0.0,0.0,0.0,0.05723523736063194,0.0,0.0,0.0,0.04578818988850544,0.036673040846322544,0.009115149042182937,0.03286797374259013,-0.011014562561422202,0.047495485843927675,-0.0027536406403555506,0.03562161438294577,0.002897033313202131,0.002897033313202131,0.001015244086794555,0.4405151348021428,0.09298889912584371,0.047375807123020364,0.0,0.0,0.027563442085695347,0.0,0.0,0.0,0.04021678310349936,0.0,0.039,0.1165,-0.002374116579691569,-0.0007126813133557637,-0.0016614352663358054,0.378780030976567,0.3421320617198944,0.036647969256672595,0.8476653099060059,0.20819491147994995,2306,9097,0,0.009572102998693785,0.4034991552432378,0.01,0.30264735221862793,0.8362898230552673,0.7208157777786255,0.8346707224845886,3.308673143386841,-0.0006149864639155567,0.27300581336021423,0.4897218644618988,0.0014849536116849373,0.015223662343083156,0.21620075197683442,36,8,11403,2306,9097,0.06311402650242431,0.8066960505647751,431.6301721055959,rolling40_success_then_profit,0.8250687130161927,434.5595113303558,40,True,0.8330227139582493,431.4081628267498,False,cuda,136.3046875
284,325,200,True,311,311,1169,796,373,49,324,0.31907613344739094,0.041916167664670656,0.2771599657827203,0.5590452261306532,1.7248743718592965,0.7474910910779508,15.404321070292488,25.473912042607765,0.41476234635928305,0.4629114696465845,0.03736550602406712,0.10130088801856092,0.026789733262536065,0.22672687872458044,0.46248195580576534,0.0209169640725282,0.13332147034874944,0.045666676038061856,0.16134038139789847,0.000429513840819129,0.016448541951538925,-0.03202058233018852,-0.01887694277552579,0.06538649732668197,9.084687767322498,9.084687767322498,6.801539777587681,0.39093242087254065,0.04297219675306099,-0.08736552872785346,-0.009486544444683045,-0.009844445589320452,-0.029791998950799484,294,17,0.9453376205787781,0.05466237942122187,0,0.0,0,17,1.0,-5.888250479310183,-6.321797548010945,0.43354706870076254,10.838676717519062,0.43354706870076254,0.0,0.0,0.0,0.0,17,99.64556145798703,0.0,146,27,15,96,0,17,6.315112540192926,6.315112540192926,1.4961505560307955,110.80449080791983,36.98892477923289,-4.308604920393165,98.8668665395833,0.9582400268259056,147.7934155871527,0.05540224540395992,0.018494462389616443,0.07389670779357635,0.6550522648083623,0.6266666666666667,188,163,25,99,0,163,115.44618977810471,115.44618977810471,125,38,37,126,32.59999999999996,92.35695182248374,124.95695182248382,0.7082588329945074,71,56,28,28,51.1727438577398,0.0,51.1727438577398,0.0,1.0,0,75,0,3.344606618652318,0,1,62,0.0,-57.56933683995728,25,0,324,49,0,49,324,33,0,4040.251674143369,404.0251674143369,8094.890484933797,809.4890484933796,379.1700604976862,37.917006049768624,5092.515111628455,509.25151116284553,5845.0,584.5,0,0,0.062478475911241886,0.0,0.062478475911241886,0.062478475911241886,0.0,0.0,0.14,-0.0013999999999999943,-0.0011200000000000008,0.0,0.05772309488905235,0.05877847591124185,0.0,2.0201258370716846,0.04833142311365111,0.012082855778412777,0.007132768448480319,0.031684192567931715,-6.336838513586343e-05,0.06906052524358,0.14752318897974107,-0.07182993996849758,0.0027749106740645817,0.0,-0.012005484642782354,-0.0010938437345276782,-0.0007350000000000005,-0.00017384373452767818,-0.00018500000000000008,0.0,0.0,0.0,0.0,0.0,0.0,0.0,0.07309796330451877,0.0,0.0,0.0,0.058478370643615045,0.04998278072899348,0.008495589914621557,0.04727913080959504,-0.00861720984078633,0.0659112443597222,-0.0021543024601965825,0.049433433269791646,0.0027749106740645817,0.0027749106740645817,0.001819982363147044,0.42160034749588504,0.09761322904466421,0.046395470386518124,0.0,0.0,0.03959527550403881,0.0,0.0,0.0,0.05877847591124185,0.0,0.0245,0.162,-0.002374116579691569,-0.0007126813133557637,-0.0016614352663358054,0.378780030976567,0.3421320617198944,0.036647969256672595,0.8476653099060059,0.20819491147994995,2306,9097,0,0.009572102998693785,0.4034991552432378,0.01,0.30264735221862793,0.8362898230552673,0.7208157777786255,0.8346707224845886,3.308673143386841,-0.0006149864639155567,0.27300581336021423,0.4897218644618988,0.0014849536116849373,0.015223662343083156,0.21620075197683442,36,8,11403,2306,9097,0.06311402650242431,0.8066960505647751,431.6301721055959,rolling40_success_then_profit,0.8250687130161927,434.5595113303558,40,True,0.8330227139582493,431.4081628267498,False,cuda,136.3046875
285,326,200,True,304,304,1096,719,377,38,339,0.34397810218978103,0.03467153284671533,0.3093065693430657,0.5479833101529903,1.7385257301808066,0.7779495330198418,13.593034050560794,28.781402646749175,0.4719269717095102,0.47834142389731876,0.02874854021551546,0.10863400192125616,0.038987895605958715,0.20368713640733538,0.4831562717451671,0.016579863336843973,0.14444354811478638,0.055982926194989985,0.15290198804647434,-0.004814847847848358,0.012168676878671486,-0.03580954619353022,-0.01699503058903127,0.05078514836086104,8.623175182481752,8.623175182481752,6.3950729927007295,0.416970802919708,0.18394739870861365,0.2110609540489616,0.08790509550724462,-0.06275725454790013,-0.05960249654186467,285,19,0.9375,0.0625,1,0.003289473684210526,0,19,1.0,-5.170564978006936,-5.234527584239835,0.06396260623289998,11.699065155822497,0.46796260623290004,-0.08,-0.20400000000000001,-0.12,0.0,18,82.57039266122484,0.0,139,20,17,99,0,19,6.3355263157894735,6.3355263157894735,1.5383211678832116,94.7244682596377,49.461465378111676,-5.46153598144101,80.5599548277502,0.9365096334640893,144.18593363774937,0.04736223412981885,0.02473073268905584,0.07209296681887468,0.784452296819788,0.74,222,162,60,61,0,159,90.0162385331638,90.0162385331638,101,58,53,106,31.79999999999997,72.01299082653104,103.81299082653113,0.5661398649884516,36,26,25,25,22.78840308284218,0.0,22.78840308284218,0.0,1.0,0,41,0,4.873040076514933,0,2,37,0.0,-25.63695346819746,60,0,339,38,0,38,339,28,0,4383.560811649331,438.35608116493313,8795.842797598962,879.5842797598962,392.34692256838235,39.23469225683824,5522.572245087205,552.2572245087206,5495.0,549.5,0,0,0.051906495413265585,0.0,0.051906495413265585,0.051906495413265585,0.0,0.0,0.125,-0.0012499999999999976,-0.0010000000000000007,0.0,0.045008119266581915,0.04660649541326553,0.0,2.093659940636876,0.04834978218378799,0.012087445545946998,0.00710014113856792,0.0422725928423427,-8.454518568468541e-05,0.06768946136335366,0.13688778569945034,-0.06269713072031742,0.0012927944262641946,0.0,-0.012338745167114237,-0.0008507253765498871,-0.0005700000000000004,-0.0001732253765498869,-0.00010750000000000007,0.0,0.0,0.0,0.0,0.0,0.0,0.0,0.0626593957735278,0.0,0.0,0.0,0.05012751661882224,0.04152519633061232,0.008602320288209857,0.03754920942315449,-0.01092307196288202,0.05370663655183345,-0.002730767990720505,0.0402799774138751,0.0012927944262641946,0.0012927944262641946,0.0011991652813553818,0.421453122051781,0.08762959350034662,0.043215021010411865,0.0,0.0,0.03191741667240119,0.0,0.0,0.0,0.04660649541326553,0.0,0.019,0.1695,-0.002374116579691569,-0.0007126813133557637,-0.0016614352663358054,0.378780030976567,0.3421320617198944,0.036647969256672595,0.8476653099060059,0.20819491147994995,2306,9097,0,0.009572102998693785,0.4034991552432378,0.01,0.30264735221862793,0.8362898230552673,0.7208157777786255,0.8346707224845886,3.308673143386841,-0.0006149864639155567,0.27300581336021423,0.4897218644618988,0.0014849536116849373,0.015223662343083156,0.21620075197683442,36,8,11403,2306,9097,0.06311402650242431,0.8066960505647751,431.6301721055959,rolling40_success_then_profit,0.8250687130161927,434.5595113303558,40,True,0.8330227139582493,431.4081628267498,False,cuda,136.3046875
286,327,200,True,263,263,1250,914,336,68,268,0.2688,0.0544,0.2144,0.5853391684901532,1.6652078774617067,0.7839334145742641,13.569966506123283,26.156308164938274,0.4027411878521399,0.439941535550995,0.011701798103179138,0.1417651874272059,0.06452080796073299,0.19694146399001064,0.45163298717799805,0.005743973886418917,0.17241977089486152,0.09658052629566521,0.1456560487971036,-0.011691451627003024,0.005957824216760221,-0.03065458346765562,-0.03205971833493222,0.05128541519290705,8.7928,8.7928,6.416,0.42,0.029418474731845317,0.14718823563508449,0.0709557190880113,-0.09395576004087446,-0.06730346883112388,249,14,0.9467680608365019,0.053231939163498096,1,0.0038022813688212928,0,14,1.0,-6.968919052504788,-7.036150757595891,0.06723170509110266,9.645166151392052,0.3858066460556822,-0.08,-0.108,-0.12,-0.010574940964579583,13,50.38114735783169,0.0,113,33,16,76,1,14,7.365019011406844,7.365019011406844,1.4088,58.92263966061583,30.09992789023437,-6.373797256344978,46.02861865761838,0.8783682556390193,89.0225675508502,0.029461319830307916,0.015049963945117184,0.0445112837754251,0.8745387453874539,0.79,237,136,101,34,0,133,47.633783212292954,46.470542746612,56,77,72,61,26.59999999999996,38.10702656983436,64.70702656983441,0.3581487459570899,15,13,19,19,8.493238676479153,0.0,8.493238676479153,0.0,1.0,0,18,0,6.438778291831467,0,1,17,0.0,-9.55489351103905,98,0,268,68,0,68,268,14,0,3870.9180370200534,387.09180370200534,7296.475945333947,729.6475945333947,386.3686964054274,38.63686964054274,4874.108732314712,487.4108732314712,6250.0,625.0,0,0,0.03235351328491725,0.0,0.03235351328491725,0.03235351328491725,0.0,0.0,0.095,-0.0009500000000000008,-0.0007600000000000006,0.0,0.023816891606146477,0.0244882170986448,0.0,1.869471157403727,0.04273415581016792,0.01068353895254198,0.0061975286731007885,0.062265927743197634,-0.00012453185548639528,0.056869815931500464,0.18508593696294234,-0.11650263263863264,0.001354798551222012,0.0,-0.013385652553567771,-0.0015264056427160525,-0.0010200000000000007,-0.00030390564271605224,-0.00020250000000000015,0.0,0.0,0.0,0.0,0.0,0.0,0.0,0.04196252038197274,0.0,0.0,0.0,0.0335700163055781,0.02588281062793369,0.007687205677644512,0.0198274107006367,-0.012747594512689956,0.030685745771745602,-0.003186898628172489,0.023014309328809192,0.001354798551222012,0.001354798551222012,0.0011279621736456956,0.4112147906981971,0.1202607966136337,0.07362101582156251,0.0,0.0,0.010377863921652693,0.0,0.0,0.0,0.0244882170986448,0.0,0.034,0.134,-0.002374116579691569,-0.0007126813133557637,-0.0016614352663358054,0.378780030976567,0.3421320617198944,0.036647969256672595,0.8476653099060059,0.20819491147994995,2306,9097,0,0.009572102998693785,0.4034991552432378,0.01,0.30264735221862793,0.8362898230552673,0.7208157777786255,0.8346707224845886,3.308673143386841,-0.0006149864639155567,0.27300581336021423,0.4897218644618988,0.0014849536116849373,0.015223662343083156,0.21620075197683442,36,8,11403,2306,9097,0.06311402650242431,0.8066960505647751,431.6301721055959,rolling40_success_then_profit,0.8250687130161927,434.5595113303558,40,True,0.8330227139582493,431.4081628267498,False,cuda,136.3046875
287,328,200,True,289,289,1104,729,375,53,322,0.33967391304347827,0.04800724637681159,0.2916666666666667,0.5034293552812071,1.784636488340192,0.7548573565540326,15.888501817470388,27.663531836168264,0.42673214307699714,0.46595747167926754,0.016878743107917378,0.09771573082614174,0.03111917152681448,0.22003689806126517,0.4771430991559362,0.009359948819986096,0.13312945186143896,0.0704307870681312,0.154319896680828,-0.01118562747666868,0.007518794287931282,-0.03541372103529722,-0.03931161554131672,0.06571700138043718,8.408514492753623,8.408514492753623,6.088768115942029,0.4257246376811594,0.1381914189188622,-0.0130990937411937,0.0386259874241185,-0.08921706085598062,-0.03230493271375563,270,19,0.9342560553633218,0.0657439446366782,0,0.0,0,19,1.0,-4.90719450472742,-5.477102202624079,0.5699076978966603,14.247692447416508,0.5699076978966603,0.0,0.0,0.0,0.0,19,61.86305521929025,0.0,133,23,12,92,0,19,6.602076124567474,6.602076124567474,1.5217391304347827,74.1507586800443,38.80539527083701,-4.48034537925603,59.80728502407566,0.9303078158092473,112.95615395088132,0.037075379340022155,0.019402697635418506,0.05647807697544066,0.8375451263537906,0.7733333333333333,232,153,79,45,0,147,63.13201189455248,62.286023780140994,75,72,66,81,29.399999999999956,50.505609515642014,79.90560951564207,0.429469468670425,24,20,21,21,15.685817221317869,1.0,14.685817221317869,0.0,1.0,1,24,0,4.408965064869678,0,0,20,-1.2000000000000002,-16.5215443739826,76,0,322,53,0,53,322,15,0,4431.095780070246,443.10957800702465,9021.94570127163,902.194570127163,349.3629823799087,34.93629823799087,5581.277774669577,558.1277774669577,5540.0,554.0,0,0,0.03995280475782107,0.0,0.03995280475782107,0.03995280475782107,0.0,0.0,0.105,-0.0010499999999999995,-0.0008400000000000007,0.0,0.03156600594727623,0.0329144095120564,0.0,2.022286892565533,0.04695532637355731,0.011738831593389327,0.006957113837327372,0.02351018248170658,-4.702036496341316e-05,0.06305810167729949,0.14180851406963496,-0.06773146305170745,0.003119720877486304,0.0,-0.011312281173794259,-0.0011632372919128404,-0.0007950000000000006,-0.00021573729191284036,-0.0001525000000000001,0.0,0.0,0.0,0.0,0.0,0.0,0.0,0.05059461598624681,0.0,0.0,0.0,0.04047569278899751,0.03196224380625674,0.008513448982740781,0.027663469822409793,-0.008960690758512059,0.039871523349383764,-0.0022401726896280148,0.02990364251203783,0.003119720877486304,0.003119720877486304,0.0009857003936544061,0.4254561506837563,0.09418154927661469,0.050305604802888274,0.0,0.0,0.015975324216985484,0.0,0.0,0.0,0.0329144095120564,0.0,0.0265,0.161,-0.002374116579691569,-0.0007126813133557637,-0.0016614352663358054,0.378780030976567,0.3421320617198944,0.036647969256672595,0.8476653099060059,0.20819491147994995,2306,9097,0,0.009572102998693785,0.4034991552432378,0.01,0.30264735221862793,0.8362898230552673,0.7208157777786255,0.8346707224845886,3.308673143386841,-0.0006149864639155567,0.27300581336021423,0.4897218644618988,0.0014849536116849373,0.015223662343083156,0.21620075197683442,36,8,11403,2306,9097,0.06311402650242431,0.8066960505647751,431.6301721055959,rolling40_success_then_profit,0.8250687130161927,434.5595113303558,40,True,0.8330227139582493,431.4081628267498,False,cuda,136.3046875
288,329,200,True,272,272,1167,869,298,55,243,0.25535561268209084,0.04712939160239932,0.20822622107969152,0.5477560414269275,1.7825086306098965,0.7418895387642677,14.648225944527823,29.735865663124038,0.4737640835572163,0.4804966958503317,0.017999534339775837,0.10610714805997282,0.04210502946732182,0.2027572010685577,0.4944923637205493,0.010656656733830861,0.14678845529726378,0.07146220649989114,0.14633969216681458,-0.013995667870217554,0.007342877605944976,-0.040681307237290965,-0.02935717703256932,0.05641750890174313,10.617823479005999,10.617823479005999,7.980291345329905,0.49271636675235647,0.15006050075912242,0.23034983140575313,-0.018251509814279542,-0.022655929025835516,-0.04934561858025237,256,16,0.9411764705882353,0.058823529411764705,0,0.0,0,16,1.0,-5.38105622073463,-5.863868056684728,0.4828118359501007,12.070295898752518,0.4828118359501007,0.0,0.0,0.0,0.0,16,69.65871010966518,0.0,134,27,18,67,0,16,7.044117647058823,7.044117647058823,1.480719794344473,81.27739665802913,46.40310835022889,-6.360694970034918,66.55507880532201,0.912766543633874,127.68050500825802,0.040638698329014566,0.023201554175114446,0.06384025250412902,0.8581818181818182,0.7866666666666666,236,157,79,39,0,153,70.8417345463518,70.8417345463518,83,70,62,91,30.599999999999966,56.67338763708145,87.27338763708156,0.46301787285197255,18,15,21,21,12.258911542273978,0.0,12.258911542273978,0.0,1.0,0,21,0,4.0457355463151785,0,0,18,0.0,-13.791275485058224,77,0,243,55,0,55,243,11,0,4162.930656739034,416.2930656739034,8155.8966833323575,815.5896683332357,438.05737541537366,43.80573754153737,5245.781841384258,524.5781841384257,5835.0,583.5,0,0,0.04363669381854081,0.0,0.04363669381854081,0.04363669381854081,0.0,0.0,0.105,-0.0010499999999999995,-0.0008400000000000007,0.0,0.03542086727317591,0.03743669381854075,0.0,1.968040501738853,0.04645401634825896,0.01161350408706474,0.006933358718340602,0.009332428189067002,-1.8664856378134005e-05,0.06526382557823249,0.17798335226162337,-0.10450810844593722,0.0024013381579597007,0.0,-0.014970945029870529,-0.0011936326795143424,-0.0008250000000000006,-0.00020113267951434266,-0.00016750000000000011,0.0,0.0,0.0,0.0,0.0,0.0,0.0,0.054181533049227244,0.0,0.0,0.0,0.04334522643938189,0.0349093550548325,0.008435871384549319,0.030097191917643557,-0.012721389940069836,0.04437005253688131,-0.003180347485017459,0.033277539402661004,0.0024013381579597007,0.0024013381579597007,0.0011099189372733229,0.4522259306345098,0.10915757578120582,0.05349192877239599,0.0,0.0,0.020522305137127196,0.0,0.0,0.0,0.03743669381854075,0.0,0.0275,0.1215,-0.002374116579691569,-0.0007126813133557637,-0.0016614352663358054,0.378780030976567,0.3421320617198944,0.036647969256672595,0.8476653099060059,0.20819491147994995,2306,9097,0,0.009572102998693785,0.4034991552432378,0.01,0.30264735221862793,0.8362898230552673,0.7208157777786255,0.8346707224845886,3.308673143386841,-0.0006149864639155567,0.27300581336021423,0.4897218644618988,0.0014849536116849373,0.015223662343083156,0.21620075197683442,36,8,11403,2306,9097,0.06311402650242431,0.8066960505647751,431.6301721055959,rolling40_success_then_profit,0.8250687130161927,434.5595113303558,40,True,0.8330227139582493,431.4081628267498,False,cuda,136.3046875
289,330,200,True,268,268,1175,836,339,89,250,0.2885106382978723,0.07574468085106383,0.2127659574468085,0.5598086124401914,1.7416267942583732,0.7668476473344,13.910810774022883,28.726112948222593,0.4018661786629997,0.46779425151681786,0.014043386784965911,0.1190788886024122,0.07555238448994671,0.21179197639066494,0.4755445989338975,0.008117586998135279,0.14978456786058345,0.11750479768468713,0.14819452410973788,-0.007750347417079639,0.005925799786830633,-0.030705679258171248,-0.041952413194740426,0.06359745228092706,9.28,9.28,6.719148936170213,0.46808510638297873,0.06501338946620104,0.2062590941857289,0.03146775164253672,-0.04803542249338958,-0.06357906410038681,251,17,0.9365671641791045,0.06343283582089553,0,0.0,0,17,1.0,-6.266886965071071,-6.692538199648256,0.42565123457718756,10.641280864429687,0.42565123457718756,0.0,0.0,0.0,0.0,17,57.72479951875551,0.0,125,32,13,70,1,17,7.115671641791045,7.115671641791045,1.4561702127659575,68.02712850502941,28.70791805558989,-5.598234226416152,53.805413393683644,0.9057594196535175,96.7350465606193,0.03401356425251471,0.014353959027794945,0.048367523280309646,0.8140350877192982,0.7733333333333333,232,146,86,53,0,141,55.69499924805546,55.69499924805546,64,77,72,69,28.199999999999978,44.55599939844437,72.75599939844444,0.39499999466706,28,26,25,25,17.332676543713408,0.0,17.332676543713408,0.0,1.0,0,32,0,5.134071847303014,0,2,28,0.0,-19.499261111677583,84,0,250,89,0,89,250,22,0,4222.364670652251,422.23646706522516,8234.44906038947,823.444906038947,363.0835654320015,36.30835654320015,5314.836155714922,531.4836155714922,5875.0,587.5,0,0,0.03637799969922225,0.0,0.03637799969922225,0.03637799969922225,0.0,0.0,0.125,-0.0012499999999999953,-0.0010000000000000007,0.0,0.02784749962402773,0.029177999699222187,0.0,1.9610123653394447,0.04557337030176828,0.01139334257544207,0.006692275896566904,0.038791302925749706,-7.75826058514994e-05,0.06050538758735698,0.17699764303437002,-0.12183337834257077,0.0022145630044234713,0.0,-0.012216731832196156,-0.0019967829281600106,-0.0013349999999999987,-0.00037928292816001027,-0.0002825000000000002,0.0,0.0,0.0,0.0,0.0,0.0,0.0,0.04644375966881284,0.0,0.0,0.0,0.03715500773505018,0.029102399759377666,0.008052607975672492,0.02410358958363374,-0.011196468452832304,0.03587027559578909,-0.002799117113208076,0.026902706696841822,0.0022145630044234713,0.0022145630044234713,0.0011053710075592,0.4467253552817467,0.11212538682868096,0.08935385729984496,0.0,0.0,0.019180203147452887,0.0,0.0,0.0,0.029177999699222187,0.0,0.0445,0.125,-0.004572111822403314,-0.0031297566058735055,-0.0014423552165298086,0.3122236410253927,0.2759838491678238,0.03623979185756884,0.8433257937431335,0.17740267515182495,2237,9304,0,0.01065997922172149,0.43028551402844883,0.01,0.3096783757209778,0.829243540763855,0.7111930847167969,0.8271711468696594,3.417025089263916,-0.010551633313298225,0.26761874556541443,0.23849958181381226,0.0020854413884272187,0.025155128617035716,0.2622861298291307,37,8,11541,2237,9304,0.057178445099282424,0.8237365885115784,424.8732716508224,rolling40_success_then_profit,0.8229066501090905,430.6544076497627,40,True,0.8330227139582493,431.4081628267498,False,cuda,139.5380859375
290,331,200,True,299,299,1139,777,362,46,316,0.31782265144863914,0.04038630377524144,0.2774363476733977,0.5907335907335908,1.667953667953668,0.7703094045551281,13.919570252702043,25.407512589694605,0.38232540614695315,0.4716501118977251,0.022044329713440308,0.07541789830766589,0.04127716731718781,0.24196529476405954,0.4810893673694272,0.010918132378270266,0.10536943569760218,0.07282097986899316,0.1679544201266965,-0.009439255471702102,0.011126197335170042,-0.029951537389936292,-0.031543812551805356,0.07401087463736303,9.335381913959614,9.335381913959614,7.020193151887621,0.42493415276558383,0.09270673522502856,0.1277979888019007,0.05770939173697067,-0.009805013149026558,-0.06815700486337187,283,16,0.9464882943143813,0.05351170568561873,0,0.0,0,16,1.0,-5.098287724578114,-5.549122596532106,0.4508348719539927,11.270871798849814,0.4508348719539927,0.0,0.0,0.0,0.0,16,78.63976731693778,0.0,142,23,16,92,0,16,6.408026755852843,6.408026755852843,1.5092186128182616,91.39717919050528,51.243669697564556,-3.6540501965018564,75.7298766514621,0.9539698986735679,142.64084888806985,0.045698589595252644,0.025621834848782277,0.07132042444403493,0.8303249097472925,0.7666666666666667,230,162,68,47,0,159,83.37463643271526,83.37463643271526,95,64,59,100,31.799999999999947,66.69970914617221,98.49970914617232,0.5243687825956935,29,23,18,18,18.517472673240672,0.0,18.517472673240672,0.0,1.0,0,34,0,4.813277065820005,0,0,31,0.0,-20.83215675739575,66,0,316,46,0,46,316,22,0,4340.460554453411,434.04605544534104,8220.068473507545,822.0068473507545,347.6001555280382,34.76001555280382,5471.037618367766,547.1037618367766,5695.0,569.5,0,0,0.04924985457308618,0.0,0.04924985457308618,0.04924985457308618,0.0,0.0,0.09,-0.0009000000000000007,-0.0007200000000000005,0.0,0.041687318216357634,0.043349854573086107,0.0,2.082295674877484,0.04802488931757314,0.012006222329393286,0.00713672986122196,0.018205040276124577,-3.641008055224916e-05,0.06751682809962642,0.1515639230483355,-0.06920839199734317,0.0034158001120244714,0.0,-0.010802430551369565,-0.0010563680708583177,-0.0006900000000000005,-0.00020886807085831771,-0.00015750000000000011,0.0,0.0,0.0,0.0,0.0,0.0,0.0,0.06031966682192705,0.0,0.0,0.0,0.04825573345754174,0.03939988365846883,0.008855849799072871,0.03603791322748017,-0.007308100393003713,0.050486584434308056,-0.0018270250982509281,0.037864938325731054,0.0034158001120244714,0.0034158001120244714,0.0013143702864771094,0.4351088788649715,0.07679106088115545,0.05237509974098214,0.0,0.0,0.018922667662865076,0.0,0.0,0.0,0.043349854573086107,0.0,0.023,0.158,-0.004572111822403314,-0.0031297566058735055,-0.0014423552165298086,0.3122236410253927,0.2759838491678238,0.03623979185756884,0.8433257937431335,0.17740267515182495,2237,9304,0,0.01065997922172149,0.43028551402844883,0.01,0.3096783757209778,0.829243540763855,0.7111930847167969,0.8271711468696594,3.417025089263916,-0.010551633313298225,0.26761874556541443,0.23849958181381226,0.0020854413884272187,0.025155128617035716,0.2622861298291307,37,8,11541,2237,9304,0.057178445099282424,0.8237365885115784,424.8732716508224,rolling40_success_then_profit,0.8229066501090905,430.6544076497627,40,True,0.8330227139582493,431.4081628267498,False,cuda,139.5380859375
291,332,200,True,289,289,1140,791,349,54,295,0.306140350877193,0.04736842105263158,0.25877192982456143,0.5474083438685209,1.7458912768647281,0.7837908768699082,13.42576112035855,29.65147362225577,0.407237254687636,0.4907439101096502,0.026232186992159384,0.11461654004985855,0.027995484105785826,0.23564056706686615,0.4946632095519571,0.01527184460137873,0.15590910150936785,0.04875901166535678,0.1604084418462554,-0.0039192994423069005,0.010960342390780654,-0.0412925614595093,-0.020763527559570956,0.07523212522061073,9.951754385964913,9.951754385964913,7.495614035087719,0.4868421052631579,0.08657567952043144,0.19565345740302914,0.05514317983705977,-0.04939685120131752,-0.07298753325683978,273,16,0.9446366782006921,0.05536332179930796,0,0.0,0,16,1.0,-5.4980046307247346,-5.949943188354369,0.4519385576296355,11.298463940740888,0.4519385576296355,0.0,0.0,0.0,0.0,16,73.12541612331107,0.0,143,26,10,84,0,16,6.757785467128028,6.757785467128028,1.537719298245614,85.87010056791196,39.990515178451176,-4.8856538276231944,70.22102279201921,0.9349504724810915,125.86061574636314,0.04293505028395598,0.019995257589225587,0.06293030787318157,0.8285714285714286,0.7733333333333333,232,160,72,48,0,157,76.00846269267356,76.00846269267356,90,67,64,93,31.39999999999996,60.8067701541388,92.20677015413891,0.4841303356221246,35,29,13,13,22.528758920839817,0.0,22.528758920839817,0.0,1.0,0,38,0,4.726746560968196,0,1,32,0.0,-25.3448537859448,72,0,295,54,0,54,295,22,0,4370.270977512681,437.0270977512681,8251.035080935757,825.1035080935757,358.49510785774794,35.8495107857748,5504.5068099958,550.45068099958,5710.0,571.0,0,0,0.0461033850770695,0.0,0.0461033850770695,0.0461033850770695,0.0,0.0,0.065,-0.0006500000000000005,-0.0005200000000000004,0.0,0.038004231346336764,0.039703385077069414,0.0,2.104076225437929,0.048479563297869864,0.012119890824467466,0.007110630117610041,0.044105076194469975,-8.821015238893995e-05,0.06691045470767017,0.1639462572307131,-0.08864602465032959,0.002325263485234231,0.0,-0.011713624310946373,-0.0012348857416365645,-0.0008100000000000006,-0.00027238574163656503,-0.0001525000000000001,0.0,0.0,0.0,0.0,0.0,0.0,0.0,0.057485065749147815,0.0,0.0,0.0,0.04598805259931842,0.036882708061655445,0.009105344537662841,0.032667684482197985,-0.009771307655246388,0.04681401519467946,-0.002442826913811597,0.035110511396009604,0.002325263485234231,0.002325263485234231,0.0013311457547172919,0.4486228283068318,0.11185986807789194,0.027930364476959995,0.0,0.0,0.03623691947835478,0.0,0.0,0.0,0.039703385077069414,0.0,0.027,0.1475,-0.004572111822403314,-0.0031297566058735055,-0.0014423552165298086,0.3122236410253927,0.2759838491678238,0.03623979185756884,0.8433257937431335,0.17740267515182495,2237,9304,0,0.01065997922172149,0.43028551402844883,0.01,0.3096783757209778,0.829243540763855,0.7111930847167969,0.8271711468696594,3.417025089263916,-0.010551633313298225,0.26761874556541443,0.23849958181381226,0.0020854413884272187,0.025155128617035716,0.2622861298291307,37,8,11541,2237,9304,0.057178445099282424,0.8237365885115784,424.8732716508224,rolling40_success_then_profit,0.8229066501090905,430.6544076497627,40,True,0.8330227139582493,431.4081628267498,False,cuda,139.5380859375
292,333,200,True,277,277,1140,768,372,78,294,0.3263157894736842,0.06842105263157895,0.2578947368421053,0.5651041666666666,1.70703125,0.7481815906163926,14.161332392444214,28.467212998929124,0.44680018304893565,0.44533364608651027,0.022257948662930477,0.11005702304343383,0.04981972837473828,0.19239947409854116,0.4475131362172154,0.012222415522652833,0.14547263832355384,0.07598658823978137,0.14249274883574495,-0.0021794901307051195,0.010035533140277645,-0.03541561528012001,-0.026166859865043086,0.049906725262796214,7.931578947368421,7.931578947368421,5.662280701754386,0.39649122807017545,0.1529392451114508,0.14714043753185352,0.02841950034049576,-0.09071012644457926,-0.06842875380864923,260,17,0.9386281588447654,0.061371841155234655,1,0.0036101083032490976,0,17,1.0,-5.209189664673535,-5.378635809794065,0.16944614512053113,11.336153628013276,0.45344614512053116,-0.08,-0.084,-0.12,0.0,16,72.44465888621444,0.0,128,23,14,85,0,17,6.898916967509026,6.898916967509026,1.486842105263158,84.40058312662579,42.182702438944936,-5.287008103631327,70.96243360449115,0.9306616811193239,126.58328556557072,0.0422002915633129,0.02109135121947247,0.06329164278278536,0.8086642599277978,0.7466666666666667,224,152,72,53,0,148,77.69477950971002,77.69477950971002,91,57,54,94,29.59999999999995,62.155823607768035,91.75582360776815,0.5249647264169596,31,22,22,22,20.882420499479856,0.0,20.882420499479856,0.0,1.0,0,35,0,4.2093708325972585,0,0,31,0.0,-23.492723061914845,72,0,294,78,0,78,294,19,0,4424.661302799627,442.4661302799627,8398.208888648625,839.8208888648626,379.3740115880877,37.93740115880877,5571.764269912728,557.1764269912728,5700.0,570.0,0,0,0.045877911803884106,0.0,0.045877911803884106,0.045877911803884106,0.0,0.0,0.11,-0.0010999999999999985,-0.0008800000000000007,0.0,0.038847389754855015,0.04047791180388404,0.0,2.098667227972982,0.04778332221743363,0.011945830554358407,0.006830377265776732,0.09131718184018965,-0.0001826343636803793,0.06348343573375785,0.14801470774715023,-0.07574415019007168,0.002583935517193628,0.0,-0.012477910552006938,-0.0017539520350395145,-0.0011699999999999996,-0.00032145203503951416,-0.0002625000000000002,0.0,0.0,0.0,0.0,0.0,0.0,0.0,0.05654110799456203,0.0,0.0,0.0,0.04523288639564966,0.03670232944310715,0.00853055695254245,0.0328377127504299,-0.010574016207262654,0.04730828906966073,-0.0026435040518156634,0.03548121680224558,0.002583935517193628,0.002583935517193628,0.0011473269601290415,0.4128226513143819,0.10110345762165387,0.05044043018914612,0.0,0.0,0.025211844817298393,0.0,0.0,0.0,0.04047791180388404,0.0,0.039,0.147,-0.004572111822403314,-0.0031297566058735055,-0.0014423552165298086,0.3122236410253927,0.2759838491678238,0.03623979185756884,0.8433257937431335,0.17740267515182495,2237,9304,0,0.01065997922172149,0.43028551402844883,0.01,0.3096783757209778,0.829243540763855,0.7111930847167969,0.8271711468696594,3.417025089263916,-0.010551633313298225,0.26761874556541443,0.23849958181381226,0.0020854413884272187,0.025155128617035716,0.2622861298291307,37,8,11541,2237,9304,0.057178445099282424,0.8237365885115784,424.8732716508224,rolling40_success_then_profit,0.8229066501090905,430.6544076497627,40,True,0.8330227139582493,431.4081628267498,False,cuda,139.5380859375
293,334,200,True,289,289,1214,784,430,69,361,0.3542009884678748,0.05683690280065898,0.29736408566721584,0.5446428571428571,1.753826530612245,0.7706421315670013,13.736864785758817,31.424480384709884,0.4117825819317121,0.47243472144996024,0.012580767444962141,0.09175686504720348,0.05343542870476234,0.21488645499125503,0.489574203381733,0.006582285087479621,0.1301575862940363,0.10031305859696918,0.15114738414187592,-0.017139481931772782,0.0059984823574825204,-0.0384007212468328,-0.04687762989220684,0.0637390708493791,9.01317957166392,9.01317957166392,6.712520593080725,0.4514003294892916,0.10350834214904651,0.10946400130456425,0.03790815575008809,-0.05525934830968802,-0.032526604388932796,274,15,0.9480968858131488,0.05190311418685121,0,0.0,0,15,1.0,-6.545477375166037,-6.9695333363115735,0.42405596114553656,10.601399028638413,0.42405596114553656,0.0,0.0,0.0,0.0,15,54.58480238525817,0.0,111,30,18,104,1,15,6.633217993079585,6.633217993079585,1.415156507413509,63.89026540502914,30.242889857430267,-5.288615761657473,51.67013383081205,0.9071500726491251,94.13315526245941,0.03194513270251457,0.015121444928715134,0.047066577631229706,0.8424908424908425,0.7666666666666667,230,138,92,43,0,135,53.03875372696589,53.03875372696589,63,72,66,69,26.99999999999996,42.43100298157271,69.43100298157279,0.3928796572367844,21,16,22,22,14.345447299310486,0.0,14.345447299310486,0.0,1.0,0,24,0,4.045360649623238,0,1,20,0.0,-16.1386282117243,92,0,361,69,0,69,361,15,0,4059.1922509943074,405.9192250994307,7703.451192824834,770.3451192824834,348.88277221472083,34.88827722147208,5112.171532115461,511.2171532115461,6070.0,607.0,0,0,0.03471550149078639,0.0,0.03471550149078639,0.03471550149078639,0.0,0.0,0.11,-0.0010999999999999985,-0.0008800000000000007,0.0,0.02651937686348294,0.028115501490786347,0.0,1.942029789085089,0.044640515279433954,0.011160128819858488,0.006331254396421679,0.1041455365114154,-0.00020829107302283085,0.057986707002439394,0.1690165409876973,-0.10924676953530378,0.0020054436061818894,0.0,-0.011739547047772015,-0.001643153780010951,-0.0010350000000000005,-0.0003281537800109511,-0.0002800000000000002,0.0,0.0,0.0,0.0,0.0,0.0,0.0,0.04456733923762204,0.0,0.0,0.0,0.0356538713900976,0.027772401192629022,0.007881470197468552,0.023190759034577315,-0.010577231523314946,0.034446755887208046,-0.0026443078808287366,0.025835066915406026,0.0020054436061818894,0.0020054436061818894,0.0008695186395570629,0.42561118324855135,0.09325681903763955,0.06776607706044292,0.0,0.0,0.013981071141424087,0.0,0.0,0.0,0.028115501490786347,0.0,0.0345,0.1805,-0.004572111822403314,-0.0031297566058735055,-0.0014423552165298086,0.3122236410253927,0.2759838491678238,0.03623979185756884,0.8433257937431335,0.17740267515182495,2237,9304,0,0.01065997922172149,0.43028551402844883,0.01,0.3096783757209778,0.829243540763855,0.7111930847167969,0.8271711468696594,3.417025089263916,-0.010551633313298225,0.26761874556541443,0.23849958181381226,0.0020854413884272187,0.025155128617035716,0.2622861298291307,37,8,11541,2237,9304,0.057178445099282424,0.8237365885115784,424.8732716508224,rolling40_success_then_profit,0.8229066501090905,430.6544076497627,40,True,0.8330227139582493,431.4081628267498,False,cuda,139.5380859375
294,335,200,True,271,271,1200,798,402,101,301,0.335,0.08416666666666667,0.25083333333333335,0.5588972431077694,1.755639097744361,0.7805181845910567,13.514372493390153,30.84432889819892,0.4328816149903385,0.4736614529426235,0.01572371838161521,0.12657973012259058,0.06567631319064862,0.20173843827724158,0.48418788888251274,0.009195856792025996,0.16627359352854168,0.104490938867042,0.14577501035647883,-0.010526435939889223,0.006527861589589214,-0.0396938634059511,-0.03881462567639338,0.055963427920762754,9.69,9.69,7.278333333333333,0.46416666666666667,0.08231686923515635,0.12414524841735954,0.0036758951222177734,-0.05729142500409237,-0.04964831158193268,255,16,0.940959409594096,0.05904059040590406,0,0.0,0,16,1.0,-6.3013282440915015,-6.745939763039345,0.4446115189478449,11.11528797369612,0.4446115189478449,0.0,0.0,0.0,0.0,16,56.948534320813394,0.0,113,29,20,80,4,15,7.121771217712177,7.121771217712177,1.4408333333333334,66.73719532621043,34.392538287645735,-5.917854930223321,53.90213590946943,0.9010722862515618,101.12973361385616,0.03336859766310521,0.017196269143822867,0.05056486680692808,0.85,0.7933333333333333,238,139,99,42,0,137,55.73208487627091,55.73208487627091,67,70,65,72,27.399999999999956,44.58566790101674,71.98566790101678,0.40680353924285334,22,20,20,20,12.081549059200317,0.0,12.081549059200317,0.0,1.0,0,26,0,6.817447964748018,0,2,23,0.0,-13.591742691600356,97,0,301,101,0,101,301,24,0,4055.144568273702,405.5144568273702,7936.032097883591,793.6032097883591,376.39097496120854,37.639097496120854,5106.561905173701,510.65619051737013,6000.0,600.0,0,0,0.0359928339505084,0.0,0.0359928339505084,0.0359928339505084,0.0,0.0,0.1,-0.0010000000000000007,-0.0008000000000000006,0.0,0.027866042438135456,0.02949283395050836,0.0,1.9662468681591345,0.04445765186284406,0.011114412965711015,0.006441923322471249,0.061584842390316086,-0.00012316968478063217,0.05864775941377614,0.17795031707338027,-0.1245142414839697,0.002652124968216106,0.0,-0.012561437406292732,-0.002246444325027526,-0.0015149999999999975,-0.00039144432502752775,-0.00034000000000000024,0.0,0.0,0.0,0.0,0.0,0.0,0.0,0.04598407723143869,0.0,0.0,0.0,0.03678726178515098,0.028794267160406634,0.007992994624744343,0.02399214048962309,-0.01183570986044664,0.03593475727297961,-0.00295892746511166,0.026951067954734714,0.002652124968216106,0.002652124968216106,0.00113135206633558,0.42717913651110173,0.1232523238411496,0.07570916695153028,0.0,0.0,0.019036556411181047,0.0,0.0,0.0,0.02949283395050836,0.0,0.0505,0.1505,-0.004572111822403314,-0.0031297566058735055,-0.0014423552165298086,0.3122236410253927,0.2759838491678238,0.03623979185756884,0.8433257937431335,0.17740267515182495,2237,9304,0,0.01065997922172149,0.43028551402844883,0.01,0.3096783757209778,0.829243540763855,0.7111930847167969,0.8271711468696594,3.417025089263916,-0.010551633313298225,0.26761874556541443,0.23849958181381226,0.0020854413884272187,0.025155128617035716,0.2622861298291307,37,8,11541,2237,9304,0.057178445099282424,0.8237365885115784,424.8732716508224,rolling40_success_then_profit,0.8229066501090905,430.6544076497627,40,True,0.8330227139582493,431.4081628267498,False,cuda,139.5380859375
295,336,200,True,283,283,1145,804,341,70,271,0.29781659388646287,0.0611353711790393,0.2366812227074236,0.4925373134328358,1.8482587064676617,0.7581117958460578,14.015683955814115,30.455315664484726,0.4351916008949843,0.5008306350021516,0.018779453094029307,0.1316704327652963,0.04579583902505055,0.22270539495862315,0.5043308859440818,0.009902762297763308,0.17496951278623435,0.06461750335101761,0.1595711134448277,-0.003500250941930183,0.008876690796265999,-0.04329908002093805,-0.01882166432596706,0.06313428151379546,11.39825327510917,11.39825327510917,8.92052401746725,0.4672489082969432,0.09893566108035903,0.055961727430456444,0.006766326827791244,-0.04237923450133056,-0.075324526219517,266,17,0.9399293286219081,0.06007067137809187,0,0.0,0,17,1.0,-6.0808104333359605,-6.526823607534164,0.44601317419820335,11.150329354955083,0.44601317419820335,0.0,0.0,0.0,0.0,17,67.35240621590974,0.0,130,30,17,78,1,17,6.795053003533569,6.795053003533569,1.485589519650655,77.93680496266339,34.340880657016,-5.710497310089671,64.35191366805313,0.9184941364368526,112.27768561967939,0.038968402481331696,0.017170440328508,0.0561388428098397,0.7801418439716312,0.7333333333333333,220,154,66,62,0,151,70.08401365183084,69.2731728487958,80,71,67,84,30.19999999999997,56.06721092146468,86.26721092146474,0.4641325407406016,33,23,29,29,22.019163184719662,0.41868700609966236,21.600476178620003,0.0,1.0000000000000002,1,37,0,4.22425890256594,0,0,35,-0.5024244073195949,-24.300535700947503,65,0,271,70,0,70,271,23,0,4266.168496188449,426.6168496188449,8345.744440521179,834.5744440521179,391.17411204305466,39.11741120430547,5372.0801967134375,537.2080196713438,5725.0,572.5,0,0,0.043133605460732395,0.0,0.043133605460732395,0.043133605460732395,0.0,0.0,0.145,-0.0014499999999999934,-0.0011600000000000009,0.0,0.03504200682591542,0.03600926913951834,0.0,2.053938832716014,0.047474371610576514,0.011868592902644129,0.006892006639183767,0.06641858254406634,-0.0001328371650881327,0.06464409005855108,0.1741889595620344,-0.1156965818882684,0.002472571990452732,0.0,-0.01272341988147901,-0.0015551989563599284,-0.0010500000000000006,-0.000280198956359928,-0.00022500000000000018,0.0,0.0,0.0,0.0,0.0,0.0,0.0,0.05341936119828823,0.0,0.0,0.0,0.04273548895863076,0.034506884368585795,0.00822860459004482,0.029320708178981737,-0.011420994620179342,0.04290127577870209,-0.0028552486550448355,0.03217595683402656,0.002472571990452732,0.002472571990452732,0.001004755326447387,0.456843710749559,0.1258172089954687,0.04936169699466093,0.0,0.0,0.022955073893471165,0.0,0.0,0.0,0.03600926913951834,0.0,0.035,0.1355,-0.004572111822403314,-0.0031297566058735055,-0.0014423552165298086,0.3122236410253927,0.2759838491678238,0.03623979185756884,0.8433257937431335,0.17740267515182495,2237,9304,0,0.01065997922172149,0.43028551402844883,0.01,0.3096783757209778,0.829243540763855,0.7111930847167969,0.8271711468696594,3.417025089263916,-0.010551633313298225,0.26761874556541443,0.23849958181381226,0.0020854413884272187,0.025155128617035716,0.2622861298291307,37,8,11541,2237,9304,0.057178445099282424,0.8237365885115784,424.8732716508224,rolling40_success_then_profit,0.8229066501090905,430.6544076497627,40,True,0.8330227139582493,431.4081628267498,False,cuda,139.5380859375
296,337,200,True,261,261,1151,835,316,70,246,0.2745438748913988,0.060816681146828845,0.21372719374456994,0.5604790419161677,1.7209580838323353,0.7747544412127512,13.903214751603361,30.12538531882142,0.4076622891240083,0.4728816525307958,0.016010789885492382,0.06682087805367515,0.07602594166514491,0.22227683999536638,0.4818797285863739,0.008120629706693267,0.10370960699807028,0.11371046551517183,0.15511826485127747,-0.00899807605557812,0.007890160178799115,-0.03688872894439513,-0.03768452385002692,0.0671585751440889,10.14596003475239,10.14596003475239,7.599478714161599,0.47002606429192006,0.10237151674020914,0.15419094117621363,0.042442118556202495,-0.03722401984164996,-0.06391530021573577,244,17,0.9348659003831418,0.06513409961685823,0,0.0,0,17,1.0,-5.069877231447567,-5.566834558993576,0.49695732754601085,12.423933188650274,0.49695732754601085,0.0,0.0,0.0,0.0,17,65.40756005100991,0.0,111,25,26,71,1,17,7.2796934865900385,7.2796934865900385,1.4543874891398785,77.45603324602386,38.03871708587696,-5.720476455500955,63.23610611968788,0.9170423440102551,115.49475033190083,0.03872801662301193,0.01901935854293848,0.05774737516595042,0.8356643356643356,0.7966666666666666,239,147,92,47,0,143,68.74316389417025,67.94931257970296,81,62,59,84,28.59999999999995,54.9945311153362,83.59453111533628,0.4807214258333584,30,24,17,17,17.312811180719955,0.0,17.312811180719955,0.0,1.0,0,36,0,6.172221332026698,0,1,32,0.0,-19.47691257830995,90,0,246,70,0,70,246,30,0,4251.598911191359,425.15989111913586,8398.135162658305,839.8135162658306,377.8069347045143,37.780693470451425,5355.619426937155,535.5619426937155,5755.0,575.5,0,0,0.041797265557668155,0.0,0.041797265557668155,0.041797265557668155,0.0,0.0,0.085,-0.0008500000000000006,-0.0006800000000000005,0.0,0.03437158194708512,0.03547972503188118,0.0,2.017964744480807,0.046840611002578074,0.011710152750644518,0.006677679047910738,0.09559186705305268,-0.00019118373410610535,0.06144325308711707,0.17502065967775277,-0.10443810408894469,0.0016890049997065233,0.0,-0.012378109501711828,-0.0015549967456562116,-0.0010500000000000006,-0.0002724967456562121,-0.00023250000000000018,0.0,0.0,0.0,0.0,0.0,0.0,0.0,0.05246623457420639,0.0,0.0,0.0,0.041972987659365274,0.033437812446134405,0.008535175213230767,0.028757814832093467,-0.01144095291100191,0.042157404079791926,-0.0028602382277504775,0.03161805305984394,0.0016890049997065233,0.0016890049997065233,0.0012567507808158777,0.4430320145049238,0.08607236675991724,0.07775193720429009,0.0,0.0,0.020622537891868752,0.0,0.0,0.0,0.03547972503188118,0.0,0.035,0.123,-0.004572111822403314,-0.0031297566058735055,-0.0014423552165298086,0.3122236410253927,0.2759838491678238,0.03623979185756884,0.8433257937431335,0.17740267515182495,2237,9304,0,0.01065997922172149,0.43028551402844883,0.01,0.3096783757209778,0.829243540763855,0.7111930847167969,0.8271711468696594,3.417025089263916,-0.010551633313298225,0.26761874556541443,0.23849958181381226,0.0020854413884272187,0.025155128617035716,0.2622861298291307,37,8,11541,2237,9304,0.057178445099282424,0.8237365885115784,424.8732716508224,rolling40_success_then_profit,0.8229066501090905,430.6544076497627,40,True,0.8330227139582493,431.4081628267498,False,cuda,139.5380859375
297,338,200,True,267,267,1158,875,283,99,184,0.24438687392055267,0.08549222797927461,0.15889464594127806,0.528,1.7714285714285714,0.7629172171694891,13.898727866036552,28.769909779003687,0.39786548236039065,0.470361463870321,0.02207076635531017,0.1192678498976997,0.03640784572384187,0.2196325199923345,0.4834052787678582,0.013388422035745213,0.16320050778239967,0.06739089178480208,0.15275361982839447,-0.013043814897537198,0.008682344319564956,-0.043932657884699966,-0.03098304606096021,0.06687890016394002,10.166666666666666,10.166666666666666,7.395509499136442,0.501727115716753,0.0040430552390294935,0.1594988880154008,0.07584398828139147,-0.0857044007031353,-0.02808412421511302,251,16,0.9400749063670412,0.0599250936329588,0,0.0,0,16,1.0,-6.402743465278869,-6.845756959170098,0.4430134938912291,11.075337347280724,0.4430134938912291,0.0,0.0,0.0,0.0,16,73.69033560046353,0.0,139,34,18,48,2,16,7.307116104868914,7.307116104868914,1.5189982728842832,85.43097705399732,40.266281718975385,-6.061628331104973,70.0614463164558,0.9203706844584317,125.6972587729727,0.04271548852699866,0.020133140859487694,0.06284862938648635,0.8178571428571428,0.7633333333333333,229,160,69,51,0,159,75.89114937572423,75.89114937572423,87,72,68,91,31.799999999999955,60.71291950057941,92.51291950057949,0.4773028262624165,33,25,18,18,21.09647668122262,0.0,21.09647668122262,0.0,1.0,0,40,0,4.835682904126346,0,2,38,0.0,-23.733536266375452,68,0,184,99,0,99,184,27,0,4262.5398497516335,426.25398497516335,8147.957386474695,814.7957386474695,382.03200021793083,38.20320002179308,5369.445568694873,536.9445568694873,5790.0,579.0,0,0,0.046256459750289775,0.0,0.046256459750289775,0.046256459750289775,0.0,0.0,0.09,-0.0009000000000000006,-0.0007200000000000005,0.0,0.0379455746878621,0.0394564597502897,0.0,2.1047576937742467,0.048989787643001305,0.012247446910750326,0.007251171127347509,0.02641566824617527,-5.283133649235055e-05,0.06775430032951721,0.1842746909039013,-0.1013666105982627,0.0017760675629279275,0.0,-0.01265935625513108,-0.0021689072327216318,-0.0014849999999999976,-0.000321407232721632,-0.00036250000000000025,0.0,0.0,0.0,0.0,0.0,0.0,0.0,0.057551075324547576,0.0,0.0,0.0,0.04604086025963813,0.03700516780023168,0.009035692459406398,0.031999908992675435,-0.012123256662209946,0.046707630877637234,-0.0030308141655524864,0.0350307231582279,0.0017760675629279275,0.0017760675629279275,0.0012832922479882848,0.45401482082239675,0.12167069086819599,0.055533274740167275,0.0,0.0,0.024927577515105135,0.0,0.0,0.0,0.0394564597502897,0.0,0.0495,0.092,-0.004099679775536059,0.007648884691298008,-0.011748564466834067,0.2954066829755902,0.26288986057043073,0.032516822405159476,0.8642607927322388,0.22456401586532593,1131,4624,0,0.010274373646825551,0.44311150789260867,0.01,0.32935231924057007,0.8201181292533875,0.6948814988136292,0.8287197351455688,3.4465832710266113,0.014383694157004356,0.2518236041069031,0.4184688627719879,0.0022690059338492576,0.0292578125,0.302472827732563,38,4,5755,1131,4624,0.057748893086787545,0.8373702641426639,427.522662685955,rolling40_success_then_profit,0.8239459023533386,431.02394537922027,40,True,0.8330227139582493,431.4081628267498,False,cuda,78.2275390625
298,339,200,True,281,281,1180,793,387,63,324,0.32796610169491525,0.053389830508474574,0.2745762711864407,0.6204287515762925,1.6166456494325347,0.7863349959460965,13.601520883480807,28.158399559444693,0.3945839250121004,0.44819648877669405,0.01690646986304436,0.08764531004417589,0.06915570909396979,0.21158136368915909,0.4526714512709561,0.008584728739300712,0.1234622579925279,0.09206532855332603,0.15303168385929675,-0.004474962494262047,0.008321741123743646,-0.03581694794835201,-0.02290961945935624,0.05854967982986234,8.528813559322034,8.528813559322034,6.342372881355932,0.3576271186440678,0.09597557244640312,0.10430798841633782,0.06022788097242653,-0.03228472820590979,-0.06254874405501971,264,17,0.9395017793594306,0.060498220640569395,1,0.0035587188612099642,0,17,1.0,-5.485735700790557,-5.68579779721796,0.20006209642740508,11.201552410685123,0.4480620964274051,-0.08,-0.048,-0.12,0.0,16,55.97394142479029,0.0,114,24,24,91,1,17,6.871886120996441,6.871886120996441,1.4584745762711864,68.96229437761076,30.38152714967817,-4.51938750060441,52.65156697132274,0.9209495880845652,99.34382152728892,0.03448114718880538,0.015190763574839086,0.04967191076364446,0.8732394366197183,0.8266666666666667,248,144,104,36,0,144,52.9592834762348,52.9592834762348,63,81,75,69,28.799999999999972,42.36742678098785,71.1674267809879,0.36777280191829725,25,18,11,11,15.778357618702348,0.0,15.778357618702348,0.0,1.0,0,29,0,5.065987800625946,0,3,25,0.0,-17.750652321040143,103,0,324,63,0,63,324,25,0,4247.12902463025,424.712902463025,8141.769738524426,814.1769738524426,340.05577432348235,34.00557743234823,5345.979072930682,534.5979072930683,5900.0,590.0,0,0,0.03558371339049398,0.0,0.03558371339049398,0.03558371339049398,0.0,0.0,0.055,-0.0005500000000000004,-0.00044000000000000034,0.0,0.026479641738117402,0.028083713390493925,0.0,2.123564512315124,0.049175116333272505,0.012293779083318126,0.007017331257054551,0.10373683740561404,-0.00020747367481122812,0.06214785718723132,0.152457718454839,-0.08356872306666739,0.0024176324717820603,0.0,-0.011378365535335628,-0.0014339470396267109,-0.0009450000000000007,-0.0002389470396267112,-0.00025000000000000017,0.0,0.0,0.0,0.0,0.0,0.0,0.0,0.047120018799000796,0.0,0.0,0.0,0.037696015039200684,0.028466970712395085,0.009229044326805541,0.02406608973535916,-0.00903877500120882,0.0351010446475485,-0.002259693750302205,0.026325783485661367,0.0024176324717820603,0.0024176324717820603,0.0012979837459946675,0.42032189973481554,0.09204263045802125,0.06836730256276997,0.0,0.0,0.02021857818646705,0.0,0.0,0.0,0.028083713390493925,0.0,0.0315,0.162,-0.004099679775536059,0.007648884691298008,-0.011748564466834067,0.2954066829755902,0.26288986057043073,0.032516822405159476,0.8642607927322388,0.22456401586532593,1131,4624,0,0.010274373646825551,0.44311150789260867,0.01,0.32935231924057007,0.8201181292533875,0.6948814988136292,0.8287197351455688,3.4465832710266113,0.014383694157004356,0.2518236041069031,0.4184688627719879,0.0022690059338492576,0.0292578125,0.302472827732563,38,4,5755,1131,4624,0.057748893086787545,0.8373702641426639,427.522662685955,rolling40_success_then_profit,0.8239459023533386,431.02394537922027,40,True,0.8330227139582493,431.4081628267498,False,cuda,78.2275390625
299,340,200,True,306,306,1181,749,432,58,374,0.3657917019475021,0.04911092294665537,0.31668077900084673,0.5794392523364486,1.678237650200267,0.7985422844005045,13.13507678639268,27.620647400179916,0.3879637786862215,0.4789969663873056,0.016079276740471417,0.09376144328108617,0.06023908967652093,0.23077312156369037,0.48918907057857003,0.010152516610552376,0.12665464972905585,0.09811343373115285,0.15650193647385757,-0.010192104191264428,0.0059267601299190405,-0.03289320644796968,-0.037874344054631914,0.0742711850898328,9.128704487722269,9.128704487722269,6.795088907705335,0.4462320067739204,0.08178475596805773,0.053345203578820145,-0.011355790371274517,-0.03800521896119497,-0.06958135568280416,290,16,0.9477124183006536,0.05228758169934641,1,0.0032679738562091504,0,16,1.0,-6.169873187221229,-6.2227535133063725,0.052880326085144654,10.249760646940627,0.40999042587762513,-0.08,-0.12,-0.12,-0.03711009979248047,15,60.692310760330656,0.0,124,23,18,114,1,16,6.303921568627451,6.303921568627451,1.4733276883996613,71.55985867413509,35.79076742839971,-4.219329202133905,56.86580970348048,0.9309270752637004,107.35062610253479,0.03577992933706754,0.017895383714199856,0.053675313051267395,0.8197879858657244,0.7733333333333333,232,148,84,51,0,147,59.331735563016636,59.331735563016636,69,78,75,72,29.399999999999974,47.465388450413286,76.86538845041339,0.4036172487280043,26,22,25,25,14.982856064841648,0.0,14.982856064841648,0.0,1.0,0,29,0,6.0891277723055675,0,0,29,0.0,-16.855713072946852,83,0,374,58,0,58,374,21,0,4187.827413243222,418.78274132432216,7860.974650705257,786.0974650705257,326.1818888080062,32.618188880800616,5275.712686135017,527.5712686135017,5905.0,590.5,0,0,0.038432694225206725,0.0,0.038432694225206725,0.038432694225206725,0.0,0.0,0.125,-0.0012499999999999974,-0.0010000000000000007,0.0,0.02966586778150832,0.030932694225206652,0.0,2.0661872410225546,0.047674646288014266,0.011918661572003567,0.00697784557711367,0.04763669193126754,-9.527338386253505e-05,0.06324652323791129,0.155498623551353,-0.09929324324325077,0.002026688129036957,0.0,-0.010566722559664354,-0.0014149552963207974,-0.0008700000000000007,-0.0003249552963207974,-0.00022000000000000014,0.0,0.0,0.0,0.0,0.0,0.0,0.0,0.049006082413347744,0.0,0.0,0.0,0.03920486593067811,0.03074615538016524,0.00845871055051287,0.02632324025067327,-0.00843865840426781,0.03791053980232029,-0.0021096646010669525,0.02843290485174024,0.002026688129036957,0.002026688129036957,0.001369037530372541,0.4212426042053111,0.09200198974187292,0.061635674451051996,0.0,0.0,0.017702402037054574,0.0,0.0,0.0,0.030932694225206652,0.0,0.029,0.187,-0.004099679775536059,0.007648884691298008,-0.011748564466834067,0.2954066829755902,0.26288986057043073,0.032516822405159476,0.8642607927322388,0.22456401586532593,1131,4624,0,0.010274373646825551,0.44311150789260867,0.01,0.32935231924057007,0.8201181292533875,0.6948814988136292,0.8287197351455688,3.4465832710266113,0.014383694157004356,0.2518236041069031,0.4184688627719879,0.0022690059338492576,0.0292578125,0.302472827732563,38,4,5755,1131,4624,0.057748893086787545,0.8373702641426639,427.522662685955,rolling40_success_then_profit,0.8239459023533386,431.02394537922027,40,True,0.8330227139582493,431.4081628267498,False,cuda,78.2275390625
300,341,200,True,277,277,1105,785,320,81,239,0.2895927601809955,0.07330316742081448,0.216289592760181,0.556687898089172,1.7286624203821657,0.7791536181785499,13.681157497235924,28.12530572611815,0.4446405475717453,0.47364827276794774,0.021813232627264253,0.1463656104721461,0.07005309088475954,0.19748748801174057,0.4767878185601751,0.011346765356079029,0.17525409572656936,0.11207160135897197,0.14442615711670012,-0.0031395457922273606,0.010466467271185224,-0.028888485254423252,-0.04201851047421243,0.05306133089504045,10.182805429864253,10.182805429864253,7.677828054298643,0.47692307692307695,0.13873882561122844,0.21158624044946753,0.04936184970985383,-0.045057174139915696,-0.1130406268216865,258,19,0.9314079422382672,0.06859205776173286,1,0.0036101083032490976,0,19,1.0,-5.658603646741648,-5.886082557886835,0.22747891114518815,12.486972778629703,0.49947891114518816,-0.08,-0.07200000000000001,-0.12,0.0,18,71.685204077529,0.0,136,28,17,66,1,19,6.9891696750902526,6.9891696750902526,1.5402714932126698,84.35990948387244,45.239528807631544,-5.899629494172091,68.8107243723536,0.9210333081180139,129.599438291504,0.04217995474193622,0.022619764403815773,0.064799719145752,0.8385964912280702,0.7966666666666666,239,162,77,46,0,158,74.62888794759724,73.75813137113904,89,69,66,92,31.59999999999997,59.70311035807778,91.30311035807786,0.47233473384555213,26,21,20,20,15.708058729377738,0.0,15.708058729377738,0.0,1.0,0,27,0,5.6067846953711715,0,2,24,0.0,-17.671566070549954,76,0,239,81,0,81,239,21,0,4403.410219813097,440.34102198130967,8853.845844677395,885.3845844677395,389.3921268226816,38.939212682268156,5547.73836974471,554.773836974471,5540.0,554.0,0,0,0.045651555179038954,0.0,0.045651555179038954,0.045651555179038954,0.0,0.0,0.1,-0.0010000000000000007,-0.0008000000000000006,0.0,0.0373144439737986,0.038603252548455605,0.0,2.0997183697716766,0.049966165262683424,0.012491541315670856,0.007270563699780123,0.0616115787463377,-0.0001232231574926754,0.06776174067124152,0.15933943352393848,-0.11657650599593816,0.0021563747806740553,0.0,-0.012692466539201348,-0.0018567401739384248,-0.0012149999999999995,-0.00036174017393842317,-0.0002800000000000002,0.0,0.0,0.0,0.0,0.0,0.0,0.0,0.05701987333721701,0.0,0.0,0.0,0.04561589866977365,0.03652124414323105,0.00909465452654259,0.03145554743909079,-0.01179925898834418,0.04587381624823576,-0.002949814747086045,0.034405362186176805,0.0021563747806740553,0.0021563747806740553,0.0011965016494070474,0.4549465631859437,0.1320807602343029,0.07078993374613654,0.0,0.0,0.02225581355558153,0.0,0.0,0.0,0.038603252548455605,0.0,0.0405,0.1195,-0.004099679775536059,0.007648884691298008,-0.011748564466834067,0.2954066829755902,0.26288986057043073,0.032516822405159476,0.8642607927322388,0.22456401586532593,1131,4624,0,0.010274373646825551,0.44311150789260867,0.01,0.32935231924057007,0.8201181292533875,0.6948814988136292,0.8287197351455688,3.4465832710266113,0.014383694157004356,0.2518236041069031,0.4184688627719879,0.0022690059338492576,0.0292578125,0.302472827732563,38,4,5755,1131,4624,0.057748893086787545,0.8373702641426639,427.522662685955,rolling40_success_then_profit,0.8239459023533386,431.02394537922027,40,True,0.8330227139582493,431.4081628267498,False,cuda,78.2275390625
