episode,scenario_seed,steps,episode_reward,avg_step_reward,decision_step_count,joint_mcs_decision_count,avg_mcs_decisions_per_decision_step,completed_ev_count,failed_ev_count,unresolved_ev_count,completed_ev_population_ratio,completed_ev_ratio_resolved,completed_service_event_count,failure_event_count,realised_service_profit,dispatch_distance_km,total_mcs_profit_accounting,total_fcs_profit_accounting,v14_graph_build_time_ms_episode_mean,v14_graph_build_time_ms_episode_max,v14_active_ev_count_episode_mean,v14_active_ev_count_episode_max,v14_quasi_count_episode_mean,v14_quasi_count_episode_max,v14_iev_count_episode_mean,v14_iev_count_episode_max,v14_mcs_ev_attraction_edge_count_episode_mean,v14_mcs_ev_attraction_edge_count_episode_max,v14_fcs_ev_attraction_edge_count_episode_mean,v14_fcs_ev_attraction_edge_count_episode_max,v14_mcs_mcs_competition_edge_count_episode_mean,v14_mcs_mcs_competition_edge_count_episode_max,v14_mcs_fcs_competition_edge_count_episode_mean,v14_mcs_fcs_competition_edge_count_episode_max,v14_fcs_fcs_competition_edge_count_episode_mean,v14_fcs_fcs_competition_edge_count_episode_max,v14_connected_component_count_episode_mean,v14_connected_component_count_episode_max,v14_largest_component_node_count_episode_mean,v14_largest_component_node_count_episode_max,actor_loss,critic_loss,entropy,approx_kl,clip_fraction,update_step_count,update_decision_step_count,encoder_mode
1,42,200,153.2354957313483,0.7661774786567414,194,639,3.2938144329896906,186,93,21,0.62,0.6666666666666666,186,93,6892.994700437345,3622.688030427112,2525.330344713573,5213.090527308084,5.376840756270126,9.331025183200836,116.45273631840796,279.0,113.69154228855722,272.0,2.7611940298507465,13.0,24.11442786069652,225.0,62.865671641791046,153.0,0.5870646766169154,11.0,2.656716417910448,13.0,1.7462686567164178,3.0,68.2089552238806,175.0,50.81094527363184,208.0,-0.0206092281475251,34.48877431796147,2.392487693291444,0.0274558416118954,0.1852834232044048,800,770,graph
2,43,200,95.808493285106,0.47904246642553,190,560,2.9473684210526314,164,113,23,0.5466666666666666,0.592057761732852,164,113,5369.70510273255,3703.565725924778,2715.3812843002293,3602.48855518466,5.321327573735619,7.685761898756027,121.73134328358208,277.0,118.17412935323384,267.0,3.557213930348259,14.0,25.46268656716418,220.0,37.53731343283582,93.0,0.5671641791044776,9.0,1.945273631840796,12.0,0.5920398009950248,1.0,83.95024875621891,231.0,30.960199004975124,190.0,-0.0206092281475251,34.48877431796147,2.392487693291444,0.0274558416118954,0.1852834232044048,800,770,graph
3,44,200,106.10460466406496,0.5305230233203247,194,639,3.2938144329896906,169,110,21,0.5633333333333334,0.6057347670250897,169,110,5603.532362854927,3721.132901868479,2292.2031991890285,3990.09431350753,5.332981833993499,7.799191400408745,116.49253731343283,279.0,113.24875621890548,268.0,3.243781094527363,12.0,28.11442786069652,247.0,46.97014925373134,129.0,0.7064676616915423,9.0,2.417910447761194,11.0,1.2587064676616917,2.0,74.97014925373135,185.0,36.87562189054727,203.0,-0.0206092281475251,34.48877431796147,2.392487693291444,0.0274558416118954,0.1852834232044048,800,770,graph
4,45,200,180.9390173422673,0.9046950867113368,192,537,2.796875,203,85,12,0.6766666666666666,0.7048611111111112,203,85,7219.446353033901,3856.4359116965215,2504.791127854033,5638.718089066782,5.354874378153637,8.062082342803478,122.726368159204,288.0,119.81094527363184,284.0,2.915422885572139,9.0,27.388059701492537,245.0,52.76119402985075,119.0,0.6169154228855721,14.0,2.3781094527363185,15.0,1.2039800995024876,2.0,72.96019900497512,201.0,48.85074626865672,195.0,-0.0206092281475251,34.48877431796147,2.392487693291444,0.0274558416118954,0.1852834232044048,800,770,graph
5,46,200,139.99072302283523,0.6999536151141761,192,540,2.8125,181,93,26,0.6033333333333334,0.6605839416058394,181,93,6113.88230278354,3811.708335416725,2731.397398873421,4239.05976329172,5.325637507572103,7.943429052829742,113.67164179104478,274.0,110.51741293532338,262.0,3.154228855721393,12.0,25.741293532338307,235.0,52.50248756218905,130.0,0.527363184079602,9.0,2.3482587064676617,15.0,3.442786069651741,6.0,77.82587064676616,210.0,44.96517412935324,209.0,-0.0268131963289656,14.937232242180752,2.6205717692008386,0.0359311171230291,0.1683009974121187,800,758,graph
6,47,200,57.46552019017313,0.2873276009508656,188,595,3.1648936170212765,149,133,18,0.4966666666666666,0.5283687943262412,149,133,4998.688559582528,3550.568919021754,2762.43441708974,3134.967026790389,5.343829420631502,9.94652323424816,117.55721393034824,282.0,113.61194029850746,272.0,3.945273631840796,13.0,25.56716417910448,249.0,24.09950248756219,67.0,0.6865671641791045,12.0,1.791044776119403,9.0,0.7562189054726368,2.0,92.44776119402984,241.0,24.59701492537313,137.0,-0.0268131963289656,14.937232242180752,2.6205717692008386,0.0359311171230291,0.1683009974121187,800,758,graph
7,48,200,137.04428372820965,0.6852214186410482,189,534,2.8253968253968256,180,99,21,0.6,0.6451612903225806,180,99,6535.3160082812055,3878.698481084337,2587.431128396628,4866.739493760256,5.3333958740628775,7.817866280674934,114.38805970149254,279.0,111.16915422885572,269.0,3.218905472636816,14.0,25.950248756218905,298.0,53.82089552238806,138.0,0.5522388059701493,15.0,2.36318407960199,21.0,3.283582089552239,7.0,72.18905472636816,199.0,41.64179104477612,186.0,-0.0268131963289656,14.937232242180752,2.6205717692008386,0.0359311171230291,0.1683009974121187,800,758,graph
8,49,200,153.46460360558464,0.7673230180279232,189,568,3.005291005291005,190,91,19,0.6333333333333333,0.6761565836298933,190,91,6361.18655635564,3811.359149154897,2448.6326198174693,4743.743775144712,5.379038668279327,8.05430207401514,119.18407960199004,281.0,116.29353233830844,271.0,2.890547263681592,12.0,25.915422885572134,216.0,56.70149253731344,137.0,0.7412935323383084,8.0,2.5024875621890548,15.0,1.8109452736318408,3.0,74.30845771144278,201.0,47.73134328358209,143.0,-0.0268131963289656,14.937232242180752,2.6205717692008386,0.0359311171230291,0.1683009974121187,800,758,graph
9,50,200,119.61684082679348,0.5980842041339675,189,546,2.888888888888889,176,107,17,0.5866666666666667,0.6219081272084805,176,107,5937.3044759367,3648.4183052389535,2703.609482477401,4243.453324469685,5.332441495462733,7.798763923346996,117.02487562189054,283.0,113.70646766169156,273.0,3.318407960199005,11.0,22.0,213.0,55.40298507462686,130.0,0.5024875621890548,13.0,2.2786069651741294,13.0,2.4328358208955225,3.0,79.46766169154229,221.0,39.15422885572139,118.0,-0.0115134319198309,8.332576893843138,2.2537380835184684,0.0346929023695027,0.2193280101682131,800,772,graph
10,51,200,126.76856750544768,0.6338428375272384,196,702,3.5816326530612246,175,103,22,0.5833333333333334,0.6294964028776978,175,103,6292.485618483172,3398.453616410023,2436.076103557476,4538.034093631333,5.334427107625933,7.84391351044178,110.43781094527364,278.0,107.38805970149254,268.0,3.0497512437810945,10.0,21.935323383084576,253.0,59.32835820895522,158.0,0.5472636815920398,14.0,2.8407960199004973,14.0,3.328358208955224,6.0,70.1592039800995,193.0,51.63681592039801,209.0,-0.0115134319198309,8.332576893843138,2.2537380835184684,0.0346929023695027,0.2193280101682131,800,772,graph
11,52,200,112.80070548253327,0.5640035274126664,193,634,3.284974093264249,170,110,20,0.5666666666666667,0.6071428571428571,170,110,6117.494674424387,3489.267192379388,2573.954461307683,4313.617309279749,5.364477791967084,7.763965055346489,115.02487562189054,280.0,111.681592039801,272.0,3.343283582089552,12.0,22.46268656716418,207.0,57.10945273631841,156.0,0.4676616915422885,11.0,2.736318407960199,15.0,2.4079601990049757,3.0,74.8955223880597,186.0,32.80099502487562,163.0,-0.0115134319198309,8.332576893843138,2.2537380835184684,0.0346929023695027,0.2193280101682131,800,772,graph
12,53,200,178.12905170673162,0.8906452585336581,194,596,3.0721649484536084,194,80,26,0.6466666666666666,0.708029197080292,194,80,7303.793495765642,3712.0346878853343,2588.404186864658,5564.533764421859,5.295467572240391,7.772768847644329,109.7412935323383,274.0,107.0995024875622,261.0,2.6417910447761197,13.0,23.427860696517413,244.0,57.6318407960199,150.0,0.5671641791044776,21.0,2.3681592039800994,19.0,1.4129353233830846,2.0,64.50746268656717,181.0,43.80099502487562,173.0,-0.0115134319198309,8.332576893843138,2.2537380835184684,0.0346929023695027,0.2193280101682131,800,772,graph
13,54,200,144.20892719944112,0.7210446359972056,195,643,3.2974358974358973,180,94,26,0.6,0.656934306569343,180,94,6694.797642582891,3641.270510994931,2378.8660404962698,5063.980289884614,5.307896085898971,8.03318340331316,107.69651741293532,274.0,104.7860696517413,264.0,2.91044776119403,13.0,22.40796019900497,210.0,62.45771144278607,151.0,0.5920398009950248,5.0,2.5074626865671643,18.0,2.880597014925373,5.0,61.82587064676617,184.0,53.766169154228855,193.0,-0.0115152779684509,5.2026605021495085,2.541561394929886,0.0310217756825717,0.2000173677045565,800,755,graph
14,55,200,103.77191601976897,0.5188595800988448,187,582,3.1122994652406417,164,111,25,0.5466666666666666,0.5963636363636363,164,111,5964.347795405803,3696.4841392871,2671.0132519291647,4140.52277219572,5.301626542796247,7.799702696502209,111.44776119402984,275.0,108.04975124378107,270.0,3.398009950248756,11.0,26.074626865671643,166.0,58.15920398009951,151.0,0.5422885572139303,9.0,2.462686567164179,16.0,2.4079601990049757,4.0,71.29353233830845,189.0,48.03482587064676,144.0,-0.0115152779684509,5.2026605021495085,2.541561394929886,0.0310217756825717,0.2000173677045565,800,755,graph
15,56,200,65.78405679389078,0.3289202839694539,185,562,3.037837837837838,152,129,19,0.5066666666666667,0.5409252669039146,152,129,5191.537231773391,3804.714801601301,2596.6323234734814,3431.345161761071,5.337010726184395,7.91473314166069,117.58706467661692,281.0,113.57711442786068,269.0,4.009950248756219,12.0,24.71144278606965,220.0,30.8407960199005,98.0,0.6069651741293532,10.0,1.6567164179104477,10.0,1.1741293532338308,3.0,87.87064676616916,211.0,27.776119402985078,137.0,-0.0115152779684509,5.2026605021495085,2.541561394929886,0.0310217756825717,0.2000173677045565,800,755,graph
16,57,200,93.03085365499554,0.4651542682749777,188,537,2.856382978723404,161,114,25,0.5366666666666666,0.5854545454545454,161,114,5447.7132230896505,3519.2827399587054,3049.976524066362,3415.8830654563394,5.252628763257271,7.860047742724419,108.80099502487562,275.0,105.17412935323384,261.0,3.626865671641791,15.0,21.776119402985078,227.0,21.945273631840795,66.0,0.4228855721393035,10.0,1.0049751243781095,6.0,0.7512437810945274,2.0,86.5223880597015,238.0,21.243781094527364,148.0,-0.0115152779684509,5.2026605021495085,2.541561394929886,0.0310217756825717,0.2000173677045565,800,755,graph
17,58,200,161.42209428160933,0.8071104714080467,185,600,3.2432432432432434,192,90,18,0.64,0.6808510638297872,192,90,6844.222015395272,3758.385780143112,2458.130245392437,5306.850091284259,5.372995566298712,8.061269298195839,117.28358208955224,282.0,114.40796019900498,275.0,2.875621890547264,12.0,28.76616915422885,265.0,55.36318407960199,148.0,0.7213930348258707,12.0,2.437810945273632,15.0,1.2139303482587065,2.0,67.73134328358209,186.0,44.12935323383085,196.0,-0.0240576809334855,5.497184294920701,2.416518465830729,0.0485472976956483,0.2280850577383087,800,751,graph
18,59,200,82.74662990402992,0.4137331495201495,191,704,3.6858638743455496,154,119,27,0.5133333333333333,0.5641025641025641,154,119,5632.5482546198655,3574.521934236962,2103.6399562429474,4203.851100219335,5.387096577764151,7.716807536780834,115.74626865671642,274.0,112.29353233830844,266.0,3.45273631840796,12.0,22.069651741293534,223.0,38.9452736318408,104.0,0.9601990049751244,16.0,2.398009950248756,16.0,0.6965174129353234,1.0,80.40298507462687,195.0,27.388059701492537,156.0,-0.0240576809334855,5.497184294920701,2.416518465830729,0.0485472976956483,0.2280850577383087,800,751,graph
19,60,200,86.29760747573046,0.4314880373786522,181,554,3.0607734806629834,160,120,20,0.5333333333333333,0.5714285714285714,160,120,5529.179160104518,3747.576718881149,2706.065485563224,3662.952282395737,5.319014085058253,8.039695210754871,117.5273631840796,280.0,113.81094527363184,272.0,3.716417910447761,15.0,21.26865671641791,246.0,41.86069651741293,115.0,0.4427860696517413,17.0,1.8308457711442787,14.0,1.2935323383084578,2.0,81.09950248756219,198.0,33.32835820895522,142.0,-0.0240576809334855,5.497184294920701,2.416518465830729,0.0485472976956483,0.2280850577383087,800,751,graph
20,61,200,171.95876063287827,0.8597938031643914,194,656,3.381443298969072,193,88,19,0.6433333333333333,0.6868327402135231,193,88,7634.894285837613,3912.57592729083,2056.636421522709,6256.613331927792,5.331711639738201,7.864655926823616,110.11940298507464,281.0,107.46766169154228,270.0,2.6517412935323383,11.0,24.23880597014925,185.0,63.19900497512438,162.0,0.4975124378109453,6.0,2.601990049751244,12.0,1.9950248756218905,4.0,57.85074626865672,173.0,61.74626865671642,209.0,-0.0240576809334855,5.497184294920701,2.416518465830729,0.0485472976956483,0.2280850577383087,800,751,graph
21,62,200,54.75058851528307,0.2737529425764153,191,541,2.832460732984293,149,136,15,0.4966666666666666,0.5228070175438596,149,136,5076.424018561231,3755.688195970493,2665.489919836917,3238.9499447733187,5.388689593444417,7.889152504503727,119.17910447761194,285.0,115.02985074626864,278.0,4.149253731343284,20.0,22.85074626865672,193.0,42.407960199004975,104.0,0.4925373134328358,7.0,1.6467661691542288,13.0,3.606965174129354,6.0,84.11442786069652,234.0,42.42786069651741,192.0,-0.0218728717876589,5.150082346338492,2.42527044736422,0.0146449963153002,0.2231488956066851,800,756,graph
22,63,200,39.29502148742233,0.1964751074371116,187,594,3.176470588235294,141,139,20,0.47,0.5035714285714286,141,139,4620.483595629376,3712.422695363108,2584.168325113248,2795.692928103589,5.41465403280448,7.778333500027656,124.07960199004977,280.0,119.91044776119404,271.0,4.169154228855722,19.0,25.37810945273632,270.0,21.47761194029851,72.0,0.6567164179104478,17.0,1.4825870646766168,10.0,0.8159203980099502,3.0,98.83084577114428,228.0,24.611940298507463,151.0,-0.0218728717876589,5.150082346338492,2.42527044736422,0.0146449963153002,0.2231488956066851,800,756,graph
23,64,200,157.60129561557196,0.7880064780778597,187,582,3.1122994652406417,187,94,19,0.6233333333333333,0.6654804270462633,187,94,7393.422726493879,3888.721520569487,2371.754009360398,5848.409293664939,5.371481940076126,8.151594549417496,110.1542288557214,282.0,107.28855721393036,266.0,2.8656716417910446,16.0,25.83582089552239,299.0,56.99004975124378,139.0,0.6915422885572139,25.0,2.492537313432836,16.0,1.2786069651741294,2.0,59.88059701492537,161.0,50.91542288557214,185.0,-0.0218728717876589,5.150082346338492,2.42527044736422,0.0146449963153002,0.2231488956066851,800,756,graph
24,65,200,109.44072609141654,0.5472036304570826,191,597,3.12565445026178,172,114,14,0.5733333333333334,0.6013986013986014,172,114,5954.4508370171525,3376.575949481265,3009.352804614326,3869.60283071939,5.376712358857862,7.980343885719776,118.93532338308458,286.0,115.32338308457712,277.0,3.611940298507463,11.0,25.09452736318408,240.0,37.223880597014926,108.0,0.681592039800995,14.0,2.18407960199005,15.0,0.8507462686567164,2.0,81.98009950248756,193.0,29.139303482587064,207.0,-0.0218728717876589,5.150082346338492,2.42527044736422,0.0146449963153002,0.2231488956066851,800,756,graph
25,66,200,41.016448170937096,0.2050822408546855,192,563,2.9322916666666665,143,141,16,0.4766666666666667,0.5035211267605634,143,141,4830.669786305983,3870.937371717812,2480.5174026289037,3216.5866509577227,5.433314558656061,8.257297798991203,124.49751243781094,284.0,120.34825870646766,279.0,4.149253731343284,13.0,25.72139303482587,250.0,36.74129353233831,88.0,0.6069651741293532,14.0,1.6318407960199004,11.0,2.2786069651741294,4.0,90.08457711442786,227.0,35.646766169154226,171.0,-0.0370955522857212,3.24669121664304,2.557866944716527,0.0327723900287543,0.304360561645948,800,753,graph
26,67,200,103.86334019399747,0.5193167009699874,186,598,3.21505376344086,168,116,16,0.56,0.5915492957746479,168,116,6058.002421946407,3631.951677277791,2717.013185834203,4201.047968978932,5.387452949969033,7.973385043442249,119.43781094527364,286.0,115.7412935323383,283.0,3.6965174129353233,11.0,28.48258706467662,241.0,42.93034825870647,122.0,0.7512437810945274,10.0,2.164179104477612,12.0,1.4228855721393034,3.0,79.8905472636816,192.0,43.18905472636816,197.0,-0.0370955522857212,3.24669121664304,2.557866944716527,0.0327723900287543,0.304360561645948,800,753,graph
27,68,200,147.1494860411504,0.735747430205752,182,524,2.879120879120879,182,93,25,0.6066666666666667,0.6618181818181819,182,93,6742.704474730765,3865.64946089881,2745.4072777023907,4999.638815111304,5.366617818339844,8.004956878721714,117.318407960199,275.0,114.22388059701493,267.0,3.0945273631840795,9.0,24.55223880597015,197.0,44.34825870646766,117.0,0.5671641791044776,11.0,1.9253731343283584,10.0,1.109452736318408,2.0,76.03482587064677,180.0,38.18407960199005,183.0,-0.0370955522857212,3.24669121664304,2.557866944716527,0.0327723900287543,0.304360561645948,800,753,graph
28,69,200,181.8691184127272,0.909345592063636,193,642,3.326424870466321,198,79,23,0.66,0.7148014440433214,198,79,7216.903753469586,3874.9663008202992,2101.8417747037797,5791.35771504437,5.401221048364889,8.047806099057198,113.29850746268656,277.0,110.9900497512438,261.0,2.308457711442786,16.0,27.7363184079602,269.0,78.97014925373135,170.0,0.7810945273631841,11.0,3.855721393034826,21.0,3.1791044776119404,6.0,57.950248756218905,162.0,55.95522388059702,206.0,-0.0370955522857212,3.24669121664304,2.557866944716527,0.0327723900287543,0.304360561645948,800,753,graph
29,70,200,81.39758874414647,0.4069879437207324,181,537,2.9668508287292816,157,122,21,0.5233333333333333,0.5627240143369175,157,122,5494.2234049579365,3560.268877263689,3008.98123136655,3418.4063350440224,5.219503430955446,7.710820995271206,114.09452736318408,280.0,110.17412935323384,274.0,3.9203980099502487,13.0,22.601990049751244,232.0,20.935323383084576,65.0,0.5024875621890548,10.0,1.0696517412935322,9.0,0.3383084577114428,2.0,90.85572139303483,229.0,20.427860696517413,96.0,-0.036946952603657865,7.072127709021935,2.3561563125023475,0.016443118958984718,0.291733766404482,800,756,graph
30,71,200,223.3442712675362,1.116721356337681,192,732,3.8125,218,64,18,0.7266666666666667,0.7730496453900709,218,64,7748.745996292373,3392.9952897447947,2368.494240760482,6061.044816639278,5.398323249757587,7.941165007650852,123.34825870646766,282.0,121.05472636815921,275.0,2.2935323383084576,8.0,27.8407960199005,202.0,56.985074626865675,135.0,0.681592039800995,9.0,2.736318407960199,11.0,1.8407960199004976,3.0,70.35323383084577,195.0,57.975124378109456,169.0,-0.036946952603657865,7.072127709021935,2.3561563125023475,0.016443118958984718,0.291733766404482,800,756,graph
31,72,200,166.91107049823816,0.8345553524911908,189,583,3.0846560846560847,195,89,16,0.65,0.6866197183098591,195,89,7025.970377755525,3895.263866382125,2392.373347011515,5483.153887663974,5.485487657029237,8.116752840578556,116.05472636815921,284.0,113.35820895522389,276.0,2.6965174129353233,9.0,27.975124378109452,308.0,62.81592039800995,143.0,0.6915422885572139,17.0,2.900497512437811,16.0,1.2139303482587065,2.0,67.26865671641791,183.0,46.830845771144276,195.0,-0.036946952603657865,7.072127709021935,2.3561563125023475,0.016443118958984718,0.291733766404482,800,756,graph
32,73,200,-2.732323137369885,-0.013661615686849425,194,572,2.948453608247423,121,154,25,0.4033333333333333,0.44,121,154,3912.7146626273743,3691.445734851507,2683.3383711778783,2080.550117091683,5.290881156068833,7.920603267848492,113.28855721393035,276.0,108.69154228855722,268.0,4.597014925373134,19.0,25.945273631840795,257.0,17.00497512437811,68.0,0.6766169154228856,16.0,1.208955223880597,6.0,0.6417910447761194,1.0,93.363184079602,245.0,20.3681592039801,194.0,-0.036946952603657865,7.072127709021935,2.3561563125023475,0.016443118958984718,0.291733766404482,800,756,graph
33,74,200,141.22463007759958,0.7061231503879979,187,561,3.0,183,97,20,0.61,0.6535714285714286,183,97,6434.554635118393,3800.3817806601355,2646.746201761332,4704.2296431609575,5.378118081398271,8.072097785770893,121.70149253731343,280.0,118.71641791044776,277.0,2.985074626865672,13.0,30.079601990049753,230.0,47.75124378109453,122.0,0.736318407960199,9.0,2.1243781094527363,11.0,0.945273631840796,2.0,73.55721393034825,184.0,40.32835820895522,183.0,-0.047949362508146666,3.7887464864895892,2.3614660639029283,0.046418869314388406,0.33713928155171186,800,755,graph
34,75,200,100.86916538131486,0.5043458269065743,183,565,3.087431693989071,168,113,19,0.56,0.597864768683274,168,113,5394.842899836289,3366.3598404366517,3215.3605517077863,3254.9786643589828,5.311750616896805,7.959485054016113,118.53731343283582,282.0,114.98507462686567,273.0,3.5522388059701493,17.0,25.114427860696516,207.0,29.99004975124378,90.0,0.5174129353233831,10.0,1.592039800995025,9.0,1.5970149253731343,3.0,90.53233830845771,220.0,27.16417910447761,151.0,-0.047949362508146666,3.7887464864895892,2.3614660639029283,0.046418869314388406,0.33713928155171186,800,755,graph
35,76,200,3.0777195013237324,0.015388597506618662,190,625,3.289473684210526,126,153,21,0.42,0.45161290322580644,126,153,3837.989893854434,3459.2414321752553,2695.8335363899632,1913.6758827449542,5.465574771054645,8.798050694167614,117.44776119402985,279.0,112.82089552238806,272.0,4.626865671641791,15.0,22.83084577114428,165.0,33.47761194029851,108.0,0.5771144278606966,9.0,2.5522388059701493,15.0,3.7761194029850746,8.0,91.38308457711443,229.0,34.18407960199005,169.0,-0.047949362508146666,3.7887464864895892,2.3614660639029283,0.046418869314388406,0.33713928155171186,800,755,graph
36,77,200,121.90129663333762,0.6095064831666881,195,667,3.4205128205128204,176,107,17,0.5866666666666667,0.6219081272084805,176,107,6146.218828411161,3567.038187822475,2395.428440971097,4427.694200701269,5.3301856236819605,8.265421725809574,113.51741293532338,284.0,110.19900497512438,275.0,3.318407960199005,18.0,27.99004975124378,269.0,42.81592039800995,105.0,0.9054726368159204,13.0,3.353233830845771,16.0,1.9303482587064678,6.0,72.27363184079601,208.0,38.45771144278607,206.0,-0.047949362508146666,3.7887464864895892,2.3614660639029283,0.046418869314388406,0.33713928155171186,800,755,graph
37,78,200,103.45560709347305,0.5172780354673653,191,556,2.910994764397906,167,111,22,0.5566666666666666,0.6007194244604317,167,111,5653.919763196092,3784.8293910365874,2663.8309185343355,3842.0079978960075,5.344848903776401,7.921060547232628,117.60199004975124,278.0,114.1592039800995,271.0,3.442786069651741,14.0,25.865671641791046,215.0,43.014925373134325,102.0,0.6119402985074627,10.0,1.7860696517412935,9.0,1.0199004975124377,3.0,78.60199004975124,202.0,32.681592039801,140.0,-0.039527188337300546,4.550775731985386,2.451255358182467,0.028472677150018486,0.34568555724735445,800,765,graph
38,79,200,48.46168617218467,0.24230843086092335,189,559,2.9576719576719577,144,135,21,0.48,0.5161290322580645,144,135,4754.415253007507,3367.6943157876726,3203.3715590650927,2567.9823246838323,5.322994520674594,7.967705838382244,115.03482587064677,279.0,110.86069651741293,275.0,4.174129353233831,15.0,23.00497512437811,273.0,33.97014925373134,104.0,0.582089552238806,12.0,1.8606965174129353,12.0,1.8656716417910448,4.0,89.22388059701493,222.0,31.611940298507463,151.0,-0.039527188337300546,4.550775731985386,2.451255358182467,0.028472677150018486,0.34568555724735445,800,765,graph
39,80,200,114.38506965385895,0.5719253482692948,194,592,3.051546391752577,175,111,14,0.5833333333333334,0.6118881118881119,175,111,5920.865514597506,3676.493955048368,2562.92737012594,4214.558904933745,5.453265239646779,7.994296029210091,128.29850746268656,286.0,124.82089552238806,282.0,3.4776119402985075,11.0,32.169154228855724,193.0,70.55721393034825,172.0,0.7512437810945274,13.0,2.8407960199004973,20.0,2.9353233830845773,4.0,81.75124378109453,215.0,52.20398009950249,177.0,-0.039527188337300546,4.550775731985386,2.451255358182467,0.028472677150018486,0.34568555724735445,800,765,graph
40,81,200,26.54459941059918,0.1327229970529959,191,623,3.261780104712042,134,145,21,0.44666666666666666,0.48028673835125446,134,145,4599.730210992823,3521.959458053775,2601.801228680042,2842.1935702838773,5.371156278348978,8.00187699496746,116.48258706467662,279.0,112.34328358208955,265.0,4.1393034825870645,14.0,28.965174129353233,217.0,36.45273631840796,90.0,0.7313432835820896,14.0,2.343283582089552,12.0,1.9850746268656716,4.0,81.23880597014926,202.0,42.61194029850746,191.0,-0.039527188337300546,4.550775731985386,2.451255358182467,0.028472677150018486,0.34568555724735445,800,765,graph
41,82,200,170.01007213866404,0.8500503606933202,193,603,3.1243523316062176,195,87,18,0.65,0.6914893617021277,195,87,7091.441959461818,3710.144773314182,2620.2927415431864,5316.313658703797,5.381255095537326,7.954603992402554,117.30348258706468,282.0,114.70646766169155,273.0,2.5970149253731343,12.0,28.47761194029851,217.0,57.58706467661692,137.0,0.7114427860696517,8.0,2.6069651741293534,11.0,0.5522388059701493,2.0,62.70646766169154,151.0,51.27363184079602,188.0,-0.04484393916377135,4.99853700857896,2.537179424212529,0.03790089579530642,0.3650262528457321,800,761,graph
42,83,200,118.59934543815652,0.5929967271907826,184,575,3.125,175,108,17,0.5833333333333334,0.6183745583038869,175,108,6014.390304382475,3560.2323356951097,2962.358461579552,3894.7301808892926,5.394220528243786,7.899533025920391,120.31840796019901,283.0,116.92537313432835,271.0,3.3930348258706466,14.0,29.46766169154229,250.0,55.95522388059702,138.0,0.7562189054726368,12.0,2.417910447761194,16.0,2.7661691542288556,4.0,74.7910447761194,187.0,44.7363184079602,200.0,-0.04484393916377135,4.99853700857896,2.537179424212529,0.03790089579530642,0.3650262528457321,800,761,graph
43,84,200,99.94738156714067,0.49973690783570335,190,514,2.705263157894737,163,113,24,0.5433333333333333,0.5905797101449275,163,113,5901.121475754449,3776.597162668281,2806.154681147259,4003.6499672818977,5.259615257938407,7.78969656676054,108.67661691542288,276.0,105.30348258706468,264.0,3.373134328358209,12.0,21.855721393034827,190.0,35.44278606965174,103.0,0.4925373134328358,10.0,1.4975124378109452,11.0,0.35323383084577115,1.0,74.40298507462687,190.0,26.054726368159205,184.0,-0.04484393916377135,4.99853700857896,2.537179424212529,0.03790089579530642,0.3650262528457321,800,761,graph
44,85,200,175.08307189472666,0.8754153594736332,194,588,3.0309278350515463,197,82,21,0.6566666666666666,0.7060931899641577,197,82,6928.945699855997,3835.9937932639023,2455.1574311281597,5296.65537852737,5.394523694592329,7.823104038834572,113.91044776119404,279.0,111.3731343283582,270.0,2.537313432835821,10.0,30.606965174129353,294.0,66.70149253731343,155.0,0.8159203980099502,21.0,3.8407960199004973,21.0,3.2487562189054726,5.0,64.05472636815921,186.0,59.75124378109453,165.0,-0.04484393916377135,4.99853700857896,2.537179424212529,0.03790089579530642,0.3650262528457321,800,761,graph
45,86,200,120.91361607791964,0.6045680803895982,191,572,2.994764397905759,173,102,25,0.5766666666666667,0.6290909090909091,173,102,5881.840528534766,3710.328836428349,2653.2781282522606,4159.043845677978,5.390790254062978,7.8254928812384605,119.35323383084577,277.0,116.31840796019901,267.0,3.0348258706467663,10.0,31.71641791044776,226.0,55.985074626865675,131.0,0.7910447761194029,10.0,3.0696517412935322,16.0,1.7313432835820894,2.0,76.93034825870647,209.0,37.97014925373134,203.0,-0.04956904644013076,3.4060837786931257,2.555406934939898,0.06458877800639708,0.3937977095349477,800,763,graph
46,87,200,125.29897560078892,0.6264948780039447,190,552,2.905263157894737,176,102,22,0.5866666666666667,0.6330935251798561,176,102,6010.254461707094,3668.153756784179,2840.404369040139,4030.2101571921967,5.33368226270474,7.780620828270912,116.76616915422886,278.0,113.55721393034825,271.0,3.208955223880597,13.0,25.741293532338307,193.0,39.54228855721393,102.0,0.6318407960199005,12.0,2.1691542288557213,12.0,1.5522388059701493,2.0,83.55223880597015,220.0,35.06467661691542,139.0,-0.04956904644013076,3.4060837786931257,2.555406934939898,0.06458877800639708,0.3937977095349477,800,763,graph
47,88,200,127.28171480258989,0.6364085740129495,188,530,2.8191489361702127,179,105,16,0.5966666666666667,0.6302816901408451,179,105,6225.522187392409,3738.9612797225695,2789.8914779719607,4279.468806274784,5.366549261878083,8.025284856557846,117.32835820895522,284.0,114.11442786069652,271.0,3.2139303482587063,13.0,27.940298507462686,233.0,37.5771144278607,101.0,0.6218905472636815,9.0,1.935323383084577,10.0,0.5472636815920398,1.0,78.56218905472637,194.0,32.78109452736319,179.0,-0.04956904644013076,3.4060837786931257,2.555406934939898,0.06458877800639708,0.3937977095349477,800,763,graph
48,89,200,148.5513301302531,0.7427566506512655,194,591,3.0463917525773194,189,96,15,0.63,0.6631578947368421,189,96,6479.152831744853,3850.082577998112,2490.234417744797,4853.186255580686,5.374839719366375,7.974062114953995,119.45273631840796,285.0,116.46268656716418,277.0,2.990049751243781,11.0,31.18407960199005,221.0,56.61194029850746,124.0,0.7213930348258707,16.0,2.353233830845771,9.0,1.0199004975124377,3.0,65.44776119402985,190.0,57.06467661691542,203.0,-0.04956904644013076,3.4060837786931257,2.555406934939898,0.06458877800639708,0.3937977095349477,800,763,graph
49,90,200,62.92846332120432,0.3146423166060216,190,643,3.3842105263157896,147,130,23,0.49,0.5306859205776173,147,130,5409.820853687205,3404.06050652822,2753.6499323094085,3498.9100305264765,5.3539651571147475,7.989068515598774,112.42786069651741,277.0,108.56716417910448,271.0,3.8606965174129355,13.0,24.965174129353233,286.0,29.83582089552239,76.0,0.5024875621890548,14.0,1.626865671641791,12.0,0.527363184079602,1.0,82.1094527363184,216.0,29.920398009950247,153.0,-0.05297292200199221,3.4803381940493217,2.4903706426803884,0.033911452942769614,0.391275303474126,800,762,graph
50,91,200,164.20591431401743,0.8210295715700872,192,567,2.953125,190,80,30,0.6333333333333333,0.7037037037037037,190,80,6327.883944171581,3780.3854698743335,2680.348638752362,4492.597870434827,5.349551494330613,7.779625244438648,114.30348258706468,270.0,111.67661691542288,266.0,2.626865671641791,9.0,29.64179104477612,197.0,50.333333333333336,136.0,0.6567164179104478,7.0,2.2786069651741294,11.0,1.2537313432835822,2.0,70.07960199004975,199.0,46.89054726368159,180.0,-0.05297292200199221,3.4803381940493217,2.4903706426803884,0.033911452942769614,0.391275303474126,800,762,graph
51,92,200,100.4599562342663,0.5022997811713314,189,581,3.074074074074074,167,115,18,0.5566666666666666,0.5921985815602837,167,115,5798.50457115932,3968.787282219498,2353.7265967653575,4266.962546638279,5.536403474560128,11.519966647028923,121.71641791044776,282.0,118.42288557213931,272.0,3.2935323383084576,14.0,30.084577114427862,204.0,50.29353233830846,119.0,0.746268656716418,8.0,2.7860696517412937,13.0,0.7810945273631841,1.0,75.8457711442786,199.0,42.114427860696516,166.0,-0.05297292200199221,3.4803381940493217,2.4903706426803884,0.033911452942769614,0.391275303474126,800,762,graph
52,93,200,62.34615280145896,0.3117307640072948,191,586,3.068062827225131,149,131,20,0.49666666666666665,0.5321428571428571,149,131,5269.507240098916,3478.7164998042476,3017.4658541836716,3099.867789831943,5.319626357832655,7.809909991919994,115.14427860696517,281.0,111.1592039800995,275.0,3.985074626865672,16.0,27.507462686567163,253.0,22.90049751243781,72.0,0.6268656716417911,19.0,1.6019900497512438,10.0,0.3681592039800995,1.0,88.80597014925372,235.0,24.114427860696516,182.0,-0.05297292200199221,3.4803381940493217,2.4903706426803884,0.033911452942769614,0.391275303474126,800,762,graph
53,94,200,182.4107690324103,0.9120538451620515,198,663,3.3484848484848486,198,78,24,0.66,0.717391304347826,198,78,7043.098712774291,3341.757539721937,2819.7654024011085,5058.26105137478,5.472421942658685,9.801671840250492,112.70646766169155,276.0,110.14925373134328,265.0,2.557213930348259,11.0,30.388059701492537,240.0,52.4228855721393,128.0,0.845771144278607,14.0,2.915422885572139,15.0,0.373134328358209,1.0,62.28358208955224,158.0,47.22885572139303,199.0,-0.047334442096493706,5.108731411970579,2.3001433794315043,0.054337557535690584,0.4329665364124454,800,775,graph
54,95,200,153.7013738316663,0.7685068691583316,190,565,2.973684210526316,190,97,13,0.6333333333333333,0.662020905923345,190,97,6993.725651283762,3848.284450488012,2627.8055184583714,5211.864708826832,5.414221885229521,7.964625954627991,120.91044776119404,287.0,117.99004975124379,280.0,2.9203980099502487,15.0,29.402985074626866,243.0,55.39303482587065,133.0,0.6865671641791045,14.0,2.154228855721393,11.0,1.4228855721393034,3.0,69.7412935323383,173.0,45.243781094527364,216.0,-0.047334442096493706,5.108731411970579,2.3001433794315043,0.054337557535690584,0.4329665364124454,800,775,graph
55,96,200,66.17676974497299,0.3308838487248649,195,626,3.2102564102564104,153,129,18,0.51,0.5425531914893617,153,129,4986.330963620798,3202.7249546812695,3197.247945516297,2659.4067999975277,5.526718692807712,8.562622591853142,119.95024875621891,283.0,116.00995024875621,279.0,3.9402985074626864,15.0,27.671641791044777,222.0,22.781094527363184,69.0,0.6169154228855721,13.0,1.8706467661691542,10.0,1.0696517412935322,2.0,93.97014925373135,229.0,25.746268656716417,129.0,-0.047334442096493706,5.108731411970579,2.3001433794315043,0.054337557535690584,0.4329665364124454,800,775,graph
56,97,200,117.81768546986616,0.5890884273493309,192,589,3.0677083333333335,172,109,19,0.5733333333333334,0.6120996441281139,172,109,6320.189963856741,3493.422570292173,3052.8707145803687,4195.675213773159,5.553582497867779,11.268267408013344,117.64179104477611,281.0,114.32835820895522,274.0,3.3134328358208953,11.0,28.72139303482587,189.0,67.08955223880596,164.0,1.0149253731343284,16.0,4.472636815920398,18.0,4.641791044776119,6.0,79.7860696517413,203.0,40.582089552238806,164.0,-0.047334442096493706,5.108731411970579,2.3001433794315043,0.054337557535690584,0.4329665364124454,800,775,graph
57,98,200,138.93000738202696,0.6946500369101348,183,548,2.9945355191256833,181,97,22,0.6033333333333334,0.6510791366906474,181,97,6307.6559049988955,3394.3965283174994,3242.9187923398104,4084.3583913371604,5.511555218355572,9.528993628919125,113.29353233830845,278.0,110.06965174129353,270.0,3.2238805970149254,11.0,24.691542288557216,242.0,34.21890547263681,88.0,0.5771144278606966,14.0,1.5124378109452736,9.0,0.1691542288557214,1.0,77.75621890547264,210.0,28.412935323383085,196.0,-0.04950013779139576,4.111015126109123,2.4956479324744296,0.08566430627237047,0.4845598196395888,800,751,graph
58,99,200,161.72852754655474,0.8086426377327737,185,567,3.0648648648648646,192,89,19,0.64,0.6832740213523132,192,89,6758.930456559324,3691.9904245993894,2760.6568867919245,4848.274073633991,5.434302742875631,7.99131952226162,118.2089552238806,281.0,115.38308457711443,272.0,2.825870646766169,11.0,33.54228855721393,195.0,58.417910447761194,147.0,0.8009950248756219,8.0,2.890547263681592,12.0,1.427860696517413,3.0,64.01492537313433,165.0,47.38308457711443,172.0,-0.04950013779139576,4.111015126109123,2.4956479324744296,0.08566430627237047,0.4845598196395888,800,751,graph
59,100,200,197.10016188793557,0.9855008094396779,191,584,3.0575916230366493,201,67,32,0.67,0.75,201,67,7222.377996365657,3801.507531550427,2541.8834090245327,5514.652051485653,5.354321645155771,7.755490951240063,110.53731343283582,268.0,108.22388059701493,260.0,2.3134328358208953,9.0,28.328358208955223,166.0,48.38805970149254,116.0,0.7860696517412935,8.0,2.5771144278606966,14.0,0.42786069651741293,1.0,63.45771144278607,177.0,38.3681592039801,141.0,-0.04950013779139576,4.111015126109123,2.4956479324744296,0.08566430627237047,0.4845598196395888,800,751,graph
60,101,200,149.88352868977975,0.7494176434488987,192,570,2.96875,189,97,14,0.63,0.6608391608391608,189,97,6660.97209020443,3635.913421776875,2849.670818683345,4664.333571597612,5.423105956606604,8.000895380973816,124.05970149253731,286.0,121.01990049751244,278.0,3.0398009950248754,11.0,29.16417910447761,235.0,58.666666666666664,153.0,0.6318407960199005,10.0,2.353233830845771,12.0,2.318407960199005,4.0,73.02985074626865,194.0,44.96517412935324,223.0,-0.04950013779139576,4.111015126109123,2.4956479324744296,0.08566430627237047,0.4845598196395888,800,751,graph
61,102,200,190.96251599462056,0.9548125799731028,190,598,3.1473684210526316,208,77,15,0.6933333333333334,0.7298245614035088,208,77,6892.012013715846,3732.335059390805,2591.598611148267,5142.145898485205,5.495263731561193,7.9240212216973305,125.56218905472637,285.0,123.22885572139303,280.0,2.3333333333333335,10.0,35.97014925373134,297.0,58.1044776119403,129.0,0.8955223880597015,12.0,2.8208955223880596,18.0,0.572139303482587,2.0,67.2139303482587,172.0,44.656716417910445,192.0,-0.04160504967932446,3.2562624239004574,2.3546898548419657,0.044529184148884196,0.45155986513082796,800,766,graph
62,103,200,167.9203875949048,0.8396019379745241,192,602,3.1354166666666665,196,91,13,0.6533333333333333,0.6829268292682927,196,91,7150.597391303826,3577.327632555617,2858.1713731071395,5219.386897589951,5.4489756605370125,8.028140291571617,115.5273631840796,287.0,112.80597014925372,277.0,2.7213930348258706,10.0,31.104477611940297,256.0,67.64179104477611,160.0,1.0,10.0,3.616915422885572,15.0,2.3582089552238807,3.0,65.01990049751244,194.0,56.666666666666664,195.0,-0.04160504967932446,3.2562624239004574,2.3546898548419657,0.044529184148884196,0.45155986513082796,800,766,graph
63,104,200,111.29643762891402,0.5564821881445701,189,580,3.068783068783069,172,110,18,0.5733333333333334,0.6099290780141844,172,110,5773.612051583411,3516.5345362166727,3044.6672618262483,3566.0401207895065,5.38634369844821,7.98120629042387,116.5223880597015,282.0,113.04975124378109,274.0,3.472636815920398,17.0,29.417910447761194,249.0,57.8955223880597,143.0,0.845771144278607,9.0,3.1492537313432836,16.0,4.731343283582089,6.0,80.09950248756219,232.0,43.45273631840796,217.0,-0.04160504967932446,3.2562624239004574,2.3546898548419657,0.044529184148884196,0.45155986513082796,800,766,graph
64,105,200,139.60609463768682,0.6980304731884341,195,682,3.4974358974358974,185,99,16,0.6166666666666667,0.6514084507042254,185,99,6146.649067161879,3275.165014138355,2677.214654288099,4300.947488033497,5.500021284047644,7.900005206465721,126.30348258706468,284.0,123.1542288557214,274.0,3.1492537313432836,12.0,34.14427860696517,242.0,58.666666666666664,134.0,0.8805970149253731,8.0,3.2686567164179103,22.0,3.7412935323383083,6.0,78.07462686567165,208.0,50.08457711442786,179.0,-0.04160504967932446,3.2562624239004574,2.3546898548419657,0.044529184148884196,0.45155986513082796,800,766,graph
65,106,200,149.65923670861832,0.7482961835430916,182,590,3.241758241758242,191,94,15,0.6366666666666667,0.6701754385964912,191,94,6115.104644930796,3538.2540586206987,2744.199560468225,4302.813776010372,5.425443474333084,8.084245957434177,119.2587064676617,285.0,116.18407960199005,274.0,3.074626865671642,12.0,26.0,163.0,73.11442786069652,175.0,0.6666666666666666,15.0,2.527363184079602,13.0,3.9502487562189055,7.0,69.90049751243781,190.0,59.3134328358209,194.0,-0.043883695638774395,4.046235533861013,2.3485026267858653,0.05443091125214656,0.454470988524218,800,762,graph
66,107,200,179.3811987991979,0.8969059939959895,197,639,3.2436548223350252,203,84,13,0.6766666666666666,0.7073170731707317,203,84,6893.200403276236,3562.835513985118,2636.1753538710027,5174.006813493135,5.513749678447769,8.005497045814991,126.29353233830845,287.0,123.68656716417911,276.0,2.6069651741293534,11.0,35.41293532338308,219.0,66.74626865671642,143.0,0.9701492537313433,13.0,3.0597014925373136,16.0,2.3383084577114426,4.0,68.16417910447761,186.0,64.46766169154229,176.0,-0.043883695638774395,4.046235533861013,2.3485026267858653,0.05443091125214656,0.454470988524218,800,762,graph
67,108,200,151.73556017963978,0.7586778008981989,191,625,3.2722513089005236,184,86,30,0.6133333333333333,0.6814814814814815,184,86,6231.925010512234,3576.537468951007,2620.389094587796,4451.282487583192,5.4432541521182705,7.700747810304165,120.03482587064677,270.0,117.33333333333333,264.0,2.701492537313433,9.0,31.70149253731343,199.0,68.97014925373135,166.0,0.9552238805970149,12.0,2.800995024875622,14.0,1.5572139303482586,2.0,65.62189054726367,166.0,44.233830845771145,188.0,-0.043883695638774395,4.046235533861013,2.3485026267858653,0.05443091125214656,0.454470988524218,800,762,graph
68,109,200,91.76563721358781,0.45882818606793907,192,592,3.0833333333333335,163,120,17,0.5433333333333333,0.5759717314487632,163,120,5715.862429012597,3497.0779485575777,2859.6669816880903,3775.1766829216153,5.41399439231525,7.990955375134945,122.43283582089552,284.0,118.72636815920399,278.0,3.7064676616915424,17.0,32.93532338308458,195.0,36.18905472636816,105.0,0.8805970149253731,8.0,1.7761194029850746,9.0,0.6915422885572139,3.0,80.13930348258707,193.0,35.014925373134325,183.0,-0.043883695638774395,4.046235533861013,2.3485026267858653,0.05443091125214656,0.454470988524218,800,762,graph
69,110,200,195.02602276519588,0.9751301138259794,194,618,3.185567010309278,209,75,16,0.6966666666666667,0.7359154929577465,209,75,6980.972317785112,3659.8751719396187,2532.8462511046746,5287.724859679591,5.471318084468592,7.860212586820126,125.0049751243781,284.0,122.54726368159204,276.0,2.45771144278607,8.0,34.18407960199005,286.0,65.8457711442786,147.0,0.845771144278607,12.0,3.208955223880597,16.0,1.537313432835821,2.0,66.75124378109453,188.0,59.3134328358209,204.0,-0.05744779880982465,3.1955093133908052,2.3628315971447873,0.05971102814067987,0.501183649739967,800,772,graph
70,111,200,61.247002200789154,0.3062350110039458,193,633,3.2797927461139897,151,133,16,0.5033333333333333,0.5316901408450704,151,133,5130.8351660984235,3358.89560841461,2836.4235552682176,3209.3258133424815,5.404218873796771,7.851549424231052,118.33333333333333,284.0,114.3731343283582,274.0,3.9601990049751246,12.0,28.407960199004975,219.0,31.18407960199005,89.0,0.8407960199004975,12.0,2.5870646766169156,10.0,1.0597014925373134,3.0,87.0049751243781,223.0,30.407960199004975,179.0,-0.05744779880982465,3.1955093133908052,2.3628315971447873,0.05971102814067987,0.501183649739967,800,772,graph
71,112,200,176.60616340722143,0.8830308170361072,192,632,3.2916666666666665,196,85,19,0.6533333333333333,0.697508896797153,196,85,7384.212311147415,3431.649876771919,2735.737719211932,5564.341987123742,5.401031809177861,8.012792095541954,112.79601990049751,281.0,109.97512437810946,274.0,2.8208955223880596,13.0,26.52238805970149,156.0,49.23880597014925,122.0,0.6865671641791045,6.0,2.353233830845771,9.0,0.48258706467661694,1.0,64.90547263681592,171.0,40.114427860696516,191.0,-0.05744779880982465,3.1955093133908052,2.3628315971447873,0.05971102814067987,0.501183649739967,800,772,graph
72,113,200,119.54023421612533,0.5977011710806266,193,624,3.233160621761658,173,107,20,0.5766666666666667,0.6178571428571429,173,107,6204.320337828725,3542.903817567493,2774.5596978111193,4280.766612019136,5.42231411001279,8.02869163453579,120.4726368159204,281.0,117.24378109452736,274.0,3.228855721393035,14.0,31.313432835820894,197.0,48.87064676616915,132.0,0.8606965174129353,15.0,2.6517412935323383,15.0,0.8208955223880597,1.0,72.77114427860697,178.0,41.02985074626866,209.0,-0.05744779880982465,3.1955093133908052,2.3628315971447873,0.05971102814067987,0.501183649739967,800,772,graph
73,114,200,131.32582502605203,0.6566291251302602,193,587,3.0414507772020727,181,103,16,0.6033333333333334,0.6373239436619719,181,103,6222.32340408526,3707.2537561669214,2651.5250690227094,4434.141001151808,5.516167762527122,11.170349083840847,124.24875621890547,284.0,121.05472636815921,272.0,3.1940298507462686,12.0,34.27363184079602,239.0,46.646766169154226,116.0,0.8407960199004975,11.0,2.1691542288557213,12.0,0.7910447761194029,1.0,79.38308457711443,193.0,47.54228855721393,203.0,-0.037986453427807786,4.268387247736637,2.290113621033155,0.045821830614493506,0.4284664081911055,800,775,graph
74,115,200,72.84764880661457,0.36423824403307287,192,650,3.3854166666666665,156,123,21,0.52,0.5591397849462365,156,123,4729.65135896111,3103.6936595819047,3113.0017353785597,2536.308670683989,5.45611065251762,7.9557448625564575,125.68656716417911,279.0,121.7412935323383,272.0,3.945273631840796,13.0,29.45771144278607,208.0,25.059701492537314,69.0,0.8109452736318408,12.0,1.7064676616915422,12.0,1.3830845771144278,5.0,95.46268656716418,236.0,29.52238805970149,186.0,-0.037986453427807786,4.268387247736637,2.290113621033155,0.045821830614493506,0.4284664081911055,800,775,graph
75,116,200,79.97639441839574,0.39988197209197873,196,621,3.1683673469387754,160,120,20,0.5333333333333333,0.5714285714285714,160,120,4821.829986511421,3434.1272694660383,2812.2774165801457,2854.8226800895445,5.5354986645614925,10.617990046739578,121.09452736318408,280.0,117.32338308457712,273.0,3.771144278606965,12.0,30.16915422885572,172.0,44.17910447761194,120.0,0.8606965174129353,7.0,3.4328358208955225,15.0,6.129353233830845,8.0,89.78109452736318,233.0,37.95522388059702,159.0,-0.037986453427807786,4.268387247736637,2.290113621033155,0.045821830614493506,0.4284664081911055,800,775,graph
76,117,200,53.37447426771702,0.2668723713385851,194,687,3.5412371134020617,145,131,24,0.48333333333333334,0.5253623188405797,145,131,4622.005519467639,2852.325386233066,3142.664383216585,2421.430703953829,5.488418770110726,10.617789812386036,120.71144278606965,276.0,116.71641791044776,268.0,3.9950248756218905,16.0,30.119402985074625,193.0,23.691542288557216,73.0,1.1293532338308458,13.0,1.8208955223880596,16.0,3.129353233830846,6.0,92.82587064676616,240.0,29.109452736318406,138.0,-0.037986453427807786,4.268387247736637,2.290113621033155,0.045821830614493506,0.4284664081911055,800,775,graph
77,118,200,158.74286815686926,0.7937143407843463,192,625,3.2552083333333335,188,92,20,0.6266666666666667,0.6714285714285714,188,92,7077.560801171618,3346.974939519578,3018.85829810223,4990.8261486358815,5.35919572880019,9.471130557358265,108.76616915422886,280.0,105.85074626865672,268.0,2.915422885572139,12.0,23.746268656716417,182.0,48.776119402985074,122.0,0.6915422885572139,17.0,2.2238805970149254,10.0,0.7512437810945274,1.0,67.70149253731343,216.0,42.78109452736319,156.0,-0.04498588016296988,4.44575107899996,2.3778421443242292,0.08062075783721284,0.5058715895463067,800,765,graph
78,119,200,162.71025237301032,0.8135512618650516,196,625,3.188775510204082,190,84,26,0.6333333333333333,0.6934306569343066,190,84,6477.246599612837,3359.2556762991985,3087.551960473124,4326.281773405635,5.3726768362062485,7.965893484652042,113.24875621890547,274.0,110.34328358208955,267.0,2.9054726368159205,14.0,30.766169154228855,235.0,59.059701492537314,144.0,0.8955223880597015,11.0,3.417910447761194,17.0,3.1592039800995027,5.0,64.05970149253731,171.0,61.78606965174129,167.0,-0.04498588016296988,4.44575107899996,2.3778421443242292,0.08062075783721284,0.5058715895463067,800,765,graph
79,120,200,225.49237474152727,1.1274618737076363,181,579,3.1988950276243093,216,60,24,0.72,0.782608695652174,216,60,7827.244721372711,3658.363530083235,2793.325479150379,5877.692166812206,5.403081066350438,7.895102724432945,114.83084577114428,276.0,112.66169154228855,271.0,2.1691542288557213,9.0,31.213930348258707,203.0,69.31343283582089,165.0,0.9154228855721394,12.0,3.0945273631840795,14.0,1.3482587064676617,3.0,54.0,158.0,50.95522388059702,192.0,-0.04498588016296988,4.44575107899996,2.3778421443242292,0.08062075783721284,0.5058715895463067,800,765,graph
80,121,200,71.72204268656031,0.3586102134328016,196,599,3.056122448979592,153,124,23,0.51,0.5523465703971119,153,124,5107.216851741633,3479.2190961900237,2837.659338848359,3193.514130408778,5.347586320296152,7.796955294907093,113.60199004975124,277.0,109.77114427860697,265.0,3.8308457711442787,15.0,26.761194029850746,229.0,37.666666666666664,109.0,0.6865671641791045,8.0,2.0,15.0,2.084577114427861,4.0,77.58208955223881,193.0,33.124378109452735,215.0,-0.04498588016296988,4.44575107899996,2.3778421443242292,0.08062075783721284,0.5058715895463067,800,765,graph
81,122,200,92.1371712389391,0.46068585619469554,193,616,3.1917098445595853,160,118,22,0.5333333333333333,0.5755395683453237,160,118,5847.474077286316,3473.987305801717,2918.2639464865474,3788.988103450995,5.357055869231473,8.007125928997993,113.5223880597015,278.0,110.02487562189054,270.0,3.4975124378109452,12.0,29.487562189054728,270.0,44.18407960199005,109.0,0.7263681592039801,18.0,2.373134328358209,18.0,1.328358208955224,2.0,75.30845771144278,216.0,38.03482587064676,187.0,-0.03692113812296437,3.023089130337422,2.4403046254928293,0.07226628956817424,0.4981169182843027,800,767,graph
82,123,200,105.93688256458631,0.5296844128229315,188,633,3.367021276595745,168,111,21,0.56,0.6021505376344086,168,111,5748.438571834375,3561.459647398929,2758.267612613397,3830.560128992585,5.389952452955258,7.89306778460741,115.65671641791045,280.0,112.27363184079601,271.0,3.383084577114428,15.0,33.67164179104478,287.0,69.8955223880597,180.0,0.9303482587064676,19.0,3.517412935323383,24.0,6.059701492537314,9.0,72.17910447761194,197.0,52.54228855721393,190.0,-0.03692113812296437,3.023089130337422,2.4403046254928293,0.07226628956817424,0.4981169182843027,800,767,graph
83,124,200,154.61384549578892,0.7730692274789446,193,620,3.2124352331606216,192,93,15,0.64,0.6736842105263158,192,93,6393.861472196933,3468.6538442418178,2780.937681156072,4457.393470135999,5.450688441520307,8.022138848900795,125.636815920398,285.0,122.66666666666667,278.0,2.970149253731343,13.0,31.875621890547265,259.0,49.12935323383085,120.0,0.8059701492537313,12.0,2.442786069651741,14.0,0.8308457711442786,3.0,76.1044776119403,188.0,42.960199004975124,218.0,-0.03692113812296437,3.023089130337422,2.4403046254928293,0.07226628956817424,0.4981169182843027,800,767,graph
84,125,200,162.20709381438766,0.8110354690719384,193,625,3.238341968911917,196,89,15,0.6533333333333333,0.6877192982456141,196,89,6328.803454992413,3367.058639806872,2946.6802608718417,4296.586978008748,5.429156615737066,8.043812587857246,127.35323383084577,285.0,124.32338308457712,278.0,3.029850746268657,11.0,33.0,247.0,47.850746268656714,119.0,0.9751243781094527,12.0,2.308457711442786,11.0,0.7860696517412935,1.0,79.35323383084577,207.0,39.71641791044776,216.0,-0.03692113812296437,3.023089130337422,2.4403046254928293,0.07226628956817424,0.4981169182843027,800,767,graph
85,126,200,120.20797457565999,0.6010398728783,192,629,3.2760416666666665,175,109,16,0.5833333333333334,0.6161971830985915,175,109,6202.623653259327,3257.609148722172,2950.3553263727767,4197.269062631726,5.398442653651855,8.014610968530178,114.68656716417911,284.0,111.44776119402985,271.0,3.2388059701492535,14.0,34.7363184079602,213.0,41.93532338308458,108.0,0.9502487562189055,10.0,2.2587064676616917,11.0,0.8407960199004975,3.0,70.55223880597015,192.0,40.37810945273632,156.0,-0.040714501027161114,3.2558436376544146,2.3515353134045234,0.08368564769106841,0.5006754767292967,800,763,graph
86,127,200,128.8927903670733,0.6444639518353665,190,662,3.4842105263157896,176,102,22,0.5866666666666667,0.6330935251798561,176,102,6254.7788453361845,3189.582535953555,2999.335358138257,4187.193659664941,5.343807805607568,7.811723276972771,114.85572139303483,278.0,111.59203980099502,275.0,3.263681592039801,13.0,28.223880597014926,229.0,47.22885572139303,126.0,0.7810945273631841,11.0,2.373134328358209,11.0,1.2786069651741294,2.0,70.98507462686567,190.0,38.65174129353234,203.0,-0.040714501027161114,3.2558436376544146,2.3515353134045234,0.08368564769106841,0.5006754767292967,800,763,graph
87,128,200,103.99726679814096,0.5199863339907048,190,608,3.2,169,113,18,0.5633333333333334,0.599290780141844,169,113,5651.117689603634,3547.4625407897697,2647.909761228852,3933.8734782564024,5.4237477351628725,7.721294648945332,119.8407960199005,282.0,116.33333333333333,274.0,3.5074626865671643,14.0,30.412935323383085,213.0,45.492537313432834,132.0,0.7661691542288557,10.0,2.4029850746268657,12.0,2.900497512437811,5.0,79.90547263681592,205.0,47.27363184079602,162.0,-0.040714501027161114,3.2558436376544146,2.3515353134045234,0.08368564769106841,0.5006754767292967,800,763,graph
88,129,200,217.92185505267008,1.0896092752633504,191,598,3.130890052356021,212,71,17,0.7066666666666667,0.7491166077738516,212,71,8531.28594768516,3496.2518434088956,2926.394120630841,6629.987758752634,5.336640374874001,9.12555307149887,108.2089552238806,283.0,105.8457711442786,272.0,2.36318407960199,11.0,27.417910447761194,191.0,62.35820895522388,158.0,0.6666666666666666,8.0,2.990049751243781,12.0,1.8606965174129353,3.0,57.15422885572139,162.0,51.169154228855724,200.0,-0.040714501027161114,3.2558436376544146,2.3515353134045234,0.08368564769106841,0.5006754767292967,800,763,graph
89,130,200,147.6410426678792,0.7382052133393959,194,722,3.7216494845360826,187,94,19,0.6233333333333333,0.6654804270462633,187,94,6227.274998821959,3179.8780501417855,2636.1944021511035,4340.962695475977,5.469331712420307,7.882349193096161,120.2139303482587,281.0,117.31840796019901,274.0,2.8955223880597014,12.0,30.407960199004975,202.0,46.36318407960199,115.0,1.0398009950248757,8.0,3.1791044776119404,12.0,0.7213930348258707,1.0,76.38805970149254,200.0,37.417910447761194,146.0,-0.047853065890824206,4.569922601947417,2.041898970420544,0.038679037130070634,0.45540675399108577,800,774,graph
90,131,200,160.0470596800534,0.800235298400267,196,778,3.9693877551020407,189,90,21,0.63,0.6774193548387096,189,90,6864.525703780391,3165.915565729429,2453.758575512713,5175.817670904918,5.450652601818244,7.989085279405117,117.60199004975124,279.0,114.88557213930348,268.0,2.716417910447761,13.0,36.06467661691542,254.0,52.07960199004975,119.0,1.4029850746268657,13.0,3.3482587064676617,13.0,0.21890547263681592,1.0,64.43283582089552,193.0,48.57213930348259,221.0,-0.047853065890824206,4.569922601947417,2.041898970420544,0.038679037130070634,0.45540675399108577,800,774,graph
91,132,200,119.74747421718985,0.5987373710859493,187,621,3.320855614973262,178,106,16,0.5933333333333334,0.6267605633802817,178,106,5633.201445478642,3576.891765665237,2621.4129576625014,3848.265440765901,5.446204438397837,7.890928536653519,121.75124378109453,284.0,118.60199004975124,274.0,3.1492537313432836,14.0,31.47761194029851,217.0,53.43283582089552,135.0,0.945273631840796,10.0,2.7213930348258706,17.0,3.72636815920398,6.0,80.11442786069652,201.0,47.4228855721393,189.0,-0.047853065890824206,4.569922601947417,2.041898970420544,0.038679037130070634,0.45540675399108577,800,774,graph
92,133,200,31.638969427884096,0.15819484713942047,197,753,3.8223350253807107,139,147,14,0.4633333333333333,0.486013986013986,139,147,4662.999250194785,2912.9262808598965,2883.8934149437105,2535.689956000913,5.443555344618968,7.954985834658146,121.00995024875621,286.0,116.64179104477611,274.0,4.3681592039801,17.0,32.069651741293534,230.0,43.58706467661692,131.0,0.9402985074626866,12.0,4.407960199004975,17.0,5.208955223880597,8.0,88.53233830845771,218.0,38.049751243781095,177.0,-0.047853065890824206,4.569922601947417,2.041898970420544,0.038679037130070634,0.45540675399108577,800,774,graph
93,134,200,128.81250227912747,0.6440625113956373,189,648,3.4285714285714284,178,105,17,0.5933333333333334,0.6289752650176679,178,105,6403.551761202828,3426.25638870865,2754.287637709305,4607.3134930388205,5.4166091383615536,7.906223647296429,118.21890547263682,284.0,115.05472636815921,277.0,3.1641791044776117,11.0,30.064676616915424,207.0,46.90547263681592,126.0,1.0945273631840795,15.0,2.7860696517412937,15.0,1.8308457711442787,3.0,76.0049751243781,204.0,37.38308457711443,195.0,-0.049128415863378905,4.5011470678907175,2.2032434344291687,0.03668905598744276,0.5004658753482195,800,776,graph
94,135,200,118.35717744746286,0.5917858872373143,200,683,3.415,173,110,17,0.5766666666666667,0.6113074204946997,173,110,6266.017212747648,3042.91445000568,3044.7150362247985,4213.571612223252,5.408086526712672,7.893681526184082,119.32835820895522,284.0,115.79601990049751,276.0,3.5323383084577116,14.0,31.492537313432837,180.0,34.57213930348259,107.0,1.0049751243781095,8.0,2.417910447761194,10.0,0.9950248756218906,2.0,81.06965174129353,197.0,35.691542288557216,142.0,-0.049128415863378905,4.5011470678907175,2.2032434344291687,0.03668905598744276,0.5004658753482195,800,776,graph
95,136,200,49.80183385053901,0.24900916925269506,190,665,3.5,148,136,16,0.49333333333333335,0.5211267605633803,148,136,4513.407185445433,3055.09916829804,3056.943266153194,2316.5223409949476,5.397332985120923,8.063269779086113,121.33830845771145,284.0,117.16915422885572,278.0,4.169154228855722,16.0,28.039800995024876,253.0,21.567164179104477,65.0,0.9552238805970149,17.0,1.7412935323383085,12.0,0.8308457711442786,3.0,94.54726368159204,243.0,25.597014925373134,185.0,-0.049128415863378905,4.5011470678907175,2.2032434344291687,0.03668905598744276,0.5004658753482195,800,776,graph
96,137,200,115.39295980165761,0.576964799008288,197,656,3.3299492385786804,170,106,24,0.5666666666666667,0.6159420289855072,170,106,5960.587206548181,3422.0467765933954,2699.214911897816,4112.480352172454,5.354074645435336,7.840515114367008,111.7363184079602,276.0,108.56218905472637,271.0,3.174129353233831,12.0,28.313432835820894,203.0,57.06467661691542,152.0,0.8656716417910447,9.0,2.8606965174129355,15.0,1.7412935323383085,4.0,68.48756218905473,196.0,47.169154228855724,162.0,-0.049128415863378905,4.5011470678907175,2.2032434344291687,0.03668905598744276,0.5004658753482195,800,776,graph
97,138,200,99.4162219234469,0.4970811096172345,185,610,3.2972972972972974,169,117,14,0.5633333333333334,0.5909090909090909,169,117,5464.084416845837,3010.2592687547867,3482.5928218524186,3139.087767495174,5.3985371296085525,7.812585681676865,120.64179104477611,286.0,116.94527363184079,277.0,3.6965174129353233,12.0,30.72139303482587,153.0,31.48258706467662,93.0,0.8208955223880597,10.0,1.6318407960199004,10.0,1.044776119402985,2.0,83.39303482587064,209.0,31.81592039800995,160.0,-0.038150538376962334,2.368789417239336,2.2691617630995236,0.07253017985763457,0.4951952401047143,800,772,graph
98,139,200,177.46002188971158,0.887300109448558,193,628,3.2538860103626943,202,83,15,0.6733333333333333,0.7087719298245614,202,83,6715.164645831987,3621.510236920093,2694.4913549413004,4858.136365465398,5.420715381294044,7.7754901722073555,119.66169154228855,285.0,117.1542288557214,273.0,2.5074626865671643,12.0,32.865671641791046,209.0,69.00995024875621,158.0,0.8905472636815921,10.0,3.353233830845771,11.0,2.2388059701492535,4.0,68.1044776119403,196.0,62.08955223880597,210.0,-0.038150538376962334,2.368789417239336,2.2691617630995236,0.07253017985763457,0.4951952401047143,800,772,graph
99,140,200,132.87481674043732,0.6643740837021866,198,703,3.5505050505050506,179,102,19,0.5966666666666667,0.6370106761565836,179,102,6360.747853974788,3221.9424163794065,2797.8482199772125,4412.296941809531,5.437693836640066,7.987857796251774,120.69154228855722,281.0,117.50248756218906,276.0,3.189054726368159,11.0,32.4228855721393,196.0,42.243781094527364,111.0,1.208955223880597,12.0,2.72636815920398,11.0,1.3134328358208955,2.0,81.31343283582089,194.0,31.865671641791046,146.0,-0.038150538376962334,2.368789417239336,2.2691617630995236,0.07253017985763457,0.4951952401047143,800,772,graph
100,141,200,85.63794621632198,0.4281897310816099,196,661,3.372448979591837,163,122,15,0.5433333333333333,0.5719298245614035,163,122,5187.179908184974,3014.1053606365613,3143.5869666339186,3067.785731650937,5.381968938073709,8.290615864098072,120.82587064676616,285.0,117.05472636815921,276.0,3.771144278606965,14.0,32.92039800995025,248.0,26.507462686567163,76.0,0.8905472636815921,10.0,1.6069651741293531,12.0,0.23383084577114427,1.0,85.22388059701493,223.0,29.402985074626866,142.0,-0.038150538376962334,2.368789417239336,2.2691617630995236,0.07253017985763457,0.4951952401047143,800,772,graph
101,142,200,101.98523490795914,0.5099261745397957,196,737,3.760204081632653,164,111,25,0.5466666666666666,0.5963636363636363,164,111,5535.612333910533,2654.536846310921,3348.2430478179767,3093.62292928337,5.3874868297235885,8.061033673584461,114.65174129353234,276.0,111.1542288557214,262.0,3.4975124378109452,14.0,27.09950248756219,217.0,36.07960199004975,105.0,0.7761194029850746,9.0,2.0398009950248754,13.0,0.9303482587064676,3.0,84.24875621890547,215.0,27.16417910447761,136.0,-0.05982783842437829,2.7625391417397904,2.1856852070643353,0.03175027185580009,0.45604594968832457,800,771,graph
102,143,200,98.90969317978181,0.49454846589890905,188,682,3.627659574468085,164,112,24,0.5466666666666666,0.5942028985507246,164,112,5353.321844905579,2759.8021955308104,3481.446748489614,2886.4572077491403,5.398310665319215,7.669513113796711,121.90049751243781,277.0,118.34328358208955,271.0,3.557213930348259,13.0,31.47761194029851,170.0,38.840796019900495,101.0,1.0497512437810945,13.0,2.4925373134328357,12.0,1.1492537313432836,2.0,82.34825870646766,212.0,33.90049751243781,141.0,-0.05982783842437829,2.7625391417397904,2.1856852070643353,0.03175027185580009,0.45604594968832457,800,771,graph
103,144,200,88.00739876832405,0.44003699384162026,193,667,3.4559585492227978,162,119,19,0.54,0.5765124555160143,162,119,5243.798453378109,3096.0774022737596,3126.6110301702442,3042.493986218402,5.377050294582523,8.041500113904476,118.81592039800995,282.0,115.19900497512438,273.0,3.616915422885572,20.0,32.2636815920398,253.0,27.572139303482587,84.0,0.8855721393034826,15.0,1.6069651741293531,9.0,0.5771144278606966,1.0,83.636815920398,214.0,31.149253731343283,195.0,-0.05982783842437829,2.7625391417397904,2.1856852070643353,0.03175027185580009,0.45604594968832457,800,771,graph
104,145,200,178.64698958068098,0.8932349479034049,194,648,3.3402061855670104,199,82,19,0.6633333333333333,0.708185053380783,199,82,6997.068877013259,3468.207995604844,2726.684249832391,5122.198316174128,5.401779865076886,9.789449162781239,113.33333333333333,281.0,110.68159203980099,274.0,2.6517412935323383,11.0,31.64676616915423,223.0,52.482587064676615,122.0,1.0199004975124377,9.0,2.6417910447761193,17.0,2.4676616915422884,4.0,66.8905472636816,201.0,46.766169154228855,167.0,-0.05982783842437829,2.7625391417397904,2.1856852070643353,0.03175027185580009,0.45604594968832457,800,771,graph
105,146,200,147.94562537956168,0.7397281268978084,199,727,3.6532663316582914,188,99,13,0.6266666666666667,0.6550522648083623,188,99,6718.3434615680435,3432.420515049525,2505.1824823651873,4887.91081383621,5.445955413861654,8.160649798810482,121.72139303482587,287.0,118.70646766169155,280.0,3.014925373134328,9.0,34.985074626865675,256.0,66.69154228855722,155.0,1.0248756218905473,12.0,3.27363184079602,18.0,2.5323383084577116,5.0,67.07960199004975,185.0,65.4776119402985,203.0,-0.04878551727051672,2.465730226956881,2.2717172641020555,0.06389324900309955,0.48192692899073547,800,776,graph
106,147,200,139.5556699752179,0.6977783498760896,190,595,3.1315789473684212,183,97,20,0.61,0.6535714285714286,183,97,6105.806687483055,3125.998708172005,3312.4703236123373,3870.1959440988953,5.43454175916922,8.800533600151539,121.33333333333333,281.0,118.1542288557214,274.0,3.1791044776119404,12.0,32.318407960199,228.0,31.199004975124378,85.0,0.9701492537313433,10.0,1.681592039800995,12.0,1.4825870646766168,3.0,86.33830845771145,235.0,34.2636815920398,181.0,-0.04878551727051672,2.465730226956881,2.2717172641020555,0.06389324900309955,0.48192692899073547,800,776,graph
107,148,200,167.4520342751599,0.8372601713757994,192,688,3.5833333333333335,194,84,22,0.6466666666666666,0.697841726618705,194,84,6623.157034269164,3658.1400281381857,2344.215837722721,5022.316910361483,5.471841427520733,8.019049651920795,118.41293532338308,278.0,116.07462686567165,264.0,2.3383084577114426,14.0,35.5771144278607,227.0,96.4726368159204,236.0,1.044776119402985,8.0,4.945273631840796,16.0,6.233830845771144,9.0,64.88557213930348,197.0,63.975124378109456,180.0,-0.04878551727051672,2.465730226956881,2.2717172641020555,0.06389324900309955,0.48192692899073547,800,776,graph
108,149,200,109.80930797481957,0.5490465398740979,195,637,3.2666666666666666,172,112,16,0.5733333333333334,0.6056338028169014,172,112,5756.423847990368,3231.2210437850417,3003.099774955042,3761.77171879856,5.436342487584299,7.951258681714535,120.72139303482587,284.0,117.37810945273633,277.0,3.343283582089552,10.0,29.139303482587064,157.0,56.57213930348259,149.0,0.8955223880597015,14.0,2.6865671641791047,12.0,0.9353233830845771,1.0,75.67661691542288,188.0,40.776119402985074,150.0,-0.04878551727051672,2.465730226956881,2.2717172641020555,0.06389324900309955,0.48192692899073547,800,776,graph
109,150,200,166.0644025439481,0.8303220127197405,193,647,3.3523316062176165,191,86,23,0.6366666666666667,0.6895306859205776,191,86,6995.427782662286,3704.1147011144963,2350.9583840037885,5486.924592121343,5.4010074928551175,7.830380462110043,110.44776119402985,277.0,107.83582089552239,262.0,2.611940298507463,15.0,31.323383084577113,232.0,76.41791044776119,187.0,1.0597014925373134,18.0,3.791044776119403,17.0,2.701492537313433,4.0,57.069651741293534,185.0,58.3681592039801,176.0,-0.05967120096633712,3.5806228862358975,2.267120668521294,0.08509770580500257,0.4955034273175093,800,770,graph
110,151,200,43.37570427598984,0.2168785213799492,194,634,3.268041237113402,142,138,20,0.47333333333333333,0.5071428571428571,142,138,4649.113562319833,2964.7630613368683,3302.5217088218674,2519.6745365454913,5.395011035771809,8.105033077299595,117.06467661691542,281.0,112.83582089552239,273.0,4.2288557213930345,13.0,31.895522388059703,216.0,12.437810945273633,48.0,0.7263681592039801,9.0,1.0298507462686568,8.0,0.3482587064676617,1.0,93.8457711442786,248.0,23.208955223880597,143.0,-0.05967120096633712,3.5806228862358975,2.267120668521294,0.08509770580500257,0.4955034273175093,800,770,graph
111,152,200,94.8234105803893,0.47411705290194645,191,640,3.350785340314136,165,123,12,0.55,0.5729166666666666,165,123,6101.678098683001,3413.9043360169635,2678.311705043736,4361.900768962268,5.395735354528795,8.158746175467968,114.24378109452736,289.0,110.69154228855722,278.0,3.5522388059701493,17.0,29.134328358208954,258.0,41.840796019900495,120.0,1.0398009950248757,15.0,2.4228855721393034,13.0,2.298507462686567,4.0,80.363184079602,225.0,36.10945273631841,153.0,-0.05967120096633712,3.5806228862358975,2.267120668521294,0.08509770580500257,0.4955034273175093,800,770,graph
112,153,200,229.09578833665125,1.1454789416832563,192,642,3.34375,220,66,14,0.7333333333333333,0.7692307692307693,220,66,8282.997287736625,3222.576891964572,3189.377334318702,6021.356685403786,5.416485508764858,8.097079582512379,115.37810945273633,286.0,112.94029850746269,275.0,2.4378109452736316,11.0,30.965174129353233,255.0,67.32835820895522,155.0,0.8805970149253731,13.0,2.8855721393034828,16.0,2.890547263681592,5.0,64.24378109452736,184.0,59.830845771144276,188.0,-0.05967120096633712,3.5806228862358975,2.267120668521294,0.08509770580500257,0.4955034273175093,800,770,graph
113,154,200,96.92461300911114,0.4846230650455557,191,659,3.450261780104712,165,117,18,0.55,0.5851063829787234,165,117,5631.876445865558,3080.8964373101894,3237.2558331559003,3337.0006307023464,5.4109535407071085,8.076028898358345,112.18905472636816,282.0,108.57213930348259,273.0,3.616915422885572,15.0,33.67164179104478,212.0,40.22885572139303,105.0,1.0298507462686568,15.0,2.855721393034826,16.0,2.1343283582089554,3.0,73.01492537313433,214.0,37.33830845771144,147.0,-0.057965558209196806,3.4974268617538304,2.047462062193797,0.03786010122086884,0.49762808359586275,800,776,graph
114,155,200,78.72899034138916,0.3936449517069458,194,771,3.9742268041237114,158,126,16,0.5266666666666666,0.5563380281690141,158,126,5312.462814336504,2664.8490841566586,3057.8752506579367,3190.5941208027543,5.474611579333965,7.869870401918888,120.06965174129353,284.0,116.26865671641791,273.0,3.800995024875622,13.0,32.23880597014925,254.0,39.975124378109456,106.0,1.0945273631840795,14.0,2.716417910447761,17.0,3.7064676616915424,8.0,82.81592039800995,216.0,39.81592039800995,198.0,-0.057965558209196806,3.4974268617538304,2.047462062193797,0.03786010122086884,0.49762808359586275,800,776,graph
115,156,200,172.8014371345769,0.8640071856728845,194,680,3.5051546391752577,197,86,17,0.6566666666666666,0.696113074204947,197,86,7032.574810909407,3551.796239382152,2434.4800849339904,5440.7751158728,5.490887358747608,7.882267236709595,118.44776119402985,283.0,115.62189054726367,274.0,2.825870646766169,10.0,36.92537313432836,265.0,58.756218905472636,135.0,1.228855721393035,16.0,3.3930348258706466,22.0,2.616915422885572,5.0,67.95024875621891,185.0,50.91044776119403,193.0,-0.057965558209196806,3.4974268617538304,2.047462062193797,0.03786010122086884,0.49762808359586275,800,776,graph
116,157,200,114.41593909318037,0.5720796954659019,197,707,3.5888324873096447,170,106,24,0.5666666666666667,0.6159420289855072,170,106,5774.847798936845,3055.224540078335,2840.3096729324857,3861.4495627695533,5.34312108726199,7.839668542146683,112.95522388059702,276.0,109.69154228855722,266.0,3.263681592039801,11.0,30.19402985074627,198.0,38.07462686567164,93.0,1.0149253731343284,10.0,2.4676616915422884,12.0,0.6069651741293532,1.0,73.30845771144278,212.0,36.83582089552239,162.0,-0.057965558209196806,3.4974268617538304,2.047462062193797,0.03786010122086884,0.49762808359586275,800,776,graph
117,158,200,93.61083244344613,0.4680541622172306,195,678,3.476923076923077,163,116,21,0.5433333333333333,0.5842293906810035,163,116,5378.787782893117,2990.435577285459,3176.733030440188,3205.064433237803,5.405584568000255,8.041474968194962,117.4776119402985,279.0,113.81592039800995,272.0,3.6616915422885574,10.0,30.248756218905474,219.0,27.955223880597014,74.0,1.1144278606965174,13.0,1.9203980099502487,12.0,0.4626865671641791,3.0,84.68159203980099,231.0,31.228855721393035,144.0,-0.049875574342597526,2.340126546529623,2.2514175405869117,0.09195708706188982,0.5197226597318569,800,762,graph
118,159,200,133.91261253302875,0.6695630626651438,187,682,3.6470588235294117,176,97,27,0.5866666666666667,0.6446886446886447,176,97,6264.664285349173,3222.512633526221,2914.234813105032,4199.26561238291,5.388615032037099,7.7734701335430145,116.07462686567165,275.0,112.96019900497512,267.0,3.1144278606965172,12.0,31.577114427860696,227.0,49.54726368159204,127.0,1.099502487562189,12.0,3.1243781094527363,13.0,1.1592039800995024,2.0,74.65671641791045,201.0,45.96517412935324,169.0,-0.049875574342597526,2.340126546529623,2.2514175405869117,0.09195708706188982,0.5197226597318569,800,762,graph
119,160,200,114.99270532505506,0.5749635266252753,190,657,3.457894736842105,176,109,15,0.5866666666666667,0.6175438596491228,176,109,5553.01915673772,3140.619267634199,2983.2251781939,3594.3156422194716,5.461640730129545,8.185792714357376,126.13930348258707,285.0,122.6318407960199,276.0,3.5074626865671643,11.0,34.53233830845771,236.0,39.024875621890544,96.0,1.0199004975124377,11.0,2.398009950248756,11.0,1.7860696517412935,4.0,84.94527363184079,220.0,42.45273631840796,206.0,-0.049875574342597526,2.340126546529623,2.2514175405869117,0.09195708706188982,0.5197226597318569,800,762,graph
120,161,200,183.16902084263182,0.9158451042131591,190,646,3.4,196,78,26,0.6533333333333333,0.7153284671532847,196,78,7377.9993754968755,3587.90538014041,2566.9826848400294,5664.390944859013,5.372790962605927,7.8627197071909904,110.23880597014926,274.0,107.67164179104478,266.0,2.5671641791044775,9.0,30.66169154228856,245.0,61.701492537313435,149.0,0.9353233830845771,14.0,3.1940298507462686,16.0,0.4527363184079602,1.0,52.38805970149254,151.0,45.004975124378106,225.0,-0.049875574342597526,2.340126546529623,2.2514175405869117,0.09195708706188982,0.5197226597318569,800,762,graph
121,162,200,70.21489501553661,0.3510744750776831,196,775,3.954081632653061,153,129,18,0.51,0.5425531914893617,153,129,5325.391069491972,2932.9231997429574,2708.591749588472,3455.221157797352,5.467583870153819,8.1942705437541,122.68656716417911,284.0,118.97014925373135,275.0,3.716417910447761,16.0,35.840796019900495,199.0,43.14427860696517,112.0,1.3980099502487562,10.0,3.243781094527363,14.0,0.6368159203980099,1.0,76.91044776119404,196.0,46.44278606965174,186.0,-0.06075156934709342,2.986769567315395,2.1652364134788513,0.06659858006401631,0.5091258275967377,800,774,graph
122,163,200,141.59060376375518,0.7079530188187759,198,683,3.4494949494949494,182,98,20,0.6066666666666667,0.65,182,98,6629.451272113406,3626.628732241162,2218.7749334353825,5258.31907001126,5.45866034498707,7.9313283786177635,116.43781094527363,281.0,113.65671641791045,270.0,2.781094527363184,11.0,36.049751243781095,221.0,60.960199004975124,144.0,1.2388059701492538,12.0,3.7213930348258706,18.0,1.3880597014925373,3.0,60.63681592039801,157.0,62.472636815920396,186.0,-0.06075156934709342,2.986769567315395,2.1652364134788513,0.06659858006401631,0.5091258275967377,800,774,graph
123,164,200,92.15145863559425,0.46075729317797126,188,643,3.4202127659574466,160,116,24,0.5333333333333333,0.5797101449275363,160,116,5592.169327724352,3237.597767353855,3050.6555933476648,3485.2581477058843,5.408749697887482,7.940382696688175,117.6318407960199,276.0,114.09452736318408,266.0,3.537313432835821,10.0,30.611940298507463,236.0,50.16417910447761,142.0,0.9154228855721394,9.0,2.601990049751244,14.0,3.8407960199004973,6.0,77.90049751243781,204.0,45.62686567164179,196.0,-0.06075156934709342,2.986769567315395,2.1652364134788513,0.06659858006401631,0.5091258275967377,800,774,graph
124,165,200,128.92885044902414,0.6446442522451207,192,741,3.859375,176,102,22,0.5866666666666667,0.6330935251798561,176,102,6266.499746529396,3223.394590112381,2650.535757775458,4386.878792479025,5.391811831525309,7.800661027431488,110.90547263681592,278.0,107.80099502487562,263.0,3.1044776119402986,15.0,31.3681592039801,204.0,66.60696517412936,164.0,1.1791044776119404,10.0,3.4925373134328357,15.0,4.27363184079602,6.0,69.71144278606965,201.0,41.666666666666664,194.0,-0.06075156934709342,2.986769567315395,2.1652364134788513,0.06659858006401631,0.5091258275967377,800,774,graph
125,166,200,156.7321723660294,0.783660861830147,190,668,3.5157894736842104,191,92,17,0.6366666666666667,0.6749116607773852,191,92,6595.507612443994,3426.209899337662,2577.1196508338057,4876.554292094946,5.491805893012244,7.923366501927376,118.60199004975124,283.0,115.8407960199005,273.0,2.7611940298507465,10.0,36.84577114427861,235.0,82.4776119402985,196.0,1.1044776119402986,16.0,3.9502487562189055,19.0,3.353233830845771,5.0,61.17412935323383,186.0,67.37810945273633,179.0,-0.05014255265884388,2.444468835225472,2.1496201100257726,0.05986321348978018,0.5095255511024823,800,772,graph
126,167,200,172.69211834116567,0.8634605917058283,195,673,3.4512820512820515,198,87,15,0.66,0.6947368421052632,198,87,6988.371596070777,3413.165674809272,2641.0628986456227,5220.910518884923,5.47649250805971,7.996353320777416,118.40298507462687,285.0,115.68656716417911,279.0,2.716417910447761,11.0,34.681592039801,216.0,91.37810945273633,209.0,1.1144278606965174,9.0,4.800995024875622,20.0,5.3283582089552235,8.0,65.22885572139303,191.0,63.61691542288557,175.0,-0.05014255265884388,2.444468835225472,2.1496201100257726,0.05986321348978018,0.5095255511024823,800,772,graph
127,168,200,153.56404807049134,0.7678202403524567,193,748,3.8756476683937824,189,93,18,0.63,0.6702127659574468,189,93,6531.575966585196,3229.8798314002966,2481.9976882876776,4822.478798392328,5.4581238429492975,7.835675962269306,118.57213930348259,282.0,115.74626865671642,275.0,2.825870646766169,10.0,31.955223880597014,228.0,49.21890547263681,123.0,0.9154228855721394,15.0,3.084577114427861,12.0,1.2786069651741294,2.0,70.73134328358209,183.0,40.12935323383085,209.0,-0.05014255265884388,2.444468835225472,2.1496201100257726,0.05986321348978018,0.5095255511024823,800,772,graph
128,169,200,98.71818363787625,0.4935909181893813,194,681,3.5103092783505154,164,115,21,0.5466666666666666,0.5878136200716846,164,115,5772.609961089244,3336.631655423428,2646.6882552863394,3961.20478183705,5.362705420239351,7.795431651175022,112.14427860696517,279.0,108.62189054726367,266.0,3.5223880597014925,17.0,26.950248756218905,180.0,42.69651741293532,109.0,0.835820895522388,10.0,2.701492537313433,11.0,1.1890547263681592,2.0,72.9950248756219,205.0,41.91044776119403,151.0,-0.05014255265884388,2.444468835225472,2.1496201100257726,0.05986321348978018,0.5095255511024823,800,772,graph
129,170,200,123.15407523789338,0.615770376189467,195,740,3.7948717948717947,174,102,24,0.58,0.6304347826086957,174,102,5854.5296402609065,3079.675485298198,2710.4620875478836,3995.2121995488587,5.437429364196103,7.85620603710413,112.83582089552239,276.0,109.76616915422886,265.0,3.0696517412935322,11.0,32.0547263681592,222.0,45.47761194029851,123.0,1.109452736318408,10.0,3.4328358208955225,15.0,1.208955223880597,2.0,68.69154228855722,178.0,37.343283582089555,168.0,-0.04992265640892303,3.3899843234282274,2.0808045566082,0.05610710373973819,0.48070335733847547,800,782,graph
130,171,200,38.729131471760894,0.19364565735880446,193,739,3.8290155440414506,139,139,22,0.4633333333333333,0.5,139,139,4574.08096541073,2921.5325759776397,2734.669530732152,2768.2959414741636,5.455210327694369,7.799340412020683,118.25373134328358,278.0,114.06467661691542,269.0,4.189054726368159,13.0,32.49751243781095,230.0,21.99004975124378,72.0,1.1691542288557213,19.0,1.736318407960199,10.0,0.44776119402985076,1.0,87.80597014925372,218.0,26.616915422885572,167.0,-0.04992265640892303,3.3899843234282274,2.0808045566082,0.05610710373973819,0.48070335733847547,800,782,graph
131,172,200,147.73675412167694,0.7386837706083846,198,736,3.717171717171717,184,98,18,0.6133333333333333,0.6524822695035462,184,98,6937.237476820817,3181.5086027213097,2656.0643743090764,5123.989213891304,5.4457178710037795,8.149136789143085,116.38308457711443,282.0,113.44776119402985,274.0,2.9353233830845773,9.0,32.592039800995025,216.0,69.54726368159204,171.0,1.109452736318408,14.0,3.616915422885572,14.0,1.6616915422885572,3.0,65.68656716417911,178.0,53.8955223880597,207.0,-0.04992265640892303,3.3899843234282274,2.0808045566082,0.05610710373973819,0.48070335733847547,800,782,graph
132,173,200,98.12810635682077,0.49064053178410383,196,692,3.5306122448979593,166,117,17,0.5533333333333333,0.5865724381625441,166,117,5654.735795758793,3091.354833653025,2924.623272163526,3639.3434287487926,5.448005834029089,8.032673969864845,118.81094527363184,283.0,115.30348258706468,271.0,3.5074626865671643,13.0,30.736318407960198,216.0,54.96517412935324,141.0,0.8905472636815921,12.0,2.383084577114428,20.0,2.9751243781094527,6.0,76.11442786069652,216.0,47.15422885572139,173.0,-0.04992265640892303,3.3899843234282274,2.0808045566082,0.05610710373973819,0.48070335733847547,800,782,graph
133,174,200,98.87256398810192,0.49436281994050957,193,724,3.7512953367875648,164,118,18,0.5466666666666666,0.5815602836879432,164,118,5987.422886387901,2917.360364907145,2953.0360863260885,3967.7103198442055,5.3707742368552225,7.806135341525078,115.45273631840796,282.0,111.87064676616916,279.0,3.582089552238806,12.0,30.243781094527364,179.0,39.059701492537314,104.0,0.9800995024875622,11.0,2.5223880597014925,10.0,0.7661691542288557,1.0,78.72139303482587,209.0,41.52238805970149,155.0,-0.057376593494084846,3.2592349184247165,1.9743374494405894,0.06134001813098743,0.5178933281881305,800,776,graph
134,175,200,92.55956449728708,0.4627978224864354,192,754,3.9270833333333335,161,119,20,0.5366666666666666,0.575,161,119,5678.638101908514,2594.5068840825634,3224.0103071197846,3451.1627679450585,5.319016647353695,7.7750589698553085,113.87064676616916,280.0,110.49751243781094,274.0,3.373134328358209,10.0,26.766169154228855,230.0,30.199004975124378,85.0,1.0398009950248757,8.0,2.1343283582089554,9.0,0.03980099502487562,1.0,79.66169154228855,216.0,27.66169154228856,182.0,-0.057376593494084846,3.2592349184247165,1.9743374494405894,0.06134001813098743,0.5178933281881305,800,776,graph
135,176,200,64.16273105359761,0.32081365526798805,199,796,4.0,146,125,29,0.4866666666666667,0.5387453874538746,146,125,4982.859470651035,2777.4431887136493,2738.8915497612566,3176.22348120601,5.3946025697375415,8.04898515343666,113.57711442786069,271.0,109.96019900497512,261.0,3.616915422885572,12.0,31.119402985074625,195.0,47.13930348258707,145.0,1.0398009950248757,15.0,4.318407960199005,19.0,2.955223880597015,4.0,78.17412935323384,189.0,31.98507462686567,138.0,-0.057376593494084846,3.2592349184247165,1.9743374494405894,0.06134001813098743,0.5178933281881305,800,776,graph
136,177,200,107.56910817920706,0.5378455408960353,192,807,4.203125,166,110,24,0.5533333333333333,0.6014492753623188,166,110,5828.3820370279545,2797.796746280181,2701.6614166696136,3963.4498930616196,5.349566363057687,7.7935513108968735,112.01990049751244,276.0,108.68656716417911,269.0,3.3333333333333335,12.0,33.35820895522388,310.0,40.243781094527364,107.0,1.3383084577114428,22.0,2.7313432835820897,19.0,1.2786069651741294,3.0,69.7412935323383,197.0,43.55721393034826,189.0,-0.057376593494084846,3.2592349184247165,1.9743374494405894,0.06134001813098743,0.5178933281881305,800,776,graph
137,178,200,115.98075651918916,0.5799037825959458,190,720,3.789473684210526,173,108,19,0.5766666666666667,0.6156583629893239,173,108,5733.4265610725815,2647.2954548068983,3349.0905992145053,3408.0695056832324,5.387828578774016,7.916504517197609,120.72636815920399,281.0,117.14427860696517,270.0,3.582089552238806,13.0,34.92039800995025,199.0,35.61194029850746,97.0,1.1293532338308458,11.0,1.6965174129353233,15.0,1.2338308457711442,2.0,80.59203980099502,213.0,30.064676616915424,200.0,-0.06104890619350884,4.305509378703741,1.904564075745069,0.052448397770953864,0.48445793277082533,800,776,graph
138,179,200,73.79342697084913,0.36896713485424565,195,839,4.302564102564102,156,127,17,0.52,0.5512367491166078,156,127,5026.30682303431,2279.017191455814,3058.453640152186,3043.570143245213,5.39867862113821,8.030969649553299,118.80099502487562,283.0,114.91044776119404,275.0,3.890547263681592,15.0,30.393034825870647,240.0,26.412935323383085,84.0,1.1592039800995024,16.0,1.945273631840796,12.0,0.014925373134328358,1.0,86.58706467661692,212.0,28.029850746268657,154.0,-0.06104890619350884,4.305509378703741,1.904564075745069,0.052448397770953864,0.48445793277082533,800,776,graph
139,180,200,176.76138615690962,0.8838069307845481,196,785,4.005102040816326,199,80,21,0.6633333333333333,0.7132616487455197,199,80,6485.121974775332,2954.097329518216,2598.9746562810146,4726.535088262374,5.422026405472364,7.988431490957737,121.50746268656717,279.0,119.05970149253731,271.0,2.4477611940298507,11.0,36.03482587064676,235.0,60.517412935323385,138.0,1.3482587064676617,16.0,3.6517412935323383,16.0,0.900497512437811,1.0,62.940298507462686,186.0,50.61691542288557,189.0,-0.06104890619350884,4.305509378703741,1.904564075745069,0.052448397770953864,0.48445793277082533,800,776,graph
140,181,200,156.82258842746705,0.7841129421373353,195,716,3.6717948717948716,189,92,19,0.63,0.6725978647686833,189,92,6727.627191536489,3105.701453290764,2904.5028028311176,4685.755054308754,5.344208811794347,7.863875478506088,112.85572139303483,281.0,109.93532338308458,268.0,2.9203980099502487,13.0,30.736318407960198,232.0,45.86069651741293,116.0,1.328358208955224,10.0,2.791044776119403,11.0,0.7263681592039801,1.0,66.71641791044776,202.0,40.024875621890544,183.0,-0.06104890619350884,4.305509378703741,1.904564075745069,0.052448397770953864,0.48445793277082533,800,776,graph
141,182,200,130.38900513238136,0.6519450256619068,197,820,4.16243654822335,181,106,13,0.6033333333333334,0.6306620209059234,181,106,6205.780453250756,2778.6664167192307,2678.7000496596274,4373.307737621391,5.499040694045487,8.152580820024014,126.16915422885572,288.0,123.0,280.0,3.1691542288557213,15.0,38.233830845771145,265.0,59.159203980099505,139.0,1.6865671641791045,11.0,4.736318407960199,15.0,2.1243781094527363,3.0,71.37810945273633,183.0,47.58706467661692,197.0,-0.046990475189746715,2.1066931256881127,1.890225616785196,0.07502368170263965,0.5036020129919052,800,784,graph
142,183,200,198.28468634362184,0.9914234317181092,195,729,3.7384615384615385,209,74,17,0.6966666666666667,0.7385159010600707,209,74,7115.094356832825,3277.6071769609894,2636.311355344511,5324.676284555138,5.448891470829646,7.926509715616703,121.16417910447761,283.0,118.71144278606965,278.0,2.4527363184079602,9.0,38.756218905472636,247.0,69.1044776119403,160.0,1.2587064676616915,10.0,4.144278606965174,13.0,2.810945273631841,4.0,61.17412935323383,185.0,66.91044776119404,217.0,-0.046990475189746715,2.1066931256881127,1.890225616785196,0.07502368170263965,0.5036020129919052,800,784,graph
143,184,200,87.46011974611608,0.4373005987305804,196,749,3.8214285714285716,160,116,24,0.5333333333333333,0.5797101449275363,160,116,5017.817762053533,2799.1907810080465,2943.145157125925,2941.194637063941,5.423803086304546,7.801328785717487,119.70646766169155,276.0,116.2587064676617,270.0,3.4477611940298507,11.0,35.7363184079602,234.0,33.22885572139303,91.0,1.2139303482587065,11.0,1.7014925373134329,9.0,1.572139303482587,4.0,82.7363184079602,214.0,31.975124378109452,218.0,-0.046990475189746715,2.1066931256881127,1.890225616785196,0.07502368170263965,0.5036020129919052,800,784,graph
144,185,200,82.99319356935676,0.4149659678467838,196,775,3.954081632653061,157,116,27,0.5233333333333333,0.575091575091575,157,116,4819.164708407199,2582.688964464694,3127.7351214357604,2540.1908709519676,5.387979290860506,7.918748073279858,118.11940298507463,274.0,114.64676616915423,270.0,3.472636815920398,11.0,36.6865671641791,271.0,22.80597014925373,69.0,1.2835820895522387,9.0,1.8258706467661692,8.0,0.024875621890547265,1.0,83.49253731343283,207.0,30.502487562189053,143.0,-0.046990475189746715,2.1066931256881127,1.890225616785196,0.07502368170263965,0.5036020129919052,800,784,graph
145,186,200,115.00997074960576,0.5750498537480287,198,830,4.191919191919192,167,106,27,0.5566666666666666,0.6117216117216118,167,106,6036.970509643738,2649.889311179802,2890.022788537983,4048.1075855444433,5.345446280023055,7.685272954404354,110.12437810945273,273.0,106.91044776119404,262.0,3.2139303482587063,12.0,33.26865671641791,214.0,37.16417910447761,108.0,1.4477611940298507,11.0,2.791044776119403,18.0,0.6467661691542289,2.0,70.03482587064677,188.0,31.442786069651742,137.0,-0.054942785816820106,2.884245669612518,1.9917151412138572,0.09301231557485433,0.5634499802612342,800,778,graph
146,187,200,136.93548253371466,0.6846774126685733,193,702,3.6373056994818653,185,104,11,0.6166666666666667,0.6401384083044983,185,104,6289.654001082884,2900.4406154642566,3137.0757565749373,4065.905578750324,5.364328993493645,8.162190206348896,117.636815920398,289.0,114.30845771144278,279.0,3.328358208955224,10.0,34.995024875621894,305.0,40.67164179104478,114.0,1.054726368159204,17.0,2.45771144278607,12.0,1.462686567164179,4.0,76.01492537313433,204.0,38.45273631840796,203.0,-0.054942785816820106,2.884245669612518,1.9917151412138572,0.09301231557485433,0.5634499802612342,800,778,graph
147,188,200,45.801064134540994,0.22900532067270496,194,781,4.025773195876289,145,140,15,0.48333333333333334,0.5087719298245614,145,140,4682.867489822375,2511.5044848678,3030.4384762306654,2651.941704345711,5.381580891634398,8.016756735742092,120.39303482587064,285.0,116.2139303482587,280.0,4.17910447761194,15.0,36.24875621890547,253.0,28.83582089552239,99.0,1.0696517412935322,16.0,2.4328358208955225,13.0,3.4477611940298507,6.0,90.27363184079601,220.0,28.45771144278607,148.0,-0.054942785816820106,2.884245669612518,1.9917151412138572,0.09301231557485433,0.5634499802612342,800,778,graph
148,189,200,115.72134036590464,0.5786067018295232,193,690,3.5751295336787563,175,110,15,0.5833333333333334,0.6140350877192983,175,110,5853.752957171681,3256.745502421728,2878.404492949012,3809.4556037412094,5.4018359714702,8.117909543216228,119.39303482587064,285.0,116.06965174129353,276.0,3.3233830845771144,11.0,35.288557213930346,260.0,66.73134328358209,169.0,1.0099502487562189,13.0,2.9950248756218905,18.0,2.990049751243781,5.0,63.791044776119406,167.0,63.9452736318408,208.0,-0.054942785816820106,2.884245669612518,1.9917151412138572,0.09301231557485433,0.5634499802612342,800,778,graph
149,190,200,109.99359018870956,0.5499679509435478,195,716,3.6717948717948716,168,109,23,0.56,0.6064981949458483,168,109,5808.262693890565,2953.7653125816914,3045.8482134455576,3674.2572324275134,5.3642194681054916,7.8894998878240585,113.43781094527363,277.0,110.1592039800995,268.0,3.2786069651741294,11.0,31.930348258706466,262.0,48.62686567164179,120.0,1.1741293532338308,22.0,3.0696517412935322,12.0,1.4776119402985075,2.0,70.90547263681592,186.0,46.308457711442784,185.0,-0.05018902845712056,2.6748820709494443,1.9687492904754786,0.07121097055329371,0.5597299421922519,800,773,graph
150,191,200,114.87743332546967,0.5743871666273483,189,806,4.264550264550264,170,109,21,0.5666666666666667,0.6093189964157706,170,109,6064.053912927446,2817.9607515853313,2861.0420270682885,3884.0228481716877,5.354834298848809,8.165592327713966,113.85074626865672,279.0,110.49253731343283,269.0,3.3582089552238807,12.0,30.243781094527364,209.0,42.64179104477612,114.0,1.5124378109452736,11.0,2.5621890547263684,13.0,1.1691542288557213,2.0,73.57711442786069,193.0,38.592039800995025,151.0,-0.05018902845712056,2.6748820709494443,1.9687492904754786,0.07121097055329371,0.5597299421922519,800,773,graph
151,192,200,162.9613768242189,0.8148068841210945,197,743,3.771573604060914,192,85,23,0.64,0.6931407942238267,192,85,6344.836292062503,3119.577540169249,2739.074094507705,4457.573131611407,5.399835184772513,7.777471095323563,113.6318407960199,277.0,111.02487562189054,267.0,2.6069651741293534,10.0,36.19402985074627,202.0,56.656716417910445,136.0,1.492537313432836,15.0,3.5074626865671643,14.0,0.7014925373134329,1.0,62.03482587064676,162.0,47.791044776119406,199.0,-0.05018902845712056,2.6748820709494443,1.9687492904754786,0.07121097055329371,0.5597299421922519,800,773,graph
152,193,200,156.61035919967443,0.7830517959983722,192,727,3.7864583333333335,187,89,24,0.6233333333333333,0.677536231884058,187,89,6543.399772343373,2843.1827182330135,3044.3219150400487,4445.304525163026,5.403583614498525,7.805457338690758,120.59701492537313,276.0,117.69154228855722,270.0,2.9054726368159205,11.0,35.492537313432834,243.0,46.67164179104478,123.0,1.328358208955224,13.0,2.318407960199005,19.0,1.0248756218905473,2.0,69.59701492537313,206.0,52.11940298507463,189.0,-0.05018902845712056,2.6748820709494443,1.9687492904754786,0.07121097055329371,0.5597299421922519,800,773,graph
153,194,200,156.86687122277687,0.7843343561138844,192,692,3.6041666666666665,193,92,15,0.6433333333333333,0.6771929824561403,193,92,6292.984455737317,2942.9055560818097,3250.4528037691525,3984.8759017786833,5.4271296732387135,7.883043028414249,122.75124378109453,285.0,119.87064676616916,276.0,2.8805970149253732,10.0,34.333333333333336,271.0,44.61194029850746,112.0,1.2139303482587065,17.0,2.985074626865672,11.0,1.0348258706467661,3.0,76.03482587064677,185.0,45.30348258706468,205.0,-0.05339324524986576,2.5395808512201676,2.024111893314582,0.09533275332357898,0.5634598097620676,800,768,graph
154,195,200,177.69650058874652,0.8884825029437325,190,749,3.942105263157895,199,83,18,0.6633333333333333,0.7056737588652482,199,83,6902.693032277952,3054.3457225138277,2879.695353685887,4789.676623025756,5.403775832991101,8.063196204602718,119.19900497512438,283.0,116.66666666666667,277.0,2.5323383084577116,10.0,35.472636815920396,253.0,58.930348258706466,141.0,1.1393034825870647,12.0,3.771144278606965,18.0,1.3781094527363185,2.0,65.85074626865672,187.0,45.58706467661692,179.0,-0.05339324524986576,2.5395808512201676,2.024111893314582,0.09533275332357898,0.5634598097620676,800,768,graph
155,196,200,157.35899354099178,0.7867949677049588,189,732,3.873015873015873,191,93,16,0.6366666666666667,0.6725352112676056,191,93,6670.600914336768,3061.2565009900136,2855.6977929381264,4651.180844177695,5.538958653029221,8.036214858293533,119.55721393034825,285.0,116.70646766169155,274.0,2.8507462686567164,11.0,37.49751243781095,254.0,52.55223880597015,141.0,1.5323383084577114,14.0,3.4029850746268657,17.0,0.8606965174129353,2.0,67.59701492537313,215.0,50.15422885572139,164.0,-0.05339324524986576,2.5395808512201676,2.024111893314582,0.09533275332357898,0.5634598097620676,800,768,graph
156,197,200,134.7307337608976,0.6736536688044881,197,806,4.091370558375634,179,100,21,0.5966666666666667,0.6415770609318996,179,100,6265.759488375483,2886.192134523867,2754.956167269635,4354.0388664148095,5.53254197949349,8.131025359034538,115.41791044776119,279.0,112.38308457711443,271.0,3.0348258706467663,15.0,36.417910447761194,326.0,43.46766169154229,104.0,1.2537313432835822,23.0,2.9353233830845773,13.0,0.7810945273631841,1.0,68.22885572139303,203.0,45.3681592039801,178.0,-0.05339324524986576,2.5395808512201676,2.024111893314582,0.09533275332357898,0.5634598097620676,800,768,graph
157,198,200,104.55645942402384,0.5227822971201193,190,698,3.6736842105263157,168,116,16,0.56,0.5915492957746479,168,116,5930.868759641147,2813.428405161509,3284.969962960822,3645.3974030855743,5.4965724204829085,8.084687404334545,117.06965174129353,284.0,113.54726368159204,274.0,3.5223880597014925,14.0,30.08955223880597,250.0,45.51243781094527,137.0,1.0049751243781095,13.0,3.084577114427861,13.0,3.3383084577114426,7.0,80.09950248756219,205.0,37.865671641791046,191.0,-0.05847563668318729,2.672076958303268,2.055255672106376,0.10089135959410975,0.5367082729935646,800,769,graph
158,199,200,158.88610446001837,0.7944305223000918,192,710,3.6979166666666665,192,94,14,0.64,0.6713286713286714,192,94,6809.561819018965,3003.9640542381007,2966.710089215094,4788.3696538123995,5.5542633317373875,8.048509247601032,118.6268656716418,286.0,115.60199004975124,272.0,3.0248756218905473,14.0,36.288557213930346,224.0,59.960199004975124,154.0,1.0049751243781095,11.0,3.45771144278607,16.0,3.4079601990049753,5.0,70.17412935323384,168.0,56.89054726368159,186.0,-0.05847563668318729,2.672076958303268,2.055255672106376,0.10089135959410975,0.5367082729935646,800,769,graph
159,200,200,206.85252743921296,1.0342626371960648,189,673,3.560846560846561,209,72,19,0.6966666666666667,0.7437722419928826,209,72,7757.503135273624,3217.709963967991,2996.922374170177,5694.080726888306,5.559537545847359,8.055835962295532,119.39800995024876,281.0,116.95522388059702,274.0,2.442786069651741,9.0,37.169154228855724,217.0,62.288557213930346,151.0,1.3532338308457712,11.0,3.4975124378109452,15.0,3.074626865671642,5.0,65.22388059701493,195.0,64.05472636815921,193.0,-0.05847563668318729,2.672076958303268,2.055255672106376,0.10089135959410975,0.5367082729935646,800,769,graph
160,201,200,180.18981760507376,0.9009490880253688,198,713,3.601010101010101,200,84,16,0.6666666666666666,0.704225352112676,200,84,7163.632772902225,3102.712551645224,2994.2567904045086,5118.163595412119,5.4807414796518445,8.196145296096802,110.06965174129353,284.0,107.45771144278606,275.0,2.611940298507463,11.0,34.70646766169154,244.0,57.318407960199,148.0,1.1492537313432836,14.0,3.925373134328358,18.0,1.8308457711442787,3.0,61.1044776119403,173.0,56.74626865671642,204.0,-0.05847563668318729,2.672076958303268,2.055255672106376,0.10089135959410975,0.5367082729935646,800,769,graph
161,202,200,181.71945023547335,0.9085972511773668,190,678,3.568421052631579,198,81,21,0.66,0.7096774193548387,198,81,7253.104756702423,3254.8322214795135,2938.5369570678517,5245.326053864331,5.499054436845269,8.165940642356873,114.04975124378109,279.0,111.57711442786069,271.0,2.472636815920398,12.0,38.41293532338308,185.0,63.776119402985074,158.0,1.328358208955224,10.0,3.691542288557214,13.0,1.572139303482587,3.0,60.82089552238806,187.0,52.830845771144276,180.0,-0.05470953759952234,2.406560176840195,2.0319537027524066,0.09903982073620014,0.5570975232582825,800,770,graph
162,203,200,136.0278016926709,0.6801390084633545,195,840,4.3076923076923075,178,99,23,0.5933333333333334,0.6425992779783394,178,99,6351.05904688926,2701.1619900923697,2896.7152381327433,4209.219552439909,5.512841027322693,7.989462465047836,116.56716417910448,277.0,113.35323383084577,268.0,3.2139303482587063,12.0,34.9452736318408,222.0,35.19402985074627,86.0,1.208955223880597,15.0,2.427860696517413,8.0,0.0945273631840796,1.0,76.69651741293532,206.0,37.40298507462686,196.0,-0.05470953759952234,2.406560176840195,2.0319537027524066,0.09903982073620014,0.5570975232582825,800,770,graph
163,204,200,119.97844528816489,0.5998922264408244,195,707,3.6256410256410256,178,107,15,0.5933333333333334,0.624561403508772,178,107,5670.108728221393,3217.7674975204036,2686.278804650444,3834.4426863070835,5.576625095671089,7.971320301294327,129.33333333333334,285.0,126.04477611940298,278.0,3.288557213930348,9.0,40.407960199004975,205.0,42.80099502487562,101.0,1.228855721393035,11.0,2.5024875621890548,11.0,0.8009950248756219,2.0,80.9950248756219,211.0,39.61194029850746,186.0,-0.05470953759952234,2.406560176840195,2.0319537027524066,0.09903982073620014,0.5570975232582825,800,770,graph
164,205,200,158.40672877352162,0.7920336438676081,190,759,3.9947368421052634,194,94,12,0.6466666666666666,0.6736111111111112,194,94,6562.257370710018,3006.602055657748,2687.7599706527762,4709.314626314897,5.600421142704155,8.174639195203781,124.86567164179104,288.0,121.96019900497512,279.0,2.9054726368159205,12.0,38.298507462686565,216.0,49.89054726368159,119.0,1.855721393034826,16.0,2.044776119402985,17.0,1.4427860696517414,3.0,70.81094527363184,189.0,39.492537313432834,180.0,-0.05470953759952234,2.406560176840195,2.0319537027524066,0.09903982073620014,0.5570975232582825,800,770,graph
165,206,200,204.0805101863884,1.020402550931942,198,731,3.691919191919192,208,71,21,0.6933333333333334,0.7455197132616488,208,71,7533.18585333617,3438.061811238882,2479.156349173783,5896.568114210405,5.573216492115562,8.02608486264944,114.71144278606965,279.0,112.46268656716418,270.0,2.2487562189054726,9.0,44.45273631840796,244.0,85.39800995024876,203.0,1.5174129353233832,13.0,6.029850746268656,23.0,5.850746268656716,8.0,59.298507462686565,172.0,69.77114427860697,177.0,-0.047759907461463275,2.5674550292583613,1.984326041661776,0.07917579995657026,0.5423189093573735,800,767,graph
166,207,200,168.5006347010103,0.8425031735050516,185,685,3.7027027027027026,192,85,23,0.64,0.6931407942238267,192,85,6828.334638333876,2826.1298676368806,3401.8574697370204,4480.55845638149,5.514592650480828,7.998151704668999,118.07462686567165,278.0,115.14427860696517,272.0,2.9303482587064678,11.0,34.12935323383085,257.0,49.08457711442786,135.0,1.2039800995024876,15.0,2.7512437810945274,18.0,1.3582089552238805,2.0,73.363184079602,195.0,50.159203980099505,184.0,-0.047759907461463275,2.5674550292583613,1.984326041661776,0.07917579995657026,0.5423189093573735,800,767,graph
167,208,200,117.9269995384245,0.5896349976921225,192,741,3.859375,175,109,16,0.5833333333333334,0.6161971830985915,175,109,5873.547818654278,2836.866103382596,3192.472978030224,3518.959076465312,5.541018122316,8.156186901032925,118.33830845771145,284.0,115.01492537313433,278.0,3.3233830845771144,19.0,35.6318407960199,205.0,41.059701492537314,100.0,1.4228855721393034,15.0,2.6965174129353233,17.0,2.054726368159204,4.0,74.70646766169155,196.0,39.69651741293532,176.0,-0.047759907461463275,2.5674550292583613,1.984326041661776,0.07917579995657026,0.5423189093573735,800,767,graph
168,209,200,79.60927033264497,0.39804635166322483,192,760,3.9583333333333335,157,124,19,0.5233333333333333,0.5587188612099644,157,124,5266.972461360591,2525.189283733748,3394.8669550467016,2969.4728532228005,5.49785712205652,8.092209696769714,114.55223880597015,281.0,110.78109452736318,273.0,3.771144278606965,12.0,31.039800995024876,208.0,37.601990049751244,101.0,1.2487562189054726,9.0,2.6069651741293534,9.0,1.318407960199005,2.0,76.50248756218906,191.0,33.82587064676617,156.0,-0.047759907461463275,2.5674550292583613,1.984326041661776,0.07917579995657026,0.5423189093573735,800,767,graph
169,210,200,121.26578258525957,0.6063289129262979,197,821,4.16751269035533,174,108,18,0.58,0.6170212765957447,174,108,6158.307170415736,2632.2037995407445,3018.043660149871,3911.3156405328136,5.528045340964747,8.03995132446289,115.54726368159204,282.0,112.20398009950249,269.0,3.343283582089552,13.0,34.80597014925373,202.0,36.940298507462686,106.0,1.5820895522388059,15.0,3.0049751243781095,13.0,1.1741293532338308,2.0,73.76119402985074,202.0,34.72139303482587,187.0,-0.055514306800922404,2.8695875503695927,1.9407682636609445,0.040720289273657784,0.49441947651883733,800,778,graph
170,211,200,212.25410959830822,1.0612705479915412,187,694,3.7112299465240643,211,63,26,0.7033333333333334,0.7700729927007299,211,63,7191.530999075735,3192.166830187156,2937.0506827333706,5098.116312386344,5.477515345819257,7.938716560602188,111.22885572139303,275.0,109.08955223880596,266.0,2.1393034825870645,11.0,33.56716417910448,212.0,63.45273631840796,157.0,1.0796019900497513,11.0,3.27363184079602,16.0,1.0298507462686568,3.0,57.517412935323385,163.0,49.07462686567164,179.0,-0.055514306800922404,2.8695875503695927,1.9407682636609445,0.040720289273657784,0.49441947651883733,800,778,graph
171,212,200,65.67608315385135,0.32838041576925675,200,745,3.725,153,129,18,0.51,0.5425531914893617,153,129,4850.9722596336405,2847.3497677021073,2943.870946296512,2848.0997616710397,5.541410621496575,8.039629086852074,124.48756218905473,283.0,120.58706467661692,275.0,3.900497512437811,12.0,33.60696517412935,169.0,33.930348258706466,92.0,1.2686567164179106,10.0,2.800995024875622,14.0,1.9751243781094527,3.0,88.07462686567165,215.0,31.18905472636816,156.0,-0.055514306800922404,2.8695875503695927,1.9407682636609445,0.040720289273657784,0.49441947651883733,800,778,graph
172,213,200,160.25333282841814,0.8012666641420907,194,681,3.5103092783505154,192,94,14,0.64,0.6713286713286714,192,94,6977.880040597724,3135.611490649545,2976.4140840246673,4943.525030715071,5.480884755058075,8.015772327780724,114.25373134328358,286.0,111.3681592039801,278.0,2.8855721393034828,9.0,33.55721393034826,192.0,36.3681592039801,94.0,1.228855721393035,12.0,2.0497512437810945,12.0,1.154228855721393,2.0,74.1542288557214,205.0,38.398009950248756,151.0,-0.055514306800922404,2.8695875503695927,1.9407682636609445,0.040720289273657784,0.49441947651883733,800,778,graph
173,214,200,178.96456352659024,0.8948228176329512,193,737,3.8186528497409324,199,84,17,0.6633333333333333,0.7031802120141343,199,84,7127.278457127326,3045.0921019512566,2942.9981341680123,5023.434188675596,5.51712321145321,8.153860457241535,114.88059701492537,283.0,112.2587064676617,273.0,2.6218905472636815,10.0,35.19900497512438,202.0,51.78606965174129,140.0,1.7960199004975124,22.0,3.129353233830846,15.0,1.243781094527363,2.0,64.17412935323384,163.0,41.63681592039801,169.0,-0.05348315748555111,2.622117356612132,1.9138532429933548,0.14436123784847935,0.5626855981178008,800,768,graph
174,215,200,166.95483062964692,0.8347741531482346,194,772,3.979381443298969,189,88,23,0.63,0.6823104693140795,189,88,7276.741925701852,2838.578594738222,2956.7921806068566,5242.992296312961,5.467683211228445,8.012591861188412,111.58208955223881,277.0,108.94527363184079,269.0,2.63681592039801,12.0,28.791044776119403,242.0,52.159203980099505,134.0,1.0497512437810945,12.0,3.0597014925373136,17.0,0.8208955223880597,1.0,69.39800995024876,203.0,40.059701492537314,199.0,-0.05348315748555111,2.622117356612132,1.9138532429933548,0.14436123784847935,0.5626855981178008,800,768,graph
175,216,200,124.91204065166693,0.6245602032583346,189,679,3.5925925925925926,178,107,15,0.5933333333333334,0.624561403508772,178,107,6028.42292914269,2655.0785999000286,3646.8659112919036,3477.9557364258903,5.555680123579442,8.156463503837585,121.49253731343283,286.0,117.94527363184079,280.0,3.5472636815920398,12.0,32.46268656716418,253.0,37.507462686567166,107.0,1.3034825870646767,10.0,1.9253731343283582,13.0,2.756218905472637,6.0,84.54228855721394,206.0,42.30348258706468,196.0,-0.05348315748555111,2.622117356612132,1.9138532429933548,0.14436123784847935,0.5626855981178008,800,768,graph
176,217,200,106.3583070260458,0.5317915351302289,192,822,4.28125,169,115,16,0.5633333333333334,0.5950704225352113,169,115,5841.317824110262,2522.863006273719,3178.2447275423046,3419.9877840171785,5.510406374041714,8.203512988984585,117.95024875621891,285.0,114.37810945273633,277.0,3.572139303482587,12.0,37.582089552238806,325.0,32.07462686567164,95.0,2.3134328358208953,17.0,2.308457711442786,13.0,0.6467661691542289,2.0,79.74626865671642,223.0,33.15422885572139,151.0,-0.05348315748555111,2.622117356612132,1.9138532429933548,0.14436123784847935,0.5626855981178008,800,768,graph
177,218,200,105.48796967364399,0.5274398483682199,189,690,3.6507936507936507,170,113,17,0.5666666666666667,0.6007067137809188,170,113,5539.070751521264,2876.1407673202743,3277.7187531864947,3191.2487822746743,5.522363508741061,8.031247183680534,115.59701492537313,283.0,112.11442786069652,277.0,3.482587064676617,12.0,30.243781094527364,233.0,40.601990049751244,109.0,1.4029850746268657,13.0,1.373134328358209,10.0,1.9253731343283582,3.0,78.5223880597015,203.0,31.53233830845771,197.0,-0.04580652875693676,2.144718610896514,2.020540096438848,0.09501255040746674,0.5467900822225672,800,771,graph
178,219,200,147.21189354648834,0.7360594677324417,194,734,3.783505154639175,186,95,19,0.62,0.6619217081850534,186,95,6321.006978580333,2915.906766381252,3098.291866591891,3986.707081944279,5.482937779221961,7.987329736351967,116.09452736318408,281.0,113.16417910447761,271.0,2.9303482587064678,12.0,34.55721393034826,203.0,37.333333333333336,97.0,1.2835820895522387,12.0,2.4029850746268657,16.0,1.5472636815920398,3.0,77.40796019900498,224.0,40.74129353233831,155.0,-0.04580652875693676,2.144718610896514,2.020540096438848,0.09501255040746674,0.5467900822225672,800,771,graph
179,220,200,164.38190426312372,0.8219095213156186,199,738,3.708542713567839,194,87,19,0.6466666666666666,0.6903914590747331,194,87,6476.429882635525,3075.9977346798455,2865.606490889255,4532.34748268012,5.626010018127475,8.176139555871487,122.3731343283582,281.0,119.61691542288557,274.0,2.756218905472637,8.0,37.666666666666664,250.0,72.59701492537313,170.0,1.2487562189054726,14.0,4.751243781094527,19.0,2.4079601990049753,4.0,68.96019900497512,181.0,62.353233830845774,200.0,-0.04580652875693676,2.144718610896514,2.020540096438848,0.09501255040746674,0.5467900822225672,800,771,graph
180,221,200,140.18761306786948,0.7009380653393474,189,676,3.5767195767195767,184,93,23,0.6133333333333333,0.6642599277978339,184,93,5673.513018668188,3144.7987995052,2986.465955881415,3604.839776657203,5.512495631750543,7.941235788166523,119.86567164179104,277.0,117.02487562189054,266.0,2.8407960199004973,11.0,35.527363184079604,184.0,40.527363184079604,98.0,1.164179104477612,9.0,2.527363184079602,13.0,1.1044776119402986,3.0,75.66666666666667,184.0,44.98009950248756,160.0,-0.04580652875693676,2.144718610896514,2.020540096438848,0.09501255040746674,0.5467900822225672,800,771,graph
181,222,200,171.84651144868985,0.8592325572434493,195,675,3.4615384615384617,195,84,21,0.65,0.6989247311827957,195,84,6901.419817698444,3403.202803456022,2770.3491974497265,4957.4220382047115,5.567470732242314,8.007708936929703,114.0049751243781,279.0,111.30845771144278,271.0,2.6965174129353233,9.0,33.91542288557214,220.0,58.40298507462686,144.0,1.2835820895522387,10.0,4.119402985074627,13.0,1.945273631840796,4.0,62.11940298507463,174.0,43.6865671641791,160.0,-0.055599986531888135,2.9396257108220687,2.041808402309051,0.10597101209240409,0.5528613015866051,800,764,graph
182,223,200,154.34342631509597,0.7717171315754798,193,703,3.6424870466321244,187,92,21,0.6233333333333333,0.6702508960573477,187,92,6704.531145185441,3209.118806982626,2854.042159064439,4712.662272741556,5.491587296313611,8.004737086594105,112.61194029850746,279.0,109.94527363184079,270.0,2.6666666666666665,11.0,31.218905472636816,166.0,66.17412935323384,162.0,1.3134328358208955,16.0,3.1492537313432836,10.0,1.8258706467661692,3.0,63.43283582089552,171.0,52.88059701492537,188.0,-0.055599986531888135,2.9396257108220687,2.041808402309051,0.10597101209240409,0.5528613015866051,800,764,graph
183,224,200,161.3845014535373,0.8069225072676864,186,713,3.8333333333333335,194,90,16,0.6466666666666666,0.6830985915492958,194,90,6419.040095302343,2835.791458119274,3326.118774780399,4027.4104590560096,5.594858867278443,8.193651214241982,123.50746268656717,284.0,120.5223880597015,279.0,2.985074626865672,9.0,39.66169154228856,235.0,54.039800995024876,150.0,1.4129353233830846,17.0,3.398009950248756,11.0,1.4975124378109452,2.0,71.23880597014926,176.0,40.940298507462686,175.0,-0.055599986531888135,2.9396257108220687,2.041808402309051,0.10597101209240409,0.5528613015866051,800,764,graph
184,225,200,159.48683822451378,0.7974341911225689,190,700,3.6842105263157894,191,90,19,0.6366666666666667,0.6797153024911032,191,90,6665.800879648833,3404.6544049893846,2506.2821862785463,4924.312436951166,5.549656120661776,8.06401763111353,120.02487562189054,282.0,117.25373134328358,269.0,2.771144278606965,13.0,36.059701492537314,176.0,58.13930348258707,135.0,1.2736318407960199,12.0,3.611940298507463,14.0,1.5572139303482586,2.0,69.48258706467662,180.0,48.44278606965174,169.0,-0.055599986531888135,2.9396257108220687,2.041808402309051,0.10597101209240409,0.5528613015866051,800,764,graph
185,226,200,138.6021503550505,0.6930107517752525,197,673,3.416243654822335,179,97,24,0.5966666666666667,0.6485507246376812,179,97,6402.415489930392,3092.5018934389227,3033.3570904481494,4375.057567718377,5.487093919730602,8.028040640056133,112.94029850746269,277.0,109.8955223880597,264.0,3.044776119402985,15.0,30.45771144278607,270.0,42.93532338308458,108.0,0.9850746268656716,15.0,2.208955223880597,13.0,2.781094527363184,4.0,72.90049751243781,193.0,41.97014925373134,202.0,-0.06437018914137017,2.0686416276372395,2.002625960570115,0.07464475971536838,0.5414339138123279,800,776,graph
186,227,200,95.993222280065,0.47996611140032497,194,684,3.5257731958762886,163,116,21,0.5433333333333333,0.5842293906810035,163,116,5657.735809612922,3160.0565900267566,2945.2471095920787,3645.4850245201123,5.517929347593393,7.986024953424931,113.5223880597015,279.0,110.1094527363184,265.0,3.4129353233830844,14.0,34.17412935323383,238.0,36.12935323383085,96.0,1.3034825870646767,15.0,2.5870646766169156,13.0,0.6517412935323383,1.0,73.07462686567165,181.0,40.08457711442786,210.0,-0.06437018914137017,2.0686416276372395,2.002625960570115,0.07464475971536838,0.5414339138123279,800,776,graph
187,228,200,159.40348195926765,0.7970174097963383,194,734,3.783505154639175,194,94,12,0.6466666666666666,0.6736111111111112,194,94,6665.412238037909,3021.100175463084,3026.17178785873,4571.123220918342,5.58635547052865,10.19266527146101,122.39303482587064,288.0,119.54228855721394,282.0,2.8507462686567164,12.0,37.70646766169154,230.0,59.930348258706466,146.0,1.4676616915422886,11.0,4.174129353233831,16.0,2.383084577114428,3.0,73.56716417910448,191.0,47.36318407960199,190.0,-0.06437018914137017,2.0686416276372395,2.002625960570115,0.07464475971536838,0.5414339138123279,800,776,graph
188,229,200,80.13824975920919,0.40069124879604595,191,669,3.5026178010471205,159,118,23,0.53,0.5740072202166066,159,118,4654.100635094478,3084.4819132231496,3037.3010824358926,2466.7079427164235,5.491268575488038,7.98371434211731,120.01492537313433,277.0,116.43283582089552,266.0,3.582089552238806,15.0,33.114427860696516,243.0,25.08955223880597,78.0,1.0796019900497513,11.0,1.6019900497512438,11.0,0.736318407960199,1.0,88.44278606965175,212.0,29.29353233830846,198.0,-0.06437018914137017,2.0686416276372395,2.002625960570115,0.07464475971536838,0.5414339138123279,800,776,graph
189,230,200,188.55483703736297,0.9427741851868149,191,704,3.6858638743455496,203,77,20,0.6766666666666666,0.725,203,77,6966.521276444808,2962.6565529521527,3195.0031337340356,4700.326316684755,5.502775237334902,8.050205186009407,113.5223880597015,280.0,110.92537313432835,270.0,2.5970149253731343,10.0,33.7363184079602,219.0,60.93532338308458,144.0,1.2487562189054726,21.0,2.7761194029850746,18.0,2.7064676616915424,4.0,65.09950248756219,185.0,51.86069651741293,164.0,-0.04065408485117727,2.3426027555878344,1.975013642356946,0.10962076959639723,0.5615259384593139,800,774,graph
190,231,200,116.45535135098858,0.582276756754943,191,687,3.5968586387434556,175,110,15,0.5833333333333334,0.6140350877192983,175,110,5854.500806344759,2954.0236301912532,3280.8308756408856,3505.355012959315,5.490602823484004,7.970879785716534,112.05970149253731,285.0,108.62189054726367,274.0,3.4378109452736316,14.0,31.383084577114428,207.0,34.95522388059702,86.0,1.1791044776119404,12.0,1.572139303482587,10.0,0.9701492537313433,4.0,71.61194029850746,227.0,40.37810945273632,170.0,-0.04065408485117727,2.3426027555878344,1.975013642356946,0.10962076959639723,0.5615259384593139,800,774,graph
191,232,200,177.9902480397214,0.8899512401986069,195,683,3.5025641025641026,202,85,13,0.6733333333333333,0.7038327526132404,202,85,6801.118367525226,2925.3898481378533,3269.174697884057,4625.708522998395,5.521093319119209,8.13059788197279,121.97014925373135,288.0,119.32338308457712,276.0,2.646766169154229,12.0,34.308457711442784,305.0,60.850746268656714,154.0,0.9850746268656716,13.0,2.7611940298507465,19.0,0.8656716417910447,1.0,72.37810945273633,216.0,46.666666666666664,181.0,-0.04065408485117727,2.3426027555878344,1.975013642356946,0.10962076959639723,0.5615259384593139,800,774,graph
192,233,200,161.91605950878431,0.8095802975439216,197,702,3.563451776649746,190,86,24,0.6333333333333333,0.6884057971014492,190,86,6565.314201323833,3223.7843768558573,2822.1203185790973,4660.394192048906,5.548644936018026,7.999959401786327,115.81094527363184,276.0,113.1592039800995,262.0,2.6517412935323383,14.0,33.766169154228855,185.0,63.07462686567164,144.0,1.2189054726368158,9.0,3.5472636815920398,12.0,1.2388059701492538,2.0,58.069651741293534,161.0,58.60696517412935,171.0,-0.04065408485117727,2.3426027555878344,1.975013642356946,0.10962076959639723,0.5615259384593139,800,774,graph
193,234,200,66.87690319539087,0.33438451597695434,193,768,3.9792746113989637,155,127,18,0.5166666666666667,0.549645390070922,155,127,4519.367768257685,2631.9893696608456,3307.9510660756127,2070.332433066723,5.560860232408367,8.124412968754768,122.04975124378109,282.0,117.98009950248756,276.0,4.069651741293533,15.0,37.17910447761194,226.0,17.82089552238806,60.0,1.4328358208955223,12.0,1.199004975124378,11.0,1.2238805970149254,2.0,92.2089552238806,236.0,28.46268656716418,190.0,-0.044946487902892004,3.63113534450531,2.0264520152257037,0.06486377012625141,0.5406495536892459,800,773,graph
194,235,200,194.73158098505397,0.9736579049252698,194,703,3.6237113402061856,207,76,17,0.69,0.7314487632508834,207,76,7220.130180489945,3529.050341602319,2486.684913220686,5583.616295894699,5.655000574738529,7.995579391717911,121.7363184079602,284.0,119.49751243781094,272.0,2.2388059701492535,12.0,40.13930348258707,188.0,91.95024875621891,216.0,1.3432835820895523,9.0,5.965174129353234,18.0,4.407960199004975,6.0,60.89054726368159,173.0,73.22885572139303,196.0,-0.044946487902892004,3.63113534450531,2.0264520152257037,0.06486377012625141,0.5406495536892459,800,773,graph
195,236,200,160.5587501743364,0.802793750871682,197,714,3.6243654822335025,192,91,17,0.64,0.6784452296819788,192,91,6743.459291185661,3281.6011406334596,2743.6226489778205,4833.936445292604,5.525077429057947,8.050566539168358,114.64676616915423,283.0,111.70646766169155,272.0,2.9402985074626864,11.0,36.01990049751244,194.0,52.54726368159204,130.0,1.527363184079602,21.0,2.5323383084577116,14.0,1.756218905472637,3.0,64.62189054726367,180.0,43.12935323383085,196.0,-0.044946487902892004,3.63113534450531,2.0264520152257037,0.06486377012625141,0.5406495536892459,800,773,graph
196,237,200,187.78797443978902,0.9389398721989451,189,683,3.613756613756614,204,83,13,0.68,0.710801393728223,204,83,7436.623100800651,3157.606903423989,3114.695785567079,5251.695737805099,5.546061558398738,8.23864247649908,114.91542288557214,287.0,112.42288557213931,278.0,2.4925373134328357,15.0,39.472636815920396,247.0,64.26865671641791,163.0,1.2985074626865671,12.0,4.079601990049751,16.0,1.2885572139303483,3.0,54.87064676616915,139.0,62.592039800995025,201.0,-0.044946487902892004,3.63113534450531,2.0264520152257037,0.06486377012625141,0.5406495536892459,800,773,graph
197,238,200,56.46057825170141,0.28230289125850705,191,723,3.7853403141361257,148,132,20,0.49333333333333335,0.5285714285714286,148,132,4676.695494604141,2627.6569559750037,3411.7440349194158,2269.593129885944,5.528218807902799,8.010915480554104,119.45771144278606,280.0,115.41293532338308,269.0,4.044776119402985,14.0,32.776119402985074,177.0,30.308457711442784,99.0,1.199004975124378,13.0,1.935323383084577,10.0,2.5621890547263684,4.0,89.04477611940298,230.0,31.074626865671643,154.0,-0.05390760993647676,2.9480388324994307,2.006198825744482,0.06636163214846959,0.5020766496085204,800,767,graph
198,239,200,140.40016378325817,0.7020008189162908,188,653,3.473404255319149,182,100,18,0.6066666666666667,0.6453900709219859,182,100,6581.944554390868,3091.3674002710386,3204.7900239100422,4372.767806372088,5.512235871520802,8.124074898660183,118.18905472636816,284.0,114.86567164179104,272.0,3.3233830845771144,14.0,32.56716417910448,214.0,47.16417910447761,135.0,1.0149253731343284,11.0,2.0696517412935322,13.0,1.5422885572139304,3.0,70.34328358208955,174.0,38.25870646766169,219.0,-0.05390760993647676,2.9480388324994307,2.006198825744482,0.06636163214846959,0.5020766496085204,800,767,graph
199,240,200,143.28063732829395,0.7164031866414697,193,692,3.5854922279792745,185,100,15,0.6166666666666667,0.6491228070175439,185,100,6566.969940815213,3078.7758666075188,3170.3106985474324,4315.407366951918,5.550448852243708,8.181915618479252,119.44776119402985,285.0,116.2587064676617,279.0,3.189054726368159,12.0,34.646766169154226,246.0,61.82587064676617,153.0,1.1044776119402986,17.0,3.7661691542288556,24.0,2.5522388059701493,3.0,78.8407960199005,223.0,45.92039800995025,167.0,-0.05390760993647676,2.9480388324994307,2.006198825744482,0.06636163214846959,0.5020766496085204,800,767,graph
200,241,200,147.07255856584615,0.7353627928292308,195,694,3.5589743589743588,187,95,18,0.6233333333333333,0.6631205673758865,187,95,6158.215998636426,2712.333925215883,3461.154477343637,3784.469482534024,5.526392317529934,8.052992634475231,117.68656716417911,282.0,114.70646766169155,274.0,2.9800995024875623,12.0,31.895522388059703,181.0,35.985074626865675,100.0,0.9502487562189055,11.0,2.144278606965174,9.0,0.0,0.0,75.67661691542288,193.0,31.0,152.0,-0.05390760993647676,2.9480388324994307,2.006198825744482,0.06636163214846959,0.5020766496085204,800,767,graph
201,242,200,104.76861315275721,0.523843065763786,192,707,3.6822916666666665,168,112,20,0.56,0.6,168,112,5568.437495757512,2881.5674186741508,3273.3527290162074,3195.786868652068,5.523799668385911,8.073629811406136,118.87064676616916,280.0,115.34825870646766,270.0,3.5223880597014925,13.0,33.81094527363184,231.0,28.606965174129353,77.0,1.2686567164179106,15.0,1.626865671641791,11.0,0.46766169154228854,1.0,83.50248756218906,207.0,31.019900497512438,161.0,-0.061180538835917384,2.9569668769836426,1.982490402001601,0.11750291194102475,0.5608552352238733,800,768,graph
202,243,200,142.82975734347616,0.7141487867173808,189,687,3.634920634920635,181,93,26,0.6033333333333334,0.6605839416058394,181,93,6177.769215516018,2894.9728382016624,3338.3962888765664,3839.2662690643656,5.448010282136908,8.0722626298666,110.42288557213931,274.0,107.56218905472637,261.0,2.8606965174129355,13.0,29.54228855721393,253.0,38.865671641791046,101.0,1.3333333333333333,20.0,2.427860696517413,14.0,1.63681592039801,4.0,70.72139303482587,187.0,39.62686567164179,180.0,-0.061180538835917384,2.9569668769836426,1.982490402001601,0.11750291194102475,0.5608552352238733,800,768,graph
203,244,200,93.63551622482986,0.4681775811241493,194,738,3.804123711340206,165,120,15,0.55,0.5789473684210527,165,120,5474.45143125472,2545.4158698822134,3514.425671511066,3038.4747255948346,5.510284532955037,8.060889318585396,112.50746268656717,285.0,108.7860696517413,278.0,3.7213930348258706,13.0,32.91542288557214,227.0,26.98507462686567,83.0,1.2039800995024876,14.0,1.4029850746268657,9.0,1.0348258706467661,3.0,78.34825870646766,209.0,31.059701492537314,190.0,-0.061180538835917384,2.9569668769836426,1.982490402001601,0.11750291194102475,0.5608552352238733,800,768,graph
204,245,200,173.87893473657937,0.8693946736828968,193,704,3.6476683937823835,193,84,23,0.6433333333333333,0.6967509025270758,193,84,7217.694179866546,3040.836275869204,3067.5150641855857,4995.338935049028,5.436740361561823,8.004050701856613,107.21890547263682,277.0,104.4726368159204,265.0,2.746268656716418,13.0,30.28855721393035,148.0,41.124378109452735,112.0,1.2338308457711442,8.0,2.084577114427861,8.0,0.8258706467661692,2.0,63.582089552238806,195.0,40.134328358208954,159.0,-0.061180538835917384,2.9569668769836426,1.982490402001601,0.11750291194102475,0.5608552352238733,800,768,graph
205,246,200,169.92515588882955,0.8496257794441477,190,694,3.6526315789473682,191,83,26,0.6366666666666667,0.6970802919708029,191,83,6918.8462033276755,3026.3775601862853,3206.6621405470564,4643.529353376602,5.510809933257043,7.942134514451027,109.35820895522389,274.0,106.60696517412936,264.0,2.7512437810945274,11.0,37.75124378109453,216.0,46.84577114427861,128.0,1.3830845771144278,10.0,2.5970149253731343,13.0,0.9402985074626866,2.0,61.44776119402985,171.0,44.45273631840796,181.0,-0.054457255073010365,2.7063204164688406,1.8636232339418852,0.07996720561417393,0.5651249441389854,800,769,graph
206,247,200,187.48196398562692,0.9374098199281345,190,676,3.557894736842105,205,83,12,0.6833333333333333,0.7118055555555556,205,83,7378.71002004939,3460.4734228611933,2743.070761792052,5471.651647038256,5.543622924987949,8.297466672956944,115.32835820895522,288.0,112.87064676616916,278.0,2.45771144278607,10.0,37.25373134328358,269.0,74.363184079602,182.0,1.4676616915422886,13.0,3.9800995024875623,19.0,2.6318407960199006,4.0,54.03482587064676,139.0,67.0049751243781,228.0,-0.054457255073010365,2.7063204164688406,1.8636232339418852,0.07996720561417393,0.5651249441389854,800,769,graph
207,248,200,145.9226760754792,0.729613380377396,193,723,3.7461139896373057,182,94,24,0.6066666666666667,0.6594202898550725,182,94,6422.023984419457,2623.98490363145,3560.8762241127797,3876.797201089519,5.4797122801714275,8.034504018723965,105.01990049751244,276.0,102.09950248756219,266.0,2.9203980099502487,12.0,30.955223880597014,254.0,40.776119402985074,119.0,1.407960199004975,13.0,1.9303482587064678,18.0,1.9751243781094527,4.0,66.04477611940298,186.0,39.666666666666664,179.0,-0.054457255073010365,2.7063204164688406,1.8636232339418852,0.07996720561417393,0.5651249441389854,800,769,graph
208,249,200,135.9302819207021,0.6796514096035104,196,816,4.163265306122449,180,101,19,0.6,0.6405693950177936,180,101,6451.745214425331,3161.3209264797133,2370.7243842672447,4829.509156471036,5.594118678970124,8.298946544528008,118.8955223880597,282.0,116.05970149253731,278.0,2.8358208955223883,12.0,39.1044776119403,256.0,58.46268656716418,144.0,1.4179104477611941,15.0,4.532338308457711,16.0,1.7213930348258706,3.0,65.19900497512438,167.0,57.14427860696517,210.0,-0.054457255073010365,2.7063204164688406,1.8636232339418852,0.07996720561417393,0.5651249441389854,800,769,graph
209,250,200,207.11093805790728,1.0355546902895363,189,692,3.6613756613756614,211,73,16,0.7033333333333334,0.7429577464788732,211,73,7658.686564212597,3114.9698267578055,3021.312140193245,5495.387761560813,5.537440129254588,8.214130066335201,115.93034825870647,284.0,113.4776119402985,274.0,2.4527363184079602,12.0,34.69651741293532,300.0,51.79601990049751,128.0,1.3681592039800996,18.0,2.5024875621890548,17.0,0.9502487562189055,2.0,62.11940298507463,169.0,54.114427860696516,206.0,-0.057969737878570765,2.840712543290395,1.837610471707124,0.10958718687782634,0.5658723080100921,800,779,graph
210,251,200,131.52619088699356,0.6576309544349678,194,712,3.670103092783505,181,97,22,0.6033333333333334,0.6510791366906474,181,97,5447.521629092966,2895.4272516400524,3165.5582831418437,3221.6957594326104,5.560053758026652,7.9690273851156235,121.02985074626865,278.0,117.94029850746269,264.0,3.08955223880597,14.0,36.96517412935324,162.0,37.90049751243781,105.0,1.407960199004975,12.0,2.537313432835821,10.0,0.7661691542288557,2.0,78.02985074626865,197.0,37.32835820895522,171.0,-0.057969737878570765,2.840712543290395,1.837610471707124,0.10958718687782634,0.5658723080100921,800,779,graph
211,252,200,109.54428216079161,0.5477214108039581,198,848,4.282828282828283,168,110,22,0.56,0.60431654676259,168,110,5836.862486388586,2843.476126289245,2612.5990026179975,3984.8103750998025,5.632207223876792,8.076976053416729,121.49751243781094,279.0,118.42786069651741,271.0,3.0696517412935322,11.0,42.32835820895522,207.0,63.21890547263681,150.0,1.9701492537313432,11.0,6.029850746268656,19.0,3.462686567164179,5.0,73.45273631840796,180.0,55.756218905472636,159.0,-0.057969737878570765,2.840712543290395,1.837610471707124,0.10958718687782634,0.5658723080100921,800,779,graph
212,253,200,167.6356615332043,0.8381783076660215,198,734,3.707070707070707,193,85,22,0.6433333333333333,0.6942446043165468,193,85,6668.47296815237,2937.111728466393,3106.5596891482996,4427.381950634417,5.534761918903286,8.049403317272663,117.02985074626865,278.0,114.3731343283582,267.0,2.656716417910448,11.0,38.134328358208954,245.0,57.681592039801,134.0,1.6019900497512438,16.0,3.9751243781094527,17.0,0.8706467661691543,2.0,67.82089552238806,193.0,45.44278606965174,204.0,-0.057969737878570765,2.840712543290395,1.837610471707124,0.10958718687782634,0.5658723080100921,800,779,graph
213,254,200,146.54377705786763,0.7327188852893382,197,736,3.736040609137056,184,95,21,0.6133333333333333,0.6594982078853047,184,95,6495.505531313199,3088.032606360158,2883.0708562787445,4458.39545161535,5.569333942671913,8.195298723876476,116.82089552238806,279.0,113.97014925373135,273.0,2.8507462686567164,15.0,36.492537313432834,258.0,51.97014925373134,126.0,1.4577114427860696,15.0,2.9203980099502487,15.0,1.2388059701492538,2.0,66.0,207.0,50.26865671641791,206.0,-0.054658871094803683,2.733106469305662,1.7702255569971526,0.1072932979130807,0.5245284173064507,800,776,graph
214,255,200,171.83434062741023,0.8591717031370512,194,736,3.7938144329896906,196,83,21,0.6533333333333333,0.7025089605734767,196,83,6643.54375746849,3167.12372803109,2733.3808489034236,4776.586108656495,5.585540109198188,8.023235015571117,117.18407960199005,279.0,114.64676616915423,268.0,2.537313432835821,13.0,40.114427860696516,284.0,61.82587064676617,152.0,1.6069651741293531,15.0,3.144278606965174,15.0,1.4427860696517414,2.0,61.23880597014925,173.0,54.9452736318408,209.0,-0.054658871094803683,2.733106469305662,1.7702255569971526,0.1072932979130807,0.5245284173064507,800,776,graph
215,256,200,171.26230171908145,0.8563115085954073,191,743,3.8900523560209423,193,88,19,0.6433333333333333,0.6868327402135231,193,88,7253.21350865308,2612.43056977059,3358.553877779803,4976.142068381999,5.509318478071868,8.12890287488699,113.7910447761194,282.0,110.8955223880597,266.0,2.8955223880597014,16.0,30.208955223880597,246.0,46.601990049751244,117.0,1.044776119402985,17.0,2.283582089552239,10.0,1.054726368159204,4.0,66.1592039800995,196.0,44.288557213930346,201.0,-0.054658871094803683,2.733106469305662,1.7702255569971526,0.1072932979130807,0.5245284173064507,800,776,graph
216,257,200,191.5268919373866,0.9576344596869331,194,708,3.649484536082474,202,72,26,0.6733333333333333,0.7372262773722628,202,72,6889.627547890299,3070.5764756318126,2984.2276031367483,4845.81937328481,5.582655071100192,7.979313842952251,116.8407960199005,275.0,114.56716417910448,269.0,2.27363184079602,8.0,33.55721393034826,209.0,71.81094527363184,167.0,1.3383084577114428,13.0,2.8756218905472637,12.0,1.36318407960199,2.0,61.54228855721393,182.0,47.00995024875622,165.0,-0.054658871094803683,2.733106469305662,1.7702255569971526,0.1072932979130807,0.5245284173064507,800,776,graph
217,258,200,160.07531335516308,0.8003765667758154,190,724,3.8105263157894735,191,90,19,0.6366666666666667,0.6797153024911032,191,90,6705.280242753687,3323.9537801557854,2683.5977344884523,4860.84101470637,5.542581840719453,8.003929629921913,114.06965174129353,281.0,111.34328358208955,271.0,2.72636815920398,10.0,38.582089552238806,249.0,63.79601990049751,155.0,1.5522388059701493,14.0,4.592039800995025,15.0,2.129353233830846,3.0,62.29353233830846,174.0,58.791044776119406,189.0,-0.060964481269295975,2.343940237393746,1.969199462578847,0.08376329788865035,0.5354084195569158,800,755,graph
218,259,200,150.1674260304046,0.750837130152023,187,712,3.807486631016043,188,98,14,0.6266666666666667,0.6573426573426573,188,98,6717.632129112862,2920.373025301639,3228.3752946079985,4510.281359497949,5.501770303209327,8.087319321930408,115.82089552238806,287.0,112.67164179104478,275.0,3.1492537313432836,12.0,33.90049751243781,266.0,37.02985074626866,91.0,1.4328358208955223,19.0,2.2935323383084576,11.0,0.23880597014925373,1.0,73.39303482587064,205.0,36.398009950248756,167.0,-0.060964481269295975,2.343940237393746,1.969199462578847,0.08376329788865035,0.5354084195569158,800,755,graph
219,260,200,120.89342987622175,0.6044671493811087,188,662,3.521276595744681,174,104,22,0.58,0.6258992805755396,174,104,5699.366994476579,2541.7666952266745,3747.6302473646506,3209.1599124260056,5.497135481431116,8.023570291697979,116.08955223880596,278.0,112.61691542288557,270.0,3.472636815920398,16.0,33.23880597014925,213.0,23.35323383084577,77.0,1.3781094527363185,13.0,1.4179104477611941,10.0,0.47761194029850745,2.0,84.25373134328358,228.0,28.019900497512438,175.0,-0.060964481269295975,2.343940237393746,1.969199462578847,0.08376329788865035,0.5354084195569158,800,755,graph
220,261,200,147.5717168915556,0.7378585844577781,190,700,3.6842105263157894,187,96,17,0.6233333333333333,0.6607773851590106,187,96,6458.134598643756,3337.3454562008906,2733.305280672186,4567.389215193577,5.5996875385220966,8.064129389822483,119.77114427860697,283.0,116.85074626865672,273.0,2.9203980099502487,12.0,37.407960199004975,249.0,62.527363184079604,152.0,1.4975124378109452,15.0,4.263681592039801,18.0,1.9800995024875623,3.0,65.62189054726367,193.0,53.159203980099505,214.0,-0.060964481269295975,2.343940237393746,1.969199462578847,0.08376329788865035,0.5354084195569158,800,755,graph
221,262,200,96.44141596591612,0.4822070798295806,193,709,3.673575129533679,164,115,21,0.5466666666666666,0.5878136200716846,164,115,5407.5108691608275,2764.03863570507,3289.5683975637726,3206.7159118909603,5.60536378744378,8.031676523387432,115.45771144278606,280.0,111.82587064676616,269.0,3.6318407960199006,14.0,29.223880597014926,233.0,26.592039800995025,90.0,0.8507462686567164,10.0,1.671641791044776,8.0,0.43283582089552236,1.0,83.2089552238806,202.0,25.213930348258707,219.0,-0.059417452421397544,3.147141988460834,1.837002123777683,0.10585007729740346,0.5725510737930353,800,772,graph
222,263,200,96.93187726019092,0.48465938630095456,192,731,3.8072916666666665,164,113,23,0.5466666666666666,0.592057761732852,164,113,5250.542840525887,2738.979643778319,3306.0336272840186,2960.1844843951053,5.631849466271661,7.966311648488045,115.5223880597015,277.0,111.95522388059702,269.0,3.5671641791044775,14.0,34.69651741293532,205.0,27.53233830845771,73.0,1.1840796019900497,10.0,1.4477611940298507,8.0,0.2537313432835821,1.0,80.40298507462687,233.0,35.004975124378106,150.0,-0.059417452421397544,3.147141988460834,1.837002123777683,0.10585007729740346,0.5725510737930353,800,772,graph
223,264,200,202.49334703309066,1.0124667351654533,189,646,3.417989417989418,210,73,17,0.7,0.7420494699646644,210,73,7324.37606310193,3229.3389991369545,3084.2242982382777,5250.070040022473,5.566199532529311,8.069259114563465,118.16915422885572,283.0,115.73134328358209,272.0,2.4378109452736316,11.0,35.00995024875622,213.0,62.07462686567164,146.0,1.1293532338308458,14.0,3.2935323383084576,19.0,2.263681592039801,3.0,65.19900497512438,176.0,51.21890547263681,175.0,-0.059417452421397544,3.147141988460834,1.837002123777683,0.10585007729740346,0.5725510737930353,800,772,graph
224,265,200,85.12461521096641,0.4256230760548321,198,866,4.373737373737374,158,118,24,0.5266666666666666,0.572463768115942,158,118,5111.975071286248,2497.9731257900294,2884.94497870868,3069.263640942291,5.698025490699419,10.322424583137035,120.80597014925372,276.0,117.14427860696517,271.0,3.6616915422885574,15.0,36.34825870646766,192.0,43.492537313432834,126.0,1.527363184079602,11.0,4.796019900497512,15.0,2.383084577114428,3.0,80.65174129353234,200.0,39.7363184079602,198.0,-0.059417452421397544,3.147141988460834,1.837002123777683,0.10585007729740346,0.5725510737930353,800,772,graph
225,266,200,142.81098642451437,0.7140549321225719,191,699,3.6596858638743455,184,95,21,0.6133333333333333,0.6594982078853047,184,95,6145.682967492291,3185.7680210035464,2891.113963991582,4208.332867441715,5.57286023574682,8.103089407086372,119.02985074626865,279.0,116.1094527363184,273.0,2.9203980099502487,13.0,39.1044776119403,214.0,50.756218905472636,124.0,1.427860696517413,13.0,2.5970149253731343,13.0,1.0049751243781095,3.0,66.94029850746269,169.0,49.84577114427861,173.0,-0.05640609873863958,2.3381626153221498,1.903835301215832,0.12473758474120704,0.5918404593204076,800,766,graph
226,267,200,148.30639651714105,0.7415319825857053,193,763,3.9533678756476682,186,92,22,0.62,0.6690647482014388,186,92,6155.875516169314,3021.8161018967708,2739.7753954023774,4174.853028534414,5.571711257063038,7.962518371641636,113.39800995024876,278.0,110.56716417910448,268.0,2.8308457711442787,10.0,35.38805970149254,197.0,51.134328358208954,119.0,1.1243781094527363,13.0,3.084577114427861,14.0,0.736318407960199,2.0,61.49751243781095,170.0,51.930348258706466,197.0,-0.05640609873863958,2.3381626153221498,1.903835301215832,0.12473758474120704,0.5918404593204076,800,766,graph
227,268,200,133.71591300548653,0.6685795650274327,192,672,3.5,183,102,15,0.61,0.6421052631578947,183,102,6002.030568323762,3043.4969490629155,3196.1860260108547,3753.0419205724916,5.55952307559661,8.15530028194189,121.55721393034825,285.0,118.28855721393035,277.0,3.2686567164179103,13.0,34.06467661691542,268.0,40.88059701492537,97.0,1.208955223880597,14.0,2.308457711442786,14.0,1.7114427860696517,3.0,78.2089552238806,216.0,45.208955223880594,186.0,-0.05640609873863958,2.3381626153221498,1.903835301215832,0.12473758474120704,0.5918404593204076,800,766,graph
228,269,200,169.160279976007,0.845801399880035,190,684,3.6,194,89,17,0.6466666666666666,0.6855123674911661,194,89,7175.4625955041465,3164.3108245977155,3090.644062288347,5010.353526134775,5.530538199589917,8.145580999553204,114.7412935323383,283.0,112.06965174129353,272.0,2.671641791044776,12.0,35.98009950248756,238.0,57.89054726368159,156.0,1.3333333333333333,12.0,3.1044776119402986,21.0,1.5174129353233832,2.0,62.25373134328358,185.0,46.63681592039801,219.0,-0.05640609873863958,2.3381626153221498,1.903835301215832,0.12473758474120704,0.5918404593204076,800,766,graph
229,270,200,100.78480283209879,0.5039240141604939,198,818,4.1313131313131315,164,112,24,0.5466666666666666,0.5942028985507246,164,112,5508.742494192224,2626.0925457597878,2948.4257273401827,3505.256541816946,5.60422082760589,8.057750761508942,120.07462686567165,276.0,116.54726368159204,264.0,3.527363184079602,14.0,38.985074626865675,252.0,31.223880597014926,93.0,1.507462686567164,14.0,2.7860696517412937,12.0,1.208955223880597,3.0,80.4776119402985,198.0,32.42786069651741,162.0,-0.06555237660918814,2.5547089708539157,1.837007883649606,0.10700503595497762,0.577594653577902,800,769,graph
230,271,200,111.92698823037195,0.5596349411518597,195,695,3.5641025641025643,171,110,19,0.57,0.608540925266904,171,110,5816.976592263157,3017.8240384415067,3032.4851720951265,3792.249452722049,5.559424373937484,8.183553814888,118.85074626865672,281.0,115.53731343283582,268.0,3.3134328358208953,13.0,32.865671641791046,298.0,51.527363184079604,126.0,1.2537313432835822,13.0,2.7661691542288556,15.0,2.074626865671642,3.0,75.27860696517413,207.0,39.059701492537314,206.0,-0.06555237660918814,2.5547089708539157,1.837007883649606,0.10700503595497762,0.577594653577902,800,769,graph
231,272,200,108.35914349022113,0.5417957174511057,185,679,3.67027027027027,167,109,24,0.5566666666666666,0.605072463768116,167,109,5784.474579794897,3119.000961553273,3049.6203695951126,3665.657598488662,5.465359830144626,7.958006113767624,115.14427860696517,277.0,111.71641791044776,266.0,3.427860696517413,13.0,28.91044776119403,208.0,44.72139303482587,104.0,1.2189054726368158,10.0,2.4328358208955225,11.0,1.935323383084577,4.0,72.01990049751244,204.0,36.32835820895522,175.0,-0.06555237660918814,2.5547089708539157,1.837007883649606,0.10700503595497762,0.577594653577902,800,769,graph
232,273,200,118.29991435962874,0.5914995717981437,191,651,3.4083769633507854,174,106,20,0.58,0.6214285714285714,174,106,5723.911432495484,2891.3333188858383,3449.1909716612295,3370.5295343805287,5.512330440146413,8.085327222943306,114.5273631840796,280.0,111.06965174129353,265.0,3.45771144278607,15.0,33.32835820895522,193.0,29.074626865671643,84.0,0.9800995024875622,9.0,1.5970149253731343,8.0,0.0945273631840796,1.0,78.65671641791045,202.0,34.69651741293532,156.0,-0.06555237660918814,2.5547089708539157,1.837007883649606,0.10700503595497762,0.577594653577902,800,769,graph
233,274,200,152.0143917753679,0.7600719588768395,190,690,3.6315789473684212,187,94,19,0.6233333333333333,0.6654804270462633,187,94,6611.909100202527,2960.2913444405526,3301.7795660290717,4381.383061776105,5.533970827561113,8.150220848619938,112.70646766169155,281.0,109.8955223880597,271.0,2.810945273631841,14.0,33.940298507462686,184.0,55.55223880597015,137.0,1.4477611940298507,10.0,4.263681592039801,15.0,3.27363184079602,5.0,67.70149253731343,198.0,50.407960199004975,193.0,-0.05436780877737245,2.178008359212142,1.9809574897472675,0.09170519302230905,0.5701135555998638,800,762,graph
234,275,200,155.13242756549852,0.7756621378274926,188,685,3.643617021276596,187,86,27,0.6233333333333333,0.684981684981685,187,86,6180.055481814688,3195.053021936828,2996.887834793227,4180.560321460887,5.542570391475265,7.820166647434235,118.6268656716418,273.0,115.80597014925372,265.0,2.8208955223880596,10.0,36.14427860696517,188.0,46.62189054726368,110.0,1.3830845771144278,11.0,2.63681592039801,10.0,0.6965174129353234,1.0,70.93034825870647,193.0,41.21393034825871,167.0,-0.05436780877737245,2.178008359212142,1.9809574897472675,0.09170519302230905,0.5701135555998638,800,762,graph
235,276,200,117.1023804474153,0.5855119022370765,195,736,3.7743589743589743,173,107,20,0.5766666666666667,0.6178571428571429,173,107,5832.567753674961,3009.7071205559464,3014.0903569393995,3750.156266535637,5.5921141716155836,8.085530251264572,117.45273631840796,281.0,114.16417910447761,270.0,3.288557213930348,11.0,33.656716417910445,142.0,62.850746268656714,147.0,1.7064676616915422,10.0,4.920398009950249,18.0,3.129353233830846,4.0,73.7363184079602,192.0,42.7363184079602,186.0,-0.05436780877737245,2.178008359212142,1.9809574897472675,0.09170519302230905,0.5701135555998638,800,762,graph
236,277,200,85.2003217766994,0.426001608883497,189,684,3.619047619047619,159,116,25,0.53,0.5781818181818181,159,116,4937.916564857573,2991.184946615126,3167.8968879015106,2693.3193170423656,5.485837973320662,7.971752434968948,120.27860696517413,275.0,116.69154228855722,262.0,3.5870646766169156,18.0,36.17910447761194,273.0,24.855721393034827,83.0,1.2935323383084578,22.0,1.4825870646766168,8.0,0.9502487562189055,3.0,86.09950248756219,214.0,31.686567164179106,178.0,-0.05436780877737245,2.178008359212142,1.9809574897472675,0.09170519302230905,0.5701135555998638,800,762,graph
237,278,200,56.89372255681371,0.28446861278406854,199,731,3.6733668341708543,145,126,29,0.48333333333333334,0.5350553505535055,145,126,4417.305988232953,2616.3905522982645,3418.1671482416505,2003.664667025271,5.570507751990907,7.9577770084142685,118.7910447761194,271.0,114.81094527363184,263.0,3.9800995024875623,14.0,35.407960199004975,244.0,16.925373134328357,54.0,1.1940298507462686,15.0,1.7064676616915422,12.0,0.8159203980099502,3.0,90.85074626865672,228.0,28.71641791044776,167.0,-0.06416566606360273,2.241424231001964,1.9696614318169081,0.11051222383430857,0.5765593371783885,800,778,graph
238,279,200,101.08000178206672,0.5054000089103335,190,732,3.8526315789473684,167,115,18,0.5566666666666666,0.5921985815602837,167,115,5635.106612832641,3029.6101442748427,2978.7016428502075,3506.107410129839,5.519380199894383,8.096733130514622,116.90049751243781,282.0,113.4776119402985,268.0,3.4228855721393034,14.0,39.06467661691542,229.0,39.43283582089552,94.0,1.800995024875622,19.0,2.4129353233830844,9.0,0.5074626865671642,1.0,73.51741293532338,201.0,44.65174129353234,159.0,-0.06416566606360273,2.241424231001964,1.9696614318169081,0.11051222383430857,0.5765593371783885,800,778,graph
239,280,200,176.23224869770405,0.8811612434885202,198,681,3.4393939393939394,193,78,29,0.6433333333333333,0.7121771217712177,193,78,6931.761573305918,3368.9029313979604,2886.088879883759,4973.627811887469,5.54493607591782,7.976163178682327,113.69154228855722,271.0,111.22388059701493,263.0,2.4676616915422884,12.0,36.701492537313435,215.0,49.34825870646766,117.0,1.2686567164179106,18.0,3.5323383084577116,14.0,1.1691542288557213,2.0,64.83084577114428,174.0,47.885572139303484,179.0,-0.06416566606360273,2.241424231001964,1.9696614318169081,0.11051222383430857,0.5765593371783885,800,778,graph
240,281,200,144.50924349114277,0.7225462174557138,191,694,3.6335078534031413,184,96,20,0.6133333333333333,0.6571428571428571,184,96,6466.704974929303,3399.085940895957,2681.26276559496,4642.216647367393,5.53830140803139,8.082895539700985,116.19402985074628,280.0,113.34825870646766,268.0,2.845771144278607,12.0,35.74626865671642,272.0,53.149253731343286,127.0,1.5472636815920398,13.0,3.945273631840796,19.0,1.8805970149253732,4.0,69.02487562189054,182.0,54.318407960199,180.0,-0.06416566606360273,2.241424231001964,1.9696614318169081,0.11051222383430857,0.5765593371783885,800,778,graph
241,282,200,166.26247774040698,0.8313123887020349,193,683,3.538860103626943,195,88,17,0.65,0.6890459363957597,195,88,6643.921612301979,2990.307659421989,3228.281565054809,4420.579555910706,5.542840729861414,8.059808984398842,119.71641791044776,283.0,116.81592039800995,278.0,2.900497512437811,10.0,35.93532338308458,217.0,37.6318407960199,107.0,1.2587064676616915,11.0,2.1243781094527363,11.0,0.6567164179104478,1.0,76.5223880597015,211.0,34.02985074626866,209.0,-0.054777782108990675,2.395877534380326,1.9643556303702867,0.15172103332740758,0.6156214654732209,800,768,graph
242,283,200,86.65266941222855,0.4332633470611427,186,690,3.7096774193548385,162,120,18,0.54,0.574468085106383,162,120,5160.368535547787,2896.256643020556,3240.102679833717,3000.749992034412,5.521340689515297,8.072310127317905,116.40796019900498,282.0,112.67661691542288,271.0,3.7313432835820897,13.0,34.417910447761194,262.0,30.18905472636816,81.0,1.2338308457711442,15.0,2.3582089552238807,13.0,0.4975124378109453,1.0,77.31840796019901,218.0,33.72636815920398,228.0,-0.054777782108990675,2.395877534380326,1.9643556303702867,0.15172103332740758,0.6156214654732209,800,768,graph
243,284,200,153.53440028212398,0.7676720014106199,197,708,3.5939086294416245,189,93,18,0.63,0.6702127659574468,189,93,6495.445049389337,3091.6875882372465,3090.9352553291765,4338.147364066792,5.588888102651236,8.030402474105358,120.61194029850746,283.0,117.65174129353234,272.0,2.9601990049751246,11.0,37.79601990049751,186.0,44.582089552238806,111.0,1.4676616915422886,10.0,3.1144278606965172,14.0,0.845771144278607,2.0,71.38308457711443,197.0,37.64179104477612,184.0,-0.054777782108990675,2.395877534380326,1.9643556303702867,0.15172103332740758,0.6156214654732209,800,768,graph
244,285,200,165.6163023147667,0.8280815115738335,192,676,3.5208333333333335,189,88,23,0.63,0.6823104693140795,189,88,7297.683862088231,3483.556794214829,2765.994442955219,5357.993619030021,5.496330628755377,8.1633934751153,108.13930348258707,277.0,105.40298507462687,267.0,2.736318407960199,12.0,34.63681592039801,282.0,67.07960199004975,167.0,1.3432835820895523,18.0,5.119402985074627,23.0,4.472636815920398,7.0,62.72139303482587,169.0,57.56716417910448,192.0,-0.054777782108990675,2.395877534380326,1.9643556303702867,0.15172103332740758,0.6156214654732209,800,768,graph
245,286,200,156.80309775552072,0.7840154887776036,198,677,3.419191919191919,191,94,15,0.6366666666666667,0.6701754385964912,191,94,6773.646169297189,3305.5683072713346,2987.2692406673377,4638.086257926735,5.523369897768569,8.172063156962395,112.81094527363184,285.0,109.90547263681592,276.0,2.9054726368159205,17.0,34.11940298507463,206.0,65.70149253731343,183.0,1.2537313432835822,10.0,3.900497512437811,15.0,2.5522388059701493,3.0,66.54228855721394,177.0,48.233830845771145,163.0,-0.05605888588336082,2.89879007007067,1.975254964369994,0.09954649297930428,0.5607982050054349,800,777,graph
246,287,200,84.31736024946893,0.42158680124734466,190,646,3.4,161,123,16,0.5366666666666666,0.5669014084507042,161,123,5362.215709273685,3043.6653513616197,3289.3656678875122,3163.868021063164,5.534005749840938,8.034766651690006,119.636815920398,284.0,115.77114427860697,272.0,3.8656716417910446,14.0,33.208955223880594,184.0,30.99502487562189,86.0,1.1890547263681592,18.0,2.2587064676616917,9.0,1.2487562189054726,2.0,86.72636815920399,218.0,34.333333333333336,180.0,-0.05605888588336082,2.89879007007067,1.975254964369994,0.09954649297930428,0.5607982050054349,800,777,graph
247,288,200,67.26311821597,0.33631559107985,192,665,3.4635416666666665,154,127,19,0.5133333333333333,0.5480427046263345,154,127,4793.493496569566,3196.5903123856915,2986.026632191738,2663.117301668425,5.551190926364405,7.994784042239189,121.34825870646766,281.0,117.39303482587064,270.0,3.955223880597015,13.0,36.44776119402985,266.0,30.00995024875622,87.0,1.2736318407960199,15.0,1.5970149253731343,13.0,1.8706467661691542,3.0,86.75124378109453,217.0,29.975124378109452,160.0,-0.05605888588336082,2.89879007007067,1.975254964369994,0.09954649297930428,0.5607982050054349,800,777,graph
248,289,200,134.965391503029,0.674826957515145,197,750,3.8071065989847717,178,97,25,0.5933333333333334,0.6472727272727272,178,97,6107.519728906893,2962.4190775166408,2850.897482034134,4172.484579791358,5.5239369481134775,7.883165962994099,113.30845771144278,275.0,110.2587064676617,268.0,3.0497512437810945,13.0,34.6865671641791,238.0,35.64179104477612,102.0,1.3781094527363185,14.0,2.656716417910448,12.0,1.7313432835820894,3.0,75.61691542288557,196.0,33.82089552238806,156.0,-0.05605888588336082,2.89879007007067,1.975254964369994,0.09954649297930428,0.5607982050054349,800,777,graph
249,290,200,74.95236774653335,0.3747618387326668,188,611,3.25,155,122,23,0.5166666666666667,0.5595667870036101,155,122,4905.925859368473,2961.2045196464023,3501.9117722050178,2498.749790606388,5.4561117969786945,8.286264725029469,112.75124378109453,277.0,108.97512437810946,275.0,3.7761194029850746,12.0,27.606965174129353,218.0,44.97014925373134,132.0,0.6517412935323383,10.0,2.208955223880597,14.0,4.661691542288557,6.0,84.86069651741293,211.0,30.487562189054728,158.0,-0.05956063353593121,2.8324757006305914,2.0704087076278834,0.0738395192135348,0.5602079039582839,800,774,graph
250,291,200,170.49806647501245,0.8524903323750622,198,677,3.419191919191919,196,88,16,0.6533333333333333,0.6901408450704225,196,88,7065.196125148772,3397.456156864704,2893.799348545296,5009.717258554902,5.5500315780292695,8.19426216185093,114.86567164179104,284.0,112.03482587064677,271.0,2.8308457711442787,13.0,34.756218905472636,252.0,51.26865671641791,131.0,1.3532338308457712,12.0,2.54228855721393,19.0,1.9701492537313432,4.0,63.29353233830846,184.0,48.04477611940298,202.0,-0.05956063353593121,2.8324757006305914,2.0704087076278834,0.0738395192135348,0.5602079039582839,800,774,graph
251,292,200,186.46732425335253,0.9323366212667626,192,666,3.46875,202,79,19,0.6733333333333333,0.7188612099644128,202,79,7152.948964686792,3359.23558063142,2950.196325292855,5125.739804348457,5.507192718078248,8.059262298047543,115.2089552238806,281.0,112.64676616915423,272.0,2.5621890547263684,10.0,34.47761194029851,213.0,54.72139303482587,121.0,1.2686567164179106,11.0,3.3233830845771144,13.0,1.1840796019900497,2.0,60.93532338308458,169.0,57.53731343283582,203.0,-0.05956063353593121,2.8324757006305914,2.0704087076278834,0.0738395192135348,0.5602079039582839,800,774,graph
252,293,200,170.59535727211426,0.8529767863605713,196,684,3.489795918367347,196,88,16,0.6533333333333333,0.6901408450704225,196,88,7075.957997676045,3401.759460269231,2800.748192327689,5111.629223648533,5.520308102986113,8.082997053861618,114.09950248756219,284.0,111.51243781094527,275.0,2.5870646766169156,9.0,36.74129353233831,245.0,53.6865671641791,131.0,1.2736318407960199,13.0,3.0696517412935322,20.0,1.3532338308457712,3.0,61.43283582089552,174.0,47.298507462686565,205.0,-0.05956063353593121,2.8324757006305914,2.0704087076278834,0.0738395192135348,0.5602079039582839,800,774,graph
253,294,200,148.26019926937954,0.7413009963468977,194,685,3.5309278350515463,188,96,16,0.6266666666666667,0.6619718309859155,188,96,6456.90117986088,3462.005220512221,2704.027616506791,4606.627680945566,5.562948957270947,8.213482797145844,117.7910447761194,284.0,115.03482587064677,273.0,2.756218905472637,11.0,39.875621890547265,246.0,51.80099502487562,125.0,1.3930348258706469,12.0,3.8308457711442787,16.0,1.1044776119402986,4.0,65.44776119402985,180.0,54.75124378109453,218.0,-0.05407418416759286,3.293937759903761,2.000401872854966,0.0797039800616823,0.5369168598777972,800,771,graph
254,295,200,86.75506639119544,0.43377533195597723,193,657,3.4041450777202074,161,122,17,0.5366666666666666,0.568904593639576,161,122,5521.7603254389505,3109.3903596641785,3225.509741258551,3135.665834636483,5.440807363843147,8.028702810406685,112.94029850746269,283.0,109.23880597014926,275.0,3.701492537313433,11.0,28.54228855721393,245.0,30.950248756218905,95.0,0.8955223880597015,16.0,2.099502487562189,11.0,1.1243781094527363,2.0,80.81094527363184,205.0,32.19900497512438,216.0,-0.05407418416759286,3.293937759903761,2.000401872854966,0.0797039800616823,0.5369168598777972,800,771,graph
255,296,200,80.09674797294211,0.40048373986471053,188,692,3.6808510638297873,158,123,19,0.5266666666666666,0.5622775800711743,158,123,5252.204500596841,3093.8737637609606,3011.4550484060574,3079.69203790319,5.563593038649701,8.203820325434208,114.79601990049751,281.0,111.14427860696517,267.0,3.6517412935323383,14.0,33.56218905472637,297.0,26.920398009950247,91.0,1.2388059701492538,19.0,1.6766169154228856,11.0,1.2835820895522387,3.0,82.5223880597015,219.0,31.46268656716418,181.0,-0.05407418416759286,3.293937759903761,2.000401872854966,0.0797039800616823,0.5369168598777972,800,771,graph
256,297,200,159.75564579010498,0.7987782289505249,196,637,3.25,189,89,22,0.63,0.6798561151079137,189,89,6781.9590587764915,3359.976999024952,2996.0490234481113,4704.488271911039,5.500422975984379,7.999798282980919,113.30348258706468,278.0,110.50746268656717,268.0,2.7960199004975124,10.0,31.104477611940297,183.0,44.72139303482587,107.0,1.0348258706467661,8.0,2.845771144278607,13.0,1.144278606965174,2.0,68.00995024875621,194.0,40.59701492537314,190.0,-0.05407418416759286,3.293937759903761,2.000401872854966,0.0797039800616823,0.5369168598777972,800,771,graph
257,298,200,142.63305985299294,0.7131652992649647,194,603,3.1082474226804124,187,100,13,0.6233333333333333,0.6515679442508711,187,100,6338.94853653726,3231.8439634915303,3265.383576685282,4091.2777707231694,5.52015069093722,8.176461793482304,116.14925373134328,287.0,113.09452736318408,280.0,3.054726368159204,9.0,32.17910447761194,258.0,43.3134328358209,132.0,0.9253731343283582,11.0,2.353233830845771,16.0,0.746268656716418,1.0,75.09950248756219,191.0,37.004975124378106,205.0,-0.06252109533446716,2.147847951031648,1.8781960480488264,0.06876227753846685,0.5540637070169816,800,781,graph
258,299,200,128.22825690584773,0.6411412845292387,197,718,3.6446700507614214,174,104,22,0.58,0.6258992805755396,174,104,6562.301176229852,3081.1478568544576,2951.8949180818327,4544.667774511438,5.52149049344644,8.131042122840881,111.78109452736318,278.0,108.66666666666667,271.0,3.1144278606965172,12.0,32.20398009950249,262.0,53.985074626865675,150.0,1.4427860696517414,13.0,2.810945273631841,16.0,2.810945273631841,4.0,70.7412935323383,204.0,45.44776119402985,149.0,-0.06252109533446716,2.147847951031648,1.8781960480488264,0.06876227753846685,0.5540637070169816,800,781,graph
259,300,200,203.49119843189536,1.0174559921594768,196,666,3.3979591836734695,209,71,20,0.6966666666666667,0.7464285714285714,209,71,7376.432642849322,3447.1366652491406,2777.925522501759,5517.635055627013,5.644922561721126,8.233732543885708,119.6268656716418,280.0,117.53731343283582,278.0,2.08955223880597,7.0,38.865671641791046,261.0,106.80099502487562,258.0,1.4825870646766168,15.0,6.009950248756219,23.0,7.0049751243781095,10.0,60.55721393034826,160.0,73.76616915422886,192.0,-0.06252109533446716,2.147847951031648,1.8781960480488264,0.06876227753846685,0.5540637070169816,800,781,graph
260,301,200,108.33991276802755,0.5416995638401377,194,722,3.7216494845360826,169,113,18,0.5633333333333334,0.599290780141844,169,113,5915.296018420297,2838.7697567397504,3189.601038745857,3552.9678641236615,5.455764807501242,8.061987347900867,114.93532338308458,282.0,111.22388059701493,275.0,3.711442786069652,15.0,30.393034825870647,206.0,38.059701492537314,102.0,0.8606965174129353,14.0,1.5771144278606966,19.0,1.2686567164179106,4.0,76.20398009950249,210.0,35.80597014925373,181.0,-0.06252109533446716,2.147847951031648,1.8781960480488264,0.06876227753846685,0.5540637070169816,800,781,graph
261,302,200,160.30618528183592,0.8015309264091797,195,648,3.3230769230769233,191,87,22,0.6366666666666667,0.6870503597122302,191,87,6478.456058247658,3532.6563752669076,2798.4811683024473,4525.758286285145,5.520269302512283,7.984103634953499,112.35820895522389,279.0,109.7860696517413,263.0,2.572139303482587,16.0,34.159203980099505,249.0,64.67164179104478,160.0,1.1293532338308458,11.0,3.8805970149253732,18.0,2.3482587064676617,3.0,61.766169154228855,208.0,56.70646766169154,183.0,-0.05483330397275775,2.3498282936903148,2.0706594368586173,0.08410363032667245,0.5443080814483647,800,766,graph
262,303,200,108.88416434197146,0.5444208217098573,190,638,3.357894736842105,171,112,17,0.57,0.6042402826855123,171,112,5719.52297453147,3046.2772513930286,3364.188594122079,3349.538873917094,5.497005012868649,8.09821579605341,116.91044776119404,284.0,113.24378109452736,276.0,3.6666666666666665,15.0,31.53233830845771,292.0,33.407960199004975,82.0,0.9303482587064676,16.0,1.3980099502487562,13.0,0.39800995024875624,1.0,79.97512437810946,212.0,38.46268656716418,161.0,-0.05483330397275775,2.3498282936903148,2.0706594368586173,0.08410363032667245,0.5443080814483647,800,766,graph
263,304,200,158.24609950597346,0.7912304975298673,193,647,3.3523316062176165,188,92,20,0.6266666666666667,0.6714285714285714,188,92,7055.846601973584,3463.4860474009793,2888.0450909228257,5015.455932211775,5.4789450418074335,8.090358227491379,110.23383084577114,280.0,107.38308457711443,272.0,2.8507462686567164,10.0,29.791044776119403,255.0,65.60696517412936,177.0,0.9850746268656716,10.0,2.810945273631841,14.0,4.756218905472637,7.0,68.20398009950249,214.0,50.58706467661692,205.0,-0.05483330397275775,2.3498282936903148,2.0706594368586173,0.08410363032667245,0.5443080814483647,800,766,graph
264,305,200,105.18907877471517,0.5259453938735759,188,656,3.4893617021276597,167,110,23,0.5566666666666666,0.6028880866425993,167,110,5588.810346666077,3207.926954977323,3072.7521251418475,3531.272612625337,5.593362092897666,8.103367872536182,121.13432835820896,277.0,117.81592039800995,267.0,3.318407960199005,14.0,35.12935323383085,220.0,51.74129353233831,151.0,1.0696517412935322,10.0,3.263681592039801,16.0,2.890547263681592,4.0,79.18905472636816,189.0,38.830845771144276,174.0,-0.05483330397275775,2.3498282936903148,2.0706594368586173,0.08410363032667245,0.5443080814483647,800,766,graph
265,306,200,68.18540879529348,0.3409270439764674,189,641,3.3915343915343916,152,127,21,0.5066666666666667,0.5448028673835126,152,127,5069.0781278399545,3127.238534627518,3113.405903073817,2981.899348801686,5.4236614511380745,8.053530007600784,109.34825870646766,279.0,105.46268656716418,266.0,3.8855721393034828,13.0,26.955223880597014,172.0,26.199004975124378,85.0,0.8756218905472637,10.0,1.736318407960199,10.0,1.4975124378109452,3.0,84.76616915422886,228.0,27.263681592039802,136.0,-0.061652962006449416,3.0223399790433736,1.9503027131924262,0.10210499129559371,0.5606552518259448,800,762,graph
266,307,200,231.13185740173805,1.1556592870086901,188,629,3.345744680851064,220,57,23,0.7333333333333333,0.7942238267148014,220,57,7644.192610018855,3462.528624354391,2983.600089826771,5531.824785426001,5.558965792555121,8.020037785172462,116.1044776119403,277.0,114.14925373134328,274.0,1.955223880597015,9.0,34.09950248756219,207.0,82.1542288557214,203.0,1.0149253731343284,8.0,3.781094527363184,20.0,3.781094527363184,5.0,61.74129353233831,193.0,61.169154228855724,170.0,-0.061652962006449416,3.0223399790433736,1.9503027131924262,0.10210499129559371,0.5606552518259448,800,762,graph
267,308,200,130.80015461204255,0.6540007730602128,189,636,3.365079365079365,178,100,22,0.5933333333333334,0.6402877697841727,178,100,6061.243350861446,3255.1162069049938,3204.3786476688592,3850.6025437833755,5.482479068103121,8.139685727655888,114.2139303482587,279.0,111.04477611940298,270.0,3.1691542288557213,13.0,33.17412935323383,287.0,53.51243781094527,138.0,1.0149253731343284,16.0,2.5323383084577116,16.0,1.3930348258706469,2.0,65.33333333333333,197.0,55.82587064676617,180.0,-0.061652962006449416,3.0223399790433736,1.9503027131924262,0.10210499129559371,0.5606552518259448,800,762,graph
268,309,200,157.89027444315388,0.7894513722157694,196,697,3.556122448979592,194,94,12,0.6466666666666666,0.6736111111111112,194,94,6543.359943425176,3143.0520796240908,2959.445647656325,4438.960797130128,5.571762882914412,8.06492194533348,121.19900497512438,288.0,118.21890547263682,274.0,2.9800995024875623,14.0,36.3681592039801,215.0,50.666666666666664,120.0,1.2388059701492538,11.0,3.014925373134328,12.0,0.7213930348258707,1.0,67.34328358208955,175.0,43.19402985074627,170.0,-0.061652962006449416,3.0223399790433736,1.9503027131924262,0.10210499129559371,0.5606552518259448,800,762,graph
269,310,200,167.42169727687818,0.8371084863843908,194,671,3.4587628865979383,193,87,20,0.6433333333333333,0.6892857142857143,193,87,6964.6626541400265,3427.0538602175043,2720.651230550258,5184.6725887086795,5.485534246325196,7.97903910279274,111.39800995024876,280.0,108.77114427860697,268.0,2.626865671641791,15.0,35.830845771144276,187.0,46.288557213930346,117.0,1.3432835820895523,11.0,1.9502487562189055,14.0,0.7960199004975125,2.0,63.72139303482587,200.0,45.44776119402985,167.0,-0.06332980595358934,1.8383193577711399,1.8989291615211046,0.09596757868028814,0.5689352037958227,800,769,graph
270,311,200,153.75979350066797,0.7687989675033399,192,654,3.40625,192,95,13,0.64,0.6689895470383276,192,95,6510.9614653955505,3479.0921472031096,2856.6697148566404,4511.909926549226,5.587099699201572,8.285528048872948,116.7860696517413,287.0,113.9950248756219,274.0,2.791044776119403,13.0,37.82089552238806,268.0,60.75124378109453,146.0,1.2587064676616915,16.0,4.293532338308458,16.0,1.9303482587064678,3.0,66.43781094527363,181.0,48.517412935323385,210.0,-0.06332980595358934,1.8383193577711399,1.8989291615211046,0.09596757868028814,0.5689352037958227,800,769,graph
271,312,200,106.802613318246,0.53401306659123,189,678,3.5873015873015874,172,114,14,0.5733333333333334,0.6013986013986014,172,114,5590.441290150164,2959.0831596898524,3311.654318178139,3112.240915886362,5.5489248424694315,8.106335066258907,122.41791044776119,286.0,118.77611940298507,276.0,3.6417910447761193,13.0,32.39303482587065,224.0,38.1044776119403,102.0,0.9651741293532339,11.0,2.557213930348259,10.0,1.407960199004975,2.0,83.96019900497512,233.0,34.17412935323383,180.0,-0.06332980595358934,1.8383193577711399,1.8989291615211046,0.09596757868028814,0.5689352037958227,800,769,graph
272,313,200,172.77803890696453,0.8638901945348226,194,707,3.6443298969072164,197,86,17,0.6566666666666666,0.696113074204947,197,86,7058.143930070773,3668.0834973929987,2337.9898945194586,5471.325035529316,5.574522651175954,8.121788501739502,117.43781094527363,283.0,114.97014925373135,273.0,2.4676616915422884,11.0,38.55721393034826,228.0,72.58706467661692,175.0,1.2587064676616915,12.0,4.45771144278607,14.0,2.2139303482587063,3.0,58.36318407960199,171.0,62.039800995024876,211.0,-0.06332980595358934,1.8383193577711399,1.8989291615211046,0.09596757868028814,0.5689352037958227,800,769,graph
273,314,200,194.34283999940627,0.9717141999970313,185,631,3.4108108108108106,203,75,22,0.6766666666666666,0.7302158273381295,203,75,7477.9358761967005,3515.216151066996,2864.9730843102257,5429.61339005604,5.531846777308936,8.068126626312733,115.28358208955224,278.0,113.00995024875621,271.0,2.27363184079602,9.0,31.29353233830846,224.0,55.776119402985074,142.0,1.0945273631840795,14.0,2.243781094527363,12.0,1.2587064676616915,3.0,59.756218905472636,172.0,45.60696517412935,186.0,-0.06057847870509319,2.250988330978614,1.8710735073456397,0.10990224310581759,0.5972810652680122,800,751,graph
274,315,200,144.3120231910942,0.721560115955471,185,637,3.443243243243243,185,99,16,0.6166666666666667,0.6514084507042254,185,99,6648.825049828505,3406.7613779961425,3046.747419794324,4434.576912229982,5.471139636576472,8.262202143669128,112.91542288557214,284.0,109.87064676616916,273.0,3.044776119402985,15.0,32.766169154228855,254.0,40.592039800995025,111.0,1.3482587064676617,10.0,2.5472636815920398,10.0,0.945273631840796,2.0,70.50746268656717,209.0,48.66169154228856,188.0,-0.06057847870509319,2.250988330978614,1.8710735073456397,0.10990224310581759,0.5972810652680122,800,751,graph
275,316,200,183.97670599144607,0.9198835299572303,191,730,3.8219895287958114,204,86,10,0.68,0.7034482758620689,204,86,7353.01572173997,3147.271344147297,2952.0544394707076,5151.497194334422,5.568831431591392,8.181543089449406,118.54228855721394,290.0,115.98009950248756,284.0,2.5621890547263684,12.0,36.57213930348259,232.0,66.4776119402985,166.0,1.0398009950248757,14.0,3.0199004975124377,14.0,1.4776119402985075,3.0,58.90049751243781,168.0,65.46268656716418,192.0,-0.06057847870509319,2.250988330978614,1.8710735073456397,0.10990224310581759,0.5972810652680122,800,751,graph
276,317,200,161.00764826601622,0.8050382413300811,190,616,3.2421052631578946,193,92,15,0.6433333333333333,0.6771929824561403,193,92,6832.269621816722,3464.6033133963224,2902.128817526169,4859.22619389791,5.529837312167556,8.156972005963326,122.29850746268657,286.0,119.30845771144278,277.0,2.990049751243781,12.0,34.691542288557216,256.0,56.44278606965174,154.0,1.407960199004975,14.0,2.9502487562189055,17.0,1.7761194029850746,3.0,67.53233830845771,175.0,55.81592039800995,210.0,-0.06057847870509319,2.250988330978614,1.8710735073456397,0.10990224310581759,0.5972810652680122,800,751,graph
277,318,200,179.9452834838487,0.8997264174192435,190,635,3.3421052631578947,200,85,15,0.6666666666666666,0.7017543859649122,200,85,7278.6308270473,3267.093661093441,3222.882794048132,5046.891324711827,5.525976215577244,8.208212442696095,116.72139303482587,285.0,113.77611940298507,274.0,2.945273631840796,15.0,33.4228855721393,237.0,49.169154228855724,131.0,1.2885572139303483,14.0,2.3681592039800994,9.0,1.5820895522388059,4.0,64.95024875621891,180.0,55.960199004975124,196.0,-0.045613839985050544,2.8276519007407703,1.8666360664826174,0.08369973060069344,0.5829144410180072,800,769,graph
278,319,200,75.08216708766774,0.3754108354383387,194,675,3.479381443298969,157,127,16,0.5233333333333333,0.5528169014084507,157,127,5330.602106073418,3426.6058221110334,2631.1425145328403,3535.953370678368,5.543029440835637,8.069544099271297,116.96517412935323,284.0,113.1592039800995,278.0,3.8059701492537314,12.0,35.398009950248756,172.0,50.13930348258707,125.0,1.3482587064676617,15.0,5.024875621890548,21.0,2.4228855721393034,4.0,79.09452736318408,207.0,45.208955223880594,157.0,-0.045613839985050544,2.8276519007407703,1.8666360664826174,0.08369973060069344,0.5829144410180072,800,769,graph
279,320,200,124.26547024199611,0.6213273512099806,193,683,3.538860103626943,179,102,19,0.5966666666666667,0.6370106761565836,179,102,5501.489357667403,3228.9263894491473,2920.387435533545,3429.285160404177,5.545541783099744,8.112834766507149,118.04975124378109,281.0,114.70149253731343,274.0,3.3482587064676617,11.0,33.343283582089555,237.0,45.90049751243781,117.0,1.4577114427860696,11.0,1.5621890547263682,15.0,2.388059701492537,3.0,75.6268656716418,224.0,38.45771144278607,141.0,-0.045613839985050544,2.8276519007407703,1.8666360664826174,0.08369973060069344,0.5829144410180072,800,769,graph
280,321,200,155.11145390308,0.7755572695153999,192,667,3.4739583333333335,190,94,16,0.6333333333333333,0.6690140845070423,190,94,6715.308374949408,3350.6791026725587,3003.219690956817,4631.281982132948,5.563556471496672,8.06571263819933,119.44278606965175,284.0,116.49751243781094,277.0,2.945273631840796,11.0,36.38308457711443,209.0,49.83582089552239,144.0,1.199004975124378,10.0,3.7611940298507465,15.0,2.1691542288557213,3.0,79.1094527363184,215.0,47.98009950248756,174.0,-0.045613839985050544,2.8276519007407703,1.8666360664826174,0.08369973060069344,0.5829144410180072,800,769,graph
281,322,200,176.0025706978072,0.8800128534890359,190,640,3.3684210526315788,197,85,18,0.6566666666666666,0.6985815602836879,197,85,7225.787936112772,3439.7119430502876,2917.1892030679082,5147.627572765687,5.503844340049212,8.097006008028984,113.21890547263682,282.0,110.60696517412936,277.0,2.611940298507463,9.0,30.233830845771145,200.0,42.38308457711443,122.0,1.064676616915423,17.0,2.517412935323383,17.0,0.6368159203980099,3.0,70.32338308457712,182.0,40.482587064676615,144.0,-0.06070378468946448,4.93859375669406,1.95336064352439,0.09048037056969403,0.5833600292591234,800,762,graph
282,323,200,44.752839900454155,0.22376419950227078,195,698,3.5794871794871796,142,136,22,0.47333333333333333,0.5107913669064749,142,136,4606.781374707131,3047.9057694238318,3021.762083009142,2525.0075344087245,5.5479870655050325,7.999769411981106,123.16417910447761,278.0,119.2089552238806,271.0,3.955223880597015,15.0,32.03482587064676,148.0,28.323383084577113,74.0,1.2885572139303483,10.0,1.6616915422885572,16.0,2.2338308457711444,3.0,93.88557213930348,245.0,26.945273631840795,115.0,-0.06070378468946448,4.93859375669406,1.95336064352439,0.09048037056969403,0.5833600292591234,800,762,graph
283,324,200,107.41133939954729,0.5370566969977364,189,691,3.6560846560846563,170,112,18,0.5666666666666667,0.6028368794326241,170,112,5708.215756994655,3196.174237666363,2911.4079423209027,3652.4253430663966,5.570285494870214,8.066906593739986,119.27363184079601,282.0,115.92039800995025,273.0,3.353233830845771,12.0,36.80099502487562,253.0,50.40298507462686,129.0,1.527363184079602,14.0,2.646766169154229,17.0,1.1293532338308458,2.0,71.8905472636816,192.0,47.960199004975124,196.0,-0.06070378468946448,4.93859375669406,1.95336064352439,0.09048037056969403,0.5833600292591234,800,762,graph
284,325,200,31.652525574433923,0.1582626278721696,188,666,3.5425531914893615,143,144,13,0.4766666666666667,0.49825783972125437,143,144,3969.3458274454515,2933.72195834192,3212.8872577333373,1772.1579735410062,5.571596166906665,8.216233924031258,132.61194029850745,287.0,128.26865671641792,281.0,4.343283582089552,17.0,31.945273631840795,218.0,24.756218905472636,82.0,1.1194029850746268,16.0,1.9253731343283582,21.0,4.029850746268656,6.0,107.11442786069652,255.0,26.606965174129353,171.0,-0.06070378468946448,4.93859375669406,1.95336064352439,0.09048037056969403,0.5833600292591234,800,762,graph
285,326,200,84.82938115098345,0.42414690575491726,197,746,3.786802030456853,161,122,17,0.5366666666666666,0.568904593639576,161,122,5299.643464926225,2986.272290949498,2925.312154941282,3213.5586350917756,5.594373815021112,8.112017996609211,121.11940298507463,283.0,117.44776119402985,279.0,3.671641791044776,12.0,36.77114427860697,229.0,35.766169154228855,101.0,1.2985074626865671,11.0,2.2139303482587063,9.0,1.0696517412935322,2.0,81.11442786069652,205.0,31.512437810945272,199.0,-0.05376479574120962,2.343382153373498,1.69698361823192,0.08194232348674185,0.5747017860412598,800,783,graph
286,327,200,148.52972427216332,0.7426486213608166,198,734,3.707070707070707,181,90,29,0.6033333333333334,0.6678966789667896,181,90,6606.703305845585,3557.211994288546,2243.4357847334827,5178.553976953274,5.56214512395325,8.082777261734009,109.56716417910448,271.0,107.00995024875621,259.0,2.557213930348259,12.0,36.87064676616915,274.0,62.666666666666664,141.0,1.6567164179104477,18.0,5.487562189054726,22.0,3.646766169154229,5.0,61.95522388059702,177.0,59.65174129353234,163.0,-0.05376479574120962,2.343382153373498,1.69698361823192,0.08194232348674185,0.5747017860412598,800,783,graph
287,328,200,134.54208884732822,0.6727104442366411,196,717,3.6581632653061225,178,99,23,0.5933333333333334,0.6425992779783394,178,99,6336.97860922716,3261.540518726423,2730.6740371453097,4455.017101183974,5.576631341555818,7.994353771209717,117.59701492537313,277.0,114.66666666666667,266.0,2.9303482587064678,11.0,39.014925373134325,207.0,46.32835820895522,112.0,1.7512437810945274,19.0,3.512437810945274,13.0,0.8805970149253731,2.0,70.6268656716418,197.0,46.159203980099505,164.0,-0.05376479574120962,2.343382153373498,1.69698361823192,0.08194232348674185,0.5747017860412598,800,783,graph
288,329,200,167.83751690877614,0.8391875845438806,192,648,3.375,193,82,25,0.6433333333333333,0.7018181818181818,193,82,6486.190253491728,3343.4940108921182,3048.3726338458146,4268.297441768977,5.5466390895976945,8.026055060327053,122.07462686567165,275.0,119.54228855721394,265.0,2.5323383084577116,11.0,36.0,253.0,46.592039800995025,116.0,1.373134328358209,13.0,3.2139303482587063,16.0,1.945273631840796,3.0,75.17412935323384,190.0,43.791044776119406,192.0,-0.05376479574120962,2.343382153373498,1.69698361823192,0.08194232348674185,0.5747017860412598,800,783,graph
289,330,200,164.8029286280157,0.8240146431400786,198,717,3.621212121212121,194,91,15,0.6466666666666666,0.6807017543859649,194,91,7023.293821228769,3512.5039934466754,2447.7564775231485,5440.758989567894,5.597650782385869,8.253050968050957,116.38805970149254,285.0,113.90547263681592,269.0,2.482587064676617,16.0,38.75124378109453,194.0,67.82089552238806,158.0,1.63681592039801,10.0,4.442786069651741,18.0,3.18407960199005,5.0,58.48756218905473,169.0,69.39800995024876,214.0,-0.05038775509008421,2.5875028159755926,1.8648967548058584,0.11797975208565521,0.5824339392666633,800,779,graph
290,331,200,103.41652247956307,0.5170826123978154,191,684,3.581151832460733,168,109,23,0.56,0.6064981949458483,168,109,5250.99059650453,3372.24311895094,2741.237902396252,3339.241007814746,5.599083874689702,8.019506931304932,120.65671641791045,277.0,117.31840796019901,270.0,3.3383084577114426,11.0,35.318407960199,203.0,43.19900497512438,111.0,1.2985074626865671,11.0,3.2338308457711444,12.0,1.681592039800995,3.0,83.18905472636816,214.0,45.02985074626866,162.0,-0.05038775509008421,2.5875028159755926,1.8648967548058584,0.11797975208565521,0.5824339392666633,800,779,graph
291,332,200,130.78887079570603,0.6539443539785301,192,628,3.2708333333333335,180,100,20,0.6,0.6428571428571429,180,100,5826.818462344808,3116.380761559117,3314.4413670975478,3591.6095385766484,5.5331532653439695,8.047591894865036,122.68656716417911,280.0,119.33333333333333,276.0,3.353233830845771,12.0,32.89054726368159,183.0,34.38805970149254,101.0,1.044776119402985,11.0,1.945273631840796,12.0,0.23383084577114427,1.0,80.31343283582089,202.0,35.90049751243781,164.0,-0.05038775509008421,2.5875028159755926,1.8648967548058584,0.11797975208565521,0.5824339392666633,800,779,graph
292,333,200,98.7625568300333,0.4938127841501665,198,719,3.6313131313131315,163,114,23,0.5433333333333333,0.5884476534296029,163,114,5787.723541895461,3381.1160787172125,2543.7492385704077,4105.4381482969075,5.531158187051318,7.973565720021725,112.88059701492537,277.0,109.30348258706468,267.0,3.5771144278606966,17.0,31.955223880597014,167.0,33.64179104477612,99.0,1.308457711442786,10.0,2.517412935323383,14.0,0.9502487562189055,2.0,74.61194029850746,198.0,33.21890547263681,168.0,-0.05038775509008421,2.5875028159755926,1.8648967548058584,0.11797975208565521,0.5824339392666633,800,779,graph
293,334,200,155.08631430742275,0.7754315715371137,195,705,3.6153846153846154,185,88,27,0.6166666666666667,0.6776556776556777,185,88,6611.127567452182,3343.733902957907,2738.440236846405,4712.053608568023,5.565260240428187,8.128061890602112,112.70646766169155,273.0,110.16417910447761,268.0,2.54228855721393,11.0,31.766169154228855,246.0,64.80597014925372,151.0,1.5223880597014925,14.0,3.109452736318408,13.0,1.7512437810945274,3.0,60.32338308457712,165.0,60.39303482587065,197.0,-0.043863559779800616,2.8164392365859103,1.6608755794855266,0.11382626342864056,0.5870449529029429,800,777,graph
294,335,200,124.2566703733366,0.621283351866683,192,765,3.984375,175,105,20,0.5833333333333334,0.625,175,105,6190.963079624627,3188.733509545687,2645.519703631591,4304.8599066655515,5.544801604058316,8.129585534334183,114.4726368159204,280.0,111.45273631840796,272.0,3.0199004975124377,11.0,33.01990049751244,221.0,66.64676616915423,171.0,1.6069651741293531,15.0,5.8159203980099505,19.0,2.8208955223880596,4.0,64.82089552238806,191.0,56.43781094527363,186.0,-0.043863559779800616,2.8164392365859103,1.6608755794855266,0.11382626342864056,0.5870449529029429,800,777,graph
295,336,200,96.9008767939419,0.4845043839697095,194,760,3.917525773195876,165,117,18,0.55,0.5851063829787234,165,117,5646.563811505979,3151.9838837991424,2575.7241748591687,3821.0330137411943,5.57806905340496,8.04228987544775,117.57711442786069,282.0,114.2089552238806,271.0,3.3681592039800994,12.0,33.65174129353234,200.0,42.79601990049751,111.0,1.8109452736318408,17.0,1.7761194029850746,11.0,2.8606965174129355,5.0,75.03482587064677,205.0,38.72139303482587,197.0,-0.043863559779800616,2.8164392365859103,1.6608755794855266,0.11382626342864056,0.5870449529029429,800,777,graph
296,337,200,157.0697835649055,0.7853489178245274,196,755,3.8520408163265305,191,95,14,0.6366666666666667,0.6678321678321678,191,95,6894.661313577437,3282.012321195386,2640.856753114863,5095.83756003316,5.632952610911125,8.330358192324638,120.64179104477611,286.0,117.80597014925372,278.0,2.8358208955223883,11.0,40.940298507462686,267.0,65.0049751243781,165.0,1.6965174129353233,11.0,3.5472636815920398,16.0,1.6467661691542288,4.0,61.25373134328358,164.0,66.66666666666667,219.0,-0.043863559779800616,2.8164392365859103,1.6608755794855266,0.11382626342864056,0.5870449529029429,800,777,graph
297,338,200,108.48720113578547,0.5424360056789274,196,757,3.8622448979591835,170,110,20,0.5666666666666667,0.6071428571428571,170,110,5568.633645704024,2999.639717189477,2955.568821788742,3457.329976690315,5.595990873650829,8.06652195751667,118.40298507462687,280.0,115.25373134328358,271.0,3.1492537313432836,10.0,41.74129353233831,254.0,37.39303482587065,90.0,1.7412935323383085,18.0,3.4527363184079602,13.0,0.6616915422885572,1.0,75.83084577114428,219.0,43.29353233830846,162.0,-0.05262152709810135,2.9099423300761442,1.7633750083354802,0.08377972378141536,0.5795465958519623,800,768,graph
298,339,200,190.6360550820186,0.953180275410093,191,686,3.5916230366492146,203,81,16,0.6766666666666666,0.7147887323943662,203,81,7606.729751652665,3096.351014378372,3164.3817924685745,5451.192435284875,5.475010338299606,7.988954894244671,112.77611940298507,284.0,110.19900497512438,280.0,2.5771144278606966,10.0,35.62686567164179,175.0,48.875621890547265,121.0,1.199004975124378,11.0,2.701492537313433,14.0,0.6368159203980099,1.0,61.62189054726368,183.0,44.74626865671642,165.0,-0.05262152709810135,2.9099423300761442,1.7633750083354802,0.08377972378141536,0.5795465958519623,800,768,graph
299,340,200,161.6371953745012,0.808185976872506,186,656,3.5268817204301075,193,90,17,0.6433333333333333,0.6819787985865724,193,90,6649.599260202639,3274.4988448021704,3030.3167967785457,4524.631196443617,5.521405608722227,7.9954760149121284,110.69651741293532,283.0,108.13432835820896,274.0,2.5621890547263684,13.0,32.91542288557214,225.0,51.29353233830846,128.0,1.3532338308457712,19.0,2.8656716417910446,13.0,0.945273631840796,2.0,59.67661691542288,182.0,55.985074626865675,183.0,-0.05262152709810135,2.9099423300761442,1.7633750083354802,0.08377972378141536,0.5795465958519623,800,768,graph
300,341,200,156.1680995912135,0.7808404979560675,195,681,3.4923076923076923,192,93,15,0.64,0.6736842105263158,192,93,6443.079879024787,3026.124666264377,3255.0187738238146,4113.953198243584,5.581613560554697,8.1184022128582,120.636815920398,285.0,117.57213930348259,275.0,3.0646766169154227,11.0,39.875621890547265,206.0,57.55721393034826,156.0,1.3930348258706469,16.0,2.482587064676617,19.0,2.646766169154229,4.0,65.51741293532338,175.0,46.865671641791046,184.0,-0.05262152709810135,2.9099423300761442,1.7633750083354802,0.08377972378141536,0.5795465958519623,800,768,graph
