episode,scenario_seed,steps,time_limit_truncated,option_count,high_option_count,low_option_count,serve_option_count,recharge_option_count,wait_option_count,recharge_match_count,recharge_match_rate,avg_option_duration,avg_high_option_duration,avg_low_option_duration,episode_high_reward,episode_low_reward,episode_reward,avg_high_reward,avg_low_reward,avg_reward,charge_success_rate,charge_success_count,charge_success_mcs_count,charge_success_fcs_count,charge_failure_count,unresolved_count,attributed_mcs_success_count,attributed_mcs_success_weight_sum,low_attributed_mcs_success_weight_sum,controllable_failure_count,uncontrollable_failure_count,controllable_failure_weight_sum,low_controllable_failure_weight_sum,fcs_success_kpi_count,unattributed_mcs_success_count,forced_wait_count,voluntary_wait_count,low_delayed_event_count,total_mcs_profit,avg_mcs_profit,total_mcs_cost,avg_mcs_cost,total_mcs_energy_consumed_kwh,avg_mcs_energy_consumed_kwh,total_mcs_charged_kwh,avg_mcs_charged_kwh,total_mcs_idle_time_min,avg_mcs_idle_time_min,broken_mcs_count,avg_reward_system_success,avg_reward_system_failure,avg_reward_attributed_mcs_success,avg_reward_controllable_failure,avg_reward_uncontrollable_failure,avg_reward_fcs_success_kpi,avg_reward_attributed_mcs_success_weight,avg_reward_controllable_failure_weight,avg_reward_service,avg_reward_serve_attraction,avg_reward_serve_competition,avg_reward_serve_potential_improvement,avg_reward_recharge,avg_reward_movement,avg_reward_wait,avg_reward_wait_base,avg_reward_wait_opportunity,avg_reward_wait_streak,avg_reward_wait_forced_time,avg_reward_recharge_match_failure,avg_reward_broken,avg_reward_battery_potential,avg_reward_high_total,avg_reward_low_total,avg_reward_resource_gap_improvement,avg_reward_urgency_coverage,avg_reward_low_attraction_reward,avg_reward_low_immediate_iev_attraction,avg_reward_mcs_cluster_penalty,avg_reward_fcs_redundancy_penalty,avg_reward_high_serve_suitability,avg_reward_low_attributed_mcs_success,avg_reward_low_controllable_failure,actor_loss,high_actor_loss,low_actor_loss,critic_loss,high_critic_loss,low_critic_loss,high_explained_variance,low_explained_variance,high_sample_count,low_sample_count,high_frozen,high_entropy,low_entropy,update_index,episodes_in_update,update_sample_count,update_high_sample_count,update_low_sample_count,update_avg_reward,training_device,peak_cuda_memory_mb
1,42,200,True,1273,1273,416,416,248,609,248,1.0,1.4988216810683426,1.4988216810683426,1.4423076923076923,55.406577328893924,17.808449186632267,73.21502651552619,0.027703288664446962,0.008904224593316133,0.0366075132577631,0.8028673835125448,224,117,107,55,0,115,78.50714285714285,28.272020757020755,3,52,3.0,3.0,106,0,110,499,0,3391.1047043715516,339.1104704371552,6781.786187484649,678.1786187484649,244.498199792993,24.4498199792993,4272.920760801637,427.29207608016367,5125.0,512.5,1,0.03925357142857143,-0.0016500000000000002,0.03925357142857143,-0.0016500000000000002,0.0,0.0,0.03925357142857143,0.0015,0.049263888634560056,0.08948744129092652,-0.04900896261612602,0.0017200662444178019,0.0007759294119249338,-0.006328438034211992,-0.010359351170531272,-0.007484999999999936,-0.0008143511705312645,-0.0020599999999999833,0.0,0.0,-0.001,0.00038796470596246695,0.027703288664447025,0.008904224593316135,0.0017200662444178019,0.009760896802982668,0.009760896802982668,0.03303208562055714,-0.002872679155629353,-0.004120978619825702,0.0005216852486681175,0.014136010378510377,-0.0016500000000000002,0.0028135956885914012,0.007286400658388933,-0.004472804969797532,0.35346946488651965,0.3147841039631102,0.03868536092340946,-0.03742241859436035,-0.03587913513183594,8272,2782,0,0.7943301810158624,1.4068684816360473,1,8,11054,8272,2782,0.03594152337044767,cuda,32.05322265625
2,43,200,True,953,953,342,342,146,465,146,1.0,1.6621196222455403,1.6621196222455403,1.7280701754385965,55.299606049371455,29.486044923349944,84.7856509727214,0.027649803024685726,0.014743022461674972,0.0423928254863607,0.7328519855595668,203,120,83,74,0,116,90.08333333333331,45.25299145299147,9,65,9.0,7.207469818973955,82,0,49,416,0,3517.870615663944,351.7870615663944,6430.444876992233,643.0444876992233,185.85406761740003,18.585406761740003,4434.142137312008,443.41421373120085,4035.0,403.5,4,0.04504166666666666,-0.00495,0.04504166666666666,-0.00495,0.0,0.0,0.04504166666666666,0.0045,0.049604193803987694,0.08418252931622006,-0.03732324342280781,0.0020389944844090915,0.0008670645079625226,-0.004885590219430513,-0.00868511430035056,-0.006239999999999963,-0.0005426143003505637,-0.0019024999999999869,0.0,0.0,-0.004,0.0004335322539812614,0.027649803024685747,0.014743022461674976,0.0020389944844090915,0.009407453619589189,0.009407453619589189,0.04906983972640653,-0.0017359989004351668,-0.00183993111561284,0.0003998014872063364,0.022626495726495735,-0.003964108400435675,0.0028135956885914012,0.007286400658388933,-0.004472804969797532,0.35346946488651965,0.3147841039631102,0.03868536092340946,-0.03742241859436035,-0.03587913513183594,8272,2782,0,0.7943301810158624,1.4068684816360473,1,8,11054,8272,2782,0.03594152337044767,cuda,32.05322265625
3,44,200,True,929,929,312,312,169,448,169,1.0,1.7556512378902045,1.7556512378902045,1.6506410256410255,48.036491113846225,18.683998386232304,66.72048950007853,0.024018245556923112,0.009341999193116152,0.033360244750039264,0.7491039426523297,209,138,71,70,0,136,85.72619047619047,31.715346875346878,13,57,13.0,6.275918884862664,69,0,79,369,0,3910.1898061079387,391.01898061079385,6964.059850340274,696.4059850340275,174.67462459323679,17.467462459323677,4927.139578209203,492.7139578209203,3800.0,380.0,4,0.042863095238095235,-0.007149999999999999,0.042863095238095235,-0.007149999999999999,0.0,0.0,0.042863095238095235,0.0065,0.0583962416809892,0.08230311666379053,-0.0659253281238076,0.001176017734554539,0.00019719130701381912,-0.0040182104429098715,-0.007724341793355788,-0.005534999999999978,-0.0007243417933557881,-0.00146499999999999,0.0,0.0,-0.004,9.859565350690954e-05,0.02401824555692313,0.00934199919311615,0.001176017734554539,0.009329328148765538,0.009329328148765538,0.03841821150209085,-0.0030760314714203436,-0.003260861349522124,0.00047021035805597575,0.015857673437673442,-0.0034517553866744654,0.0028135956885914012,0.007286400658388933,-0.004472804969797532,0.35346946488651965,0.3147841039631102,0.03868536092340946,-0.03742241859436035,-0.03587913513183594,8272,2782,0,0.7943301810158624,1.4068684816360473,1,8,11054,8272,2782,0.03594152337044767,cuda,32.05322265625
4,45,200,True,924,924,279,279,187,458,187,1.0,1.8463203463203464,1.8463203463203464,1.8136200716845878,67.08761977138042,20.936886231948503,88.02450600332892,0.03354380988569021,0.010468443115974252,0.04401225300166446,0.8333333333333334,240,148,92,48,0,145,97.16666666666663,28.482901820401814,4,44,4.0,1.0,92,0,57,401,0,4198.773748490406,419.8773748490406,8021.428943371664,802.1428943371664,187.58501300791872,18.75850130079187,5292.877207974644,529.2877207974644,3685.0,368.5,3,0.048583333333333326,-0.0022,0.048583333333333326,-0.0022,0.0,0.0,0.048583333333333326,0.002,0.062213993579538704,0.06881082870901178,-0.04978212940316331,0.0025153261902656245,0.0009457035932931891,-0.003925322681036353,-0.008639424635432782,-0.006014999999999967,-0.0008369246354327904,-0.0017874999999999877,0.0,0.0,-0.003,0.0004728517966465947,0.033543809885690154,0.010468443115974252,0.0025153261902656245,0.008076345493612875,0.008076345493612875,0.024433501509426615,-0.002437250105429385,-0.00342967916411849,0.00046088174731763964,0.014241450910200909,-0.00055,0.0028135956885914012,0.007286400658388933,-0.004472804969797532,0.35346946488651965,0.3147841039631102,0.03868536092340946,-0.03742241859436035,-0.03587913513183594,8272,2782,0,0.7943301810158624,1.4068684816360473,1,8,11054,8272,2782,0.03594152337044767,cuda,32.05322265625
5,46,200,True,1082,1082,354,354,267,461,267,1.0,1.6035120147874307,1.6035120147874307,1.5310734463276836,48.56101397639782,14.042206712095334,62.60322068849315,0.02428050698819891,0.007021103356047667,0.031301610344246576,0.6824817518248175,187,126,61,87,0,120,77.87896825396825,27.896123321123323,9,78,9.0,8.0,61,0,37,424,0,3667.1651828346653,366.71651828346654,7262.090222348324,726.2090222348323,218.72190452141714,21.872190452141716,4621.085603360002,462.1085603360002,4075.0,407.5,2,0.03893948412698413,-0.0049499999999999995,0.03893948412698413,-0.0049499999999999995,0.0,0.0,0.03893948412698413,0.0045,0.05157203262898149,0.08955930365039608,-0.06181673709356312,0.0023440277739852095,0.0006898086257897996,-0.005158928340077958,-0.008757367613353382,-0.00635999999999996,-0.0006598676133533824,-0.0017374999999999862,0.0,0.0,-0.002,0.0003449043128948998,0.024280506988198888,0.007021103356047667,0.0023440277739852095,0.00987197787662865,0.00987197787662865,0.0343770108577609,-0.003422104722721039,-0.0041947441453091955,0.00047744448193693295,0.013948061660561662,-0.004399999999999999,0.0028135956885914012,0.007286400658388933,-0.004472804969797532,0.35346946488651965,0.3147841039631102,0.03868536092340946,-0.03742241859436035,-0.03587913513183594,8272,2782,0,0.7943301810158624,1.4068684816360473,1,8,11054,8272,2782,0.03594152337044767,cuda,32.05322265625
6,47,200,True,874,874,403,403,49,422,49,1.0,1.431350114416476,1.431350114416476,1.446650124069479,30.68618592433152,22.794274877933756,53.48046080226528,0.015343092962165761,0.011397137438966878,0.026740230401132638,0.5709219858156028,161,75,86,121,0,71,63.666666666666664,27.931623931623932,3,118,3.0,2.0,84,0,0,422,0,2620.522645563463,262.0522645563463,3360.5486194979603,336.054861949796,153.4090911778839,15.34090911778839,3296.9337960083412,329.69337960083413,4125.0,412.5,9,0.03183333333333333,-0.0016500000000000002,0.03183333333333333,-0.0016500000000000002,0.0,0.0,0.03183333333333333,0.0015,0.030884592437688485,0.13212518798704226,-0.03775114630304951,0.001202186398027208,0.00019010292961526881,-0.005006342694682108,-0.008841352967876668,-0.006329999999999961,-0.0005438529678766774,-0.0019674999999999875,0.0,0.0,-0.009,9.505146480763441e-05,0.015343092962165744,0.011397137438966884,0.001202186398027208,0.01409477254618324,0.01409477254618324,0.12244262939616271,-0.0023199120338115403,-0.00097959035728518,0.00034822712133401965,0.013965811965811967,-0.0011,0.0028135956885914012,0.007286400658388933,-0.004472804969797532,0.35346946488651965,0.3147841039631102,0.03868536092340946,-0.03742241859436035,-0.03587913513183594,8272,2782,0,0.7943301810158624,1.4068684816360473,1,8,11054,8272,2782,0.03594152337044767,cuda,32.05322265625
7,48,200,True,1092,1092,300,300,292,500,275,0.9417808219178082,1.7142857142857142,1.7142857142857142,1.5933333333333333,50.58529402798512,15.340161584617425,65.92545561260255,0.025292647013992562,0.007670080792308713,0.03296272780630127,0.7168458781362007,200,135,65,79,0,130,83.15470085470086,25.207028978933003,13,66,13.0,3.0,64,0,68,432,0,4239.120413924512,423.9120413924512,8611.615021220881,861.1615021220881,210.67970907888878,21.067970907888878,5335.557491636553,533.5557491636553,4085.0,408.5,1,0.041577350427350404,-0.007149999999999999,0.041577350427350404,-0.007149999999999999,0.0,0.0,0.041577350427350404,0.0065,0.056373660408977684,0.07319606685633268,-0.062302712214354926,0.0015876500544041317,0.001179049288580726,-0.0048426118661377415,-0.008844654707198309,-0.006479999999999958,-0.0006096547071983197,-0.001754999999999985,0.0,-0.0004250000000000001,-0.001,0.000589524644290363,0.025292647013992545,0.00767008079230871,0.0015876500544041317,0.008272617511479927,0.008272617511479927,0.040375829588619,-0.0033695282890813198,-0.0038283477098296644,0.0003508648463075174,0.012603514489466502,-0.0016500000000000002,0.0028135956885914012,0.007286400658388933,-0.004472804969797532,0.35346946488651965,0.3147841039631102,0.03868536092340946,-0.03742241859436035,-0.03587913513183594,8272,2782,0,0.7943301810158624,1.4068684816360473,1,8,11054,8272,2782,0.03594152337044767,cuda,32.05322265625
8,49,200,True,1145,1145,376,376,233,536,233,1.0,1.5816593886462882,1.5816593886462882,1.577127659574468,57.03383797561557,23.275725856531153,80.30956383214672,0.028516918987807786,0.011637862928265576,0.040154781916073364,0.7544483985765125,212,134,78,69,0,129,86.29047619047618,32.76285283344107,7,62,7.0,2.0,75,0,63,473,0,3686.9704882099545,368.69704882099546,7215.464976399896,721.5464976399896,209.0196513914636,20.901965139146363,4647.203233545232,464.7203233545232,4560.0,456.0,2,0.043145238095238084,-0.0038499999999999997,0.043145238095238084,-0.0038499999999999997,0.0,0.0,0.043145238095238084,0.0035,0.055042879215701015,0.1025586002781595,-0.06136438894223551,0.0019582854316793387,0.0011242885518162452,-0.005252618217759991,-0.009827126839221214,-0.007094999999999945,-0.0005921268392212088,-0.002139999999999985,0.0,0.0,-0.002,0.0005621442759081226,0.028516918987807754,0.011637862928265578,0.0019582854316793387,0.011319520219974726,0.011319520219974726,0.0358177979148427,-0.0031157325299511333,-0.00420228244104225,0.00042004801776716194,0.016381426416720538,-0.0011,0.0028135956885914012,0.007286400658388933,-0.004472804969797532,0.35346946488651965,0.3147841039631102,0.03868536092340946,-0.03742241859436035,-0.03587913513183594,8272,2782,0,0.7943301810158624,1.4068684816360473,1,8,11054,8272,2782,0.03594152337044767,cuda,32.05322265625
9,50,200,True,988,988,358,358,154,476,153,0.9935064935064936,1.7398785425101215,1.7398785425101215,1.6675977653631284,61.2087069742431,24.282470751988203,85.4911777262313,0.03060435348712155,0.012141235375994102,0.04274558886311565,0.7375886524822695,208,141,67,74,1,139,92.76349206349207,33.729518833656755,7,67,7.0,1.4693981327577776,65,0,68,408,0,3986.9401093769857,398.6940109376986,7325.971732705561,732.5971732705561,202.19437715225953,20.219437715225954,5024.293424767729,502.42934247677294,4175.0,417.5,3,0.04638174603174602,-0.0038500000000000006,0.04638174603174602,-0.0038500000000000006,0.0,0.0,0.04638174603174602,0.0035,0.059509538340390175,0.09039155806431572,-0.05085777404580165,0.001403614973849964,0.001218312498094036,-0.005125074216262459,-0.00848890916923548,-0.006119999999999966,-0.0005914091692354852,-0.001777499999999988,0.0,-2.5e-05,-0.003,0.0006091562490470175,0.030604353487121556,0.0121412353759941,0.001403614973849964,0.010131033477716588,0.010131033477716588,0.048231353021080434,-0.0027088237099164264,-0.0033055803528460655,0.000437911232624084,0.016864759416828377,-0.0008081689730167778,-0.003975134350184817,-0.0018573430905235,-0.0021177912596613167,0.27125052784880005,0.24031099528074265,0.030939532568057378,0.4966188669204712,0.011065661907196045,8042,2803,0,0.7930126473307609,1.3760581692059835,2,8,10845,8042,2803,0.036096002137503316,cuda,39.32666015625
10,51,200,True,1019,1019,360,360,169,490,168,0.9940828402366864,1.5868498527968598,1.5868498527968598,1.5083333333333333,49.04239060050417,15.67006820264913,64.7124588031533,0.024521195300252086,0.007835034101324564,0.03235622940157665,0.7050359712230215,196,114,82,82,0,110,75.41190476190476,21.384908424908428,2,80,2.0,1.0,81,0,26,464,0,3454.81333514588,345.481333514588,6223.0891552352805,622.3089155235281,199.96586197031334,19.996586197031334,4350.572230034528,435.0572230034528,4255.0,425.5,4,0.03770595238095238,-0.0011,0.03770595238095238,-0.0011,0.0,0.0,0.03770595238095238,0.001,0.04717717574289499,0.09545745032492994,-0.05492962401477351,0.002630172961267452,0.0006866655493146766,-0.0051675855266941385,-0.009831456781727654,-0.006959999999999947,-0.0006114567817276533,-0.0022599999999999842,0.0,-2.5e-05,-0.004,0.00034333277465733834,0.02452119530025209,0.007835034101324566,0.002630172961267452,0.010637590410225094,0.010637590410225094,0.0420820477448139,-0.003794282285345661,-0.0033931217915171142,0.00039695988589180447,0.010692454212454214,-0.00055,-0.003975134350184817,-0.0018573430905235,-0.0021177912596613167,0.27125052784880005,0.24031099528074265,0.030939532568057378,0.4966188669204712,0.011065661907196045,8042,2803,0,0.7930126473307609,1.3760581692059835,2,8,10845,8042,2803,0.036096002137503316,cuda,39.32666015625
11,52,200,True,1281,1281,437,437,316,528,316,1.0,1.56128024980484,1.56128024980484,1.631578947368421,59.541360905265414,23.925253408234003,83.46661431349942,0.029770680452632706,0.011962626704117001,0.04173330715674971,0.7428571428571429,208,133,75,72,0,133,85.08690476190479,36.52243510302334,7,65,7.0,1.0,75,0,68,460,0,3619.169717008124,361.9169717008124,7713.056327782395,771.3056327782394,260.0019194433376,26.00019194433376,4562.299813822818,456.2299813822818,4825.0,482.5,0,0.04254345238095239,-0.0038500000000000006,0.04254345238095239,-0.0038500000000000006,0.0,0.0,0.04254345238095239,0.0035,0.057110157518418185,0.10366101298961555,-0.10182686097981573,0.0016228340768835233,0.001209454190921571,-0.006562866563677096,-0.009576425629010616,-0.006899999999999949,-0.0007289256290106151,-0.0019474999999999842,0.0,0.0,0.0,0.0006047270954607853,0.029770680452632713,0.011962626704116998,0.0016228340768835233,0.0117400412538182,0.0117400412538182,0.02191050379054255,-0.00574155875631594,-0.006341595848775677,0.0006323828910607054,0.01826121755151167,-0.00055,-0.003975134350184817,-0.0018573430905235,-0.0021177912596613167,0.27125052784880005,0.24031099528074265,0.030939532568057378,0.4966188669204712,0.011065661907196045,8042,2803,0,0.7930126473307609,1.3760581692059835,2,8,10845,8042,2803,0.036096002137503316,cuda,39.32666015625
12,53,200,True,1105,1105,330,330,264,511,260,0.9848484848484849,1.7592760180995475,1.7592760180995475,1.6636363636363636,61.17499439915101,11.995296794729102,73.17029119388012,0.030587497199575507,0.0059976483973645505,0.03658514559694006,0.8138686131386861,223,156,67,51,0,150,88.49761904761905,23.854661155837626,8,43,8.0,5.0,65,0,106,405,0,4540.3501804673115,454.0350180467311,9456.342625980567,945.6342625980567,237.09307562954902,23.7093075629549,5719.888971766302,571.9888971766302,4225.0,422.5,0,0.04424880952380954,-0.004399999999999999,0.04424880952380954,-0.004399999999999999,0.0,0.0,0.04424880952380954,0.004,0.06429134186027495,0.07057373135098223,-0.06635788289392956,0.002312472593721751,0.0007102519029056516,-0.0052541059971105055,-0.008342056400650708,-0.006074999999999967,-0.0006945564006507107,-0.0015724999999999867,0.0,-0.0001,0.0,0.00035512595145282573,0.030587497199575535,0.0059976483973645505,0.002312472593721751,0.008306537144462849,0.008306537144462849,0.013600730916595001,-0.00395608325896027,-0.004950218626412053,0.0005086745460259984,0.011927330577918813,-0.00275,-0.003975134350184817,-0.0018573430905235,-0.0021177912596613167,0.27125052784880005,0.24031099528074265,0.030939532568057378,0.4966188669204712,0.011065661907196045,8042,2803,0,0.7930126473307609,1.3760581692059835,2,8,10845,8042,2803,0.036096002137503316,cuda,39.32666015625
13,54,200,True,943,943,283,283,283,377,281,0.9929328621908127,1.794273594909862,1.794273594909862,1.7420494699646643,51.1192742982707,21.098949681719752,72.21822397999046,0.025559637149135353,0.010549474840859876,0.03610911198999523,0.7883211678832117,216,141,75,58,0,138,80.20952380952377,29.820237540237542,7,51,7.0,0.5605086944929293,72,0,3,374,0,4088.4855690813415,408.8485569081341,7869.6289299918035,786.9628929991803,216.90806884847456,21.690806884847454,5151.6100123964015,515.1610012396402,3310.0,331.0,3,0.04010476190476189,-0.0038499999999999997,0.04010476190476189,-0.0038499999999999997,0.0,0.0,0.04010476190476189,0.0035,0.0591573545173405,0.053651898130651215,-0.037670111264122765,0.002168659783602902,0.0009273175005723187,-0.004806312839352014,-0.00775847445487602,-0.005609999999999976,-0.0006034744548760193,-0.001544999999999988,0.0,-5e-05,-0.003,0.0004636587502861594,0.025559637149135377,0.010549474840859883,0.002168659783602902,0.006531072303689355,0.006531072303689355,0.026982203509172503,-0.0015990254022406549,-0.003902011446703033,0.0004193188300743777,0.01491011877011877,-0.00030827978197111113,-0.003975134350184817,-0.0018573430905235,-0.0021177912596613167,0.27125052784880005,0.24031099528074265,0.030939532568057378,0.4966188669204712,0.011065661907196045,8042,2803,0,0.7930126473307609,1.3760581692059835,2,8,10845,8042,2803,0.036096002137503316,cuda,39.32666015625
14,55,200,True,1066,1066,351,351,263,452,262,0.9961977186311787,1.6857410881801125,1.6857410881801125,1.7834757834757835,57.95960640997691,22.51014590500623,80.46975231498314,0.02897980320498845,0.011255072952503114,0.04023487615749157,0.6836363636363636,188,135,53,87,0,134,84.0313492063492,34.45097005128446,4,83,4.0,1.280499204015099,52,0,41,411,0,3842.0158918435177,384.20158918435175,7662.609790653142,766.2609790653142,250.8361000088898,25.083610000888978,4841.291705366342,484.1291705366342,4020.0,402.0,2,0.0420156746031746,-0.0022,0.0420156746031746,-0.0022,0.0,0.0,0.0420156746031746,0.002,0.05763199149855988,0.07340241480411272,-0.06659310260062627,0.0026617730732280123,0.0007346118284101244,-0.006012145471646719,-0.008506713611867233,-0.006164999999999965,-0.0006217136118672411,-0.0017199999999999876,0.0,-2.5e-05,-0.002,0.0003673059142050623,0.028979803204988438,0.011255072952503118,0.0026617730732280123,0.00854522412079026,0.00854522412079026,0.03481975641277805,-0.0042164352512130306,-0.0055217560514478235,0.0004065016530857375,0.017225485025642234,-0.0007042745622083046,-0.003975134350184817,-0.0018573430905235,-0.0021177912596613167,0.27125052784880005,0.24031099528074265,0.030939532568057378,0.4966188669204712,0.011065661907196045,8042,2803,0,0.7930126473307609,1.3760581692059835,2,8,10845,8042,2803,0.036096002137503316,cuda,39.32666015625
15,56,200,True,808,808,340,340,68,400,68,1.0,1.6670792079207921,1.6670792079207921,1.5382352941176471,35.143711236932944,21.006788119519733,56.15049935645268,0.017571855618466473,0.010503394059759866,0.02807524967822634,0.5800711743772242,163,109,54,118,0,104,78.3047619047619,30.295433455433457,16,102,16.0,5.494052477873362,52,0,69,331,0,3457.709245420313,345.7709245420313,5280.015379343057,528.0015379343057,171.21534466707942,17.121534466707942,4352.679420808427,435.26794208084266,3700.0,370.0,7,0.03915238095238095,-0.008799999999999999,0.03915238095238095,-0.008799999999999999,0.0,0.0,0.03915238095238095,0.008,0.04482568062889584,0.0993655035778738,-0.028029693656686294,0.002777168024971854,0.00035308500239029586,-0.004798840015953377,-0.006721270510566027,-0.00496499999999999,-0.00042377051056602665,-0.0013324999999999921,0.0,0.0,-0.007,0.00017654250119514793,0.017571855618466446,0.010503394059759873,0.002777168024971854,0.01069512459498299,0.01069512459498299,0.10406786037963772,-0.001488289916275202,-0.001549550043345962,0.0002883122873988404,0.01514771672771673,-0.0030217288628303497,-0.003975134350184817,-0.0018573430905235,-0.0021177912596613167,0.27125052784880005,0.24031099528074265,0.030939532568057378,0.4966188669204712,0.011065661907196045,8042,2803,0,0.7930126473307609,1.3760581692059835,2,8,10845,8042,2803,0.036096002137503316,cuda,39.32666015625
16,57,200,True,832,832,344,344,69,419,69,1.0,1.5420673076923077,1.5420673076923077,1.5203488372093024,38.169598487495726,23.687418024366895,61.857016511862625,0.01908479924374786,0.011843709012183448,0.03092850825593131,0.5563636363636364,153,90,63,122,0,86,75.95238095238096,31.91025641025641,10,112,10.0,5.0,62,0,53,366,0,2994.9348405435885,299.4934840543589,4401.424170742864,440.14241707428636,134.68842132370364,13.468842132370364,3767.8717888105266,376.7871788810527,3815.0,381.5,7,0.03797619047619048,-0.0055,0.03797619047619048,-0.0055,0.0,0.0,0.03797619047619048,0.005,0.03727005266179034,0.11504649541704652,-0.03055623412121663,0.00107294365226126,0.0003130801757332508,-0.003878264619039068,-0.007653820164889247,-0.005489999999999979,-0.0005338201648892532,-0.00162999999999999,0.0,0.0,-0.007,0.00015654008786662537,0.019084799243747813,0.011843709012183455,0.00107294365226126,0.012401293619747764,0.012401293619747764,0.11491976010968528,-0.0011321545172496236,-0.0007043667023711571,0.0003903540395335118,0.015955128205128205,-0.00275,-0.003975134350184817,-0.0018573430905235,-0.0021177912596613167,0.27125052784880005,0.24031099528074265,0.030939532568057378,0.4966188669204712,0.011065661907196045,8042,2803,0,0.7930126473307609,1.3760581692059835,2,8,10845,8042,2803,0.036096002137503316,cuda,39.32666015625
17,58,200,True,1026,1026,364,364,187,475,186,0.9946524064171123,1.8050682261208577,1.8050682261208577,1.8818681318681318,74.5834695988047,34.02150738889098,108.60497698769568,0.03729173479940235,0.01701075369444549,0.05430248849384784,0.8581560283687943,242,145,97,40,0,144,100.72619047619044,46.00572344322346,3,37,3.0,0.0,96,0,107,368,0,4236.702941587688,423.6702941587688,8620.950768044273,862.0950768044273,221.87700357222843,22.187700357222845,5336.861649878036,533.6861649878035,4200.0,420.0,1,0.05036309523809522,-0.0016500000000000002,0.05036309523809522,-0.0016500000000000002,0.0,0.0,0.05036309523809522,0.0015,0.06217355001207406,0.06722120692961013,-0.04633699170214486,0.00286881524632405,0.0011809317719348865,-0.005371629799690538,-0.007874152695299367,-0.005519999999999978,-0.0008241526952993708,-0.0015299999999999888,0.0,-2.5e-05,-0.001,0.0005904658859674432,0.03729173479940223,0.01701075369444548,0.00286881524632405,0.00841963830182635,0.00841963830182635,0.025325326745665757,-0.0029117874485598714,-0.00397060668695319,0.0006281163100929442,0.023002861721611728,0.0,0.0006763892215011376,-0.003317966847680509,0.003994356069181647,0.3344180148227939,0.2989388398826122,0.03547917494018163,0.612366795539856,0.017913997173309326,8060,3086,0,0.7311775088310242,1.297319437776293,3,8,11146,8060,3086,0.045400096145788306,cuda,42.068359375
18,59,200,True,1070,1070,449,449,134,487,134,1.0,1.7616822429906542,1.7616822429906542,1.6570155902004455,79.1081396734585,30.12213188735267,109.23027156081116,0.039554069836729246,0.015061065943676335,0.05461513578040558,0.8058608058608059,220,153,67,53,0,150,111.59523809523809,43.26140637140638,7,46,7.0,0.5375007302753598,66,0,63,424,0,4370.164153970363,437.0164153970363,8599.521249048366,859.9521249048366,267.3148350033868,26.73148350033868,5507.032644551709,550.7032644551709,4680.0,468.0,1,0.055797619047619054,-0.0038499999999999997,0.055797619047619054,-0.0038499999999999997,0.0,0.0,0.055797619047619054,0.0035,0.06420197308421045,0.08300711177779786,-0.07070537370177647,0.0032484817390208173,0.0009467945811242858,-0.007041494804367233,-0.008975092123019465,-0.00635999999999996,-0.000722592123019462,-0.001892499999999987,0.0,0.0,-0.001,0.000473397290562143,0.03955406983672911,0.015061065943676332,0.0032484817390208173,0.009556731648734447,0.009556731648734447,0.027211720921388065,-0.0053313026195770325,-0.004193385541260868,0.000587978663378823,0.02163070318570319,-0.00029562540165144793,0.0006763892215011376,-0.003317966847680509,0.003994356069181647,0.3344180148227939,0.2989388398826122,0.03547917494018163,0.612366795539856,0.017913997173309326,8060,3086,0,0.7311775088310242,1.297319437776293,3,8,11146,8060,3086,0.045400096145788306,cuda,42.068359375
19,60,200,True,1048,1048,431,431,125,492,125,1.0,1.6984732824427482,1.6984732824427482,1.5359628770301623,74.87165405744162,29.599339773426575,104.4709938308682,0.03743582702872081,0.014799669886713288,0.052235496915434096,0.7357142857142858,206,135,71,74,0,133,106.40476190476191,39.462573260073256,4,70,4.0,1.0,70,0,131,361,0,4015.029903951176,401.5029903951176,7305.955150744372,730.5955150744372,228.82789550350222,22.88278955035022,5057.997071514341,505.79970715143406,4615.0,461.5,3,0.05320238095238096,-0.0022,0.05320238095238096,-0.0022,0.0,0.0,0.05320238095238096,0.002,0.05693915667540942,0.11321331571974098,-0.06574678054801905,0.002460802995271758,0.000797124497565934,-0.006231700275903479,-0.007354629609839695,-0.005414999999999981,-0.0005046296098396962,-0.0014349999999999912,0.0,0.0,-0.003,0.000398562248782967,0.03743582702872074,0.014799669886713294,0.002460802995271758,0.012287787888717136,0.012287787888717136,0.047034335024106484,-0.00326373717118934,-0.0035983337801528117,0.0005314297000050965,0.019731286630036628,-0.00055,0.0006763892215011376,-0.003317966847680509,0.003994356069181647,0.3344180148227939,0.2989388398826122,0.03547917494018163,0.612366795539856,0.017913997173309326,8060,3086,0,0.7311775088310242,1.297319437776293,3,8,11146,8060,3086,0.045400096145788306,cuda,42.068359375
20,61,200,True,1171,1171,367,367,219,585,219,1.0,1.6874466268146884,1.6874466268146884,1.7111716621253406,51.54039901348787,12.811588571324373,64.35198758481225,0.025770199506743936,0.006405794285662187,0.03217599379240613,0.8042704626334519,226,145,81,55,0,142,75.45476190476192,21.832667332667327,7,48,7.0,3.3899110952449463,80,0,158,427,0,4229.446446802542,422.94464468025416,8860.588328333366,886.0588328333366,254.8342738272339,25.483427382723388,5327.708475059551,532.7708475059551,4760.0,476.0,0,0.03772738095238097,-0.0038499999999999997,0.03772738095238097,-0.0038499999999999997,0.0,0.0,0.03772738095238097,0.0035,0.06115129434756775,0.08119904525346759,-0.06431978690963054,0.003072255216778737,0.0007305920426951612,-0.006323202741837913,-0.009062622809283142,-0.006404999999999959,-0.0008176228092831388,-0.0018399999999999857,0.0,0.0,0.0,0.00036529602134758064,0.025770199506743963,0.006405794285662188,0.003072255216778737,0.00940493480688307,0.00940493480688307,0.0171185697242767,-0.0030922923576664416,-0.004594165473355551,0.000577616426741119,0.010916333666333664,-0.0018644511023847208,0.0006763892215011376,-0.003317966847680509,0.003994356069181647,0.3344180148227939,0.2989388398826122,0.03547917494018163,0.612366795539856,0.017913997173309326,8060,3086,0,0.7311775088310242,1.297319437776293,3,8,11146,8060,3086,0.045400096145788306,cuda,42.068359375
21,62,200,True,1066,1066,398,398,103,565,98,0.9514563106796117,1.5431519699812384,1.5431519699812384,1.5552763819095476,52.30558361670079,25.879705109922032,78.18528872662282,0.02615279180835039,0.012939852554961016,0.039092644363311405,0.5929824561403508,169,116,53,116,0,113,90.7690476190476,37.56486252486254,13,103,13.0,4.611014470952775,53,0,140,425,0,3272.4839955243915,327.24839955243914,5912.454622984175,591.2454622984176,201.9434337467862,20.19434337467862,4121.2665750447595,412.12665750447593,4840.0,484.0,4,0.0453845238095238,-0.00715,0.0453845238095238,-0.00715,0.0,0.0,0.0453845238095238,0.0065,0.04823873709050604,0.11109124125268285,-0.03562534874811128,0.001360457503976543,0.0011456544586454104,-0.005987570946574447,-0.008958493628164498,-0.00637499999999996,-0.0005384936281644974,-0.002044999999999985,0.0,-0.000125,-0.004,0.0005728272293227052,0.026152791808350364,0.012939852554961018,0.001360457503976543,0.012165227642233808,0.012165227642233808,0.07238411245891042,-0.0030758025375942585,-0.00144202135241926,0.0004202212852077146,0.01878243126243127,-0.002536057959024027,0.0006763892215011376,-0.003317966847680509,0.003994356069181647,0.3344180148227939,0.2989388398826122,0.03547917494018163,0.612366795539856,0.017913997173309326,8060,3086,0,0.7311775088310242,1.297319437776293,3,8,11146,8060,3086,0.045400096145788306,cuda,42.068359375
22,63,200,True,786,786,353,353,80,353,80,1.0,1.6412213740458015,1.6412213740458015,1.7138810198300283,48.61476129365519,27.998582262593963,76.61334355624916,0.024307380646827595,0.013999291131296982,0.03830667177812458,0.5464285714285714,153,111,42,127,0,106,87.16666666666667,44.382173382173384,9,118,9.0,8.500369299093208,41,0,59,294,0,3198.918619245973,319.89186192459726,4890.131823966216,489.0131823966216,161.76537270744467,16.17653727074447,4026.774774033642,402.6774774033642,3530.0,353.0,7,0.043583333333333335,-0.0049499999999999995,0.043583333333333335,-0.0049499999999999995,0.0,0.0,0.043583333333333335,0.0045,0.04528615424074302,0.10443802078491053,-0.060516144339238145,0.0015930214389744469,0.0002921803216268687,-0.0044678565476191905,-0.0061960273764656605,-0.004410000000000002,-0.0005560273764656575,-0.0012299999999999924,0.0,0.0,-0.007,0.00014609016081343435,0.024307380646827543,0.013999291131296986,0.0015930214389744469,0.011641508361903826,0.011641508361903826,0.07597887594066728,-0.002541391073788651,-0.002775768384038747,0.00046914647320313736,0.022191086691086694,-0.004675203114501264,0.0006763892215011376,-0.003317966847680509,0.003994356069181647,0.3344180148227939,0.2989388398826122,0.03547917494018163,0.612366795539856,0.017913997173309326,8060,3086,0,0.7311775088310242,1.297319437776293,3,8,11146,8060,3086,0.045400096145788306,cuda,42.068359375
23,64,200,True,1044,1044,366,366,240,438,239,0.9958333333333333,1.793103448275862,1.793103448275862,1.8087431693989071,60.68478193726054,20.148903060589262,80.8336849978498,0.03034239096863027,0.010074451530294631,0.0404168424989249,0.7651245551601423,215,152,63,66,0,146,87.05952380952381,34.602385245473485,6,60,6.0,4.678226904360653,60,0,104,334,0,4529.370256070112,452.9370256070112,9192.306514364818,919.2306514364818,260.1159904448528,26.01159904448528,5705.037908241605,570.5037908241604,4025.0,402.5,1,0.043529761904761904,-0.0033,0.043529761904761904,-0.0033,0.0,0.0,0.043529761904761904,0.003,0.06264038343444156,0.07551572338534335,-0.08100394317865632,0.003790363744812583,0.0005017658798651616,-0.005754047069266531,-0.006914437844850877,-0.005009999999999989,-0.0006794378448508802,-0.0012249999999999915,0.0,-2.5e-05,-0.001,0.00025088293993258084,0.0303423909686303,0.010074451530294631,0.003790363744812583,0.00888801589305504,0.00888801589305504,0.014214533356730022,-0.004642385301312129,-0.00616864462212561,0.0005529303692917194,0.017301192622736744,-0.0025730247973983593,0.0006763892215011376,-0.003317966847680509,0.003994356069181647,0.3344180148227939,0.2989388398826122,0.03547917494018163,0.612366795539856,0.017913997173309326,8060,3086,0,0.7311775088310242,1.297319437776293,3,8,11146,8060,3086,0.045400096145788306,cuda,42.068359375
24,65,200,True,849,849,358,358,78,413,78,1.0,1.734982332155477,1.734982332155477,1.723463687150838,67.11269046870925,36.99830061899455,104.1109910877038,0.03355634523435462,0.018499150309497274,0.052055495543851894,0.7587412587412588,217,126,91,69,0,124,102.33333333333334,51.6927960927961,6,63,6.0,5.0,90,0,100,313,0,3644.3087381346363,364.4308738134636,6082.2706040195735,608.2270604019574,182.0241398661638,18.20241398661638,4591.688572825649,459.16885728256494,3855.0,385.5,5,0.05116666666666667,-0.0033,0.05116666666666667,-0.0033,0.0,0.0,0.05116666666666667,0.003,0.053120802554832855,0.10095642145569128,-0.039644744860994285,0.00219105503772702,0.0009476294883956149,-0.004799151764799747,-0.00643984171937062,-0.004694999999999996,-0.0004973417193706216,-0.0012474999999999928,0.0,0.0,-0.005,0.00047381474419780746,0.033556345234354606,0.018499150309497267,0.00219105503772702,0.011289930090233569,0.011289930090233569,0.07173442633026057,-0.0017276521706562605,-0.0022467740937096455,0.0003858275034881448,0.02584639804639805,-0.00275,0.0006763892215011376,-0.003317966847680509,0.003994356069181647,0.3344180148227939,0.2989388398826122,0.03547917494018163,0.612366795539856,0.017913997173309326,8060,3086,0,0.7311775088310242,1.297319437776293,3,8,11146,8060,3086,0.045400096145788306,cuda,42.068359375
25,66,200,True,789,789,378,378,40,371,40,1.0,1.58808618504436,1.58808618504436,1.3492063492063493,43.54947367080788,21.056750726864884,64.60622439767276,0.02177473683540394,0.010528375363432442,0.03230311219883638,0.6338028169014085,180,89,91,104,0,87,75.33333333333334,23.124542124542124,4,100,4.0,1.0,91,0,30,341,0,2836.647996603349,283.6647996603349,4260.526270325926,426.05262703259257,141.73788903618083,14.173788903618084,3572.5207996092477,357.2520799609248,3745.0,374.5,7,0.037666666666666675,-0.0022,0.037666666666666675,-0.0022,0.0,0.0,0.037666666666666675,0.002,0.03762557091930925,0.12829768931585214,-0.06033637826798615,0.002181802443763059,0.0006725314534090482,-0.004173255369821611,-0.007115248684689645,-0.005114999999999987,-0.0004952486846896482,-0.0015049999999999914,0.0,0.0,-0.007,0.0003362657267045242,0.021774736835403954,0.010528375363432447,0.002181802443763059,0.013588913176209028,0.013588913176209028,0.10003518692182935,-0.0016014659303130252,-0.0009193060529208788,0.0004409375615200827,0.011562271062271062,-0.00055,-0.014769606550024555,-0.004715186881367117,-0.010054419668657439,0.280321258519377,0.2445610251277685,0.03576023339160851,0.7178290486335754,0.015594542026519775,7386,3238,0,0.7399199634790421,1.3472737993512836,4,8,10624,7386,3238,0.039454390490477206,cuda,42.88232421875
26,67,200,True,1046,1046,458,458,120,468,120,1.0,1.5621414913957934,1.5621414913957934,1.591703056768559,59.72211251946332,28.54490184505739,88.26701436452072,0.02986105625973166,0.014272450922528695,0.04413350718226036,0.7147887323943662,203,112,91,81,0,110,92.14285714285714,37.21599511599511,4,77,4.0,2.5,91,0,36,432,0,3307.955058890762,330.7955058890762,5687.048709961065,568.7048709961065,213.92147558576562,21.39214755857656,4167.35709272069,416.735709272069,4630.0,463.0,5,0.04607142857142857,-0.0022,0.04607142857142857,-0.0022,0.0,0.0,0.04607142857142857,0.002,0.047269426274876014,0.13050109599397,-0.06592264820836785,0.0025109354590123613,0.0009050208844379425,-0.006090666634776938,-0.008940452253953698,-0.006479999999999958,-0.0006179522539536979,-0.0018424999999999846,0.0,0.0,-0.005,0.0004525104422189712,0.02986105625973169,0.014272450922528698,0.0025109354590123613,0.014392262072585529,0.014392262072585529,0.0668015603862869,-0.0037737990485976784,-0.0016479208321011807,0.0004974670558029264,0.018607997557997556,-0.001375,-0.014769606550024555,-0.004715186881367117,-0.010054419668657439,0.280321258519377,0.2445610251277685,0.03576023339160851,0.7178290486335754,0.015594542026519775,7386,3238,0,0.7399199634790421,1.3472737993512836,4,8,10624,7386,3238,0.039454390490477206,cuda,42.88232421875
27,68,200,True,1117,1117,440,440,164,513,163,0.9939024390243902,1.6562220232766338,1.6562220232766338,1.7,69.4341284681069,26.93490746878947,96.36903593689638,0.034717064234053456,0.013467453734394735,0.04818451796844819,0.7927272727272727,218,134,84,57,0,131,95.47619047619048,38.01108597285068,4,53,4.0,3.0,84,0,132,381,0,3862.493666037575,386.2493666037575,7792.159418311069,779.2159418311069,242.6723594994442,24.26723594994442,4864.424295874929,486.44242958749294,4770.0,477.0,1,0.04773809523809524,-0.0022,0.04773809523809524,-0.0022,0.0,0.0,0.04773809523809524,0.002,0.05623590275548973,0.11246877045923714,-0.07816108758597556,0.003179545806546429,0.0010941619045009025,-0.006671836106477199,-0.007779766497752923,-0.0057149999999999744,-0.0005347664977529246,-0.00152999999999999,0.0,-2.5e-05,-0.001,0.000547080952250451,0.034717064234053366,0.013467453734394754,0.003179545806546429,0.012654974799145733,0.012654974799145733,0.03334840490174673,-0.003778727233919226,-0.0035807712869927815,0.0005773019543869657,0.01900554298642534,-0.0016500000000000002,-0.014769606550024555,-0.004715186881367117,-0.010054419668657439,0.280321258519377,0.2445610251277685,0.03576023339160851,0.7178290486335754,0.015594542026519775,7386,3238,0,0.7399199634790421,1.3472737993512836,4,8,10624,7386,3238,0.039454390490477206,cuda,42.88232421875
28,69,200,True,953,953,402,402,198,353,197,0.9949494949494949,1.8079748163693599,1.8079748163693599,1.7835820895522387,51.44459807769757,21.1529468643557,72.59754494205328,0.025722299038848786,0.01057647343217785,0.036298772471026634,0.8194945848375451,227,149,78,50,0,142,77.46904761904766,32.95015396544808,6,44,6.0,2.422118897183053,76,0,10,343,0,4310.985639765639,431.09856397656387,8598.476292304364,859.8476292304364,245.9922401757865,24.59922401757865,5429.798631521145,542.9798631521145,3780.0,378.0,2,0.03873452380952383,-0.0033,0.03873452380952383,-0.0033,0.0,0.0,0.03873452380952383,0.003,0.06080023672135066,0.08141575873726845,-0.06254189764389484,0.0018131257547003548,0.0005755144129264449,-0.006252606615028346,-0.007078659326080138,-0.005144999999999986,-0.0005736593260801398,-0.001359999999999991,0.0,-2.5e-05,-0.002,0.0002877572064632225,0.025722299038848817,0.010576473432177845,0.0018131257547003548,0.009724888438999137,0.009724888438999137,0.023896747658911272,-0.0031589478052927757,-0.005249300812487059,0.0006132732499126859,0.01647507698272404,-0.0013321653934506791,-0.014769606550024555,-0.004715186881367117,-0.010054419668657439,0.280321258519377,0.2445610251277685,0.03576023339160851,0.7178290486335754,0.015594542026519775,7386,3238,0,0.7399199634790421,1.3472737993512836,4,8,10624,7386,3238,0.039454390490477206,cuda,42.88232421875
29,70,200,True,572,572,310,310,25,237,25,1.0,1.6695804195804196,1.6695804195804196,1.9161290322580644,28.250340266914545,33.741847892057166,61.992188158971715,0.014125170133457272,0.01687092394602858,0.030996094079485857,0.5340501792114696,149,69,80,130,1,65,62.08333333333333,44.07692307692308,4,126,4.0,4.0,80,0,0,237,0,2652.9168587891586,265.29168587891587,3132.167806308812,313.2167806308812,120.17388217247603,12.017388217247603,3337.430996770531,333.74309967705307,2735.0,273.5,10,0.031041666666666665,-0.0022,0.031041666666666665,-0.0022,0.0,0.0,0.031041666666666665,0.002,0.028843481124227025,0.10971207506355286,-0.04119891766835938,0.0025180036353534504,0.0,-0.0034995686503822825,-0.0050782264325292354,-0.0035550000000000074,-0.00038072643252923694,-0.0011424999999999966,0.0,0.0,-0.01,0.0,0.014125170133457257,0.01687092394602857,0.0025180036353534504,0.012276119879131336,0.012276119879131336,0.1382891361590259,-0.001930645974279655,-0.00139559772109315,0.00033741043314895064,0.02203846153846154,-0.0022,-0.014769606550024555,-0.004715186881367117,-0.010054419668657439,0.280321258519377,0.2445610251277685,0.03576023339160851,0.7178290486335754,0.015594542026519775,7386,3238,0,0.7399199634790421,1.3472737993512836,4,8,10624,7386,3238,0.039454390490477206,cuda,42.88232421875
30,71,200,True,1047,1047,395,395,217,435,216,0.9953917050691244,1.8099331423113658,1.8099331423113658,1.749367088607595,69.71872206614852,28.197513806170548,97.91623587231906,0.03485936103307426,0.014098756903085274,0.048958117936159534,0.9042553191489362,255,163,92,27,0,159,93.58571428571427,39.08892864381997,2,25,2.0,1.0,90,0,92,343,0,4483.139037687469,448.31390376874685,9099.963863890147,909.9963863890147,254.20658262619105,25.420658262619106,5647.303134829954,564.7303134829954,4155.0,415.5,1,0.046792857142857136,-0.0011,0.046792857142857136,-0.0011,0.0,0.0,0.046792857142857136,0.001,0.06801479569885444,0.08376699478337941,-0.06941468889000196,0.003700811274708964,0.0008540067904767343,-0.00599606977929361,-0.0071293460948783065,-0.005144999999999986,-0.0006443460948783088,-0.0013399999999999903,0.0,-2.5e-05,-0.001,0.0004270033952383673,0.03485936103307418,0.014098756903085274,0.003700811274708964,0.009875946685387348,0.009875946685387348,0.02495959565093664,-0.0038442357274632187,-0.00432481780672829,0.0006197057126290675,0.019544464321909986,-0.00055,-0.014769606550024555,-0.004715186881367117,-0.010054419668657439,0.280321258519377,0.2445610251277685,0.03576023339160851,0.7178290486335754,0.015594542026519775,7386,3238,0,0.7399199634790421,1.3472737993512836,4,8,10624,7386,3238,0.039454390490477206,cuda,42.88232421875
31,72,200,True,1197,1197,480,480,200,517,200,1.0,1.5772765246449456,1.5772765246449456,1.5875,58.96192364667571,25.53833147824339,84.5002551249191,0.029480961823337853,0.012769165739121695,0.04225012756245955,0.778169014084507,221,132,89,63,0,129,80.4761904761905,37.023048193636434,2,61,2.0,2.0,89,0,123,394,0,3684.4081337361413,368.4408133736141,7510.988378839962,751.0988378839962,256.01007606703797,25.601007606703796,4641.983230212554,464.1983230212554,4985.0,498.5,1,0.040238095238095246,-0.0011,0.040238095238095246,-0.0011,0.0,0.0,0.040238095238095246,0.001,0.05520556705334149,0.12242101410327659,-0.11392982893991621,0.003898991325498979,0.0009182959691137585,-0.00672697589235105,-0.008192893886296874,-0.00590999999999997,-0.0006978938862968731,-0.0015849999999999894,0.0,0.0,-0.001,0.00045914798455687925,0.02948096182333785,0.012769165739121686,0.003898991325498979,0.01384804447857059,0.01384804447857059,0.014172938664418133,-0.0056306265189873875,-0.006547342726698971,0.00074958212782087,0.01851152409681822,-0.0011,-0.014769606550024555,-0.004715186881367117,-0.010054419668657439,0.280321258519377,0.2445610251277685,0.03576023339160851,0.7178290486335754,0.015594542026519775,7386,3238,0,0.7399199634790421,1.3472737993512836,4,8,10624,7386,3238,0.039454390490477206,cuda,42.88232421875
32,73,200,True,665,665,375,375,24,266,24,1.0,1.687218045112782,1.687218045112782,1.704,34.05298046264707,30.968768587635108,65.02174905028218,0.017026490231323535,0.015484384293817554,0.03251087452514109,0.46545454545454545,128,80,48,147,1,79,77.0,46.5,13,134,13.0,11.0,47,0,0,266,0,2906.402598143232,290.6402598143232,3910.4451667037083,391.04451667037085,139.3290589534547,13.93290589534547,3654.6991702363625,365.46991702363624,3205.0,320.5,9,0.0385,-0.007149999999999998,0.0385,-0.007149999999999998,0.0,0.0,0.0385,0.0065,0.03472909721100942,0.132684016010931,-0.02857084541685834,0.0025574944095512436,0.00030295942178429667,-0.0044054732782134644,-0.005425381691166751,-0.003990000000000011,-0.00043288169116674925,-0.001002499999999996,0.0,0.0,-0.009,0.00015147971089214833,0.017026490231323545,0.015484384293817547,0.0025574944095512436,0.014394364685301331,0.014394364685301331,0.13423325523798793,-0.0015722903669047827,-0.0006365582744641088,0.00040043429332372156,0.02325,-0.00605,-0.014769606550024555,-0.004715186881367117,-0.010054419668657439,0.280321258519377,0.2445610251277685,0.03576023339160851,0.7178290486335754,0.015594542026519775,7386,3238,0,0.7399199634790421,1.3472737993512836,4,8,10624,7386,3238,0.039454390490477206,cuda,42.88232421875
33,74,200,True,1068,1068,408,408,66,594,66,1.0,1.642322097378277,1.642322097378277,1.8014705882352942,62.94630498012916,31.928230833908476,94.87453581403764,0.03147315249006458,0.01596411541695424,0.04743726790701882,0.825,231,127,104,49,0,127,95.66666666666666,43.95189255189257,7,42,7.0,3.8773477028868264,104,0,180,414,0,3714.6673411778943,371.46673411778943,6647.829087162712,664.7829087162712,190.17705282531077,19.017705282531075,4677.57406378838,467.757406378838,5010.0,501.0,3,0.04783333333333333,-0.00385,0.04783333333333333,-0.00385,0.0,0.0,0.04783333333333333,0.0035,0.05466584419274898,0.09976388467920687,-0.06488673095799075,0.003922418701206787,0.0007206134667483976,-0.005322719295794325,-0.008977960702557717,-0.006209999999999964,-0.0007454607025577205,-0.0020224999999999865,0.0,0.0,-0.003,0.0003603067333741987,0.03147315249006457,0.015964115416954222,0.003922418701206787,0.01149778407427553,0.01149778407427553,0.032628180488247616,-0.003599071311570296,-0.002172165618376318,0.0006088561526763652,0.02197594627594629,-0.0021325412365877545,0.004333774156735411,-0.00032795954030007124,0.004661733697035483,0.3263109882628279,0.2848735511302948,0.04143743713253311,0.7608878016471863,0.02172607183456421,7193,3172,0,0.6853389158844948,1.3625258786337717,5,8,10365,7193,3172,0.03835330072764602,cuda,42.44970703125
34,75,200,True,802,802,411,411,14,377,14,1.0,1.4688279301745637,1.4688279301745637,1.4622871046228711,17.59681202091923,20.340555290983268,37.9373673119025,0.008798406010459616,0.010170277645491634,0.018968683655951248,0.5088967971530249,143,65,78,138,1,61,51.10277777777778,23.628888353026284,5,133,5.0,3.0,77,0,1,376,0,2676.2706556459834,267.62706556459835,3222.661559943293,322.2661559943293,150.74354759287863,15.074354759287862,3363.4199273716795,336.34199273716797,3940.0,394.0,10,0.02555138888888889,-0.00275,0.02555138888888889,-0.00275,0.0,0.0,0.02555138888888889,0.0025,0.027190908031557614,0.14499318414537918,-0.036199239057337775,0.003161727293923055,6.57180628043366e-05,-0.005099277908286019,-0.007724206261716738,-0.005639999999999976,-0.00037920626171674565,-0.00170499999999999,0.0,0.0,-0.01,3.28590314021683e-05,0.008798406010459532,0.010170277645491634,0.003161727293923055,0.015409189290737627,0.015409189290737627,0.14311225753937143,-0.002088518629313884,-0.0011953419946336545,0.0003463856014484831,0.011814444176513141,-0.0016500000000000002,0.004333774156735411,-0.00032795954030007124,0.004661733697035483,0.3263109882628279,0.2848735511302948,0.04143743713253311,0.7608878016471863,0.02172607183456421,7193,3172,0,0.6853389158844948,1.3625258786337717,5,8,10365,7193,3172,0.03835330072764602,cuda,42.44970703125
35,76,200,True,855,855,408,408,28,419,28,1.0,1.5298245614035089,1.5298245614035089,1.5318627450980393,35.12411893598162,24.213607359489252,59.33772629547087,0.01756205946799081,0.012106803679744626,0.029668863147735435,0.4946236559139785,138,93,45,141,0,91,80.76468253968254,36.82152946468736,14,127,14.0,8.0,45,0,34,385,0,2942.7180597001197,294.271805970012,3890.6825520782227,389.0682552078223,178.18302692632568,17.818302692632567,3704.256294848759,370.4256294848759,4135.0,413.5,9,0.04038234126984127,-0.007699999999999999,0.04038234126984127,-0.007699999999999999,0.0,0.0,0.04038234126984127,0.007,0.03935045999271381,0.11854192674083709,-0.04482918766349939,0.0030964610802992542,0.0003000884349321497,-0.00559972158249264,-0.008064902750846722,-0.005774999999999973,-0.0004824027508467331,-0.0018074999999999886,0.0,0.0,-0.009,0.00015004421746607488,0.017562059467990804,0.01210680367974463,0.0030964610802992542,0.013015790645770268,0.013015790645770268,0.10575825576101915,-0.002000020981636861,-0.002117588639992579,0.00039561392410540836,0.01841076473234368,-0.0044,0.004333774156735411,-0.00032795954030007124,0.004661733697035483,0.3263109882628279,0.2848735511302948,0.04143743713253311,0.7608878016471863,0.02172607183456421,7193,3172,0,0.6853389158844948,1.3625258786337717,5,8,10365,7193,3172,0.03835330072764602,cuda,42.44970703125
36,77,200,True,1021,1021,430,430,113,478,113,1.0,1.7169441723800196,1.7169441723800196,1.4930232558139536,71.68364972461333,23.942381622964717,95.62603134757805,0.035841824862306665,0.011971190811482358,0.047813015673789025,0.7597173144876325,215,136,79,68,0,131,98.61904761904759,33.659473859473856,2,66,2.0,2.0,79,0,56,422,0,3970.669675594665,397.0669675594665,7790.441715435731,779.044171543573,234.7414113808677,23.47414113808677,5000.272764894802,500.0272764894802,4540.0,454.0,2,0.049309523809523796,-0.0011,0.049309523809523796,-0.0011,0.0,0.0,0.049309523809523796,0.001,0.05622398844797159,0.09831986600161069,-0.0586000852451307,0.0028293992766194242,0.001080701720614535,-0.006506343346557807,-0.008855072888361666,-0.006329999999999961,-0.0005925728883616606,-0.0019324999999999854,0.0,0.0,-0.002,0.0005403508603072676,0.03584182486230659,0.011971190811482346,0.0028293992766194242,0.010967927700804823,0.010967927700804823,0.04926224609639398,-0.0036266296065593545,-0.0029688015675884273,0.0005243476602634165,0.016829736929736928,-0.0011,0.004333774156735411,-0.00032795954030007124,0.004661733697035483,0.3263109882628279,0.2848735511302948,0.04143743713253311,0.7608878016471863,0.02172607183456421,7193,3172,0,0.6853389158844948,1.3625258786337717,5,8,10365,7193,3172,0.03835330072764602,cuda,42.44970703125
37,78,200,True,838,838,389,389,39,410,39,1.0,1.6420047732696896,1.6420047732696896,1.6632390745501284,55.26197904537516,31.859164339807812,87.12114338518298,0.027630989522687582,0.015929582169903905,0.04356057169259149,0.7338129496402878,204,110,94,74,0,109,97.33333333333331,45.415018315018315,10,64,10.0,7.0,93,0,41,369,0,3221.4553899904504,322.145538999045,4886.854850653789,488.6854850653789,170.85855932376097,17.0858559323761,4056.6296891388256,405.66296891388254,3995.0,399.5,7,0.04866666666666666,-0.0055000000000000005,0.04866666666666666,-0.0055000000000000005,0.0,0.0,0.04866666666666666,0.005000000000000001,0.0469022364347476,0.12030527913015075,-0.06219321555909986,0.003301474213181573,0.00036583185659754295,-0.00505999153667129,-0.007933085719564126,-0.005534999999999978,-0.0006405857195641359,-0.0017574999999999895,0.0,0.0,-0.007,0.00018291592829877145,0.027630989522687582,0.01592958216990391,0.003301474213181573,0.013400686078871677,0.013400686078871677,0.07105280094658109,-0.0031360032142076226,-0.00136036433408618,0.0005067870248415068,0.02270750915750916,-0.00385,0.004333774156735411,-0.00032795954030007124,0.004661733697035483,0.3263109882628279,0.2848735511302948,0.04143743713253311,0.7608878016471863,0.02172607183456421,7193,3172,0,0.6853389158844948,1.3625258786337717,5,8,10365,7193,3172,0.03835330072764602,cuda,42.44970703125
38,79,200,True,669,669,285,285,47,337,47,1.0,1.8804185351270553,1.8804185351270553,2.0140350877192983,54.843003797504124,37.01953911035483,91.86254290785895,0.027421501898752063,0.018509769555177413,0.04593127145392947,0.5340501792114696,149,115,34,130,0,114,94.80714285714285,53.077995965387274,7,123,7.0,6.0,33,0,30,307,0,3526.4838766651264,352.64838766651263,5167.952010677314,516.7952010677315,137.99957222917868,13.799957222917868,4440.361264176984,444.0361264176984,3110.0,311.0,8,0.04740357142857143,-0.0038499999999999997,0.04740357142857143,-0.0038499999999999997,0.0,0.0,0.04740357142857143,0.0035,0.04923503288457623,0.08899130925531969,-0.038729569713042686,0.0018402486541307678,0.00036578643886697916,-0.0036594358516753435,-0.006362351156979077,-0.004604999999999998,-0.00041235115697908276,-0.0013449999999999927,0.0,0.0,-0.008,0.0001828932194334896,0.027421501898752053,0.018509769555177424,0.0018402486541307678,0.010060884130875894,0.010060884130875894,0.09479471996629531,-0.0016133437694803915,-0.002306268891222152,0.00034110883928625347,0.026538997982693636,-0.0033,0.004333774156735411,-0.00032795954030007124,0.004661733697035483,0.3263109882628279,0.2848735511302948,0.04143743713253311,0.7608878016471863,0.02172607183456421,7193,3172,0,0.6853389158844948,1.3625258786337717,5,8,10365,7193,3172,0.03835330072764602,cuda,42.44970703125
39,80,200,True,1057,1057,449,449,86,522,85,0.9883720930232558,1.5052034058656576,1.5052034058656576,1.5434298440979954,45.85668611228306,30.207127745147634,76.06381385743069,0.02292834305614153,0.015103563872573817,0.038031906928715345,0.6783216783216783,194,110,84,92,0,110,82.41944444444447,40.878720926700474,8,84,8.0,4.619120960087583,83,0,55,467,0,3044.991591465891,304.4991591465891,4826.230740922655,482.6230740922655,198.41776264939077,19.841776264939078,3835.7504843792076,383.57504843792077,4860.0,486.0,6,0.04120972222222223,-0.004399999999999999,0.04120972222222223,-0.004399999999999999,0.0,0.0,0.04120972222222223,0.004,0.046914306996523415,0.136477864900964,-0.07491880822187243,0.0034919462124330934,0.00036753465520684883,-0.006024176885019803,-0.009988616623316349,-0.007004999999999947,-0.0008211166233163539,-0.0021624999999999847,0.0,-2.5e-05,-0.006,0.00018376732760342441,0.02292834305614149,0.015103563872573824,0.0034919462124330934,0.015019894234160867,0.015019894234160867,0.06254426969306937,-0.0024390678282385113,-0.0033308720489465806,0.0005726063771178994,0.020439360463350237,-0.0025405165280481716,0.004333774156735411,-0.00032795954030007124,0.004661733697035483,0.3263109882628279,0.2848735511302948,0.04143743713253311,0.7608878016471863,0.02172607183456421,7193,3172,0,0.6853389158844948,1.3625258786337717,5,8,10365,7193,3172,0.03835330072764602,cuda,42.44970703125
40,81,200,True,883,883,392,392,13,478,13,1.0,1.4507361268403172,1.4507361268403172,1.5561224489795917,39.603680839595036,31.22596988327956,70.82965072287459,0.019801840419797517,0.01561298494163978,0.035414825361437294,0.5770609318996416,161,79,82,118,0,74,71.41666666666667,37.554700854700855,2,116,2.0,1.0,81,0,51,427,0,2672.103955856013,267.2103955856013,3631.908289072952,363.1908289072952,143.3092065097085,14.33092065097085,3362.562842365586,336.2562842365586,4350.0,435.0,8,0.035708333333333335,-0.0011,0.035708333333333335,-0.0011,0.0,0.0,0.035708333333333335,0.001,0.031926038146553565,0.13141818174112377,-0.038565463480858375,0.001664337418561402,0.0005048469942072127,-0.0046642682533767745,-0.009080971966635404,-0.006404999999999959,-0.0005734719666354125,-0.002102499999999986,0.0,0.0,-0.008,0.0002524234971036065,0.019801840419797493,0.015612984941639773,0.001664337418561402,0.01416012896120283,0.01416012896120283,0.12347417076623793,-0.0028557120774529033,-0.0005345975644267257,0.00039472324677167854,0.018777350427350428,-0.00055,0.004333774156735411,-0.00032795954030007124,0.004661733697035483,0.3263109882628279,0.2848735511302948,0.04143743713253311,0.7608878016471863,0.02172607183456421,7193,3172,0,0.6853389158844948,1.3625258786337717,5,8,10365,7193,3172,0.03835330072764602,cuda,42.44970703125
41,82,200,True,1033,1033,477,477,145,411,144,0.993103448275862,1.7783155856727977,1.7783155856727977,1.750524109014675,70.15018987696405,28.879545253320273,99.02973513028432,0.03507509493848202,0.014439772626660137,0.04951486756514216,0.8687943262411347,245,149,96,37,0,144,95.23571428571427,42.196275946275954,3,34,3.0,2.0,95,0,80,331,0,4358.130808452876,435.81308084528763,8892.858521885755,889.2858521885755,289.3659796479679,28.93659796479679,5489.455302415195,548.9455302415195,4445.0,444.5,1,0.047617857142857135,-0.0016500000000000002,0.047617857142857135,-0.0016500000000000002,0.0,0.0,0.047617857142857135,0.0015,0.06151632615698777,0.08791501056683503,-0.05796356737176128,0.003406011227480064,0.0006982611097515212,-0.008060199706590115,-0.006892744927330087,-0.00496499999999999,-0.0005777449273300922,-0.001349999999999992,0.0,-2.5e-05,-0.001,0.0003491305548757606,0.03507509493848197,0.014439772626660144,0.003406011227480064,0.010438521151165305,0.010438521151165305,0.01584313048484769,-0.0035105267389771533,-0.004509129345851438,0.0007511382739329088,0.021098137973137976,-0.0011,-0.010572209664886551,-0.005202040611766279,-0.005370169053120272,0.3147365774959326,0.2741903502494097,0.0405462272465229,0.7894468307495117,0.03277093172073364,7473,3567,0,0.6599296137690545,1.2179202386311123,6,8,11040,7473,3567,0.04856886122953451,cuda,44.89892578125
42,83,200,True,854,854,402,402,68,384,68,1.0,1.7166276346604215,1.7166276346604215,1.6840796019900497,59.04830669304758,35.886659460477404,94.93496615352498,0.02952415334652379,0.0179433297302387,0.04746748307676249,0.7173144876325088,203,125,78,80,0,118,92.61428571428571,45.17571428571429,4,76,4.0,1.0,78,0,72,312,0,3773.1451000123593,377.31451000123593,6164.7621687058445,616.4762168705845,187.04654110564002,18.704654110564,4752.0464453397135,475.20464453397136,3930.0,393.0,6,0.046307142857142866,-0.0022,0.046307142857142866,-0.0022,0.0,0.0,0.046307142857142866,0.002,0.050602255777609934,0.12021977032238297,-0.06897920160443048,0.0034939031153724716,0.0003989744191452887,-0.005227153197165757,-0.006298525369879542,-0.004679999999999996,-0.0003510253698795418,-0.0012674999999999928,0.0,0.0,-0.006,0.0001994872095726444,0.029524153346523755,0.0179433297302387,0.0034939031153724716,0.013427168590952407,0.013427168590952407,0.051399933253372845,-0.0026854936070879166,-0.003348677409687804,0.0004932846260638537,0.022587857142857146,-0.00055,-0.010572209664886551,-0.005202040611766279,-0.005370169053120272,0.3147365774959326,0.2741903502494097,0.0405462272465229,0.7894468307495117,0.03277093172073364,7473,3567,0,0.6599296137690545,1.2179202386311123,6,8,11040,7473,3567,0.04856886122953451,cuda,44.89892578125
43,84,200,True,865,865,404,404,69,392,68,0.9855072463768116,1.7526011560693642,1.7526011560693642,1.8415841584158417,64.4755870592515,36.98687520297261,101.46246226222411,0.03223779352962575,0.018493437601486307,0.05073123113111205,0.7463768115942029,206,127,79,70,0,125,101.58333333333333,54.459157509157514,8,62,8.0,7.0,77,0,112,280,0,3731.0466909863253,373.10466909863254,6196.931573345448,619.6931573345448,195.89144744426895,19.589144744426896,4699.5140987439445,469.95140987439447,3985.0,398.5,5,0.05079166666666667,-0.004399999999999999,0.05079166666666667,-0.004399999999999999,0.0,0.0,0.05079166666666667,0.004,0.05383639381051501,0.11382487613007522,-0.07332979787290284,0.002428075407688842,0.00038674570273819855,-0.005362410809746188,-0.005846083298537632,-0.004200000000000007,-0.0004885832985376345,-0.0011574999999999951,0.0,-2.5e-05,-0.005,0.00019337285136909925,0.03223779352962568,0.0184934376014863,0.002428075407688842,0.012977568039795247,0.012977568039795247,0.04184100418202898,-0.003423592310538341,-0.0027846261849906323,0.0006015200231542203,0.027229578754578758,-0.0038499999999999997,-0.010572209664886551,-0.005202040611766279,-0.005370169053120272,0.3147365774959326,0.2741903502494097,0.0405462272465229,0.7894468307495117,0.03277093172073364,7473,3567,0,0.6599296137690545,1.2179202386311123,6,8,11040,7473,3567,0.04856886122953451,cuda,44.89892578125
44,85,200,True,915,915,411,411,147,357,146,0.9931972789115646,1.7868852459016393,1.7868852459016393,1.8223844282238444,59.114047139196224,28.276530125090254,87.39057726428648,0.029557023569598113,0.014138265062545128,0.04369528863214324,0.8064516129032258,225,135,90,54,0,134,86.05476190476192,41.2807173493861,4,50,4.0,4.0,88,0,83,274,0,3813.432721692705,381.3432721692705,7197.091866378318,719.7091866378317,222.4342120306948,22.24342120306948,4804.126654385556,480.4126654385556,3845.0,384.5,3,0.04302738095238097,-0.0022,0.04302738095238097,-0.0022,0.0,0.0,0.04302738095238097,0.002,0.05755822376108295,0.10571340196134296,-0.09154434875325976,0.003900694934068498,0.0006178959949273454,-0.005829098848135798,-0.005626614671650894,-0.004110000000000009,-0.0004966146716508997,-0.001019999999999995,0.0,-2.5e-05,-0.003,0.0003089479974636727,0.02955702356959812,0.014138265062545122,0.003900694934068498,0.012186937624039008,0.012186937624039008,0.01796766889678436,-0.003510991658078001,-0.005515557825792301,0.0006574687227994155,0.02064035867469306,-0.0022,-0.010572209664886551,-0.005202040611766279,-0.005370169053120272,0.3147365774959326,0.2741903502494097,0.0405462272465229,0.7894468307495117,0.03277093172073364,7473,3567,0,0.6599296137690545,1.2179202386311123,6,8,11040,7473,3567,0.04856886122953451,cuda,44.89892578125
45,86,200,True,964,964,510,510,64,390,64,1.0,1.7188796680497926,1.7188796680497926,1.807843137254902,73.7335147541859,46.66499906223236,120.39851381641827,0.036866757377092954,0.023332499531116182,0.06019925690820914,0.8072727272727273,222,139,83,53,0,133,106.77142857142856,62.783655386008355,4,49,4.0,1.0,83,0,29,361,0,3976.3854977066508,397.63854977066507,7374.159231868775,737.4159231868775,233.22071984076737,23.322071984076736,5010.016367183891,501.0016367183891,4500.0,450.0,4,0.05338571428571428,-0.0022,0.05338571428571428,-0.0022,0.0,0.0,0.05338571428571428,0.002,0.05723223478537918,0.12373126375101524,-0.09784254104497103,0.002191411010389881,0.0009582335688458332,-0.006878715525881515,-0.007557690643148768,-0.005414999999999981,-0.0006651906431487771,-0.0014774999999999899,0.0,0.0,-0.004,0.00047911678442291673,0.036866757377092954,0.023332499531116192,0.002191411010389881,0.014496522284217403,0.014496522284217403,0.022433009191094366,-0.005201171762009759,-0.003803530961263761,0.0007530364636417485,0.03139182769300418,-0.00055,-0.010572209664886551,-0.005202040611766279,-0.005370169053120272,0.3147365774959326,0.2741903502494097,0.0405462272465229,0.7894468307495117,0.03277093172073364,7473,3567,0,0.6599296137690545,1.2179202386311123,6,8,11040,7473,3567,0.04856886122953451,cuda,44.89892578125
46,87,200,True,834,834,445,445,20,369,20,1.0,1.6079136690647482,1.6079136690647482,1.5820224719101124,39.954067319758764,27.592476090159906,67.54654340991867,0.019977033659879382,0.013796238045079953,0.033773271704959335,0.6762589928057554,188,98,90,90,0,97,83.17619047619048,38.23861179670003,11,79,11.0,6.500171016860666,90,0,1,368,0,3080.639883724545,308.0639883724545,4335.725952816373,433.5725952816373,181.6005388123961,18.160053881239612,3878.2281816978366,387.82281816978366,4070.0,407.0,9,0.04158809523809525,-0.006049999999999999,0.04158809523809525,-0.006049999999999999,0.0,0.0,0.04158809523809525,0.0055,0.04216620433428735,0.13720534976188614,-0.0558838570436948,0.003116562401802178,0.0003634294654595091,-0.005865031765635877,-0.007702699105038875,-0.005519999999999978,-0.0005026991050388835,-0.001679999999999989,0.0,0.0,-0.009,0.0001817147327297546,0.01997703365987939,0.01379623804507996,0.003116562401802178,0.015048254674793872,0.015048254674793872,0.09589491199545035,-0.0028530212795114277,-0.0008944473683588897,0.0005269127884060862,0.019119305898350016,-0.0035750940592733657,-0.010572209664886551,-0.005202040611766279,-0.005370169053120272,0.3147365774959326,0.2741903502494097,0.0405462272465229,0.7894468307495117,0.03277093172073364,7473,3567,0,0.6599296137690545,1.2179202386311123,6,8,11040,7473,3567,0.04856886122953451,cuda,44.89892578125
47,88,200,True,906,906,429,429,76,401,76,1.0,1.7891832229580573,1.7891832229580573,1.7435897435897436,71.6183735271798,41.09653947925886,112.71491300643865,0.0358091867635899,0.020548269739629428,0.05635745650321933,0.7464788732394366,212,131,81,72,0,128,105.91666666666666,55.91886446886447,6,66,6.0,4.0,81,0,88,313,0,3943.707392832272,394.3707392832272,7269.1250167097605,726.9125016709761,213.00555088167366,21.300555088167364,4966.971021782372,496.69710217823723,4150.0,415.0,4,0.052958333333333336,-0.0033,0.052958333333333336,-0.0033,0.0,0.0,0.052958333333333336,0.003,0.05519841839541408,0.11569174835114328,-0.054814369179425664,0.003008936602585983,0.0009569410660937199,-0.005932650786628891,-0.0064592624468943,-0.004694999999999996,-0.0004492624468943019,-0.0013149999999999933,0.0,0.0,-0.004,0.0004784705330468599,0.03580918676358991,0.020548269739629445,0.003008936602585983,0.013093484348310801,0.013093484348310801,0.05953757556713057,-0.0031569795759927364,-0.002098008333054184,0.00047951026627626644,0.027959432234432233,-0.0022,-0.010572209664886551,-0.005202040611766279,-0.005370169053120272,0.3147365774959326,0.2741903502494097,0.0405462272465229,0.7894468307495117,0.03277093172073364,7473,3567,0,0.6599296137690545,1.2179202386311123,6,8,11040,7473,3567,0.04856886122953451,cuda,44.89892578125
48,89,200,True,1102,1102,489,489,110,503,108,0.9818181818181818,1.676950998185118,1.676950998185118,1.5848670756646217,66.94185674423682,26.68221188521977,93.62406862945659,0.03347092837211841,0.013341105942609885,0.046812034314728294,0.7964912280701755,227,145,82,58,0,140,92.42619047619046,38.226506826506835,5,53,5.0,1.599450941730157,82,0,180,323,0,4024.8446455079443,402.4844645507944,8084.4187616467825,808.4418761646782,266.1719907015536,26.617199070155362,5072.713792146913,507.2713792146913,4970.0,497.0,1,0.046213095238095206,-0.00275,0.046213095238095206,-0.00275,0.0,0.0,0.046213095238095206,0.0025,0.05993621460782415,0.11971284885454468,-0.09773681311243347,0.00257554030776086,0.0014790471463181306,-0.007433851986096188,-0.0066756676848925035,-0.0048449999999999925,-0.0005281676848925069,-0.0013024999999999931,0.0,-5e-05,-0.001,0.0007395235731590651,0.03347092837211834,0.013341105942609871,0.00257554030776086,0.013414158133709672,0.013414158133709672,0.033366563732532856,-0.005273926407330208,-0.0046181624635101386,0.0006803107273082345,0.01911325341325342,-0.0008796980179515866,-0.010572209664886551,-0.005202040611766279,-0.005370169053120272,0.3147365774959326,0.2741903502494097,0.0405462272465229,0.7894468307495117,0.03277093172073364,7473,3567,0,0.6599296137690545,1.2179202386311123,6,8,11040,7473,3567,0.04856886122953451,cuda,44.89892578125
49,90,200,True,925,925,388,388,53,484,53,1.0,1.7081081081081082,1.7081081081081082,1.7139175257731958,59.159497920862414,28.97257003386898,88.1320679547314,0.029579748960431206,0.01448628501693449,0.0440660339773657,0.703971119133574,195,122,73,82,0,117,93.33333333333333,36.971855921855926,8,74,8.0,2.0,73,0,89,395,0,3802.4616857351903,380.246168573519,6900.654183292374,690.0654183292374,191.28580548483882,19.128580548483882,4786.995109764552,478.69951097645514,4360.0,436.0,4,0.04666666666666667,-0.004399999999999999,0.04666666666666667,-0.004399999999999999,0.0,0.0,0.04666666666666667,0.004,0.05031456708641178,0.10250099689699524,-0.05276791891616414,0.0036075927091220455,0.0010976814835303734,-0.005563978346641471,-0.00842936855982284,-0.005924999999999969,-0.0005493685598228409,-0.0019549999999999884,0.0,0.0,-0.004,0.0005488407417651867,0.02957974896043119,0.014486285016934483,0.0036075927091220455,0.011332755998692837,0.011332755998692837,0.062033306458187325,-0.0021623935347642527,-0.0014266206414550737,0.0005172429864862977,0.01848592796092797,-0.0011,-0.002953243205722954,-0.0015757262939587236,-0.00137751691176423,0.29579313035522187,0.25629617311060426,0.039496957244617596,0.7978246212005615,0.029040515422821045,7338,3269,0,0.6269947543740273,1.1915731293814522,7,8,10607,7338,3269,0.043126719487196825,cuda,43.90966796875
50,91,200,True,974,974,427,427,62,485,62,1.0,1.757700205338809,1.757700205338809,1.7634660421545667,67.87281992513945,34.679979058816556,102.55279898395601,0.033936409962569726,0.017339989529408278,0.05127639949197801,0.8111111111111111,219,139,80,51,0,138,98.02857142857141,48.77131844763424,4,47,4.0,3.5195654583458067,80,0,114,371,0,3897.7337268474002,389.77337268474,7424.720409355039,742.4720409355039,214.46502285867507,21.446502285867506,4912.760626518516,491.2760626518516,4560.0,456.0,3,0.049014285714285705,-0.0022,0.049014285714285705,-0.0022,0.0,0.0,0.049014285714285705,0.002,0.059002626145650224,0.1002487697252114,-0.06744890115918598,0.002328173514227034,0.0006951442539736078,-0.006036625302377142,-0.00795149309416561,-0.005564999999999977,-0.0007114930941656096,-0.0016749999999999883,0.0,0.0,-0.003,0.000347572126986804,0.033936409962569684,0.01733998952940827,0.002328173514227034,0.011710118850237199,0.011710118850237199,0.03488186243252971,-0.003358463631601209,-0.002632939978033542,0.0006385394149373306,0.024385659223817125,-0.001935761002090194,-0.002953243205722954,-0.0015757262939587236,-0.00137751691176423,0.29579313035522187,0.25629617311060426,0.039496957244617596,0.7978246212005615,0.029040515422821045,7338,3269,0,0.6269947543740273,1.1915731293814522,7,8,10607,7338,3269,0.043126719487196825,cuda,43.90966796875
51,92,200,True,923,923,417,417,65,441,65,1.0,1.694474539544962,1.694474539544962,1.7050359712230216,57.95242557093172,30.29177614644043,88.24420171737215,0.02897621278546586,0.015145888073220214,0.04412210085868608,0.7411347517730497,209,124,85,73,0,120,87.37857142857139,40.75431692490517,4,69,4.0,2.0,84,0,104,337,0,3700.9091543029126,370.09091543029126,6755.416219223461,675.541621922346,207.10567666593573,20.710567666593573,4660.1476915663,466.01476915663,4290.0,429.0,4,0.043689285714285694,-0.0022,0.043689285714285694,-0.0022,0.0,0.0,0.043689285714285694,0.002,0.051600387901709795,0.10632870258920933,-0.07832568870169475,0.0021773968725710725,0.000616799370818563,-0.00599474899867554,-0.00732175147494196,-0.005054999999999988,-0.0007267514749419667,-0.0015399999999999908,0.0,0.0,-0.004,0.0003083996854092816,0.028976212785465826,0.015145888073220206,0.0021773968725710725,0.012121729955519429,0.012121729955519429,0.034610051717995235,-0.002621291522307452,-0.0029310094015843648,0.0007036741180820357,0.020377158462452586,-0.0011,-0.002953243205722954,-0.0015757262939587236,-0.00137751691176423,0.29579313035522187,0.25629617311060426,0.039496957244617596,0.7978246212005615,0.029040515422821045,7338,3269,0,0.6269947543740273,1.1915731293814522,7,8,10607,7338,3269,0.043126719487196825,cuda,43.90966796875
52,93,200,True,792,792,388,388,15,389,15,1.0,1.6363636363636365,1.6363636363636365,1.768041237113402,41.78452066427775,35.95997604331161,77.74449670758936,0.020892260332138875,0.017979988021655808,0.03887224835379468,0.5800711743772242,163,91,72,118,0,90,79.83333333333334,46.211721611721615,6,112,6.0,2.0,71,0,29,360,0,3133.046828043151,313.3046828043151,4389.890842611952,438.9890842611952,154.15546362905997,15.415546362905996,3941.4433874309925,394.14433874309924,3885.0,388.5,9,0.03991666666666667,-0.0033,0.03991666666666667,-0.0033,0.0,0.0,0.03991666666666667,0.003,0.03946579161820747,0.1201694034460914,-0.05469811958120015,0.0012773516703383277,0.00046388710967393536,-0.004891904190864181,-0.0076262498271200945,-0.005399999999999981,-0.000433749827120102,-0.0017924999999999914,0.0,0.0,-0.009,0.00023194355483696776,0.020892260332138878,0.017979988021655808,0.0012773516703383277,0.013199948384798679,0.013199948384798679,0.1104051896742973,-0.0027029271345862904,-0.0009800990606457188,0.00046116704696296483,0.023105860805860808,-0.0011,-0.002953243205722954,-0.0015757262939587236,-0.00137751691176423,0.29579313035522187,0.25629617311060426,0.039496957244617596,0.7978246212005615,0.029040515422821045,7338,3269,0,0.6269947543740273,1.1915731293814522,7,8,10607,7338,3269,0.043126719487196825,cuda,43.90966796875
53,94,200,True,1062,1062,439,439,108,515,106,0.9814814814814815,1.7674199623352165,1.7674199623352165,1.7266514806378133,69.19649636265144,26.83634848313719,96.03284484578863,0.03459824818132572,0.013418174241568595,0.04801642242289431,0.8369565217391305,231,148,83,45,0,146,95.33333333333333,38.108706979295214,4,41,4.0,1.0,81,0,194,321,0,4243.588209076784,424.35882090767836,8642.668622530126,864.2668622530125,265.115032924673,26.511503292467303,5342.345447749033,534.2345447749033,4780.0,478.0,1,0.047666666666666656,-0.0022,0.047666666666666656,-0.0022,0.0,0.0,0.047666666666666656,0.002,0.06275402921749047,0.093235328690204,-0.08484874690896796,0.0036013389573272105,0.0006066878990767634,-0.007264157577020284,-0.006881174936624148,-0.004814999999999993,-0.0006836749366241542,-0.0013824999999999916,0.0,-5e-05,-0.001,0.00030334394953838165,0.03459824818132566,0.013418174241568593,0.0036013389573272105,0.010787759923470431,0.010787759923470431,0.017719242653709496,-0.004712637547433041,-0.0042526672590127825,0.0006890294288941464,0.01905435348964761,-0.00055,-0.002953243205722954,-0.0015757262939587236,-0.00137751691176423,0.29579313035522187,0.25629617311060426,0.039496957244617596,0.7978246212005615,0.029040515422821045,7338,3269,0,0.6269947543740273,1.1915731293814522,7,8,10607,7338,3269,0.043126719487196825,cuda,43.90966796875
54,95,200,True,1002,1002,423,423,74,505,74,1.0,1.6796407185628743,1.6796407185628743,1.7210401891252955,57.62714454196178,25.80201583718239,83.42916037914418,0.028813572270980893,0.012901007918591193,0.04171458018957209,0.7874564459930313,226,125,101,61,0,123,87.26904761904761,35.764153624153636,6,55,6.0,3.309192235290716,99,0,123,382,0,3664.685314078068,366.46853140780684,6943.650726621249,694.3650726621249,213.21571349991478,21.32157134999148,4615.03096382017,461.50309638201696,4640.0,464.0,3,0.043634523809523804,-0.0033,0.043634523809523804,-0.0033,0.0,0.0,0.043634523809523804,0.003,0.05278764660135527,0.1149440465777555,-0.07065112307360326,0.0027467348254264293,0.0008972638466302157,-0.0061928357481794245,-0.008131101175321563,-0.005729999999999974,-0.0006236011753215679,-0.0017774999999999894,0.0,0.0,-0.003,0.00044863192331510786,0.028813572270980883,0.012901007918591188,0.0027467348254264293,0.012958086322184837,0.012958086322184837,0.0461553549576479,-0.003056645490942822,-0.0030373714821249824,0.0006177076755553314,0.01788207681207682,-0.0018200557294098941,-0.002953243205722954,-0.0015757262939587236,-0.00137751691176423,0.29579313035522187,0.25629617311060426,0.039496957244617596,0.7978246212005615,0.029040515422821045,7338,3269,0,0.6269947543740273,1.1915731293814522,7,8,10607,7338,3269,0.043126719487196825,cuda,43.90966796875
55,96,200,True,813,813,382,382,8,423,8,1.0,1.5227552275522755,1.5227552275522755,1.5654450261780104,36.85238513082643,30.70913973728192,67.56152486810835,0.018426192565413214,0.01535456986864096,0.03378076243405417,0.5300353356890459,150,84,66,133,0,82,76.80952380952382,41.41025641025641,8,125,8.0,6.0,66,0,22,401,0,2816.56690283002,281.656690283002,3496.583979421552,349.6583979421552,135.40611643143336,13.540611643143336,3541.7926664361603,354.179266643616,4025.0,402.5,9,0.038404761904761914,-0.004399999999999999,0.038404761904761914,-0.004399999999999999,0.0,0.0,0.038404761904761914,0.004,0.0354379170976164,0.13391845241680495,-0.042832945087865,0.0019023904445490424,0.00016325040581206614,-0.0044154852919011675,-0.008698369788713344,-0.006014999999999967,-0.00047586978871334894,-0.002207499999999987,0.0,0.0,-0.009,8.162520290603306e-05,0.018426192565413235,0.01535456986864097,0.0019023904445490424,0.014633114817817693,0.014633114817817693,0.1243163898418841,-0.002715746758829062,-0.00020137835245726937,0.00040215898220170404,0.020705128205128206,-0.0033,-0.002953243205722954,-0.0015757262939587236,-0.00137751691176423,0.29579313035522187,0.25629617311060426,0.039496957244617596,0.7978246212005615,0.029040515422821045,7338,3269,0,0.6269947543740273,1.1915731293814522,7,8,10607,7338,3269,0.043126719487196825,cuda,43.90966796875
56,97,200,True,847,847,405,405,34,408,34,1.0,1.7083825265643446,1.7083825265643446,1.708641975308642,54.61292434393011,31.717491994528988,86.3304163384591,0.027306462171965057,0.015858745997264494,0.04316520816922955,0.7437722419928826,209,119,90,72,0,117,90.50714285714287,44.09408581098983,7,65,7.0,4.0,89,0,105,303,0,3533.759041448515,353.37590414485146,5720.771287165993,572.0771287165993,175.9424174145443,17.594241741454432,4450.062616129878,445.00626161298777,4065.0,406.5,6,0.04525357142857143,-0.0038499999999999997,0.04525357142857143,-0.0038499999999999997,0.0,0.0,0.04525357142857143,0.0035,0.05027138333663592,0.1112996281495503,-0.07050915288091664,0.0018998083778545742,0.0002629622212799585,-0.005140695459191426,-0.006379408600066684,-0.004544999999999999,-0.0005494086000666864,-0.001284999999999993,0.0,0.0,-0.006,0.00013148111063997924,0.027306462171965015,0.015858745997264508,0.0018998083778545742,0.012549307983820378,0.012549307983820378,0.03939071701627272,-0.002072221813971175,-0.00334234381593911,0.000640028192406342,0.022047042905494914,-0.0022,-0.002953243205722954,-0.0015757262939587236,-0.00137751691176423,0.29579313035522187,0.25629617311060426,0.039496957244617596,0.7978246212005615,0.029040515422821045,7338,3269,0,0.6269947543740273,1.1915731293814522,7,8,10607,7338,3269,0.043126719487196825,cuda,43.90966796875
57,98,200,True,899,899,389,389,43,467,43,1.0,1.6629588431590656,1.6629588431590656,1.7840616966580978,58.656054731973555,30.60422413153756,89.26027886351112,0.02932802736598678,0.01530211206576878,0.04463013943175556,0.7841726618705036,218,116,102,60,0,111,94.33333333333333,41.327783327783344,5,55,5.0,3.841523628610318,102,0,50,417,0,3562.59403885743,356.259403885743,5965.619071220018,596.5619071220018,175.404646333481,17.5404646333481,4485.8784932101535,448.58784932101537,4280.0,428.0,6,0.04716666666666667,-0.00275,0.04716666666666667,-0.00275,0.0,0.0,0.04716666666666667,0.0025,0.04792887008503176,0.11368822502081508,-0.06045517593668751,0.0024819831195715186,0.0005847565454466949,-0.005220029370674328,-0.008902325565402004,-0.006254999999999963,-0.00045982556540200947,-0.0021874999999999863,0.0,0.0,-0.006,0.0002923782727233475,0.0293280273659868,0.015302112065768796,0.0024819831195715186,0.012881265471633156,0.012881265471633156,0.0549855003791666,-0.003544006889519776,-0.0010439250724034123,0.0004139043650526018,0.02066389166389167,-0.002112837995735675,-0.007440755306743085,-0.00203136105556041,-0.005409394251182675,0.2915872017387301,0.25997357815504074,0.03161362358368933,0.7819637656211853,0.038271963596343994,7904,3823,0,0.6039624989032746,1.0783601552248,8,8,11727,7904,3823,0.04876767906428285,cuda,46.52880859375
58,99,200,True,1086,1086,422,422,49,615,49,1.0,1.701657458563536,1.701657458563536,1.957345971563981,77.37795665993035,39.05770002231477,116.43565668224511,0.03868897832996517,0.019528850011157384,0.05821782834112255,0.8398576512455516,236,144,92,45,0,142,105.86666666666665,51.31962759462762,3,42,3.0,2.369994258560337,92,0,243,372,0,4127.775019136225,412.7775019136225,8038.616231731771,803.8616231731771,213.4318050050705,21.34318050050705,5197.773541146894,519.7773541146894,5185.0,518.5,2,0.05293333333333333,-0.0016500000000000002,0.05293333333333333,-0.0016500000000000002,0.0,0.0,0.05293333333333333,0.0015,0.06097816127665996,0.11183202517984905,-0.07633876158773928,0.004408351764433522,0.001380330911028596,-0.0061776705077758,-0.007830476511435707,-0.005579999999999977,-0.000585476511435718,-0.0016649999999999898,0.0,0.0,-0.002,0.000690165455514298,0.03868897832996513,0.019528850011157367,0.004408351764433522,0.013047315074985043,0.013047315074985043,0.028130657462133928,-0.003359941932544078,-0.002871605219786016,0.000691207550356861,0.02565981379731381,-0.0013034968422081855,-0.007440755306743085,-0.00203136105556041,-0.005409394251182675,0.2915872017387301,0.25997357815504074,0.03161362358368933,0.7819637656211853,0.038271963596343994,7904,3823,0,0.6039624989032746,1.0783601552248,8,8,11727,7904,3823,0.04876767906428285,cuda,46.52880859375
59,100,200,True,1068,1068,558,558,68,442,68,1.0,1.6844569288389513,1.6844569288389513,1.6756272401433692,72.64426959362369,36.904167682711936,109.54843727633562,0.036322134796811845,0.01845208384135597,0.05477421863816781,0.8656716417910447,232,142,90,36,0,140,101.33333333333333,52.50400612459439,4,32,4.0,3.0,89,0,109,333,0,3839.1161908412428,383.91161908412425,7521.368028628605,752.1368028628606,288.93022033505696,28.893022033505694,4837.376401576859,483.7376401576859,5000.0,500.0,2,0.05066666666666666,-0.0022,0.05066666666666666,-0.0022,0.0,0.0,0.05066666666666666,0.002,0.05970864672390951,0.11529036214572319,-0.09170783982132392,0.004115048239815298,0.0007855217319738609,-0.008665789543131821,-0.007113121993085971,-0.004994999999999989,-0.000625621993085973,-0.0014924999999999912,0.0,0.0,-0.002,0.0003927608659869306,0.03632213479681183,0.018452083841355972,0.004115048239815298,0.013594262335979481,0.013594262335979481,0.018197203394407533,-0.004261333644164437,-0.004779861209966188,0.0008933249805438543,0.026252003062297198,-0.0016500000000000002,-0.007440755306743085,-0.00203136105556041,-0.005409394251182675,0.2915872017387301,0.25997357815504074,0.03161362358368933,0.7819637656211853,0.038271963596343994,7904,3823,0,0.6039624989032746,1.0783601552248,8,8,11727,7904,3823,0.04876767906428285,cuda,46.52880859375
60,101,200,True,1057,1057,568,568,63,426,62,0.9841269841269841,1.6679280983916744,1.6679280983916744,1.454225352112676,68.24815862588149,24.97538443388721,93.2235430597687,0.034124079312940744,0.012487692216943605,0.04661177152988435,0.7587412587412588,217,139,78,69,0,135,98.15238095238092,38.04289987789989,6,63,6.0,3.6227526765692906,78,0,49,377,0,3864.553598503193,386.45535985031927,7732.342913369471,773.2342913369471,283.5151567938933,28.35151567938933,4869.479949523503,486.9479949523503,4975.0,497.5,2,0.049076190476190454,-0.0033,0.049076190476190454,-0.0033,0.0,0.0,0.049076190476190454,0.003,0.05727815200085788,0.11993423513291218,-0.07726905021614275,0.003073220407307284,0.0011126432147270863,-0.008723309652482171,-0.007893437261512412,-0.005654999999999975,-0.0006484372615124087,-0.0015899999999999894,0.0,-2.5e-05,-0.002,0.0005563216073635433,0.03412407931294072,0.012487692216943598,0.003073220407307284,0.01333881236055794,0.01333881236055794,0.04583878376894297,-0.0048864730893594275,-0.0039382890587596675,0.0007274638846364971,0.019021449938949945,-0.0019925139721131096,-0.007440755306743085,-0.00203136105556041,-0.005409394251182675,0.2915872017387301,0.25997357815504074,0.03161362358368933,0.7819637656211853,0.038271963596343994,7904,3823,0,0.6039624989032746,1.0783601552248,8,8,11727,7904,3823,0.04876767906428285,cuda,46.52880859375
61,102,200,True,1080,1080,505,505,92,483,92,1.0,1.749074074074074,1.749074074074074,1.7267326732673267,72.14811580290235,26.339775070977527,98.48789087387988,0.03607405790145118,0.013169887535488764,0.04924394543693994,0.856140350877193,244,153,91,41,0,152,94.14285714285711,34.99875402375404,0,41,0.0,0.0,91,0,161,322,0,4133.725309968309,413.37253099683096,8287.71099417811,828.7710994178109,271.0874268466171,27.108742684661713,5209.497307711212,520.9497307711212,4940.0,494.0,1,0.04707142857142856,0.0,0.04707142857142856,0.0,0.0,0.0,0.04707142857142856,0.0,0.06470023992678878,0.11974245939824943,-0.10377311734809179,0.003131670137009322,0.0007939407406936193,-0.007515157753401639,-0.00670282359906637,-0.004829999999999993,-0.0005553235990663765,-0.0013174999999999912,0.0,0.0,-0.001,0.0003969703703468096,0.036074057901451156,0.013169887535488761,0.003131670137009322,0.01419016711428696,0.01419016711428696,0.010786280036341734,-0.0050167183089958114,-0.004608542082574844,0.0008025469688740528,0.01749937701187702,0.0,-0.007440755306743085,-0.00203136105556041,-0.005409394251182675,0.2915872017387301,0.25997357815504074,0.03161362358368933,0.7819637656211853,0.038271963596343994,7904,3823,0,0.6039624989032746,1.0783601552248,8,8,11727,7904,3823,0.04876767906428285,cuda,46.52880859375
62,103,200,True,868,868,442,442,78,348,78,1.0,1.9158986175115207,1.9158986175115207,1.8981900452488687,55.332452752344906,24.69324962589146,80.02570237823636,0.027666226376172453,0.01234662481294573,0.04001285118911818,0.7770034843205574,223,143,80,64,0,140,81.0547619047619,35.94139003697828,4,60,4.0,2.0,80,0,113,235,0,4339.016489022158,433.90164890221575,8334.777821941967,833.4777821941967,247.5015184811766,24.75015184811766,5463.7675552594,546.37675552594,3950.0,395.0,3,0.04052738095238097,-0.0022,0.04052738095238097,-0.0022,0.0,0.0,0.04052738095238097,0.002,0.06039178233319092,0.09137844698567432,-0.07836933634495857,0.0028547064365837546,0.0005159375318837356,-0.006856772801965818,-0.0049314904570297744,-0.003525000000000007,-0.0004289904570297759,-0.000977499999999995,0.0,0.0,-0.003,0.0002579687659418678,0.027666226376172463,0.01234662481294571,0.0028547064365837546,0.011326755788655642,0.011326755788655642,0.017082168271896847,-0.003820447117950579,-0.0047298281090074785,0.0006632546986589394,0.01797069501848914,-0.0011,-0.007440755306743085,-0.00203136105556041,-0.005409394251182675,0.2915872017387301,0.25997357815504074,0.03161362358368933,0.7819637656211853,0.038271963596343994,7904,3823,0,0.6039624989032746,1.0783601552248,8,8,11727,7904,3823,0.04876767906428285,cuda,46.52880859375
63,104,200,True,948,948,482,482,55,411,55,1.0,1.6877637130801688,1.6877637130801688,1.66597510373444,60.188504544426976,33.58655882424457,93.77506336867154,0.03009425227221349,0.016793279412122285,0.04688753168433577,0.6702127659574468,189,125,64,93,0,121,93.1714035964036,49.53607450532766,7,86,7.0,5.0,62,0,47,364,0,3713.936887159717,371.39368871597173,6792.052518797907,679.2052518797907,227.96741565391187,22.796741565391187,4676.079994226293,467.6079994226293,4465.0,446.5,4,0.046585701798201797,-0.00385,0.046585701798201797,-0.00385,0.0,0.0,0.046585701798201797,0.0035,0.05183255176053906,0.1136579382919017,-0.06815992452741214,0.002657040955444878,0.0010214876029567002,-0.006815666499325391,-0.007591883755510551,-0.00545999999999998,-0.00045688375551055196,-0.0016749999999999899,0.0,0.0,-0.004,0.0005107438014783502,0.030094252272213462,0.016793279412122282,0.002657040955444878,0.012983330585368864,0.012983330585368864,0.05410216859415145,-0.00417908943710703,-0.003526609713883702,0.0005666189163790453,0.02476803725266383,-0.0027500000000000003,-0.007440755306743085,-0.00203136105556041,-0.005409394251182675,0.2915872017387301,0.25997357815504074,0.03161362358368933,0.7819637656211853,0.038271963596343994,7904,3823,0,0.6039624989032746,1.0783601552248,8,8,11727,7904,3823,0.04876767906428285,cuda,46.52880859375
64,105,200,True,898,898,457,457,39,402,39,1.0,1.6180400890868596,1.6180400890868596,1.6805251641137855,58.14234395703238,41.38394856884489,99.52629252587727,0.02907117197851619,0.020691974284422446,0.04976314626293863,0.7183098591549296,204,123,81,80,0,116,92.00122655122655,50.10003133742266,2,78,2.0,0.0,81,0,32,370,0,3570.0526792387036,357.00526792387035,5618.93241488541,561.893241488541,195.06680009441888,19.506680009441887,4497.143959248078,449.71439592480783,4295.0,429.5,7,0.046000613275613285,-0.0011,0.046000613275613285,-0.0011,0.0,0.0,0.046000613275613285,0.001,0.049445238351875476,0.1287465867706695,-0.06590513035369412,0.00481475333434375,0.000431061019643891,-0.005850708775797164,-0.007867663363706198,-0.005549999999999978,-0.00035016336370620633,-0.0019674999999999897,0.0,0.0,-0.007,0.0002155305098219455,0.029071171978516136,0.020691974284422474,0.00481475333434375,0.014557690297349208,0.014557690297349208,0.056904543796463564,-0.002080961440471157,-0.0038229232838688037,0.000543417604724347,0.025050015668711328,0.0,-0.007440755306743085,-0.00203136105556041,-0.005409394251182675,0.2915872017387301,0.25997357815504074,0.03161362358368933,0.7819637656211853,0.038271963596343994,7904,3823,0,0.6039624989032746,1.0783601552248,8,8,11727,7904,3823,0.04876767906428285,cuda,46.52880859375
65,106,200,True,1131,1131,606,606,31,494,31,1.0,1.5163572060123784,1.5163572060123784,1.4273927392739274,57.30324903724644,23.76151420568416,81.0647632429306,0.028651624518623218,0.01188075710284208,0.040532381621465295,0.7087719298245614,202,119,83,83,0,116,82.96587301587303,30.25351674469322,3,80,3.0,0.0,81,0,156,338,0,3323.485946584946,332.34859465849456,5891.687692178887,589.1687692178887,253.12928198944869,25.312928198944867,4186.9691400154525,418.6969140015452,5500.0,550.0,3,0.04148293650793652,-0.0016500000000000002,0.04148293650793652,-0.0016500000000000002,0.0,0.0,0.04148293650793652,0.0015,0.04954126462643525,0.1597761234432604,-0.11066065209601154,0.002127190572715216,0.0008552530070810771,-0.008237540037210313,-0.006949093870715115,-0.005069999999999988,-0.0004790938707151161,-0.0013999999999999915,0.0,0.0,-0.003,0.00042762650354053855,0.028651624518623225,0.011880757102842086,0.002127190572715216,0.017497061980787557,0.017497061980787557,0.050114395942864834,-0.005307647350463618,-0.00393631187150033,0.0007373379143823721,0.01512675837234661,0.0,-0.0030312064569443463,-0.00027110546361655,-0.0027601009933277965,0.26488150767982005,0.23362572602927684,0.03125578165054321,0.8053110241889954,0.05223953723907471,7333,3999,0,0.5983240261673928,1.093958979845047,9,8,11332,7333,3999,0.04680920773976273,cuda,47.66455078125
66,107,200,True,1112,1112,585,585,51,476,51,1.0,1.6843525179856116,1.6843525179856116,1.7282051282051283,78.46152037173567,42.01769377625918,120.47921414799485,0.03923076018586784,0.02100884688812959,0.06023960707399743,0.8257839721254355,237,155,82,50,0,154,107.43095238095239,59.34717223574003,5,45,5.0,4.0,78,0,189,287,0,3929.240141575245,392.92401415752454,7923.355201863265,792.3355201863266,268.31596410729594,26.831596410729595,4952.853218630589,495.2853218630589,5305.0,530.5,1,0.0537154761904762,-0.00275,0.0537154761904762,-0.00275,0.0,0.0,0.0537154761904762,0.0025,0.06517717364926824,0.13217977921253624,-0.10782213623586598,0.002923888471637986,0.0005393769400514463,-0.008051619492688377,-0.006046368504609038,-0.004305000000000004,-0.0006188685046090364,-0.0011224999999999946,0.0,0.0,-0.001,0.00026968847002572323,0.039230760185867755,0.02100884688812957,0.002923888471637986,0.015614827907425006,0.015614827907425006,0.01550043097485344,-0.004699229616861137,-0.004173238070605132,0.00098982232191473,0.029673586117870025,-0.0022,-0.0030312064569443463,-0.00027110546361655,-0.0027601009933277965,0.26488150767982005,0.23362572602927684,0.03125578165054321,0.8053110241889954,0.05223953723907471,7333,3999,0,0.5983240261673928,1.093958979845047,9,8,11332,7333,3999,0.04680920773976273,cuda,47.66455078125
67,108,200,True,1001,1001,593,593,75,333,75,1.0,1.8111888111888113,1.8111888111888113,1.7504215851602023,72.15065121831289,31.969525384632227,104.12017660294512,0.036075325609156446,0.015984762692316114,0.05206008830147256,0.8407407407407408,227,151,76,43,0,149,101.73809523809524,50.36447459947461,6,37,6.0,5.0,75,0,56,277,0,4271.207808649699,427.12078086496984,8550.791323228763,855.0791323228763,292.5752244894276,29.257522448942762,5380.398065588137,538.0398065588137,4630.0,463.0,2,0.05086904761904762,-0.0033,0.05086904761904762,-0.0033,0.0,0.0,0.05086904761904762,0.0030000000000000005,0.06393425506978014,0.12497915475342337,-0.1038013289664585,0.003408703636926099,0.0012053213189706935,-0.008796766930074494,-0.005693900644888056,-0.004155000000000008,-0.00041890064488805164,-0.0011199999999999951,0.0,0.0,-0.002,0.0006026606594853466,0.03607532560915645,0.0159847626923161,0.003408703636926099,0.0149804345262667,0.0149804345262667,0.026931725573842078,-0.006351316219331597,-0.006598716143734159,0.000781034917053268,0.025182237299737308,-0.00275,-0.0030312064569443463,-0.00027110546361655,-0.0027601009933277965,0.26488150767982005,0.23362572602927684,0.03125578165054321,0.8053110241889954,0.05223953723907471,7333,3999,0,0.5983240261673928,1.093958979845047,9,8,11332,7333,3999,0.04680920773976273,cuda,47.66455078125
68,109,200,True,593,593,345,345,13,235,13,1.0,1.8532883642495783,1.8532883642495783,1.9043478260869566,37.7067747902078,35.05753198434807,72.76430677455588,0.0188533873951039,0.017528765992174032,0.03638215338727794,0.6113074204946997,173,92,81,110,1,89,77.66666666666667,43.73308913308914,8,102,8.0,3.0,81,0,1,234,0,3260.2436078482806,326.02436078482805,4384.014686500721,438.4014686500721,138.79536583962474,13.879536583962473,4101.213813223326,410.1213813223326,2900.0,290.0,10,0.03883333333333334,-0.0044,0.03883333333333334,-0.0044,0.0,0.0,0.03883333333333334,0.004,0.0391010480337289,0.118587876629983,-0.03632439628804636,0.002863541501981573,0.00032186116215825715,-0.004182820854365417,-0.0047243114267006255,-0.003510000000000007,-0.0002993114267006216,-0.0009149999999999971,0.0,0.0,-0.01,0.00016093058107912855,0.0188533873951039,0.017528765992174043,0.002863541501981573,0.01305437754034864,0.01305437754034864,0.11473315644832409,-0.0014428122619562257,-0.0008268556569461178,0.00045326216349120393,0.02186654456654457,-0.0016500000000000002,-0.0030312064569443463,-0.00027110546361655,-0.0027601009933277965,0.26488150767982005,0.23362572602927684,0.03125578165054321,0.8053110241889954,0.05223953723907471,7333,3999,0,0.5983240261673928,1.093958979845047,9,8,11332,7333,3999,0.04680920773976273,cuda,47.66455078125
69,110,200,True,929,929,489,489,58,382,57,0.9827586206896551,1.7534983853606028,1.7534983853606028,1.7648261758691206,71.01239660834615,41.80376551972936,112.81616212807552,0.03550619830417308,0.02090188275986468,0.05640808106403776,0.8697183098591549,247,140,107,37,0,137,101.11428571428571,53.502420063596574,2,35,2.0,1.0,105,0,60,322,0,3850.18544635932,385.018544635932,7153.524892383176,715.3524892383176,222.42258638020257,22.242258638020257,4851.4047972386,485.14047972386,4360.0,436.0,4,0.050557142857142856,-0.0011,0.050557142857142856,-0.0011,0.0,0.0,0.050557142857142856,0.001,0.058604759547405766,0.12929971483913708,-0.0959651103045044,0.0024755414702634297,0.000754779885009888,-0.006475774985765445,-0.0068867919078874785,-0.004829999999999993,-0.0005467919078874795,-0.001509999999999993,0.0,-2.5e-05,-0.004,0.000377389942504944,0.03550619830417307,0.02090188275986468,0.0024755414702634297,0.015082236610742462,0.015082236610742462,0.028175713981767624,-0.0030559615154638602,-0.003022140635712675,0.0008022622876567539,0.02675121003179829,-0.00055,-0.0030312064569443463,-0.00027110546361655,-0.0027601009933277965,0.26488150767982005,0.23362572602927684,0.03125578165054321,0.8053110241889954,0.05223953723907471,7333,3999,0,0.5983240261673928,1.093958979845047,9,8,11332,7333,3999,0.04680920773976273,cuda,47.66455078125
70,111,200,True,592,592,343,343,8,241,8,1.0,1.5692567567567568,1.5692567567567568,1.466472303206997,23.727700906747057,20.15400632787695,43.881707234624,0.011863850453373528,0.010077003163938475,0.021940853617312,0.5598591549295775,159,64,95,125,0,60,56.33333333333333,22.34188034188034,4,121,4.0,2.2098356440575215,95,0,0,241,0,2442.458430589345,244.2458430589345,2697.3728941736063,269.7372894173606,113.71907691995483,11.371907691995483,3072.1389819385495,307.21389819385496,2920.0,292.0,10,0.028166666666666663,-0.0022,0.028166666666666663,-0.0022,0.0,0.0,0.028166666666666663,0.002,0.02653849065401225,0.12478330999203409,-0.05040086809115114,0.003211004785244006,0.0,-0.003693224788136013,-0.004969236762349761,-0.003615000000000008,-0.00034423676234975845,-0.0010099999999999974,0.0,0.0,-0.01,0.0,0.011863850453373508,0.010077003163938466,0.003211004785244006,0.01347981983366536,0.01347981983366536,0.11956689170243712,-0.00189072920357753,-0.0006654496715675283,0.0004218223625507589,0.01117094017094017,-0.001215409604231637,-0.0030312064569443463,-0.00027110546361655,-0.0027601009933277965,0.26488150767982005,0.23362572602927684,0.03125578165054321,0.8053110241889954,0.05223953723907471,7333,3999,0,0.5983240261673928,1.093958979845047,9,8,11332,7333,3999,0.04680920773976273,cuda,47.66455078125
71,112,200,True,1073,1073,507,507,103,463,103,1.0,1.7148182665424045,1.7148182665424045,1.7337278106508875,70.13597272643166,36.64795802783014,106.7839307542618,0.03506798636321583,0.01832397901391507,0.0533919653771309,0.8113879003558719,228,134,94,53,0,129,94.69999999999997,50.27790542790545,3,50,3.0,2.0,92,0,133,330,0,4176.381425591535,417.6381425591535,8488.169857855286,848.8169857855286,264.3363060175043,26.43363060175043,5257.979585530147,525.7979585530147,4850.0,485.0,1,0.047349999999999996,-0.0016500000000000002,0.047349999999999996,-0.0016500000000000002,0.0,0.0,0.047349999999999996,0.0015,0.05569757134499745,0.11268675177431026,-0.08545975831164564,0.0031887206315812065,0.001056371692011801,-0.007803983991628792,-0.006931804476832368,-0.00494999999999999,-0.0005018044768323719,-0.0014799999999999928,0.0,0.0,-0.001,0.0005281858460059003,0.03506798636321577,0.018323979013915106,0.0031887206315812065,0.013027891431155493,0.013027891431155493,0.029121021739659202,-0.003990174091489968,-0.0032433960658157244,0.000830807062882065,0.02513895271395273,-0.0011,-0.0030312064569443463,-0.00027110546361655,-0.0027601009933277965,0.26488150767982005,0.23362572602927684,0.03125578165054321,0.8053110241889954,0.05223953723907471,7333,3999,0,0.5983240261673928,1.093958979845047,9,8,11332,7333,3999,0.04680920773976273,cuda,47.66455078125
72,113,200,True,902,902,531,531,39,332,39,1.0,1.712860310421286,1.712860310421286,1.7005649717514124,66.82348202466528,40.213580926150584,107.03706295081587,0.033411741012332644,0.020106790463075293,0.05351853147540793,0.7964285714285714,223,121,102,57,0,119,97.03571428571426,51.583040293040305,2,55,2.0,1.0,101,0,58,274,0,3691.9231851119866,369.19231851119866,6500.545086027332,650.0545086027332,237.75533136798006,23.775533136798007,4649.717929692235,464.9717929692235,4315.0,431.5,5,0.04851785714285714,-0.0011,0.04851785714285714,-0.0011,0.0,0.0,0.04851785714285714,0.001,0.05134403894603883,0.12903690920265184,-0.08129011458313425,0.003870681522604421,0.0009028342438280798,-0.007366678503812499,-0.005600740664416591,-0.004110000000000009,-0.00044074066441659164,-0.0010499999999999952,0.0,0.0,-0.005,0.00045141712191403997,0.033411741012332595,0.0201067904630753,0.003870681522604421,0.014742132550401297,0.014742132550401297,0.05776812581926953,-0.003788724473129252,-0.002754809683323235,0.0007309315450810035,0.025791520146520152,-0.00055,-0.0030312064569443463,-0.00027110546361655,-0.0027601009933277965,0.26488150767982005,0.23362572602927684,0.03125578165054321,0.8053110241889954,0.05223953723907471,7333,3999,0,0.5983240261673928,1.093958979845047,9,8,11332,7333,3999,0.04680920773976273,cuda,47.66455078125
73,114,200,True,807,807,397,397,31,379,31,1.0,1.6394052044609666,1.6394052044609666,1.7254408060453401,43.98575226439267,29.61078864341591,73.59654090780859,0.021992876132196335,0.014805394321707955,0.0367982704539043,0.6971830985915493,198,104,94,86,0,98,79.2,39.393316813905045,7,79,7.0,4.0,91,0,44,335,0,3304.2391130282876,330.42391130282874,5163.529182333744,516.3529182333743,171.4062649996042,17.14062649996042,4159.126329089113,415.9126329089113,3880.0,388.0,7,0.0396,-0.0038500000000000006,0.0396,-0.0038500000000000006,0.0,0.0,0.0396,0.0035,0.0421390642263989,0.1127322703898523,-0.05029502023959001,0.0023995674852722213,0.0005566483633732772,-0.005309395914159179,-0.006923771446264811,-0.005024999999999989,-0.0004312714462648128,-0.0014674999999999914,0.0,0.0,-0.007,0.00027832418168663865,0.021992876132196297,0.014805394321707948,0.0023995674852722213,0.012793709948853949,0.012793709948853949,0.05866456206114511,-0.0016317447865629626,-0.0015205346674298115,0.0004965311988132275,0.019696658406952523,-0.0022,-0.006044137108256109,-0.00180579230946023,-0.004238344798795879,0.30280983564443886,0.2633350156247616,0.03947482001967728,0.7915920615196228,0.05263853073120117,7716,3927,0,0.5968232020735741,1.0320029735565186,10,8,11643,7716,3927,0.04524622260141691,cuda,47.2177734375
74,115,200,True,1119,1119,520,520,20,579,20,1.0,1.4950848972296693,1.4950848972296693,1.5326923076923078,60.93820593310657,38.53931837395856,99.47752430706512,0.030469102966553287,0.01926965918697928,0.04973876215353256,0.6093189964157706,170,110,60,109,0,108,98.33333333333333,51.479059829059835,8,101,8.0,5.4132413931587795,59,0,87,492,0,3234.409504582491,323.4409504582491,5420.070089532904,542.0070089532903,203.14479808645612,20.31447980864561,4073.362374969646,407.3362374969646,5495.0,549.5,5,0.049166666666666664,-0.004399999999999999,0.049166666666666664,-0.004399999999999999,0.0,0.0,0.049166666666666664,0.004,0.04615802318451263,0.1527408225035925,-0.05391331407102625,0.0029309873885561893,0.0012680209662142353,-0.006606102861612026,-0.010418468872375424,-0.007379999999999939,-0.000563468872375424,-0.002474999999999983,0.0,0.0,-0.005,0.0006340104831071175,0.030469102966553294,0.019269659186979298,0.0029309873885561893,0.016396902421466256,0.016396902421466256,0.08350028767526578,-0.002891617441947274,-0.0010382742034237631,0.0005272646229396122,0.025739529914529918,-0.0029772827662373287,-0.006044137108256109,-0.00180579230946023,-0.004238344798795879,0.30280983564443886,0.2633350156247616,0.03947482001967728,0.7915920615196228,0.05263853073120117,7716,3927,0,0.5968232020735741,1.0320029735565186,10,8,11643,7716,3927,0.04524622260141691,cuda,47.2177734375
75,116,200,True,786,786,406,406,12,368,12,1.0,1.6564885496183206,1.6564885496183206,1.812807881773399,45.242508620586655,43.2455452000619,88.48805382064856,0.022621254310293326,0.02162277260003095,0.04424402691032428,0.5821428571428572,163,100,63,117,0,99,85.41746031746032,58.254967974967975,7,110,7.0,6.0,62,0,16,352,0,3181.7412301321583,318.1741230132158,4373.026634572221,437.30266345722214,170.1785347124422,17.01785347124422,4006.404238759981,400.6404238759981,3870.0,387.0,9,0.04270873015873016,-0.0038499999999999997,0.04270873015873016,-0.0038499999999999997,0.0,0.0,0.04270873015873016,0.0035,0.04263858646183086,0.12419303168226135,-0.0349908222361585,0.0029486468626327505,0.0002516341553365642,-0.005354252800150677,-0.007460730123046778,-0.0052799999999999835,-0.0003282301230467839,-0.0018524999999999904,0.0,0.0,-0.009,0.0001258170776682821,0.022621254310293323,0.02162277260003092,0.0029486468626327505,0.01373885441143201,0.01373885441143201,0.10746742689226119,-0.0014196842156701727,-0.0009049258205721472,0.0005029956512514168,0.029127483987483986,-0.0033,-0.006044137108256109,-0.00180579230946023,-0.004238344798795879,0.30280983564443886,0.2633350156247616,0.03947482001967728,0.7915920615196228,0.05263853073120117,7716,3927,0,0.5968232020735741,1.0320029735565186,10,8,11643,7716,3927,0.04524622260141691,cuda,47.2177734375
76,117,200,True,876,876,423,423,12,441,12,1.0,1.5410958904109588,1.5410958904109588,1.529550827423168,47.120902804826585,32.67437906319074,79.79528186801733,0.023560451402413293,0.01633718953159537,0.03989764093400866,0.5144927536231884,142,95,47,134,0,93,85.16025641025641,40.049145299145295,6,128,6.0,4.0,47,0,23,418,0,2963.970426743685,296.3970426743685,4146.713532689078,414.67135326890786,170.01603760438832,17.001603760438833,3729.958015306665,372.9958015306665,4320.0,432.0,8,0.0425801282051282,-0.0033,0.0425801282051282,-0.0033,0.0,0.0,0.0425801282051282,0.003,0.039878036589947034,0.13489341580560993,-0.03704327989411516,0.005714985456167608,0.0004397440154616745,-0.005616220210036088,-0.008840339462087418,-0.006269999999999962,-0.00040033946208742284,-0.002169999999999988,0.0,0.0,-0.008,0.0002198720077308373,0.023560451402413245,0.016337189531595377,0.005714985456167608,0.014491139960003495,0.014491139960003495,0.14484545449033479,-0.0018739495314412512,-0.0008409154970302404,0.00042272361498690766,0.020024572649572647,-0.0022,-0.006044137108256109,-0.00180579230946023,-0.004238344798795879,0.30280983564443886,0.2633350156247616,0.03947482001967728,0.7915920615196228,0.05263853073120117,7716,3927,0,0.5968232020735741,1.0320029735565186,10,8,11643,7716,3927,0.04524622260141691,cuda,47.2177734375
77,118,200,True,1132,1132,551,551,64,517,62,0.96875,1.6386925795053005,1.6386925795053005,1.5662431941923776,67.48533746477003,28.01209758128033,95.49743504605036,0.03374266873238501,0.014006048790640165,0.047748717523025175,0.8321428571428572,233,128,105,47,0,125,90.14285714285715,39.17782664531893,2,45,2.0,1.0,105,0,162,355,0,3878.8697307630837,387.8869730763084,7714.199270031386,771.4199270031386,275.2598400998945,27.52598400998945,4884.689873497324,488.4689873497324,5350.0,535.0,1,0.04507142857142859,-0.0011,0.04507142857142859,-0.0011,0.0,0.0,0.04507142857142859,0.001,0.053917440792953714,0.11648512750475723,-0.0819627902636679,0.0030744968894831602,0.0015030138393878456,-0.008565092468818392,-0.0075562431659395865,-0.0053249999999999825,-0.0006337431659395916,-0.0015974999999999909,0.0,-5e-05,-0.001,0.0007515069196939226,0.03374266873238502,0.01400604879064018,0.0030744968894831602,0.013195250596278378,0.013195250596278378,0.02826267903070403,-0.0057170844049033226,-0.0030801154174574935,0.000826337943680817,0.019588913322659465,-0.00055,-0.006044137108256109,-0.00180579230946023,-0.004238344798795879,0.30280983564443886,0.2633350156247616,0.03947482001967728,0.7915920615196228,0.05263853073120117,7716,3927,0,0.5968232020735741,1.0320029735565186,10,8,11643,7716,3927,0.04524622260141691,cuda,47.2177734375
78,119,200,True,1017,1017,582,582,47,388,47,1.0,1.7089478859390363,1.7089478859390363,1.6013745704467355,61.145386283551,33.149414051325515,94.29480033487651,0.0305726931417755,0.016574707025662758,0.04714740016743826,0.7664233576642335,210,138,72,64,0,135,91.13095238095237,46.967339496015995,6,58,6.0,3.569780095316789,72,0,69,319,0,3967.2274481242725,396.72274481242727,7487.34659722082,748.7346597220819,282.2026407776565,28.22026407776565,4998.180481311988,499.8180481311988,4850.0,485.0,3,0.0455654761904762,-0.0033,0.0455654761904762,-0.0033,0.0,0.0,0.0455654761904762,0.003,0.05789460005141053,0.13192606931196013,-0.08192695199504267,0.0032908812322469164,0.0006161996217224794,-0.008841203957004553,-0.006541249915909641,-0.004784999999999994,-0.0004562499159096415,-0.0012999999999999928,0.0,0.0,-0.003,0.00030809981086123974,0.030572693141775485,0.016574707025662754,0.0032908812322469164,0.014876556129809438,0.014876556129809438,0.03488770895335543,-0.003756069771877312,-0.003832207617274712,0.0008023118085761748,0.023483669748008,-0.0019633790524242337,-0.006044137108256109,-0.00180579230946023,-0.004238344798795879,0.30280983564443886,0.2633350156247616,0.03947482001967728,0.7915920615196228,0.05263853073120117,7716,3927,0,0.5968232020735741,1.0320029735565186,10,8,11643,7716,3927,0.04524622260141691,cuda,47.2177734375
79,120,200,True,1089,1089,635,635,85,369,82,0.9647058823529412,1.7465564738292012,1.7465564738292012,1.689763779527559,69.27074229058493,34.4909219932886,103.76166428387353,0.034635371145292464,0.017245460996644302,0.05188083214193676,0.8913043478260869,246,145,101,30,0,143,93.68571428571428,51.59612511671341,3,27,3.0,2.0,101,0,92,277,0,4249.012256526196,424.90122565261964,8757.437387316859,875.7437387316859,319.2789436220009,31.92789436220009,5350.135076623888,535.0135076623889,5035.0,503.5,1,0.04684285714285715,-0.0016500000000000002,0.04684285714285715,-0.0016500000000000002,0.0,0.0,0.04684285714285715,0.0015,0.06130226503797423,0.11838784477408086,-0.09487466145516188,0.00368193647488225,0.0006698528625273733,-0.009536258912922558,-0.0059347482130799765,-0.004155000000000008,-0.000499748213079976,-0.0012799999999999951,0.0,-7.500000000000001e-05,-0.001,0.00033492643126368664,0.03463537114529243,0.017245460996644275,0.00368193647488225,0.013957998528965015,0.013957998528965015,0.022056527683606525,-0.006493809541060187,-0.006722210238357418,0.0009655432117954294,0.02579806255835671,-0.0011,-0.006044137108256109,-0.00180579230946023,-0.004238344798795879,0.30280983564443886,0.2633350156247616,0.03947482001967728,0.7915920615196228,0.05263853073120117,7716,3927,0,0.5968232020735741,1.0320029735565186,10,8,11643,7716,3927,0.04524622260141691,cuda,47.2177734375
80,121,200,True,890,890,413,413,33,444,33,1.0,1.6786516853932585,1.6786516853932585,1.7070217917675545,55.424743004199335,33.60351805013124,89.02826105433059,0.027712371502099667,0.016801759025065623,0.04451413052716529,0.6101083032490975,169,111,58,108,0,109,90.31904761904762,46.743418803418805,8,100,8.0,5.0,56,0,107,337,0,3528.4260990855864,352.84260990855864,5899.602555786572,589.9602555786572,183.66762145693727,18.366762145693727,4440.400748533894,444.04007485338946,4285.0,428.5,5,0.04515952380952381,-0.004399999999999999,0.04515952380952381,-0.004399999999999999,0.0,0.0,0.04515952380952381,0.004,0.04714364043407708,0.11094049112211567,-0.04698589084264671,0.0023900867019969268,0.0008870162077980726,-0.005535242272324501,-0.007233422873141335,-0.005054999999999988,-0.00046592287314133827,-0.001712499999999992,0.0,0.0,-0.005,0.0004435081038990363,0.027712371502099622,0.01680175902506562,0.0023900867019969268,0.01257481399968488,0.01257481399968488,0.08958570457181704,-0.0022447419772553988,-0.0018430085569676108,0.0005396446260491975,0.023371709401709403,-0.00275,-0.006044137108256109,-0.00180579230946023,-0.004238344798795879,0.30280983564443886,0.2633350156247616,0.03947482001967728,0.7915920615196228,0.05263853073120117,7716,3927,0,0.5968232020735741,1.0320029735565186,10,8,11643,7716,3927,0.04524622260141691,cuda,47.2177734375
81,122,200,True,893,893,485,485,35,373,34,0.9714285714285714,1.8309070548712205,1.8309070548712205,1.8185567010309278,78.65425102764416,45.94569383984981,124.59994486749397,0.03932712551382208,0.022972846919924905,0.062299972433746985,0.8129496402877698,226,132,94,52,0,130,112.59285714285714,61.58804528804529,5,47,5.0,3.0,92,0,119,254,0,4096.023500637992,409.6023500637992,7553.116253180431,755.3116253180431,225.97588705375176,22.597588705375177,5155.41404687779,515.5414046877789,4295.0,429.5,4,0.056296428571428574,-0.00275,0.056296428571428574,-0.00275,0.0,0.0,0.056296428571428574,0.0025,0.056309554480006116,0.11935657518388156,-0.06695988339238185,0.0025531459404171623,0.0012130096007311865,-0.006962302227969117,-0.005140186389641719,-0.0038100000000000096,-0.00038268638964171345,-0.0009474999999999961,0.0,-2.5e-05,-0.004,0.0006065048003655933,0.03932712551382204,0.022972846919924895,0.0025531459404171623,0.013749875495608901,0.013749875495608901,0.04195265546169901,-0.003099095810380184,-0.001782303650045009,0.0006575756712098093,0.03079402264402265,-0.0016500000000000002,0.0018643187371910445,0.001966622716281563,-0.00010230397909051842,0.36018701361285316,0.3253099374473095,0.03487707616554366,0.7221028804779053,0.041555821895599365,7466,4188,0,0.5621855989098549,0.9972654660542806,11,8,11654,7466,4188,0.05260835322812114,cuda,49.02001953125
82,123,200,True,980,980,577,577,29,374,29,1.0,1.5755102040816327,1.5755102040816327,1.6481802426343155,58.30754856789527,40.26365697603807,98.57120554393333,0.029153774283947633,0.020131828488019036,0.04928560277196667,0.6785714285714286,190,111,79,90,0,109,86.6023199023199,52.97285050083005,4,86,4.0,2.0,76,0,77,297,0,3198.078684921774,319.80786849217736,5466.426408740941,546.6426408740941,248.07195124598607,24.807195124598607,4030.235359795077,403.0235359795077,4755.0,475.5,4,0.043301159951159955,-0.0022,0.043301159951159955,-0.0022,0.0,0.0,0.043301159951159955,0.002,0.04654347554745551,0.15033444054533607,-0.08259336793658585,0.0024099273041164613,0.0010726665241351406,-0.008203905561757914,-0.006073066395105824,-0.004455000000000001,-0.0003555663951058218,-0.0012624999999999934,0.0,0.0,-0.004,0.0005363332620675704,0.02915377428394766,0.020131828488019015,0.0024099273041164613,0.016999742947400732,0.016999742947400732,0.06142475481593853,-0.0034125706060948646,-0.003425155882833394,0.0007556316998663455,0.026486425250415026,-0.0011000000000000003,0.0018643187371910445,0.001966622716281563,-0.00010230397909051842,0.36018701361285316,0.3253099374473095,0.03487707616554366,0.7221028804779053,0.041555821895599365,7466,4188,0,0.5621855989098549,0.9972654660542806,11,8,11654,7466,4188,0.05260835322812114,cuda,49.02001953125
83,124,200,True,956,956,565,565,67,324,67,1.0,1.7918410041841004,1.7918410041841004,1.6371681415929205,71.30904749381035,40.64454918084949,111.95359667465985,0.03565452374690518,0.020322274590424745,0.05597679833732992,0.7859649122807018,224,151,73,61,0,147,108.49999999999999,57.353891941391964,9,52,9.0,5.0,71,0,56,268,0,4129.192117653351,412.91921176533504,7714.10739140375,771.410739140375,268.3846403787734,26.838464037877337,5204.961138228189,520.4961138228189,4445.0,444.5,4,0.05424999999999999,-0.00495,0.05424999999999999,-0.00495,0.0,0.0,0.05424999999999999,0.0045,0.06267781099011444,0.1379403558074227,-0.10154818234272671,0.0038000941623482516,0.0007670345589220049,-0.007785762805521438,-0.005589193653524681,-0.0040200000000000105,-0.00042419365352467953,-0.0011449999999999954,0.0,0.0,-0.004,0.0003835172794610025,0.035654523746905094,0.020322274590424735,0.0038000941623482516,0.01573337468191833,0.01573337468191833,0.03717304403452726,-0.00416484481596153,-0.0040746007731726165,0.0007442259907454325,0.028676945970695988,-0.00275,0.0018643187371910445,0.001966622716281563,-0.00010230397909051842,0.36018701361285316,0.3253099374473095,0.03487707616554366,0.7221028804779053,0.041555821895599365,7466,4188,0,0.5621855989098549,0.9972654660542806,11,8,11654,7466,4188,0.05260835322812114,cuda,49.02001953125
84,125,200,True,1094,1094,620,620,47,427,47,1.0,1.6654478976234004,1.6654478976234004,1.7161290322580645,79.69137021147871,42.73837325789447,122.4297434693732,0.039845685105739354,0.021369186628947236,0.06121487173468659,0.7929824561403509,226,144,82,59,0,142,110.08333333333329,55.523982961483014,5,54,5.0,2.728274032241603,82,0,120,307,0,3847.8987159922094,384.78987159922093,7437.581310587483,743.7581310587483,273.73031435512826,27.373031435512825,4852.348978294772,485.2348978294772,5235.0,523.5,2,0.05504166666666664,-0.0027500000000000003,0.05504166666666664,-0.0027500000000000003,0.0,0.0,0.05504166666666664,0.0025,0.0604495235460369,0.15403665296172867,-0.08996947792443284,0.003475162301069454,0.0013887572821075125,-0.008481084318698642,-0.006228648304827571,-0.004604999999999998,-0.00042114830482757197,-0.0012024999999999937,0.0,0.0,-0.002,0.0006943786410537564,0.039845685105739305,0.021369186628947247,0.003475162301069454,0.01781480343687386,0.01781480343687386,0.04017184614687578,-0.004081514537957763,-0.0020349426545237487,0.0008185139615889826,0.02776199148074152,-0.001500550717732882,0.0018643187371910445,0.001966622716281563,-0.00010230397909051842,0.36018701361285316,0.3253099374473095,0.03487707616554366,0.7221028804779053,0.041555821895599365,7466,4188,0,0.5621855989098549,0.9972654660542806,11,8,11654,7466,4188,0.05260835322812114,cuda,49.02001953125
85,126,200,True,969,969,517,517,32,420,31,0.96875,1.5995872033023735,1.5995872033023735,1.5957446808510638,60.48044014553534,40.7356850289277,101.21612517446303,0.03024022007276767,0.02036784251446385,0.050608062587231516,0.7288732394366197,207,115,92,77,0,111,93.8095238095238,53.52832722832724,6,71,6.0,3.5725807847963624,89,0,90,330,0,3413.6067584508155,341.3606758450816,5783.10477316042,578.310477316042,223.42363368937845,22.342363368937846,4297.94568683345,429.794568683345,4690.0,469.0,5,0.0469047619047619,-0.0033,0.0469047619047619,-0.0033,0.0,0.0,0.0469047619047619,0.003,0.04748185065658547,0.14228463711455125,-0.055681123722615335,0.00272027721515953,0.0011972009844285478,-0.0072173258751590955,-0.006726260293614703,-0.00494999999999999,-0.0004062602936147067,-0.0013699999999999923,0.0,-2.5e-05,-0.005,0.0005986004922142739,0.03024022007276766,0.020367842514463854,0.00272027721515953,0.015836835480857254,0.015836835480857254,0.07329707062971999,-0.002836814815862443,-0.0014293344947166832,0.0006153105773340754,0.02676416361416362,-0.0019649194316379995,0.0018643187371910445,0.001966622716281563,-0.00010230397909051842,0.36018701361285316,0.3253099374473095,0.03487707616554366,0.7221028804779053,0.041555821895599365,7466,4188,0,0.5621855989098549,0.9972654660542806,11,8,11654,7466,4188,0.05260835322812114,cuda,49.02001953125
86,127,200,True,759,759,447,447,28,284,28,1.0,1.8129117259552041,1.8129117259552041,1.8053691275167785,62.00012523830137,42.22933242956695,104.22945766786833,0.031000062619150687,0.021114666214783476,0.052114728833934164,0.7553956834532374,210,115,95,68,0,114,92.62619047619046,52.26512389571215,2,66,2.0,0.3898783536629872,95,0,76,208,0,3551.229242126342,355.1229242126342,5797.985228472291,579.7985228472292,196.3829837433429,19.63829837433429,4471.224379464179,447.1224379464179,3655.0,365.5,6,0.04631309523809523,-0.0011,0.04631309523809523,-0.0011,0.0,0.0,0.04631309523809523,0.001,0.04923579880503891,0.1187943391509363,-0.06550751399131832,0.003142176929981382,0.0006518463647216531,-0.006031590743154999,-0.004181586665635625,-0.003120000000000004,-0.00025158666563562197,-0.0008099999999999972,0.0,0.0,-0.006,0.00032592318236082673,0.031000062619150684,0.021114666214783473,0.003142176929981382,0.013742432598135386,0.013742432598135386,0.07055829284853807,-0.002214492815980162,-0.0019342476698718989,0.0006999028972040574,0.026132561947856077,-0.00021443309451464295,0.0018643187371910445,0.001966622716281563,-0.00010230397909051842,0.36018701361285316,0.3253099374473095,0.03487707616554366,0.7221028804779053,0.041555821895599365,7466,4188,0,0.5621855989098549,0.9972654660542806,11,8,11654,7466,4188,0.05260835322812114,cuda,49.02001953125
87,128,200,True,776,776,446,446,47,283,47,1.0,1.684278350515464,1.684278350515464,1.5493273542600896,55.19119457345645,32.19279558647542,87.38399015993187,0.027595597286728224,0.01609639779323771,0.043691995079965934,0.6843971631205674,193,107,86,89,0,105,86.31904761904762,41.905201465201465,4,85,4.0,3.0,85,0,52,231,0,3194.168194557876,319.4168194557876,5194.771883600357,519.4771883600357,175.6925937119743,17.56925937119743,4023.052354798315,402.3052354798315,3645.0,364.5,6,0.043159523809523814,-0.0022,0.043159523809523814,-0.0022,0.0,0.0,0.043159523809523814,0.002,0.04503611263269398,0.13109147136171623,-0.061443426133950346,0.0023484053136923746,0.0008887507473333722,-0.0053391806004858605,-0.004708111043755834,-0.0034650000000000067,-0.00032811104375583214,-0.0009149999999999965,0.0,0.0,-0.006,0.0004443753736666862,0.027595597286728224,0.01609639779323771,0.0023484053136923746,0.014370445745822226,0.014370445745822226,0.08106101508552677,-0.0022268904298844094,-0.002674991053995664,0.000626125370968219,0.02095260073260073,-0.0016500000000000002,0.0018643187371910445,0.001966622716281563,-0.00010230397909051842,0.36018701361285316,0.3253099374473095,0.03487707616554366,0.7221028804779053,0.041555821895599365,7466,4188,0,0.5621855989098549,0.9972654660542806,11,8,11654,7466,4188,0.05260835322812114,cuda,49.02001953125
88,129,200,True,1039,1039,531,531,79,429,79,1.0,1.7083734359961502,1.7083734359961502,1.6836158192090396,62.01141450585716,29.33817358635746,91.34958809221462,0.03100570725292858,0.01466908679317873,0.04567479404610731,0.8692579505300353,246,131,115,37,0,126,83.95952380952382,39.12756589815415,1,36,1.0,0.0,113,0,166,263,0,4109.6021054673165,410.9602105467317,7959.475145691903,795.9475145691903,268.40144051195443,26.840144051195445,5174.038062121255,517.4038062121256,4800.0,480.0,2,0.0419797619047619,-0.00055,0.0419797619047619,-0.00055,0.0,0.0,0.0419797619047619,0.0005,0.054530340401154447,0.11064581123490323,-0.06567398748046882,0.00383976321998209,0.0007553136488065552,-0.007944448653446503,-0.005358871654712024,-0.00394500000000001,-0.00035387165471202295,-0.0010599999999999954,0.0,0.0,-0.002,0.0003776568244032776,0.031005707252928554,0.014669086793178727,0.00383976321998209,0.012870512535018131,0.012870512535018131,0.02029003852935434,-0.0038141554063022623,-0.0049666733697677195,0.0007800761782909794,0.019563782949077076,0.0,0.0018643187371910445,0.001966622716281563,-0.00010230397909051842,0.36018701361285316,0.3253099374473095,0.03487707616554366,0.7221028804779053,0.041555821895599365,7466,4188,0,0.5621855989098549,0.9972654660542806,11,8,11654,7466,4188,0.05260835322812114,cuda,49.02001953125
89,130,200,True,782,782,420,420,66,296,66,1.0,1.9309462915601023,1.9309462915601023,1.95,74.90316533805698,46.3756443111998,121.27880964925677,0.03745158266902849,0.0231878221555999,0.06063940482462839,0.800711743772242,225,142,83,56,0,140,110.0,65.15562215562218,7,49,7.0,7.0,82,0,75,221,0,3951.3507966308666,395.1350796630867,7225.162399527141,722.5162399527142,204.18045063059682,20.418045063059683,4981.232985974626,498.1232985974626,3580.0,358.0,4,0.05499999999999999,-0.0038499999999999997,0.05499999999999999,-0.0038499999999999997,0.0,0.0,0.05499999999999999,0.0035,0.05976470618573797,0.10226647175770229,-0.05960584976336194,0.003926471778856092,0.0009921707934209708,-0.005742028136540909,-0.0045110737633313166,-0.0033150000000000054,-0.0003760737633313137,-0.0008199999999999963,0.0,0.0,-0.004,0.0004960853967104853,0.03745158266902842,0.023187822155599877,0.003926471778856092,0.012251797736807821,0.012251797736807821,0.043239908133088915,-0.0020126526237830423,-0.0018557333663736357,0.0006885601249212721,0.03257781107781108,-0.0038499999999999997,-0.00677469065412879,-0.00041881948709487915,-0.006355871167033911,0.2897648990863846,0.2595211561237063,0.030243742962678274,0.784449577331543,0.05009794235229492,6987,4133,0,0.5889941266604832,1.0746235450108845,12,8,11120,6987,4133,0.04264748452329291,cuda,48.5537109375
90,131,200,True,1136,1136,688,688,101,347,101,1.0,1.6663732394366197,1.6663732394366197,1.6046511627906976,69.55641532560473,31.892065897791138,101.44848122339587,0.03477820766280237,0.01594603294889557,0.05072424061169794,0.8315412186379928,232,141,91,47,0,139,92.0,45.06713147963152,2,45,2.0,1.5622739295673371,88,0,71,276,0,3947.2655493803536,394.72655493803535,8137.732226370925,813.7732226370924,323.1965724205329,32.31965724205329,4972.696056750861,497.26960567508615,5175.0,517.5,1,0.04599999999999999,-0.0011,0.04599999999999999,-0.0011,0.0,0.0,0.04599999999999999,0.001,0.05931765867065393,0.14592263435040842,-0.11244084398151213,0.0034523743835501797,0.0011489529037882814,-0.01003192249398265,-0.005605952764560677,-0.004140000000000007,-0.0005459527645606749,-0.0009199999999999947,0.0,0.0,-0.001,0.0005744764518941408,0.034778207662802374,0.01594603294889557,0.0034523743835501797,0.016806562486122934,0.016806562486122934,0.01909329903180599,-0.006666277252578066,-0.004799550563191223,0.0010246088191018278,0.02253356573981576,-0.0008592506612620355,-0.00677469065412879,-0.00041881948709487915,-0.006355871167033911,0.2897648990863846,0.2595211561237063,0.030243742962678274,0.784449577331543,0.05009794235229492,6987,4133,0,0.5889941266604832,1.0746235450108845,12,8,11120,6987,4133,0.04264748452329291,cuda,48.5537109375
91,132,200,True,906,906,554,554,23,329,23,1.0,1.4746136865342163,1.4746136865342163,1.4133574007220218,43.30081128385035,28.02517287745279,71.32598416130314,0.021650405641925174,0.014012586438726394,0.03566299208065157,0.6795774647887324,193,89,104,91,0,88,79.30634920634921,34.228499161657055,4,87,4.0,4.0,103,0,0,329,0,2665.1401832471347,266.51401832471345,3516.490374869875,351.6490374869875,191.64286678467366,19.164286678467366,3356.1636175089984,335.61636175089984,4415.0,441.5,9,0.03965317460317461,-0.0022,0.03965317460317461,-0.0022,0.0,0.0,0.03965317460317461,0.002,0.03806123183835147,0.19025684486345054,-0.11357712539576637,0.0025645186330599777,0.00014826913258195423,-0.006388775804418158,-0.006684387097005119,-0.004934999999999991,-0.0004843870970051275,-0.0012649999999999925,0.0,0.0,-0.009,7.413456629097712e-05,0.021650405641925174,0.014012586438726389,0.0025645186330599777,0.02051159907799623,0.02051159907799623,0.08604590013932123,-0.004241350051083852,-0.0011383948431342161,0.0007530440624776968,0.01711424958082853,-0.0022,-0.00677469065412879,-0.00041881948709487915,-0.006355871167033911,0.2897648990863846,0.2595211561237063,0.030243742962678274,0.784449577331543,0.05009794235229492,6987,4133,0,0.5889941266604832,1.0746235450108845,12,8,11120,6987,4133,0.04264748452329291,cuda,48.5537109375
92,133,200,True,751,751,423,423,29,299,29,1.0,1.5898801597869507,1.5898801597869507,1.7352245862884161,35.945966653701085,38.03446716893815,73.98043382263924,0.01797298332685054,0.019017233584469075,0.03699021691131962,0.513986013986014,147,86,61,139,0,84,76.43333333333332,51.01293001293002,10,129,10.0,6.437722190578221,61,0,3,296,0,2802.374150679881,280.2374150679881,3718.316420420345,371.8316420420345,147.33560971373683,14.733560971373683,3526.6121530489786,352.66121530489784,3610.0,361.0,9,0.03821666666666666,-0.005499999999999999,0.03821666666666666,-0.005499999999999999,0.0,0.0,0.03821666666666666,0.005,0.0367259996126299,0.15023549178456458,-0.08437156869885938,0.003301090589251939,0.00019401173941767792,-0.004565791006680452,-0.0061205663877967964,-0.004440000000000001,-0.00039806638779680057,-0.0012824999999999944,0.0,0.0,-0.009,9.700586970883897e-05,0.017972983326850548,0.01901723358446908,0.003301090589251939,0.016607108411793033,0.016607108411793033,0.1413592647815985,-0.0024344469186925936,-0.002736180142736557,0.0006337870068386886,0.02550646500646501,-0.003540747204818021,-0.00677469065412879,-0.00041881948709487915,-0.006355871167033911,0.2897648990863846,0.2595211561237063,0.030243742962678274,0.784449577331543,0.05009794235229492,6987,4133,0,0.5889941266604832,1.0746235450108845,12,8,11120,6987,4133,0.04264748452329291,cuda,48.5537109375
93,134,200,True,813,813,467,467,34,312,34,1.0,1.8179581795817958,1.8179581795817958,1.8051391862955033,64.66810451977967,37.33272309150167,102.00082761128135,0.03233405225988984,0.018666361545750836,0.051000413805640674,0.7915194346289752,224,129,95,59,0,126,100.47857142857144,54.09239675357325,8,51,8.0,6.0,94,0,103,209,0,3803.318163584513,380.3318163584513,6548.031349508946,654.8031349508946,215.05557519535216,21.505557519535216,4788.781997294979,478.8781997294979,3895.0,389.5,5,0.05023928571428572,-0.0044,0.05023928571428572,-0.0044,0.0,0.0,0.05023928571428572,0.004,0.05415615167858622,0.1155979971907093,-0.07138165236551641,0.002794790878110109,0.0007450053639159635,-0.006516925494436049,-0.004262656099871241,-0.0031350000000000037,-0.0003501560998712381,-0.000777499999999997,0.0,0.0,-0.005,0.0003725026819579817,0.03233405225988983,0.01866636154575084,0.002794790878110109,0.013287654949516895,0.013287654949516895,0.05429178142276108,-0.003127205300542639,-0.0030114639800047807,0.000713261132387491,0.02704619837678663,-0.0033000000000000004,-0.00677469065412879,-0.00041881948709487915,-0.006355871167033911,0.2897648990863846,0.2595211561237063,0.030243742962678274,0.784449577331543,0.05009794235229492,6987,4133,0,0.5889941266604832,1.0746235450108845,12,8,11120,6987,4133,0.04264748452329291,cuda,48.5537109375
94,135,200,True,772,772,483,483,9,280,9,1.0,1.5259067357512954,1.5259067357512954,1.5838509316770186,27.597230191581584,33.91237621286978,61.50960640445136,0.013798615095790792,0.01695618810643489,0.03075480320222568,0.6395759717314488,181,74,107,102,1,74,64.65,40.04206708324355,7,95,7.0,3.0,106,0,0,280,0,2621.2653113223228,262.1265311322323,3131.410263975835,313.14102639758346,158.7097504634835,15.870975046348349,3298.421664521413,329.84216645214127,3815.0,381.5,10,0.032325,-0.00385,0.032325,-0.00385,0.0,0.0,0.032325,0.0035,0.03255453962144814,0.16795886992232179,-0.06259256406259632,0.0030207297273257337,0.0,-0.005301281902291029,-0.005569955652392436,-0.004200000000000007,-0.0002999556523924376,-0.0010699999999999952,0.0,0.0,-0.01,0.0,0.013798615095790844,0.016956188106434893,0.0030207297273257337,0.018454600828213482,0.018454600828213482,0.1285110776201045,-0.002054584406091445,-0.0014078124462825335,0.0006630311313464443,0.020021033541621776,-0.0016500000000000002,-0.00677469065412879,-0.00041881948709487915,-0.006355871167033911,0.2897648990863846,0.2595211561237063,0.030243742962678274,0.784449577331543,0.05009794235229492,6987,4133,0,0.5889941266604832,1.0746235450108845,12,8,11120,6987,4133,0.04264748452329291,cuda,48.5537109375
95,136,200,True,847,847,482,482,3,362,3,1.0,1.4273907910271546,1.4273907910271546,1.454356846473029,26.540591095728818,27.512062219702372,54.052653315431186,0.01327029554786441,0.013756031109851186,0.027026326657715594,0.5105633802816901,145,66,79,139,0,63,60.833333333333336,32.0982905982906,4,135,4.0,4.0,78,0,0,362,0,2567.7331621383773,256.77331621383775,3018.3266256409497,301.83266256409496,159.0613687172211,15.906136871722108,3227.3927723083725,322.7392772308373,4220.0,422.0,10,0.030416666666666668,-0.0022,0.030416666666666668,-0.0022,0.0,0.0,0.030416666666666668,0.002,0.027629334518982633,0.17428260282160624,-0.043846106619780376,0.0034386213937521027,0.00016667501926693259,-0.005614381839259431,-0.007337996674819995,-0.00542999999999998,-0.0002654966748199991,-0.0016424999999999916,0.0,0.0,-0.01,8.33375096334663e-05,0.013270295547864427,0.013756031109851194,0.0034386213937521027,0.018469706375928607,0.018469706375928607,0.17713120199857976,-0.002710335487792935,-0.00010692190065948412,0.00040612019930803725,0.016049145299145303,-0.0022,-0.00677469065412879,-0.00041881948709487915,-0.006355871167033911,0.2897648990863846,0.2595211561237063,0.030243742962678274,0.784449577331543,0.05009794235229492,6987,4133,0,0.5889941266604832,1.0746235450108845,12,8,11120,6987,4133,0.04264748452329291,cuda,48.5537109375
96,137,200,True,980,980,616,616,55,309,55,1.0,1.7173469387755103,1.7173469387755103,1.6590909090909092,63.188147251724445,33.57480893320313,96.76295618492757,0.03159407362586222,0.016787404466601565,0.048381478092463785,0.7101449275362319,196,132,64,80,0,130,93.4,50.00524095787258,7,73,7.0,4.0,62,0,108,201,0,3825.495678269997,382.5495678269997,7310.8297565308385,731.0829756530838,297.0229341816865,29.702293418168647,4817.246640459387,481.7246640459387,4625.0,462.5,3,0.046700000000000005,-0.0038499999999999997,0.046700000000000005,-0.0038499999999999997,0.0,0.0,0.046700000000000005,0.0035,0.05562523106286856,0.1327491428316463,-0.08272156330596533,0.002745288834498617,0.0007019265618529139,-0.009329304244122403,-0.004030049119610807,-0.003015000000000003,-0.00030754911961080396,-0.0007074999999999974,0.0,0.0,-0.003,0.00035096328092645694,0.03159407362586219,0.01678740446660157,0.002745288834498617,0.015272537787349905,0.015272537787349905,0.045431089775488674,-0.0047051683961615975,-0.005241597551967074,0.000845600844289491,0.025002620478936293,-0.0022,-0.00677469065412879,-0.00041881948709487915,-0.006355871167033911,0.2897648990863846,0.2595211561237063,0.030243742962678274,0.784449577331543,0.05009794235229492,6987,4133,0,0.5889941266604832,1.0746235450108845,12,8,11120,6987,4133,0.04264748452329291,cuda,48.5537109375
97,138,200,True,853,853,487,487,11,355,11,1.0,1.5404454865181711,1.5404454865181711,1.6139630390143738,42.934489364400896,39.54258904412624,82.47707840852713,0.02146724468220045,0.01977129452206312,0.04123853920426357,0.6118881118881119,175,97,78,111,0,94,84.25,52.82112332112333,9,102,9.0,8.0,78,0,31,324,0,3020.3676001937756,302.03676001937754,4019.938634115076,401.9938634115076,176.22416496067459,17.62241649606746,3802.1128557833867,380.2112855783387,4210.0,421.0,9,0.042125,-0.0049499999999999995,0.042125,-0.0049499999999999995,0.0,0.0,0.042125,0.0045,0.04069648931199496,0.16906557188559007,-0.06923119389206706,0.0040488896073769065,0.0002771170982346531,-0.005840935057480414,-0.006705805054695023,-0.004859999999999992,-0.0004333050546950288,-0.0014124999999999928,0.0,0.0,-0.009,0.00013855854911732656,0.021467244682200425,0.01977129452206314,0.0040488896073769065,0.018179067543158955,0.018179067543158955,0.12909493510305553,-0.0021774836481378173,-0.0011560453383500948,0.0006492357201106297,0.026410561660561667,-0.004399999999999999,-0.003976254649127701,-0.0023387269183461155,-0.001637527730781585,0.315951705025509,0.2769250422716141,0.03902666275389492,0.8023545742034912,0.0398106575012207,7012,4007,0,0.6064902765410287,1.1071756333112717,13,8,11019,7012,4007,0.04489868490917312,cuda,47.66748046875
98,139,200,True,1147,1147,690,690,101,356,98,0.9702970297029703,1.7279860505666957,1.7279860505666957,1.681159420289855,76.24752474432555,38.608139057775,114.85566380210054,0.03812376237216277,0.0193040695288875,0.05742783190105027,0.8210526315789474,234,158,76,51,0,156,101.25476190476189,59.481019164907465,4,47,4.0,4.0,72,0,51,305,0,4300.51552163862,430.051552163862,9008.953329851938,900.8953329851938,342.9792134014179,34.29792134014179,5415.946650009984,541.5946650009985,5245.0,524.5,0,0.05062738095238094,-0.0022,0.05062738095238094,-0.0022,0.0,0.0,0.05062738095238094,0.002,0.06662306527933047,0.13453091751144902,-0.11883340432681024,0.0038446904699236087,0.0009866939386182494,-0.01055936025043541,-0.006334950116499994,-0.004574999999999998,-0.0004799501164999971,-0.0012799999999999925,0.0,-7.500000000000001e-05,0.0,0.0004933469693091248,0.03812376237216269,0.019304069528887535,0.0038446904699236087,0.016073233646254043,0.016073233646254043,0.012841882833346646,-0.008044412476667236,-0.00671940202088612,0.0010775033212443485,0.029740509582453743,-0.0022,-0.003976254649127701,-0.0023387269183461155,-0.001637527730781585,0.315951705025509,0.2769250422716141,0.03902666275389492,0.8023545742034912,0.0398106575012207,7012,4007,0,0.6064902765410287,1.1071756333112717,13,8,11019,7012,4007,0.04489868490917312,cuda,47.66748046875
99,140,200,True,906,906,528,528,27,351,27,1.0,1.6258278145695364,1.6258278145695364,1.5909090909090908,62.93142203614061,43.36408799671565,106.29551003285626,0.0314657110180703,0.02168204399835782,0.05314775501642813,0.7793594306049823,219,111,108,62,0,109,97.75,55.44634254634256,3,59,3.0,3.0,107,0,60,291,0,3315.2185520522744,331.52185520522744,5284.405168299306,528.4405168299306,214.8588467435093,21.48588467435093,4175.192520071205,417.5192520071205,4395.0,439.5,7,0.048875,-0.0016500000000000002,0.048875,-0.0016500000000000002,0.0,0.0,0.048875,0.0015,0.046863462373823904,0.1542308426532672,-0.07740781122437847,0.0024955264106177417,0.0006249242231315718,-0.00687522094075472,-0.005959394771749403,-0.0043650000000000026,-0.0004443947717494031,-0.0011499999999999935,0.0,0.0,-0.007,0.00031246211156578597,0.031465711018070316,0.021682043998357846,0.0024955264106177417,0.01691526267593737,0.01691526267593737,0.06203327542465874,-0.0023546359654992794,-0.0016722700063836068,0.0008256393042720325,0.02772317127317128,-0.0016500000000000002,-0.003976254649127701,-0.0023387269183461155,-0.001637527730781585,0.315951705025509,0.2769250422716141,0.03902666275389492,0.8023545742034912,0.0398106575012207,7012,4007,0,0.6064902765410287,1.1071756333112717,13,8,11019,7012,4007,0.04489868490917312,cuda,47.66748046875
100,141,200,True,880,880,480,480,12,388,12,1.0,1.4375,1.4375,1.5,33.80347159361054,33.390124101739985,67.19359569535052,0.01690173579680527,0.016695062050869992,0.03359679784767526,0.5789473684210527,165,79,86,120,0,75,70.0,41.682539682539684,6,114,6.0,5.0,86,0,30,358,0,2702.953479676634,270.29534796766336,3303.310193998473,330.3310193998473,160.13523133608211,16.01352313360821,3399.516115443404,339.9516115443404,4340.0,434.0,9,0.035,-0.0033,0.035,-0.0033,0.0,0.0,0.035,0.003,0.032549192881396835,0.17424105181841376,-0.07309538675788815,0.002614045034005906,0.00018394284110567118,-0.005339703365058288,-0.007247146249377817,-0.0053699999999999816,-0.00031464624937782104,-0.0015624999999999918,0.0,0.0,-0.009,9.19714205528356e-05,0.016901735796805296,0.016695062050869996,0.002614045034005906,0.018797059675566666,0.018797059675566666,0.12009576317069684,-0.002306970124568062,-0.0012579925402757925,0.0004959681306400314,0.02084126984126984,-0.00275,-0.003976254649127701,-0.0023387269183461155,-0.001637527730781585,0.315951705025509,0.2769250422716141,0.03902666275389492,0.8023545742034912,0.0398106575012207,7012,4007,0,0.6064902765410287,1.1071756333112717,13,8,11019,7012,4007,0.04489868490917312,cuda,47.66748046875
101,142,200,True,689,689,385,385,9,295,9,1.0,1.6400580551523947,1.6400580551523947,1.7688311688311689,36.313638644764595,34.142739182199215,70.4563778269638,0.0181568193223823,0.017071369591099606,0.0352281889134819,0.5854545454545454,161,90,71,114,1,85,75.7357142857143,48.35615791615791,9,105,9.0,8.0,70,0,17,278,0,3039.432989714399,303.9432989714399,3968.640010318066,396.8640010318066,147.26072388101642,14.726072388101642,3824.3906855186938,382.43906855186935,3400.0,340.0,9,0.03786785714285715,-0.0049499999999999995,0.03786785714285715,-0.0049499999999999995,0.0,0.0,0.03786785714285715,0.0045,0.0367935050297377,0.12616725579305366,-0.055024725390042176,0.0030722963833368713,0.00017625622400929076,-0.004738717208024808,-0.00582018157662629,-0.004170000000000007,-0.0003051815766262899,-0.0013449999999999944,0.0,0.0,-0.009,8.812811200464538e-05,0.01815681932238226,0.017071369591099613,0.0030722963833368713,0.014089444351727806,0.014089444351727806,0.12223141264197766,-0.001978634701106598,-0.0014931473357717104,0.0004922090570860618,0.024178078958078955,-0.0044,-0.003976254649127701,-0.0023387269183461155,-0.001637527730781585,0.315951705025509,0.2769250422716141,0.03902666275389492,0.8023545742034912,0.0398106575012207,7012,4007,0,0.6064902765410287,1.1071756333112717,13,8,11019,7012,4007,0.04489868490917312,cuda,47.66748046875
102,143,200,True,715,715,414,414,18,283,18,1.0,1.7972027972027973,1.7972027972027973,1.818840579710145,55.77569233990666,39.49191495024497,95.26760729015163,0.02788784616995333,0.019745957475122485,0.047633803645075815,0.6666666666666666,184,109,75,92,0,107,91.75,51.6934065934066,6,86,6.0,4.0,75,0,52,231,0,3466.768571591863,346.6768571591863,5196.417827239486,519.6417827239486,172.10324119412644,17.210324119412643,4362.726724316873,436.2726724316873,3485.0,348.5,7,0.045875,-0.0033,0.045875,-0.0033,0.0,0.0,0.045875,0.003,0.046273882933720145,0.12277820211447289,-0.06055993072949157,0.0024996451646201677,0.0005020338666981109,-0.005293064205899919,-0.0046887014117265435,-0.0034650000000000067,-0.00037120141172654103,-0.0008524999999999967,0.0,0.0,-0.007,0.00025101693334905544,0.027887846169953323,0.019745957475122485,0.0024996451646201677,0.014106405581034953,0.014106405581034953,0.07568236193094992,-0.0018689459277452787,-0.001400320601629881,0.0005728475947479114,0.0258467032967033,-0.0022,-0.003976254649127701,-0.0023387269183461155,-0.001637527730781585,0.315951705025509,0.2769250422716141,0.03902666275389492,0.8023545742034912,0.0398106575012207,7012,4007,0,0.6064902765410287,1.1071756333112717,13,8,11019,7012,4007,0.04489868490917312,cuda,47.66748046875
103,144,200,True,901,901,531,531,11,359,11,1.0,1.4506104328523863,1.4506104328523863,1.4764595103578155,35.98405191505868,32.636470824972356,68.62052274003103,0.01799202595752934,0.016318235412486178,0.03431026137001552,0.5587188612099644,157,75,82,124,0,72,67.08333333333334,36.820634920634916,1,123,1.0,1.0,81,0,9,350,0,2691.4939008520705,269.1493900852071,3535.3565245596765,353.53565245596764,190.84102627358888,19.084102627358888,3384.36769138026,338.436769138026,4450.0,445.0,9,0.03354166666666667,-0.00055,0.03354166666666667,-0.00055,0.0,0.0,0.03354166666666667,0.0005,0.03152760043066759,0.1825452139722626,-0.06751811611964928,0.0029476476564303847,0.00018237750512985188,-0.00665129045583028,-0.007074151317144187,-0.005249999999999984,-0.00033665131714419165,-0.0014874999999999919,0.0,0.0,-0.009,9.118875256492595e-05,0.01799202595752939,0.01631823541248617,0.0029476476564303847,0.01954824623778697,0.01954824623778697,0.14033474299655335,-0.0029370564344807304,-0.0012155577349139434,0.0006116706752996277,0.018410317460317457,-0.00055,-0.003976254649127701,-0.0023387269183461155,-0.001637527730781585,0.315951705025509,0.2769250422716141,0.03902666275389492,0.8023545742034912,0.0398106575012207,7012,4007,0,0.6064902765410287,1.1071756333112717,13,8,11019,7012,4007,0.04489868490917312,cuda,47.66748046875
104,145,200,True,921,921,492,492,46,383,46,1.0,1.722041259500543,1.722041259500543,1.7195121951219512,71.99386747678237,41.218735274006576,113.21260275078895,0.03599693373839118,0.020609367637003287,0.05660630137539447,0.8291814946619217,233,129,104,48,0,127,101.53333333333332,52.710777131365376,2,46,2.0,1.0,103,0,136,247,0,3679.5931641956095,367.95931641956093,6574.817402835424,657.4817402835424,213.5874910591147,21.35874910591147,4635.967611812257,463.5967611812257,4375.0,437.5,4,0.05076666666666666,-0.0011,0.05076666666666666,-0.0011,0.0,0.0,0.05076666666666666,0.001,0.05457520600715558,0.1286661723387272,-0.08689213922986579,0.003524908626813807,0.0006374209289087044,-0.006291822598852435,-0.005065782647037809,-0.0037050000000000086,-0.0003907826470378076,-0.000969999999999995,0.0,0.0,-0.004,0.0003187104644543523,0.03599693373839114,0.020609367637003283,0.003524908626813807,0.014875838847895182,0.014875838847895182,0.030867089231662023,-0.004155370599070724,-0.0029322494258207247,0.0007902323500553824,0.02635538856568269,-0.00055,-0.003976254649127701,-0.0023387269183461155,-0.001637527730781585,0.315951705025509,0.2769250422716141,0.03902666275389492,0.8023545742034912,0.0398106575012207,7012,4007,0,0.6064902765410287,1.1071756333112717,13,8,11019,7012,4007,0.04489868490917312,cuda,47.66748046875
105,146,200,True,1030,1030,523,523,63,444,63,1.0,1.6757281553398058,1.6757281553398058,1.8317399617590822,58.049636966543204,37.04368560974215,95.09332257628535,0.0290248184832716,0.018521842804871073,0.04754666128814267,0.7456445993031359,214,129,85,73,0,125,86.62380952380951,52.833183744360234,6,67,6.0,5.0,85,0,190,254,0,3989.2652251105224,398.9265225110522,7366.413402455948,736.6413402455948,244.97646332091668,24.49764633209167,5023.0648640264935,502.30648640264934,4835.0,483.5,3,0.04331190476190476,-0.0033,0.04331190476190476,-0.0033,0.0,0.0,0.04331190476190476,0.003,0.05393331658423689,0.12503335091301196,-0.08007425177002327,0.0025412335059626246,0.0006289781347448302,-0.007366273695039529,-0.005281687730469721,-0.0038100000000000096,-0.0003691877304697222,-0.0011024999999999958,0.0,0.0,-0.003,0.00031448906737241515,0.029024818483271583,0.01852184280487107,0.0025412335059626246,0.01483787459330432,0.01483787459330432,0.023501634333662456,-0.0032363519753017297,-0.0036888868259817467,0.0007857157623466614,0.026416591872180123,-0.00275,-0.0017558936391853623,-0.0010055840481072663,-0.000750309591078096,0.24555164899470078,0.2153484307229519,0.030203218271748888,0.8322056531906128,0.05283200740814209,7675,4211,0,0.5296382457017899,0.9411941700511508,14,8,11886,7675,4211,0.04185778602579651,cuda,49.2138671875
106,147,200,True,706,706,385,385,10,311,10,1.0,1.63314447592068,1.63314447592068,1.838961038961039,35.503368800540024,35.40068868085275,70.90405748139278,0.017751684400270012,0.017700344340426378,0.03545202874069639,0.6428571428571429,180,85,95,100,0,81,73.65238095238095,45.87589743589743,6,94,6.0,5.0,95,0,0,311,0,3067.404031778602,306.74040317786023,3986.0965144943502,398.60965144943503,134.97111323526272,13.497111323526273,3856.3392083237068,385.6339208323707,3480.0,348.0,10,0.03682619047619048,-0.0033000000000000004,0.03682619047619048,-0.0033000000000000004,0.0,0.0,0.03682619047619048,0.003,0.03565096421354918,0.1355818623728554,-0.05846672871078046,0.0020208303060695004,0.00018583099484939644,-0.0042470080724113105,-0.006340155164142377,-0.004664999999999996,-0.00030015516414238255,-0.0013749999999999938,0.0,0.0,-0.01,9.291549742469823e-05,0.01775168440026998,0.017700344340426378,0.0020208303060695004,0.015034650642098316,0.015034650642098316,0.12772115607096177,-0.0017255302324783656,-0.000845411435418804,0.0005292377736070213,0.022937948717948714,-0.00275,-0.0017558936391853623,-0.0010055840481072663,-0.000750309591078096,0.24555164899470078,0.2153484307229519,0.030203218271748888,0.8322056531906128,0.05283200740814209,7675,4211,0,0.5296382457017899,0.9411941700511508,14,8,11886,7675,4211,0.04185778602579651,cuda,49.2138671875
107,148,200,True,1215,1215,730,730,95,390,95,1.0,1.62880658436214,1.62880658436214,1.6232876712328768,56.399266648483305,25.245790684827504,81.6450573333108,0.028199633324241653,0.012622895342413752,0.0408225286666554,0.7985611510791367,222,143,79,56,0,140,78.54761904761902,48.399685346084446,7,49,7.0,7.0,79,0,187,203,0,3974.699430939739,397.46994309397394,8254.877399212935,825.4877399212935,319.6601509008952,31.96601509008952,5005.322229622846,500.5322229622846,5600.0,560.0,0,0.03927380952380951,-0.0038499999999999997,0.03927380952380951,-0.0038499999999999997,0.0,0.0,0.03927380952380951,0.0035,0.059939623392151156,0.1429096327858073,-0.13610005078968218,0.004419722314910543,0.000987411727504829,-0.009893484239850404,-0.004230449060910601,-0.003045000000000003,-0.00041544906091059794,-0.0007699999999999969,0.0,0.0,0.0,0.0004937058637524145,0.028199633324241653,0.012622895342413749,0.004419722314910543,0.016678650159241287,0.016678650159241287,0.01163016495503841,-0.008408434013559068,-0.013354400870213947,0.0010648482681187507,0.024199842673042225,-0.0038499999999999997,-0.0017558936391853623,-0.0010055840481072663,-0.000750309591078096,0.24555164899470078,0.2153484307229519,0.030203218271748888,0.8322056531906128,0.05283200740814209,7675,4211,0,0.5296382457017899,0.9411941700511508,14,8,11886,7675,4211,0.04185778602579651,cuda,49.2138671875
108,149,200,True,917,917,498,498,49,370,49,1.0,1.7339149400218103,1.7339149400218103,1.7991967871485943,70.08122621054297,44.02846674378585,114.1096929543288,0.035040613105271484,0.022014233371892924,0.057054846477164405,0.778169014084507,221,126,95,63,0,124,100.20952380952382,57.259035057014614,3,60,3.0,2.0,95,0,88,282,0,3694.9425591344852,369.4942559134485,6763.354858418773,676.3354858418772,218.08636158170592,21.808636158170593,4653.899032613741,465.3899032613741,4340.0,434.0,4,0.0501047619047619,-0.0016500000000000002,0.0501047619047619,-0.0016500000000000002,0.0,0.0,0.0501047619047619,0.0015,0.05327156914322136,0.12720502597535677,-0.07388179850121276,0.0037945423508219302,0.0009990285396039096,-0.00657432620940537,-0.005904980913000412,-0.0042300000000000055,-0.00039498091300041595,-0.001279999999999994,0.0,0.0,-0.004,0.0004995142698019548,0.03504061310527142,0.022014233371892906,0.0037945423508219302,0.014672330069136536,0.014672330069136536,0.05177745600131573,-0.0032853600477269233,-0.0031388052607764423,0.0007914274713003794,0.028629517528507308,-0.0011,-0.0017558936391853623,-0.0010055840481072663,-0.000750309591078096,0.24555164899470078,0.2153484307229519,0.030203218271748888,0.8322056531906128,0.05283200740814209,7675,4211,0,0.5296382457017899,0.9411941700511508,14,8,11886,7675,4211,0.04185778602579651,cuda,49.2138671875
109,150,200,True,1162,1162,669,669,98,395,98,1.0,1.6910499139414803,1.6910499139414803,1.647234678624813,61.14210170557765,26.996068722761766,88.13817042833942,0.030571050852788825,0.013498034361380883,0.04406908521416971,0.8194945848375451,227,155,72,50,0,152,81.16904761904762,42.66422274708589,4,46,4.0,3.0,70,0,248,147,0,4230.027583559889,423.0027583559889,8889.75515558363,888.9755155583631,350.3754974961811,35.03754974961811,5329.654073313929,532.965407331393,5320.0,532.0,0,0.04058452380952382,-0.0022,0.04058452380952382,-0.0022,0.0,0.0,0.04058452380952382,0.002,0.06493654478763213,0.1341109579230285,-0.12538140420572394,0.0037659612716920187,0.0005004891740255059,-0.010254731890401995,-0.0030615218849459856,-0.002204999999999996,-0.00038902188494598463,-0.00046750000000000036,0.0,0.0,0.0,0.00025024458701275297,0.03057105085278882,0.013498034361380879,0.0037659612716920187,0.015792255209692928,0.015792255209692928,0.007116567672289537,-0.005961042038016649,-0.008396639228071559,0.0011274579757310115,0.02133211137354294,-0.0016500000000000002,-0.0017558936391853623,-0.0010055840481072663,-0.000750309591078096,0.24555164899470078,0.2153484307229519,0.030203218271748888,0.8322056531906128,0.05283200740814209,7675,4211,0,0.5296382457017899,0.9411941700511508,14,8,11886,7675,4211,0.04185778602579651,cuda,49.2138671875
110,151,200,True,795,795,417,417,5,373,5,1.0,1.4490566037735848,1.4490566037735848,1.5995203836930456,24.064526883912777,25.34405941676031,49.408586300673086,0.012032263441956388,0.012672029708380154,0.024704293150336544,0.40714285714285714,114,67,47,166,0,64,62.58333333333333,33.85470085470085,8,158,8.0,7.0,47,0,0,373,0,2525.046674411639,252.5046674411639,2897.5896842566835,289.75896842566834,136.2817929912116,13.628179299121161,3174.7117596692156,317.4711759669216,3950.0,395.0,10,0.03129166666666666,-0.004399999999999999,0.03129166666666666,-0.004399999999999999,0.0,0.0,0.03129166666666666,0.004,0.028087751288786787,0.1525140536256629,-0.04832950436746082,0.001845524170542129,0.0,-0.004652911146811311,-0.00792657282125391,-0.005594999999999977,-0.00028907282125391765,-0.0020424999999999905,0.0,0.0,-0.01,0.0,0.012032263441956377,0.012672029708380153,0.001845524170542129,0.016623723762094565,0.016623723762094565,0.17486991990609016,-0.0021788189765394967,-0.00018145025781655984,0.0005212233643692156,0.016927350427350427,-0.0038499999999999997,-0.0017558936391853623,-0.0010055840481072663,-0.000750309591078096,0.24555164899470078,0.2153484307229519,0.030203218271748888,0.8322056531906128,0.05283200740814209,7675,4211,0,0.5296382457017899,0.9411941700511508,14,8,11886,7675,4211,0.04185778602579651,cuda,49.2138671875
111,152,200,True,992,992,513,513,29,450,29,1.0,1.5866935483870968,1.5866935483870968,1.668615984405458,49.983390493090894,39.45236049297986,89.43575098607076,0.02499169524654545,0.01972618024648993,0.04471787549303538,0.7024221453287197,203,112,91,86,0,107,84.83571428571429,54.565417676005914,5,81,5.0,5.0,91,0,63,387,0,3540.1544019996377,354.0154401999638,5742.835838975504,574.2835838975504,232.28589411735803,23.228589411735804,4454.97222728861,445.497222728861,4815.0,481.5,7,0.042417857142857146,-0.00275,0.042417857142857146,-0.00275,0.0,0.0,0.042417857142857146,0.0025,0.04608675704412811,0.14119565612287824,-0.05949236562212992,0.0023516557468637,0.000715587846273074,-0.0075287889178297625,-0.008011554957742204,-0.0058049999999999725,-0.0002890549577422091,-0.0019174999999999895,0.0,0.0,-0.007,0.0003577939231365371,0.024991695246545455,0.019726180246489887,0.0023516557468637,0.015794335540888958,0.015794335540888958,0.058359627175125266,-0.0030664760947151995,-0.002244131803256884,0.0005096330033582746,0.027282708838002958,-0.00275,-0.0017558936391853623,-0.0010055840481072663,-0.000750309591078096,0.24555164899470078,0.2153484307229519,0.030203218271748888,0.8322056531906128,0.05283200740814209,7675,4211,0,0.5296382457017899,0.9411941700511508,14,8,11886,7675,4211,0.04185778602579651,cuda,49.2138671875
112,153,200,True,858,858,476,476,68,314,67,0.9852941176470589,1.775058275058275,1.775058275058275,1.6407563025210083,54.0100170805807,26.97992127176243,80.98993835234313,0.02700500854029035,0.013489960635881214,0.04049496917617156,0.7797202797202797,223,124,99,63,0,119,81.52142857142859,37.17479981347629,2,61,2.0,2.0,97,0,73,241,0,4016.566162623689,401.65661626236886,6878.704050468896,687.8704050468896,240.69995512964513,24.069995512964514,5058.192132744702,505.81921327447014,3955.0,395.5,5,0.040760714285714296,-0.0011,0.040760714285714296,-0.0011,0.0,0.0,0.040760714285714296,0.001,0.051474239301593616,0.11344974088334336,-0.07011533808250346,0.0031014107960325435,0.00028459908351987165,-0.0071661645028124514,-0.004905322289796753,-0.003615000000000008,-0.00029782228979675007,-0.0009924999999999962,0.0,-2.5e-05,-0.005,0.00014229954175993582,0.02700500854029033,0.013489960635881225,0.0031014107960325435,0.01284203325168901,0.01284203325168901,0.035789080788337355,-0.0029095355306826276,-0.004370101190916059,0.0006760101395916001,0.018587399906738144,-0.0011,-0.0017558936391853623,-0.0010055840481072663,-0.000750309591078096,0.24555164899470078,0.2153484307229519,0.030203218271748888,0.8322056531906128,0.05283200740814209,7675,4211,0,0.5296382457017899,0.9411941700511508,14,8,11886,7675,4211,0.04185778602579651,cuda,49.2138671875
113,154,200,True,821,821,467,467,19,335,18,0.9473684210526315,1.6601705237515225,1.6601705237515225,1.614561027837259,49.445975301464216,35.77294893471975,85.21892423618397,0.02472298765073211,0.017886474467359876,0.04260946211809198,0.6524822695035462,184,106,78,98,0,102,91.05952380952381,46.766068376068375,10,88,10.0,5.0,76,0,44,291,0,3380.7401243447425,338.07401243447424,4899.442340007242,489.9442340007242,184.7890990410956,18.47890990410956,4256.178087169497,425.61780871694975,4015.0,401.5,8,0.045529761904761906,-0.0055000000000000005,0.045529761904761906,-0.0055000000000000005,0.0,0.0,0.045529761904761906,0.005,0.044089675446528545,0.14728893953517622,-0.07355825537818386,0.003111893859664436,0.00034781023659147237,-0.005823400726046374,-0.005808248141621633,-0.0043650000000000026,-0.00027324814162163507,-0.0011699999999999942,0.0,-2.5e-05,-0.008,0.00017390511829573619,0.0247229876507321,0.017886474467359872,0.003111893859664436,0.01605471187219502,0.01605471187219502,0.09295709627094015,-0.002584290469087521,-0.0011121192313886226,0.0005346131847557884,0.02338303418803419,-0.00275,-0.00563027848630944,-0.002405485564044544,-0.003224792922264896,0.3990647450754685,0.3574934346335275,0.041571310441941026,0.7471632957458496,0.04569530487060547,6894,4069,0,0.5218881283487592,0.9676280736923217,15,8,10963,6894,4069,0.047587033570350976,cuda,48.08447265625
114,155,200,True,853,853,504,504,32,317,32,1.0,1.5849941383352872,1.5849941383352872,1.5674603174603174,45.64620628414677,34.91324533644723,80.559451620594,0.022823103142073385,0.017456622668223617,0.040279725810297,0.6197183098591549,176,103,73,108,0,99,88.16666666666666,48.95384615384616,12,96,12.0,8.316764358417387,71,0,51,266,0,3164.7151122646505,316.47151122646505,4551.252377692667,455.12523776926673,188.1772845033337,18.81772845033337,3984.91113215461,398.49111321546104,4105.0,410.5,8,0.044083333333333335,-0.006599999999999999,0.044083333333333335,-0.006599999999999999,0.0,0.0,0.044083333333333335,0.006,0.04279624739863625,0.1621017965649256,-0.09009504930099803,0.004466732960142117,0.000353455346938582,-0.005797834706210698,-0.005351334584346584,-0.003990000000000011,-0.00027883458434658473,-0.0010824999999999958,0.0,0.0,-0.008,0.00017672767346929097,0.02282310314207337,0.017456622668223603,0.004466732960142117,0.01750158042021201,0.01750158042021201,0.09226502393783216,-0.0032367736885565274,-0.0028153223520729228,0.0006498785940337287,0.02447692307692308,-0.004574220397129563,-0.00563027848630944,-0.002405485564044544,-0.003224792922264896,0.3990647450754685,0.3574934346335275,0.041571310441941026,0.7471632957458496,0.04569530487060547,6894,4069,0,0.5218881283487592,0.9676280736923217,15,8,10963,6894,4069,0.047587033570350976,cuda,48.08447265625
115,156,200,True,972,972,563,563,52,357,52,1.0,1.6574074074074074,1.6574074074074074,1.6642984014209592,64.71057505389496,42.93285209066599,107.64342714456095,0.032355287526947475,0.021466426045332995,0.05382171357228047,0.833922261484099,236,129,107,47,0,123,97.55476190476189,60.68602508602511,7,40,7.0,6.0,107,0,120,237,0,3727.9099113579405,372.79099113579406,6877.267324159227,687.7267324159227,246.6421387091287,24.664213870912867,4698.0107490722985,469.80107490722986,4600.0,460.0,4,0.04877738095238094,-0.0038499999999999997,0.04877738095238094,-0.0038499999999999997,0.0,0.0,0.04877738095238094,0.0035,0.05262574800580428,0.1547218886909888,-0.10839907630130316,0.0031002469088531773,0.0008421575755791451,-0.007494189759046885,-0.004818756655291013,-0.0035550000000000074,-0.00031375665529101155,-0.0009499999999999964,0.0,0.0,-0.004,0.0004210787877895726,0.032355287526947475,0.021466426045333005,0.0031002469088531773,0.01733304701468064,0.01733304701468064,0.05166585203286061,-0.0044744596656688855,-0.003727977946523642,0.0007802765415567384,0.030343012543012554,-0.0033,-0.00563027848630944,-0.002405485564044544,-0.003224792922264896,0.3990647450754685,0.3574934346335275,0.041571310441941026,0.7471632957458496,0.04569530487060547,6894,4069,0,0.5218881283487592,0.9676280736923217,15,8,10963,6894,4069,0.047587033570350976,cuda,48.08447265625
116,157,200,True,900,900,516,516,27,357,26,0.9629629629629629,1.7977777777777777,1.7977777777777777,1.7228682170542635,65.93352407069494,36.41591979729209,102.34944386798703,0.03296676203534747,0.018207959898646046,0.051174721933993514,0.717391304347826,198,130,68,78,0,128,101.75,53.489377289377295,10,68,10.0,7.746649838601357,67,0,132,225,0,3984.1010203812266,398.41010203812266,7231.3678597281205,723.136785972812,227.71340721554637,22.771340721554637,5016.337266320119,501.63372663201187,4370.0,437.0,4,0.050875,-0.0055,0.050875,-0.0055,0.0,0.0,0.050875,0.005,0.05523436022065942,0.13550343155066483,-0.0652472979512141,0.002972033266351519,0.001343440314152033,-0.007094872026585018,-0.004581735649017035,-0.0033750000000000056,-0.00028173564901703193,-0.0009249999999999957,0.0,-2.5e-05,-0.004,0.000671720157076016,0.03296676203534747,0.018207959898646014,0.002972033266351519,0.015215357894060305,0.015215357894060305,0.07532197010634221,-0.0037306779506878444,-0.001982095288928447,0.0006569450403743308,0.026744688644688652,-0.004260657411230747,-0.00563027848630944,-0.002405485564044544,-0.003224792922264896,0.3990647450754685,0.3574934346335275,0.041571310441941026,0.7471632957458496,0.04569530487060547,6894,4069,0,0.5218881283487592,0.9676280736923217,15,8,10963,6894,4069,0.047587033570350976,cuda,48.08447265625
117,158,200,True,693,693,395,395,32,266,32,1.0,1.8629148629148629,1.8629148629148629,1.9240506329113924,57.55791052365971,42.43762270290684,99.99553322656655,0.028778955261829855,0.021218811351453423,0.04999776661328328,0.6702508960573477,187,114,73,92,0,113,97.16666666666664,58.53321123321125,9,83,9.0,7.0,72,0,29,237,0,3472.5937374237296,347.259373742373,5343.295965626937,534.3295965626937,165.58848345819158,16.558848345819158,4374.30811998499,437.43081199849905,3305.0,330.5,7,0.04858333333333332,-0.0049499999999999995,0.04858333333333332,-0.0049499999999999995,0.0,0.0,0.04858333333333332,0.0045,0.0484912666566903,0.11837347561791704,-0.05010739069547974,0.0025284614237002442,0.0006555303310257241,-0.004787390207782195,-0.0048787781478482695,-0.0035550000000000074,-0.0002662781478482669,-0.0010574999999999964,0.0,0.0,-0.007,0.0003277651655128621,0.028778955261829844,0.02121881135145343,0.0025284614237002442,0.013576094191762677,0.013576094191762677,0.09208049805188,-0.0018146711323154176,-0.0008770657193684818,0.0006013952960997875,0.029266605616605625,-0.0038499999999999997,-0.00563027848630944,-0.002405485564044544,-0.003224792922264896,0.3990647450754685,0.3574934346335275,0.041571310441941026,0.7471632957458496,0.04569530487060547,6894,4069,0,0.5218881283487592,0.9676280736923217,15,8,10963,6894,4069,0.047587033570350976,cuda,48.08447265625
118,159,200,True,859,859,510,510,41,308,41,1.0,1.660069848661234,1.660069848661234,1.572549019607843,49.87587206505011,32.58631778364772,82.46218984869783,0.024937936032525056,0.01629315889182386,0.04123109492434891,0.7619047619047619,208,107,101,65,0,102,80.2357142857143,42.2267243867244,4,61,4.0,2.0,100,0,42,266,0,3481.4440719610598,348.144407196106,5816.065391010097,581.6065391010097,228.943735162657,22.8943735162657,4382.967601810603,438.2967601810603,4090.0,409.0,6,0.04011785714285715,-0.0022,0.04011785714285715,-0.0022,0.0,0.0,0.04011785714285715,0.002,0.04420047166007694,0.13160572957848923,-0.06610120086760761,0.003357779719046232,0.0007196902727284925,-0.007389389139920022,-0.0054445899055787506,-0.003990000000000011,-0.00034958990557874917,-0.001104999999999995,0.0,0.0,-0.006,0.0003598451363642463,0.024937936032525063,0.016293158891823856,0.003357779719046232,0.014645486930829319,0.014645486930829319,0.05452356088675249,-0.002534298498306574,-0.002947030024440126,0.0006636158149541728,0.021113362193362205,-0.0011,-0.00563027848630944,-0.002405485564044544,-0.003224792922264896,0.3990647450754685,0.3574934346335275,0.041571310441941026,0.7471632957458496,0.04569530487060547,6894,4069,0,0.5218881283487592,0.9676280736923217,15,8,10963,6894,4069,0.047587033570350976,cuda,48.08447265625
119,160,200,True,763,763,469,469,34,260,34,1.0,1.7745740498034075,1.7745740498034075,1.814498933901919,64.13843497263515,49.35791308018638,113.49634805282153,0.032069217486317574,0.02467895654009319,0.05674817402641077,0.6771929824561403,193,118,75,92,0,113,98.61666666666667,65.88553113553115,5,87,5.0,4.0,73,0,25,235,0,3461.38969187476,346.138969187476,5826.510827656752,582.6510827656751,182.06748023308396,18.206748023308396,4359.501787052384,435.95017870523844,3645.0,364.5,6,0.049308333333333336,-0.00275,0.049308333333333336,-0.00275,0.0,0.0,0.049308333333333336,0.0025,0.04821313970354181,0.12739933460903033,-0.06553980098994877,0.0018644830794813882,0.0009049887616714143,-0.005464159133425882,-0.004854430750681138,-0.003525000000000007,-0.0002844307506811381,-0.001044999999999996,0.0,0.0,-0.006,0.0004524943808357073,0.032069217486317525,0.024678956540093208,0.0018644830794813882,0.01453353454721238,0.01453353454721238,0.07576950832096854,-0.00250021583949502,-0.0019461131966968003,0.0007047129447572265,0.03294276556776557,-0.0022,-0.00563027848630944,-0.002405485564044544,-0.003224792922264896,0.3990647450754685,0.3574934346335275,0.041571310441941026,0.7471632957458496,0.04569530487060547,6894,4069,0,0.5218881283487592,0.9676280736923217,15,8,10963,6894,4069,0.047587033570350976,cuda,48.08447265625
120,161,200,True,1033,1033,645,645,106,282,106,1.0,1.7879961277831558,1.7879961277831558,1.6511627906976745,62.68196443769139,26.985254690512374,89.66721912820377,0.031340982218845695,0.013492627345256187,0.04483360956410189,0.8321167883211679,228,148,80,46,0,144,85.03333333333335,43.370188145188166,4,42,4.0,4.0,79,0,136,146,0,4382.300898331433,438.2300898331433,8960.70327770585,896.070327770585,336.76307546655426,33.67630754665542,5518.84200538852,551.884200538852,4635.0,463.5,1,0.04251666666666669,-0.0022,0.04251666666666669,-0.0022,0.0,0.0,0.04251666666666669,0.002,0.06191461679431341,0.12152491482703612,-0.11709772548205591,0.004258676000315796,0.0005649314459351208,-0.009937920712464793,-0.0030372523635795023,-0.0021899999999999958,-0.0003122523635795011,-0.0005350000000000002,0.0,0.0,-0.001,0.00028246572296756047,0.031340982218845674,0.013492627345256183,0.004258676000315796,0.014286139324936735,0.014286139324936735,0.01839392326306059,-0.007213618782368443,-0.005878048667176781,0.00106316817630349,0.021685094072594082,-0.0022,-0.00563027848630944,-0.002405485564044544,-0.003224792922264896,0.3990647450754685,0.3574934346335275,0.041571310441941026,0.7471632957458496,0.04569530487060547,6894,4069,0,0.5218881283487592,0.9676280736923217,15,8,10963,6894,4069,0.047587033570350976,cuda,48.08447265625
121,162,200,True,654,654,454,454,23,177,23,1.0,1.9480122324159022,1.9480122324159022,1.7533039647577093,56.8838253474944,44.52047833192419,101.40430367941859,0.0284419126737472,0.022260239165962096,0.050702151839709296,0.7031802120141343,199,117,82,84,0,114,94.6190476190476,57.17975579975581,8,76,8.0,2.0,80,0,19,158,0,3653.8354556429663,365.38354556429664,5966.773573810181,596.677357381018,195.26249493878086,19.526249493878087,4600.241003711,460.0241003711,3155.0,315.5,7,0.0473095238095238,-0.004399999999999999,0.0473095238095238,-0.004399999999999999,0.0,0.0,0.0473095238095238,0.004,0.04921854066552297,0.12168642828024308,-0.07397678076135426,0.002602232145205428,0.00045560886106419773,-0.005912380464582328,-0.003236646126482067,-0.0023699999999999975,-0.0002516461264820634,-0.0006149999999999988,0.0,0.0,-0.007,0.00022780443053209884,0.02844191267374718,0.022260239165962113,0.002602232145205428,0.013836539856962916,0.013836539856962916,0.052949383450751696,-0.0023938101668949854,-0.0015612584064763205,0.0006690921044623427,0.028589877899877904,-0.0011,-0.004660482169128954,-0.001345274248160422,-0.0033152079209685325,0.26063362635672094,0.23322588689625262,0.027407739460468292,0.7822054624557495,0.05335700511932373,7930,4923,0,0.5073585897684098,0.8891116118431092,16,8,12853,7930,4923,0.04890897924417048,cuda,55.05810546875
122,163,200,True,1141,1141,827,827,130,184,128,0.9846153846153847,1.7081507449605609,1.7081507449605609,1.6130592503022974,69.61244500569983,29.61857552059753,99.23102052629736,0.03480622250284991,0.014809287760298766,0.04961551026314868,0.8214285714285714,230,150,80,50,0,145,94.03333333333335,53.653069561157835,6,44,6.0,5.0,80,0,13,171,0,4306.74689612913,430.67468961291297,9274.390738638516,927.4390738638516,408.65786974965283,40.86578697496528,5425.803032589869,542.5803032589869,5065.0,506.5,0,0.04701666666666667,-0.0033,0.04701666666666667,-0.0033,0.0,0.0,0.04701666666666667,0.003,0.06211952627017836,0.146989030960774,-0.14070383757226668,0.0041275674473730236,0.000616182920158954,-0.012608891097352016,-0.003383846171756499,-0.002564999999999999,-0.0002563461717564981,-0.0005624999999999995,0.0,-5e-05,0.0,0.00030809146007947704,0.03480622250284991,0.014809287760298748,0.0041275674473730236,0.017173947438929776,0.017173947438929776,0.008884767274398965,-0.011966604112318396,-0.009718472977173914,0.0012078347189419698,0.026826534780578917,-0.00275,-0.004660482169128954,-0.001345274248160422,-0.0033152079209685325,0.26063362635672094,0.23322588689625262,0.027407739460468292,0.7822054624557495,0.05335700511932373,7930,4923,0,0.5073585897684098,0.8891116118431092,16,8,12853,7930,4923,0.04890897924417048,cuda,55.05810546875
123,164,200,True,738,738,469,469,13,256,13,1.0,1.7113821138211383,1.7113821138211383,1.6929637526652452,46.373312985221986,40.19253301668469,86.56584600190668,0.023186656492610994,0.020096266508342345,0.043282923000953336,0.6123188405797102,169,105,64,107,0,101,84.09285714285716,50.797924297924325,8,99,8.0,4.0,64,0,53,203,0,3323.872670484997,332.38726704849967,4988.791550282824,498.87915502828236,174.99895602088918,17.49989560208892,4183.461321283601,418.3461321283601,3625.0,362.5,8,0.04204642857142857,-0.004399999999999999,0.04204642857142857,-0.004399999999999999,0.0,0.0,0.04204642857142857,0.004,0.04378204991212321,0.15000377642637686,-0.062123885004576745,0.002913242773911681,0.0003476979473311008,-0.005590309201856938,-0.0041085870340877954,-0.003045000000000003,-0.00023358703408779126,-0.0008299999999999971,0.0,0.0,-0.008,0.00017384897366555041,0.023186656492611,0.020096266508342345,0.002913242773911681,0.016779043504946595,0.016779043504946595,0.08083296203196388,-0.0021162925666433846,-0.001197504923875015,0.0005869103431007265,0.02539896214896216,-0.0022,-0.004660482169128954,-0.001345274248160422,-0.0033152079209685325,0.26063362635672094,0.23322588689625262,0.027407739460468292,0.7822054624557495,0.05335700511932373,7930,4923,0,0.5073585897684098,0.8891116118431092,16,8,12853,7930,4923,0.04890897924417048,cuda,55.05810546875
124,165,200,True,1162,1162,619,619,117,426,116,0.9914529914529915,1.4845094664371772,1.4845094664371772,1.4830371567043619,48.00141441294787,28.68010448656536,76.68151889951322,0.024000707206473935,0.01434005224328268,0.03834075944975661,0.7338129496402878,204,105,99,74,0,100,69.70100732600734,41.54479046562716,4,70,4.0,4.0,97,0,132,294,0,3100.765904649162,310.0765904649162,6137.51137691002,613.751137691002,270.8999861650365,27.089998616503653,3902.9044433343593,390.2904443334359,5230.0,523.0,2,0.03485050366300367,-0.0022,0.03485050366300367,-0.0022,0.0,0.0,0.03485050366300367,0.002,0.04268493787441156,0.14827827211157513,-0.10373195545428501,0.0033159151000820702,0.001039641533822611,-0.008818306826707735,-0.0059061470852447675,-0.004410000000000002,-0.00029364708524476916,-0.0012024999999999937,0.0,-2.5e-05,-0.002,0.0005198207669113056,0.024000707206473897,0.014340052243282662,0.0033159151000820702,0.016416087421108887,0.016416087421108887,0.05060333078276492,-0.005931304545820862,-0.0033393678739723465,0.0008085646310432324,0.020772395232813583,-0.0022,-0.004660482169128954,-0.001345274248160422,-0.0033152079209685325,0.26063362635672094,0.23322588689625262,0.027407739460468292,0.7822054624557495,0.05335700511932373,7930,4923,0,0.5073585897684098,0.8891116118431092,16,8,12853,7930,4923,0.04890897924417048,cuda,55.05810546875
125,166,200,True,1084,1084,650,650,102,332,102,1.0,1.7001845018450183,1.7001845018450183,1.64,67.54444206450897,40.84015413810611,108.38459620261509,0.03377222103225448,0.020420077069053053,0.054192298101307546,0.8303886925795053,235,149,86,48,0,145,90.09126984126983,58.00823049191239,3,45,3.0,3.0,86,0,153,179,0,4073.318707960298,407.3318707960298,8223.71105118931,822.3711051189309,291.8125922666023,29.181259226660227,5131.198336375126,513.1198336375126,4910.0,491.0,1,0.04504563492063493,-0.0016500000000000002,0.04504563492063493,-0.0016500000000000002,0.0,0.0,0.04504563492063493,0.0015,0.06181215523650602,0.14492772212103458,-0.12541937039677822,0.0036431430602751015,0.000758425885962335,-0.008384243911577313,-0.0036288947602785135,-0.002685,-0.00026639476027851103,-0.0006774999999999991,0.0,0.0,-0.001,0.0003792129429811675,0.03377222103225448,0.020420077069053078,0.0036431430602751015,0.016709512088182714,0.016709512088182714,0.02129978726162184,-0.005467826927298693,-0.006882621771238032,0.0010113955241053353,0.0290041152459562,-0.0016500000000000002,-0.004660482169128954,-0.001345274248160422,-0.0033152079209685325,0.26063362635672094,0.23322588689625262,0.027407739460468292,0.7822054624557495,0.05335700511932373,7930,4923,0,0.5073585897684098,0.8891116118431092,16,8,12853,7930,4923,0.04890897924417048,cuda,55.05810546875
126,167,200,True,1112,1112,704,704,69,339,69,1.0,1.6321942446043165,1.6321942446043165,1.5823863636363635,61.854249102376194,34.040519866646974,95.89476896902318,0.030927124551188095,0.017020259933323487,0.047947384484511586,0.775438596491228,221,137,84,64,0,134,86.28099955599956,49.40600911972632,4,60,4.0,3.0,82,0,157,182,0,3735.6973872376457,373.56973872376454,7370.815569471102,737.0815569471102,308.97670881165084,30.897670881165084,4707.9843352774,470.79843352774,5215.0,521.5,2,0.04314049977799978,-0.0021999999999999997,0.04314049977799978,-0.0021999999999999997,0.0,0.0,0.04314049977799978,0.0019999999999999996,0.05723914125617018,0.17126972024405077,-0.16089812749740884,0.0037392082080581947,0.0006254277668432246,-0.009529744192641517,-0.003686295898781114,-0.0027300000000000002,-0.0002762958987811105,-0.0006799999999999976,0.0,0.0,-0.002,0.00031271388342161234,0.030927124551188085,0.0170202599333235,0.0037392082080581947,0.019389278062395498,0.019389278062395498,0.02218764434843121,-0.007069018980582565,-0.007607697043525101,0.0009963501256144704,0.02470300455986316,-0.0016500000000000002,-0.004660482169128954,-0.001345274248160422,-0.0033152079209685325,0.26063362635672094,0.23322588689625262,0.027407739460468292,0.7822054624557495,0.05335700511932373,7930,4923,0,0.5073585897684098,0.8891116118431092,16,8,12853,7930,4923,0.04890897924417048,cuda,55.05810546875
127,168,200,True,1054,1054,638,638,94,322,93,0.9893617021276596,1.6318785578747628,1.6318785578747628,1.6630094043887147,64.46209609996787,41.51289154451215,105.97498764448002,0.03223104804998393,0.020756445772256077,0.05298749382224001,0.8581560283687943,242,124,118,40,0,121,93.92619047619046,55.688031135531176,4,36,4.0,4.0,118,0,51,271,0,3718.0375360705248,371.8037536070525,6839.985717343612,683.9985717343612,249.53685123032795,24.953685123032795,4680.6497877517395,468.0649787751739,4805.0,480.5,4,0.04696309523809523,-0.0022,0.04696309523809523,-0.0022,0.0,0.0,0.04696309523809523,0.002,0.05218974408219102,0.1809837422358219,-0.15079439813155884,0.0028336255866228273,0.001047781584997452,-0.008004282700308833,-0.005391898579815272,-0.00406500000000001,-0.00036439857981527223,-0.0009624999999999953,0.0,-2.5e-05,-0.004,0.000523890792498726,0.03223104804998393,0.020756445772256077,0.0028336255866228273,0.020354737398672728,0.020354737398672728,0.03324859134934782,-0.006857530929568404,-0.0022328129696908474,0.0009753039148604272,0.027844015567765588,-0.0022,-0.004660482169128954,-0.001345274248160422,-0.0033152079209685325,0.26063362635672094,0.23322588689625262,0.027407739460468292,0.7822054624557495,0.05335700511932373,7930,4923,0,0.5073585897684098,0.8891116118431092,16,8,12853,7930,4923,0.04890897924417048,cuda,55.05810546875
128,169,200,True,985,985,562,562,54,369,54,1.0,1.6913705583756344,1.6913705583756344,1.701067615658363,65.486909174832,42.91971680864154,108.40662598347353,0.032743454587415996,0.02145985840432077,0.054203312991736766,0.7096774193548387,198,126,72,81,0,123,96.16666666666664,58.268503718503744,7,74,7.0,4.0,69,0,149,220,0,3713.992908586695,371.39929085866953,7023.014016847013,702.3014016847013,244.3350840084732,24.43350840084732,4677.084352399292,467.70843523992914,4655.0,465.5,3,0.04808333333333332,-0.0038499999999999997,0.04808333333333332,-0.0038499999999999997,0.0,0.0,0.04808333333333332,0.0035,0.052949063244146,0.13402190102838904,-0.08843966769850291,0.0031749841316136215,0.000993881209620652,-0.007555527405247361,-0.004489604289429443,-0.003300000000000005,-0.00030460428942943884,-0.0008849999999999971,0.0,0.0,-0.003,0.000496940604810326,0.032743454587415954,0.021459858404320766,0.0031749841316136215,0.01563328269061012,0.01563328269061012,0.046486234929617065,-0.00401779718346945,-0.002198264193979441,0.0007888408691243494,0.029134251859251874,-0.0022,-0.004660482169128954,-0.001345274248160422,-0.0033152079209685325,0.26063362635672094,0.23322588689625262,0.027407739460468292,0.7822054624557495,0.05335700511932373,7930,4923,0,0.5073585897684098,0.8891116118431092,16,8,12853,7930,4923,0.04890897924417048,cuda,55.05810546875
129,170,200,True,861,861,570,570,86,205,86,1.0,1.8281068524970965,1.8281068524970965,1.792982456140351,78.2900220471294,52.01162317645742,130.30164522358683,0.0391450110235647,0.02600581158822871,0.06515082261179342,0.8297101449275363,229,142,87,47,0,139,110.08333333333333,67.70805860805865,3,44,3.0,1.0,87,0,19,186,0,3961.9425020381586,396.19425020381584,7440.921675617983,744.0921675617983,257.6326795274709,25.76326795274709,4992.943367733769,499.2943367733769,3875.0,387.5,4,0.055041666666666655,-0.0016500000000000002,0.055041666666666655,-0.0016500000000000002,0.0,0.0,0.055041666666666655,0.0015,0.05931492705630661,0.13408814151637835,-0.11063424320370606,0.0037633146267407004,0.00038093148699486196,-0.007702272421774941,-0.0037215380770522347,-0.002790000000000001,-0.0002465380770522318,-0.000684999999999998,0.0,0.0,-0.004,0.00019046574349743098,0.03914501102356462,0.026005811588228664,0.0037633146267407004,0.015810710468333353,0.015810710468333353,0.03371731856651583,-0.0051822800385766385,-0.002578314193895567,0.0009275978107217964,0.03385402930402932,-0.00055,-0.0021079096233560927,-0.0014592129338000502,-0.0006486966895560424,0.3010140960474336,0.25669230393001014,0.04432179211742348,0.8138492107391357,0.055902957916259766,7023,4284,0,0.5220486155578068,1.0015813244713678,17,8,11307,7023,4284,0.051364623720795935,cuda,49.625
130,171,200,True,691,691,422,422,7,262,7,1.0,1.5672937771345876,1.5672937771345876,1.7488151658767772,32.06837346225568,38.791509490889915,70.85988295314559,0.016034186731127838,0.019395754745444957,0.035429941476572795,0.5755395683453237,160,77,83,118,0,72,66.41666666666667,51.02356532356533,6,112,6.0,5.0,83,0,32,230,0,2802.608788561138,280.26087885611383,3674.8168584256773,367.48168584256774,136.88054728165832,13.688054728165833,3523.711979171214,352.3711979171214,3420.0,342.0,9,0.03320833333333333,-0.0033,0.03320833333333333,-0.0033,0.0,0.0,0.03320833333333333,0.003,0.03149980605287456,0.13053081922426005,-0.050059860938269925,0.0010228282901674458,0.00022801773127773027,-0.0044807453696950085,-0.0046610006990949766,-0.0034500000000000064,-0.00023850069909497567,-0.0009724999999999972,0.0,0.0,-0.009,0.00011400886563886514,0.01603418673112784,0.019395754745444964,0.0010228282901674458,0.014513757292755025,0.014513757292755025,0.11195723145421531,-0.0012205955554910617,-0.0005375736613045897,0.000628556693206615,0.025511782661782664,-0.00275,-0.0021079096233560927,-0.0014592129338000502,-0.0006486966895560424,0.3010140960474336,0.25669230393001014,0.04432179211742348,0.8138492107391357,0.055902957916259766,7023,4284,0,0.5220486155578068,1.0015813244713678,17,8,11307,7023,4284,0.051364623720795935,cuda,49.625
131,172,200,True,991,991,639,639,79,273,79,1.0,1.7265388496468215,1.7265388496468215,1.6885758998435054,69.12938397361545,42.415308577217225,111.54469255083268,0.03456469198680772,0.021207654288608612,0.055772346275416336,0.7978723404255319,225,134,91,57,0,132,96.29047619047621,57.91817114509808,3,54,3.0,3.0,89,0,68,205,0,3860.3841925659312,386.0384192565931,7430.282971059163,743.0282971059163,280.61815959159634,28.061815959159635,4862.159988160271,486.2159988160271,4560.0,456.0,3,0.04814523809523811,-0.0016500000000000002,0.04814523809523811,-0.0016500000000000002,0.0,0.0,0.04814523809523811,0.0015,0.05661112938643061,0.14860238205590257,-0.10703977316257364,0.0031086756079505514,0.0007484785235102442,-0.00883917250242427,-0.004141457291605002,-0.003075000000000003,-0.0003164572916049984,-0.0007499999999999974,0.0,0.0,-0.003,0.00037423926175512214,0.03456469198680768,0.021207654288608626,0.0031086756079505514,0.017303216032270405,0.017303216032270405,0.03669519404784376,-0.0046045005592504585,-0.004064858141758819,0.0011127685359156325,0.02895908557254904,-0.0016500000000000002,-0.0021079096233560927,-0.0014592129338000502,-0.0006486966895560424,0.3010140960474336,0.25669230393001014,0.04432179211742348,0.8138492107391357,0.055902957916259766,7023,4284,0,0.5220486155578068,1.0015813244713678,17,8,11307,7023,4284,0.051364623720795935,cuda,49.625
132,173,200,True,887,887,538,538,45,304,45,1.0,1.710259301014656,1.710259301014656,1.758364312267658,67.8562456695207,50.88026745535482,118.73651312487553,0.03392812283476035,0.025440133727677408,0.059368256562437764,0.6749116607773852,191,127,64,92,0,122,102.3142857142857,66.88061229620054,6,86,6.0,3.0,63,0,92,212,0,3734.9755975364365,373.49755975364366,6319.287593180769,631.9287593180769,214.6561381587384,21.46561381587384,4703.467728900114,470.3467728900114,4210.0,421.0,5,0.05115714285714285,-0.003300000000000001,0.05115714285714285,-0.003300000000000001,0.0,0.0,0.05115714285714285,0.003,0.05213026184055323,0.15146228600010955,-0.10222812155209335,0.002191688313965388,0.0006702734425097791,-0.0065200503773209,-0.004228725283590261,-0.003180000000000004,-0.00022872528359025584,-0.0008199999999999973,0.0,0.0,-0.005,0.0003351367212548897,0.03392812283476034,0.02544013372767742,0.002191688313965388,0.016860988788438513,0.016860988788438513,0.058472244831184385,-0.003787885834783046,-0.002355124423891119,0.0007650844225462253,0.03344030614810027,-0.0016500000000000002,-0.0021079096233560927,-0.0014592129338000502,-0.0006486966895560424,0.3010140960474336,0.25669230393001014,0.04432179211742348,0.8138492107391357,0.055902957916259766,7023,4284,0,0.5220486155578068,1.0015813244713678,17,8,11307,7023,4284,0.051364623720795935,cuda,49.625
133,174,200,True,1069,1069,619,619,66,384,64,0.9696969696969697,1.558465855940131,1.558465855940131,1.5702746365105007,64.76955288378583,44.29569841273452,109.06525129652036,0.032384776441892915,0.022147849206367257,0.054532625648260176,0.6950354609929078,196,119,77,86,0,118,95.73571428571428,55.86239316239319,5,81,5.0,2.0,76,0,84,300,0,3343.9842425200977,334.39842425200976,5958.343608911658,595.8343608911657,249.75127790482728,24.975127790482727,4213.24070556096,421.324070556096,5025.0,502.5,4,0.04786785714285714,-0.00275,0.04786785714285714,-0.00275,0.0,0.0,0.04786785714285714,0.0025,0.05039896600184204,0.16991651015610987,-0.07045891848854423,0.0027251272875053953,0.0011430747584674976,-0.007978726789769958,-0.005870109921058869,-0.0045,-0.00020760992105886873,-0.0011624999999999943,0.0,-5e-05,-0.004,0.0005715373792337488,0.03238477644189293,0.022147849206367285,0.0027251272875053953,0.01864825948858696,0.01864825948858696,0.07885628081290491,-0.003641058944745888,-0.0016557939596972013,0.0006648766629261656,0.027931196581196596,-0.0011,-0.0021079096233560927,-0.0014592129338000502,-0.0006486966895560424,0.3010140960474336,0.25669230393001014,0.04432179211742348,0.8138492107391357,0.055902957916259766,7023,4284,0,0.5220486155578068,1.0015813244713678,17,8,11307,7023,4284,0.051364623720795935,cuda,49.625
134,175,200,True,756,756,431,431,6,319,6,1.0,1.5343915343915344,1.5343915343915344,1.6844547563805103,25.14955316969407,33.94185840285384,59.09141157254791,0.012574776584847035,0.01697092920142692,0.029545705786273958,0.65,182,68,114,98,0,66,57.583333333333336,38.998290598290595,3,95,3.0,2.0,112,0,0,319,0,2762.031743129597,276.20317431295973,3383.5820635300292,338.3582063530029,142.21277185568673,14.221277185568672,3472.5260178505814,347.2526017850581,3750.0,375.0,10,0.028791666666666667,-0.0016500000000000002,0.028791666666666667,-0.0016500000000000002,0.0,0.0,0.028791666666666667,0.0015,0.029446448150034325,0.1511803831652129,-0.04781151778228315,0.003131593395663782,0.00014557381757959804,-0.004758664824511757,-0.00654139156467688,-0.004784999999999994,-0.00018639156467687825,-0.001569999999999993,0.0,0.0,-0.01,7.278690878979902e-05,0.012574776584847064,0.01697092920142691,0.003131593395663782,0.016545434006164178,0.016545434006164178,0.14753118087026013,-0.0018758745486319702,-0.00035620712041243516,0.00048467327829645893,0.019499145299145298,-0.0011,-0.0021079096233560927,-0.0014592129338000502,-0.0006486966895560424,0.3010140960474336,0.25669230393001014,0.04432179211742348,0.8138492107391357,0.055902957916259766,7023,4284,0,0.5220486155578068,1.0015813244713678,17,8,11307,7023,4284,0.051364623720795935,cuda,49.625
135,176,200,True,828,828,495,495,26,307,26,1.0,1.6316425120772946,1.6316425120772946,1.7535353535353535,46.79433713008387,48.94482847137328,95.73916560145715,0.023397168565041933,0.024472414235686638,0.047869582800728575,0.6974169741697417,189,97,92,82,0,95,84.72619047619048,63.69299145299146,5,77,5.0,5.0,91,0,1,306,0,3231.06337312883,323.106337312883,4633.24757609989,463.324757609989,179.202137552738,17.9202137552738,4066.577597509692,406.6577597509692,4010.0,401.0,9,0.04236309523809524,-0.00275,0.04236309523809524,-0.00275,0.0,0.0,0.04236309523809524,0.0025,0.041440991038087176,0.15348060178206938,-0.06812454977442413,0.003506410518285511,1.603426005008867e-05,-0.005751336441672551,-0.006186299862749205,-0.004589999999999998,-0.00020129986274920666,-0.0013949999999999926,0.0,0.0,-0.009,8.017130025044335e-06,0.02339716856504194,0.02447241423568663,0.003506410518285511,0.016818348353823506,0.016818348353823506,0.10667907787251403,-0.0029860305023041915,-0.000987222164872939,0.0006796760854527008,0.03184649572649573,-0.00275,-0.0021079096233560927,-0.0014592129338000502,-0.0006486966895560424,0.3010140960474336,0.25669230393001014,0.04432179211742348,0.8138492107391357,0.055902957916259766,7023,4284,0,0.5220486155578068,1.0015813244713678,17,8,11307,7023,4284,0.051364623720795935,cuda,49.625
136,177,200,True,940,940,570,570,48,322,48,1.0,1.721276595744681,1.721276595744681,1.7666666666666666,77.13502151390726,49.36039569586171,126.49541720976897,0.03856751075695363,0.024680197847930855,0.06324770860488449,0.7137681159420289,197,137,60,79,0,135,112.8095238095238,67.55042735042736,7,72,7.0,5.0,58,0,108,214,0,3792.6276467107828,379.2627646710783,6554.589301136254,655.4589301136255,245.6985769389756,24.56985769389756,4779.394025064077,477.9394025064077,4460.0,446.0,4,0.056404761904761895,-0.0038500000000000006,0.056404761904761895,-0.0038500000000000006,0.0,0.0,0.056404761904761895,0.0035,0.057827300302511486,0.14070148212093822,-0.08297756337373956,0.003080335293292202,0.0008532731438911481,-0.007819262788528817,-0.00435455201452971,-0.0032100000000000045,-0.00033705201452970606,-0.0008074999999999979,0.0,0.0,-0.004,0.00042663657194557406,0.03856751075695359,0.024680197847930845,0.003080335293292202,0.01647025619538661,0.01647025619538661,0.06152020755818063,-0.004203098707252726,-0.0018830796268149155,0.0008398753205224346,0.033775213675213675,-0.00275,-0.0021079096233560927,-0.0014592129338000502,-0.0006486966895560424,0.3010140960474336,0.25669230393001014,0.04432179211742348,0.8138492107391357,0.055902957916259766,7023,4284,0,0.5220486155578068,1.0015813244713678,17,8,11307,7023,4284,0.051364623720795935,cuda,49.625
137,178,200,True,688,688,470,470,4,214,4,1.0,1.614825581395349,1.614825581395349,1.5702127659574467,36.697297826626155,33.78765549612194,70.4849533227481,0.018348648913313077,0.01689382774806097,0.03524247666137405,0.6370106761565836,179,83,96,102,0,79,75.16666666666666,41.04829059829059,7,95,7.0,4.762741588192517,93,0,0,214,0,2921.5770088830895,292.15770088830897,3703.5930989712474,370.3593098971247,141.45182907989363,14.145182907989362,3673.2938577771365,367.32938577771364,3420.0,342.0,10,0.03758333333333333,-0.00385,0.03758333333333333,-0.00385,0.0,0.0,0.03758333333333333,0.0035,0.034577224208569346,0.16868916645414228,-0.07975801349626958,0.003536065385060098,0.00017523407255471289,-0.004736099417596539,-0.004318890604155785,-0.0032100000000000045,-0.00032139060415578064,-0.0007874999999999982,0.0,0.0,-0.01,8.761703627735643e-05,0.01834864891331307,0.01689382774806096,0.003536065385060098,0.018331335967648042,0.018331335967648042,0.13350882700773087,-0.0027767490858866956,-0.0004931541338992839,0.0006907166560010317,0.020524145299145296,-0.002619507873505884,-0.003669487158693964,-0.0007505514259849276,-0.0029189357327090368,0.29762055503115764,0.2625808468886784,0.03503970814247926,0.8436466455459595,0.05443340539932251,6644,4478,0,0.5158891345773424,1.0409250391854181,18,8,11122,6644,4478,0.04635272273843007,cuda,50.93115234375
138,179,200,True,790,790,529,529,13,248,13,1.0,1.4835443037974683,1.4835443037974683,1.5047258979206048,26.168710425156085,33.40761456457639,59.57632498973248,0.013084355212578043,0.016703807282288197,0.029788162494866238,0.5354609929078015,151,68,83,131,1,66,60.25,40.98168498168498,5,126,5.0,5.0,83,0,0,248,0,2667.141781916624,266.7141781916624,3231.343968370639,323.1343968370639,167.7278710171994,16.77278710171994,3351.8621092144504,335.186210921445,3885.0,388.5,10,0.030125,-0.00275,0.030125,-0.00275,0.0,0.0,0.030125,0.0025,0.029176367820722065,0.19881464264367643,-0.08094791743214899,0.003452589215347034,8.383790926934781e-05,-0.005748527915548602,-0.004835499809279562,-0.0037200000000000085,-0.00016799980927956033,-0.0009474999999999972,0.0,0.0,-0.01,4.1918954634673904e-05,0.013084355212578067,0.016703807282288187,0.003452589215347034,0.02110400572290377,0.02110400572290377,0.14615074279226453,-0.003800086530566567,-0.0014152788355102786,0.0005476810989965149,0.02049084249084249,-0.00275,-0.003669487158693964,-0.0007505514259849276,-0.0029189357327090368,0.29762055503115764,0.2625808468886784,0.03503970814247926,0.8436466455459595,0.05443340539932251,6644,4478,0,0.5158891345773424,1.0409250391854181,18,8,11122,6644,4478,0.04635272273843007,cuda,50.93115234375
139,180,200,True,914,914,637,637,77,200,75,0.974025974025974,1.7724288840262583,1.7724288840262583,1.728414442700157,67.71302682419119,41.935429272809586,109.64845609700077,0.03385651341209559,0.020967714636404792,0.05482422804850039,0.8745519713261649,244,139,105,35,0,136,95.23571428571427,59.76538585597412,4,31,4.0,3.546410047006069,105,0,60,140,0,3829.128298283726,382.9128298283726,7344.6541659506765,734.4654165950676,254.67999358540104,25.467999358540105,4823.429764020873,482.34297640208734,4195.0,419.5,3,0.04761785714285714,-0.0022,0.04761785714285714,-0.0022,0.0,0.0,0.04761785714285714,0.002,0.05791537847796712,0.1355176915096452,-0.11115988388730731,0.002318573048517469,0.0006025141693626856,-0.007765914275930236,-0.0028511955353875363,-0.002099999999999995,-0.0003261955353875342,-0.0004250000000000003,0.0,-5e-05,-0.003,0.0003012570846813428,0.033856513412095515,0.020967714636404775,0.002318573048517469,0.016105453336035823,0.016105453336035823,0.016879662339553556,-0.00524875511099409,-0.005335000658410963,0.0011560486010302364,0.029882692927987058,-0.0019505255258533381,-0.003669487158693964,-0.0007505514259849276,-0.0029189357327090368,0.29762055503115764,0.2625808468886784,0.03503970814247926,0.8436466455459595,0.05443340539932251,6644,4478,0,0.5158891345773424,1.0409250391854181,18,8,11122,6644,4478,0.04635272273843007,cuda,50.93115234375
140,181,200,True,886,886,538,538,42,306,42,1.0,1.8058690744920993,1.8058690744920993,1.912639405204461,76.92768229353881,58.266396522162,135.1940788157008,0.0384638411467694,0.029133198261081,0.0675970394078504,0.8220640569395018,231,142,89,50,0,137,110.7023809523809,78.35576201576201,6,44,6.0,5.363747123074031,87,0,145,161,0,4107.34732068733,410.73473206873297,7297.997585160526,729.7997585160526,233.22231015947816,23.322231015947814,5173.59675469659,517.359675469659,4220.0,422.0,4,0.05535119047619044,-0.0033,0.05535119047619044,-0.0033,0.0,0.0,0.05535119047619044,0.003,0.05876651211194951,0.14140241585705776,-0.09399820275548976,0.004562497475135297,0.0009992717771378713,-0.007075980860300914,-0.003263224275320089,-0.002414999999999998,-0.0002207242753200865,-0.0006274999999999992,0.0,0.0,-0.004,0.0004996358885689357,0.03846384114676944,0.029133198261081003,0.004562497475135297,0.016208463703346453,0.016208463703346453,0.04373536315527842,-0.0033868231038104305,-0.0024588244406172433,0.0008794886615606349,0.039177881007881006,-0.002950060917690717,-0.003669487158693964,-0.0007505514259849276,-0.0029189357327090368,0.29762055503115764,0.2625808468886784,0.03503970814247926,0.8436466455459595,0.05443340539932251,6644,4478,0,0.5158891345773424,1.0409250391854181,18,8,11122,6644,4478,0.04635272273843007,cuda,50.93115234375
141,182,200,True,852,852,607,607,41,204,41,1.0,1.7687793427230047,1.7687793427230047,1.7051070840197693,71.38237711938083,51.01209898892704,122.39447610830788,0.03569118855969042,0.02550604949446352,0.06119723805415394,0.8083623693379791,232,133,99,55,1,131,107.16666666666666,67.4997127872128,5,50,5.0,3.0,98,0,48,156,0,3700.9838121183607,370.09838121183606,6385.574037022923,638.5574037022923,237.87522752736763,23.787522752736763,4661.923194549095,466.19231945490947,4055.0,405.5,6,0.05358333333333333,-0.00275,0.05358333333333333,-0.00275,0.0,0.0,0.05358333333333333,0.0025,0.056057332699423486,0.17050581642110715,-0.1399102426862224,0.0025531939360760175,0.0004939091599198156,-0.007377863296868516,-0.0031366827866668545,-0.002339999999999997,-0.0002641827866668521,-0.0005325000000000002,0.0,0.0,-0.006,0.00024695457995990786,0.035691188559690404,0.02550604949446351,0.0025531939360760175,0.01945195311082814,0.01945195311082814,0.03244394553433605,-0.005173090511325311,-0.0037295644416754574,0.0010245193519861338,0.0337498563936064,-0.0016500000000000002,-0.003669487158693964,-0.0007505514259849276,-0.0029189357327090368,0.29762055503115764,0.2625808468886784,0.03503970814247926,0.8436466455459595,0.05443340539932251,6644,4478,0,0.5158891345773424,1.0409250391854181,18,8,11122,6644,4478,0.04635272273843007,cuda,50.93115234375
142,183,200,True,932,932,644,644,55,233,54,0.9818181818181818,1.7607296137339057,1.7607296137339057,1.7437888198757765,55.55554069692223,33.470253190534564,89.02579388745679,0.027777770348461114,0.016735126595267283,0.04451289694372839,0.8162544169611308,231,137,94,52,0,134,81.33571428571429,49.34083466545219,5,47,5.0,4.411595473809157,94,0,96,137,0,3899.0633828001223,389.9063382800122,7296.3783904103175,729.6378390410317,286.54289767663175,28.654289767663176,4910.2692705836635,491.02692705836637,4390.0,439.0,3,0.04066785714285716,-0.0027500000000000007,0.04066785714285716,-0.0027500000000000007,0.0,0.0,0.04066785714285716,0.0024999999999999996,0.05721512479341044,0.14237696471895467,-0.12136121764666033,0.0035232368546947177,0.00041789929164473994,-0.008959222470107709,-0.002770826040028888,-0.0020549999999999948,-0.0002658260400288863,-0.00045000000000000037,0.0,-2.5e-05,-0.003,0.00020894964582236997,0.02777777034846111,0.01673512659526724,0.0035232368546947177,0.01688121623822539,0.01688121623822539,0.013197440471736242,-0.005829140418591562,-0.005407703289544807,0.0010435009817940848,0.024670417332726104,-0.002426377510595037,-0.003669487158693964,-0.0007505514259849276,-0.0029189357327090368,0.29762055503115764,0.2625808468886784,0.03503970814247926,0.8436466455459595,0.05443340539932251,6644,4478,0,0.5158891345773424,1.0409250391854181,18,8,11122,6644,4478,0.04635272273843007,cuda,50.93115234375
143,184,200,True,785,785,502,502,5,278,5,1.0,1.6331210191082803,1.6331210191082803,1.6952191235059761,50.50717949047184,44.25199138056418,94.75917087103602,0.02525358974523592,0.022125995690282087,0.04737958543551801,0.6159420289855072,170,99,71,106,0,98,88.17619047619047,54.44155857214681,7,99,7.0,4.0,70,0,59,219,0,3099.340072737285,309.9340072737285,4201.052422376694,420.1052422376694,165.99285866104066,16.599285866104065,3900.729393196114,390.0729393196114,3900.0,390.0,8,0.04408809523809523,-0.0038499999999999997,0.04408809523809523,-0.0038499999999999997,0.0,0.0,0.04408809523809523,0.0035,0.04224971908917378,0.16651739267933174,-0.07920684421887988,0.0028941888137901167,0.00037701613098451494,-0.005465835379774254,-0.004371912293039693,-0.003285000000000005,-0.00023941229303968965,-0.0008474999999999967,0.0,0.0,-0.008,0.00018850806549225752,0.02525358974523593,0.022125995690282087,0.0028941888137901167,0.018540168259619356,0.018540168259619356,0.08846870568042484,-0.0020192163129463055,-0.0005076604777807662,0.0007449397393771205,0.02722077928607341,-0.0022,-0.003669487158693964,-0.0007505514259849276,-0.0029189357327090368,0.29762055503115764,0.2625808468886784,0.03503970814247926,0.8436466455459595,0.05443340539932251,6644,4478,0,0.5158891345773424,1.0409250391854181,18,8,11122,6644,4478,0.04635272273843007,cuda,50.93115234375
144,185,200,True,797,797,551,551,5,241,5,1.0,1.452948557089084,1.452948557089084,1.515426497277677,26.653058181253762,33.907251541644506,60.56030972289827,0.013326529090626881,0.016953625770822253,0.030280154861449134,0.5457875457875457,149,67,82,124,0,66,60.83333333333333,39.23461538461538,5,119,5.0,4.0,82,0,0,241,0,2464.8039878576606,246.48039878576606,2807.0253681254108,280.7025368125411,155.67321894941517,15.567321894941518,3098.7176361289667,309.87176361289664,3960.0,396.0,10,0.030416666666666665,-0.00275,0.030416666666666665,-0.00275,0.0,0.0,0.030416666666666665,0.0025,0.02912907896972606,0.2100680949802495,-0.08692518697031022,0.0026363948673464553,0.0,-0.005433520651242854,-0.004748010768163823,-0.003615000000000008,-0.00021551076816381958,-0.0009174999999999962,0.0,0.0,-0.01,0.0,0.013326529090626897,0.016953625770822253,0.0026363948673464553,0.02247980117593519,0.02247980117593519,0.14447251870606692,-0.003672670745106893,-0.0004474246405659468,0.0007139895546315323,0.01961730769230769,-0.0022,-0.003669487158693964,-0.0007505514259849276,-0.0029189357327090368,0.29762055503115764,0.2625808468886784,0.03503970814247926,0.8436466455459595,0.05443340539932251,6644,4478,0,0.5158891345773424,1.0409250391854181,18,8,11122,6644,4478,0.04635272273843007,cuda,50.93115234375
145,186,200,True,990,990,570,570,82,338,79,0.9634146341463414,1.6767676767676767,1.6767676767676767,1.7859649122807018,71.25612673344014,53.853556161075815,125.10968289451596,0.03562806336672007,0.026926778080537908,0.06255484144725798,0.7875457875457875,215,131,84,58,0,126,103.64285714285714,73.01301766860593,7,51,7.0,5.0,83,0,125,213,0,3769.2954425559565,376.92954425559566,7038.653099639363,703.8653099639363,250.52104379966116,25.052104379966117,4750.484518858061,475.0484518858061,4555.0,455.5,3,0.05182142857142857,-0.0038499999999999997,0.05182142857142857,-0.0038499999999999997,0.0,0.0,0.05182142857142857,0.0035,0.053684309933249755,0.1478483739004829,-0.10899515844620968,0.004071085522135788,0.0007417354947883239,-0.007699596845602948,-0.0043053119117181715,-0.0031950000000000043,-0.0002653119117181717,-0.0008449999999999971,0.0,-7.500000000000001e-05,-0.003,0.0003708677473941619,0.03562806336672002,0.026926778080537915,0.004071085522135788,0.017071673826108948,0.017071673826108948,0.031151310709404023,-0.004570128647939463,-0.002435448035459534,0.0010055757226335468,0.03650650883430295,-0.00275,-0.0024738499702560523,-0.0012103153924856867,-0.0012635345777703656,0.3523050180444169,0.313526770898274,0.03877824714614286,0.8033766150474548,0.0627477765083313,7155,4489,0,0.451581141778401,0.9023701522085402,19,8,11644,7155,4489,0.05573451268090362,cuda,51.0966796875
146,187,200,True,710,710,420,420,25,265,25,1.0,1.7507042253521128,1.7507042253521128,1.8333333333333333,60.37132963340611,50.4782879780149,110.84961761142101,0.030185664816703057,0.025239143989007447,0.055424808805710504,0.7231833910034602,209,111,98,80,0,106,96.72619047619048,61.91448107448107,4,76,4.0,2.0,97,0,63,202,0,3353.7367439348627,335.3736743934863,4891.853887623575,489.18538876235755,155.86256957047868,15.586256957047869,4223.464276059607,422.3464276059607,3425.0,342.5,8,0.04836309523809524,-0.0022,0.04836309523809524,-0.0022,0.0,0.0,0.04836309523809524,0.002,0.045596800373957795,0.14151824570928803,-0.06106534511701444,0.0035109308456413974,0.0006958670806626277,-0.004593833822896711,-0.004052252620709503,-0.0030300000000000027,-0.0002047526207094979,-0.0008174999999999973,0.0,0.0,-0.008,0.0003479335403313139,0.030185664816703064,0.025239143989007465,0.0035109308456413974,0.01590637632229737,0.01590637632229737,0.08825270250342575,-0.002245711559877774,-0.0011929074408561094,0.0005885280501872615,0.030957240537240534,-0.0011,-0.0024738499702560523,-0.0012103153924856867,-0.0012635345777703656,0.3523050180444169,0.313526770898274,0.03877824714614286,0.8033766150474548,0.0627477765083313,7155,4489,0,0.451581141778401,0.9023701522085402,19,8,11644,7155,4489,0.05573451268090362,cuda,51.0966796875
147,188,200,True,741,741,471,471,0,270,0,0.0,1.4251012145748987,1.4251012145748987,1.5902335456475585,22.273510227117818,31.04430086162037,53.31781108873819,0.011136755113558909,0.015522150430810186,0.026658905544369095,0.40350877192982454,115,59,56,170,0,57,54.642857142857146,36.266190476190474,4,166,4.0,4.0,55,0,0,270,0,2278.6549687708316,227.86549687708316,2400.0000000000005,240.00000000000006,135.8486629948248,13.58486629948248,2864.1513370051753,286.4151337005175,3705.0,370.5,10,0.027321428571428573,-0.0022,0.027321428571428573,-0.0022,0.0,0.0,0.027321428571428573,0.002,0.02500097998874957,0.1794704903279245,-0.06773793163663179,0.0027175154185608476,0.0,-0.004849132676670551,-0.005304750237734679,-0.004050000000000009,-0.00018725023773467718,-0.0010674999999999958,0.0,0.0,-0.01,0.0,0.011136755113558858,0.01552215043081018,0.0027175154185608476,0.01923634567192255,0.01923634567192255,0.15905458301130654,-0.002653029704827799,-0.00016238270003002934,0.0005028115198149463,0.018133095238095236,-0.0022,-0.0024738499702560523,-0.0012103153924856867,-0.0012635345777703656,0.3523050180444169,0.313526770898274,0.03877824714614286,0.8033766150474548,0.0627477765083313,7155,4489,0,0.451581141778401,0.9023701522085402,19,8,11644,7155,4489,0.05573451268090362,cuda,51.0966796875
148,189,200,True,916,916,626,626,55,235,54,0.9818181818181818,1.8853711790393013,1.8853711790393013,1.840255591054313,74.05996370031197,42.773976501370164,116.83394020168214,0.037029981850155984,0.021386988250685083,0.05841697010084107,0.7368421052631579,210,154,56,75,0,151,105.35396825396823,62.34360428149888,6,69,6.0,5.0,56,0,121,114,0,4385.340523220317,438.5340523220317,8393.589581556054,839.3589581556055,262.59030097457827,26.259030097457828,5523.054364325483,552.3054364325483,4310.0,431.0,3,0.05267698412698411,-0.0033,0.05267698412698411,-0.0033,0.0,0.0,0.05267698412698411,0.003,0.06474456487901877,0.14426982619940065,-0.118598868199764,0.003494151857434426,0.0004289517511604298,-0.007721878460043343,-0.0022686481262719983,-0.0017099999999999962,-0.00015364812627199632,-0.0004050000000000003,0.0,-2.5e-05,-0.003,0.00021447587558021494,0.03702998185015601,0.02138698825068508,0.003494151857434426,0.016866811917187034,0.016866811917187034,0.03346339883053138,-0.005775344676353158,-0.0065811940577329316,0.0009382414912145226,0.03117180214074944,-0.00275,-0.0024738499702560523,-0.0012103153924856867,-0.0012635345777703656,0.3523050180444169,0.313526770898274,0.03877824714614286,0.8033766150474548,0.0627477765083313,7155,4489,0,0.451581141778401,0.9023701522085402,19,8,11644,7155,4489,0.05573451268090362,cuda,51.0966796875
149,190,200,True,967,967,623,623,65,279,65,1.0,1.6535677352637022,1.6535677352637022,1.6709470304975922,62.9238082431053,42.88975389463076,105.81356213773606,0.03146190412155265,0.02144487694731538,0.05290678106886803,0.7689530685920578,213,115,98,64,0,112,93.95000000000002,60.167277167277184,6,58,6.0,5.0,97,0,36,243,0,3574.720104443134,357.4720104443134,6516.042562491104,651.6042562491104,264.73520217626265,26.473520217626266,4501.744129017039,450.17441290170393,4510.0,451.0,4,0.04697500000000001,-0.0033,0.04697500000000001,-0.0033,0.0,0.0,0.04697500000000001,0.003,0.04838176905773167,0.15208410978369236,-0.10484949439522571,0.00300967698218344,0.0009802313037502557,-0.00865781821899404,-0.004898545795923255,-0.003645000000000008,-0.00024354579592325462,-0.001009999999999996,0.0,0.0,-0.004,0.0004901156518751278,0.03146190412155265,0.021444876947315384,0.00300967698218344,0.017115079518400175,0.017115079518400175,0.05095568001179371,-0.00566766752897627,-0.0020206787142675827,0.0010574881443109149,0.03008363858363859,-0.00275,-0.0024738499702560523,-0.0012103153924856867,-0.0012635345777703656,0.3523050180444169,0.313526770898274,0.03877824714614286,0.8033766150474548,0.0627477765083313,7155,4489,0,0.451581141778401,0.9023701522085402,19,8,11644,7155,4489,0.05573451268090362,cuda,51.0966796875
150,191,200,True,812,812,534,534,46,232,46,1.0,1.8152709359605912,1.8152709359605912,1.7752808988764044,69.36110093741256,48.11299451913188,117.47409545654443,0.03468055046870628,0.02405649725956594,0.058737047728272214,0.7455197132616488,208,130,78,71,0,127,100.58333333333333,61.732967032967046,3,68,3.0,1.772743823510104,77,0,37,195,0,3697.031124739806,369.7031124739806,6568.333593500566,656.8333593500566,229.73600862798946,22.973600862798946,4657.172204382514,465.7172204382514,3830.0,383.0,5,0.050291666666666665,-0.00165,0.050291666666666665,-0.00165,0.0,0.0,0.050291666666666665,0.0015,0.05431840822161711,0.1396669417358572,-0.08196521814230638,0.00305773398138935,0.0008065358654071379,-0.007122919088291719,-0.004037277775268774,-0.0029250000000000023,-0.000287277775268771,-0.0008249999999999978,0.0,0.0,-0.005,0.00040326793270356896,0.03468055046870625,0.02405649725956596,0.00305773398138935,0.01586081857786339,0.01586081857786339,0.060891026793457835,-0.003093078193109013,-0.002150989480247077,0.0008570237886156635,0.030866483516483526,-0.0009750091029305573,-0.0024738499702560523,-0.0012103153924856867,-0.0012635345777703656,0.3523050180444169,0.313526770898274,0.03877824714614286,0.8033766150474548,0.0627477765083313,7155,4489,0,0.451581141778401,0.9023701522085402,19,8,11644,7155,4489,0.05573451268090362,cuda,51.0966796875
151,192,200,True,1038,1038,651,651,59,328,58,0.9830508474576272,1.846820809248555,1.846820809248555,1.8049155145929339,92.74508264317281,51.575033784080595,144.3201164272534,0.04637254132158641,0.0257875168920403,0.0721600582136267,0.8483754512635379,235,163,72,42,0,161,121.00952380952378,71.83874360933187,3,39,3.0,3.0,70,0,176,152,0,4549.493830857917,454.9493830857917,9246.0679166489,924.6067916648901,307.59987291971277,30.759987291971278,5731.620877981392,573.1620877981393,4900.0,490.0,1,0.0605047619047619,-0.0016500000000000002,0.0605047619047619,-0.0016500000000000002,0.0,0.0,0.0605047619047619,0.0015000000000000002,0.06914462408009533,0.1255666015481313,-0.0912455083192197,0.0034570315738743705,0.0010154235706963035,-0.009303800253948682,-0.0030955763788816136,-0.002279999999999997,-0.00026307637888161174,-0.0005524999999999996,0.0,-2.5e-05,-0.001,0.0005077117853481515,0.04637254132158634,0.02578751689204027,0.0034570315738743705,0.015296673749185264,0.015296673749185264,0.022374909649578178,-0.005109943389522657,-0.003998009525424829,0.0011006764410254795,0.03591937180466595,-0.0016500000000000002,-0.0024738499702560523,-0.0012103153924856867,-0.0012635345777703656,0.3523050180444169,0.313526770898274,0.03877824714614286,0.8033766150474548,0.0627477765083313,7155,4489,0,0.451581141778401,0.9023701522085402,19,8,11644,7155,4489,0.05573451268090362,cuda,51.0966796875
152,193,200,True,981,981,594,594,52,335,51,0.9807692307692307,1.7390417940876657,1.7390417940876657,1.7744107744107744,73.45356037710769,44.57981669945904,118.03337707656672,0.03672678018855385,0.02228990834972952,0.05901668853828336,0.8007246376811594,221,145,76,55,0,139,104.03571428571429,60.78582056832058,5,50,5.0,4.0,76,0,141,194,0,4179.360797358235,417.93607973582345,7535.559409506223,753.5559409506224,256.40026499849705,25.640026499849704,5263.563507623376,526.3563507623376,4650.0,465.0,3,0.052017857142857137,-0.00275,0.052017857142857137,-0.00275,0.0,0.0,0.052017857142857137,0.0025,0.059523905662204675,0.1398741976352996,-0.08845027360198127,0.0033881530407950233,0.0006210364301422532,-0.007759175651146567,-0.0038451271392118754,-0.002910000000000002,-0.00021262713921187042,-0.0007224999999999978,0.0,-2.5e-05,-0.003,0.0003105182150711266,0.036726780188553784,0.022289908349729517,0.0033881530407950233,0.016479452767547774,0.016479452767547774,0.03922855096387672,-0.004658194039495072,-0.002869333571263859,0.0009550084351968676,0.030392910284160298,-0.0022,-0.0024738499702560523,-0.0012103153924856867,-0.0012635345777703656,0.3523050180444169,0.313526770898274,0.03877824714614286,0.8033766150474548,0.0627477765083313,7155,4489,0,0.451581141778401,0.9023701522085402,19,8,11644,7155,4489,0.05573451268090362,cuda,51.0966796875
153,194,200,True,812,812,572,572,24,216,24,1.0,1.6539408866995073,1.6539408866995073,1.6381118881118881,58.38122757309477,53.0605336885493,111.44176126164407,0.029190613786547383,0.02653026684427465,0.05572088063082204,0.7964912280701755,227,114,113,58,0,112,98.75,67.79633699633702,8,50,8.0,5.0,110,0,21,195,0,3196.444752430837,319.6444752430837,4798.044574130568,479.80445741305687,191.03382631822905,19.103382631822903,4025.8815724986734,402.5881572498673,3940.0,394.0,8,0.049374999999999995,-0.004399999999999999,0.049374999999999995,-0.004399999999999999,0.0,0.0,0.049374999999999995,0.004,0.04806520735688518,0.18876345244979809,-0.11796782317545626,0.0028354014930857016,0.0004218741183170267,-0.006141637744056946,-0.0037882697610871156,-0.0029250000000000023,-0.00018576976108711072,-0.0006774999999999985,0.0,0.0,-0.008,0.00021093705915851336,0.029190613786547377,0.02653026684427465,0.0028354014930857016,0.020793615188894835,0.020793615188894835,0.05060207978438579,-0.003985670059888213,-0.0008251469954422992,0.0007866533980314778,0.0338981684981685,-0.00275,-0.0029846103629097343,-0.0020554453367367387,-0.0009291650261729955,0.2524035576172173,0.22270054891705512,0.02970300870016217,0.8366185426712036,0.073081374168396,7742,5086,0,0.42507255747914313,0.9091153228282929,20,8,12828,7742,5086,0.05115730985650392,cuda,55.54345703125
154,195,200,True,1109,1109,642,642,86,381,85,0.9883720930232558,1.781785392245266,1.781785392245266,1.808411214953271,82.41016719245764,41.953720480225535,124.36388767268318,0.04120508359622882,0.020976860240112766,0.06218194383634159,0.8368794326241135,236,156,80,46,0,154,104.79285714285713,58.52885599694428,2,44,2.0,2.0,80,0,255,126,0,4524.64009608022,452.464009608022,9362.517572018172,936.2517572018172,315.2284385784839,31.522843857848393,5700.38048110841,570.038048110841,5120.0,512.0,0,0.05239642857142855,-0.0011,0.05239642857142855,-0.0011,0.0,0.0,0.05239642857142855,0.001,0.06631506316386618,0.1375460193463109,-0.11883972111428247,0.0033004541596436446,0.0009725035556887258,-0.009350468904030896,-0.002538648157316431,-0.001889999999999995,-0.0002361481573164297,-0.0004125000000000003,0.0,-2.5e-05,0.0,0.0004862517778443631,0.041205083596228785,0.02097686024011277,0.0033004541596436446,0.016449898046491777,0.016449898046491777,0.01922934356410026,-0.006383883134296577,-0.004601843202773214,0.0010470929635244838,0.02926442799847215,-0.0011,-0.0029846103629097343,-0.0020554453367367387,-0.0009291650261729955,0.2524035576172173,0.22270054891705512,0.02970300870016217,0.8366185426712036,0.073081374168396,7742,5086,0,0.42507255747914313,0.9091153228282929,20,8,12828,7742,5086,0.05115730985650392,cuda,55.54345703125
155,196,200,True,1193,1193,824,824,115,254,113,0.9826086956521739,1.6437552388935457,1.6437552388935457,1.5546116504854368,81.50497458731337,41.41236989181508,122.91734447912845,0.040752487293656686,0.020706184945907542,0.06145867223956422,0.8380281690140845,238,148,90,46,0,142,103.14285714285712,58.03472471972474,1,45,1.0,1.0,89,0,105,149,0,4101.569718839459,410.15697188394586,8495.275367047534,849.5275367047534,342.67216430673034,34.26721643067303,5165.67366201265,516.567366201265,5400.0,540.0,0,0.05157142857142857,-0.00055,0.05157142857142857,-0.00055,0.0,0.0,0.05157142857142857,0.0005,0.06081715744826811,0.16848443602777108,-0.1252972794223503,0.003209385823607103,0.0006359897818271106,-0.01087317644013085,-0.0030090672508874842,-0.0022349999999999965,-0.0002665672508874813,-0.0005075000000000001,0.0,-5e-05,0.0,0.0003179948909135555,0.04075248729365666,0.020706184945907567,0.003209385823607103,0.019146047932129494,0.019146047932129494,0.021967408670634823,-0.008001021107021423,-0.006058583504541355,0.0012958149788887768,0.029017362359862377,-0.00055,-0.0029846103629097343,-0.0020554453367367387,-0.0009291650261729955,0.2524035576172173,0.22270054891705512,0.02970300870016217,0.8366185426712036,0.073081374168396,7742,5086,0,0.42507255747914313,0.9091153228282929,20,8,12828,7742,5086,0.05115730985650392,cuda,55.54345703125
156,197,200,True,1012,1012,646,646,64,302,64,1.0,1.5948616600790513,1.5948616600790513,1.6455108359133126,58.6885544864568,47.675435010874146,106.36398949733095,0.0293442772432284,0.023837717505437072,0.05318199474866547,0.7634408602150538,213,108,105,66,0,108,89.67619047619046,63.05332902391728,5,61,5.0,5.0,104,0,56,246,0,3334.57065084435,333.457065084435,5858.41441306017,585.841441306017,232.30412955368445,23.230412955368443,4201.008705834809,420.1008705834809,4740.0,474.0,5,0.04483809523809523,-0.00275,0.04483809523809523,-0.00275,0.0,0.0,0.04483809523809523,0.0025,0.04679847206038251,0.19100951937532212,-0.1099792351894391,0.002385410828876587,0.0008902828770487327,-0.007429913756384049,-0.00478363168281082,-0.0036900000000000084,-0.0002111316828108181,-0.0008824999999999961,0.0,0.0,-0.005,0.0004451414385243664,0.02934427724322844,0.02383771750543704,0.002385410828876587,0.02089929360583146,0.02089929360583146,0.05429255306745896,-0.004937591995851122,-0.0018963221966004705,0.0009269297539500579,0.031526664511958645,-0.00275,-0.0029846103629097343,-0.0020554453367367387,-0.0009291650261729955,0.2524035576172173,0.22270054891705512,0.02970300870016217,0.8366185426712036,0.073081374168396,7742,5086,0,0.42507255747914313,0.9091153228282929,20,8,12828,7742,5086,0.05115730985650392,cuda,55.54345703125
157,198,200,True,770,770,499,499,9,262,9,1.0,1.5636363636363637,1.5636363636363637,1.6452905811623246,30.981780256681837,38.58255159409819,69.56433185078004,0.015490890128340918,0.019291275797049097,0.03478216592539002,0.5809859154929577,165,81,84,119,0,75,65.94444444444444,49.43382173382173,7,112,7.0,6.0,82,0,23,239,0,3002.7645029728933,300.27645029728933,4131.034742647873,413.1034742647873,170.89633833460414,17.089633833460415,3775.6477191855515,377.56477191855515,3805.0,380.5,9,0.03297222222222222,-0.0038500000000000006,0.03297222222222222,-0.0038500000000000006,0.0,0.0,0.03297222222222222,0.0035,0.03284214027841863,0.17286304738610353,-0.06740725826592564,0.003579978220643024,0.0004641892538981837,-0.005741436865663294,-0.004791265201337541,-0.0035850000000000075,-0.00015376520133753789,-0.0010524999999999961,0.0,0.0,-0.009,0.00023209462694909192,0.015490890128340876,0.019291275797049087,0.003579978220643024,0.018760042880185752,0.018760042880185752,0.1175001814291237,-0.0027400153979458323,-0.0009441982497558435,0.0005963538194078415,0.024716910866910864,-0.0033,-0.0029846103629097343,-0.0020554453367367387,-0.0009291650261729955,0.2524035576172173,0.22270054891705512,0.02970300870016217,0.8366185426712036,0.073081374168396,7742,5086,0,0.42507255747914313,0.9091153228282929,20,8,12828,7742,5086,0.05115730985650392,cuda,55.54345703125
158,199,200,True,784,784,503,503,23,258,23,1.0,1.6964285714285714,1.6964285714285714,1.753479125248509,50.71746714810869,42.74030891617789,93.45777606428658,0.025358733574054344,0.021370154458088944,0.04672888803214329,0.7587412587412588,217,109,108,69,0,104,85.875,57.46410256410257,7,62,7.0,6.0,106,0,85,173,0,3495.8994401553227,349.5899440155323,5360.469422466629,536.0469422466629,183.9793891449975,18.39793891449975,4398.204356823266,439.82043568232655,3805.0,380.5,7,0.0429375,-0.0038500000000000006,0.0429375,-0.0038500000000000006,0.0,0.0,0.0429375,0.0035,0.04503212113016684,0.15189593850210764,-0.0823959289026521,0.0031325755789620648,0.00047547897458801195,-0.0056638798919864865,-0.003508121519356668,-0.0025949999999999992,-0.0002031215193566646,-0.0007099999999999983,0.0,0.0,-0.007,0.00023773948729400603,0.02535873357405433,0.02137015445808896,0.0031325755789620648,0.016832399374423213,0.016832399374423213,0.07630547784812593,-0.0025273229702916958,-0.002589308104905145,0.000763091953158345,0.028732051282051283,-0.003300000000000001,-0.0029846103629097343,-0.0020554453367367387,-0.0009291650261729955,0.2524035576172173,0.22270054891705512,0.02970300870016217,0.8366185426712036,0.073081374168396,7742,5086,0,0.42507255747914313,0.9091153228282929,20,8,12828,7742,5086,0.05115730985650392,cuda,55.54345703125
159,200,200,True,1052,1052,749,749,42,261,42,1.0,1.641634980988593,1.641634980988593,1.6194926568758345,59.12937519146942,36.22421203552767,95.35358722699709,0.02956468759573471,0.018112106017763835,0.047676793613498546,0.7793594306049823,219,128,91,62,0,127,80.2809523809524,47.15082871376991,0,62,0.0,0.0,89,0,108,153,0,3631.858956117849,363.18589561178493,6832.939537196839,683.2939537196839,308.30300592246346,30.830300592246346,4575.197911954284,457.5197911954284,5050.0,505.0,3,0.0401404761904762,0.0,0.0401404761904762,0.0,0.0,0.0,0.0401404761904762,0.0,0.05432776660372121,0.16836597474097895,-0.11527764035452635,0.0024882062154662796,0.0004767119112789609,-0.010126321139164096,-0.003064989152617955,-0.0022949999999999967,-0.00021498915261795173,-0.0005549999999999994,0.0,0.0,-0.003,0.0002383559556394805,0.0295646875957347,0.018112106017763856,0.0024882062154662796,0.01913678959458778,0.01913678959458778,0.029420553844539916,-0.004377577941354019,-0.005398915729135456,0.001134742591189322,0.023575414356884962,0.0,-0.0029846103629097343,-0.0020554453367367387,-0.0009291650261729955,0.2524035576172173,0.22270054891705512,0.02970300870016217,0.8366185426712036,0.073081374168396,7742,5086,0,0.42507255747914313,0.9091153228282929,20,8,12828,7742,5086,0.05115730985650392,cuda,55.54345703125
160,201,200,True,1010,1010,651,651,77,282,77,1.0,1.7287128712871287,1.7287128712871287,1.6651305683563749,61.44368942502643,33.610590226185906,95.05427965121234,0.030721844712513213,0.016805295113092953,0.04752713982560617,0.8098591549295775,230,132,98,54,0,130,87.31190476190478,48.626795834884106,6,48,6.0,3.0,97,0,172,110,0,3989.20364723014,398.920364723014,7621.576850007287,762.1576850007287,302.10030346067475,30.210030346067477,5023.541234680589,502.3541234680589,4665.0,466.5,2,0.04365595238095239,-0.0033,0.04365595238095239,-0.0033,0.0,0.0,0.04365595238095239,0.003,0.05613131597560827,0.1362343001752269,-0.10819527840592225,0.0027741408619509607,0.00048429263078287064,-0.009447434986541416,-0.002183738602979808,-0.0016499999999999965,-0.00022623860297980774,-0.0003075000000000002,0.0,0.0,-0.002,0.00024214631539143538,0.03072184471251324,0.01680529511309294,0.0027741408619509607,0.01610716870653055,0.01610716870653055,0.019050626807546333,-0.005918091965257602,-0.004284795916636799,0.0011584210647792134,0.02431339791744205,-0.0016500000000000002,-0.0029846103629097343,-0.0020554453367367387,-0.0009291650261729955,0.2524035576172173,0.22270054891705512,0.02970300870016217,0.8366185426712036,0.073081374168396,7742,5086,0,0.42507255747914313,0.9091153228282929,20,8,12828,7742,5086,0.05115730985650392,cuda,55.54345703125
161,202,200,True,1113,1113,772,772,121,220,120,0.9917355371900827,1.6900269541778976,1.6900269541778976,1.6295336787564767,71.57199367406618,38.481111169700625,110.0531048437668,0.03578599683703309,0.019240555584850313,0.0550265524218834,0.8351254480286738,233,145,88,46,0,142,98.11190476190477,58.44288195086154,6,40,6.0,5.0,85,0,70,150,0,3992.2473754853027,399.22473754853024,8290.28539531647,829.0285395316471,327.68137103760097,32.7681371037601,5028.743618437446,502.87436184374457,4965.0,496.5,1,0.04905595238095238,-0.0033,0.04905595238095238,-0.0033,0.0,0.0,0.04905595238095238,0.003,0.06073918124961831,0.1642394308733412,-0.13022308797357407,0.003402531723374712,0.0007325035803154174,-0.010192377028297348,-0.002975819247106871,-0.0022499999999999964,-0.00024331924710686815,-0.0004825000000000004,0.0,-2.5e-05,-0.001,0.00036625179015770874,0.03578599683703301,0.019240555584850293,0.003402531723374712,0.018998265980591244,0.018998265980591244,0.01861131803516107,-0.008382674864164143,-0.0062778463983954955,0.0011507349576743559,0.029221440975430776,-0.00275,-0.000510286004947764,0.004332492793244975,-0.004842778798192739,0.3293210761222456,0.2902983282293592,0.0390227478928864,0.8205530643463135,0.056600868701934814,6508,4644,0,0.46669475521360126,0.9294054186344147,21,8,11152,6508,4644,0.04992731879680192,cuda,52.0849609375
162,203,200,True,798,798,596,596,31,171,30,0.967741935483871,1.619047619047619,1.619047619047619,1.598993288590604,43.48603929543709,40.360240840461316,83.84628013589841,0.021743019647718544,0.02018012042023066,0.041923140067949206,0.7436823104693141,206,92,114,71,0,89,75.41666666666669,52.13467643467644,6,65,6.0,4.0,112,0,7,164,0,3000.1207921486075,300.01207921486076,4673.957159021841,467.3957159021841,194.85400063920494,19.485400063920494,3776.369223749445,377.6369223749445,3840.0,384.0,7,0.037708333333333344,-0.0033,0.037708333333333344,-0.0033,0.0,0.0,0.037708333333333344,0.003,0.03866553514222032,0.1895070933838713,-0.10173522062524794,0.0017618974637071281,0.0006159155734053673,-0.006395729268704846,-0.0031410364568372814,-0.002459999999999998,-0.00013853645683727643,-0.0005424999999999997,0.0,-2.5e-05,-0.007,0.0003079577867026837,0.021743019647718576,0.020180120420230638,0.0017618974637071281,0.020896376831360416,0.020896376831360416,0.0948934150490707,-0.005007356690976098,-0.002136721306478627,0.0007830124285832707,0.026067338217338223,-0.0022,-0.000510286004947764,0.004332492793244975,-0.004842778798192739,0.3293210761222456,0.2902983282293592,0.0390227478928864,0.8205530643463135,0.056600868701934814,6508,4644,0,0.46669475521360126,0.9294054186344147,21,8,11152,6508,4644,0.04992731879680192,cuda,52.0849609375
163,204,200,True,983,983,692,692,22,269,22,1.0,1.5818921668362156,1.5818921668362156,1.6329479768786128,67.32682145852273,53.23967001727274,120.56649147579547,0.033663410729261364,0.02661983500863637,0.060283245737897735,0.7824561403508772,223,123,100,62,0,120,102.0595238095238,71.5380463980464,7,55,7.0,7.0,99,0,113,156,0,3284.5338336925697,328.453383369257,5365.51175310004,536.5511753100039,237.02318959392645,23.702318959392645,4139.438391437201,413.9438391437201,4805.0,480.5,5,0.051029761904761904,-0.0038499999999999997,0.051029761904761904,-0.0038499999999999997,0.0,0.0,0.051029761904761904,0.0035,0.050879339666612525,0.20727203532800287,-0.1415004832577328,0.0031105769601525815,0.00061538849552372,-0.007543151521162193,-0.003041182567377828,-0.002339999999999997,-0.00018368256737782445,-0.0005175000000000001,0.0,0.0,-0.005,0.0003076942477618601,0.03366341072926139,0.026619835008636388,0.0031105769601525815,0.023387357679442316,0.023387357679442316,0.03960937748807467,-0.006537158717800715,-0.00169535396315608,0.00110071735582763,0.035769023199023205,-0.0038499999999999997,-0.000510286004947764,0.004332492793244975,-0.004842778798192739,0.3293210761222456,0.2902983282293592,0.0390227478928864,0.8205530643463135,0.056600868701934814,6508,4644,0,0.46669475521360126,0.9294054186344147,21,8,11152,6508,4644,0.04992731879680192,cuda,52.0849609375
164,205,200,True,859,859,601,601,77,181,76,0.987012987012987,1.7380675203725262,1.7380675203725262,1.745424292845258,62.904983629983434,56.98545004259838,119.89043367258182,0.03145249181499172,0.02849272502129919,0.05994521683629091,0.7222222222222222,208,121,87,80,0,119,96.61666666666666,72.08437118437121,5,75,5.0,2.0,86,0,26,155,0,3614.6632994899683,361.4663299489968,6202.329206873308,620.2329206873308,239.78932941504678,23.978932941504677,4550.938446205364,455.0938446205364,3915.0,391.5,6,0.04830833333333333,-0.00275,0.04830833333333333,-0.00275,0.0,0.0,0.04830833333333333,0.0025,0.05119937809779987,0.18019960149698283,-0.09550889084321784,0.0029909954517737375,0.0004944818768116471,-0.0075527716379822545,-0.0029212233735003783,-0.002324999999999997,-0.00010122337350037373,-0.0004950000000000004,0.0,-2.5e-05,-0.006,0.00024724093840582356,0.03145249181499174,0.028492725021299174,0.0029909954517737375,0.020061324846841602,0.020061324846841602,0.06980656400407896,-0.0035627416067254315,-0.002792463745267719,0.0008141444230965788,0.036042185592185604,-0.0011,-0.000510286004947764,0.004332492793244975,-0.004842778798192739,0.3293210761222456,0.2902983282293592,0.0390227478928864,0.8205530643463135,0.056600868701934814,6508,4644,0,0.46669475521360126,0.9294054186344147,21,8,11152,6508,4644,0.04992731879680192,cuda,52.0849609375
165,206,200,True,930,930,643,643,98,189,98,1.0,1.89247311827957,1.89247311827957,1.7527216174183515,64.99026896630676,34.85868951485574,99.8489584811625,0.03249513448315338,0.01742934475742787,0.04992447924058125,0.8494623655913979,237,145,92,42,0,143,87.23055555555558,51.928198274258335,2,40,2.0,2.0,87,0,93,96,0,4353.019253448178,435.30192534481773,8742.750037352627,874.2750037352628,313.1493870348449,31.31493870348449,5481.53210262839,548.153210262839,4160.0,416.0,2,0.043615277777777794,-0.0011,0.043615277777777794,-0.0011,0.0,0.0,0.043615277777777794,0.001,0.06172822922467414,0.12229153986240081,-0.10728028937845108,0.0034974386967237966,0.0005369111221719763,-0.009612959063193847,-0.0018992798015818567,-0.001439999999999998,-0.00016427980158185588,-0.00029500000000000023,0.0,0.0,-0.002,0.0002684555610859882,0.032495134483153366,0.01742934475742792,0.0034974386967237966,0.014685340050760396,0.014685340050760396,0.015343407654237915,-0.006093382701006781,-0.007351355364959492,0.0009715633008078055,0.025964099137129174,-0.0011,-0.000510286004947764,0.004332492793244975,-0.004842778798192739,0.3293210761222456,0.2902983282293592,0.0390227478928864,0.8205530643463135,0.056600868701934814,6508,4644,0,0.46669475521360126,0.9294054186344147,21,8,11152,6508,4644,0.04992731879680192,cuda,52.0849609375
166,207,200,True,741,741,558,558,39,144,39,1.0,1.8960863697705803,1.8960863697705803,1.7258064516129032,66.68432978580273,48.475018683664445,115.15934846946718,0.033342164892901364,0.024237509341832223,0.05757967423473359,0.7769784172661871,216,127,89,62,0,125,103.01666666666664,65.6675259381142,5,57,5.0,5.0,87,0,3,141,0,3814.100787087285,381.4100787087285,6299.985389109634,629.9985389109634,229.13143843850685,22.913143843850683,4802.779299989605,480.2779299989605,3510.0,351.0,7,0.05150833333333332,-0.00275,0.05150833333333332,-0.00275,0.0,0.0,0.05150833333333332,0.0025,0.05369018783448152,0.14592198154749925,-0.0882680984570056,0.0032057086897901784,0.0006639289373230559,-0.007062400715055945,-0.00275161090887643,-0.0021149999999999954,-0.00014411090887642784,-0.0004925000000000004,0.0,0.0,-0.007,0.00033196446866152796,0.03334216489290136,0.024237509341832195,0.0032057086897901784,0.01657271758554818,0.01657271758554818,0.05920904845035444,-0.0031956569057787236,-0.0028216201943460904,0.0007692796967422702,0.0328337629690571,-0.00275,-0.000510286004947764,0.004332492793244975,-0.004842778798192739,0.3293210761222456,0.2902983282293592,0.0390227478928864,0.8205530643463135,0.056600868701934814,6508,4644,0,0.46669475521360126,0.9294054186344147,21,8,11152,6508,4644,0.04992731879680192,cuda,52.0849609375
167,208,200,True,655,655,469,469,19,167,19,1.0,1.8015267175572518,1.8015267175572518,1.7164179104477613,39.929099006357646,35.811887483066315,75.74098648942396,0.019964549503178823,0.01790594374153316,0.03787049324471198,0.647887323943662,184,95,89,100,0,94,82.08333333333334,49.25775335775336,10,90,10.0,9.0,87,0,0,167,0,3305.189442202646,330.51894422026464,4513.887172925872,451.38871729258716,163.7482706244605,16.37482706244605,4157.431212454208,415.74312124542087,3180.0,318.0,10,0.04104166666666667,-0.005499999999999999,0.04104166666666667,-0.005499999999999999,0.0,0.0,0.04104166666666667,0.005,0.04121820003899638,0.1627788658225305,-0.07947998596219052,0.003835485376174563,9.776228099265852e-05,-0.005138755964018172,-0.003284058198975756,-0.0025049999999999985,-0.00012405819897575175,-0.0006549999999999989,0.0,0.0,-0.01,4.888114049632925e-05,0.019964549503178834,0.017905943741533186,0.003835485376174563,0.018004605589993797,0.018004605589993797,0.08855227567394035,-0.0026803438196124686,-0.001433846253035082,0.0006957333457215239,0.024628876678876678,-0.00495,-0.000510286004947764,0.004332492793244975,-0.004842778798192739,0.3293210761222456,0.2902983282293592,0.0390227478928864,0.8205530643463135,0.056600868701934814,6508,4644,0,0.46669475521360126,0.9294054186344147,21,8,11152,6508,4644,0.04992731879680192,cuda,52.0849609375
168,209,200,True,429,429,313,313,16,100,16,1.0,2.0885780885780885,2.0885780885780885,1.9361022364217253,39.4317695089699,34.29972767176466,73.73149718073455,0.01971588475448495,0.01714986383588233,0.03686574859036727,0.6334519572953736,178,87,91,103,0,83,76.33333333333334,44.00854700854701,6,97,6.0,4.0,90,0,0,100,0,3269.614211615879,326.9614211615879,4367.130933423731,436.7130933423731,117.64149653656858,11.764149653656858,4111.815336853264,411.1815336853264,2065.0,206.5,10,0.03816666666666667,-0.0033,0.03816666666666667,-0.0033,0.0,0.0,0.03816666666666667,0.003,0.03661470863289326,0.1148287980984174,-0.038466571645379116,0.0020427577702318094,0.00029417409178263956,-0.003348037089064978,-0.0019806219407565123,-0.0014999999999999976,-9.312194075651031e-05,-0.0003875000000000003,0.0,0.0,-0.01,0.0001470870458913198,0.019715884754484922,0.01714986383588233,0.0020427577702318094,0.012802565246788074,0.012802565246788074,0.11595885118908242,-0.0013282268552171359,-0.0009824242420289604,0.00035794381705799147,0.022004273504273506,-0.0022,-0.000510286004947764,0.004332492793244975,-0.004842778798192739,0.3293210761222456,0.2902983282293592,0.0390227478928864,0.8205530643463135,0.056600868701934814,6508,4644,0,0.46669475521360126,0.9294054186344147,21,8,11152,6508,4644,0.04992731879680192,cuda,52.0849609375
169,210,200,True,938,938,626,626,62,250,62,1.0,1.6812366737739872,1.6812366737739872,1.7507987220447285,75.61257870563081,61.51181093547153,137.12438964110234,0.0378062893528154,0.030755905467735763,0.06856219482055118,0.8049645390070922,227,133,94,55,0,126,112.44999999999999,82.55387847446671,5,50,5.0,4.867694694341911,92,0,52,198,0,3814.415316540311,381.4415316540311,6599.855737034871,659.985573703487,257.9738317661919,25.79738317661919,4805.270817467376,480.5270817467376,4380.0,438.0,6,0.056225,-0.00275,0.056225,-0.00275,0.0,0.0,0.056225,0.0025,0.05390040893875143,0.17225477768868308,-0.09762859107182034,0.0027304378972895014,0.0008288425722060717,-0.00812865636466426,-0.003807653997304652,-0.0029700000000000026,-0.00017265399730464698,-0.0006649999999999984,0.0,0.0,-0.006,0.0004144212861030359,0.03780628935281546,0.030755905467735756,0.0027304378972895014,0.019306458756271443,0.019306458756271443,0.04870588908049214,-0.0042258580735909795,-0.0024578818103985615,0.0008669943308666256,0.04127693923723335,-0.002677232081888051,0.001117414564359933,0.0011766257346607744,-5.921117030084133e-05,0.38180650454014536,0.34497266486287115,0.03683383967727423,0.7630271315574646,0.0556146502494812,7263,4785,0,0.4446096524596214,0.9475617015361786,22,8,12048,7263,4785,0.051076862447639836,cuda,53.20556640625
170,211,200,True,1099,1099,633,633,128,338,125,0.9765625,1.7279344858962693,1.7279344858962693,1.731437598736177,69.82681776569856,38.03765424355443,107.86447200925299,0.03491340888284928,0.019018827121777215,0.053932236004626495,0.843065693430657,231,146,85,43,0,145,91.4357142857143,52.06327267503744,2,41,2.0,1.0,83,0,234,104,0,4174.331973310962,417.4331973310962,8515.439955067033,851.5439955067034,300.94030642955306,30.094030642955307,5259.616046663327,525.9616046663327,4870.0,487.0,1,0.04571785714285714,-0.0011,0.04571785714285714,-0.0011,0.0,0.0,0.04571785714285714,0.001,0.0622494780098833,0.15549909846360352,-0.13549010605867934,0.0026438964684283796,0.000519394451117276,-0.008777709986834376,-0.002034455463580179,-0.0015599999999999972,-0.00011695546358017693,-0.00035750000000000023,0.0,-7.500000000000001e-05,-0.001,0.0002596972255586381,0.034913408882849266,0.019018827121777212,0.0026438964684283796,0.017742397204094474,0.017742397204094474,0.022009288968619953,-0.0063611078326528386,-0.005617076378482859,0.0011315851786048955,0.02603163633751872,-0.00055,0.001117414564359933,0.0011766257346607744,-5.921117030084133e-05,0.38180650454014536,0.34497266486287115,0.03683383967727423,0.7630271315574646,0.0556146502494812,7263,4785,0,0.4446096524596214,0.9475617015361786,22,8,12048,7263,4785,0.051076862447639836,cuda,53.20556640625
171,212,200,True,778,778,541,541,5,232,5,1.0,1.5359897172236503,1.5359897172236503,1.6469500924214417,30.169627153816172,40.111728014544916,70.28135516836109,0.015084813576908086,0.020055864007272457,0.035140677584180546,0.5602836879432624,158,72,86,124,1,71,65.0,49.46245421245421,5,119,5.0,5.0,85,0,0,232,0,2739.943674439106,273.9943674439106,3388.1959944090004,338.81959944090005,172.22511390476882,17.222511390476882,3445.397382600857,344.5397382600857,3865.0,386.5,10,0.0325,-0.00275,0.0325,-0.00275,0.0,0.0,0.0325,0.0025,0.03133933345986061,0.19562911155033233,-0.06437083121821359,0.0026836346769614932,0.00015503867659085038,-0.0059812047104198214,-0.004561698175218036,-0.0034800000000000065,-0.00016919817521803256,-0.0009124999999999966,0.0,0.0,-0.01,7.75193382954252e-05,0.015084813576908133,0.020055864007272464,0.0026836346769614932,0.02132022821307672,0.02132022821307672,0.15175604390046166,-0.0035109798623673897,-0.00023190360684245285,0.0005981693682814207,0.024731227106227105,-0.00275,0.001117414564359933,0.0011766257346607744,-5.921117030084133e-05,0.38180650454014536,0.34497266486287115,0.03683383967727423,0.7630271315574646,0.0556146502494812,7263,4785,0,0.4446096524596214,0.9475617015361786,22,8,12048,7263,4785,0.051076862447639836,cuda,53.20556640625
172,213,200,True,791,791,508,508,17,266,15,0.8823529411764706,1.686472819216182,1.686472819216182,1.687007874015748,45.26819877765633,38.21257862156009,83.48077739921642,0.022634099388828165,0.019106289310780046,0.04174038869960821,0.7237762237762237,207,103,104,79,0,99,77.97619047619048,47.08902874902876,6,73,6.0,4.0,102,0,87,179,0,3424.4464682004773,342.44464682004775,5274.510331136184,527.4510331136183,185.72256924412454,18.572256924412454,4310.580521826874,431.05805218268745,3880.0,388.0,7,0.038988095238095245,-0.0033,0.038988095238095245,-0.0033,0.0,0.0,0.038988095238095245,0.003,0.0429395283678566,0.1643221877978248,-0.05988929829768848,0.0037170814356266967,0.0005778505403107359,-0.005921140997386564,-0.0034691820359916636,-0.002685,-0.00013418203599165884,-0.0006499999999999991,0.0,-5e-05,-0.007,0.000288925270155368,0.022634099388828176,0.019106289310780036,0.0037170814356266967,0.01832955500718426,0.01832955500718426,0.09717551569917474,-0.0026717277678111628,-0.0010621535580361769,0.0006426716769747037,0.02354451437451438,-0.0022,0.001117414564359933,0.0011766257346607744,-5.921117030084133e-05,0.38180650454014536,0.34497266486287115,0.03683383967727423,0.7630271315574646,0.0556146502494812,7263,4785,0,0.4446096524596214,0.9475617015361786,22,8,12048,7263,4785,0.051076862447639836,cuda,53.20556640625
173,214,200,True,954,954,658,658,83,213,81,0.9759036144578314,1.740041928721174,1.740041928721174,1.709726443768997,73.77400050101326,44.486436282678355,118.26043678369162,0.03688700025050663,0.02224321814133918,0.05913021839184581,0.823321554770318,233,136,97,50,0,132,99.33333333333333,56.65743839493844,1,49,1.0,0.0,96,0,75,138,0,3946.058692692057,394.6058692692057,7383.842794748404,738.3842794748405,264.50090671201104,26.450090671201103,4969.476610797507,496.94766107975073,4365.0,436.5,3,0.049666666666666665,-0.00055,0.049666666666666665,-0.00055,0.0,0.0,0.049666666666666665,0.0005,0.05648122101828545,0.15215532335498844,-0.11139825789033103,0.0039014564067790178,0.0007461442855911989,-0.00818842225954777,-0.0027454789077442656,-0.002069999999999995,-0.00019047890774426317,-0.00048500000000000035,0.0,-5e-05,-0.003,0.00037307214279559946,0.0368870002505066,0.022243218141339168,0.0039014564067790178,0.01764637524869218,0.01764637524869218,0.02654529887805242,-0.006452524276655837,-0.0029201701463183994,0.0010484527796326701,0.02832871919746923,0.0,0.001117414564359933,0.0011766257346607744,-5.921117030084133e-05,0.38180650454014536,0.34497266486287115,0.03683383967727423,0.7630271315574646,0.0556146502494812,7263,4785,0,0.4446096524596214,0.9475617015361786,22,8,12048,7263,4785,0.051076862447639836,cuda,53.20556640625
174,215,200,True,945,945,591,591,105,249,105,1.0,1.8677248677248677,1.8677248677248677,1.7732656514382403,74.57243719152257,39.227194947807135,113.7996321393297,0.037286218595761284,0.01961359747390357,0.05689981606966485,0.8483754512635379,235,144,91,42,0,140,101.16190476190476,55.98664583782233,4,38,4.0,3.433698325128716,89,0,123,126,0,4437.255889966899,443.7255889966899,8856.814254589848,885.6814254589848,289.30242526983295,28.930242526983296,5589.492118308823,558.9492118308823,4200.0,420.0,2,0.05058095238095238,-0.0022,0.05058095238095238,-0.0022,0.0,0.0,0.05058095238095238,0.002,0.06059655720493477,0.13803112914600238,-0.09871706755733942,0.002248630399026338,0.000955037354894055,-0.00847438121313217,-0.002479648300381353,-0.001889999999999995,-0.00018964830038135255,-0.0004000000000000003,0.0,0.0,-0.002,0.0004775186774470276,0.03728621859576126,0.019613597473903534,0.002248630399026338,0.01579388456813201,0.01579388456813201,0.029002034575714247,-0.005588703239291483,-0.003839407139391549,0.0009993383681431418,0.027993322918911167,-0.001888534078820794,0.001117414564359933,0.0011766257346607744,-5.921117030084133e-05,0.38180650454014536,0.34497266486287115,0.03683383967727423,0.7630271315574646,0.0556146502494812,7263,4785,0,0.4446096524596214,0.9475617015361786,22,8,12048,7263,4785,0.051076862447639836,cuda,53.20556640625
175,216,200,True,694,694,494,494,12,188,12,1.0,1.6080691642651297,1.6080691642651297,1.680161943319838,32.514959386566154,39.758899431878135,72.2738588184443,0.01625747969328308,0.01987944971593907,0.03613692940922215,0.5629370629370629,161,83,78,125,0,79,72.98333333333333,55.19774473892121,12,113,12.0,9.0,76,0,0,188,0,2823.997022821196,282.3997022821196,3769.084357435709,376.9084357435709,155.7478481302686,15.574784813026861,3552.5712084004476,355.25712084004476,3410.0,341.0,9,0.036491666666666665,-0.0066,0.036491666666666665,-0.0066,0.0,0.0,0.036491666666666665,0.006,0.034437699101539085,0.16494385175849502,-0.061311668791641606,0.0032360104169403365,0.00030350159687254517,-0.005105013922487318,-0.0036109553202575626,-0.0028200000000000013,-8.845532025755755e-05,-0.0007024999999999984,0.0,0.0,-0.009,0.00015175079843627256,0.016257479693283068,0.01987944971593909,0.0032360104169403365,0.018178601233584498,0.018178601233584498,0.10611286296904117,-0.0025792969378756426,-0.002159119034787406,0.0005729331278249521,0.027598872369460604,-0.00495,0.001117414564359933,0.0011766257346607744,-5.921117030084133e-05,0.38180650454014536,0.34497266486287115,0.03683383967727423,0.7630271315574646,0.0556146502494812,7263,4785,0,0.4446096524596214,0.9475617015361786,22,8,12048,7263,4785,0.051076862447639836,cuda,53.20556640625
176,217,200,True,1064,1064,734,734,25,305,25,1.0,1.5037593984962405,1.5037593984962405,1.521798365122616,61.77755180318344,52.367325399655456,114.1448772028389,0.03088877590159172,0.026183662699827727,0.05707243860141945,0.6807017543859649,194,104,90,91,0,98,92.25,66.96886446886448,4,87,4.0,3.0,89,0,58,247,0,3305.6316648288066,330.56316648288066,5761.96180557032,576.196180557032,276.1342279418574,27.613422794185738,4160.456436852254,416.0456436852254,5195.0,519.5,5,0.046125,-0.0022,0.046125,-0.0022,0.0,0.0,0.046125,0.002,0.04204341201229201,0.20918049825508497,-0.06581303974824688,0.002695259309665646,0.0011269031086516186,-0.009404867424069631,-0.0047000079851266235,-0.0037050000000000086,-0.00015750798512661674,-0.0008374999999999965,0.0,0.0,-0.005,0.0005634515543258092,0.030888775901591767,0.02618366269982774,0.002695259309665646,0.02288437513286028,0.02288437513286028,0.1093643314885211,-0.00551286418346207,-0.0014305487389799979,0.0006266297214561264,0.03348443223443224,-0.0016500000000000002,0.001117414564359933,0.0011766257346607744,-5.921117030084133e-05,0.38180650454014536,0.34497266486287115,0.03683383967727423,0.7630271315574646,0.0556146502494812,7263,4785,0,0.4446096524596214,0.9475617015361786,22,8,12048,7263,4785,0.051076862447639836,cuda,53.20556640625
177,218,200,True,903,903,555,555,32,316,32,1.0,1.5603543743078627,1.5603543743078627,1.6288288288288288,48.00397724503229,39.90554489072144,87.90952213575372,0.024001988622516145,0.019952772445360718,0.04395476106787686,0.6148409893992933,174,98,76,109,0,95,79.83333333333336,46.50671550671551,4,105,4.0,2.0,76,0,77,239,0,3107.735037104033,310.7735037104033,4773.595821980605,477.35958219806054,195.21122405025065,19.521122405025064,3909.5272571617265,390.95272571617267,4355.0,435.5,7,0.03991666666666668,-0.0022,0.03991666666666668,-0.0022,0.0,0.0,0.03991666666666668,0.002,0.04104190136148275,0.18937694821954534,-0.07248977545894753,0.00351330444047418,0.00047915058107569924,-0.006454731334874464,-0.004676728237067595,-0.0035850000000000075,-0.00018672823706758807,-0.0009049999999999972,0.0,0.0,-0.007,0.00023957529053784962,0.024001988622516186,0.019952772445360714,0.00351330444047418,0.020479286655212064,0.020479286655212064,0.09764155473584323,-0.0034284214039714215,-0.0007584218354707106,0.0006221282302924577,0.023253357753357757,-0.0011,-0.002909363654034678,-0.0008569494602852501,-0.0020524141937494278,0.3166830388456583,0.2810412678867579,0.03564177095890045,0.8034601211547852,0.0761461853981018,7821,5118,0,0.4196557939052582,0.8296490800380707,23,8,12939,7821,5118,0.05916573787409067,cuda,55.65625
178,219,200,True,794,794,487,487,74,233,73,0.9864864864864865,2.008816120906801,2.008816120906801,2.030800821355236,85.23749771179622,60.70875416987919,145.9462518816754,0.042618748855898114,0.030354377084939595,0.0729731259408377,0.7437722419928826,209,156,53,72,0,152,122.24999999999997,80.85574425574426,7,65,7.0,5.0,51,0,94,139,0,4497.523828239275,449.75238282392746,8128.112143742168,812.8112143742168,206.86485578599772,20.686485578599772,5667.220351415106,566.7220351415106,3605.0,360.5,4,0.061124999999999985,-0.0038499999999999997,0.061124999999999985,-0.0038499999999999997,0.0,0.0,0.061124999999999985,0.0035,0.06523194749297653,0.13130924960708842,-0.07562155754991169,0.0027866296482518685,0.0007781170339876364,-0.0055962418697351485,-0.002709022818433507,-0.0020849999999999953,-0.00016652281843350362,-0.00045750000000000033,0.0,-2.5e-05,-0.004,0.00038905851699381827,0.04261874885589807,0.03035437708493959,0.0027866296482518685,0.01566154012723904,0.01566154012723904,0.04783540340717878,-0.0029427385667343156,-0.001525297382879415,0.000857474512955025,0.040427872127872126,-0.00275,-0.002909363654034678,-0.0008569494602852501,-0.0020524141937494278,0.3166830388456583,0.2810412678867579,0.03564177095890045,0.8034601211547852,0.0761461853981018,7821,5118,0,0.4196557939052582,0.8296490800380707,23,8,12939,7821,5118,0.05916573787409067,cuda,55.65625
179,220,200,True,996,996,651,651,75,270,75,1.0,1.8042168674698795,1.8042168674698795,1.6912442396313363,82.19906939243806,46.98643259719115,129.18550198962922,0.041099534696219034,0.023493216298595573,0.06459275099481461,0.8185053380782918,230,147,83,51,0,144,108.47619047619047,64.17466124455255,2,49,2.0,2.0,82,0,119,151,0,4314.134551245013,431.41345512450135,8605.473211244223,860.5473211244223,285.4023915244375,28.540239152443753,5431.525538531821,543.1525538531821,4605.0,460.5,2,0.05423809523809523,-0.0011,0.05423809523809523,-0.0011,0.0,0.0,0.05423809523809523,0.001,0.062002406986053284,0.15789205083457672,-0.1369367409719299,0.004035971487685964,0.0011544262413024655,-0.00878569030910012,-0.0029927869717638073,-0.0022649999999999966,-0.00020528697176380408,-0.0005225000000000001,0.0,0.0,-0.002,0.0005772131206512327,0.04109953469621897,0.02349321629859558,0.004035971487685964,0.018112187620698647,0.018112187620698647,0.0222972608968953,-0.006255856489718483,-0.0060957389820124625,0.0010520138972218034,0.03208733062227628,-0.0011,-0.002909363654034678,-0.0008569494602852501,-0.0020524141937494278,0.3166830388456583,0.2810412678867579,0.03564177095890045,0.8034601211547852,0.0761461853981018,7821,5118,0,0.4196557939052582,0.8296490800380707,23,8,12939,7821,5118,0.05916573787409067,cuda,55.65625
180,221,200,True,1025,1025,656,656,37,332,37,1.0,1.6682926829268292,1.6682926829268292,1.6402439024390243,76.99261661589556,46.46763317240813,123.46024978830368,0.03849630830794778,0.023233816586204065,0.06173012489415184,0.7725631768953068,214,139,75,63,0,135,108.94999999999997,62.50012765012768,6,57,6.0,4.0,71,0,160,172,0,3850.6353833652365,385.06353833652366,7085.833688389307,708.5833688389307,268.014179752423,26.8014179752423,4850.1494612420975,485.01494612420976,4940.0,494.0,3,0.05447499999999998,-0.0033,0.05447499999999998,-0.0033,0.0,0.0,0.05447499999999998,0.003,0.0575738360548956,0.17077820784700037,-0.11216164507134277,0.0037312641349808912,0.0009030444341759582,-0.008378395809639356,-0.003352845296179813,-0.0025799999999999994,-0.00020284529617980876,-0.0005699999999999993,0.0,0.0,-0.003,0.00045152221708797915,0.038496308307947785,0.023233816586204055,0.0037312641349808912,0.019609525640740623,0.019609525640740623,0.040762765907593465,-0.00604381079925429,-0.0031335082972030674,0.0008767757504789395,0.03125006382506384,-0.0022,-0.002909363654034678,-0.0008569494602852501,-0.0020524141937494278,0.3166830388456583,0.2810412678867579,0.03564177095890045,0.8034601211547852,0.0761461853981018,7821,5118,0,0.4196557939052582,0.8296490800380707,23,8,12939,7821,5118,0.05916573787409067,cuda,55.65625
181,222,200,True,1075,1075,681,681,112,282,112,1.0,1.7302325581395348,1.7302325581395348,1.6123348017621146,76.38404572555264,39.14814792511618,115.53219365066882,0.03819202286277632,0.01957407396255809,0.05776609682533441,0.7992831541218638,223,150,73,56,0,146,101.59999999999998,53.41473098973102,4,52,4.0,1.0,73,0,131,151,0,4121.47301202588,412.147301202588,8527.779993980348,852.7779993980348,316.4252505099897,31.642525050998973,5194.112871393736,519.4112871393736,4815.0,481.5,1,0.0508,-0.0022,0.0508,-0.0022,0.0,0.0,0.0508,0.002,0.062198305480828026,0.13865699866932207,-0.09851556492880637,0.0035254352142397036,0.0010159572735928281,-0.009557303183560139,-0.003066747681762082,-0.0022649999999999966,-0.00024674768176207893,-0.000555,0.0,0.0,-0.001,0.0005079786367964141,0.038192022862776245,0.019574073962558072,0.0035254352142397036,0.016397687693841183,0.016397687693841183,0.015116699547252112,-0.006036680090881034,-0.004504940268003866,0.0010869688116617498,0.026707365494865513,-0.00055,-0.002909363654034678,-0.0008569494602852501,-0.0020524141937494278,0.3166830388456583,0.2810412678867579,0.03564177095890045,0.8034601211547852,0.0761461853981018,7821,5118,0,0.4196557939052582,0.8296490800380707,23,8,12939,7821,5118,0.05916573787409067,cuda,55.65625
182,223,200,True,1041,1041,655,655,103,283,103,1.0,1.66954851104707,1.66954851104707,1.6473282442748092,65.87335130569592,41.96094624576083,107.83429755145676,0.03293667565284796,0.020980473122880414,0.053917148775728375,0.8100358422939068,226,132,94,53,0,128,90.74761904761903,58.984571272269264,4,49,4.0,3.472917070698786,94,0,121,162,0,3725.371620972617,372.5371620972617,7394.981852916002,739.4981852916002,264.63257759746034,26.463257759746035,4691.762296290462,469.17622962904613,4690.0,469.0,2,0.04537380952380951,-0.0022,0.04537380952380951,-0.0022,0.0,0.0,0.04537380952380951,0.002,0.05468569186248909,0.15177359081362907,-0.1251454348594197,0.003614767809388263,0.0008141563373191269,-0.007936004275467885,-0.0032013039857198915,-0.002429999999999998,-0.00019880398571989032,-0.0005725000000000001,0.0,0.0,-0.002,0.00040707816865956354,0.032936675652847865,0.02098047312288039,0.003614767809388263,0.0173804937464436,0.0173804937464436,0.026361208484418388,-0.007139195159288804,-0.004744713371304444,0.0011540533114238138,0.02949228563613463,-0.0019101043888843324,-0.002909363654034678,-0.0008569494602852501,-0.0020524141937494278,0.3166830388456583,0.2810412678867579,0.03564177095890045,0.8034601211547852,0.0761461853981018,7821,5118,0,0.4196557939052582,0.8296490800380707,23,8,12939,7821,5118,0.05916573787409067,cuda,55.65625
183,224,200,True,883,883,598,598,52,233,52,1.0,1.7429218573046432,1.7429218573046432,1.7240802675585285,64.57117743309786,53.89057171680732,118.46174914990519,0.03228558871654893,0.02694528585840366,0.059230874574952595,0.7816901408450704,222,124,98,62,0,122,100.89285714285714,67.93731379731382,5,57,5.0,2.5194425787800583,97,0,15,218,0,3812.038026039609,381.2038026039609,6333.294660861999,633.3294660861999,218.8485004238568,21.88485004238568,4798.547916199537,479.85479161995374,4155.0,415.5,7,0.05044642857142857,-0.00275,0.05044642857142857,-0.00275,0.0,0.0,0.05044642857142857,0.0025,0.05270027779001634,0.18093731811242064,-0.10054756603246244,0.003465220364923548,0.000878382355155966,-0.006758513298241278,-0.004252230207820569,-0.003270000000000005,-0.00014223020782056536,-0.0008399999999999978,0.0,0.0,-0.007,0.00043919117757798304,0.03228558871654896,0.026945285858403677,0.003465220364923548,0.02035277508323378,0.02035277508323378,0.07560095173621485,-0.004592178556663867,-0.002435050600621125,0.000698503616961105,0.033968656898656906,-0.0013856934183290321,-0.002909363654034678,-0.0008569494602852501,-0.0020524141937494278,0.3166830388456583,0.2810412678867579,0.03564177095890045,0.8034601211547852,0.0761461853981018,7821,5118,0,0.4196557939052582,0.8296490800380707,23,8,12939,7821,5118,0.05916573787409067,cuda,55.65625
184,225,200,True,1104,1104,835,835,54,215,54,1.0,1.667572463768116,1.667572463768116,1.5449101796407185,75.80581195610846,42.516227881949554,118.322039838058,0.03790290597805423,0.021258113940974776,0.059161019919029,0.8333333333333334,235,139,96,47,0,136,101.77142857142856,60.07582569391395,3,44,3.0,2.0,93,0,61,154,0,3913.845788034889,391.3845788034889,7880.401804287549,788.0401804287549,354.19573983338535,35.41957398333854,4930.216761144019,493.0216761144019,5250.0,525.0,2,0.05088571428571428,-0.0016500000000000002,0.05088571428571428,-0.0016500000000000002,0.0,0.0,0.05088571428571428,0.0015,0.05828249941497012,0.17904897836995154,-0.13226512664149812,0.003350125955151702,0.0010289161456262046,-0.011601211974499134,-0.003143710663990968,-0.002309999999999997,-0.00031371066399096586,-0.00052,0.0,0.0,-0.002,0.0005144580728131024,0.0379029059780543,0.021258113940974762,0.003350125955151702,0.0201381295818753,0.0201381295818753,0.03475387171146645,-0.007688894571386499,-0.0059794317681130995,0.0011430930473393963,0.030037912846956977,-0.0011,-0.002909363654034678,-0.0008569494602852501,-0.0020524141937494278,0.3166830388456583,0.2810412678867579,0.03564177095890045,0.8034601211547852,0.0761461853981018,7821,5118,0,0.4196557939052582,0.8296490800380707,23,8,12939,7821,5118,0.05916573787409067,cuda,55.65625
185,226,200,True,746,746,558,558,15,173,15,1.0,1.6729222520107239,1.6729222520107239,1.6272401433691757,46.23768713226702,39.210763607563486,85.4484507398305,0.023118843566133508,0.019605381803781744,0.042724225369915256,0.6895306859205776,191,102,89,86,0,97,83.28333333333335,54.20778567837392,8,78,8.0,8.0,87,0,5,168,0,3203.554664415076,320.3554664415076,4817.3449358265625,481.7344935826562,192.3697376089767,19.23697376089767,4032.3766537980327,403.2376653798033,3655.0,365.5,8,0.041641666666666674,-0.004399999999999999,0.041641666666666674,-0.004399999999999999,0.0,0.0,0.041641666666666674,0.004,0.04191274160367728,0.182567650388354,-0.092454898777078,0.001632556021581788,0.00046179598879819955,-0.006259201474012465,-0.0032833645856507466,-0.002519999999999999,-0.0001508645856507419,-0.0006124999999999991,0.0,0.0,-0.008,0.0002308979943990998,0.023118843566133536,0.019605381803781737,0.001632556021581788,0.020051764915077933,0.020051764915077933,0.08826351269998192,-0.0036588251515897925,-0.0014564456134913005,0.0007564257776562381,0.027103892839186957,-0.004399999999999999,-0.0013226505329034157,-0.0009625971184245177,-0.000360053414478898,0.31351843124521633,0.27537036197526116,0.038148069269955155,0.8239158391952515,0.08656907081604004,6982,4936,0,0.4431497190679823,0.8846612024307251,24,8,11918,6982,4936,0.054178867834592845,cuda,54.94580078125
186,227,200,True,669,669,518,518,13,138,13,1.0,1.8191330343796712,1.8191330343796712,1.888030888030888,49.1627993105056,52.40316567571539,101.56596498622099,0.0245813996552528,0.026201582837857697,0.050782982493110494,0.6989247311827957,195,100,95,84,0,98,87.58333333333334,67.34749694749695,5,79,5.0,5.0,93,0,0,138,0,3441.3761683420776,344.13761683420773,4802.827306651897,480.28273066518966,172.9319577247407,17.29319577247407,4328.835108932694,432.88351089326943,3280.0,328.0,10,0.04379166666666667,-0.00275,0.04379166666666667,-0.00275,0.0,0.0,0.04379166666666667,0.0025,0.04294514983636075,0.17001926449073795,-0.08887192919315919,0.002880654422018755,0.00025293811632198354,-0.005537217954369928,-0.0026848027589242685,-0.002069999999999995,-0.00016480275892426487,-0.00045000000000000037,0.0,0.0,-0.01,0.0001264690581609918,0.024581399655252797,0.026201582837857684,0.002880654422018755,0.01908662487960166,0.01908662487960166,0.07463249805904677,-0.003203310382165304,-0.0011916650348998076,0.0007927890777166147,0.033673748473748474,-0.00275,-0.0013226505329034157,-0.0009625971184245177,-0.000360053414478898,0.31351843124521633,0.27537036197526116,0.038148069269955155,0.8239158391952515,0.08656907081604004,6982,4936,0,0.4431497190679823,0.8846612024307251,24,8,11918,6982,4936,0.054178867834592845,cuda,54.94580078125
187,228,200,True,1113,1113,747,747,111,255,108,0.972972972972973,1.633423180592992,1.633423180592992,1.6358768406961177,81.73691115987864,57.46358940988185,139.2005005697605,0.040868455579939324,0.028731794704940923,0.06960025028488025,0.7986111111111112,230,134,96,58,0,132,110.3690476190476,76.47033695772824,4,54,4.0,4.0,96,0,53,202,0,3720.8157952704855,372.0815795270486,7455.426902619785,745.5426902619786,285.96930054101756,28.596930054101755,4686.1302889586605,468.613028895866,5025.0,502.5,2,0.05518452380952381,-0.0022,0.05518452380952381,-0.0022,0.0,0.0,0.05518452380952381,0.002,0.056483610500355295,0.1964511395622336,-0.16006700469023055,0.0035665831870508456,0.0013744002499916958,-0.008978428917048965,-0.004101605254626523,-0.0030300000000000027,-0.0002991052546265212,-0.000772499999999999,0.0,-7.500000000000001e-05,-0.002,0.000687200124995847,0.04086845557993929,0.028731794704940965,0.0035665831870508456,0.02209749437202623,0.02209749437202623,0.02542094050496523,-0.00628051721014296,-0.0035834580487137725,0.0013697872912487381,0.038235168478864115,-0.0022,-0.0013226505329034157,-0.0009625971184245177,-0.000360053414478898,0.31351843124521633,0.27537036197526116,0.038148069269955155,0.8239158391952515,0.08656907081604004,6982,4936,0,0.4431497190679823,0.8846612024307251,24,8,11918,6982,4936,0.054178867834592845,cuda,54.94580078125
188,229,200,True,686,686,527,527,3,156,3,1.0,1.5451895043731778,1.5451895043731778,1.6261859582542695,36.12188118667857,44.68900894164849,80.81089012832706,0.018060940593339285,0.022344504470824245,0.04040544506416353,0.4981949458483754,138,74,64,139,0,71,67.30952380952381,50.98279609279609,1,138,1.0,1.0,62,0,0,156,0,2604.595720412669,260.4595720412669,3086.5965099597643,308.65965099597645,153.77531901594344,15.377531901594343,3275.3474997089093,327.5347499708909,3415.0,341.5,10,0.0336547619047619,-0.00055,0.0336547619047619,-0.00055,0.0,0.0,0.0336547619047619,0.0005,0.031085579615974822,0.19112183877689506,-0.0794821346515749,0.0021143177931261157,0.00010244430869557321,-0.005325075799090176,-0.0030500049023685014,-0.002339999999999997,-0.00017250490236849663,-0.0005375000000000001,0.0,0.0,-0.01,5.122215434778662e-05,0.018060940593339302,0.02234450447082423,0.0021143177931261157,0.020735583152290644,0.020735583152290644,0.1253524083626358,-0.002808675783481196,-0.00016232561874251336,0.0006795494782783926,0.025491398046398047,-0.00055,-0.0013226505329034157,-0.0009625971184245177,-0.000360053414478898,0.31351843124521633,0.27537036197526116,0.038148069269955155,0.8239158391952515,0.08656907081604004,6982,4936,0,0.4431497190679823,0.8846612024307251,24,8,11918,6982,4936,0.054178867834592845,cuda,54.94580078125
189,230,200,True,907,907,622,622,76,209,76,1.0,1.681367144432194,1.681367144432194,1.6607717041800643,62.62577649498292,44.23774158635639,106.86351808133932,0.03131288824749146,0.022118870793178196,0.053431759040669664,0.775,217,124,93,63,0,120,91.49523809523811,61.61643258702087,5,58,5.0,5.0,92,0,66,143,0,3462.7609883343425,346.2760988334343,6391.014346992696,639.1014346992696,242.20444990091485,24.220444990091487,4359.951630888495,435.9951630888495,4155.0,415.5,4,0.045747619047619044,-0.00275,0.045747619047619044,-0.00275,0.0,0.0,0.045747619047619044,0.0025,0.051209219742473215,0.16981780281592038,-0.1143404264055565,0.0020636772336954778,0.0009870025409116107,-0.0076045981848814675,-0.0027795973982406978,-0.0021449999999999954,-0.00018459739824069546,-0.00045000000000000037,0.0,0.0,-0.004,0.0004935012704558054,0.03131288824749143,0.022118870793178154,0.0020636772336954778,0.019210159316335126,0.019210159316335126,0.0419549782784102,-0.004821343957824252,-0.0045470601151433735,0.0008860560929427741,0.030808216293510438,-0.00275,-0.0013226505329034157,-0.0009625971184245177,-0.000360053414478898,0.31351843124521633,0.27537036197526116,0.038148069269955155,0.8239158391952515,0.08656907081604004,6982,4936,0,0.4431497190679823,0.8846612024307251,24,8,11918,6982,4936,0.054178867834592845,cuda,54.94580078125
190,231,200,True,706,706,453,453,43,210,43,1.0,1.9178470254957507,1.9178470254957507,1.9602649006622517,60.96362060771741,48.01745565100996,108.98107625872737,0.030481810303858704,0.02400872782550498,0.054490538129363685,0.6947368421052632,198,120,78,87,0,117,96.16666666666666,66.15250860250862,7,80,7.0,6.456374915210816,77,0,63,147,0,3724.066919708479,372.4066919708479,6358.579909692036,635.8579909692037,189.54894752674142,18.954894752674143,4689.633487976549,468.96334879765493,3315.0,331.5,6,0.048083333333333325,-0.0038499999999999997,0.048083333333333325,-0.0038499999999999997,0.0,0.0,0.048083333333333325,0.0035,0.05064785346440332,0.1295363317805832,-0.05795445325563036,0.0021934678930211103,0.0006835241105346151,-0.005663781266159556,-0.002914974252403541,-0.002204999999999996,-0.00016497425240353877,-0.0005450000000000002,0.0,0.0,-0.006,0.0003417620552673076,0.030481810303858693,0.024008727825504995,0.0021934678930211103,0.014775814594421963,0.014775814594421963,0.08496616403983094,-0.0021295338370759605,-0.001716800375852679,0.0006818821620271817,0.03307625430125432,-0.003551006203365949,-0.0013226505329034157,-0.0009625971184245177,-0.000360053414478898,0.31351843124521633,0.27537036197526116,0.038148069269955155,0.8239158391952515,0.08656907081604004,6982,4936,0,0.4431497190679823,0.8846612024307251,24,8,11918,6982,4936,0.054178867834592845,cuda,54.94580078125
191,232,200,True,1083,1083,776,776,69,238,68,0.9855072463768116,1.7590027700831026,1.7590027700831026,1.7048969072164948,79.42278252908093,45.329566285856465,124.75234881493739,0.039711391264540465,0.022664783142928233,0.0623761744074687,0.8229166666666666,237,158,79,51,0,153,108.32142857142857,68.75242507773953,7,44,7.0,7.0,76,0,126,112,0,4441.583939594973,444.15839395949735,9121.861906510549,912.1861906510549,335.8890269752689,33.58890269752689,5595.297958933937,559.5297958933936,5075.0,507.5,1,0.05416071428571429,-0.00385,0.05416071428571429,-0.00385,0.0,0.0,0.05416071428571429,0.0035,0.06556129269071316,0.16349158375830553,-0.14217466765306844,0.003966062585749469,0.0009585784254505057,-0.010440220130526486,-0.0022256005235154726,-0.0016799999999999964,-0.00020310052351547162,-0.00034250000000000025,0.0,-2.5e-05,-0.001,0.000479289212725253,0.039711391264540395,0.02266478314292827,0.003966062585749469,0.01947543487430204,0.01947543487430204,0.02269418205048003,-0.0094406693259278,-0.0044801130484936,0.0012432536397345025,0.034376212538869765,-0.00385,-0.0013226505329034157,-0.0009625971184245177,-0.000360053414478898,0.31351843124521633,0.27537036197526116,0.038148069269955155,0.8239158391952515,0.08656907081604004,6982,4936,0,0.4431497190679823,0.8846612024307251,24,8,11918,6982,4936,0.054178867834592845,cuda,54.94580078125
192,233,200,True,1072,1072,735,735,84,253,84,1.0,1.7378731343283582,1.7378731343283582,1.598639455782313,78.92812107446028,40.311014699882165,119.23913577434244,0.03946406053723014,0.020155507349941083,0.059619567887171224,0.8297101449275363,229,152,77,47,0,147,102.59285714285714,57.349212029800285,2,45,2.0,2.0,77,0,132,121,0,4298.556667763869,429.8556667763869,8748.058499182813,874.8058499182813,328.55781799054375,32.85578179905438,5413.539584671453,541.3539584671453,4940.0,494.0,1,0.051296428571428555,-0.0011,0.051296428571428555,-0.0011,0.0,0.0,0.051296428571428555,0.001,0.06276641526254353,0.1428814536784422,-0.11179387664879138,0.003274556773664203,0.0007226855110710719,-0.010333783747855643,-0.0024069293408504285,-0.0018149999999999954,-0.00021692934085042816,-0.0003750000000000003,0.0,0.0,-0.001,0.0003613427555355359,0.03946406053723011,0.02015550734994111,0.003274556773664203,0.01659888280845531,0.01659888280845531,0.014510547840644608,-0.006241860988045977,-0.005399583491153897,0.0011348039636091976,0.02867460601490015,-0.0011,-0.0013226505329034157,-0.0009625971184245177,-0.000360053414478898,0.31351843124521633,0.27537036197526116,0.038148069269955155,0.8239158391952515,0.08656907081604004,6982,4936,0,0.4431497190679823,0.8846612024307251,24,8,11918,6982,4936,0.054178867834592845,cuda,54.94580078125
193,234,200,True,723,723,501,501,2,220,2,1.0,1.4426002766251729,1.4426002766251729,1.5908183632734532,24.9845385476204,33.81721465462336,58.80175320224376,0.0124922692738102,0.01690860732731168,0.02940087660112188,0.40425531914893614,114,59,55,168,0,58,56.39285714285714,38.283589743589744,3,165,3.0,3.0,54,0,0,220,0,2277.586044911953,227.7586044911953,2403.0359718488244,240.30359718488245,137.91775462555165,13.791775462555165,2863.979727779964,286.3979727779964,3605.0,360.5,10,0.02819642857142857,-0.0016500000000000002,0.02819642857142857,-0.0016500000000000002,0.0,0.0,0.02819642857142857,0.0015,0.02550763025854037,0.18646803945349807,-0.05855247229547607,0.002025859965124504,0.0,-0.004832831702447295,-0.004290817299358104,-0.003300000000000005,-0.00011581729935809981,-0.000874999999999997,0.0,0.0,-0.01,0.0,0.012492269273810195,0.016908607327311677,0.002025859965124504,0.02028671447953214,0.02028671447953214,0.17983317381283864,-0.002249420092106176,-7.12779562409753e-05,0.0005664493826948067,0.019141794871794873,-0.0016500000000000002,-0.004652684582503174,-0.004378110909601674,-0.0002745736729015004,0.26872196774929763,0.24063122682273388,0.02809074092656374,0.8355215191841125,0.07496482133865356,7551,5294,0,0.4193246029317379,0.8583264914425937,25,8,12845,7551,5294,0.0490878509894594,cuda,56.84765625
194,235,200,True,1038,1038,756,756,97,185,97,1.0,1.617533718689788,1.617533718689788,1.5648148148148149,51.05226437902758,33.980869164908285,85.03313354393586,0.025526132189513787,0.016990434582454143,0.04251656677196793,0.8268551236749117,234,122,112,49,1,118,75.28769841269842,48.56644397560219,5,44,5.0,4.0,109,0,13,172,0,3511.4626276217004,351.14626276217007,6804.785498743235,680.4785498743234,281.2012705523152,28.120127055231517,4421.789666162205,442.1789666162205,4705.0,470.5,3,0.0376438492063492,-0.00275,0.0376438492063492,-0.00275,0.0,0.0,0.0376438492063492,0.0025,0.050554009628211896,0.18167439641851216,-0.13919622110874613,0.0031345134752790976,0.000926433875297923,-0.008948223176229776,-0.0034278409960776745,-0.0025799999999999994,-0.00025284099607766983,-0.0005949999999999997,0.0,0.0,-0.003,0.0004632169376489615,0.025526132189513846,0.01699043458245413,0.0031345134752790976,0.020339597000601426,0.020339597000601426,0.02043845359473926,-0.005615720913465372,-0.0071980940197720975,0.0011670204300050133,0.024283221987801102,-0.0022,-0.004652684582503174,-0.004378110909601674,-0.0002745736729015004,0.26872196774929763,0.24063122682273388,0.02809074092656374,0.8355215191841125,0.07496482133865356,7551,5294,0,0.4193246029317379,0.8583264914425937,25,8,12845,7551,5294,0.0490878509894594,cuda,56.84765625
195,236,200,True,1093,1093,778,778,64,251,64,1.0,1.6166514181152791,1.6166514181152791,1.6041131105398458,75.77009710848957,50.900787692204524,126.6708848006941,0.03788504855424478,0.025450393846102263,0.06333544240034705,0.773851590106007,219,126,93,64,0,125,102.5595238095238,68.79391782130914,2,62,2.0,2.0,87,0,78,173,0,3595.8266727357254,359.58266727357255,6935.131680947693,693.5131680947693,306.7327383859127,30.673273838591268,4531.078261876822,453.1078261876822,5145.0,514.5,3,0.0512797619047619,-0.0011,0.0512797619047619,-0.0011,0.0,0.0,0.0512797619047619,0.001,0.05359922036407198,0.17722286600091033,-0.12676143147944413,0.002184918990877486,0.0011273100971616972,-0.010082477979880305,-0.00336436721520897,-0.0025949999999999992,-0.0002218672152089661,-0.0005475,0.0,0.0,-0.003,0.0005636550485808486,0.03788504855424488,0.02545039384610228,0.002184918990877486,0.020342523278273527,0.020342523278273527,0.031023833921056034,-0.006969312133462605,-0.0035649535033626567,0.0012522871244811955,0.034396958910654585,-0.0011,-0.004652684582503174,-0.004378110909601674,-0.0002745736729015004,0.26872196774929763,0.24063122682273388,0.02809074092656374,0.8355215191841125,0.07496482133865356,7551,5294,0,0.4193246029317379,0.8583264914425937,25,8,12845,7551,5294,0.0490878509894594,cuda,56.84765625
196,237,200,True,1139,1139,734,734,184,221,172,0.9347826086956522,1.7410008779631256,1.7410008779631256,1.6662125340599454,67.88122103055099,29.02159670409279,96.90281773464378,0.03394061051527549,0.014510798352046396,0.04845140886732189,0.8153310104529616,234,142,92,53,0,140,88.8333333333333,44.74012833571658,3,50,3.0,2.0,92,0,58,163,0,4340.740135368608,434.07401353686083,9299.223579551439,929.9223579551439,351.60390113034657,35.16039011303466,5464.657874253762,546.4657874253762,4835.0,483.5,0,0.04441666666666666,-0.0016500000000000002,0.04441666666666666,-0.0016500000000000002,0.0,0.0,0.04441666666666666,0.0015,0.06054800609463717,0.15352326370606403,-0.13497079244086854,0.0035817381683662494,0.0008019915754014673,-0.01067168497989917,-0.0032498616427914214,-0.002444999999999998,-0.0001673616427914197,-0.0006374999999999991,0.0,-0.0003,0.0,0.00040099578770073365,0.033940610515275395,0.01451079835204638,0.0035817381683662494,0.01799908761920555,0.01799908761920555,0.019442183770626495,-0.008956695953675419,-0.007719443949386443,0.001081268613998581,0.0223700641678583,-0.0011,-0.004652684582503174,-0.004378110909601674,-0.0002745736729015004,0.26872196774929763,0.24063122682273388,0.02809074092656374,0.8355215191841125,0.07496482133865356,7551,5294,0,0.4193246029317379,0.8583264914425937,25,8,12845,7551,5294,0.0490878509894594,cuda,56.84765625
197,238,200,True,749,749,545,545,3,201,3,1.0,1.4352469959946594,1.4352469959946594,1.455045871559633,26.851546978494962,32.37713725785497,59.228684236349935,0.013425773489247481,0.016188568628927483,0.029614342118174968,0.40714285714285714,114,60,54,166,0,58,56.27777777777778,33.57792207792208,1,165,1.0,1.0,52,0,0,201,0,2365.7259981220514,236.57259981220514,2595.9066057744426,259.5906605774443,148.14300085387129,14.814300085387128,2974.2986277551554,297.4298627755155,3730.0,373.0,10,0.02813888888888889,-0.00055,0.02813888888888889,-0.00055,0.0,0.0,0.02813888888888889,0.0005,0.02580324350256378,0.19713073555612567,-0.06351276730192852,0.0031771781430792504,0.0,-0.005209090793172988,-0.0038802821186595705,-0.003015000000000003,-0.00010528211865956507,-0.0007599999999999982,0.0,0.0,-0.01,0.0,0.01342577348924753,0.0161885686289275,0.0031771781430792504,0.02109661396324396,0.02109661396324396,0.14936010585064366,-0.0022978367947867227,-0.0007294731195366892,0.0006535940093414482,0.01678896103896104,-0.00055,-0.004652684582503174,-0.004378110909601674,-0.0002745736729015004,0.26872196774929763,0.24063122682273388,0.02809074092656374,0.8355215191841125,0.07496482133865356,7551,5294,0,0.4193246029317379,0.8583264914425937,25,8,12845,7551,5294,0.0490878509894594,cuda,56.84765625
198,239,200,True,926,926,710,710,67,149,67,1.0,1.7796976241900648,1.7796976241900648,1.6746478873239437,79.16914387325089,47.743288806361925,126.9124326796128,0.03958457193662544,0.02387164440318096,0.0634562163398064,0.7667844522968198,217,139,78,66,0,133,113.89285714285714,70.37473748473751,9,57,9.0,6.237184207914183,75,0,27,122,0,4088.747857593008,408.87478575930083,7854.974922447794,785.4974922447793,266.4646257413893,26.64646257413893,5148.510547700761,514.8510547700761,4295.0,429.5,3,0.05694642857142857,-0.00495,0.05694642857142857,-0.00495,0.0,0.0,0.05694642857142857,0.0045,0.057203070848668054,0.163082137778656,-0.1381269707180147,0.0026023663144386596,0.0013492124474244291,-0.008376141782815845,-0.0024009442984135637,-0.0018299999999999955,-0.0001759442984135617,-0.0003950000000000003,0.0,0.0,-0.003,0.0006746062237122145,0.039584571936625436,0.023871644403180996,0.0026023663144386596,0.01872399894707447,0.01872399894707447,0.042199178298708846,-0.009997925651102857,-0.002736472498918418,0.0009650585772654953,0.03518736874236875,-0.003430451314352801,-0.004652684582503174,-0.004378110909601674,-0.0002745736729015004,0.26872196774929763,0.24063122682273388,0.02809074092656374,0.8355215191841125,0.07496482133865356,7551,5294,0,0.4193246029317379,0.8583264914425937,25,8,12845,7551,5294,0.0490878509894594,cuda,56.84765625
199,240,200,True,1060,1060,701,701,59,300,59,1.0,1.629245283018868,1.629245283018868,1.6462196861626248,64.69803758032451,47.49560745461447,112.19364503493898,0.032349018790162255,0.023747803727307237,0.05609682251746949,0.7192982456140351,205,124,81,80,0,120,93.26944444444443,66.03501891982523,6,74,6.0,5.0,81,0,145,155,0,3722.6923580878756,372.2692358087876,6921.559194689165,692.1559194689165,279.4905724113684,27.949057241136842,4686.9622683707785,468.69622683707786,5005.0,500.5,3,0.046634722222222216,-0.0033,0.046634722222222216,-0.0033,0.0,0.0,0.046634722222222216,0.003,0.05156455263548015,0.18909491498101927,-0.12384015479319696,0.0032226915369656267,0.0010124981268141127,-0.008883556115620658,-0.002989658507540117,-0.002324999999999997,-0.00011965850754011391,-0.0005449999999999999,0.0,0.0,-0.003,0.0005062490634070567,0.03234901879016221,0.02374780372730721,0.0032226915369656267,0.021415626642185197,0.021415626642185197,0.04686548836112974,-0.0064668451985447645,-0.00509923033549433,0.0008646182524270782,0.033017509459912615,-0.00275,-0.004652684582503174,-0.004378110909601674,-0.0002745736729015004,0.26872196774929763,0.24063122682273388,0.02809074092656374,0.8355215191841125,0.07496482133865356,7551,5294,0,0.4193246029317379,0.8583264914425937,25,8,12845,7551,5294,0.0490878509894594,cuda,56.84765625
200,241,200,True,823,823,569,569,44,210,44,1.0,1.6767922235722965,1.6767922235722965,1.7065026362038664,64.0594684633607,55.602796135570465,119.66226459893116,0.03202973423168035,0.027801398067785234,0.05983113229946558,0.723404255319149,204,112,92,78,0,109,97.58333333333333,71.26239316239318,5,73,5.0,4.351389104222683,89,0,71,139,0,3260.812202196182,326.0812202196182,5321.416714238197,532.1416714238196,211.78483182133965,21.178483182133967,4108.625665895145,410.86256658951453,3895.0,389.5,6,0.048791666666666664,-0.00275,0.048791666666666664,-0.00275,0.0,0.0,0.048791666666666664,0.0025,0.04670444094561069,0.17031700568940003,-0.07144245779640261,0.00340487797498015,0.0007680041969577924,-0.0067064765594402505,-0.0026765945884859705,-0.0020849999999999953,-0.00012909458848596705,-0.00046250000000000035,0.0,0.0,-0.006,0.0003840020984788962,0.03202973423168037,0.027801398067785206,0.00340487797498015,0.01880051437079001,0.01880051437079001,0.07561199793728679,-0.002909546793736517,-0.001097574443074796,0.0007385885878266328,0.03563119658119659,-0.0023932640073224764,-0.004652684582503174,-0.004378110909601674,-0.0002745736729015004,0.26872196774929763,0.24063122682273388,0.02809074092656374,0.8355215191841125,0.07496482133865356,7551,5294,0,0.4193246029317379,0.8583264914425937,25,8,12845,7551,5294,0.0490878509894594,cuda,56.84765625
201,242,200,True,734,734,581,581,3,150,3,1.0,1.4850136239782017,1.4850136239782017,1.512908777969019,30.441816200404023,37.85927315115118,68.3010893515552,0.015220908100202012,0.01892963657557559,0.034150544675777605,0.6,168,67,101,112,0,64,60.083333333333336,43.380769230769246,3,109,3.0,3.0,101,0,14,136,0,2461.7789536662026,246.17789536662025,3007.887951664832,300.7887951664832,156.0483855412236,15.604838554122361,3094.7350607737408,309.47350607737405,3655.0,365.5,9,0.030041666666666668,-0.0016500000000000002,0.030041666666666668,-0.0016500000000000002,0.0,0.0,0.030041666666666668,0.0015,0.027994830900250126,0.20903113178857347,-0.08322362386112195,0.002326816878708005,0.00019769975683421747,-0.005501147177053734,-0.0026208140302328787,-0.0020399999999999945,-0.00010581403023287515,-0.0004750000000000004,0.0,0.0,-0.009,9.884987841710873e-05,0.015220908100202027,0.018929636575575576,0.002326816878708005,0.022432218786007325,0.022432218786007325,0.11644050569194797,-0.003025395741646953,-0.0006351002898662083,0.0006644384724907345,0.021690384615384622,-0.0016500000000000002,-0.008847663877531886,-0.007621717592701316,-0.0012259462848305703,0.27330813562497497,0.24015613570809363,0.03315199991688132,0.8237919807434082,0.053419530391693115,7234,5104,0,0.3672721102833748,0.868190758228302,26,8,12338,7234,5104,0.05085247744353434,cuda,55.51611328125
202,243,200,True,906,906,632,632,44,230,44,1.0,1.7991169977924946,1.7991169977924946,1.7848101265822784,75.67291233833511,47.823534218720184,123.4964465570553,0.03783645616916755,0.02391176710936009,0.06174822327852764,0.7627737226277372,209,142,67,65,0,138,110.91666666666666,69.47020757020759,10,55,10.0,9.0,66,0,140,90,0,4109.933121925102,410.9933121925102,7787.5165480383785,778.7516548038378,256.38804726728677,25.638804726728676,5177.888602738266,517.7888602738266,4310.0,431.0,3,0.05545833333333333,-0.0055,0.05545833333333333,-0.0055,0.0,0.0,0.05545833333333333,0.005,0.05935387722255095,0.16100447629283393,-0.11622444336442771,0.003872819812007115,0.0008275614969128515,-0.007712744988744562,-0.0017811948868593779,-0.0013499999999999986,-0.00013869488685937774,-0.0002925000000000002,0.0,0.0,-0.003,0.00041378074845642573,0.037836456169167525,0.023911767109360094,0.003872819812007115,0.01863632342833332,0.01863632342833332,0.039762074480265676,-0.005782973684788331,-0.002721667484678506,0.0010612386570816583,0.0347351037851038,-0.00495,-0.008847663877531886,-0.007621717592701316,-0.0012259462848305703,0.27330813562497497,0.24015613570809363,0.03315199991688132,0.8237919807434082,0.053419530391693115,7234,5104,0,0.3672721102833748,0.868190758228302,26,8,12338,7234,5104,0.05085247744353434,cuda,55.51611328125
203,244,200,True,597,597,452,452,5,140,5,1.0,1.6465661641541038,1.6465661641541038,1.7300884955752212,27.70433042038938,36.40254210382823,64.10687252421761,0.01385216521019469,0.018201271051914117,0.032053436262108805,0.48771929824561405,139,67,72,146,0,66,62.25,44.164102564102556,6,140,6.0,5.0,72,0,0,140,0,2616.119123138562,261.6119123138562,3056.6890727927366,305.66890727927364,121.77634752258646,12.177634752258646,3288.654322972873,328.8654322972873,2960.0,296.0,10,0.031125,-0.0033,0.031125,-0.0033,0.0,0.0,0.031125,0.003,0.02919729101908769,0.16900554183874528,-0.06252337494141183,0.002932479020004311,0.0,-0.0040509885892032445,-0.0026987508228267136,-0.002099999999999995,-8.625082282671054e-05,-0.0005125000000000002,0.0,0.0,-0.01,0.0,0.013852165210194715,0.018201271051914124,0.002932479020004311,0.018788017688403703,0.018788017688403703,0.15169155960480515,-0.0024804581851451185,-0.0003801195725570145,0.000659576873800209,0.022082051282051277,-0.00275,-0.008847663877531886,-0.007621717592701316,-0.0012259462848305703,0.27330813562497497,0.24015613570809363,0.03315199991688132,0.8237919807434082,0.053419530391693115,7234,5104,0,0.3672721102833748,0.868190758228302,26,8,12338,7234,5104,0.05085247744353434,cuda,55.51611328125
204,245,200,True,1077,1077,754,754,69,254,68,0.9855072463768116,1.682451253481894,1.682451253481894,1.6273209549071619,76.10196212306906,49.70044128138292,125.80240340445198,0.03805098106153453,0.02485022064069146,0.06290120170222599,0.7617328519855595,211,140,71,66,0,138,100.91666666666666,66.9385225885226,2,64,2.0,2.0,66,0,109,145,0,3925.220739225306,392.5220739225306,7640.5209791422085,764.0520979142209,322.3684443114769,32.23684443114769,4946.11330229373,494.61133022937304,5045.0,504.5,2,0.05045833333333332,-0.0011,0.05045833333333332,-0.0011,0.0,0.0,0.05045833333333332,0.001,0.05903420978641758,0.17239360121823488,-0.09160938921597322,0.0032945367798480635,0.0010892570908166515,-0.010419992939377162,-0.0028146557980445568,-0.002174999999999996,-0.0001421557980445546,-0.0004975000000000004,0.0,-2.5e-05,-0.002,0.0005446285454083257,0.03805098106153453,0.024850220640691402,0.0032945367798480635,0.01946751122462766,0.01946751122462766,0.05415791743098869,-0.006622885356894725,-0.0034260710282219657,0.0010130850453423524,0.0334692612942613,-0.0011,-0.008847663877531886,-0.007621717592701316,-0.0012259462848305703,0.27330813562497497,0.24015613570809363,0.03315199991688132,0.8237919807434082,0.053419530391693115,7234,5104,0,0.3672721102833748,0.868190758228302,26,8,12338,7234,5104,0.05085247744353434,cuda,55.51611328125
205,246,200,True,996,996,714,714,60,222,60,1.0,1.7198795180722892,1.7198795180722892,1.6932773109243697,67.47259011148881,50.882617660104145,118.35520777159296,0.03373629505574441,0.02544130883005207,0.05917760388579648,0.7627737226277372,209,132,77,65,0,126,95.58333333333331,70.29950743700746,5,60,5.0,3.5365242903089933,76,0,118,104,0,4036.266660189492,403.6266660189492,7686.804917651549,768.6804917651549,284.94047631823025,28.494047631823026,5079.957443611803,507.9957443611803,4680.0,468.0,3,0.047791666666666656,-0.00275,0.047791666666666656,-0.00275,0.0,0.0,0.047791666666666656,0.0025,0.05423363947109518,0.1536085454827736,-0.09589331134698843,0.0030478388590676037,0.0005553910406221337,-0.008993217147569076,-0.0020022059810842385,-0.0015599999999999972,-0.00013220598108423744,-0.0003100000000000002,0.0,0.0,-0.003,0.0002776955203110668,0.03373629505574451,0.025441308830052106,0.0030478388590676037,0.01789848424965194,0.01789848424965194,0.032957052314987426,-0.006308999674924606,-0.0034928670425187222,0.0011285369915843672,0.035149753718503735,-0.0019450883596699464,-0.008847663877531886,-0.007621717592701316,-0.0012259462848305703,0.27330813562497497,0.24015613570809363,0.03315199991688132,0.8237919807434082,0.053419530391693115,7234,5104,0,0.3672721102833748,0.868190758228302,26,8,12338,7234,5104,0.05085247744353434,cuda,55.51611328125
206,247,200,True,1007,1007,668,668,87,252,87,1.0,1.7418073485600793,1.7418073485600793,1.6736526946107784,62.92499585640796,33.401673727184594,96.32666958359255,0.03146249792820398,0.0167008368635923,0.048163334791796276,0.7847222222222222,226,132,94,62,0,130,86.54523809523809,48.1560585303929,4,58,4.0,3.3515224311212033,93,0,157,95,0,3989.890689085925,398.98906890859246,7851.3171139767055,785.1317113976705,288.2144279317709,28.82144279317709,5023.67661010266,502.367661010266,4600.0,460.0,2,0.043272619047619046,-0.0022,0.043272619047619046,-0.0022,0.0,0.0,0.043272619047619046,0.002,0.05619784565581848,0.14946439966907588,-0.1250670876787309,0.0031662345339157163,0.0006959463125474828,-0.00903929048830576,-0.001861899978039292,-0.001424999999999998,-0.00013939997803929068,-0.0002975000000000002,0.0,0.0,-0.002,0.0003479731562737415,0.03146249792820396,0.016700836863592312,0.0031662345339157163,0.01747928045861572,0.01747928045861572,0.02488672611658528,-0.006061607786718998,-0.005445345047376812,0.0011440476472142408,0.02407802926519646,-0.0018433373371166619,-0.008847663877531886,-0.007621717592701316,-0.0012259462848305703,0.27330813562497497,0.24015613570809363,0.03315199991688132,0.8237919807434082,0.053419530391693115,7234,5104,0,0.3672721102833748,0.868190758228302,26,8,12338,7234,5104,0.05085247744353434,cuda,55.51611328125
207,248,200,True,848,848,519,519,77,252,77,1.0,1.804245283018868,1.804245283018868,1.9267822736030829,64.21582391216256,52.60408340986245,116.81990732202502,0.03210791195608128,0.026302041704931223,0.05840995366101251,0.6847826086956522,189,125,64,87,0,122,96.53571428571426,70.48261294261295,6,81,6.0,5.0,64,0,138,114,0,3944.63281290244,394.463281290244,6807.551396280486,680.7551396280486,203.67391898054603,20.367391898054603,4964.562092259265,496.4562092259265,3855.0,385.5,5,0.04826785714285713,-0.0033,0.04826785714285713,-0.0033,0.0,0.0,0.04826785714285713,0.003,0.052907620081966006,0.14998143920333934,-0.08929677935786756,0.0028106103263801623,0.0008546256604097033,-0.006071752921248692,-0.0022468203345628913,-0.0017099999999999962,-0.00015182033456289038,-0.0003850000000000003,0.0,0.0,-0.005,0.00042731283020485165,0.03210791195608123,0.026302041704931233,0.0028106103263801623,0.01722034703583036,0.01722034703583036,0.06108453610267243,-0.0035606164246327057,-0.002664340610523595,0.0007783873925164599,0.03524130647130648,-0.00275,-0.008847663877531886,-0.007621717592701316,-0.0012259462848305703,0.27330813562497497,0.24015613570809363,0.03315199991688132,0.8237919807434082,0.053419530391693115,7234,5104,0,0.3672721102833748,0.868190758228302,26,8,12338,7234,5104,0.05085247744353434,cuda,55.51611328125
208,249,200,True,1069,1069,784,784,65,220,65,1.0,1.6538821328344246,1.6538821328344246,1.5612244897959184,60.72889556691305,39.70214701514578,100.43104258205884,0.030364447783456528,0.01985107350757289,0.050215521291029415,0.8113879003558719,228,131,97,53,0,130,89.47857142857143,56.914676434676466,7,46,7.0,7.0,97,0,83,137,0,3702.58205842677,370.258205842677,7185.687432889003,718.5687432889002,296.1650719429088,29.616507194290882,4664.494316733247,466.4494316733247,5020.0,502.0,3,0.04473928571428571,-0.0038499999999999997,0.04473928571428571,-0.0038499999999999997,0.0,0.0,0.04473928571428571,0.0035,0.05569225820918539,0.19212300823530287,-0.11848715955648306,0.0028520168467494607,0.0007061816701218778,-0.009301146384703916,-0.0026347833324758593,-0.0020549999999999948,-0.00014228333247585633,-0.00043750000000000033,0.0,0.0,-0.003,0.00035309083506093893,0.030364447783456462,0.019851073507572845,0.0028520168467494607,0.02164527722261236,0.02164527722261236,0.04109695182303128,-0.0055013898630332115,-0.004112478443347857,0.0011344252173108233,0.02845733821733823,-0.0038499999999999997,-0.008847663877531886,-0.007621717592701316,-0.0012259462848305703,0.27330813562497497,0.24015613570809363,0.03315199991688132,0.8237919807434082,0.053419530391693115,7234,5104,0,0.3672721102833748,0.868190758228302,26,8,12338,7234,5104,0.05085247744353434,cuda,55.51611328125
209,250,200,True,859,859,592,592,38,229,34,0.8947368421052632,1.8055878928987195,1.8055878928987195,1.7635135135135136,64.96445173306007,49.086409225569845,114.05086095862993,0.03248222586653004,0.024543204612784923,0.057025430479314965,0.8309859154929577,236,131,105,48,0,125,93.26904761904761,62.32617395676223,2,46,2.0,2.0,105,0,130,99,0,4066.824761807951,406.6824761807951,7076.796083711515,707.6796083711515,230.5520206226486,23.05520206226486,5121.842154889919,512.1842154889919,4125.0,412.5,5,0.046634523809523806,-0.0011,0.046634523809523806,-0.0011,0.0,0.0,0.046634523809523806,0.001,0.053839747998417474,0.1678868771139348,-0.09085992014084283,0.0027470327051280557,0.0007297991065699487,-0.006992541076339632,-0.0018782458779321458,-0.0014849999999999976,-9.824587793214412e-05,-0.00029500000000000023,0.0,-0.0001,-0.005,0.0003648995532849744,0.03248222586653006,0.024543204612784923,0.0027470327051280557,0.01903836985404342,0.01903836985404342,0.03535265596311896,-0.004521499606008873,-0.002287804360826529,0.0007267822060622294,0.031163086978381115,-0.0011,-0.008257177835383283,-0.004711371075245552,-0.0035458067601377313,0.30543044493957,0.27107865884900095,0.03435178609056906,0.7956646680831909,0.08630657196044922,7382,5320,0,0.3273788198828697,0.885379142110998,27,8,12702,7382,5320,0.05665947099987036,cuda,57.005859375
210,251,200,True,941,941,699,699,63,179,63,1.0,1.561105207226355,1.561105207226355,1.586552217453505,52.58805819432149,55.67997167347876,108.26802986780025,0.026294029097160745,0.02783998583673938,0.054134014933900125,0.7266187050359713,202,99,103,76,0,96,84.66666666666667,66.98076923076924,4,72,4.0,2.3485118101079436,100,0,0,179,0,3175.605278726026,317.5605278726026,5046.4982954605675,504.64982954605676,207.8182393513452,20.78182393513452,3996.24319531151,399.624319531151,4390.0,439.0,7,0.042333333333333334,-0.0022,0.042333333333333334,-0.0022,0.0,0.0,0.042333333333333334,0.002,0.04174454604076382,0.23570264027953733,-0.11877673145635997,0.0024547024539927605,0.0005965924036342194,-0.006924815287269545,-0.003441891973190948,-0.002685,-0.0001368919731909427,-0.0006199999999999993,0.0,0.0,-0.007,0.00029829620181710977,0.02629402909716079,0.027839985836739387,0.0024547024539927605,0.025435060866451108,0.025435060866451108,0.07659923493660434,-0.005498147527537153,-0.0007029665181554189,0.0008872231165757811,0.03349038461538462,-0.0012916814955593692,-0.008257177835383283,-0.004711371075245552,-0.0035458067601377313,0.30543044493957,0.27107865884900095,0.03435178609056906,0.7956646680831909,0.08630657196044922,7382,5320,0,0.3273788198828697,0.885379142110998,27,8,12702,7382,5320,0.05665947099987036,cuda,57.005859375
211,252,200,True,912,912,612,612,49,251,49,1.0,1.6425438596491229,1.6425438596491229,1.6013071895424837,54.75667737652225,42.59844897589457,97.35512635241682,0.027378338688261124,0.021299224487947285,0.04867756317620841,0.7446043165467626,207,113,94,71,0,109,83.80238095238094,51.94451770451771,5,66,5.0,2.0,92,0,98,153,0,3442.242066542535,344.2242066542535,5923.521685665899,592.3521685665899,213.61209031431784,21.361209031431784,4334.747845573615,433.47478455736155,4315.0,431.5,5,0.041901190476190474,-0.00275,0.041901190476190474,-0.00275,0.0,0.0,0.041901190476190474,0.0025,0.04705867247615238,0.18650270106233827,-0.09314203589463847,0.002153140345704241,0.0009793453284848398,-0.006746476031450426,-0.00298241376136141,-0.0022949999999999967,-0.00014991376136140624,-0.0005375000000000001,0.0,0.0,-0.005,0.0004896726642424198,0.0273783386882611,0.02129922448794728,0.002153140345704241,0.020330524897382223,0.020330524897382223,0.08407559590859598,-0.0033777653041166165,-0.001779302512506845,0.0008209819766930428,0.02597225885225886,-0.0011,-0.008257177835383283,-0.004711371075245552,-0.0035458067601377313,0.30543044493957,0.27107865884900095,0.03435178609056906,0.7956646680831909,0.08630657196044922,7382,5320,0,0.3273788198828697,0.885379142110998,27,8,12702,7382,5320,0.05665947099987036,cuda,57.005859375
212,253,200,True,775,775,560,560,71,144,71,1.0,1.9187096774193548,1.9187096774193548,1.9321428571428572,61.70756263024837,50.0118920146683,111.71945464491667,0.030853781315124184,0.02500594600733415,0.055859727322458336,0.8237410071942446,229,128,101,49,0,125,89.33333333333331,65.59322899322903,2,47,2.0,2.0,100,0,42,102,0,3997.372703660803,399.7372703660803,7132.784688615361,713.2784688615361,228.35622588497057,22.835622588497056,5032.192070180201,503.2192070180201,3520.0,352.0,5,0.04466666666666666,-0.0011,0.04466666666666666,-0.0011,0.0,0.0,0.04466666666666666,0.001,0.05386237601592942,0.14240061982543412,-0.09364133552612001,0.0021020424212738103,0.00045323411904018765,-0.006923182275496953,-0.001977662612579588,-0.0015299999999999973,-0.00013016261257958598,-0.00031750000000000024,0.0,0.0,-0.005,0.00022661705952009388,0.030853781315124184,0.025005946007334173,0.0021020424212738103,0.016410602162660885,0.016410602162660885,0.041386878063309734,-0.004175824994394603,-0.0024796967745499953,0.0008468172239333768,0.032796614496614515,-0.0011,-0.008257177835383283,-0.004711371075245552,-0.0035458067601377313,0.30543044493957,0.27107865884900095,0.03435178609056906,0.7956646680831909,0.08630657196044922,7382,5320,0,0.3273788198828697,0.885379142110998,27,8,12702,7382,5320,0.05665947099987036,cuda,57.005859375
213,254,200,True,997,997,711,711,48,238,48,1.0,1.8014042126379137,1.8014042126379137,1.6469760900140646,80.49358670883703,46.33217888328222,126.82576559211924,0.04024679335441851,0.02316608944164111,0.06341288279605962,0.8494623655913979,237,150,87,42,0,147,108.12619047619047,63.865918803418836,4,38,4.0,2.0,87,0,164,74,0,4233.503283629161,423.3503283629161,8224.423268004533,822.4423268004533,280.5751989304715,28.05751989304715,5334.456268311551,533.4456268311551,4745.0,474.5,2,0.054063095238095236,-0.0022,0.054063095238095236,-0.0022,0.0,0.0,0.054063095238095236,0.002,0.06302973466998177,0.17185766987784942,-0.1364269332737087,0.0010757968638510803,0.0008430530231041201,-0.008601639918099447,-0.0014442898444117413,-0.00111,-0.00010178984441174193,-0.00023250000000000018,0.0,0.0,-0.002,0.00042152651155206024,0.04024679335441844,0.023166089441641138,0.0010757968638510803,0.01956771271499755,0.01956771271499755,0.0296077087518551,-0.008411827173682059,-0.0034645629256308966,0.0011182431063630665,0.03193295940170943,-0.0011,-0.008257177835383283,-0.004711371075245552,-0.0035458067601377313,0.30543044493957,0.27107865884900095,0.03435178609056906,0.7956646680831909,0.08630657196044922,7382,5320,0,0.3273788198828697,0.885379142110998,27,8,12702,7382,5320,0.05665947099987036,cuda,57.005859375
214,255,200,True,1213,1213,967,967,112,134,107,0.9553571428571429,1.6183017312448476,1.6183017312448476,1.4715615305067218,68.4177358447187,36.95499381622009,105.3727296609388,0.03420886792235935,0.018477496908110045,0.0526863648304694,0.8172043010752689,228,142,86,51,0,138,91.4119047619048,58.46310272573433,6,45,6.0,4.421110225759187,85,0,38,96,0,3912.596317013753,391.25963170137527,8484.58988826368,848.4589888263679,383.67755365957777,38.36775536595778,4926.364993044232,492.6364993044232,5530.0,553.0,0,0.04570595238095239,-0.0033,0.04570595238095239,-0.0033,0.0,0.0,0.04570595238095239,0.003,0.05890703264785496,0.20961248456642065,-0.1843704627012862,0.0018843209944373303,0.0009610542452248146,-0.01216823639564332,-0.0018565858905811605,-0.001439999999999998,-0.0001190858905811591,-0.0002975000000000002,0.0,-0.000125,0.0,0.0004805271226124073,0.034208867922359325,0.018477496908110055,0.0018843209944373303,0.023458554039151005,0.023458554039151005,0.022069805939957464,-0.012604747455611864,-0.007059725765991703,0.0013744803655062396,0.029231551362867175,-0.0024316106241675534,-0.008257177835383283,-0.004711371075245552,-0.0035458067601377313,0.30543044493957,0.27107865884900095,0.03435178609056906,0.7956646680831909,0.08630657196044922,7382,5320,0,0.3273788198828697,0.885379142110998,27,8,12702,7382,5320,0.05665947099987036,cuda,57.005859375
215,256,200,True,694,694,556,556,21,117,20,0.9523809523809523,1.9106628242074928,1.9106628242074928,1.8255395683453237,60.00700975020411,51.78825196612849,111.7952617163326,0.030003504875102057,0.025894125983064245,0.0558976308581663,0.7686832740213523,216,124,92,65,0,119,90.72619047619048,68.68284493284496,4,61,4.0,3.0,89,0,30,87,0,3880.4845304581245,388.04845304581244,6303.624720325602,630.3624720325602,214.33448775955887,21.43344877595589,4884.302682659564,488.43026826595644,3370.0,337.0,6,0.045363095238095244,-0.0022,0.045363095238095244,-0.0022,0.0,0.0,0.045363095238095244,0.002,0.05130164511593914,0.13634433647033595,-0.0681092195032632,0.0022105271497563526,0.0009897750782870399,-0.006768026959742852,-0.0016903060513631847,-0.0013049999999999989,-0.00011530605136318473,-0.00027000000000000017,0.0,-2.5e-05,-0.006,0.00049488753914352,0.030003504875102036,0.025894125983064235,0.0022105271497563526,0.01550175676339052,0.01550175676339052,0.06560922030150051,-0.003110225977447169,-0.002331794442967209,0.0006810117787749608,0.03434142246642248,-0.0016500000000000002,-0.008257177835383283,-0.004711371075245552,-0.0035458067601377313,0.30543044493957,0.27107865884900095,0.03435178609056906,0.7956646680831909,0.08630657196044922,7382,5320,0,0.3273788198828697,0.885379142110998,27,8,12702,7382,5320,0.05665947099987036,cuda,57.005859375
216,257,200,True,991,991,623,623,45,323,45,1.0,1.7164480322906155,1.7164480322906155,1.7752808988764044,74.01517386882668,57.14913333594472,131.1643072047714,0.03700758693441334,0.02857456666797236,0.0655821536023857,0.8540145985401459,234,136,98,40,0,133,100.75714285714287,73.0315555196438,3,37,3.0,3.0,97,0,247,76,0,3916.4992100672257,391.6499210067226,7107.309698812455,710.7309698812455,229.2458857324568,22.92458857324568,4932.2405261825015,493.22405261825014,4730.0,473.0,3,0.05037857142857143,-0.0016500000000000002,0.05037857142857143,-0.0016500000000000002,0.0,0.0,0.05037857142857143,0.0015,0.057100951449957464,0.1759124602522868,-0.1389810251245553,0.0035695821054964124,0.0009417788236340309,-0.006907888562705394,-0.0014983187673449194,-0.00114,-0.00013331876734491965,-0.00022500000000000018,0.0,0.0,-0.003,0.00047088941181701544,0.037007586934413354,0.02857456666797236,0.0035695821054964124,0.019932032177702754,0.019932032177702754,0.026887215248084004,-0.003800766460053794,-0.003092025868016153,0.0012675206660407888,0.036515777759821906,-0.0016500000000000002,-0.008257177835383283,-0.004711371075245552,-0.0035458067601377313,0.30543044493957,0.27107865884900095,0.03435178609056906,0.7956646680831909,0.08630657196044922,7382,5320,0,0.3273788198828697,0.885379142110998,27,8,12702,7382,5320,0.05665947099987036,cuda,57.005859375
217,258,200,True,982,982,726,726,84,172,84,1.0,1.7942973523421588,1.7942973523421588,1.7245179063360883,64.343035687028,36.905608346417544,101.24864403344554,0.032171517843514005,0.018452804173208773,0.050624322016722775,0.7900355871886121,222,145,77,59,0,142,93.86190476190475,58.70457698648106,9,50,9.0,8.771983123887702,75,0,81,91,0,4138.853165486341,413.8853165486341,8317.917911005916,831.7917911005916,295.1488139982984,29.51488139982984,5211.926529141755,521.1926529141755,4490.0,449.0,2,0.04693095238095238,-0.0049499999999999995,0.04693095238095238,-0.0049499999999999995,0.0,0.0,0.04693095238095238,0.0045,0.06075050969893787,0.16465261113555602,-0.13569588339546987,0.002390557814352543,0.00060660214951294,-0.008938007451009377,-0.0018062220827745868,-0.0013649999999999984,-0.00010122208277458576,-0.00034000000000000024,0.0,0.0,-0.002,0.00030330107475646996,0.03217151784351399,0.018452804173208787,0.002390557814352543,0.018982133413004972,0.018982133413004972,0.022620756183449657,-0.006160942303742476,-0.006045618105077345,0.0012234964027527913,0.029352288493240543,-0.004824590718138236,0.0026820431838368436,-0.0022494900173374585,0.004931533201174302,0.24463049292008016,0.21896130612918308,0.025669186790897087,0.8375415205955505,0.07029879093170166,6593,5176,0,0.3633696300642831,1.0101257410916415,28,8,11769,6593,5176,0.04114719872344624,cuda,55.85791015625
218,259,200,True,568,568,485,485,12,71,11,0.9166666666666666,1.8309859154929577,1.8309859154929577,1.820618556701031,35.380423797191355,45.805776933336176,81.18620073052753,0.017690211898595678,0.02290288846666809,0.040593100365263764,0.7412587412587412,212,91,121,74,1,86,74.0,59.995848595848614,9,65,9.0,7.0,121,0,4,67,0,3185.6699434991165,318.5669943499116,4236.435166970947,423.6435166970947,141.57035664166705,14.157035664166704,4006.201622715175,400.6201622715175,2785.0,278.5,10,0.037,-0.0049499999999999995,0.037,-0.0049499999999999995,0.0,0.0,0.037,0.0045,0.03770391489472479,0.1675415757656301,-0.0759435000487835,0.0022519244833816066,0.00035596241595828353,-0.00446428882776794,-0.0012881203180155941,-0.0010050000000000007,-7.312031801559432e-05,-0.00021000000000000017,0.0,-2.5e-05,-0.01,0.00017798120797914176,0.017690211898595667,0.02290288846666807,0.0022519244833816066,0.01879554128709827,0.01879554128709827,0.07406002309291335,-0.002694823299351575,-0.0007205726704609673,0.0007492737710982802,0.029997924297924302,-0.0038499999999999997,0.0026820431838368436,-0.0022494900173374585,0.004931533201174302,0.24463049292008016,0.21896130612918308,0.025669186790897087,0.8375415205955505,0.07029879093170166,6593,5176,0,0.3633696300642831,1.0101257410916415,28,8,11769,6593,5176,0.04114719872344624,cuda,55.85791015625
219,260,200,True,761,761,643,643,2,116,2,1.0,1.3942181340341655,1.3942181340341655,1.3841368584758942,21.85369719466112,32.34500075734525,54.19869795200637,0.01092684859733056,0.016172500378672624,0.027099348976003183,0.5035971223021583,140,58,82,138,0,53,50.33333333333333,32.792796092796095,2,136,2.0,1.3828503034495796,80,0,0,116,0,2313.4303217921483,231.34303217921484,2536.980347654188,253.69803476541878,176.91171161167586,17.691171161167585,2908.701005672191,290.8701005672191,3795.0,379.5,10,0.025166666666666664,-0.0011,0.025166666666666664,-0.0011,0.0,0.0,0.025166666666666664,0.001,0.023488933628237972,0.2508549066594566,-0.06522056348771801,0.002312681810806295,0.0,-0.006428206524720226,-0.00219035811602579,-0.0017399999999999959,-0.00010285811602578681,-0.00034750000000000026,0.0,0.0,-0.01,0.0,0.010926848597330537,0.016172500378672638,0.002312681810806295,0.02653295353154588,0.02653295353154588,0.16223783244475753,-0.004510582014823698,-0.0001243364266200745,0.00055793443601192,0.016396398046398048,-0.0007605676668972688,0.0026820431838368436,-0.0022494900173374585,0.004931533201174302,0.24463049292008016,0.21896130612918308,0.025669186790897087,0.8375415205955505,0.07029879093170166,6593,5176,0,0.3633696300642831,1.0101257410916415,28,8,11769,6593,5176,0.04114719872344624,cuda,55.85791015625
220,261,200,True,1039,1039,683,683,48,308,47,0.9791666666666666,1.6900866217516843,1.6900866217516843,1.726207906295754,72.87551213620421,46.11301351932215,118.98852565552636,0.0364377560681021,0.023056506759661075,0.05949426282776318,0.823321554770318,233,138,95,50,0,134,96.26666666666665,59.690409200409235,2,48,2.0,1.0,94,0,236,72,0,3942.7474405774346,394.2747440577435,7538.2902791028755,753.8290279102876,266.10819606989503,26.6108196069895,4966.269018020503,496.62690180205027,4960.0,496.0,2,0.04813333333333333,-0.0011,0.04813333333333333,-0.0011,0.0,0.0,0.04813333333333333,0.001,0.057496180011935766,0.17248632527847627,-0.125860660991478,0.002724897355658712,0.0009880520526808496,-0.008400482007057267,-0.001388840275529581,-0.0010800000000000002,-7.384027552958103e-05,-0.00023500000000000018,0.0,-2.5e-05,-0.002,0.0004940260263404249,0.036437756068102095,0.023056506759661068,0.002724897355658712,0.01987270653371083,0.01987270653371083,0.03562270280720391,-0.006713303262652871,-0.003143405381628924,0.0010741571510047095,0.029845204600204622,-0.00055,0.0026820431838368436,-0.0022494900173374585,0.004931533201174302,0.24463049292008016,0.21896130612918308,0.025669186790897087,0.8375415205955505,0.07029879093170166,6593,5176,0,0.3633696300642831,1.0101257410916415,28,8,11769,6593,5176,0.04114719872344624,cuda,55.85791015625
221,262,200,True,690,690,570,570,3,117,3,1.0,1.453623188405797,1.453623188405797,1.4929824561403509,20.925942313432262,32.906220373586784,53.83216268701905,0.010462971156716131,0.016453110186793393,0.026916081343509524,0.5555555555555556,155,59,96,124,1,55,51.33333333333333,36.57435897435898,4,120,4.0,4.0,95,0,0,117,0,2393.743124724095,239.3743124724095,2645.354266264112,264.5354266264112,146.79621128456066,14.679621128456066,3006.5502051305093,300.65502051305094,3435.0,343.5,10,0.025666666666666664,-0.0022,0.025666666666666664,-0.0022,0.0,0.0,0.025666666666666664,0.002,0.024363954103461396,0.2231022931347816,-0.0812760403486949,0.0028557180687199075,0.0,-0.00527217933641997,-0.002211550305610244,-0.001754999999999996,-0.0001015503056102416,-0.0003550000000000003,0.0,0.0,-0.01,0.0,0.010462971156716083,0.0164531101867934,0.0028557180687199075,0.02408433757547945,0.02408433757547945,0.17416246554669113,-0.0036569962762341393,-0.00045997774591016277,0.0006597394225242389,0.01828717948717949,-0.0022,0.0026820431838368436,-0.0022494900173374585,0.004931533201174302,0.24463049292008016,0.21896130612918308,0.025669186790897087,0.8375415205955505,0.07029879093170166,6593,5176,0,0.3633696300642831,1.0101257410916415,28,8,11769,6593,5176,0.04114719872344624,cuda,55.85791015625
222,263,200,True,703,703,585,585,14,104,14,1.0,1.7098150782361308,1.7098150782361308,1.5692307692307692,47.336335498973625,49.03354712885686,96.36988262783049,0.023668167749486813,0.02451677356442843,0.04818494131391524,0.6064981949458483,168,100,68,109,0,95,82.5,63.22222222222222,7,102,7.0,6.0,68,0,15,89,0,3199.7803488101144,319.97803488101147,4825.597421201664,482.55974212016633,192.75736461910722,19.27573646191072,4028.2608450815987,402.82608450815985,3445.0,344.5,8,0.04125000000000001,-0.0038499999999999997,0.04125000000000001,-0.0038499999999999997,0.0,0.0,0.04125000000000001,0.0035,0.040792359554099565,0.1921473059796838,-0.05451569261735973,0.0015545098092126846,0.0006905326504628837,-0.006280301945153132,-0.0016714328855103814,-0.0013349999999999987,-7.64328855103804e-05,-0.0002600000000000002,0.0,0.0,-0.008,0.00034526632523144187,0.02366816774948681,0.02451677356442841,0.0015545098092126846,0.020773430470813464,0.020773430470813464,0.11281413119604075,-0.002229548276566058,-0.0006843291339265735,0.0006859400067871997,0.03161111111111111,-0.0033,0.0026820431838368436,-0.0022494900173374585,0.004931533201174302,0.24463049292008016,0.21896130612918308,0.025669186790897087,0.8375415205955505,0.07029879093170166,6593,5176,0,0.3633696300642831,1.0101257410916415,28,8,11769,6593,5176,0.04114719872344624,cuda,55.85791015625
223,264,200,True,1071,1071,829,829,71,171,70,0.9859154929577465,1.6872082166199813,1.6872082166199813,1.5669481302774426,59.76835748491649,32.471550056321625,92.23990754123813,0.029884178742458245,0.01623577502816081,0.04611995377061906,0.7950530035335689,225,136,89,58,0,133,84.92857142857143,48.69000063911763,6,52,6.0,5.0,88,0,80,91,0,3913.2852743881094,391.32852743881097,7741.644421405386,774.1644421405387,334.5040233253288,33.450402332532875,4929.51496482295,492.951496482295,5005.0,500.5,2,0.04246428571428572,-0.0033,0.04246428571428572,-0.0033,0.0,0.0,0.04246428571428572,0.003,0.057170420237491214,0.18403064142938808,-0.14351132380070936,0.002929363696274608,0.0005040151879994757,-0.01045357916981618,-0.0017580790497582117,-0.0013649999999999984,-0.0001205790497582106,-0.00027250000000000017,0.0,-2.5e-05,-0.002,0.0002520075939997379,0.029884178742458266,0.0162357750281608,0.002929363696274608,0.0209885811886886,0.0209885811886886,0.022195959758025588,-0.008405313923154507,-0.0049009526380256645,0.0013617919349080175,0.024345000319558822,-0.00275,0.0026820431838368436,-0.0022494900173374585,0.004931533201174302,0.24463049292008016,0.21896130612918308,0.025669186790897087,0.8375415205955505,0.07029879093170166,6593,5176,0,0.3633696300642831,1.0101257410916415,28,8,11769,6593,5176,0.04114719872344624,cuda,55.85791015625
224,265,200,True,779,779,655,655,4,120,4,1.0,1.4685494223363287,1.4685494223363287,1.450381679389313,26.75130927034146,33.53984907720493,60.291158347546386,0.01337565463517073,0.016769924538602463,0.030145579173773192,0.572463768115942,158,66,92,118,0,64,55.30952380952382,33.812820512820515,1,117,0.9999999999999999,0.2713776676231432,91,0,0,120,0,2531.2760938490537,253.12760938490538,2960.072920313579,296.0072920313579,168.53845568406473,16.853845568406474,3181.5071195119217,318.1507119511922,3875.0,387.5,10,0.027654761904761908,-0.0005499999999999999,0.027654761904761908,-0.0005499999999999999,0.0,0.0,0.027654761904761908,0.0004999999999999999,0.02827040117272483,0.24709046259031453,-0.10702591110120024,0.002144518934389529,0.0,-0.005984447261160495,-0.0022709428020337014,-0.0017999999999999956,-8.844280203369859e-05,-0.0003825000000000003,0.0,0.0,-0.01,0.0,0.013375654635170754,0.016769924538602463,0.002144518934389529,0.0262870531970334,0.0262870531970334,0.13948195733097885,-0.004345684639145664,-0.0012931996943595498,0.000730168358839731,0.016906410256410258,-0.00014925771719272876,0.0026820431838368436,-0.0022494900173374585,0.004931533201174302,0.24463049292008016,0.21896130612918308,0.025669186790897087,0.8375415205955505,0.07029879093170166,6593,5176,0,0.3633696300642831,1.0101257410916415,28,8,11769,6593,5176,0.04114719872344624,cuda,55.85791015625
225,266,200,True,935,935,659,659,92,184,92,1.0,1.695187165775401,1.695187165775401,1.6722306525037935,56.699956949412446,39.19000236051886,95.8899593099313,0.028349978474706224,0.01959500118025943,0.04794497965496565,0.7491039426523297,209,123,86,70,0,122,86.58333333333331,53.00647685647687,7,63,7.0,5.483558822666273,83,0,61,123,0,3518.5695396982355,351.85695396982356,6455.735977347101,645.5735977347101,241.56584331547785,24.156584331547784,4432.558375643602,443.25583756436015,4215.0,421.5,4,0.04329166666666665,-0.0038499999999999997,0.04329166666666665,-0.0038499999999999997,0.0,0.0,0.04329166666666665,0.0035,0.05217381081690148,0.17682481760428795,-0.1253925927103802,0.0036299108236771695,0.0005312385872207557,-0.007196923509662469,-0.0024159453930288786,-0.0018449999999999953,-0.00014844539302887735,-0.0004225000000000003,0.0,0.0,-0.004,0.00026561929361037785,0.028349978474706203,0.019595001180259433,0.0036299108236771695,0.020075403224023673,0.020075403224023673,0.032313885749015975,-0.00476623442660967,-0.003823994617706902,0.001071074631841318,0.02650323842823844,-0.0030159573524664502,-0.0022536347774401696,-0.0004934526880138687,-0.0017601820894263007,0.3469213541040753,0.31472126756395613,0.032200086540119216,0.7911188006401062,0.08433163166046143,7146,5329,0,0.37092326283454896,0.9422354904088107,29,8,12475,7146,5329,0.05013680966774424,cuda,57.02880859375
226,267,200,True,1073,1073,730,730,170,173,162,0.9529411764705882,1.7185461323392357,1.7185461323392357,1.667123287671233,74.1213376381226,40.686742335192605,114.8080799733152,0.037060668819061296,0.020343371167596304,0.0574040399866576,0.7841726618705036,218,147,71,60,0,145,101.83333333333333,60.95063537253943,6,54,6.0,5.0,70,0,12,161,0,3939.2369208831174,393.9236920883117,8176.32573179649,817.632573179649,295.74322481614917,29.574322481614917,4964.460357556658,496.4460357556658,4555.0,455.5,1,0.05091666666666667,-0.0033,0.05091666666666667,-0.0033,0.0,0.0,0.05091666666666667,0.003,0.06185482859239873,0.15783069091050664,-0.1483162891735823,0.0030337563649870418,0.0006018352711897467,-0.008672555829618072,-0.003203948040051241,-0.002414999999999998,-0.00012894804005123846,-0.0006599999999999995,0.0,-0.00019999999999999998,-0.001,0.0003009176355948734,0.037060668819061254,0.020343371167596276,0.0030337563649870418,0.018381366989977287,0.018381366989977287,0.0172132752297617,-0.00943553221946074,-0.005109503694309428,0.0013360372907167421,0.03047531768626972,-0.00275,-0.0022536347774401696,-0.0004934526880138687,-0.0017601820894263007,0.3469213541040753,0.31472126756395613,0.032200086540119216,0.7911188006401062,0.08433163166046143,7146,5329,0,0.37092326283454896,0.9422354904088107,29,8,12475,7146,5329,0.05013680966774424,cuda,57.02880859375
227,268,200,True,928,928,664,664,61,203,61,1.0,1.7941810344827587,1.7941810344827587,1.6746987951807228,76.61535771395314,49.08755921833053,125.70291693228367,0.03830767885697657,0.024543779609165265,0.06285145846614183,0.7333333333333333,209,141,68,76,0,138,108.91666666666666,66.85425824175826,7,69,7.0,4.402574511943608,66,0,84,119,0,4024.6709236259844,402.46709236259846,7732.258014693509,773.2258014693509,280.59342868197285,28.059342868197284,5069.477611201168,506.94776112011675,4335.0,433.5,3,0.05445833333333333,-0.0038499999999999997,0.05445833333333333,-0.0038499999999999997,0.0,0.0,0.05445833333333333,0.0035,0.058875020599679535,0.1665902774147271,-0.06923581385321438,0.0022675602152133316,0.0009886267038615006,-0.008845548628438605,-0.002310644564189829,-0.0017849999999999958,-0.00013814456418982773,-0.0003875000000000003,0.0,0.0,-0.003,0.0004943133519307504,0.038307678856976515,0.02454377960916526,0.0022675602152133316,0.018752288463489777,0.018752288463489777,0.06950994071160134,-0.004926040465031296,-0.002090280566502546,0.0009441387560856039,0.03342712912087913,-0.002421415981568985,-0.0022536347774401696,-0.0004934526880138687,-0.0017601820894263007,0.3469213541040753,0.31472126756395613,0.032200086540119216,0.7911188006401062,0.08433163166046143,7146,5329,0,0.37092326283454896,0.9422354904088107,29,8,12475,7146,5329,0.05013680966774424,cuda,57.02880859375
228,269,200,True,860,860,627,627,87,146,86,0.9885057471264368,1.7720930232558139,1.7720930232558139,1.6762360446570972,59.24629063116967,46.53473871543437,105.78102934660404,0.029623145315584836,0.023267369357717185,0.052890514673302025,0.8268551236749117,234,125,109,49,0,119,90.19047619047619,60.87612761421587,8,41,8.0,3.0,108,0,19,127,0,3807.031228268454,380.7031228268454,7076.849455741417,707.6849455741417,236.7317875499998,23.67317875499998,4793.012075095454,479.3012075095454,3870.0,387.0,4,0.04509523809523809,-0.004399999999999999,0.04509523809523809,-0.004399999999999999,0.0,0.0,0.04509523809523809,0.004,0.0513947696827675,0.17822257711619027,-0.13412251382371257,0.003092143749674085,0.0011466293108608491,-0.007171283677203019,-0.0024426545669787446,-0.001904999999999995,-9.265456697874252e-05,-0.00044500000000000035,0.0,-2.5e-05,-0.004,0.0005733146554304245,0.02962314531558489,0.023267369357717182,0.003092143749674085,0.02007306167508477,0.02007306167508477,0.04047510475722119,-0.006754814023393796,-0.0025338217146171735,0.0010108554867985457,0.03043806380710794,-0.0016500000000000002,-0.0022536347774401696,-0.0004934526880138687,-0.0017601820894263007,0.3469213541040753,0.31472126756395613,0.032200086540119216,0.7911188006401062,0.08433163166046143,7146,5329,0,0.37092326283454896,0.9422354904088107,29,8,12475,7146,5329,0.05013680966774424,cuda,57.02880859375
229,270,200,True,937,937,751,751,19,167,19,1.0,1.5176093916755602,1.5176093916755602,1.4647137150466045,40.922609941512434,39.02946450516079,79.95207444667322,0.020461304970756218,0.019514732252580394,0.03997603722333661,0.5942028985507246,164,87,77,112,0,82,73.0,48.330769230769235,5,107,5.0,5.0,76,0,19,148,0,3113.851602442012,311.3851602442012,4722.435086790589,472.2435086790589,237.72895482989773,23.772895482989775,3915.9867337053915,391.59867337053913,4590.0,459.0,8,0.0365,-0.00275,0.0365,-0.00275,0.0,0.0,0.0365,0.0025,0.03594158308666381,0.24769276455640782,-0.08535366203901049,0.0023874579123441732,0.0005188972345502971,-0.008135014705389137,-0.0027666034439475223,-0.0022199999999999963,-0.0001091034439475179,-0.00043750000000000033,0.0,0.0,-0.008,0.00025944861727514854,0.02046130497075629,0.01951473225258037,0.0023874579123441732,0.026705161579680253,0.026705161579680253,0.11366266519861143,-0.005879821417480558,-0.0012650082049871247,0.0007758852113528082,0.024165384615384616,-0.00275,-0.0022536347774401696,-0.0004934526880138687,-0.0017601820894263007,0.3469213541040753,0.31472126756395613,0.032200086540119216,0.7911188006401062,0.08433163166046143,7146,5329,0,0.37092326283454896,0.9422354904088107,29,8,12475,7146,5329,0.05013680966774424,cuda,57.02880859375
230,271,200,True,781,781,610,610,32,139,31,0.96875,1.6414852752880922,1.6414852752880922,1.5967213114754097,49.321035646461596,48.296707508688385,97.61774315514998,0.0246605178232308,0.024148353754344192,0.04880887157757499,0.6476868327402135,182,109,73,99,0,101,83.65238095238097,58.93286935286937,5,94,5.0,3.0,72,0,18,121,0,3283.736430511017,328.3736430511017,4816.694084855595,481.66940848555953,207.26519220587133,20.726519220587132,4135.710264326725,413.5710264326725,3750.0,375.0,8,0.04182619047619048,-0.00275,0.04182619047619048,-0.00275,0.0,0.0,0.04182619047619048,0.0025,0.04327787502295682,0.2109291457859016,-0.10318373863604856,0.00264571372633822,0.00027066908815386053,-0.00647565686293381,-0.0022661660293444726,-0.0018149999999999954,-7.36660293444697e-05,-0.0003775000000000003,0.0,-2.5e-05,-0.008,0.00013533454407693027,0.024660517823230796,0.024148353754344196,0.00264571372633822,0.02302734131705528,0.02302734131705528,0.09436611365933371,-0.004211325204826108,-0.001841961987560823,0.000687320520351947,0.029466434676434682,-0.0016500000000000002,-0.0022536347774401696,-0.0004934526880138687,-0.0017601820894263007,0.3469213541040753,0.31472126756395613,0.032200086540119216,0.7911188006401062,0.08433163166046143,7146,5329,0,0.37092326283454896,0.9422354904088107,29,8,12475,7146,5329,0.05013680966774424,cuda,57.02880859375
231,272,200,True,976,976,786,786,29,161,29,1.0,1.5102459016393444,1.5102459016393444,1.465648854961832,53.957939177629996,47.03626012324363,100.99419930087362,0.026978969588815,0.023518130061621813,0.05049709965043681,0.6967509025270758,193,98,95,84,0,93,84.99999999999999,60.253113553113565,5,79,5.0,4.0,95,0,7,154,0,3095.1870516329377,309.51870516329376,5114.614741909518,511.4614741909518,261.21816632728166,26.121816632728166,3894.6988521378266,389.4698852137827,4735.0,473.5,6,0.0425,-0.0027500000000000003,0.0425,-0.0027500000000000003,0.0,0.0,0.0425,0.0025,0.039855355072855536,0.23562822245235207,-0.1051763138973335,0.0020531072674838356,0.0008442553237617942,-0.0090939151962272,-0.002919388715495756,-0.002309999999999997,-0.0001093887154957522,-0.0005000000000000003,0.0,0.0,-0.006,0.00042212766188089716,0.026978969588815044,0.023518130061621813,0.0020531072674838356,0.02545106941436414,0.02545106941436414,0.07695491896911644,-0.006812972432677058,-0.0013044391361267628,0.0007035983501662783,0.030126556776556786,-0.0022,-0.0022536347774401696,-0.0004934526880138687,-0.0017601820894263007,0.3469213541040753,0.31472126756395613,0.032200086540119216,0.7911188006401062,0.08433163166046143,7146,5329,0,0.37092326283454896,0.9422354904088107,29,8,12475,7146,5329,0.05013680966774424,cuda,57.02880859375
232,273,200,True,656,656,502,502,21,133,21,1.0,1.6829268292682926,1.6829268292682926,1.6892430278884463,37.100298338988836,44.342653880087916,81.44295221907674,0.018550149169494417,0.022171326940043957,0.04072147610953837,0.6107142857142858,171,86,85,109,0,81,73.75,57.290231990232,8,101,8.0,6.0,82,0,0,133,0,3042.554212388091,304.2554212388091,4232.8797747355475,423.28797747355475,167.50765788633245,16.750765788633245,3828.042201323385,382.8042201323385,3175.0,317.5,9,0.036875,-0.004399999999999999,0.036875,-0.004399999999999999,0.0,0.0,0.036875,0.004,0.035364358884403584,0.18455730415097252,-0.05802510059560809,0.0025824126058846537,0.00033983281873333675,-0.00539390798730065,-0.0025242164437794187,-0.001994999999999994,-9.671644377941495e-05,-0.0004325000000000003,0.0,0.0,-0.009,0.0001699164093666684,0.018550149169494462,0.022171326940043968,0.0025824126058846537,0.019612384923192824,0.019612384923192824,0.15534832596064393,-0.0029726849561857688,-0.0011782448107631785,0.0005253802444182606,0.028645115995116002,-0.0033,-0.0022536347774401696,-0.0004934526880138687,-0.0017601820894263007,0.3469213541040753,0.31472126756395613,0.032200086540119216,0.7911188006401062,0.08433163166046143,7146,5329,0,0.37092326283454896,0.9422354904088107,29,8,12475,7146,5329,0.05013680966774424,cuda,57.02880859375
233,274,200,True,863,863,618,618,71,174,68,0.9577464788732394,1.7323290845886443,1.7323290845886443,1.7168284789644013,61.70937462616541,49.341712105292,111.05108673145742,0.030854687313082708,0.024670856052645997,0.05552554336572871,0.7615658362989324,214,118,96,67,0,114,89.24999999999999,63.99565643683293,4,63,4.0,1.4551331932682057,95,0,51,123,0,3557.8072560681157,355.7807256068116,6524.698097280968,652.4698097280968,241.6330296218848,24.163302962188478,4480.486452415558,448.04864524155585,3975.0,397.5,4,0.04462499999999999,-0.0022,0.04462499999999999,-0.0022,0.0,0.0,0.04462499999999999,0.002,0.0489447393765398,0.16065180372423227,-0.09654644232677893,0.002678263625465243,0.0009511323389911371,-0.007470559698673415,-0.002402917318418446,-0.0018449999999999953,-7.041731841844489e-05,-0.00048750000000000036,0.0,-7.500000000000001e-05,-0.004,0.00047556616949556853,0.030854687313082663,0.024670856052645976,0.002678263625465243,0.018260924947083045,0.018260924947083045,0.05246869766356126,-0.0053702538577959655,-0.0030074656918517672,0.0008985230363540716,0.031997828218416464,-0.0008003232562975132,-0.005393215860300637,-0.0003143557081265109,-0.005078860152174126,0.286079919178571,0.2505378471953528,0.035542071983218196,0.8107403516769409,0.08108246326446533,6786,5239,0,0.32371988892555237,0.9272183635018089,30,8,12025,6786,5239,0.05238509055842421,cuda,56.33544921875
234,275,200,True,965,965,742,742,61,162,60,0.9836065573770492,1.6373056994818653,1.6373056994818653,1.5768194070080863,62.32282806941847,51.33980209844281,113.66263016786128,0.031161414034709234,0.025669901049221407,0.05683131508393064,0.7692307692307693,210,114,96,63,0,111,93.89285714285714,67.51280016280018,8,55,8.0,5.0,95,0,51,111,0,3436.5521081375136,343.65521081375135,6339.413866570979,633.9413866570978,261.57437758757163,26.157437758757162,4330.142907887441,433.01429078874406,4525.0,452.5,4,0.04694642857142857,-0.004399999999999999,0.04694642857142857,-0.004399999999999999,0.0,0.0,0.04694642857142857,0.004,0.04796827296339393,0.21368767095342178,-0.14773836181125646,0.0034680377450828936,0.0010613286787178975,-0.008246013697581234,-0.002146727333284747,-0.0016649999999999966,-9.172733328474687e-05,-0.00039000000000000026,0.0,-2.5e-05,-0.004,0.0005306643393589488,0.031161414034709227,0.025669901049221445,0.0034680377450828936,0.023782301037168545,0.023782301037168545,0.056820756390519755,-0.006797058627949522,-0.0025468625040352584,0.0012147615243219127,0.03375640008140009,-0.00275,-0.005393215860300637,-0.0003143557081265109,-0.005078860152174126,0.286079919178571,0.2505378471953528,0.035542071983218196,0.8107403516769409,0.08108246326446533,6786,5239,0,0.32371988892555237,0.9272183635018089,30,8,12025,6786,5239,0.05238509055842421,cuda,56.33544921875
235,276,200,True,846,846,682,682,17,147,17,1.0,1.739952718676123,1.739952718676123,1.686217008797654,62.40001236697766,52.36742392441585,114.76743629139352,0.03120000618348883,0.026183711962207926,0.05738371814569676,0.7428571428571429,208,115,93,72,0,112,95.47619047619047,70.0073008690656,6,66,6.0,5.0,88,0,87,60,0,3692.651933243648,369.26519332436476,6108.531933299366,610.8531933299366,226.80236500100685,22.680236500100683,4647.440854351981,464.74408543519814,4145.0,414.5,6,0.04773809523809523,-0.0033,0.04773809523809523,-0.0033,0.0,0.0,0.04773809523809523,0.003,0.04865335117864145,0.18679524883473309,-0.11882015336044215,0.002059348007499095,0.0009498275820259446,-0.0074220529133158354,-0.0011495812976900768,-0.0009000000000000007,-5.7081297690077034e-05,-0.00019250000000000015,0.0,0.0,-0.006,0.0004749137910129723,0.031200006183488806,0.02618371196220795,0.002059348007499095,0.020829787509318538,0.020829787509318538,0.04278209507187027,-0.006020157080468077,-0.0014730289778003179,0.0010226623076884916,0.0350036504345328,-0.00275,-0.005393215860300637,-0.0003143557081265109,-0.005078860152174126,0.286079919178571,0.2505378471953528,0.035542071983218196,0.8107403516769409,0.08108246326446533,6786,5239,0,0.32371988892555237,0.9272183635018089,30,8,12025,6786,5239,0.05238509055842421,cuda,56.33544921875
236,277,200,True,678,678,588,588,4,86,4,1.0,1.4882005899705015,1.4882005899705015,1.534013605442177,27.98658560208216,43.09496917795476,71.08155478003692,0.013993292801041082,0.02154748458897738,0.035540777390018465,0.48,132,67,65,143,0,63,60.916666666666664,50.53803418803419,5,138,5.0,4.0,62,0,0,86,0,2490.347461574257,249.0347461574257,2854.372678316509,285.4372678316509,151.77791894884922,15.177791894884923,3132.2050049989684,313.22050049989684,3370.0,337.0,10,0.030458333333333334,-0.00275,0.030458333333333334,-0.00275,0.0,0.0,0.030458333333333334,0.0025,0.027719783627808737,0.22160803481825297,-0.09523870378187223,0.0022803860040902777,0.0,-0.0052137552132754846,-0.0016260704450168435,-0.0012899999999999988,-6.857044501684246e-05,-0.00026750000000000016,0.0,0.0,-0.01,0.0,0.01399329280104111,0.021547484588977383,0.0022803860040902777,0.023904550958651558,0.023904550958651558,0.1470841060492072,-0.003597258408713205,-0.00039103626689491046,0.0007592011168889375,0.025269017094017094,-0.0022,-0.005393215860300637,-0.0003143557081265109,-0.005078860152174126,0.286079919178571,0.2505378471953528,0.035542071983218196,0.8107403516769409,0.08108246326446533,6786,5239,0,0.32371988892555237,0.9272183635018089,30,8,12025,6786,5239,0.05238509055842421,cuda,56.33544921875
237,278,200,True,655,655,561,561,4,90,4,1.0,1.5587786259541985,1.5587786259541985,1.5918003565062389,30.447807708251823,41.814550035390326,72.26235774364216,0.015223903854125911,0.020907275017695164,0.03613117887182108,0.42066420664206644,114,68,46,157,0,67,61.83333333333333,47.34803113553114,3,154,3.0,2.4479666542396465,46,0,0,90,0,2525.391355240161,252.5391355240161,2911.6377271967663,291.1637727196766,145.94139986671115,14.594139986671115,3173.8321796312675,317.38321796312675,3255.0,325.5,10,0.030916666666666665,-0.0016500000000000002,0.030916666666666665,-0.0016500000000000002,0.0,0.0,0.030916666666666665,0.0015,0.0295295036794388,0.20642229457755243,-0.08205776231137664,0.0024553398248703664,0.0,-0.005110099667417859,-0.0017061850732123845,-0.0013499999999999986,-6.618507321238351e-05,-0.0002900000000000002,0.0,0.0,-0.01,0.0,0.015223903854125918,0.020907275017695175,0.0024553398248703664,0.022741623652861493,0.022741623652861493,0.1331494371165119,-0.003083377270232906,-0.000357288193101751,0.0007590376771752934,0.02367401556776557,-0.0013463816598318057,-0.005393215860300637,-0.0003143557081265109,-0.005078860152174126,0.286079919178571,0.2505378471953528,0.035542071983218196,0.8107403516769409,0.08108246326446533,6786,5239,0,0.32371988892555237,0.9272183635018089,30,8,12025,6786,5239,0.05238509055842421,cuda,56.33544921875
238,279,200,True,721,721,594,594,27,100,27,1.0,1.8710124826629682,1.8710124826629682,1.739057239057239,62.835842070234506,54.100212662225665,116.93605473246018,0.03141792103511725,0.027050106331112832,0.05846802736623009,0.7340425531914894,207,122,85,75,0,116,98.74999999999999,71.57191697191698,8,67,8.0,5.0,83,0,19,81,0,3820.7520490633315,382.07520490633317,6388.688222297082,638.8688222297081,226.30149083984242,22.630149083984243,4810.165684274977,481.0165684274977,3470.0,347.0,6,0.049374999999999995,-0.004399999999999999,0.049374999999999995,-0.004399999999999999,0.0,0.0,0.049374999999999995,0.004,0.04996671559930481,0.16770952217407503,-0.07853581527119226,0.003015970977460405,0.0007940106071638649,-0.007119929381647598,-0.0015349641631536173,-0.0012149999999999995,-6.996416315361708e-05,-0.00025000000000000017,0.0,0.0,-0.006,0.0003970053035819325,0.03141792103511724,0.02705010633111281,0.003015970977460405,0.018531498591374117,0.018531498591374117,0.06518592065487468,-0.004053557002220198,-0.0012814333183908608,0.0007395428208302642,0.03578595848595849,-0.00275,-0.005393215860300637,-0.0003143557081265109,-0.005078860152174126,0.286079919178571,0.2505378471953528,0.035542071983218196,0.8107403516769409,0.08108246326446533,6786,5239,0,0.32371988892555237,0.9272183635018089,30,8,12025,6786,5239,0.05238509055842421,cuda,56.33544921875
239,280,200,True,1066,1066,714,714,89,263,89,1.0,1.7476547842401502,1.7476547842401502,1.7086834733893557,78.76878791067874,49.64370408706312,128.41249199774185,0.03938439395533937,0.02482185204353156,0.06420624599887093,0.8450184501845018,229,149,80,42,0,145,104.47619047619047,68.14011544011548,4,38,4.0,3.3449882725340183,78,0,171,92,0,4270.933210608742,427.09332106087425,8718.013879816848,871.8013879816848,277.2646895783958,27.72646895783958,5377.143014159909,537.7143014159909,4885.0,488.5,1,0.05223809523809523,-0.0022,0.05223809523809523,-0.0022,0.0,0.0,0.05223809523809523,0.002,0.062235574106327206,0.17369073880915867,-0.1580720652256673,0.0022286589840340766,0.0005042630898718153,-0.008269225361042397,-0.0017881410228820843,-0.0013799999999999984,-0.0001031410228820828,-0.0003050000000000002,0.0,0.0,-0.001,0.0002521315449359077,0.039384393955339374,0.024821852043531527,0.0022286589840340766,0.019997715487668374,0.019997715487668374,0.015742103419392826,-0.007770441973681826,-0.0035902414733440533,0.001297072122518434,0.03407005772005775,-0.0018397435498937102,-0.005393215860300637,-0.0003143557081265109,-0.005078860152174126,0.286079919178571,0.2505378471953528,0.035542071983218196,0.8107403516769409,0.08108246326446533,6786,5239,0,0.32371988892555237,0.9272183635018089,30,8,12025,6786,5239,0.05238509055842421,cuda,56.33544921875
240,281,200,True,992,992,740,740,69,183,69,1.0,1.7147177419354838,1.7147177419354838,1.6567567567567567,64.23616963446456,45.75166685572951,109.98783649019407,0.03211808481723228,0.022875833427864756,0.054993918245097036,0.7821428571428571,219,132,87,61,0,128,91.24761904761901,62.69141760200588,5,56,5.0,4.0,85,0,109,74,0,3872.7096800073723,387.27096800073724,7469.041395021043,746.9041395021043,303.70317329837275,30.370317329837274,4875.436138094168,487.5436138094168,4615.0,461.5,3,0.04562380952380951,-0.00275,0.04562380952380951,-0.00275,0.0,0.0,0.04562380952380951,0.0025,0.05527540522433833,0.1666601263928365,-0.10397860426510946,0.0028674309968375155,0.0005493712010733919,-0.009501544306071372,-0.0014510937377231734,-0.00111,-9.10937377231731e-05,-0.00025000000000000017,0.0,0.0,-0.003,0.00027468560053669605,0.03211808481723219,0.022875833427864742,0.0028674309968375155,0.01917307231949737,0.01917307231949737,0.034663688720039165,-0.00428644571247958,-0.004186305989333707,0.001172851725962986,0.031345708801002944,-0.0022,-0.005393215860300637,-0.0003143557081265109,-0.005078860152174126,0.286079919178571,0.2505378471953528,0.035542071983218196,0.8107403516769409,0.08108246326446533,6786,5239,0,0.32371988892555237,0.9272183635018089,30,8,12025,6786,5239,0.05238509055842421,cuda,56.33544921875
241,282,200,True,733,733,621,621,6,106,6,1.0,1.620736698499318,1.620736698499318,1.603864734299517,39.02448670903695,44.52789229086827,83.55237899990522,0.019512243354518476,0.022263946145434137,0.041776189499952605,0.7243816254416962,205,82,123,78,0,80,73.58333333333333,52.941880341880335,4,74,4.0,3.0,123,0,0,106,0,2969.0048355035556,296.90048355035555,3855.586598387694,385.55865983876936,175.99314645711183,17.599314645711182,3733.7484775351973,373.3748477535197,3635.0,363.5,10,0.03679166666666667,-0.0022,0.03679166666666667,-0.0022,0.0,0.0,0.03679166666666667,0.002,0.03520769463282805,0.2250293770383914,-0.1004577908075224,0.001531913230611621,0.0001884494822799699,-0.00602498697703402,-0.0020257072619039415,-0.001589999999999997,-6.070726190393916e-05,-0.0003750000000000003,0.0,0.0,-0.01,9.422474113998497e-05,0.01951224335451848,0.022263946145434137,0.001531913230611621,0.024527305803026922,0.024527305803026922,0.10996765956913981,-0.004703359906672047,-0.0007379080810164178,0.0007491336621297817,0.026470940170940167,-0.0016500000000000002,-0.003243392469206204,-0.00548342390684411,0.0022400314376379055,0.30617940574884417,0.2756135452538729,0.030565860494971276,0.7968785166740417,0.08371073007583618,7307,5797,0,0.3305352747440338,0.9739863534768423,31,8,13104,7307,5797,0.04646708353255808,cuda,60.73681640625
242,283,200,True,756,756,635,635,5,116,5,1.0,1.5277777777777777,1.5277777777777777,1.5464566929133858,32.197194398518306,42.661970902551296,74.8591653010696,0.016098597199259154,0.02133098545127565,0.037429582650534796,0.6028368794326241,170,72,98,112,0,69,64.08333333333334,49.91971916971917,3,109,3.0,3.0,96,0,0,116,0,2764.7252960603037,276.4725296060304,3432.7442001592917,343.2744200159292,171.1283203054902,17.112832030549022,3474.3368047940667,347.4336804794067,3755.0,375.5,10,0.03204166666666667,-0.0016500000000000002,0.03204166666666667,-0.0016500000000000002,0.0,0.0,0.03204166666666667,0.0015,0.030324242607642868,0.23323379655186738,-0.07922177877377465,0.0011939701149941376,0.00017292333737983645,-0.006040936695003043,-0.0021303701714527373,-0.0017399999999999959,-4.03701714527346e-05,-0.00035000000000000027,0.0,0.0,-0.01,8.646166868991823e-05,0.016098597199259185,0.02133098545127566,0.0011939701149941376,0.02492827378455412,0.02492827378455412,0.12880948806118256,-0.004366374324992416,-0.0003205698290289627,0.0006243811576322246,0.024959859584859582,-0.0016500000000000002,-0.003243392469206204,-0.00548342390684411,0.0022400314376379055,0.30617940574884417,0.2756135452538729,0.030565860494971276,0.7968785166740417,0.08371073007583618,7307,5797,0,0.3305352747440338,0.9739863534768423,31,8,13104,7307,5797,0.04646708353255808,cuda,60.73681640625
243,284,200,True,1022,1022,840,840,28,154,27,0.9642857142857143,1.5342465753424657,1.5342465753424657,1.4559523809523809,66.79446869352206,54.69206356754954,121.4865322610716,0.033397234346761034,0.02734603178377477,0.0607432661305358,0.7695035460992907,217,113,104,65,0,109,95.22619047619047,67.03622044622047,2,63,2.0,1.0,103,0,28,126,0,3237.869660775414,323.7869660775414,5687.342622033161,568.7342622033161,262.35295511734904,26.235295511734904,4076.7617326236305,407.676173262363,4975.0,497.5,5,0.04761309523809523,-0.0011,0.04761309523809523,-0.0011,0.0,0.0,0.04761309523809523,0.001,0.04643852193197753,0.22798306210827968,-0.10028884562488215,0.002110167490674701,0.0009511199710448627,-0.008866667907435451,-0.0023869249221578066,-0.001889999999999995,-0.00011192492215780374,-0.0003850000000000003,0.0,-2.5e-05,-0.005,0.0004755599855224316,0.03339723434676097,0.027346031783774746,0.002110167490674701,0.02479504790626933,0.02479504790626933,0.07327314460968858,-0.006083038875327749,-0.0014757121484125259,0.0010429157759698174,0.033518110223110235,-0.00055,-0.003243392469206204,-0.00548342390684411,0.0022400314376379055,0.30617940574884417,0.2756135452538729,0.030565860494971276,0.7968785166740417,0.08371073007583618,7307,5797,0,0.3305352747440338,0.9739863534768423,31,8,13104,7307,5797,0.04646708353255808,cuda,60.73681640625
244,285,200,True,1267,1267,876,876,64,327,64,1.0,1.5398579321231254,1.5398579321231254,1.552511415525114,57.15394499231304,33.42305058949096,90.576995581804,0.02857697249615652,0.016711525294745483,0.045288497790902,0.8050541516245487,223,124,99,54,0,119,78.5015873015873,52.943776213180264,5,49,5.0,5.0,97,0,230,97,0,3783.468057866406,378.34680578664063,7812.556117240366,781.2556117240366,369.2627452065235,36.92627452065235,4760.172172744784,476.0172172744784,6015.0,601.5,1,0.03925079365079364,-0.00275,0.03925079365079364,-0.00275,0.0,0.0,0.03925079365079364,0.0025,0.05127412362906735,0.1739269245487334,-0.12199107730979514,0.0031791696795245928,0.0006445531144244462,-0.01228584499678066,-0.0019119542514175276,-0.0014549999999999977,-0.00010445425141752715,-0.0003525000000000003,0.0,0.0,-0.001,0.0003222765572122231,0.028576972496156493,0.01671152529474545,0.0031791696795245928,0.01987837784561408,0.01987837784561408,0.02484882996271498,-0.008711083233836209,-0.006380182435310229,0.0011822593429644053,0.02647188810659014,-0.00275,-0.003243392469206204,-0.00548342390684411,0.0022400314376379055,0.30617940574884417,0.2756135452538729,0.030565860494971276,0.7968785166740417,0.08371073007583618,7307,5797,0,0.3305352747440338,0.9739863534768423,31,8,13104,7307,5797,0.04646708353255808,cuda,60.73681640625
245,286,200,True,998,998,766,766,61,171,60,0.9836065573770492,1.7114228456913827,1.7114228456913827,1.6579634464751958,59.47831120030161,38.312709085737886,97.7910202860395,0.029739155600150807,0.019156354542868945,0.04889551014301975,0.7894736842105263,225,129,96,60,0,126,98.31944444444441,67.01483536271944,17,43,17.0,15.521039247260378,96,0,41,130,0,3870.295584450785,387.0295584450785,7465.952830892597,746.5952830892597,288.1120057710091,28.81120057710091,4874.571429315181,487.45714293151815,4690.0,469.0,3,0.0491597222222222,-0.00935,0.0491597222222222,-0.00935,0.0,0.0,0.0491597222222222,0.0085,0.054098603359501216,0.175184583902108,-0.12550171384807832,0.0029451746007274366,0.0012170237411905347,-0.009220474534078428,-0.0025303185299349307,-0.0019499999999999947,-0.00011031852993492917,-0.00047000000000000037,0.0,-2.5e-05,-0.003,0.0006085118705952674,0.029739155600150793,0.019156354542868986,0.0029451746007274366,0.020013844763252603,0.020013844763252603,0.03367457350231896,-0.0077840487618151075,-0.004241616182710218,0.0010446482888236393,0.03350741768135973,-0.008536571585993209,-0.003243392469206204,-0.00548342390684411,0.0022400314376379055,0.30617940574884417,0.2756135452538729,0.030565860494971276,0.7968785166740417,0.08371073007583618,7307,5797,0,0.3305352747440338,0.9739863534768423,31,8,13104,7307,5797,0.04646708353255808,cuda,60.73681640625
246,287,200,True,854,854,702,702,9,143,9,1.0,1.5831381733021077,1.5831381733021077,1.6139601139601139,50.93915863074953,53.48391800654285,104.42307663729238,0.025469579315374767,0.026741959003271424,0.052211538318646195,0.6161971830985915,175,102,73,109,0,99,92.75,74.64743589743591,12,97,12.0,11.609330320444112,73,0,33,110,0,3092.0055213816077,309.2005521381608,4485.07739018481,448.50773901848095,221.56015615110266,22.156015615110267,3893.1305749996254,389.31305749996255,4225.0,422.5,8,0.046375,-0.006599999999999999,0.046375,-0.006599999999999999,0.0,0.0,0.046375,0.006,0.042609469519898906,0.23729125071711626,-0.11925440547421672,0.00306289149465238,0.0005755295852731181,-0.007569650320146525,-0.002052718909143553,-0.0016499999999999965,-8.521890914355032e-05,-0.00031750000000000024,0.0,0.0,-0.008,0.0002877647926365591,0.025469579315374805,0.02674195900327142,0.00306289149465238,0.02604311940193045,0.02604311940193045,0.10871310764985177,-0.00671882494189194,-0.0006654584388797879,0.0008617915228345588,0.03732371794871796,-0.00638513167624426,-0.003243392469206204,-0.00548342390684411,0.0022400314376379055,0.30617940574884417,0.2756135452538729,0.030565860494971276,0.7968785166740417,0.08371073007583618,7307,5797,0,0.3305352747440338,0.9739863534768423,31,8,13104,7307,5797,0.04646708353255808,cuda,60.73681640625
247,288,200,True,918,918,753,753,2,163,2,1.0,1.3877995642701526,1.3877995642701526,1.401062416998672,28.04156344458039,36.1662594243959,64.2078228689763,0.014020781722290196,0.018083129712197953,0.032103911434488146,0.4875444839857651,137,65,72,144,0,63,60.166666666666664,41.12136752136752,6,138,6.0,6.0,70,0,35,128,0,2390.487124413295,239.0487124413295,2942.1076134115174,294.21076134115174,187.26775327757204,18.726775327757203,3006.0727407273234,300.60727407273237,4580.0,458.0,9,0.030083333333333333,-0.0033,0.030083333333333333,-0.0033,0.0,0.0,0.030083333333333333,0.003,0.027722518066344317,0.2872459677943896,-0.12633429505678834,0.0022492430585931175,0.00019323169655185052,-0.006783035548798592,-0.002424212829665151,-0.0019199999999999948,-0.00011171282966514762,-0.00039250000000000027,0.0,0.0,-0.009,9.661584827592526e-05,0.014020781722290215,0.018083129712197915,0.0022492430585931175,0.030470030936543897,0.030470030936543897,0.14853683033176407,-0.00527562537958191,-0.00011014550001600292,0.0009117088664031491,0.02056068376068376,-0.0033,-0.003243392469206204,-0.00548342390684411,0.0022400314376379055,0.30617940574884417,0.2756135452538729,0.030565860494971276,0.7968785166740417,0.08371073007583618,7307,5797,0,0.3305352747440338,0.9739863534768423,31,8,13104,7307,5797,0.04646708353255808,cuda,60.73681640625
248,289,200,True,759,759,604,604,16,139,16,1.0,1.7865612648221343,1.7865612648221343,1.7582781456953642,52.66999669452618,53.90634789024448,106.57634458477067,0.02633499834726309,0.02695317394512224,0.05328817229238533,0.6981818181818182,192,113,79,83,0,111,90.42619047619047,71.11428571428573,8,75,8.0,6.0,79,0,48,91,0,3612.841859967951,361.28418599679515,5468.668293475305,546.8668293475305,201.38694772095806,20.138694772095807,4547.116252046792,454.71162520467925,3715.0,371.5,8,0.04521309523809523,-0.004399999999999999,0.04521309523809523,-0.004399999999999999,0.0,0.0,0.04521309523809523,0.004,0.04811502912064062,0.18133370067197183,-0.08717007019114259,0.0015990632900395637,0.0005066118694588208,-0.006497791694099626,-0.0017420836826672044,-0.0013649999999999984,-8.458368266720273e-05,-0.0002925000000000002,0.0,0.0,-0.008,0.00025330593472941047,0.02633499834726308,0.026953173945122224,0.0015990632900395637,0.020408063336764235,0.020408063336764235,0.07297883024907975,-0.003307017775288229,-0.0011610499483555477,0.0008981647929546915,0.035557142857142864,-0.0033,-0.003243392469206204,-0.00548342390684411,0.0022400314376379055,0.30617940574884417,0.2756135452538729,0.030565860494971276,0.7968785166740417,0.08371073007583618,7307,5797,0,0.3305352747440338,0.9739863534768423,31,8,13104,7307,5797,0.04646708353255808,cuda,60.73681640625
249,290,200,True,721,721,620,620,6,95,6,1.0,1.4715672676837726,1.4715672676837726,1.4306451612903226,24.068028021933323,34.154074662854214,58.22210268478754,0.01203401401096666,0.017077037331427108,0.02911105134239377,0.40794223826714804,113,57,56,164,0,57,56.14285714285714,38.53846153846154,5,159,5.0,5.0,56,0,0,95,0,2332.515029697401,233.2515029697401,2545.9240702780094,254.59240702780093,160.73987263515215,16.073987263515214,2930.462671288604,293.0462671288604,3575.0,357.5,10,0.02807142857142857,-0.00275,0.02807142857142857,-0.00275,0.0,0.0,0.02807142857142857,0.0025,0.025425335584591473,0.24402541602897884,-0.09035024384710896,0.0037451718509095913,0.0,-0.00574095929051674,-0.0017823451228322238,-0.001424999999999998,-8.984512283222218e-05,-0.00026750000000000016,0.0,0.0,-0.01,0.0,0.012034014010966713,0.017077037331427104,0.0037451718509095913,0.02576800739347945,0.02576800739347945,0.17261379807036673,-0.0037455964606269323,-0.001276166475229283,0.0006667008919513086,0.01926923076923077,-0.00275,0.002715959723482465,0.00038924486642437324,0.0023267148570580917,0.2987249995351999,0.2647735570158277,0.03395144251937216,0.8292843699455261,0.08895993232727051,6557,5189,0,0.31334981322288513,0.9521527691320939,32,8,11746,6557,5189,0.050221464425840856,cuda,55.9453125
250,291,200,True,900,900,658,658,72,170,71,0.9861111111111112,1.8311111111111111,1.8311111111111111,1.797872340425532,75.42247929332297,55.443965733622235,130.8664450269452,0.03771123964666148,0.02772198286681112,0.0654332225134726,0.8485915492957746,241,141,100,43,0,136,105.1285714285714,75.1982252388135,5,38,5.0,4.0,98,0,77,93,0,4171.428415882078,417.14284158820783,8071.624416570179,807.1624416570179,278.30601037415914,27.830601037415914,5253.331191303207,525.3331191303207,4145.0,414.5,3,0.05256428571428571,-0.00275,0.05256428571428571,-0.00275,0.0,0.0,0.05256428571428571,0.0025,0.05812550189884418,0.15297056843751658,-0.09691437217479873,0.0031385866423332552,0.0008382288832888848,-0.00852224800915073,-0.001829728995699498,-0.0013949999999999982,-7.72289956994967e-05,-0.0003575000000000003,0.0,-2.5e-05,-0.003,0.0004191144416444425,0.03771123964666147,0.027721982866811167,0.0031385866423332552,0.017660540021953924,0.017660540021953924,0.03826784371754978,-0.004200989504706302,-0.0033852955414058338,0.0011332121636418952,0.03759911261940676,-0.0022,0.002715959723482465,0.00038924486642437324,0.0023267148570580917,0.2987249995351999,0.2647735570158277,0.03395144251937216,0.8292843699455261,0.08895993232727051,6557,5189,0,0.31334981322288513,0.9521527691320939,32,8,11746,6557,5189,0.050221464425840856,cuda,55.9453125
251,292,200,True,831,831,610,610,72,149,72,1.0,1.8856799037304453,1.8856799037304453,1.7327868852459016,67.22573679993417,47.37088002914416,114.59661682907833,0.033612868399967084,0.02368544001457208,0.057298308414539166,0.8220640569395018,231,143,88,50,0,139,95.23571428571428,62.20371308430135,3,47,3.0,3.0,86,0,76,73,0,4045.469895700328,404.5469895700328,7515.0059573074695,751.5005957307469,245.39675831819721,24.53967583181972,5097.442892208222,509.74428922082217,3795.0,379.5,4,0.04761785714285714,-0.0016500000000000002,0.04761785714285714,-0.0016500000000000002,0.0,0.0,0.04761785714285714,0.0015,0.05941989360339583,0.14978865747966383,-0.09805365975951574,0.00310565833615071,0.0002829210480861628,-0.007172417859762726,-0.001568825436968516,-0.0010950000000000003,-8.882543696851566e-05,-0.0003850000000000003,0.0,0.0,-0.004,0.00014146052404308146,0.03361286839996708,0.02368544001457206,0.00310565833615071,0.017445958743228646,0.017445958743228646,0.03306528539326105,-0.0039678793328503425,-0.003025129454929922,0.0010544362451600244,0.031101856542150686,-0.0016500000000000002,0.002715959723482465,0.00038924486642437324,0.0023267148570580917,0.2987249995351999,0.2647735570158277,0.03395144251937216,0.8292843699455261,0.08895993232727051,6557,5189,0,0.31334981322288513,0.9521527691320939,32,8,11746,6557,5189,0.050221464425840856,cuda,55.9453125
252,293,200,True,1054,1054,807,807,96,151,87,0.90625,1.7277039848197344,1.7277039848197344,1.664188351920694,70.58021458983572,47.736000232848795,118.31621482268451,0.03529010729491786,0.023868000116424398,0.05915810741134226,0.8028169014084507,228,136,92,56,0,134,99.26190476190477,70.1025053867701,7,49,7.0,7.0,89,0,39,112,0,4011.552729017227,401.1552729017227,8062.430972575625,806.2430972575625,293.93239305536474,29.393239305536476,5052.024669821312,505.2024669821312,4835.0,483.5,2,0.04963095238095238,-0.0038500000000000006,0.04963095238095238,-0.0038500000000000006,0.0,0.0,0.04963095238095238,0.0035,0.05787287270485702,0.1972266501929554,-0.15675245860954284,0.0034895544514719932,0.0012489498278642408,-0.008633357336828415,-0.0021881257096398265,-0.0016799999999999964,-0.00011812570963982487,-0.00039000000000000026,0.0,-0.00022499999999999997,-0.002,0.0006244749139321205,0.035290107294917744,0.023868000116424343,0.0034895544514719932,0.022468003263451698,0.022468003263451698,0.02165474557091581,-0.010717398241931015,-0.004738559750621789,0.0012924780907589532,0.03505125269338506,-0.0038500000000000006,0.002715959723482465,0.00038924486642437324,0.0023267148570580917,0.2987249995351999,0.2647735570158277,0.03395144251937216,0.8292843699455261,0.08895993232727051,6557,5189,0,0.31334981322288513,0.9521527691320939,32,8,11746,6557,5189,0.050221464425840856,cuda,55.9453125
253,294,200,True,947,947,725,725,63,159,63,1.0,1.7529039070749737,1.7529039070749737,1.6868965517241379,66.99819367898853,46.25080461204522,113.24899829103376,0.033499096839494265,0.02312540230602261,0.05662449914551688,0.8133802816901409,231,133,98,53,0,131,97.66666666666666,61.86216006216008,6,47,6.0,3.5929020049928324,98,0,90,69,0,3907.9438678413676,390.79438678413675,7292.9957099101675,729.2995709910167,254.90904301166947,25.490904301166946,4918.839051290479,491.8839051290479,4420.0,442.0,4,0.04883333333333332,-0.0033000000000000004,0.04883333333333332,-0.0033000000000000004,0.0,0.0,0.04883333333333332,0.003,0.05645072287349719,0.19320930425917707,-0.1421839105870955,0.0018141689094954895,0.000637055656318704,-0.0077967041349008325,-0.0013369084013950625,-0.0010350000000000005,-6.190840139506258e-05,-0.0002400000000000002,0.0,0.0,-0.004,0.000318527828159352,0.0334990968394942,0.023125402306022603,0.0018141689094954895,0.02212054320613846,0.02212054320613846,0.018567004777382483,-0.006921831934216286,-0.003579518607428275,0.0011064201247362817,0.030931080031080048,-0.001976096102746058,0.002715959723482465,0.00038924486642437324,0.0023267148570580917,0.2987249995351999,0.2647735570158277,0.03395144251937216,0.8292843699455261,0.08895993232727051,6557,5189,0,0.31334981322288513,0.9521527691320939,32,8,11746,6557,5189,0.050221464425840856,cuda,55.9453125
254,295,200,True,789,789,656,656,11,122,11,1.0,1.5982256020278833,1.5982256020278833,1.6128048780487805,44.72653986352143,54.291316412884875,99.0178562764063,0.022363269931760715,0.02714565820644244,0.04950892813820315,0.6773049645390071,191,89,102,91,1,86,81.0,67.62271062271063,6,85,6.0,5.0,101,0,0,122,0,3032.77190970465,303.277190970465,4260.937674022428,426.0937674022428,199.8193700898873,19.98193700898873,3813.2666761741293,381.3266676174129,3890.0,389.0,9,0.0405,-0.0033,0.0405,-0.0033,0.0,0.0,0.0405,0.003,0.037332671650281465,0.22448067138780964,-0.062440659177739916,0.0022070125133980024,0.00023667716573718903,-0.0069401076575212285,-0.0022836128487840456,-0.0018299999999999955,-8.611284878404178e-05,-0.00036750000000000026,0.0,0.0,-0.009,0.00011833858286859451,0.022363269931760736,0.027145658206442446,0.0022070125133980024,0.024191766279637327,0.024191766279637327,0.12995626048609923,-0.003719963123338932,-0.00034014112047133963,0.0007082695932446959,0.03381135531135531,-0.00275,0.002715959723482465,0.00038924486642437324,0.0023267148570580917,0.2987249995351999,0.2647735570158277,0.03395144251937216,0.8292843699455261,0.08895993232727051,6557,5189,0,0.31334981322288513,0.9521527691320939,32,8,11746,6557,5189,0.050221464425840856,cuda,55.9453125
255,296,200,True,551,551,484,484,10,57,10,1.0,1.8003629764065336,1.8003629764065336,1.725206611570248,44.87265453020912,45.563031040260306,90.43568557046942,0.02243632726510456,0.022781515520130153,0.04521784278523471,0.5800711743772242,163,89,74,118,0,85,82.5,53.91025641025641,6,112,6.0,2.0,74,0,0,57,0,2972.9093615292677,297.29093615292675,3806.344640789848,380.6344640789848,139.76647536331225,13.976647536331225,3739.1989251303435,373.91989251303437,2705.0,270.5,10,0.04125,-0.0033000000000000004,0.04125,-0.0033000000000000004,0.0,0.0,0.04125,0.003,0.03689948515223089,0.1751075831753891,-0.07248676972840183,0.0028256264879993097,0.00035053964253648634,-0.004441201108888688,-0.0010591759149062155,-0.0008550000000000006,-4.667591490621608e-05,-0.00015750000000000011,0.0,0.0,-0.01,0.00017526982126824317,0.022436327265104552,0.022781515520130163,0.0028256264879993097,0.019049905002434097,0.019049905002434097,0.13453466035267334,-0.0031543986278548025,-0.0007192542885539009,0.0005644631340878082,0.026955128205128204,-0.0011,0.002715959723482465,0.00038924486642437324,0.0023267148570580917,0.2987249995351999,0.2647735570158277,0.03395144251937216,0.8292843699455261,0.08895993232727051,6557,5189,0,0.31334981322288513,0.9521527691320939,32,8,11746,6557,5189,0.050221464425840856,cuda,55.9453125
256,297,200,True,764,764,629,629,17,118,17,1.0,1.6047120418848169,1.6047120418848169,1.5961844197138315,34.67467160780708,44.164839704241615,78.8395113120487,0.01733733580390354,0.022082419852120807,0.03941975565602435,0.7913669064748201,220,79,141,58,0,77,65.00952380952381,53.195189255189256,3,55,3.0,3.0,140,0,5,113,0,2950.748854386678,295.0748854386678,4081.470519611497,408.1470519611497,189.60284262812334,18.960284262812333,3711.316232129062,371.1316232129062,3735.0,373.5,9,0.032504761904761904,-0.0016500000000000002,0.032504761904761904,-0.0016500000000000002,0.0,0.0,0.032504761904761904,0.0015,0.03393195019198954,0.21911024352951583,-0.07161736791480316,0.00166997207229152,0.00029403771035238404,-0.006481023969087983,-0.0021060351875027087,-0.0016949999999999962,-4.353518750270653e-05,-0.00036750000000000026,0.0,0.0,-0.009,0.00014701885517619205,0.01733733580390361,0.0220824198521208,0.00166997207229152,0.023596966087130158,0.023596966087130158,0.0898340876911214,-0.004359927513185163,-0.0009390911514492349,0.0006385723120919265,0.026597594627594628,-0.0016500000000000002,0.002715959723482465,0.00038924486642437324,0.0023267148570580917,0.2987249995351999,0.2647735570158277,0.03395144251937216,0.8292843699455261,0.08895993232727051,6557,5189,0,0.31334981322288513,0.9521527691320939,32,8,11746,6557,5189,0.050221464425840856,cuda,55.9453125
257,298,200,True,768,768,621,621,40,107,40,1.0,1.74609375,1.74609375,1.6505636070853462,50.68975594520158,52.70955449771898,103.39931044292057,0.02534487797260079,0.02635477724885949,0.051699655221460285,0.7003484320557491,201,106,95,86,0,105,83.03571428571428,65.44830280830283,5,81,5.0,3.0,95,0,17,90,0,3363.8329721736823,336.38329721736824,5401.6222926435685,540.1622292643568,202.53606912539016,20.253606912539016,4233.432351980544,423.3432351980544,3640.0,364.0,7,0.04151785714285715,-0.00275,0.04151785714285715,-0.00275,0.0,0.0,0.04151785714285715,0.0025,0.04566998089527411,0.19736561075359416,-0.09638806689524586,0.0025278935071134712,0.00019215385869259167,-0.006374942935533157,-0.0016893216960429845,-0.0013499999999999986,-6.432169604298349e-05,-0.0002750000000000002,0.0,0.0,-0.007,9.607692934629584e-05,0.025344877972600793,0.026354777248859495,0.0025278935071134712,0.021918080106712326,0.021918080106712326,0.06936319432774127,-0.003658737209516039,-0.0022156386857928715,0.0008618983408868789,0.032724151404151414,-0.0016500000000000002,-0.002574746023553113,-0.0024790182011201977,-9.572782243291536e-05,0.3397367973191043,0.30372791141271593,0.036008885906388365,0.7877644300460815,0.09563606977462769,7302,5794,0,0.25932145677506924,0.8772022654612859,33,8,13096,7302,5794,0.05662169232880444,cuda,60.73583984375
258,299,200,True,1059,1059,810,810,36,213,36,1.0,1.6062322946175638,1.6062322946175638,1.5876543209876544,70.5336365233351,56.30238574094024,126.83602226427534,0.035266818261667554,0.028151192870470118,0.06341801113213767,0.7697841726618705,214,127,87,64,0,121,96.42341269841269,75.37295850715837,3,61,3.0,3.0,87,0,149,64,0,3686.105851768749,368.6105851768749,6841.380649974336,684.1380649974336,298.6350418498632,29.863504184986322,4642.8462860406635,464.28462860406637,5115.0,511.5,3,0.048211706349206344,-0.0016500000000000002,0.048211706349206344,-0.0016500000000000002,0.0,0.0,0.048211706349206344,0.0015,0.05172825813633268,0.2058356812101401,-0.1276283414648227,0.00299959643006891,0.0008937958170055461,-0.009715394184383727,-0.0012216429243297384,-0.0009600000000000008,-9.164292432973897e-05,-0.00017000000000000012,0.0,0.0,-0.003,0.00044689790850277315,0.03526681826166769,0.02815119287047007,0.00299959643006891,0.022935402432466064,0.022935402432466064,0.04602166972104283,-0.007318177202025832,-0.004406093754982469,0.0010744192933283341,0.03768647925357919,-0.0016500000000000002,-0.002574746023553113,-0.0024790182011201977,-9.572782243291536e-05,0.3397367973191043,0.30372791141271593,0.036008885906388365,0.7877644300460815,0.09563606977462769,7302,5794,0,0.25932145677506924,0.8772022654612859,33,8,13096,7302,5794,0.05662169232880444,cuda,60.73583984375
259,300,200,True,1097,1097,835,835,77,185,77,1.0,1.731996353691887,1.731996353691887,1.6826347305389222,66.72016327494474,44.73961754700407,111.45978082194881,0.033360081637472366,0.022369808773502038,0.055729890410974404,0.8571428571428571,240,144,96,40,0,143,88.41749639249643,64.69430298314184,4,36,4.0,3.0,96,0,120,65,0,4152.2876024556535,415.22876024556535,8423.809554850095,842.3809554850095,318.83766891014665,31.883766891014666,5227.736947540094,522.7736947540094,5100.0,510.0,1,0.044208748196248204,-0.0022,0.044208748196248204,-0.0022,0.0,0.0,0.044208748196248204,0.002,0.061525878725872486,0.17727370922261054,-0.17157831915991525,0.0027494832420592356,0.0010926479069176447,-0.010140591869018452,-0.00126527231502634,-0.0009750000000000007,-8.277231502633973e-05,-0.00020750000000000016,0.0,0.0,-0.001,0.0005463239534588222,0.03336008163747239,0.022369808773502017,0.0027494832420592356,0.02046098228203698,0.02046098228203698,0.014434240254004773,-0.009467700273023828,-0.006214392762758541,0.001299067950101389,0.03234715149157093,-0.0016500000000000002,-0.002574746023553113,-0.0024790182011201977,-9.572782243291536e-05,0.3397367973191043,0.30372791141271593,0.036008885906388365,0.7877644300460815,0.09563606977462769,7302,5794,0,0.25932145677506924,0.8772022654612859,33,8,13096,7302,5794,0.05662169232880444,cuda,60.73583984375
260,301,200,True,785,785,631,631,31,123,30,0.967741935483871,1.819108280254777,1.819108280254777,1.7797147385103012,64.75877621203666,60.08147611750899,124.84025232954565,0.032379388106018335,0.030040738058754495,0.06242012616477283,0.7127659574468085,201,125,76,81,0,122,103.23571428571428,81.84114774114775,10,71,10.0,8.0,76,0,65,58,0,3839.756830127617,383.9756830127617,6386.169247362402,638.6169247362402,217.52504636551663,21.752504636551663,4832.553774679687,483.25537746796874,3775.0,377.5,6,0.05161785714285714,-0.005499999999999999,0.05161785714285714,-0.005499999999999999,0.0,0.0,0.05161785714285714,0.005,0.05257794209437066,0.1965913790845107,-0.12242985387689484,0.00287182878138571,0.0007096213963350837,-0.006753334375252282,-0.0011091602326263048,-0.0008700000000000007,-5.1660232626305266e-05,-0.00018750000000000014,0.0,-2.5e-05,-0.006,0.0003548106981675419,0.03237938810601828,0.030040738058754478,0.00287182878138571,0.022053653758263087,0.022053653758263087,0.0681712718512511,-0.005403054581145672,-0.0021678629599544063,0.0008606187004516067,0.04092057387057388,-0.004399999999999999,-0.002574746023553113,-0.0024790182011201977,-9.572782243291536e-05,0.3397367973191043,0.30372791141271593,0.036008885906388365,0.7877644300460815,0.09563606977462769,7302,5794,0,0.25932145677506924,0.8772022654612859,33,8,13096,7302,5794,0.05662169232880444,cuda,60.73583984375
261,302,200,True,1111,1111,814,814,153,144,150,0.9803921568627451,1.748874887488749,1.748874887488749,1.6031941031941033,70.49351477798189,36.82677325370971,107.3202880316916,0.03524675738899094,0.018413386626854857,0.053660144015845804,0.7956989247311828,222,149,73,57,0,143,91.91190476190475,57.111869239815256,4,53,4.0,3.0,72,0,54,90,0,4513.185503446681,451.3185503446681,9588.00336968713,958.800336968713,354.00590063276445,35.40059006327645,5682.171925042949,568.2171925042949,4805.0,480.5,0,0.04595595238095237,-0.0022,0.04595595238095237,-0.0022,0.0,0.0,0.04595595238095237,0.002,0.06152676847067148,0.16210974176130796,-0.15783947202614595,0.002250124165420166,0.000752262659463206,-0.01077618012936506,-0.0017091918700012601,-0.0013499999999999986,-6.91918700012584e-05,-0.0002900000000000002,0.0,-7.500000000000001e-05,0.0,0.00037613132973160306,0.03524675738899085,0.018413386626854805,0.002250124165420166,0.018685387862524928,0.018685387862524928,0.013133335523875219,-0.01093880660919537,-0.006284782641688035,0.0013385126424884412,0.028555934619907634,-0.0016500000000000002,-0.002574746023553113,-0.0024790182011201977,-9.572782243291536e-05,0.3397367973191043,0.30372791141271593,0.036008885906388365,0.7877644300460815,0.09563606977462769,7302,5794,0,0.25932145677506924,0.8772022654612859,33,8,13096,7302,5794,0.05662169232880444,cuda,60.73583984375
262,303,200,True,754,754,612,612,29,113,28,0.9655172413793104,1.9880636604774535,1.9880636604774535,1.7745098039215685,70.38013579585285,52.78773175906057,123.16786755491341,0.035190067897926426,0.026393865879530284,0.061583933777456704,0.7031802120141343,199,138,61,84,0,136,108.08333333333329,73.45745365745367,10,74,10.0,6.564681044706373,61,0,68,45,0,4159.783584406006,415.97835844060063,7420.383775247479,742.038377524748,225.51760344352428,22.551760344352427,5237.189715887283,523.7189715887282,3630.0,363.0,5,0.05404166666666664,-0.0055,0.05404166666666664,-0.0055,0.0,0.0,0.05404166666666664,0.005,0.058648924217824194,0.16470543695821738,-0.09199438876578014,0.0014944343705530724,0.0007392642385125609,-0.006898307138866503,-0.0008650641392332412,-0.0006750000000000005,-5.756413923324141e-05,-0.00013250000000000008,0.0,-2.5e-05,-0.005,0.0003696321192562806,0.03519006789792635,0.026393865879530277,0.0014944343705530724,0.01860281645977281,0.01860281645977281,0.05197768691243259,-0.004858325053873835,-0.002119611881879404,0.0009005763659171882,0.03672872682872683,-0.0036105745745885053,-0.002574746023553113,-0.0024790182011201977,-9.572782243291536e-05,0.3397367973191043,0.30372791141271593,0.036008885906388365,0.7877644300460815,0.09563606977462769,7302,5794,0,0.25932145677506924,0.8772022654612859,33,8,13096,7302,5794,0.05662169232880444,cuda,60.73583984375
263,304,200,True,875,875,723,723,28,124,28,1.0,1.6434285714285715,1.6434285714285715,1.56984785615491,51.02901232452202,46.75904976555774,97.78806209007976,0.02551450616226101,0.02337952488277887,0.04889403104503988,0.7178571428571429,201,107,94,79,0,104,82.39404761904763,63.731191605329535,9,70,9.0,6.0,93,0,70,54,0,3277.9993120955914,327.79993120955913,5725.780051126173,572.5780051126173,242.8017801480419,24.28017801480419,4126.859031612187,412.68590316121873,4235.0,423.5,5,0.041197023809523815,-0.0049499999999999995,0.041197023809523815,-0.0049499999999999995,0.0,0.0,0.041197023809523815,0.0045,0.04486134499281438,0.20750852112396526,-0.12477136706295683,0.002199811890628691,0.0010286167620151341,-0.008248770131994163,-0.0010066889052578237,-0.0008100000000000006,-5.1688905257824015e-05,-0.0001450000000000001,0.0,0.0,-0.005,0.0005143083810075671,0.02551450616226101,0.02337952488277888,0.002199811890628691,0.022892301190058004,0.022892301190058004,0.05628081571533559,-0.005788052227845887,-0.003233978597725456,0.0010195825734297713,0.03186559580266477,-0.0033000000000000004,-0.002574746023553113,-0.0024790182011201977,-9.572782243291536e-05,0.3397367973191043,0.30372791141271593,0.036008885906388365,0.7877644300460815,0.09563606977462769,7302,5794,0,0.25932145677506924,0.8772022654612859,33,8,13096,7302,5794,0.05662169232880444,cuda,60.73583984375
264,305,200,True,853,853,748,748,8,97,8,1.0,1.6131301289566238,1.6131301289566238,1.6203208556149733,52.52621435963897,58.60927936585703,111.13549372549599,0.026263107179819487,0.029304639682928513,0.05556774686274799,0.6606498194945848,183,102,81,94,0,100,91.14285714285714,75.54057054057054,7,87,7.0,7.0,79,0,14,83,0,3248.7453983406485,324.8745398340649,4602.8875366750235,460.28875366750236,216.61338148849575,21.661338148849573,4089.4842199071336,408.94842199071337,4225.0,422.5,9,0.04557142857142857,-0.0038499999999999997,0.04557142857142857,-0.0038499999999999997,0.0,0.0,0.04557142857142857,0.0035,0.043320016187189364,0.2635384426847607,-0.1183390550058123,0.0013720513169754175,0.0004413201102681024,-0.007382309124151785,-0.001538259123270371,-0.0012449999999999991,-5.825912327037002e-05,-0.00023500000000000018,0.0,0.0,-0.009,0.00022066005513405123,0.02626310717981949,0.02930463968292858,0.0013720513169754175,0.02830302069771466,0.02830302069771466,0.08989282148197832,-0.0062044877299687815,-0.0006305722397112082,0.0008647804609832733,0.037770285270285274,-0.0038499999999999997,-0.002574746023553113,-0.0024790182011201977,-9.572782243291536e-05,0.3397367973191043,0.30372791141271593,0.036008885906388365,0.7877644300460815,0.09563606977462769,7302,5794,0,0.25932145677506924,0.8772022654612859,33,8,13096,7302,5794,0.05662169232880444,cuda,60.73583984375
265,306,200,True,627,627,581,581,8,38,8,1.0,1.7033492822966507,1.7033492822966507,1.6678141135972462,33.64366077274395,41.92738467972438,75.57104545246833,0.016821830386371976,0.020963692339862193,0.037785522726234165,0.5323741007194245,148,78,70,130,1,74,67.3095238095238,52.06880341880343,5,125,5.0,5.0,68,0,0,38,0,2992.509263833473,299.2509263833473,3894.623575903015,389.4623575903015,171.72123197414248,17.172123197414248,3762.4185029652413,376.24185029652415,3095.0,309.5,10,0.0336547619047619,-0.00275,0.0336547619047619,-0.00275,0.0,0.0,0.0336547619047619,0.0025,0.03273974828401174,0.21032416750537783,-0.0766840471289904,0.0010537379299380666,0.00017544666363954656,-0.005831208728926519,-0.0006799265072195682,-0.0005700000000000004,-9.926507219568268e-06,-0.00010000000000000007,0.0,0.0,-0.01,8.772333181977326e-05,0.016821830386371965,0.020963692339862207,0.0010537379299380666,0.02293595957759781,0.02293595957759781,0.12250432714754797,-0.003828145028847313,-0.00032877951851843,0.0007314141609329226,0.026034401709401713,-0.00275,-0.0034082824944869266,-0.0006697636762900012,-0.0027385188181969253,0.31008461972626,0.27837420063359397,0.03171041909266602,0.8035085201263428,0.07887256145477295,7088,5534,0,0.23606970991407122,0.8717476617206227,34,8,12622,7088,5534,0.051589968277402046,cuda,58.4697265625
266,307,200,True,1011,1011,763,763,85,163,85,1.0,1.748763600395648,1.748763600395648,1.6802096985583224,64.33542410013814,40.505418719416824,104.84084281955496,0.03216771205006907,0.020252709359708413,0.052420421409777485,0.8375451263537906,232,141,91,45,0,141,86.75555555555555,60.00346436077982,3,42,3.0,3.0,90,0,133,30,0,3911.4243830584205,391.14243830584206,7840.465656633794,784.0465656633794,293.42370631737543,29.342370631737545,4925.297383481509,492.52973834815094,4630.0,463.0,2,0.04337777777777778,-0.0016500000000000002,0.04337777777777778,-0.0016500000000000002,0.0,0.0,0.04337777777777778,0.0015,0.06051429104767611,0.17036988469687692,-0.13603203910665324,0.001697885625164562,0.0005094854284483579,-0.00864492731812771,-0.0005812271231467201,-0.0004500000000000003,-4.622712314672009e-05,-8.500000000000005e-05,0.0,0.0,-0.002,0.00025474271422417895,0.032167712050069006,0.020252709359708434,0.001697885625164562,0.019651444799587685,0.019651444799587685,0.025735775773249876,-0.006922042677276288,-0.009826719531684219,0.0012349626912599406,0.03000173218038992,-0.0016500000000000002,-0.0034082824944869266,-0.0006697636762900012,-0.0027385188181969253,0.31008461972626,0.27837420063359397,0.03171041909266602,0.8035085201263428,0.07887256145477295,7088,5534,0,0.23606970991407122,0.8717476617206227,34,8,12622,7088,5534,0.051589968277402046,cuda,58.4697265625
267,308,200,True,910,910,740,740,59,111,57,0.9661016949152542,1.7846153846153847,1.7846153846153847,1.6135135135135135,71.19548624656419,42.31751075054707,113.51299699711126,0.035597743123282094,0.021158755375273536,0.05675649849855563,0.7697841726618705,214,140,74,64,0,136,105.76666666666665,65.42744606185013,11,53,11.0,8.691251392024924,73,0,66,45,0,3946.3053635658493,394.6305363565849,7609.982933621308,760.9982933621308,292.6596986582748,29.26596986582748,4972.588380353278,497.2588380353278,4265.0,426.5,3,0.05288333333333333,-0.00605,0.05288333333333333,-0.00605,0.0,0.0,0.05288333333333333,0.0055,0.058294294559460696,0.1642130044456248,-0.12619773555044006,0.0029094598121444863,0.0010410072868614407,-0.00903869304364936,-0.0008672583045183598,-0.0006750000000000005,-7.475830451836004e-05,-0.00011750000000000009,0.0,-5e-05,-0.003,0.0005205036434307203,0.03559774312328207,0.021158755375273536,0.0029094598121444863,0.018846819928415547,0.018846819928415547,0.03600118252334756,-0.008075313108748957,-0.0038078563830015394,0.0011201223704420946,0.032713723030925075,-0.0047801882656137076,-0.0034082824944869266,-0.0006697636762900012,-0.0027385188181969253,0.31008461972626,0.27837420063359397,0.03171041909266602,0.8035085201263428,0.07887256145477295,7088,5534,0,0.23606970991407122,0.8717476617206227,34,8,12622,7088,5534,0.051589968277402046,cuda,58.4697265625
268,309,200,True,1017,1017,764,764,47,206,47,1.0,1.6617502458210422,1.6617502458210422,1.6034031413612566,78.77399198340684,53.58462557782469,132.35861756123154,0.03938699599170342,0.026792312788912344,0.06617930878061577,0.78125,225,133,92,63,0,131,107.89285714285712,69.37449217449218,4,59,4.0,4.0,90,0,142,64,0,3685.8697538516813,368.5869753851681,6759.857164421002,675.9857164421003,251.95933354069814,25.195933354069815,4643.60130858626,464.36013085862595,4850.0,485.0,3,0.053946428571428576,-0.0022,0.053946428571428576,-0.0022,0.0,0.0,0.053946428571428576,0.002,0.055863045286970635,0.21386232766484098,-0.15882396083438372,0.0033298198981411152,0.0008437921993229931,-0.00777287357145343,-0.0012226202008128293,-0.0009600000000000008,-7.762020081282991e-05,-0.00018500000000000013,0.0,0.0,-0.003,0.00042189609966149667,0.03938699599170341,0.026792312788912358,0.0033298198981411152,0.023796952315707016,0.023796952315707016,0.026050344602347522,-0.007142749342322908,-0.0025036364061606885,0.0010624053753082237,0.0346872460872461,-0.0022,-0.0034082824944869266,-0.0006697636762900012,-0.0027385188181969253,0.31008461972626,0.27837420063359397,0.03171041909266602,0.8035085201263428,0.07887256145477295,7088,5534,0,0.23606970991407122,0.8717476617206227,34,8,12622,7088,5534,0.051589968277402046,cuda,58.4697265625
269,310,200,True,838,838,624,624,83,131,82,0.9879518072289156,1.873508353221957,1.873508353221957,1.7852564102564104,58.31682649838227,43.27100641144167,101.58783290982393,0.029158413249191134,0.021635503205720833,0.050793916454911964,0.7571428571428571,212,133,79,68,0,130,85.87857142857142,59.56727522477525,5,63,5.0,4.0,78,0,86,45,0,4029.910003901674,402.9910003901674,7502.020542349556,750.2020542349557,246.29613354300122,24.629613354300123,5076.268314225449,507.6268314225449,3780.0,378.0,4,0.0429392857142857,-0.00275,0.0429392857142857,-0.00275,0.0,0.0,0.0429392857142857,0.0025,0.05623853372233529,0.15763977000550702,-0.13339853374822067,0.0029950456025581774,0.00036262009652732457,-0.00706646036016896,-0.0008484230221951868,-0.0006750000000000005,-4.842302219518725e-05,-0.00012500000000000008,0.0,-2.5e-05,-0.004,0.0001813100482636623,0.02915841324919111,0.021635503205720833,0.0029950456025581774,0.01827727193371431,0.01827727193371431,0.023890766419957445,-0.006628481563395009,-0.0037862756269880227,0.0010767961696897211,0.02978363761238763,-0.0022,-0.0034082824944869266,-0.0006697636762900012,-0.0027385188181969253,0.31008461972626,0.27837420063359397,0.03171041909266602,0.8035085201263428,0.07887256145477295,7088,5534,0,0.23606970991407122,0.8717476617206227,34,8,12622,7088,5534,0.051589968277402046,cuda,58.4697265625
270,311,200,True,691,691,510,510,84,97,84,1.0,1.890014471780029,1.890014471780029,1.8058823529411765,55.76569855669056,46.913684088107566,102.67938264479812,0.02788284927834528,0.023456842044053784,0.051339691322399066,0.7735191637630662,222,118,104,65,0,113,88.70238095238095,61.96246642246646,7,58,7.0,5.0,104,0,44,53,0,3679.8537472206,367.98537472206,6259.977088200414,625.9977088200415,185.04454359638243,18.504454359638242,4631.602806897658,463.16028068976584,3035.0,303.5,6,0.044351190476190475,-0.0038499999999999997,0.044351190476190475,-0.0038499999999999997,0.0,0.0,0.044351190476190475,0.0035,0.04867402355022581,0.15898259647502738,-0.09763458899862909,0.0028824368113824625,0.0006757600142694004,-0.0053388192915678635,-0.0009948214709085755,-0.0007950000000000006,-3.232147090857582e-05,-0.00016750000000000011,0.0,0.0,-0.006,0.00033788000713470026,0.02788284927834527,0.023456842044053773,0.0028824368113824625,0.01771763230402382,0.01771763230402382,0.05093094052203235,-0.003653333377249876,-0.002474247904073006,0.0007149059221996423,0.03098123321123323,-0.00275,-0.0034082824944869266,-0.0006697636762900012,-0.0027385188181969253,0.31008461972626,0.27837420063359397,0.03171041909266602,0.8035085201263428,0.07887256145477295,7088,5534,0,0.23606970991407122,0.8717476617206227,34,8,12622,7088,5534,0.051589968277402046,cuda,58.4697265625
271,312,200,True,799,799,687,687,23,89,23,1.0,1.5794743429286608,1.5794743429286608,1.5531295487627366,48.817805881454106,50.89598963169907,99.71379551315317,0.02440890294072705,0.025447994815849532,0.04985689775657658,0.6643356643356644,190,93,97,96,0,89,81.91666666666667,63.20146520146522,7,89,7.0,5.0,96,0,45,44,0,2860.345535642145,286.0345535642145,4321.906495584994,432.19064955849944,193.38042372848167,19.338042372848168,3600.3436064571233,360.03436064571235,3880.0,388.0,7,0.04095833333333333,-0.0038499999999999997,0.04095833333333333,-0.0038499999999999997,0.0,0.0,0.04095833333333333,0.0035,0.038276521997057056,0.22918281654528147,-0.12245079237362626,0.0015511324637946856,0.000563100932059043,-0.00651683994959341,-0.0008468546582774023,-0.0006600000000000004,-6.18546582774024e-05,-0.00012500000000000008,0.0,0.0,-0.007,0.0002815504660295215,0.024408902940727048,0.025447994815849535,0.0015511324637946856,0.024983878839137764,0.024983878839137764,0.08482911845958184,-0.003931636682536251,-0.0008467532096024913,0.0010502836984317499,0.03160073260073261,-0.00275,-0.0034082824944869266,-0.0006697636762900012,-0.0027385188181969253,0.31008461972626,0.27837420063359397,0.03171041909266602,0.8035085201263428,0.07887256145477295,7088,5534,0,0.23606970991407122,0.8717476617206227,34,8,12622,7088,5534,0.051589968277402046,cuda,58.4697265625
272,313,200,True,1195,1195,865,865,64,266,64,1.0,1.5640167364016737,1.5640167364016737,1.5190751445086705,59.64656186685245,35.52841667343897,95.17497854029142,0.029823280933426226,0.017764208336719486,0.04758748927014571,0.8374558303886925,237,124,113,46,0,121,79.69523809523811,51.75523730082557,4,42,4.0,4.0,111,0,230,36,0,3583.524087886036,358.3524087886036,7302.230130545279,730.2230130545279,312.705056070792,31.2705056070792,4512.378926461024,451.2378926461024,5655.0,565.5,1,0.039847619047619055,-0.0022,0.039847619047619055,-0.0022,0.0,0.0,0.039847619047619055,0.002,0.05207891578362184,0.21017114787573912,-0.20640503712107056,0.0032131403184142405,0.0006425825404681395,-0.01000071840442577,-0.0007153460593185031,-0.0005400000000000003,-8.284605931850311e-05,-9.250000000000007e-05,0.0,0.0,-0.001,0.0003212912702340698,0.02982328093342623,0.017764208336719503,0.0032131403184142405,0.023228125611083374,0.023228125611083374,0.010909697013192172,-0.009443441902518968,-0.006973128226913231,0.0016348181848031727,0.02587761865041279,-0.0022,-0.0034082824944869266,-0.0006697636762900012,-0.0027385188181969253,0.31008461972626,0.27837420063359397,0.03171041909266602,0.8035085201263428,0.07887256145477295,7088,5534,0,0.23606970991407122,0.8717476617206227,34,8,12622,7088,5534,0.051589968277402046,cuda,58.4697265625
273,314,200,True,921,921,681,681,122,118,118,0.9672131147540983,1.8013029315960911,1.8013029315960911,1.738619676945668,67.07971349658922,43.92138876640065,111.00110226298987,0.033539856748294614,0.02196069438320033,0.055500551131494935,0.8057553956834532,224,135,89,54,0,135,94.95,60.29670509229335,5,49,5.0,3.698058953694063,85,0,47,71,0,3901.479476537283,390.1479476537283,7487.268726808121,748.7268726808121,259.99647566882936,25.999647566882935,4914.160132876196,491.41601328761965,4015.0,401.5,3,0.04747499999999999,-0.00275,0.04747499999999999,-0.00275,0.0,0.0,0.04747499999999999,0.0025,0.05811183859985022,0.17740836720369627,-0.1595033170040031,0.0030560574296741934,0.0004932748152181542,-0.0076358132433229815,-0.0013629268508632455,-0.0010650000000000004,-6.042685086324499e-05,-0.0002375000000000002,0.0,-0.0001,-0.003,0.00024663740760907704,0.03353985674829452,0.02196069438320034,0.0030560574296741934,0.020566496166513716,0.020566496166513716,0.02590548248220723,-0.008388317872630826,-0.004098905312277597,0.001329023554290936,0.030148352546146687,-0.002033932424531735,-0.0024649309066983012,-0.0016407798709613937,-0.0008241510357369076,0.33336457386129087,0.3035798362323216,0.029784737628969278,0.7963324189186096,0.09765970706939697,6868,5360,0,0.27382062247821265,0.9206177440556613,35,8,12228,6868,5360,0.05324511811413232,cuda,57.2021484375
274,315,200,True,1069,1069,843,843,45,181,44,0.9777777777777777,1.7380729653882132,1.7380729653882132,1.5705812574139977,84.43953120579589,50.29044051888402,134.7299717246799,0.042219765602897946,0.02514522025944201,0.06736498586233995,0.7816901408450704,222,147,75,62,0,143,110.89285714285712,70.7486892192775,5,57,5.0,4.376857896824218,72,0,138,43,0,4261.931093275497,426.1931093275497,8650.32834131266,865.0328341312659,322.7990839829013,32.27990839829013,5367.047521664441,536.7047521664441,5125.0,512.5,1,0.05544642857142856,-0.00275,0.05544642857142856,-0.00275,0.0,0.0,0.05544642857142856,0.0025,0.061131594975955196,0.19192890224323816,-0.11806778470910465,0.002161975516497995,0.0016162797783146536,-0.01052818844167455,-0.0008017528836036984,-0.0006450000000000005,-4.425288360369839e-05,-0.00011250000000000009,0.0,-2.5e-05,-0.001,0.0008081398891573264,0.042219765602897974,0.025145220259442005,0.002161975516497995,0.021482513630234904,0.021482513630234904,0.040792398741755984,-0.00802591055798043,-0.0034107274084661486,0.0011741671665924831,0.035374344609638744,-0.0024072718432533204,-0.0024649309066983012,-0.0016407798709613937,-0.0008241510357369076,0.33336457386129087,0.3035798362323216,0.029784737628969278,0.7963324189186096,0.09765970706939697,6868,5360,0,0.27382062247821265,0.9206177440556613,35,8,12228,6868,5360,0.05324511811413232,cuda,57.2021484375
275,316,200,True,1166,1166,751,751,110,305,109,0.990909090909091,1.695540308747856,1.695540308747856,1.7177097203728362,68.89094561332084,41.37993312746804,110.27087874078887,0.03444547280666042,0.020689966563734022,0.05513543937039444,0.8310344827586207,241,150,91,49,0,147,87.39285714285715,53.16848483216134,2,47,2.0,0.0,90,0,241,64,0,4235.726583778675,423.5726583778675,8773.817014274284,877.3817014274284,306.4529792766477,30.645297927664767,5335.076181802746,533.5076181802746,5285.0,528.5,0,0.04369642857142858,-0.0011,0.04369642857142858,-0.0011,0.0,0.0,0.04369642857142858,0.001,0.06322980374928212,0.1832687130391361,-0.1432887164510626,0.0034638058523437224,0.0007283393841795448,-0.009306490117547736,-0.001202816915825902,-0.0009600000000000008,-4.031691582590192e-05,-0.00020250000000000015,0.0,-2.5e-05,0.0,0.00036416969208977234,0.03444547280666031,0.020689966563734,0.0034638058523437224,0.021196642140381722,0.021196642140381722,0.01699164066316998,-0.006813471906786565,-0.005533346961697011,0.0013236182029649419,0.02658424241608067,0.0,-0.0024649309066983012,-0.0016407798709613937,-0.0008241510357369076,0.33336457386129087,0.3035798362323216,0.029784737628969278,0.7963324189186096,0.09765970706939697,6868,5360,0,0.27382062247821265,0.9206177440556613,35,8,12228,6868,5360,0.05324511811413232,cuda,57.2021484375
276,317,200,True,585,585,508,508,37,40,37,1.0,1.9692307692307693,1.9692307692307693,1.844488188976378,45.54032807003307,45.44379319792735,90.98412126796042,0.022770164035016534,0.022721896598963676,0.04549206063398021,0.7202797202797203,206,110,96,80,0,106,81.51666666666667,59.345669036845536,6,74,6.0,5.0,95,0,2,38,0,3559.463591769224,355.9463591769224,5286.246242066341,528.6246242066342,178.43017779817797,17.843017779817796,4479.896826092849,447.98968260928484,2740.0,274.0,9,0.040758333333333334,-0.0033,0.040758333333333334,-0.0033,0.0,0.0,0.040758333333333334,0.003,0.045889757681461085,0.1708630146113732,-0.0966080840492123,0.002291179250232398,0.0,-0.005184388802753151,-0.0007183079376277559,-0.0005700000000000004,-4.080793762775622e-05,-0.00010750000000000007,0.0,0.0,-0.009,0.0,0.02277016403501653,0.022721896598963703,0.002291179250232398,0.019158046304451736,0.019158046304451736,0.06790488864125124,-0.003310272372970549,-0.0028354815383739122,0.0007357947793771541,0.02967283451842277,-0.00275,-0.0024649309066983012,-0.0016407798709613937,-0.0008241510357369076,0.33336457386129087,0.3035798362323216,0.029784737628969278,0.7963324189186096,0.09765970706939697,6868,5360,0,0.27382062247821265,0.9206177440556613,35,8,12228,6868,5360,0.05324511811413232,cuda,57.2021484375
277,318,200,True,716,716,557,557,58,101,58,1.0,1.7639664804469273,1.7639664804469273,1.784560143626571,49.06204937102236,46.108264736414945,95.1703141074373,0.02453102468551118,0.023054132368207473,0.04758515705371865,0.7578947368421053,216,107,109,69,0,103,84.73571428571428,60.65381026381027,9,60,9.0,7.0,105,0,50,51,0,3400.8295017234113,340.08295017234116,5330.0867815786305,533.0086781578631,180.00401691196222,18.000401691196224,4279.873760093046,427.9873760093046,3290.0,329.0,7,0.04236785714285714,-0.0049499999999999995,0.04236785714285714,-0.0049499999999999995,0.0,0.0,0.04236785714285714,0.0045,0.0445934983223534,0.18974172823671417,-0.11184833077333495,0.0023711147362849294,0.00039594070397131056,-0.005480921556762703,-0.0010011740768973096,-0.0007650000000000006,-4.867407689731009e-05,-0.00018750000000000014,0.0,0.0,-0.007,0.00019797035198565528,0.02453102468551117,0.023054132368207483,0.0023711147362849294,0.02124578601018683,0.02124578601018683,0.05727054935714711,-0.0036318681297967644,-0.0017182969827978154,0.0009950171730963996,0.030326905131905137,-0.0038499999999999997,-0.0024649309066983012,-0.0016407798709613937,-0.0008241510357369076,0.33336457386129087,0.3035798362323216,0.029784737628969278,0.7963324189186096,0.09765970706939697,6868,5360,0,0.27382062247821265,0.9206177440556613,35,8,12228,6868,5360,0.05324511811413232,cuda,57.2021484375
278,319,200,True,753,753,672,672,9,72,9,1.0,1.6414342629482073,1.6414342629482073,1.6205357142857142,52.518259490535165,56.46297041443856,108.98122990497373,0.026259129745267583,0.02823148520721928,0.05449061495248687,0.6584507042253521,187,100,87,97,0,98,87.90238095238095,71.76335344394171,6,91,6.0,6.0,87,0,23,49,0,2991.284443560129,299.1284443560129,4244.652393740467,424.46523937404675,202.0566756465673,20.20566756465673,3765.9544490033836,376.59544490033835,3720.0,372.0,8,0.04395119047619048,-0.0033,0.04395119047619048,-0.0033,0.0,0.0,0.04395119047619048,0.003,0.04178022542892713,0.22329696767664026,-0.08144063862847756,0.0020759425208539423,0.00034850217749723435,-0.006785367635906533,-0.0008859419606163236,-0.0007350000000000005,-1.8441960616324027e-05,-0.00013250000000000008,0.0,0.0,-0.008,0.00017425108874861723,0.02625912974526759,0.028231485207219294,0.0020759425208539423,0.024552445290780767,0.024552445290780767,0.10440192930853393,-0.004122613324494105,-0.0005394961882694767,0.000705573338449268,0.03588167672197085,-0.0033,-0.0024649309066983012,-0.0016407798709613937,-0.0008241510357369076,0.33336457386129087,0.3035798362323216,0.029784737628969278,0.7963324189186096,0.09765970706939697,6868,5360,0,0.27382062247821265,0.9206177440556613,35,8,12228,6868,5360,0.05324511811413232,cuda,57.2021484375
279,320,200,True,809,809,679,679,26,104,25,0.9615384615384616,1.6946847960444993,1.6946847960444993,1.5964653902798234,54.10364263997858,47.66354128506562,101.76718392504421,0.027051821319989292,0.02383177064253281,0.0508835919625221,0.6512455516014235,183,111,72,98,0,109,86.58333333333331,61.70934065934067,7,91,7.0,4.78867793387059,71,0,61,43,0,3257.1873173990275,325.71873173990275,5385.789483327504,538.5789483327504,220.96712614384722,22.09671261438472,4103.456270837103,410.3456270837103,3920.0,392.0,6,0.043291666666666666,-0.0038500000000000006,0.043291666666666666,-0.0038500000000000006,0.0,0.0,0.043291666666666666,0.0035,0.046837402586211205,0.2062055402309682,-0.09275578895264082,0.001954156789985589,0.0006217118660124522,-0.00706216811522889,-0.0008093231572771163,-0.0006450000000000005,-4.93231572771164e-05,-0.00011500000000000008,0.0,-2.5e-05,-0.006,0.00031085593300622617,0.02705182131998928,0.023831770642532793,0.001954156789985589,0.02264256438582678,0.02264256438582678,0.07245017258938477,-0.004150457863859595,-0.002719705024717114,0.000847483425525764,0.030854670329670337,-0.0026337728636288246,-0.0024649309066983012,-0.0016407798709613937,-0.0008241510357369076,0.33336457386129087,0.3035798362323216,0.029784737628969278,0.7963324189186096,0.09765970706939697,6868,5360,0,0.27382062247821265,0.9206177440556613,35,8,12228,6868,5360,0.05324511811413232,cuda,57.2021484375
280,321,200,True,849,849,669,669,83,97,82,0.9879518072289156,1.6808009422850412,1.6808009422850412,1.6038863976083706,53.86658725203129,45.150500640211476,99.01708789224276,0.026933293626015643,0.02257525032010574,0.04950854394612138,0.7922535211267606,225,110,115,59,0,107,85.53571428571428,56.90453546453548,6,53,6.0,5.0,113,0,1,96,0,3433.8000052723473,343.38000052723476,5786.324641708407,578.6324641708408,212.7997431464191,21.279974314641912,4320.975051114739,432.0975051114739,3835.0,383.5,6,0.04276785714285714,-0.0033,0.04276785714285714,-0.0033,0.0,0.0,0.04276785714285714,0.003,0.04620816228029309,0.22003464308018064,-0.11660458870258507,0.002633078150236679,0.000724908692795174,-0.006871304685027819,-0.0018357119379230314,-0.001439999999999998,-4.821193792303062e-05,-0.00034750000000000026,0.0,-2.5e-05,-0.006,0.00036245434639758706,0.02693329362601563,0.022575250320105725,0.002633078150236679,0.024053571776583127,0.024053571776583127,0.07052216077781617,-0.005183501267284212,-0.0014376458908880415,0.0009184797645847583,0.028452267732267743,-0.00275,-0.0024649309066983012,-0.0016407798709613937,-0.0008241510357369076,0.33336457386129087,0.3035798362323216,0.029784737628969278,0.7963324189186096,0.09765970706939697,6868,5360,0,0.27382062247821265,0.9206177440556613,35,8,12228,6868,5360,0.05324511811413232,cuda,57.2021484375
281,322,200,True,819,819,617,617,31,171,31,1.0,1.7643467643467643,1.7643467643467643,1.7876823338735819,62.90994730801709,52.12024763892882,115.0301949469459,0.031454973654008546,0.026060123819464407,0.05751509747347295,0.8085106382978723,228,121,107,54,0,119,96.19999999999999,70.32097624597625,6,48,6.0,6.0,105,0,137,34,0,3643.1229218331464,364.31229218331464,6054.842539984732,605.4842539984732,211.4705452889608,21.14705452889608,4586.903843332446,458.6903843332446,3940.0,394.0,6,0.048100000000000004,-0.003300000000000001,0.048100000000000004,-0.003300000000000001,0.0,0.0,0.048100000000000004,0.003,0.0514039859494067,0.19006028475704603,-0.11083624832025746,0.0023703221018697815,0.0007651912520424442,-0.006539879744230079,-0.000628100513023724,-0.0005100000000000004,-2.5600513023723884e-05,-9.250000000000007e-05,0.0,0.0,-0.006,0.0003825956260212223,0.03145497365400849,0.026060123819464417,0.0023703221018697815,0.021572960096414753,0.021572960096414753,0.06255118545926179,-0.006367517833557423,-0.002376853711603734,0.0007899906529602442,0.03516048812298813,-0.003300000000000001,-0.010473632947763517,-0.0001774760229246957,-0.01029615692483882,0.3530963741464629,0.32051557047026497,0.03258080367619793,0.7993208169937134,0.09261518716812134,7009,5685,0,0.25352719383580347,0.9592004974683126,36,8,12694,7009,5685,0.052389914508034874,cuda,60.66064453125
282,323,200,True,744,744,652,652,23,69,23,1.0,1.5940860215053763,1.5940860215053763,1.5904907975460123,41.09251597237518,48.09122250187595,89.18373847425113,0.02054625798618759,0.024045611250937973,0.04459186923712556,0.5539568345323741,154,86,68,124,0,84,77.83333333333334,62.03632478632478,8,116,8.0,8.0,68,0,0,69,0,2822.5408270929584,282.25408270929586,3803.8600792153875,380.38600792153875,174.45024379171804,17.445024379171805,3552.9623057178987,355.29623057178986,3605.0,360.5,9,0.03891666666666667,-0.0044,0.03891666666666667,-0.0044,0.0,0.0,0.03891666666666667,0.004,0.03644148683674361,0.2375652521410667,-0.11456316195025351,0.0027305879239147876,0.0004907840002444782,-0.005835662930081835,-0.001302506795466983,-0.0010350000000000005,-4.5006795466983044e-05,-0.00022250000000000018,0.0,0.0,-0.009,0.0002453920001222391,0.02054625798618758,0.024045611250937966,0.0027305879239147876,0.02585058706503383,0.02585058706503383,0.10843609763871433,-0.006028387306985446,-0.00038916692761662526,0.000740170059127103,0.031018162393162393,-0.0044,-0.010473632947763517,-0.0001774760229246957,-0.01029615692483882,0.3530963741464629,0.32051557047026497,0.03258080367619793,0.7993208169937134,0.09261518716812134,7009,5685,0,0.25352719383580347,0.9592004974683126,36,8,12694,7009,5685,0.052389914508034874,cuda,60.66064453125
283,324,200,True,925,925,740,740,59,126,57,0.9661016949152542,1.6778378378378378,1.6778378378378378,1.6554054054054055,57.91942594455964,48.35391583094706,106.27334177550671,0.02895971297227982,0.02417695791547353,0.053136670887753354,0.7340425531914894,207,123,84,75,0,120,99.6190476190476,74.45850767589897,16,59,16.0,15.0,84,0,51,75,0,3626.475786204625,362.64757862046247,6424.689760989097,642.4689760989097,256.37582396280726,25.637582396280727,4566.131680168681,456.6131680168681,4340.0,434.0,5,0.0498095238095238,-0.0088,0.0498095238095238,-0.0088,0.0,0.0,0.0498095238095238,0.008,0.051630550511443454,0.2153366263927408,-0.12800964608582513,0.0022599380860938087,0.00047409093253502737,-0.00814732525075119,-0.0014157230774750058,-0.001125,-5.572307747500564e-05,-0.00023500000000000018,0.0,-5e-05,-0.005,0.0002370454662675137,0.02895971297227983,0.024176957915473512,0.0022599380860938087,0.02412914603299322,0.02412914603299322,0.05712598722175518,-0.005380693201553535,-0.0030909955187366474,0.0011909653694413124,0.03722925383794949,-0.00825,-0.010473632947763517,-0.0001774760229246957,-0.01029615692483882,0.3530963741464629,0.32051557047026497,0.03258080367619793,0.7993208169937134,0.09261518716812134,7009,5685,0,0.25352719383580347,0.9592004974683126,36,8,12694,7009,5685,0.052389914508034874,cuda,60.66064453125
284,325,200,True,761,761,680,680,4,77,4,1.0,1.5243101182654402,1.5243101182654402,1.5323529411764707,34.73992749361325,45.68603173867147,80.42595923228473,0.017369963746806626,0.022843015869335733,0.04021297961614236,0.3867595818815331,111,78,33,176,0,78,74.5102564102564,59.24060150375941,10,166,10.0,10.0,33,0,0,77,0,2576.303629486796,257.6303629486796,3048.1777909973425,304.81777909973425,163.15310224288203,16.315310224288204,3241.9580171304574,324.19580171304574,3785.0,378.5,10,0.037255128205128205,-0.0055,0.037255128205128205,-0.0055,0.0,0.0,0.037255128205128205,0.005,0.0341153495856947,0.24739889458395756,-0.10460674906856887,0.0031379184875168858,0.00012979090116546987,-0.005589960851028234,-0.0014418410900622273,-0.0011549999999999998,-6.934109006222688e-05,-0.00021750000000000016,0.0,0.0,-0.01,6.489545058273494e-05,0.017369963746806653,0.022843015869335733,0.0031379184875168858,0.02680704841804905,0.02680704841804905,0.1403376320390649,-0.004636336777329572,-0.0007075080555043046,0.0009466697506688925,0.0296203007518797,-0.0055,-0.010473632947763517,-0.0001774760229246957,-0.01029615692483882,0.3530963741464629,0.32051557047026497,0.03258080367619793,0.7993208169937134,0.09261518716812134,7009,5685,0,0.25352719383580347,0.9592004974683126,36,8,12694,7009,5685,0.052389914508034874,cuda,60.66064453125
285,326,200,True,744,744,642,642,15,87,15,1.0,1.6209677419354838,1.6209677419354838,1.6137071651090342,42.73744659248271,52.43067803876716,95.16812463124987,0.021368723296241357,0.026215339019383582,0.04758406231562493,0.6219081272084805,176,86,90,107,0,83,74.66666666666667,62.718803418803425,3,104,3.0,3.0,90,0,24,63,0,3008.837339390649,300.8837339390649,4133.427269450869,413.3427269450869,175.57723137925103,17.5577231379251,3784.3734144120476,378.43734144120475,3645.0,364.5,9,0.037333333333333336,-0.0016500000000000002,0.037333333333333336,-0.0016500000000000002,0.0,0.0,0.037333333333333336,0.0015,0.03611674562233692,0.22987453511732625,-0.09508201658931932,0.0018984085342306262,0.00025304383759918147,-0.0058456727233218665,-0.001152882951623102,-0.0009450000000000007,-2.788295162310204e-05,-0.00018000000000000012,0.0,0.0,-0.009,0.00012652191879959076,0.02136872329624136,0.02621533901938358,0.0018984085342306262,0.024958761702132126,0.024958761702132126,0.11787910159670349,-0.004661290116468137,-0.000617056447243555,0.0006305565054985997,0.03135940170940171,-0.0016500000000000002,-0.010473632947763517,-0.0001774760229246957,-0.01029615692483882,0.3530963741464629,0.32051557047026497,0.03258080367619793,0.7993208169937134,0.09261518716812134,7009,5685,0,0.25352719383580347,0.9592004974683126,36,8,12694,7009,5685,0.052389914508034874,cuda,60.66064453125
286,327,200,True,1145,1145,876,876,104,165,103,0.9903846153846154,1.7301310043668123,1.7301310043668123,1.5924657534246576,63.727429376120355,25.768301699352193,89.49573107547255,0.03186371468806018,0.012884150849676097,0.04474786553773628,0.8265682656826568,224,148,76,47,0,145,86.41666666666667,49.25934402485491,7,40,7.0,7.0,73,0,90,75,0,4267.199616036132,426.7199616036132,9079.735328764253,907.9735328764252,378.88068011062745,37.88806801106274,5373.124661386796,537.3124661386796,5210.0,521.0,0,0.04320833333333334,-0.0038499999999999997,0.04320833333333334,-0.0038499999999999997,0.0,0.0,0.04320833333333334,0.0035,0.06211517345233693,0.16404925864632142,-0.1517768120015907,0.0033323827499981595,0.0008885940704739283,-0.011921561934168686,-0.0014456862330112044,-0.001125,-8.318623301120373e-05,-0.0002375000000000002,0.0,-2.5e-05,0.0,0.0004442970352369642,0.031863714688060145,0.012884150849676096,0.0033323827499981595,0.01897677871864494,0.01897677871864494,0.014580145286163868,-0.0118617645986619,-0.009328247574390424,0.0012094411637939033,0.024629672012427457,-0.0038499999999999997,-0.010473632947763517,-0.0001774760229246957,-0.01029615692483882,0.3530963741464629,0.32051557047026497,0.03258080367619793,0.7993208169937134,0.09261518716812134,7009,5685,0,0.25352719383580347,0.9592004974683126,36,8,12694,7009,5685,0.052389914508034874,cuda,60.66064453125
287,328,200,True,965,965,717,717,46,202,46,1.0,1.793782383419689,1.793782383419689,1.7782426778242677,82.75424106772486,58.41268576082609,141.16692682855097,0.04137712053386243,0.029206342880413048,0.07058346341427549,0.7978339350180506,221,151,70,56,0,145,111.14285714285712,80.64407993966822,5,51,5.0,5.0,67,0,158,44,0,4273.358001104253,427.33580011042534,8263.491524744599,826.3491524744599,265.87687154858025,26.587687154858024,5380.18178537271,538.018178537271,4595.0,459.5,2,0.05557142857142857,-0.00275,0.05557142857142857,-0.00275,0.0,0.0,0.05557142857142857,0.0025,0.06195440684814236,0.16382053051539675,-0.11729234626970829,0.002755578740068554,0.0013064737537128563,-0.008375244751291535,-0.0008487895721935258,-0.0006600000000000004,-5.378957219352603e-05,-0.00013500000000000008,0.0,0.0,-0.002,0.0006532368768564278,0.04137712053386235,0.029206342880412996,0.002755578740068554,0.018994888865074486,0.018994888865074486,0.02704320311376686,-0.006462470840252618,-0.0028035004014490246,0.0011824935715092715,0.040322039969834106,-0.00275,-0.010473632947763517,-0.0001774760229246957,-0.01029615692483882,0.3530963741464629,0.32051557047026497,0.03258080367619793,0.7993208169937134,0.09261518716812134,7009,5685,0,0.25352719383580347,0.9592004974683126,36,8,12694,7009,5685,0.052389914508034874,cuda,60.66064453125
288,329,200,True,906,906,761,761,24,121,24,1.0,1.65121412803532,1.65121412803532,1.5939553219448095,65.50577016593381,55.98884499836233,121.49461516429614,0.03275288508296691,0.027994422499181167,0.060747307582148066,0.8,220,120,100,55,0,116,96.08333333333333,68.2932844932845,3,52,3.0,2.0,98,0,82,39,0,3544.7100545002136,354.4710054500214,5931.744017207691,593.1744017207691,242.1235950194859,24.21235950194859,4463.209964518042,446.32099645180426,4410.0,441.0,6,0.04804166666666666,-0.00165,0.04804166666666666,-0.00165,0.0,0.0,0.04804166666666666,0.0015,0.04991391170489787,0.23619752058465082,-0.13903182995156155,0.0026292678143723736,0.0007028451348046164,-0.007883918945716651,-0.0007246963888761209,-0.0005850000000000005,-3.969638887612104e-05,-0.00010000000000000007,0.0,0.0,-0.006,0.00035142256740230824,0.03275288508296693,0.027994422499181167,0.0026292678143723736,0.02587256310134722,0.02587256310134722,0.045086502725983545,-0.005808416074906559,-0.001971732638298405,0.0011653423000324425,0.03414664224664225,-0.0011,-0.010473632947763517,-0.0001774760229246957,-0.01029615692483882,0.3530963741464629,0.32051557047026497,0.03258080367619793,0.7993208169937134,0.09261518716812134,7009,5685,0,0.25352719383580347,0.9592004974683126,36,8,12694,7009,5685,0.052389914508034874,cuda,60.66064453125
289,330,200,True,803,803,634,634,79,90,78,0.9873417721518988,1.8293897882938979,1.8293897882938979,1.7302839116719242,52.741567711269816,38.75907086792319,91.50063857919301,0.02637078385563491,0.019379535433961596,0.045750319289596504,0.7578947368421053,216,132,84,69,0,127,77.9654761904762,51.30007610746743,2,67,2.0,2.0,82,0,34,56,0,3836.1923919385913,383.61923919385913,6920.251560735191,692.025156073519,253.31530467766177,25.33153046776618,4831.171119687918,483.1171119687918,3625.0,362.5,5,0.0389827380952381,-0.0011,0.0389827380952381,-0.0011,0.0,0.0,0.0389827380952381,0.001,0.05452602708437472,0.1594410716013397,-0.12346102111244761,0.003012724104919256,0.00013710040887481335,-0.007371546585608778,-0.0010685072849531715,-0.0008400000000000007,-6.850728495317224e-05,-0.00016000000000000012,0.0,-2.5e-05,-0.005,6.855020443740667e-05,0.026370783855634922,0.019379535433961616,0.003012724104919256,0.018361082084231033,0.018361082084231033,0.034810925065618836,-0.005485511756680387,-0.004648720272215788,0.0011487231599883383,0.025650038053733715,-0.0011,-0.007089800608810037,-0.0028404177515767514,-0.0042493828572332856,0.23016599208737412,0.20155456773936747,0.028611424348006644,0.8694769144058228,0.09042936563491821,7280,5848,0,0.29895705357193947,0.870026030143102,37,8,13128,7280,5848,0.052490043090205565,cuda,60.7421875
290,331,200,True,860,860,744,744,16,100,16,1.0,1.5848837209302327,1.5848837209302327,1.5349462365591398,53.26708957670482,53.59518091078534,106.86227048749015,0.02663354478835241,0.026797590455392668,0.05343113524374508,0.6859205776173285,190,102,88,87,0,99,85.67619047619048,64.91042304101128,3,84,3.0,2.0,86,0,40,60,0,3135.9810346621316,313.59810346621316,4529.686522239161,452.9686522239161,225.85168308364268,22.585168308364267,3949.6765500931424,394.9676550093142,4220.0,422.0,8,0.04283809523809524,-0.0016500000000000002,0.04283809523809524,-0.0016500000000000002,0.0,0.0,0.04283809523809524,0.0015,0.04249278476286683,0.23659265234375088,-0.11362669320186333,0.0027420796332825164,0.00027646654356849854,-0.007488074107447111,-0.0011393276530160463,-0.0009000000000000007,-7.682765301604695e-05,-0.00016250000000000013,0.0,0.0,-0.008,0.0001382332717842493,0.026633544788352424,0.026797590455392692,0.0027420796332825164,0.026002632839469998,0.026002632839469998,0.06122635267460675,-0.006449101181356332,-0.00168280992389529,0.0008635042834759912,0.03245521152050564,-0.0011,-0.007089800608810037,-0.0028404177515767514,-0.0042493828572332856,0.23016599208737412,0.20155456773936747,0.028611424348006644,0.8694769144058228,0.09042936563491821,7280,5848,0,0.29895705357193947,0.870026030143102,37,8,13128,7280,5848,0.052490043090205565,cuda,60.7421875
291,332,200,True,752,752,643,643,22,87,22,1.0,1.6821808510638299,1.6821808510638299,1.6220839813374806,48.21599072552123,53.52970155894603,101.74569228446725,0.024107995362760617,0.026764850779473014,0.05087284614223363,0.6785714285714286,190,98,92,90,0,95,84.75,67.60695970695971,8,82,8.0,6.0,92,0,26,61,0,3184.983598194749,318.4983598194749,4784.807058967783,478.48070589677826,189.3335267516171,18.933352675161707,4009.3340310888675,400.93340310888675,3650.0,365.0,8,0.042375,-0.004399999999999999,0.042375,-0.004399999999999999,0.0,0.0,0.042375,0.004,0.0411655724038648,0.22839579029033913,-0.08930824562775073,0.002300554945911411,0.0004061494487837218,-0.006058356006730423,-0.0011259789039497177,-0.0009150000000000007,-5.097890394971835e-05,-0.00016000000000000012,0.0,0.0,-0.008,0.00020307472439186087,0.024107995362760624,0.026764850779473052,0.002300554945911411,0.02462338417064604,0.02462338417064604,0.11247848357545394,-0.00455066908882467,-0.0007659504635499066,0.0007505820957934893,0.033803479853479854,-0.0033,-0.007089800608810037,-0.0028404177515767514,-0.0042493828572332856,0.23016599208737412,0.20155456773936747,0.028611424348006644,0.8694769144058228,0.09042936563491821,7280,5848,0,0.29895705357193947,0.870026030143102,37,8,13128,7280,5848,0.052490043090205565,cuda,60.7421875
292,333,200,True,752,752,662,662,19,71,19,1.0,1.6050531914893618,1.6050531914893618,1.5770392749244713,37.00078847958092,45.64385616336584,82.64464464294676,0.018500394239790458,0.02282192808168292,0.04132232232147338,0.6606498194945848,183,88,95,94,0,84,73.2,59.637211807800064,8,86,8.0,7.0,95,0,13,58,0,2948.926741718632,294.8926741718632,4088.9719323015906,408.8971932301591,205.06834655314321,20.50683465531432,3710.1676933500767,371.01676933500767,3665.0,366.5,9,0.03660000000000001,-0.004399999999999999,0.03660000000000001,-0.004399999999999999,0.0,0.0,0.03660000000000001,0.004,0.03643741458113987,0.23031665729744694,-0.08415531796503925,0.0016117928058828205,0.0,-0.006968602326668262,-0.0010889746098580128,-0.0008700000000000007,-5.1474609858013416e-05,-0.00016750000000000011,0.0,0.0,-0.009,0.0,0.018500394239790455,0.02282192808168293,0.0016117928058828205,0.024849503518486596,0.024849503518486596,0.10036340904256298,-0.004613358162661754,-0.0014974412200077078,0.0007909458088102975,0.029818605903900033,-0.0038499999999999997,-0.007089800608810037,-0.0028404177515767514,-0.0042493828572332856,0.23016599208737412,0.20155456773936747,0.028611424348006644,0.8694769144058228,0.09042936563491821,7280,5848,0,0.29895705357193947,0.870026030143102,37,8,13128,7280,5848,0.052490043090205565,cuda,60.7421875
293,334,200,True,1152,1152,781,781,91,280,91,1.0,1.6319444444444444,1.6319444444444444,1.5966709346991037,74.68905564078788,48.81858115761192,123.5076367983998,0.03734452782039394,0.02440929057880596,0.0617538183991999,0.8351648351648352,228,132,96,45,0,129,96.38809523809522,66.47869227178053,2,43,2.0,2.0,96,0,207,73,0,3872.2230178692757,387.2223017869276,7914.239020956715,791.4239020956715,289.86416213915754,28.986416213915753,4877.357788983012,487.7357788983012,5305.0,530.5,1,0.04819404761904761,-0.0011,0.04819404761904761,-0.0011,0.0,0.0,0.04819404761904761,0.001,0.055350905911338406,0.1984723012443369,-0.17661288215594964,0.002840281414538704,0.0010013897479829053,-0.009022186253370463,-0.0014328564214118786,-0.0010950000000000003,-8.285642141187845e-05,-0.0002550000000000002,0.0,0.0,-0.001,0.0005006948739914528,0.03734452782039387,0.02440929057880595,0.002840281414538704,0.022325151762700026,0.022325151762700026,0.022883954623281483,-0.009377716877204614,-0.0055464061391105775,0.001275830677233917,0.03323934613589027,-0.0011,-0.007089800608810037,-0.0028404177515767514,-0.0042493828572332856,0.23016599208737412,0.20155456773936747,0.028611424348006644,0.8694769144058228,0.09042936563491821,7280,5848,0,0.29895705357193947,0.870026030143102,37,8,13128,7280,5848,0.052490043090205565,cuda,60.7421875
294,335,200,True,1007,1007,772,772,85,150,84,0.9882352941176471,1.7567030784508442,1.7567030784508442,1.6191709844559585,68.89083890570144,36.789459153879385,105.68029805958082,0.03444541945285072,0.018394729576939692,0.05284014902979041,0.8142857142857143,228,137,91,52,0,135,93.67142857142855,54.93855244605246,4,48,4.0,4.0,89,0,85,65,0,4028.8675175942744,402.88675175942745,8094.977187087183,809.4977187087183,321.9467825365245,32.19467825365245,5076.804384127147,507.68043841271475,4615.0,461.5,2,0.04683571428571427,-0.0022,0.04683571428571427,-0.0022,0.0,0.0,0.04683571428571427,0.002,0.05790684671594037,0.1765579547330728,-0.15420113959590667,0.002808790186647622,0.0007675296203040676,-0.009675494975222554,-0.0012980711283140781,-0.0009750000000000007,-9.057112831407816e-05,-0.00023250000000000018,0.0,-2.5e-05,-0.002,0.00038376481015203376,0.03444541945285065,0.01839472957693976,0.002808790186647622,0.020262708675780314,0.020262708675780314,0.025480934746910263,-0.009792884011048327,-0.005832030237476979,0.001163487198950508,0.027469276223026227,-0.0022,-0.007089800608810037,-0.0028404177515767514,-0.0042493828572332856,0.23016599208737412,0.20155456773936747,0.028611424348006644,0.8694769144058228,0.09042936563491821,7280,5848,0,0.29895705357193947,0.870026030143102,37,8,13128,7280,5848,0.052490043090205565,cuda,60.7421875
295,336,200,True,871,871,770,770,27,74,27,1.0,1.5361653272101032,1.5361653272101032,1.5207792207792208,46.413701994725876,48.204795610465986,94.61849760519186,0.02320685099736294,0.024102397805232992,0.04730924880259593,0.6524822695035462,184,95,89,98,0,92,77.97857142857144,56.730335940335955,4,94,4.0,3.0,88,0,24,50,0,2976.7779331426514,297.67779331426516,4389.50335460183,438.95033546018306,212.2689184160645,21.226891841606452,3745.493469695366,374.5493469695366,4220.0,422.0,8,0.03898928571428572,-0.0022,0.03898928571428572,-0.0022,0.0,0.0,0.03898928571428572,0.002,0.03966088831700919,0.269336168918208,-0.14386231657684445,0.0018661610938177796,0.0002888184378235954,-0.0072435812165382515,-0.0009060813537718731,-0.0007500000000000006,-1.858135377187342e-05,-0.0001375000000000001,0.0,0.0,-0.008,0.0001444092189117977,0.023206850997362936,0.02410239780523301,0.0018661610938177796,0.029494029818172007,0.029494029818172007,0.0908713015166269,-0.006606288645102811,-0.001246233739920613,0.0010611473888847273,0.028365167970167974,-0.0016500000000000002,-0.007089800608810037,-0.0028404177515767514,-0.0042493828572332856,0.23016599208737412,0.20155456773936747,0.028611424348006644,0.8694769144058228,0.09042936563491821,7280,5848,0,0.29895705357193947,0.870026030143102,37,8,13128,7280,5848,0.052490043090205565,cuda,60.7421875
296,337,200,True,1083,1083,842,842,107,134,105,0.9813084112149533,1.7848568790397046,1.7848568790397046,1.6377672209026128,81.28458683321318,51.9964241528062,133.2810109860194,0.04064229341660659,0.0259982120764031,0.06664050549300969,0.7937062937062938,227,150,77,59,0,146,106.7285714285714,73.60735222081131,4,55,4.0,2.0,75,0,73,61,0,4476.456329554941,447.6456329554941,9230.635052283842,923.0635052283842,349.5128337977608,34.95128337977608,5639.450681325513,563.9450681325513,4890.0,489.0,1,0.053364285714285704,-0.0022,0.053364285714285704,-0.0022,0.0,0.0,0.053364285714285704,0.002,0.06304938711849686,0.17015060355015071,-0.13159039370406556,0.0037751650987909065,0.000988001043603959,-0.010638334826506727,-0.0011998787836900678,-0.0009150000000000007,-6.4878783690068e-05,-0.00022000000000000014,0.0,-5e-05,-0.001,0.0004940005218019796,0.04064229341660662,0.025998212076403075,0.0037751650987909065,0.019573450448119787,0.019573450448119787,0.019901491700782096,-0.008142752289014819,-0.007685708456993585,0.0014842004005704802,0.036803676110405664,-0.0011,-0.007089800608810037,-0.0028404177515767514,-0.0042493828572332856,0.23016599208737412,0.20155456773936747,0.028611424348006644,0.8694769144058228,0.09042936563491821,7280,5848,0,0.29895705357193947,0.870026030143102,37,8,13128,7280,5848,0.052490043090205565,cuda,60.7421875
297,338,200,True,900,900,774,774,39,87,39,1.0,1.7066666666666668,1.7066666666666668,1.603359173126615,62.498595188394575,52.8827286310624,115.38132381945698,0.031249297594197287,0.0264413643155312,0.05769066190972849,0.725,203,123,80,77,0,122,98.24999999999999,71.8567612942613,10,67,10.0,7.612139083737431,79,0,37,50,0,3481.059001318387,348.10590013183867,6145.643033663627,614.5643033663627,252.56828425406215,25.256828425406216,4384.938510627321,438.4938510627321,4305.0,430.5,5,0.049124999999999995,-0.0055,0.049124999999999995,-0.0055,0.0,0.0,0.049124999999999995,0.005,0.05210157642128204,0.21682781532162748,-0.12082551280544976,0.0025964386328127267,0.0006513475161908078,-0.00798285490252226,-0.0009376359146731643,-0.0007500000000000006,-5.5135914673164907e-05,-0.00013250000000000008,0.0,0.0,-0.005,0.00032567375809540385,0.031249297594197242,0.02644136431553121,0.0025964386328127267,0.024058573130930908,0.024058573130930908,0.05948838094048556,-0.006167954763057359,-0.001963857289264344,0.001055755095182643,0.03592838064713065,-0.004186676496055588,-0.005007779939721029,-0.0021767739206552507,-0.0028310060190657777,0.3094150442009171,0.2823615789413452,0.02705346525957187,0.7918599843978882,0.09760689735412598,3867,2947,0,0.28643817603588106,0.8006299734115601,38,4,6814,3867,2947,0.06122951305283835,cuda,40.5361328125
298,339,200,True,975,975,685,685,129,161,127,0.9844961240310077,1.7743589743589743,1.7743589743589743,1.7503649635036496,69.07750806409625,52.06917424937031,121.14668231346656,0.034538754032048126,0.026034587124685156,0.060573341156733275,0.852112676056338,242,134,108,42,0,134,95.19285714285714,67.61946376064027,3,39,3.0,3.0,107,0,64,97,0,3972.3515011217864,397.23515011217864,7652.05760199435,765.205760199435,243.16709465569883,24.316709465569883,5002.050023155465,500.2050023155465,4240.0,424.0,3,0.04759642857142857,-0.0016500000000000002,0.04759642857142857,-0.0016500000000000002,0.0,0.0,0.04759642857142857,0.0015,0.057936657541081696,0.18545926291500653,-0.11610242282554044,0.0027508657809870787,0.0007563619224341409,-0.007122070741302392,-0.0018398798102935902,-0.0014549999999999977,-3.487981029358938e-05,-0.00035000000000000027,0.0,-5e-05,-0.003,0.00037818096121707044,0.03453875403204809,0.026034587124685135,0.0027508657809870787,0.021293193620584953,0.021293193620584953,0.034429642797339385,-0.006179937149975928,-0.0030828986525134132,0.0010570308787347076,0.033809731880320146,-0.0016500000000000002,-0.005007779939721029,-0.0021767739206552507,-0.0028310060190657777,0.3094150442009171,0.2823615789413452,0.02705346525957187,0.7918599843978882,0.09760689735412598,3867,2947,0,0.28643817603588106,0.8006299734115601,38,4,6814,3867,2947,0.06122951305283835,cuda,40.5361328125
299,340,200,True,1091,1091,772,772,101,218,101,1.0,1.7121906507791018,1.7121906507791018,1.6541450777202074,71.50924153016956,37.60595389608639,109.11519542625595,0.03575462076508478,0.018802976948043195,0.05455759771312797,0.7597173144876325,215,142,73,68,0,141,94.70952380952377,53.55236136412612,4,64,4.0,3.189210250050766,72,0,141,77,0,4022.370962253366,402.2370962253366,8309.940852331607,830.9940852331607,312.0658987824149,31.206589878241488,5068.155121350381,506.8155121350381,4950.0,495.0,1,0.04735476190476189,-0.0022,0.04735476190476189,-0.0022,0.0,0.0,0.04735476190476189,0.002,0.060531308045682686,0.17196924839545924,-0.14685567786667278,0.0033351088359588167,0.0009654390582831218,-0.009540346537703484,-0.0014795145159745052,-0.0011549999999999998,-8.20145159745044e-05,-0.00024250000000000018,0.0,0.0,-0.001,0.000482719529141561,0.03575462076508475,0.018802976948043247,0.0033351088359588167,0.020081811982098016,0.020081811982098016,0.02730835009836162,-0.009572393370091876,-0.004158618251693979,0.0012199730766428599,0.02677618068206307,-0.0017540656375279215,-0.005007779939721029,-0.0021767739206552507,-0.0028310060190657777,0.3094150442009171,0.2823615789413452,0.02705346525957187,0.7918599843978882,0.09760689735412598,3867,2947,0,0.28643817603588106,0.8006299734115601,38,4,6814,3867,2947,0.06122951305283835,cuda,40.5361328125
300,341,200,True,901,901,716,716,94,91,94,1.0,1.8901220865704773,1.8901220865704773,1.7946927374301676,85.87771368772529,58.31518917580202,144.1929028635273,0.042938856843862644,0.029157594587901008,0.07209645143176366,0.7684210526315789,219,156,63,66,0,152,118.7333333333333,79.83382532500181,4,62,4.0,3.687386279456938,62,0,7,84,0,4439.927301429551,443.9927301429551,8442.962001365102,844.2962001365102,285.6296812609368,28.562968126093683,5591.221569592253,559.1221569592253,4035.0,403.5,4,0.05936666666666665,-0.0022,0.05936666666666665,-0.0022,0.0,0.0,0.05936666666666665,0.002,0.06547472001149499,0.17080934116232974,-0.1362241837446987,0.004022546931047021,0.001039743904474801,-0.008486769071164588,-0.0016182608569215108,-0.0012599999999999992,-7.826085692151007e-05,-0.0002800000000000002,0.0,0.0,-0.004,0.0005198719522374005,0.04293885684386262,0.02915759458790097,0.004022546931047021,0.02044255265010389,0.02044255265010389,0.021552321105222337,-0.008550098208653854,-0.004464404576127249,0.0010465186483811502,0.039916912662500914,-0.002028062453701316,-0.005007779939721029,-0.0021767739206552507,-0.0028310060190657777,0.3094150442009171,0.2823615789413452,0.02705346525957187,0.7918599843978882,0.09760689735412598,3867,2947,0,0.28643817603588106,0.8006299734115601,38,4,6814,3867,2947,0.06122951305283835,cuda,40.5361328125
