episode,scenario_seed,steps,option_count,serve_option_count,recharge_option_count,wait_option_count,recharge_match_count,recharge_match_rate,avg_option_duration,episode_reward,avg_reward,charge_success_rate,charge_success_count,charge_failure_count,total_mcs_profit,avg_mcs_profit,total_mcs_cost,avg_mcs_cost,total_mcs_energy_consumed_kwh,avg_mcs_energy_consumed_kwh,total_mcs_charged_kwh,avg_mcs_charged_kwh,total_mcs_idle_time_min,avg_mcs_idle_time_min,broken_mcs_count,avg_reward_service,avg_reward_serve_attraction,avg_reward_serve_competition,avg_reward_serve_potential_improvement,avg_reward_recharge,avg_reward_movement,avg_reward_wait,avg_reward_recharge_match_failure,avg_reward_broken,avg_reward_battery_potential,actor_loss,high_actor_loss,low_actor_loss,critic_loss,high_entropy,low_entropy,update_index,episodes_in_update,update_sample_count,update_avg_reward,training_device,peak_cuda_memory_mb
1,42,200,1178,364,272,542,272,1.0,1.6298811544991512,119.7412834235167,0.059870641711758356,0.7813620071684588,218,61,2950.6873320548934,295.06873320548937,5767.0505445935,576.70505445935,219.37738500651886,21.937738500651886,3717.173997290504,371.7173997290504,4530.0,453.0,1,0.04646467496613128,0.035157729139851365,-0.006622146902136632,0.0005100875612148368,0.0020451636240280415,-0.011079665860786136,-0.005419999999999929,0.0,-0.001,-0.00018520081654446635,-0.208974543097429,-0.005364047619514168,-0.20361049547791482,0.8661756359040738,0.8044294908642768,1.4450013786554337,1,8,7897,0.06344793105758866,cuda,28.86572265625
2,43,200,923,348,125,450,123,0.984,1.7746478873239437,136.43855593652478,0.0682192779682624,0.7292418772563177,202,75,3266.1390682258166,326.61390682258167,5760.742807439305,576.0742807439304,180.17524703808223,18.017524703808224,4112.901316161473,411.2901316161473,4000.0,400.0,4,0.051411266452018385,0.0370114691055426,-0.004409115885718189,0.00045801088890446925,0.0018174074663122423,-0.00909976005879722,-0.004519999999999948,-5e-05,-0.004,-0.00039999999999999986,-0.208974543097429,-0.005364047619514168,-0.20361049547791482,0.8661756359040738,0.8044294908642768,1.4450013786554337,1,8,7897,0.06344793105758866,cuda,28.86572265625
3,44,200,888,369,102,417,101,0.9901960784313726,1.8412162162162162,137.07682284205288,0.06853841142102644,0.7813620071684588,218,61,3393.6608515279645,339.3660851527965,5776.35885147441,577.635885147441,175.5882704604204,17.55882704604204,4274.736759051221,427.47367590512215,3935.0,393.5,5,0.05343420948814027,0.038947604865318675,-0.006601896119713805,-0.00038723888979814357,0.0017188272092696134,-0.008868095132190269,-0.0041799999999999555,-2.5e-05,-0.005,-0.0005,-0.208974543097429,-0.005364047619514168,-0.20361049547791482,0.8661756359040738,0.8044294908642768,1.4450013786554337,1,8,7897,0.06344793105758866,cuda,28.86572265625
4,45,200,783,290,109,384,109,1.0,1.8352490421455938,126.45651074320772,0.06322825537160386,0.7986111111111112,230,58,3065.5061531275333,306.55061531275334,4948.716196183072,494.87161961830714,132.2715781844314,13.22715781844314,3860.6760444299894,386.0676044429989,3370.0,337.0,6,0.04825845055537488,0.03404151428506995,-0.003713892425115036,0.0003919735796255487,0.0013705922641340153,-0.006680382887485454,-0.003839999999999962,0.0,-0.006,-0.0006000000000000004,-0.208974543097429,-0.005364047619514168,-0.20361049547791482,0.8661756359040738,0.8044294908642768,1.4450013786554337,1,8,7897,0.06344793105758866,cuda,28.86572265625
5,46,200,1073,372,238,463,238,1.0,1.587138863000932,121.60842812822821,0.060804214064114105,0.6897810218978102,189,85,2880.730206856874,288.07302068568737,5150.037720754603,515.0037720754602,185.42846849088662,18.54284684908866,3628.0613465581546,362.80613465581547,4175.0,417.5,3,0.045350766831976946,0.03739237442520413,-0.006173787897774755,-3.6519740915532933e-05,0.0016400358349338865,-0.009365074191423512,-0.004629999999999946,0.0,-0.003,-0.00037358119788707695,-0.208974543097429,-0.005364047619514168,-0.20361049547791482,0.8661756359040738,0.8044294908642768,1.4450013786554337,1,8,7897,0.06344793105758866,cuda,28.86572265625
6,47,200,789,342,62,385,62,1.0,1.567807351077313,118.85615343756035,0.05942807671878018,0.5531914893617021,156,126,2632.5556797432646,263.2555679743265,3598.559447873604,359.8559447873604,137.00629013031687,13.700629013031687,3312.0933647906854,331.20933647906855,3635.0,363.5,8,0.041401167059883545,0.03921991290802382,-0.00263202289949526,0.0003528417667827036,0.0006556872843256253,-0.006919509400740322,-0.003849999999999962,0.0,-0.008,-0.0007999999999999999,-0.208974543097429,-0.005364047619514168,-0.20361049547791482,0.8661756359040738,0.8044294908642768,1.4450013786554337,1,8,7897,0.06344793105758866,cuda,28.86572265625
7,48,200,1062,325,236,501,221,0.9364406779661016,1.753295668549906,130.67880510604573,0.06533940255302287,0.7096774193548387,198,81,3281.8390420384567,328.18390420384566,6416.699611492198,641.6699611492197,181.10369803801407,18.110369803801408,4129.333559144609,412.93335591446095,4205.0,420.5,2,0.051616669489307605,0.033505452523950145,-0.004931961779450138,-0.0002881295085271083,0.0023190232857391536,-0.009146651457996743,-0.005159999999999935,-0.00037500000000000006,-0.002,-0.0002000000000000002,-0.208974543097429,-0.005364047619514168,-0.20361049547791482,0.8661756359040738,0.8044294908642768,1.4450013786554337,1,8,7897,0.06344793105758866,cuda,28.86572265625
8,49,200,1201,376,308,517,308,1.0,1.552872606161532,124.31033730428206,0.06215516865214103,0.7366548042704626,207,74,2789.010774131447,278.90107741314466,5503.758333020223,550.3758333020223,217.9822149202269,21.79822149202269,3514.1703673083207,351.4170367308321,4465.0,446.5,1,0.04392712959135397,0.0402752186354445,-0.006783956245580293,0.0001127235389700335,0.0019647741284437134,-0.0110092028760363,-0.005169999999999934,0.0,-0.001,-0.00016151812045453755,-0.208974543097429,-0.005364047619514168,-0.20361049547791482,0.8661756359040738,0.8044294908642768,1.4450013786554337,1,8,7897,0.06344793105758866,cuda,28.86572265625
9,50,200,959,453,106,400,106,1.0,1.7320125130344108,139.11435746706186,0.06955717873353093,0.7269503546099291,205,77,3011.7726758479216,301.17726758479216,5420.857258429407,542.0857258429407,221.58586254045022,22.158586254045023,3793.3692860266356,379.33692860266353,4265.0,426.5,4,0.04736775990366958,0.045381904572101506,-0.006081014978654636,0.0007396887841322433,0.0017256977652935527,-0.01117685731301123,-0.0039999999999999584,0.0,-0.004,-0.00039999999999999996,-0.17904185329098254,-0.0069977040635421876,-0.17204414922744035,0.48273291513323785,0.7765262305736542,1.4087592959403992,2,8,7738,0.06620321787080201,cuda,30.63818359375
10,51,200,950,420,110,420,110,1.0,1.656842105263158,120.73767516577783,0.06036883758288891,0.7122302158273381,198,80,2813.877258071197,281.3877258071197,4889.214144159602,488.9214144159602,197.22324604955907,19.722324604955908,3543.266490230993,354.3266490230993,4200.0,420.0,4,0.044290831127887426,0.03971508332047081,-0.006519330565579861,-3.8868678971846785e-05,0.0014818924649493473,-0.009960770085866806,-0.004199999999999955,0.0,-0.004,-0.00039999999999999964,-0.17904185329098254,-0.0069977040635421876,-0.17204414922744035,0.48273291513323785,0.7765262305736542,1.4087592959403992,2,8,7738,0.06620321787080201,cuda,30.63818359375
11,52,200,1149,409,226,514,226,1.0,1.6518711923411662,130.98103021191318,0.06549051510595659,0.7357142857142858,206,74,2930.279964615399,293.0279964615399,5775.582980816914,577.5582980816914,213.18196394972688,21.318196394972688,3692.62622054941,369.262622054941,4615.0,461.5,1,0.046157827756867637,0.044130367138898674,-0.009676268567880196,-0.0001248382003873341,0.0020710440884512647,-0.010766765855847219,-0.0051399999999999346,0.0,-0.001,-0.00016085125414616618,-0.17904185329098254,-0.0069977040635421876,-0.17204414922744035,0.48273291513323785,0.7765262305736542,1.4087592959403992,2,8,7738,0.06620321787080201,cuda,30.63818359375
12,53,200,979,351,218,410,210,0.963302752293578,1.91317671092952,136.86583702693719,0.0684329185134686,0.7956204379562044,218,56,3483.1968418996457,348.31968418996456,7088.039178558998,708.8039178558998,199.25509369795304,19.925509369795304,4384.6630059147465,438.46630059147463,3845.0,384.5,1,0.05480828757393434,0.034565252771533474,-0.007630068030465642,-0.0004397470316844672,0.002672581795991296,-0.01006338856584043,-0.0041799999999999555,-0.00019999999999999998,-0.001,-9.999999999999999e-05,-0.17904185329098254,-0.0069977040635421876,-0.17204414922744035,0.48273291513323785,0.7765262305736542,1.4087592959403992,2,8,7738,0.06620321787080201,cuda,30.63818359375
13,54,200,1026,360,255,411,250,0.9803921568627451,1.6705653021442495,119.54066358130193,0.059770331790650964,0.7372262773722628,202,72,2884.18937588638,288.41893758863796,5420.394623718916,542.0394623718915,207.93550597543543,20.793550597543543,3629.811133848886,362.9811133848886,3880.0,388.0,3,0.04537263917311105,0.0359751048661617,-0.005828638883886537,0.0005019284755695534,0.0018360916498902087,-0.010501793490194979,-0.004159999999999955,-0.000125,-0.003,-0.0003000000000000001,-0.17904185329098254,-0.0069977040635421876,-0.17204414922744035,0.48273291513323785,0.7765262305736542,1.4087592959403992,2,8,7738,0.06620321787080201,cuda,30.63818359375
14,55,200,892,364,166,362,166,1.0,1.8721973094170403,134.58914086115237,0.06729457043057618,0.6763636363636364,186,89,3212.2967468445354,321.2296746844535,6052.123769349078,605.2123769349079,202.31636817247073,20.23163681724707,4046.589990942298,404.6589990942298,3630.0,363.0,3,0.05058237488677874,0.03727267955186857,-0.005993657631954,0.0004985168138930649,0.002072655220357249,-0.010217998410367397,-0.003619999999999967,0.0,-0.003,-0.00029999999999999965,-0.17904185329098254,-0.0069977040635421876,-0.17204414922744035,0.48273291513323785,0.7765262305736542,1.4087592959403992,2,8,7738,0.06620321787080201,cuda,30.63818359375
15,56,200,778,370,94,314,94,1.0,1.7197943444730077,131.3116236372793,0.06565581181863965,0.5693950177935944,160,121,2904.2323591935656,290.42323591935656,4431.228510449492,443.12285104494924,165.26787595632572,16.526787595632573,3654.249943074607,365.4249943074607,3420.0,342.0,7,0.04567812428843256,0.042233550617799716,-0.00445067671947693,0.0003069775135862836,0.001074698636894332,-0.008346862518596267,-0.003139999999999977,0.0,-0.007,-0.0007000000000000003,-0.17904185329098254,-0.0069977040635421876,-0.17204414922744035,0.48273291513323785,0.7765262305736542,1.4087592959403992,2,8,7738,0.06620321787080201,cuda,30.63818359375
16,57,200,1005,490,59,456,59,1.0,1.5343283582089553,146.11115798140838,0.0730555789907042,0.5963636363636363,164,111,2857.261649472756,285.7261649472756,4344.971333267892,434.4971333267892,207.49608196789526,20.749608196789527,3596.768169891749,359.6768169891749,4730.0,473.0,5,0.04495960212364688,0.053430444707484794,-0.005804621700389431,9.085217914057122e-05,0.001016843696703261,-0.010479599971843587,-0.004559999999999947,0.0,-0.005,-0.0005979420440383183,-0.17904185329098254,-0.0069977040635421876,-0.17204414922744035,0.48273291513323785,0.7765262305736542,1.4087592959403992,2,8,7738,0.06620321787080201,cuda,30.63818359375
17,58,200,1082,496,122,464,117,0.9590163934426229,1.7911275415896488,155.05927283743213,0.07752963641871606,0.8297872340425532,234,48,3447.763495039732,344.77634950397317,6596.544370591712,659.6544370591712,239.335068762523,23.933506876252302,4343.108191921357,434.3108191921357,4825.0,482.5,1,0.05428885239901696,0.048417522200912146,-0.00887994977238865,-0.0005774318598326073,0.0022832732515973646,-0.012087629800589073,-0.004689999999999944,-0.000125,-0.001,-9.999999999999987e-05,-0.0990186053852085,-0.009694897895678877,-0.08932370748952963,0.37396903671324255,0.7315650165081025,1.4647703975439073,3,8,7226,0.0714345919448905,cuda,32.208984375
18,59,200,919,436,145,338,145,1.0,1.7638737758433078,131.80598327904036,0.06590299163952018,0.7509157509157509,205,68,3131.145275135749,313.1145275135749,5542.25175963364,554.225175963364,206.83991596850464,20.683991596850465,3942.360451941365,394.2360451941365,3870.0,387.0,3,0.049279505649267065,0.0423096921208794,-0.009473849856951074,-0.0008225297822326996,0.0017366339572701206,-0.010446460448712563,-0.003379999999999972,0.0,-0.003,-0.0003,-0.0990186053852085,-0.009694897895678877,-0.08932370748952963,0.37396903671324255,0.7315650165081025,1.4647703975439073,3,8,7226,0.0714345919448905,cuda,32.208984375
19,60,200,851,435,70,346,69,0.9857142857142858,1.7238542890716804,145.8556209164061,0.07292781045820305,0.6785714285714286,190,90,3075.7699037531665,307.57699037531665,4714.551008255393,471.45510082553926,181.4668868879564,18.146688688795642,3870.146524506732,387.0146524506732,3910.0,391.0,6,0.04837683155633414,0.049449330842341904,-0.006799151003305995,9.809563465644415e-06,0.0011509845930778452,-0.009164995093710345,-0.00346999999999997,-2.5e-05,-0.006,-0.0006000000000000004,-0.0990186053852085,-0.009694897895678877,-0.08932370748952963,0.37396903671324255,0.7315650165081025,1.4647703975439073,3,8,7226,0.0714345919448905,cuda,32.208984375
20,61,200,1082,407,221,454,214,0.9683257918552036,1.7504621072088724,139.2156130235622,0.06960780651178111,0.7864768683274022,221,60,3196.8155536282584,319.68155536282586,6471.003328856644,647.1003328856643,220.49165547319424,22.049165547319426,4022.3676561795082,402.2367656179508,4340.0,434.0,1,0.050279595702243884,0.042072826364808684,-0.008145097848656859,1.77401091436704e-05,0.0024036842808863265,-0.01113594209664447,-0.004609999999999946,-0.000175,-0.001,-0.00010000000000000005,-0.0990186053852085,-0.009694897895678877,-0.08932370748952963,0.37396903671324255,0.7315650165081025,1.4647703975439073,3,8,7226,0.0714345919448905,cuda,32.208984375
21,62,200,755,434,46,275,46,1.0,1.566887417218543,139.49654558991827,0.06974827279495914,0.5228070175438596,149,136,2525.7596045622545,252.57596045622546,3405.712521193888,340.57125211938876,151.7142321703701,15.171423217037011,3176.85609357581,317.68560935758103,3545.0,354.5,8,0.039710701169697604,0.05231558137105522,-0.0037212146499277948,7.518359058810754e-05,0.0005803564535913617,-0.00766233514004543,-0.0027499999999999855,0.0,-0.008,-0.0008000000000000004,-0.0990186053852085,-0.009694897895678877,-0.08932370748952963,0.37396903671324255,0.7315650165081025,1.4647703975439073,3,8,7226,0.0714345919448905,cuda,32.208984375
22,63,200,812,509,15,288,14,0.9333333333333333,1.4064039408866995,142.4737398995526,0.07123686994977631,0.4857142857142857,136,144,2373.2464802041814,237.32464802041812,2625.5768533332307,262.5576853333231,156.8283906908406,15.682839069084059,2984.157142642428,298.4157142642428,3990.0,399.0,10,0.03730196428303035,0.062381104353379624,-0.006630999076300946,-6.768962072926082e-05,8.811595833329303e-05,-0.007920625947936735,-0.0028899999999999824,-2.5e-05,-0.01,-0.001,-0.0990186053852085,-0.009694897895678877,-0.08932370748952963,0.37396903671324255,0.7315650165081025,1.4647703975439073,3,8,7226,0.0714345919448905,cuda,32.208984375
23,64,200,975,435,159,381,153,0.9622641509433962,1.8574358974358975,149.2401114420746,0.0746200557210373,0.7793594306049823,219,62,3458.8325525313203,345.883255253132,6606.998161961592,660.6998161961592,239.85137173520795,23.985137173520794,4357.092499774765,435.70924997747653,4110.0,411.0,2,0.05446365624718455,0.043888682214792134,-0.007636432765332928,-5.077215442302394e-05,0.0022886273943387714,-0.012113705215522168,-0.0038699999999999616,-0.00015,-0.002,-0.00019999999999999985,-0.0990186053852085,-0.009694897895678877,-0.08932370748952963,0.37396903671324255,0.7315650165081025,1.4647703975439073,3,8,7226,0.0714345919448905,cuda,32.208984375
24,65,200,750,399,60,291,59,0.9833333333333333,1.7146666666666666,139.80658413026174,0.06990329206513086,0.6888111888111889,197,89,2972.49417419535,297.249417419535,4201.255963819359,420.1255963819359,167.27656533960953,16.727656533960953,3741.624725169813,374.16247251698127,3455.0,345.5,8,0.04677030906462266,0.046764206615471024,-0.004723544693455125,0.0004464646642818258,0.0008391679151654828,-0.008448311500955022,-0.0029199999999999816,-2.5e-05,-0.008,-0.0007999999999999995,-0.0990186053852085,-0.009694897895678877,-0.08932370748952963,0.37396903671324255,0.7315650165081025,1.4647703975439073,3,8,7226,0.0714345919448905,cuda,32.208984375
25,66,200,880,560,49,271,49,1.0,1.5113636363636365,156.253089025329,0.0781265445126645,0.602112676056338,171,113,2550.650183415592,255.0650183415592,3501.6490937559965,350.1649093755997,188.48781776393565,18.848781776393565,3209.253046613702,320.9253046613702,4155.0,415.5,8,0.040115663082671275,0.06606698881592885,-0.007375868370018423,-0.0002627272519331836,0.0006120753142608478,-0.00951958707824479,-0.0027099999999999863,0.0,-0.008,-0.0007999999999999987,-0.13095180324162356,-0.008167313662124798,-0.12278448957949877,0.3266634039580822,0.6570890799164772,1.495857360959053,4,8,7265,0.07598007738120113,cuda,33.9794921875
26,67,200,797,539,21,237,21,1.0,1.5495608531994982,153.39648825799821,0.0766982441289991,0.6549295774647887,186,98,2667.2422416765985,266.7242241676598,3272.41846780382,327.241846780382,189.64254613359896,18.964254613359895,3355.6189962437875,335.5618996243787,3880.0,388.0,10,0.04194523745304735,0.06496398421237427,-0.007541456987769453,-6.240287713065793e-05,0.00034078846398586684,-0.009577906135508258,-0.0023699999999999936,0.0,-0.01,-0.0010000000000000005,-0.13095180324162356,-0.008167313662124798,-0.12278448957949877,0.3266634039580822,0.6570890799164772,1.495857360959053,4,8,7265,0.07598007738120113,cuda,33.9794921875
27,68,200,992,530,111,351,111,1.0,1.6814516129032258,155.93459863079156,0.07796729931539578,0.7454545454545455,205,70,3101.4227420949533,310.1422742094953,5280.485082132751,528.0485082132751,250.96557887430058,25.09655788743006,3905.807077683792,390.5807077683792,4405.0,440.5,3,0.04882258847104739,0.05594003603789122,-0.008747782070284389,-9.165493428141477e-07,0.0015211460600674078,-0.012675029233206188,-0.0035099999999999693,0.0,-0.003,-0.0003827434007769035,-0.13095180324162356,-0.008167313662124798,-0.12278448957949877,0.3266634039580822,0.6570890799164772,1.495857360959053,4,8,7265,0.07598007738120113,cuda,33.9794921875
28,69,200,1049,489,207,353,202,0.9758454106280193,1.7893231649189705,150.50902455929042,0.0752545122796452,0.8050541516245487,223,54,3315.672236675647,331.5672236675647,6747.197072253314,674.7197072253314,250.05171732203095,25.005171732203095,4176.027028542137,417.60270285421365,4235.0,423.5,1,0.05220033785677671,0.04935771866650791,-0.010800024803237331,-0.000574593081036098,0.0025049484965328117,-0.012628874855898834,-0.0035799999999999678,-0.000125,-0.001,-0.00010000000000000003,-0.13095180324162356,-0.008167313662124798,-0.12278448957949877,0.3266634039580822,0.6570890799164772,1.495857360959053,4,8,7265,0.07598007738120113,cuda,33.9794921875
29,70,200,834,508,50,276,50,1.0,1.5959232613908874,149.44764226521437,0.07472382113260718,0.55,154,126,2842.3355530358076,284.2335553035808,3891.864185096897,389.1864185096897,205.9272453788741,20.59272453788741,3576.068286081343,357.6068286081343,3920.0,392.0,8,0.0447008535760168,0.056926149121318236,-0.00589055483284094,0.0002709678957098015,0.0006767716874443136,-0.010400366315041005,-0.002759999999999985,0.0,-0.008,-0.0007999999999999998,-0.13095180324162356,-0.008167313662124798,-0.12278448957949877,0.3266634039580822,0.6570890799164772,1.495857360959053,4,8,7265,0.07598007738120113,cuda,33.9794921875
30,71,200,1063,596,143,324,136,0.951048951048951,1.6378174976481656,168.6901178705621,0.08434505893528105,0.8581560283687943,242,40,2917.7033779330045,291.7703377933004,5499.84897615309,549.984897615309,235.80046850922318,23.58004685092232,3668.4751868659637,366.84751868659635,4635.0,463.5,3,0.04585593983582454,0.06657639167756006,-0.01101051842833603,-0.00023922410392584033,0.0018565847280101184,-0.01190911477385194,-0.0033099999999999736,-0.000175,-0.003,-0.0002999999999999998,-0.13095180324162356,-0.008167313662124798,-0.12278448957949877,0.3266634039580822,0.6570890799164772,1.495857360959053,4,8,7265,0.07598007738120113,cuda,33.9794921875
31,72,200,1095,517,205,373,203,0.9902439024390244,1.6812785388127853,153.8817424377957,0.07694087121889785,0.7711267605633803,219,65,2976.8331956545326,297.68331956545325,5961.0931516415285,596.1093151641528,259.93347940894205,25.993347940894203,3747.5222766175616,374.75222766175614,4460.0,446.0,1,0.04684402845771949,0.0551760267851011,-0.00918629622695842,-1.737847883759477e-05,0.002152444177203391,-0.013127953495330125,-0.003749999999999964,-5e-05,-0.001,-0.0001,-0.13095180324162356,-0.008167313662124798,-0.12278448957949877,0.3266634039580822,0.6570890799164772,1.495857360959053,4,8,7265,0.07598007738120113,cuda,33.9794921875
32,73,200,555,403,9,143,9,1.0,1.61981981981982,127.56853505223681,0.0637842675261184,0.4036363636363636,111,164,2358.3615877369452,235.83615877369454,2544.8785775252672,254.48785775252674,124.59678989840651,12.45967898984065,2965.9523210548855,296.59523210548855,2730.0,273.0,10,0.037074404013186076,0.049857634665167454,-0.00448084797974755,-7.49469297098456e-07,5.659319434580752e-05,-0.0062927668975362346,-0.0014300000000000011,0.0,-0.01,-0.0009999999999999994,-0.13095180324162356,-0.008167313662124798,-0.12278448957949877,0.3266634039580822,0.6570890799164772,1.495857360959053,4,8,7265,0.07598007738120113,cuda,33.9794921875
33,74,200,998,625,104,269,102,0.9807692307692307,1.6092184368737474,173.11439731006718,0.08655719865503358,0.7678571428571429,215,65,2782.5563385671303,278.255633856713,4680.05278729454,468.00527872945406,222.38958834382825,22.238958834382824,3502.479841168355,350.2479841168355,4480.0,448.0,4,0.04378099801460444,0.06950978071412413,-0.009598503521315527,-7.15269980193427e-05,0.0013282478466287466,-0.0112317974009889,-0.0027099999999999863,-5e-05,-0.004,-0.0003999999999999994,-0.08544964304726038,-0.007438233002488102,-0.07801141004477229,0.3882037009511675,0.5578524095671518,1.5111881358282906,5,8,6797,0.08109801238815928,cuda,35.67919921875
34,75,200,800,594,8,198,8,1.0,1.3875,157.48208989623393,0.07874104494811697,0.505338078291815,142,139,2336.6387970866444,233.66387970866444,2569.9254160873957,256.99254160873954,169.92409050929226,16.992409050929226,2936.2792945453307,293.62792945453305,3960.0,396.0,10,0.036703491181816636,0.07205933761644874,-0.008691991358217173,0.00016585473634725216,6.637711565913919e-05,-0.008582024343937508,-0.0019800000000000017,0.0,-0.01,-0.0010000000000000007,-0.08544964304726038,-0.007438233002488102,-0.07801141004477229,0.3882037009511675,0.5578524095671518,1.5111881358282906,5,8,6797,0.08109801238815928,cuda,35.67919921875
35,76,200,761,577,23,161,23,1.0,1.4533508541392903,153.69456922995795,0.07684728461497897,0.45161290322580644,126,153,2343.8474573073804,234.38474573073805,2623.650634575605,262.3650634575605,190.59813450712952,19.05981345071295,2949.183512102623,294.9183512102623,3690.0,369.0,10,0.03686479390128279,0.0684393483028882,-0.006916800885131852,0.0006087479253165123,8.736352913109567e-05,-0.009626168158507864,-0.0016100000000000012,0.0,-0.01,-0.0009999999999999998,-0.08544964304726038,-0.007438233002488102,-0.07801141004477229,0.3882037009511675,0.5578524095671518,1.5111881358282906,5,8,6797,0.08109801238815928,cuda,35.67919921875
36,77,200,928,579,125,224,125,1.0,1.7209051724137931,166.96948071629285,0.08348474035814643,0.7243816254416962,205,78,3116.6290921824834,311.66290921824833,5344.724148689363,534.4724148689363,244.88652236719216,24.488652236719215,3922.813000920658,392.2813000920658,4015.0,401.5,4,0.04903516251150821,0.05959799327839848,-0.007826652151287021,0.00012798907411282532,0.0015582535391086623,-0.012368005893694738,-0.0022399999999999963,0.0,-0.004,-0.0003999999999999994,-0.08544964304726038,-0.007438233002488102,-0.07801141004477229,0.3882037009511675,0.5578524095671518,1.5111881358282906,5,8,6797,0.08109801238815928,cuda,35.67919921875
37,78,200,715,541,16,158,16,1.0,1.613986013986014,155.31889344748035,0.07765944672374017,0.6798561151079137,189,89,2655.847125612746,265.5847125612746,3201.817792931257,320.1817792931257,159.4677338210437,15.946773382104372,3341.668386760991,334.1668386760991,3495.0,349.5,10,0.04177085483451241,0.06655628850363572,-0.010494144567806275,0.00014716395155834334,0.00031321007536377215,-0.00805392607352377,-0.001580000000000001,0.0,-0.01,-0.0010000000000000007,-0.08544964304726038,-0.007438233002488102,-0.07801141004477229,0.3882037009511675,0.5578524095671518,1.5111881358282906,5,8,6797,0.08109801238815928,cuda,35.67919921875
38,79,200,708,471,60,177,60,1.0,1.8036723163841808,154.1589953971273,0.07707949769856366,0.5125448028673835,143,136,2943.53189972397,294.353189972397,4294.926549311267,429.4926549311267,183.10593136987197,18.310593136987197,3705.0598450918174,370.50598450918176,3240.0,324.0,8,0.04631324806364774,0.05477502512488833,-0.005343845246738651,0.0002275366328463179,0.0009253077563608704,-0.009247774632440947,-0.0017700000000000014,0.0,-0.008,-0.0007999999999999998,-0.08544964304726038,-0.007438233002488102,-0.07801141004477229,0.3882037009511675,0.5578524095671518,1.5111881358282906,5,8,6797,0.08109801238815928,cuda,35.67919921875
39,80,200,919,569,79,271,79,1.0,1.558215451577802,166.33827751553108,0.08316913875776553,0.6608391608391608,189,97,2634.6646810840166,263.46646810840167,3803.4431294307215,380.34431294307217,197.596237754862,19.759623775486197,3317.979172650659,331.7979172650659,4200.0,420.0,7,0.04147473965813326,0.0679045549567893,-0.007022197149993064,0.0004461941064024782,0.0007554553133642992,-0.009979608126930658,-0.0027099999999999863,0.0,-0.007,-0.0007000000000000004,-0.08544964304726038,-0.007438233002488102,-0.07801141004477229,0.3882037009511675,0.5578524095671518,1.5111881358282906,5,8,6797,0.08109801238815928,cuda,35.67919921875
40,81,200,968,619,95,254,93,0.9789473684210527,1.5960743801652892,170.49149469785777,0.08524574734892888,0.6021505376344086,168,111,2908.4405587403025,290.84405587403023,4648.898445409213,464.88984454092133,235.6722767316971,23.56722767316971,3664.9429158678095,366.49429158678095,4375.0,437.5,5,0.045811786448347616,0.06874945209253029,-0.010171631904892814,-0.00032020031065831616,0.001188981274198471,-0.011902640250596388,-0.0025599999999999894,-5e-05,-0.005,-0.0004999999999999996,-0.08544964304726038,-0.007438233002488102,-0.07801141004477229,0.3882037009511675,0.5578524095671518,1.5111881358282906,5,8,6797,0.08109801238815928,cuda,35.67919921875
41,82,200,1019,600,169,250,159,0.9408284023668639,1.8047105004906772,176.66182506620046,0.08833091253310023,0.8297872340425532,234,48,3192.1157190629183,319.21157190629185,6604.154283209272,660.4154283209272,260.29337479114037,26.029337479114037,4017.303052214654,401.7303052214654,4300.0,430.0,1,0.05021628815268321,0.06302788894465657,-0.009901735505612562,-0.0004013967938711175,0.002485997766878637,-0.01314613003163446,-0.0025999999999999886,-0.00024999999999999995,-0.001,-9.999999999999992e-05,-0.10292393174022436,-0.007020022507224764,-0.0959039092329996,0.36032950282096865,0.5484291553497315,1.491581678390503,6,8,7074,0.08638839745286869,cuda,35.7607421875
42,83,200,725,467,61,197,61,1.0,1.8331034482758621,157.88008677708396,0.07894004338854198,0.6925795053003534,196,87,3176.3165117920184,317.63165117920187,4762.289545688787,476.22895456887875,177.92526759638298,17.7925267596383,3999.7327709735655,399.9732770973566,3320.0,332.0,7,0.049996659637169594,0.05415444337691294,-0.007848453736311009,0.00019651615476840435,0.0010970024334631472,-0.008986124477461053,-0.0019700000000000017,0.0,-0.007,-0.0006999999999999999,-0.10292393174022436,-0.007020022507224764,-0.0959039092329996,0.36032950282096865,0.5484291553497315,1.491581678390503,6,8,7074,0.08638839745286869,cuda,35.7607421875
43,84,200,1004,662,80,262,79,0.9875,1.497011952191235,181.85191210070974,0.09092595605035488,0.6702898550724637,185,91,2685.356663105668,268.5356663105668,4050.312978242983,405.0312978242983,212.9391547068945,21.29391547068945,3377.5588772221745,337.75588772221744,4625.0,462.5,6,0.04221948596527719,0.07849220827938018,-0.011038495427416233,0.00043301580918781086,0.0009202457442966601,-0.010754502527906766,-0.002629999999999988,-2.5e-05,-0.006,-0.0006910017924638301,-0.10292393174022436,-0.007020022507224764,-0.0959039092329996,0.36032950282096865,0.5484291553497315,1.491581678390503,6,8,7074,0.08638839745286869,cuda,35.7607421875
44,85,200,902,523,184,195,184,1.0,1.829268292682927,166.25077399656087,0.08312538699828044,0.7777777777777778,217,62,3150.8981088350106,315.08981088350106,5727.778061993236,572.7778061993237,214.34579330316018,21.43457933031602,3965.5154954426116,396.55154954426115,3590.0,359.0,4,0.049568943693032594,0.058826143102439235,-0.009941547058914703,-1.5020906308366031e-05,0.0018624133054661166,-0.010825545137434585,-0.0019500000000000014,0.0,-0.004,-0.0004,-0.10292393174022436,-0.007020022507224764,-0.0959039092329996,0.36032950282096865,0.5484291553497315,1.491581678390503,6,8,7074,0.08638839745286869,cuda,35.7607421875
45,86,200,819,589,67,163,67,1.0,1.7118437118437118,171.62515509336436,0.08581257754668217,0.7672727272727272,211,64,2950.5416661234285,295.05416661234284,4774.314607714268,477.4314607714268,212.7738894176664,21.277388941766638,3714.0554859683466,371.40554859683465,3760.0,376.0,6,0.04642569357460433,0.0666345759504462,-0.010037716657743346,0.0004967650249350871,0.001269414927660514,-0.01074615527322059,-0.0016300000000000012,0.0,-0.006,-0.0006000000000000002,-0.10292393174022436,-0.007020022507224764,-0.0959039092329996,0.36032950282096865,0.5484291553497315,1.491581678390503,6,8,7074,0.08638839745286869,cuda,35.7607421875
46,87,200,808,608,35,165,35,1.0,1.5816831683168318,166.11412415610624,0.08305706207805312,0.6510791366906474,181,97,2603.333382464249,260.3333382464249,3486.22780075562,348.622780075562,196.34468813486703,19.634468813486702,3275.6093917118287,327.5609391711829,3865.0,386.5,8,0.04094511739639785,0.0701445955858877,-0.008384369836764775,0.00016447298746103095,0.0005536441694361425,-0.00991639822436494,-0.0016500000000000013,0.0,-0.008,-0.0008000000000000003,-0.10292393174022436,-0.007020022507224764,-0.0959039092329996,0.36032950282096865,0.5484291553497315,1.491581678390503,6,8,7074,0.08638839745286869,cuda,35.7607421875
47,88,200,896,590,132,174,131,0.9924242424242424,1.7131696428571428,177.41614822066765,0.08870807411033382,0.7007042253521126,199,85,2917.804979178053,291.7804979178053,5035.45180280177,503.545180280177,223.2546190072956,22.325461900729557,3673.9027577438105,367.39027577438105,3825.0,382.5,5,0.0459237844717976,0.06846947962485993,-0.00879212547305776,0.00015919796036109374,0.0014982233604694452,-0.01127548583409653,-0.0017500000000000013,-2.5e-05,-0.005,-0.0005,-0.10292393174022436,-0.007020022507224764,-0.0959039092329996,0.36032950282096865,0.5484291553497315,1.491581678390503,6,8,7074,0.08638839745286869,cuda,35.7607421875
48,89,200,901,613,116,172,115,0.9913793103448276,1.7824639289678135,184.4143338352058,0.0922071669176029,0.7684210526315789,219,66,3109.898186113795,310.9898186113795,5639.475653804042,563.9475653804042,219.58374632562715,21.958374632562716,3915.401870961102,391.5401870961102,3930.0,393.0,4,0.04894252338701378,0.07032530979758886,-0.0111929679983175,-0.0004440844659135826,0.0018214743437302114,-0.011090088146498863,-0.0017300000000000013,-2.5e-05,-0.004,-0.00039999999999999986,-0.10292393174022436,-0.007020022507224764,-0.0959039092329996,0.36032950282096865,0.5484291553497315,1.491581678390503,6,8,7074,0.08638839745286869,cuda,35.7607421875
49,90,200,682,536,29,117,29,1.0,1.6378299120234605,158.46018042041374,0.07923009021020687,0.6353790613718412,176,101,2573.7495162690807,257.37495162690806,3522.946328140885,352.29463281408846,166.21307849758838,16.62130784975884,3236.866679007056,323.68666790070563,3265.0,326.5,8,0.040460833487588194,0.0640793547291863,-0.007767691391353271,0.00020931631899676046,0.000612876970419663,-0.008394599904630862,-0.001170000000000001,0.0,-0.008,-0.0007999999999999999,-0.05387251140283687,-0.00458822754610862,-0.04928428385672825,0.41818957073347907,0.46283625790051053,1.4869773694447108,7,8,6879,0.0874828179802171,cuda,37.35791015625
50,91,200,950,642,100,208,98,0.98,1.7305263157894737,179.12850007239854,0.08956425003619926,0.7814814814814814,211,59,3068.5885627049074,306.8588562704907,5281.49118566911,528.1491185669109,227.56803662217268,22.75680366221727,3863.596480814755,386.3596480814755,4260.0,426.0,4,0.04829495601018446,0.06964074167720077,-0.011214421966854054,-0.0006766276642582029,0.0015629371654059163,-0.011493335185479623,-0.002099999999999999,-5e-05,-0.004,-0.0003999999999999997,-0.05387251140283687,-0.00458822754610862,-0.04928428385672825,0.41818957073347907,0.46283625790051053,1.4869773694447108,7,8,6879,0.0874828179802171,cuda,37.35791015625
51,92,200,887,651,64,172,62,0.96875,1.6110484780157834,177.7905763615382,0.0888952881807691,0.6985815602836879,197,85,2786.6282985883518,278.66282985883515,4461.496262455426,446.14962624554266,219.34588428470454,21.934588428470455,3506.0039418579245,350.6003941857924,4125.0,412.5,6,0.043825049273224066,0.07514975574053281,-0.01197344591029238,0.00020480352183155413,0.0011572003137041585,-0.0110780747582312,-0.0017400000000000013,-5e-05,-0.006,-0.0006,-0.05387251140283687,-0.00458822754610862,-0.04928428385672825,0.41818957073347907,0.46283625790051053,1.4869773694447108,7,8,6879,0.0874828179802171,cuda,37.35791015625
52,93,200,674,569,12,93,12,1.0,1.599406528189911,163.8819385549505,0.08194096927747525,0.5285714285714286,148,132,2555.0018990503495,255.50018990503494,2983.4753285660636,298.34753285660634,152.94166103698717,15.294166103698718,3211.730419316802,321.1730419316802,3310.0,331.0,10,0.04014663024146002,0.06944133244270566,-0.008223172369085176,2.5852405511760224e-06,0.00022792005022111863,-0.007724326328377536,-0.0009300000000000006,0.0,-0.01,-0.0010000000000000007,-0.05387251140283687,-0.00458822754610862,-0.04928428385672825,0.41818957073347907,0.46283625790051053,1.4869773694447108,7,8,6879,0.0874828179802171,cuda,37.35791015625
53,94,200,881,619,87,175,85,0.9770114942528736,1.6186152099886493,176.52892487943555,0.08826446243971778,0.782608695652174,216,60,2723.5753153618202,272.357531536182,4271.044785382898,427.1044785382898,213.1768926973406,21.31768926973406,3426.8452008623626,342.68452008623626,3980.0,398.0,6,0.0428355650107795,0.07105324459633572,-0.007676446369527219,0.00017686902024220303,0.0010617399301055739,-0.01076650974821807,-0.0017700000000000014,-5e-05,-0.006,-0.0006000000000000002,-0.05387251140283687,-0.00458822754610862,-0.04928428385672825,0.41818957073347907,0.46283625790051053,1.4869773694447108,7,8,6879,0.0874828179802171,cuda,37.35791015625
54,95,200,960,706,75,179,73,0.9733333333333334,1.5572916666666667,190.2027384572934,0.0951013692286467,0.759581881533101,218,69,2625.7577095220145,262.5757709522014,4125.783306726935,412.5783306726935,228.05248304489254,22.805248304489254,3304.724310568325,330.47243105683253,4435.0,443.5,6,0.041309053882104076,0.082227001961198,-0.009358994959197044,-0.0001131722661681522,0.0010152827123721547,-0.011517802101662469,-0.0018100000000000013,-5e-05,-0.006,-0.0006000000000000003,-0.05387251140283687,-0.00458822754610862,-0.04928428385672825,0.41818957073347907,0.46283625790051053,1.4869773694447108,7,8,6879,0.0874828179802171,cuda,37.35791015625
55,96,200,707,577,18,112,18,1.0,1.5841584158415842,170.69633870163315,0.08534816935081657,0.5070921985815603,143,139,2608.6450809212342,260.8645080921234,3110.549121397199,311.05491213971993,163.36892105132912,16.33689210513291,3280.72427982192,328.072427982192,3445.0,344.5,10,0.041009053497774006,0.06825077106449233,-0.004026276817681862,0.00020801914153255693,0.00027755825054578113,-0.008250955785846267,-0.0011200000000000008,0.0,-0.01,-0.0010000000000000007,-0.05387251140283687,-0.00458822754610862,-0.04928428385672825,0.41818957073347907,0.46283625790051053,1.4869773694447108,7,8,6879,0.0874828179802171,cuda,37.35791015625
56,97,200,1138,721,105,312,105,1.0,1.632688927943761,183.03589023581063,0.09151794511790531,0.7224199288256228,203,78,3208.8414634935584,320.88414634935583,5624.292052034036,562.4292052034036,270.926899557189,27.092689955718903,4039.9679599213914,403.99679599213914,5165.0,516.5,1,0.050499599499017396,0.07279138790451023,-0.015469251984422923,9.790333245060954e-05,0.0016809188784774828,-0.013683176746542224,-0.0031199999999999774,0.0,-0.001,-0.0002794357655854146,-0.05387251140283687,-0.00458822754610862,-0.04928428385672825,0.41818957073347907,0.46283625790051053,1.4869773694447108,7,8,6879,0.0874828179802171,cuda,37.35791015625
57,98,200,959,795,44,120,44,1.0,1.446298227320125,198.6175399710171,0.09930876998550854,0.7302158273381295,203,75,2522.0141302444026,252.20141302444026,3513.1099213245016,351.31099213245017,224.30210832143217,22.430210832143217,3171.391592506381,317.1391592506381,4575.0,457.5,8,0.03964239490632978,0.09445821950476539,-0.014302496442398255,0.0002167333570547594,0.0006223085630173822,-0.011328389903260627,-0.0012000000000000008,0.0,-0.008,-0.0007999999999999994,-0.051123828986965235,-0.004301394343201537,-0.0468224346437637,0.41427143588662146,0.4368387296795845,1.4482425451278687,8,8,7392,0.0945676110515156,cuda,38.58935546875
58,99,200,810,580,107,123,107,1.0,1.8419753086419752,182.40769799215883,0.09120384899607942,0.7935943060498221,223,58,3069.8613133130475,306.98613133130476,5314.6551818587395,531.465518185874,208.48731584076327,20.848731584076326,3863.172172820949,386.31721728209493,3515.0,351.5,5,0.04828965216026188,0.06717443252046046,-0.008592356058637247,-1.550445752559703e-05,0.0016072871804135758,-0.010529662348893748,-0.0012300000000000008,0.0,-0.005,-0.0004999999999999998,-0.051123828986965235,-0.004301394343201537,-0.0468224346437637,0.41427143588662146,0.4368387296795845,1.4482425451278687,8,8,7392,0.0945676110515156,cuda,38.58935546875
59,100,200,863,681,59,123,57,0.9661016949152542,1.6025492468134415,177.98487455190423,0.08899243727595212,0.8395522388059702,225,43,2596.3043434485658,259.63043434485655,3951.832167976808,395.18321679768076,230.80288504292557,23.080288504292557,3269.4599565498356,326.94599565498356,4030.0,403.0,6,0.04086824945687293,0.07554141310931667,-0.008398558471484232,-0.0003420088043396141,0.0008818922976950409,-0.01165671162907245,-0.001250000000000001,-5e-05,-0.006,-0.0006018386830362848,-0.051123828986965235,-0.004301394343201537,-0.0468224346437637,0.41427143588662146,0.4368387296795845,1.4482425451278687,8,8,7392,0.0945676110515156,cuda,38.58935546875
60,101,200,997,802,49,146,46,0.9387755102040817,1.526579739217653,193.21169378493624,0.09660584689246812,0.7062937062937062,202,84,2689.6562010446496,268.96562010446496,4272.502971162725,427.25029711627246,263.625669634584,26.362566963458402,3385.5511165681874,338.5551116568187,4755.0,475.5,5,0.04231938895710231,0.08663003259526691,-0.012174954870290642,-0.0008168504527769031,0.0010276583466746394,-0.013314427683508354,-0.001490000000000001,-7.500000000000001e-05,-0.005,-0.0005000000000000001,-0.051123828986965235,-0.004301394343201537,-0.0468224346437637,0.41427143588662146,0.4368387296795845,1.4482425451278687,8,8,7392,0.0945676110515156,cuda,38.58935546875
61,102,200,852,647,65,140,64,0.9846153846153847,1.7265258215962442,189.54149690611715,0.09477074845305858,0.8385964912280702,239,46,2871.72680773548,287.172680773548,4747.117312377642,474.7117312377642,217.40912299995622,21.74091229999562,3615.264232856841,361.5264232856841,3940.0,394.0,5,0.04519080291071051,0.0732504726137547,-0.007477557384862574,0.00040902469485872163,0.001313264552884536,-0.01098025893428733,-0.001410000000000001,-2.5e-05,-0.005,-0.0004999999999999993,-0.051123828986965235,-0.004301394343201537,-0.0468224346437637,0.41427143588662146,0.4368387296795845,1.4482425451278687,8,8,7392,0.0945676110515156,cuda,38.58935546875
62,103,200,1006,673,126,207,124,0.9841269841269841,1.742544731610338,181.18148707864268,0.09059074353932134,0.7665505226480837,220,67,3104.364115648599,310.4364115648599,6002.989376176663,600.2989376176663,257.46645200121776,25.746645200121776,3905.1579677845907,390.51579677845905,4410.0,441.0,2,0.04881447459730738,0.0708167699225038,-0.013318841208711968,-0.0004539987604064986,0.0020756951877718985,-0.013003356199143171,-0.0020899999999999994,-5e-05,-0.002,-0.00019999999999999998,-0.051123828986965235,-0.004301394343201537,-0.0468224346437637,0.41427143588662146,0.4368387296795845,1.4482425451278687,8,8,7392,0.0945676110515156,cuda,38.58935546875
63,104,200,863,668,47,148,47,1.0,1.608342989571263,180.45796506438018,0.09022898253219008,0.6418439716312057,181,101,2753.2350077346055,275.3235007734605,4171.677402328633,417.16774023286337,213.54467603426275,21.354467603426276,3465.138358728216,346.51383587282163,4080.0,408.0,6,0.04331422948410274,0.0736931620201148,-0.009148904032361307,0.0002756334149768109,0.0009599460738426934,-0.010785084428485605,-0.001480000000000001,0.0,-0.006,-0.0006000000000000005,-0.051123828986965235,-0.004301394343201537,-0.0468224346437637,0.41427143588662146,0.4368387296795845,1.4482425451278687,8,8,7392,0.0945676110515156,cuda,38.58935546875
64,105,200,1042,819,69,154,69,1.0,1.5326295585412668,209.6790214750931,0.10483951073754655,0.6408450704225352,182,102,2810.10759902524,281.010759902524,4749.424922864988,474.9424922864988,268.5532517785181,26.855325177851807,3538.018584720817,353.80185847208173,4865.0,486.5,5,0.04422523230901022,0.0923231715394127,-0.012226640496998849,-0.00021033756172284288,0.0013313808231761903,-0.01356329587533073,-0.0015400000000000012,0.0,-0.005,-0.0005000000000000009,-0.051123828986965235,-0.004301394343201537,-0.0468224346437637,0.41427143588662146,0.4368387296795845,1.4482425451278687,8,8,7392,0.0945676110515156,cuda,38.58935546875
65,106,200,1030,795,90,145,90,1.0,1.5388349514563107,204.80047713957276,0.10240023856978638,0.6877192982456141,196,89,2598.472865611051,259.8472865611051,4438.0146048020815,443.80146048020816,239.70931273205525,23.970931273205526,3271.4326589601596,327.143265896016,4700.0,470.0,4,0.040892908237002,0.09093398701727845,-0.012572863361391903,-0.00016999761623660714,0.0012727351776939935,-0.012106530884559525,-0.001450000000000001,0.0,-0.004,-0.0004000000000000003,-0.034958826703950764,-0.0008847540593706071,-0.03407407264458016,0.41629579216241835,0.37066418677568436,1.4632257521152496,9,8,7591,0.0984451706833748,cuda,39.41845703125
66,107,200,1169,919,109,141,106,0.9724770642201835,1.5919589392643285,208.29584916941087,0.10414792458470544,0.7874564459930313,226,61,2772.558123448637,277.2558123448637,5483.252566651914,548.3252566651914,299.0219817015268,29.90219817015268,3491.4154144118556,349.14154144118555,5315.0,531.5,2,0.0436426926801482,0.09734887984456081,-0.018665444010911972,-0.0012633513302125355,0.0019022676951259538,-0.01510212029400502,-0.001440000000000001,-7.500000000000001e-05,-0.002,-0.00020000000000000012,-0.034958826703950764,-0.0008847540593706071,-0.03407407264458016,0.41629579216241835,0.37066418677568436,1.4632257521152496,9,8,7591,0.0984451706833748,cuda,39.41845703125
67,108,200,1048,808,100,140,99,0.99,1.6517175572519085,204.9851034373428,0.10249255171867139,0.8148148148148148,220,50,2996.91544639178,299.691544639178,5384.158554499312,538.4158554499312,269.68905754372827,26.968905754372827,3772.308514984989,377.2308514984989,4745.0,474.5,4,0.04715385643731237,0.0900717383256399,-0.016674788591166625,-0.00025772088858933007,0.001655125387872145,-0.013620658952397063,-0.001410000000000001,-2.5e-05,-0.004,-0.0004000000000000002,-0.034958826703950764,-0.0008847540593706071,-0.03407407264458016,0.41629579216241835,0.37066418677568436,1.4632257521152496,9,8,7591,0.0984451706833748,cuda,39.41845703125
68,109,200,654,587,9,58,9,1.0,1.573394495412844,173.48889671308123,0.08674444835654062,0.5441696113074205,154,129,2477.3221313129507,247.73221313129505,2833.56084537701,283.356084537701,156.67842029808125,15.667842029808124,3114.29710806255,311.429710806255,3225.0,322.5,10,0.038928713850781865,0.07276254353568104,-0.005706835794004985,8.371865631183492e-05,0.0001693597052253945,-0.007913051597454607,-0.0005800000000000003,0.0,-0.01,-0.001000000000000001,-0.034958826703950764,-0.0008847540593706071,-0.03407407264458016,0.41629579216241835,0.37066418677568436,1.4632257521152496,9,8,7591,0.0984451706833748,cuda,39.41845703125
69,110,200,1149,877,128,144,127,0.9921875,1.5961705831157529,221.93377648762046,0.11096688824381024,0.8169014084507042,232,52,2901.5868872724545,290.1586887272455,5553.207703316451,555.3207703316451,275.54183941962043,27.554183941962044,3652.3197715480646,365.2319771548065,5110.0,511.0,2,0.04565399714435079,0.09879448169987014,-0.01727593838336703,-0.0004789262031120129,0.0018668819166958652,-0.01391625437760546,-0.001450000000000001,-2.5e-05,-0.002,-0.00020235355302205513,-0.034958826703950764,-0.0008847540593706071,-0.03407407264458016,0.41629579216241835,0.37066418677568436,1.4632257521152496,9,8,7591,0.0984451706833748,cuda,39.41845703125
70,111,200,838,717,19,102,19,1.0,1.3687350835322196,184.2920691568052,0.0921460345784026,0.5492957746478874,156,128,2249.0077596827377,224.90077596827376,2653.784688853244,265.3784688853244,182.3617735075077,18.236177350750772,2826.25365702577,282.62536570257697,4095.0,409.5,9,0.03532817071282211,0.08774721855739868,-0.01089278545320497,-9.926306687963909e-05,0.00019288464408329862,-0.009210190815816739,-0.0010200000000000007,0.0,-0.009,-0.0008999999999999999,-0.034958826703950764,-0.0008847540593706071,-0.03407407264458016,0.41629579216241835,0.37066418677568436,1.4632257521152496,9,8,7591,0.0984451706833748,cuda,39.41845703125
71,112,200,946,746,64,136,64,1.0,1.4809725158562368,199.46453823620948,0.09973226911810473,0.7935943060498221,223,58,2577.061707870981,257.70617078709813,3727.116936382693,372.7116936382693,212.1711493475845,21.21711493475845,3240.7750158036743,324.0775015803674,4410.0,441.0,7,0.04050968769754592,0.08878054248124329,-0.010513662999409402,-2.230187198450334e-05,0.0007537187533294405,-0.010715714942620119,-0.001360000000000001,0.0,-0.007,-0.0007000000000000006,-0.034958826703950764,-0.0008847540593706071,-0.03407407264458016,0.41629579216241835,0.37066418677568436,1.4632257521152496,9,8,7591,0.0984451706833748,cuda,39.41845703125
72,113,200,757,650,21,86,21,1.0,1.5680317040951124,177.86202059395407,0.08893101029697703,0.725,203,77,2591.6671094709245,259.16671094709244,3270.480581828637,327.04805818286366,186.52137918993137,18.652137918993137,3260.3648311930756,326.03648311930755,3680.0,368.0,9,0.04075456038991345,0.07792010322124568,-0.010349481495453106,0.00038534081702586446,0.0004007590730642425,-0.009420271708818706,-0.0008600000000000005,0.0,-0.009,-0.0009000000000000012,-0.034958826703950764,-0.0008847540593706071,-0.03407407264458016,0.41629579216241835,0.37066418677568436,1.4632257521152496,9,8,7591,0.0984451706833748,cuda,39.41845703125
73,114,200,1037,835,68,134,66,0.9705882352941176,1.5486981677917069,213.90410750990984,0.10695205375495492,0.7147887323943662,203,81,2958.1077178703663,295.81077178703663,4629.5865563513125,462.95865563513127,245.44207906457015,24.544207906457014,3725.3837946036897,372.53837946036896,4855.0,485.5,5,0.04656729743254609,0.09073743830355144,-0.011567048452693022,-0.000607369655997439,0.0011350983261068,-0.012396064394329496,-0.001360000000000001,-5e-05,-0.005,-0.0005072978042295421,-0.019644342133376215,-0.001843259164265224,-0.017801082969110992,0.4953555166721344,0.3182881968361991,1.419595173427037,10,8,7093,0.09763256572956458,cuda,39.7783203125
74,115,200,867,773,10,84,10,1.0,1.4313725490196079,200.89897182041025,0.10044948591020512,0.4982078853046595,139,140,2475.3755162451594,247.53755162451594,2930.5090264133796,293.050902641338,190.67671184230528,19.067671184230527,3111.9407459354297,311.19407459354295,4285.0,428.5,9,0.03889925932419287,0.09188585972996932,-0.010119239276791401,-7.158115507060351e-05,0.0002253242657743687,-0.009630136977869404,-0.0008400000000000006,0.0,-0.009,-0.0009000000000000006,-0.019644342133376215,-0.001843259164265224,-0.017801082969110992,0.4953555166721344,0.3182881968361991,1.419595173427037,10,8,7093,0.09763256572956458,cuda,39.7783203125
75,116,200,801,671,56,74,56,1.0,1.5980024968789013,192.21816715216224,0.09610908357608113,0.5178571428571429,145,135,2618.626419176847,261.8626419176847,3652.9405684871526,365.2940568487153,189.51123218310045,18.951123218310045,3293.57662312137,329.357662312137,3725.0,372.5,8,0.041169707789017115,0.08074432025944629,-0.007566967274058266,0.00019636729568212443,0.0006769299095652928,-0.009571274403571469,-0.0007400000000000004,0.0,-0.008,-0.0007999999999999992,-0.019644342133376215,-0.001843259164265224,-0.017801082969110992,0.4953555166721344,0.3182881968361991,1.419595173427037,10,8,7093,0.09763256572956458,cuda,39.7783203125
76,117,200,825,753,5,67,5,1.0,1.4145454545454546,198.3260913800382,0.0991630456900191,0.4384057971014493,121,155,2313.9956799613924,231.39956799613924,2541.658720325527,254.16587203255273,179.46509894577218,17.94650989457722,2909.0716012576827,290.90716012576826,4100.0,410.0,10,0.03636339501572105,0.09233419825542802,-0.009268281923208818,0.0004122927583780225,5.5335437627158935e-05,-0.009063893853926195,-0.0006700000000000003,0.0,-0.01,-0.001,-0.019644342133376215,-0.001843259164265224,-0.017801082969110992,0.4953555166721344,0.3182881968361991,1.419595173427037,10,8,7093,0.09763256572956458,cuda,39.7783203125
77,118,200,754,615,52,87,52,1.0,1.623342175066313,172.52072025256248,0.08626036012628124,0.7892857142857143,221,59,2556.669604964022,255.66696049640217,3725.373969674809,372.5373969674809,170.59339342744113,17.059339342744114,3214.5790044667765,321.4579004466776,3510.0,351.0,7,0.04018223755583469,0.07089024562176682,-0.008774049535455995,0.0003530389326724289,0.000794715665124557,-0.008615828113661322,-0.0008700000000000005,0.0,-0.007,-0.0006999999999999997,-0.019644342133376215,-0.001843259164265224,-0.017801082969110992,0.4953555166721344,0.3182881968361991,1.419595173427037,10,8,7093,0.09763256572956458,cuda,39.7783203125
78,119,200,1149,862,122,165,121,0.9918032786885246,1.6344647519582245,211.1286050679219,0.10556430253396096,0.7445255474452555,204,70,2995.512928201594,299.5512928201594,5905.472803128242,590.5472803128242,304.0502743744941,30.405027437449412,3773.574751078794,377.3574751078794,5140.0,514.0,1,0.04716968438848495,0.09018267784502562,-0.014978975877471224,-0.0006116894887068939,0.002040134986535645,-0.015356074463224668,-0.0016600000000000013,-2.5e-05,-0.001,-0.00019645485668231982,-0.019644342133376215,-0.001843259164265224,-0.017801082969110992,0.4953555166721344,0.3182881968361991,1.419595173427037,10,8,7093,0.09763256572956458,cuda,39.7783203125
79,120,200,963,781,87,95,86,0.9885057471264368,1.6625129802699896,196.7755704330535,0.09838778521652675,0.855072463768116,236,40,2842.943238962046,284.2943238962046,5087.604486313708,508.76044863137076,251.18987530536003,25.118987530536003,3576.3610348636767,357.6361034863677,4385.0,438.5,4,0.044704512935796,0.08382799569233283,-0.013026833520085171,-0.0006208678061897468,0.0015743350000223379,-0.012686357085349674,-0.0009600000000000007,-2.5e-05,-0.004,-0.00039999999999999937,-0.019644342133376215,-0.001843259164265224,-0.017801082969110992,0.4953555166721344,0.3182881968361991,1.419595173427037,10,8,7093,0.09763256572956458,cuda,39.7783203125
80,121,200,697,623,8,66,8,1.0,1.51506456241033,176.3488180569748,0.0881744090284874,0.516245487364621,143,134,2423.4973793137324,242.34973793137323,2734.248002308953,273.4248002308953,163.15885690550553,16.31588569055055,3045.7461445375907,304.57461445375907,3445.0,344.5,10,0.03807182680671986,0.07685796577443675,-0.007113089467358145,0.00012748650818460942,0.00013056562590193463,-0.008240346219397529,-0.0006600000000000003,0.0,-0.01,-0.0010000000000000007,-0.019644342133376215,-0.001843259164265224,-0.017801082969110992,0.4953555166721344,0.3182881968361991,1.419595173427037,10,8,7093,0.09763256572956458,cuda,39.7783203125
81,122,200,904,737,61,106,61,1.0,1.581858407079646,198.96688701293658,0.09948344350646829,0.7194244604316546,200,78,2709.8377622168437,270.98377622168437,4118.487291149634,411.8487291149634,212.3792330669464,21.23792330669464,3409.6885490998843,340.9688549099884,4215.0,421.5,6,0.04262110686374855,0.08504306389818454,-0.010744056487780254,7.857812776350947e-05,0.0009537758323563807,-0.010726223769983492,-0.0010600000000000006,0.0,-0.006,-0.0006828009578209434,-0.0049840028339531274,-0.000530102985378887,-0.00445389984857424,0.5822330066135951,0.28126667482512335,1.381539215360369,11,8,6975,0.0973402772791723,cuda,39.7978515625
82,123,200,728,633,19,76,19,1.0,1.5535714285714286,177.02982483762003,0.08851491241881002,0.6200716845878136,173,106,2483.4054966137314,248.34054966137313,3145.3631267546552,314.5363126754655,149.8030433891242,14.980304338912422,3122.111838848219,312.21118388482193,3545.0,354.5,8,0.039026397985602757,0.0759136705184443,-0.00975053794603085,3.882401007398295e-05,0.000412368141378734,-0.007565810290658962,-0.0007600000000000005,0.0,-0.008,-0.0007999999999999999,-0.0049840028339531274,-0.000530102985378887,-0.00445389984857424,0.5822330066135951,0.28126667482512335,1.381539215360369,11,8,6975,0.0973402772791723,cuda,39.7978515625
83,124,200,981,822,68,91,67,0.9852941176470589,1.563710499490316,213.52066398168608,0.10676033199084305,0.7298245614035088,208,77,2659.7893170732063,265.9789317073206,4515.1369795408245,451.51369795408243,222.9667314923124,22.29667314923124,3348.993880720703,334.89938807207034,4570.0,457.0,5,0.04186242350900881,0.0913621373185762,-0.009479477805170828,-0.0005737803882324881,0.001294975382633136,-0.011260946025971797,-0.0009200000000000006,-2.5e-05,-0.005,-0.0004999999999999997,-0.0049840028339531274,-0.000530102985378887,-0.00445389984857424,0.5822330066135951,0.28126667482512335,1.381539215360369,11,8,6975,0.0973402772791723,cuda,39.7978515625
84,125,200,1040,880,35,125,35,1.0,1.4528846153846153,213.59229842335589,0.10679614921167795,0.7508771929824561,214,71,2457.2879529792094,245.72879529792095,3689.5949546840457,368.95949546840455,242.3166798335285,24.23166798335285,3095.959890692087,309.5959890692087,5025.0,502.5,6,0.03869949863365108,0.09823737793911437,-0.010708460844996213,-0.00012137373202482897,0.0007773232017683994,-0.012238215985834851,-0.001250000000000001,0.0,-0.006,-0.0006000000000000001,-0.0049840028339531274,-0.000530102985378887,-0.00445389984857424,0.5822330066135951,0.28126667482512335,1.381539215360369,11,8,6975,0.0973402772791723,cuda,39.7978515625
85,126,200,769,670,25,74,25,1.0,1.5266579973992198,188.4611711098821,0.09423058555494104,0.6936619718309859,197,87,2478.6371253550783,247.86371253550783,3157.8310947532536,315.7831094753254,172.44944377691212,17.244944377691212,3119.5218344344553,311.9521834434455,3720.0,372.0,8,0.038994022930430694,0.07846926741934243,-0.005582195239813505,0.00018948470206982626,0.000409573493893874,-0.008709567750982104,-0.0007400000000000004,0.0,-0.008,-0.0007999999999999996,-0.0049840028339531274,-0.000530102985378887,-0.00445389984857424,0.5822330066135951,0.28126667482512335,1.381539215360369,11,8,6975,0.0973402772791723,cuda,39.7978515625
86,127,200,934,751,67,116,67,1.0,1.5995717344753748,195.35804878750076,0.09767902439375038,0.7302158273381295,203,75,2677.4664695288766,267.74664695288766,4340.283104445004,434.0283104445004,233.8537888122014,23.38537888122014,3370.038873997236,337.00388739972357,4335.0,433.5,5,0.042125485924965456,0.08170036407974533,-0.009121026513828082,0.00030658484229520894,0.0011384132610917609,-0.011810797200519177,-0.0011600000000000009,0.0,-0.005,-0.0004999999999999998,-0.0049840028339531274,-0.000530102985378887,-0.00445389984857424,0.5822330066135951,0.28126667482512335,1.381539215360369,11,8,6975,0.0973402772791723,cuda,39.7978515625
87,128,200,683,636,10,37,10,1.0,1.5563689604685211,177.1477288469766,0.0885738644234883,0.6276595744680851,177,105,2484.3694449439254,248.43694449439255,2863.534006768678,286.3534006768678,163.51718356905224,16.351718356905224,3126.1915706613718,312.6191570661372,3365.0,336.5,10,0.039077394633267135,0.07789478942295698,-0.009135480510814599,0.00018453597917451563,0.00018106797139401496,-0.008258443072489751,-0.00037000000000000016,0.0,-0.01,-0.0010000000000000002,-0.0049840028339531274,-0.000530102985378887,-0.00445389984857424,0.5822330066135951,0.28126667482512335,1.381539215360369,11,8,6975,0.0973402772791723,cuda,39.7978515625
88,129,200,936,731,109,96,109,1.0,1.5993589743589745,193.36781346679876,0.09668390673339938,0.8374558303886925,237,46,2754.776593667988,275.4776593667988,4567.382457413088,456.7382457413088,235.0880515717832,23.508805157178323,3465.233715749608,346.52337157496083,4135.0,413.5,5,0.04331542144687011,0.07992335801924928,-0.00944928993408698,-2.8015517256800995e-05,0.0012555664402781055,-0.011873133721654305,-0.0009600000000000007,0.0,-0.005,-0.0004999999999999998,-0.0049840028339531274,-0.000530102985378887,-0.00445389984857424,0.5822330066135951,0.28126667482512335,1.381539215360369,11,8,6975,0.0973402772791723,cuda,39.7978515625
89,130,200,939,785,60,94,55,0.9166666666666666,1.5814696485623003,211.3706385433802,0.1056853192716901,0.708185053380783,199,82,2651.376073970209,265.1376073970209,4241.361813432979,424.1361813432979,214.6242913449847,21.46242913449847,3335.3379828172624,333.53379828172626,4420.0,442.0,5,0.04169172478521575,0.08946842062231156,-0.00898776252016416,-3.173489805730759e-05,0.0010948374953931098,-0.010839610509175736,-0.0009900000000000006,-0.000125,-0.005,-0.0005955557038331752,-0.01891959904626544,-0.0014610251943979944,-0.017458573851867446,0.5954870462417603,0.24410943857261114,1.3721213068280902,12,8,7168,0.10217606153931841,cuda,40.716796875
90,131,200,936,802,72,62,71,0.9861111111111112,1.547008547008547,211.57471489952135,0.10578735744976067,0.7885304659498208,220,59,2555.374066906103,255.5374066906103,4039.998914107093,403.99989141070927,211.49016953363804,21.149016953363805,3213.509151783294,321.3509151783294,4325.0,432.5,6,0.04016886439729117,0.0923481564818685,-0.009516011421654024,-0.00029295443425676537,0.0010156245758230808,-0.010681322149311275,-0.0006300000000000004,-2.5e-05,-0.006,-0.0006000000000000002,-0.01891959904626544,-0.0014610251943979944,-0.017458573851867446,0.5954870462417603,0.24410943857261114,1.3721213068280902,12,8,7168,0.10217606153931841,cuda,40.716796875
91,132,200,841,770,8,63,8,1.0,1.4470868014268727,202.7827060266379,0.10139135301331895,0.647887323943662,184,100,2369.4415686207594,236.94415686207594,2784.8076602160972,278.4807660216097,179.90465097281466,17.990465097281465,2981.1049242973077,298.11049242973075,4165.0,416.5,9,0.03726381155371634,0.09328582899835641,-0.010194375287345578,0.00045218127405485077,0.0002000000000000001,-0.009086093525462908,-0.0006300000000000004,0.0,-0.009,-0.0009000000000000002,-0.01891959904626544,-0.0014610251943979944,-0.017458573851867446,0.5954870462417603,0.24410943857261114,1.3721213068280902,12,8,7168,0.10217606153931841,cuda,40.716796875
92,133,200,900,771,58,71,58,1.0,1.448888888888889,210.22458561463824,0.10511229280731912,0.46153846153846156,132,154,2373.8346985565463,237.38346985565462,3174.0605170281838,317.4060517028184,196.3936490899298,19.63936490899298,2987.394174052685,298.73941740526845,4210.0,421.0,8,0.03734242717565855,0.0946964675604982,-0.008246934242370866,0.0002593364173851525,0.0004898673894641336,-0.009918871493315894,-0.0007100000000000005,0.0,-0.008,-0.0007999999999999991,-0.01891959904626544,-0.0014610251943979944,-0.017458573851867446,0.5954870462417603,0.24410943857261114,1.3721213068280902,12,8,7168,0.10217606153931841,cuda,40.716796875
93,134,200,1007,847,56,104,56,1.0,1.4945382323733862,206.06512044299612,0.10303256022149807,0.7137809187279152,202,81,2479.9797783201107,247.99797783201106,4087.6000009075265,408.76000009075267,233.26644991914833,23.326644991914833,3121.084397808095,312.10843978080953,4755.0,475.5,5,0.0390135549726012,0.09223788352859745,-0.011205309648671105,0.00021684709004593918,0.001090718220879476,-0.011781133941954904,-0.0010400000000000008,0.0,-0.005,-0.0005000000000000001,-0.01891959904626544,-0.0014610251943979944,-0.017458573851867446,0.5954870462417603,0.24410943857261114,1.3721213068280902,12,8,7168,0.10217606153931841,cuda,40.716796875
94,135,200,777,733,2,42,2,1.0,1.4362934362934363,197.9869735534163,0.09899348677670815,0.6219081272084805,176,107,2275.6438399420526,227.56438399420526,2467.005625673058,246.7005625673058,179.49883628222,17.949883628222,2862.379679763441,286.23796797634407,3875.0,387.5,10,0.035779745997043026,0.08852473674162631,-0.005208726248641775,0.0003571540640894917,2.617407252853826e-05,-0.009065597849937422,-0.0004200000000000002,0.0,-0.01,-0.0010000000000000009,-0.01891959904626544,-0.0014610251943979944,-0.017458573851867446,0.5954870462417603,0.24410943857261114,1.3721213068280902,12,8,7168,0.10217606153931841,cuda,40.716796875
95,136,200,809,736,10,63,10,1.0,1.431396786155748,197.01218448619358,0.09850609224309678,0.4859154929577465,138,146,2354.046850403409,235.4046850403409,2822.4176143720438,282.2417614372044,169.89729843132002,16.989729843132004,2958.1247195337346,295.81247195337346,3995.0,399.5,9,0.03697655899417167,0.08955226309493816,-0.009415683957740194,0.00025362591965887585,0.0002500000000000001,-0.008580671807931492,-0.0006300000000000004,0.0,-0.009,-0.0009000000000000008,-0.01891959904626544,-0.0014610251943979944,-0.017458573851867446,0.5954870462417603,0.24410943857261114,1.3721213068280902,12,8,7168,0.10217606153931841,cuda,40.716796875
96,137,200,959,840,30,89,30,1.0,1.4911366006256517,197.80006106231082,0.09890003053115541,0.6413043478260869,177,99,2607.1914311865503,260.71914311865504,3707.062521055189,370.7062521055189,221.23199083761472,22.12319908376147,3278.0500853557455,327.80500853557453,4645.0,464.5,7,0.0409756260669468,0.08882439125613764,-0.01145874675045319,-0.00038699854460905474,0.0007090912969535144,-0.011173332793820347,-0.0008900000000000006,0.0,-0.007,-0.0006999999999999997,-0.01891959904626544,-0.0014610251943979944,-0.017458573851867446,0.5954870462417603,0.24410943857261114,1.3721213068280902,12,8,7168,0.10217606153931841,cuda,40.716796875
97,138,200,836,797,0,39,0,0.0,1.3588516746411483,210.71493878897414,0.10535746939448706,0.5384615384615384,154,132,2254.1834865151923,225.41834865151924,2400.0,240.0,166.47402301218068,16.64740230121807,2833.525976987819,283.3525976987819,4180.0,418.0,10,0.03541907471234774,0.09686962715029102,-0.007360419331269272,0.00022696583726972795,0.0,-0.008407778974152054,-0.00039000000000000016,0.0,-0.01,-0.0009999999999999998,-0.008003551619393486,-0.0008153767990214484,-0.007188174820372036,0.7697835326194763,0.21333421553884233,1.3551493985312326,13,8,6593,0.10102203445037483,cuda,41.25927734375
98,139,200,1028,828,90,110,88,0.9777777777777777,1.5856031128404668,220.87073966803106,0.11043536983401553,0.8,228,57,2758.897342512554,275.8897342512554,4741.780006923028,474.1780006923028,235.33621324021868,23.53362132402187,3471.7891246718477,347.1789124671848,4700.0,470.0,4,0.043397364058398114,0.09374837231447317,-0.010040754078958386,-0.000601507551441662,0.0013875622942135762,-0.011885667202669288,-0.0011200000000000008,-5e-05,-0.004,-0.00039999999999999996,-0.008003551619393486,-0.0008153767990214484,-0.007188174820372036,0.7697835326194763,0.21333421553884233,1.3551493985312326,13,8,6593,0.10102203445037483,cuda,41.25927734375
99,140,200,853,800,3,50,3,1.0,1.3939038686987104,210.29540775771645,0.10514770387885822,0.6405693950177936,180,101,2334.0494208028244,233.40494208028244,2592.0000000000005,259.20000000000005,186.47380603916207,18.647380603916208,2933.5261939608386,293.35261939608387,4250.0,425.0,10,0.036669077424510484,0.096648042993213,-0.007261841710523653,-6.470630077324058e-05,7.500000000000001e-05,-0.009417868527568358,-0.0005000000000000002,0.0,-0.01,-0.0009999999999999996,-0.008003551619393486,-0.0008153767990214484,-0.007188174820372036,0.7697835326194763,0.21333421553884233,1.3551493985312326,13,8,6593,0.10102203445037483,cuda,41.25927734375
100,141,200,921,865,13,43,13,1.0,1.3528773072747013,224.75612413263374,0.11237806206631687,0.5368421052631579,153,132,2310.8209279859952,231.08209279859952,2788.2971665803148,278.8297166580315,188.0312925579269,18.80312925579269,2904.6544365547697,290.465443655477,4540.0,454.0,9,0.03630818045693464,0.10411721557859904,-0.008539805315047319,7.35724896146802e-05,0.0002454285806954358,-0.009496529724479345,-0.0004300000000000002,0.0,-0.009,-0.0008999999999999998,-0.008003551619393486,-0.0008153767990214484,-0.007188174820372036,0.7697835326194763,0.21333421553884233,1.3551493985312326,13,8,6593,0.10102203445037483,cuda,41.25927734375
101,142,200,677,597,12,68,12,1.0,1.5790251107828657,167.81808776404594,0.08390904388202297,0.5745454545454546,158,117,2554.464145143067,255.4464145143067,3054.0869122918693,305.40869122918696,161.04576301234943,16.104576301234943,3215.79584698,321.579584698,3325.0,332.5,8,0.04019744808724997,0.06771986851129674,-0.006820949001481739,0.0002471516149242513,0.0002754793939828045,-0.008133624354596173,-0.0006800000000000004,0.0,-0.008,-0.0008963303693529008,-0.008003551619393486,-0.0008153767990214484,-0.007188174820372036,0.7697835326194763,0.21333421553884233,1.3551493985312326,13,8,6593,0.10102203445037483,cuda,41.25927734375
102,143,200,737,688,10,39,10,1.0,1.5006784260515604,195.1973603454098,0.0975986801727049,0.5833333333333334,161,115,2426.20457038469,242.62045703846903,2889.698523627513,288.96985236275134,161.87987707239583,16.187987707239582,3050.243277461996,305.0243277461996,3635.0,363.5,9,0.03812804096827493,0.08330361787029322,-0.0058270935927151775,0.00020986634387986416,0.0002500000000000001,-0.008175751417027942,-0.00039000000000000016,0.0,-0.009,-0.0009000000000000006,-0.008003551619393486,-0.0008153767990214484,-0.007188174820372036,0.7697835326194763,0.21333421553884233,1.3551493985312326,13,8,6593,0.10102203445037483,cuda,41.25927734375
103,144,200,698,662,6,30,6,1.0,1.511461318051576,187.1585659620623,0.09357928298103116,0.5551601423487544,156,125,2435.612067356191,243.5612067356191,2727.644915092891,272.7644915092891,140.8246722846815,14.08246722846815,3063.953399648375,306.3953399648375,3460.0,346.0,10,0.038299417495604705,0.08179969054854232,-0.008409551180585636,0.00017409699747704377,0.00012798629495816056,-0.007112357174965402,-0.0003000000000000001,0.0,-0.01,-0.0010000000000000005,-0.008003551619393486,-0.0008153767990214484,-0.007188174820372036,0.7697835326194763,0.21333421553884233,1.3551493985312326,13,8,6593,0.10102203445037483,cuda,41.25927734375
104,145,200,843,712,81,50,81,1.0,1.597864768683274,199.54132678712395,0.09977066339356197,0.7259786476868327,204,77,2617.622106863243,261.7622106863243,3884.935815113295,388.4935815113295,185.468851199979,18.546885119997903,3292.6160332458303,329.261603324583,3810.0,381.0,7,0.04115770041557285,0.08404813761457595,-0.008494117817064165,-0.00023524613302133892,0.000861303052778629,-0.009367113739280102,-0.0005000000000000002,0.0,-0.007,-0.0007000000000000006,-0.008003551619393486,-0.0008153767990214484,-0.007188174820372036,0.7697835326194763,0.21333421553884233,1.3551493985312326,13,8,6593,0.10102203445037483,cuda,41.25927734375
105,146,200,945,802,43,100,43,1.0,1.5576719576719578,203.87942914214312,0.10193971457107157,0.7247386759581882,208,79,2734.270278716472,273.4270278716472,4174.2153038159795,417.42153038159796,225.00117427698729,22.50011742769873,3440.060150006035,344.0060150006035,4510.0,451.0,6,0.043000751875075446,0.08943595519226735,-0.012046460974350363,-0.00045727843477501404,0.0009704423784293428,-0.011363695465575271,-0.0010000000000000007,0.0,-0.006,-0.0006000000000000003,-0.05405618079239503,-0.011044945765752346,-0.04301123502664268,0.5634338051080704,0.227232026681304,1.271315371990204,14,8,7193,0.10161387708408057,cuda,41.25537109375
106,147,200,791,759,1,31,1,1.0,1.3792667509481669,202.06482151033285,0.10103241075516642,0.575,161,119,2308.6189980067643,230.86189980067644,2464.0,246.4,137.83971447036433,13.783971447036432,2902.160285529635,290.2160285529635,3950.0,395.0,10,0.03627700356912044,0.08903673871750208,-0.006008517648523264,-2.621197022831596e-05,2.5000000000000005e-05,-0.006961601912704608,-0.0003100000000000001,0.0,-0.01,-0.0010000000000000002,-0.05405618079239503,-0.011044945765752346,-0.04301123502664268,0.5634338051080704,0.227232026681304,1.271315371990204,14,8,7193,0.10161387708408057,cuda,41.25537109375
107,148,200,1081,900,133,48,133,1.0,1.5615171137835338,211.34350620440588,0.10567175310220295,0.7733812949640287,215,63,2559.584822385574,255.95848223855742,4830.511321862174,483.0511321862174,250.1312204416892,25.01312204416892,3218.9383557221695,321.893835572217,4740.0,474.0,3,0.040236729446527134,0.09786653270754594,-0.017277388956785197,-0.00034689869119229394,0.0016056684851024163,-0.01263288988899501,-0.0004800000000000003,0.0,-0.003,-0.0002999999999999998,-0.05405618079239503,-0.011044945765752346,-0.04301123502664268,0.5634338051080704,0.227232026681304,1.271315371990204,14,8,7193,0.10161387708408057,cuda,41.25537109375
108,149,200,888,814,24,50,24,1.0,1.4662162162162162,211.26830106982496,0.10563415053491249,0.7007042253521126,199,85,2489.6019529540995,248.96019529540996,3142.6421160153895,314.26421160153893,182.93659715074668,18.293659715074668,3131.214725358872,313.12147253588716,4320.0,432.0,9,0.039140184066985904,0.0954434195537676,-0.00989185512684934,0.00019777925913950448,0.0003838445765685113,-0.00923922179469963,-0.0005000000000000002,0.0,-0.009,-0.0009000000000000008,-0.05405618079239503,-0.011044945765752346,-0.04301123502664268,0.5634338051080704,0.227232026681304,1.271315371990204,14,8,7193,0.10161387708408057,cuda,41.25537109375
109,150,200,1051,909,93,49,93,1.0,1.5480494766888677,205.22299590447435,0.10261149795223717,0.8267148014440433,229,48,2595.5029747742865,259.55029747742867,4680.038921518641,468.0038921518641,259.8891384676608,25.98891384676608,3265.1351874814895,326.51351874814895,4790.0,479.0,4,0.0408141898435186,0.09658696992066065,-0.01737909649562111,-0.0008479909675645578,0.0014531402037182225,-0.013125714552474754,-0.0004900000000000003,0.0,-0.004,-0.0004000000000000001,-0.05405618079239503,-0.011044945765752346,-0.04301123502664268,0.5634338051080704,0.227232026681304,1.271315371990204,14,8,7193,0.10161387708408057,cuda,41.25537109375
110,151,200,678,651,1,26,1,1.0,1.452802359882006,183.78207229391145,0.09189103614695572,0.37857142857142856,106,174,2286.815281370348,228.68152813703483,2403.156131729789,240.3156131729789,128.18512646936261,12.818512646936261,2873.7874558617564,287.3787455861756,3385.0,338.5,10,0.035922343198271915,0.08110780090370567,-0.007632344487068243,0.00022599992597256948,1.2328639569489139e-06,-0.006473996257883214,-0.0002600000000000001,0.0,-0.01,-0.0009999999999999998,-0.05405618079239503,-0.011044945765752346,-0.04301123502664268,0.5634338051080704,0.227232026681304,1.271315371990204,14,8,7193,0.10161387708408057,cuda,41.25537109375
111,152,200,811,764,9,38,9,1.0,1.4562268803945746,206.95933439138165,0.10347966719569082,0.6423611111111112,185,103,2530.8981091791093,253.08981091791094,2976.0,297.6,177.98247711397528,17.79824771139753,3182.017522886025,318.2017522886025,4010.0,401.0,10,0.03977521903607531,0.09084998879803818,-0.0068799366377501675,-0.00012159006566474055,0.0002250000000000001,-0.008989013935007817,-0.0003800000000000002,0.0,-0.01,-0.0010000000000000005,-0.05405618079239503,-0.011044945765752346,-0.04301123502664268,0.5634338051080704,0.227232026681304,1.271315371990204,14,8,7193,0.10161387708408057,cuda,41.25537109375
112,153,200,948,838,51,59,50,0.9803921568627451,1.5,201.30157282881498,0.10065078641440749,0.7377622377622378,211,75,2557.6594285487845,255.76594285487846,3870.3622473585046,387.03622473585045,211.58341896362865,21.158341896362863,3216.4329802759494,321.64329802759494,4490.0,449.0,6,0.040205412253449375,0.09041134378935588,-0.012480703157728382,-0.00044687591711136635,0.0008726409482439595,-0.010686031501802142,-0.0006000000000000003,-2.5e-05,-0.006,-0.0005999999999999996,-0.05405618079239503,-0.011044945765752346,-0.04301123502664268,0.5634338051080704,0.227232026681304,1.271315371990204,14,8,7193,0.10161387708408057,cuda,41.25537109375
113,154,200,867,825,16,26,16,1.0,1.3817762399077278,207.1202408196687,0.10356012040983435,0.5709219858156028,161,121,2245.4620079060473,224.54620079060473,2652.826969867451,265.2826969867451,185.6644701363715,18.566447013637152,2822.352386030785,282.2352386030785,4255.0,425.5,9,0.035279404825384816,0.0987110773393005,-0.011386066120026855,0.00030018747340969013,0.0001925105351044732,-0.009376993643338312,-0.0002600000000000001,0.0,-0.009,-0.0008999999999999999,0.00456227060141308,0.000792556256055832,0.003769714345357248,0.8000160472733634,0.18214415865285055,1.2667530025754656,15,8,6733,0.10042401061457323,cuda,41.4189453125
114,155,200,724,672,7,45,7,1.0,1.5055248618784531,192.1539670533896,0.0960769835266948,0.5211267605633803,148,136,2437.1563662305393,243.71563662305394,2783.9321044497688,278.3932104449769,134.3754198719444,13.43754198719444,3065.5397106902656,306.55397106902655,3585.0,358.5,9,0.038319246383628325,0.0820079117756822,-0.00755076261317618,0.0002622254474144535,0.00017500000000000003,-0.0067866374668538,-0.00045000000000000026,0.0,-0.009,-0.0008999999999999993,0.00456227060141308,0.000792556256055832,0.003769714345357248,0.8000160472733634,0.18214415865285055,1.2667530025754656,15,8,6733,0.10042401061457323,cuda,41.4189453125
115,156,200,906,782,37,87,37,1.0,1.4591611479028697,197.41317650999295,0.09870658825499648,0.7809187279151943,221,62,2430.8385552432405,243.08385552432406,3504.790874422703,350.47908744227027,182.02795051755058,18.202795051755057,3058.8475546467907,305.8847554646791,4345.0,434.5,6,0.03823559443308489,0.0886846654486305,-0.01207675510797215,-0.00010665694675546156,0.0007125706799150219,-0.009193330497179695,-0.0008700000000000005,0.0,-0.006,-0.0006794997547266206,0.00456227060141308,0.000792556256055832,0.003769714345357248,0.8000160472733634,0.18214415865285055,1.2667530025754656,15,8,6733,0.10042401061457323,cuda,41.4189453125
116,157,200,696,654,12,30,12,1.0,1.5632183908045978,188.1163569739255,0.09405817848696274,0.6195652173913043,171,105,2432.31914091749,243.23191409174902,2950.263884001438,295.0263884001438,147.13719034366213,14.713719034366212,3060.692664658134,306.0692664658134,3420.0,342.0,9,0.038258658308226695,0.07871808827731339,-0.005807099941567051,0.00021970307952626762,0.0003,-0.007431171236536298,-0.0003000000000000001,0.0,-0.009,-0.0008999999999999999,0.00456227060141308,0.000792556256055832,0.003769714345357248,0.8000160472733634,0.18214415865285055,1.2667530025754656,15,8,6733,0.10042401061457323,cuda,41.4189453125
117,158,200,878,827,6,45,6,1.0,1.4225512528473805,215.92791801120728,0.10796395900560364,0.5842293906810035,163,116,2364.795803047533,236.47958030475328,2713.3401416127685,271.33401416127685,178.07782206898813,17.807782206898814,2973.5973549469727,297.35973549469725,4360.0,436.0,9,0.03716996693683716,0.10000844649723954,-0.01022217658414074,0.00020155153560689744,0.00015000000000000004,-0.008993829379939118,-0.00045000000000000026,0.0,-0.009,-0.0009000000000000008,0.00456227060141308,0.000792556256055832,0.003769714345357248,0.8000160472733634,0.18214415865285055,1.2667530025754656,15,8,6733,0.10042401061457323,cuda,41.4189453125
118,159,200,882,791,44,47,43,0.9772727272727273,1.5294784580498866,204.95829383494103,0.10247914691747051,0.6923076923076923,189,84,2526.3902448191916,252.63902448191917,3839.8747542762603,383.987475427626,207.61220883882504,20.761220883882505,3176.992646842459,317.6992646842459,4195.0,419.5,6,0.03971240808553069,0.08788443275848484,-0.008079440380407074,-0.0003323123915963546,0.000884524116977524,-0.010485465271519256,-0.0004800000000000003,-2.5e-05,-0.006,-0.0006000000000000001,0.00456227060141308,0.000792556256055832,0.003769714345357248,0.8000160472733634,0.18214415865285055,1.2667530025754656,15,8,6733,0.10042401061457323,cuda,41.4189453125
119,160,200,789,753,9,27,9,1.0,1.438529784537389,202.46537714121294,0.10123268857060647,0.5684210526315789,162,123,2395.974822273049,239.5974822273049,2826.9644402706335,282.69644402706336,161.37003538341796,16.137003538341794,3012.3355149548747,301.23355149548746,3900.0,390.0,9,0.037654193936935934,0.08997837671574083,-0.008350581645677783,4.570094941796178e-05,0.00022500000000000005,-0.008150001385810372,-0.00027000000000000006,0.0,-0.009,-0.0009,0.00456227060141308,0.000792556256055832,0.003769714345357248,0.8000160472733634,0.18214415865285055,1.2667530025754656,15,8,6733,0.10042401061457323,cuda,41.4189453125
120,161,200,991,833,65,93,65,1.0,1.4974772956609486,198.62883948883356,0.09931441974441678,0.8175182481751825,224,50,2496.309700466968,249.6309700466968,4047.567261566839,404.7567261566839,222.0954075978843,22.209540759788432,3138.903276793406,313.8903276793406,4630.0,463.0,5,0.039236290959917534,0.08905474429076012,-0.012070435019826157,-0.00031452830909858636,0.001055287745354535,-0.011216939922690771,-0.0009300000000000006,0.0,-0.005,-0.0005000000000000001,0.00456227060141308,0.000792556256055832,0.003769714345357248,0.8000160472733634,0.18214415865285055,1.2667530025754656,15,8,6733,0.10042401061457323,cuda,41.4189453125
121,162,200,825,767,32,26,32,1.0,1.5321212121212122,198.19918701126286,0.09909959350563144,0.6395759717314488,181,102,2472.769141733336,247.27691417333358,3568.9028327660553,356.89028327660554,175.25648857455573,17.52564885745557,3111.3234707666097,311.13234707666095,3965.0,396.5,7,0.03889154338458263,0.08750299205440198,-0.011341653005075636,0.00016457862935988208,0.0006934702935289745,-0.008851337851166196,-0.0002600000000000001,0.0,-0.007,-0.0007000000000000001,0.0010545082539465513,-0.0013603299972601234,0.0024148382512066747,0.5506663531064987,0.20181306190788745,1.1996986627578736,16,8,7904,0.10506440257353489,cuda,40.8466796875
122,163,200,1177,1019,103,55,102,0.9902912621359223,1.5267629566694987,229.10083935171107,0.11455041967585554,0.7964285714285714,223,57,2670.159541229657,267.0159541229657,5201.130121344526,520.1130121344526,281.99461635861826,28.199461635861827,3361.0981083558427,336.10981083558426,5375.0,537.5,2,0.04201372635444802,0.10707430938148109,-0.018359884244275915,-0.0009196190800327078,0.0017690390112907824,-0.014242151747055846,-0.0005600000000000003,-2.5e-05,-0.002,-0.0001999999999999994,0.0010545082539465513,-0.0013603299972601234,0.0024148382512066747,0.5506663531064987,0.20181306190788745,1.1996986627578736,16,8,7904,0.10506440257353489,cuda,40.8466796875
123,164,200,1006,871,27,108,27,1.0,1.4095427435387673,224.06406094989413,0.11203203047494706,0.5652173913043478,156,120,2485.892863999055,248.5892863999055,3418.035954358615,341.8035954358615,202.24417009160612,20.22441700916061,3126.4667918923324,312.6466791892332,4895.0,489.5,7,0.03908083489865415,0.10206758604777273,-0.010597451779657293,-0.0001144829817913654,0.0005898962381027055,-0.010214351948133861,-0.0010800000000000007,0.0,-0.007,-0.000699999999999999,0.0010545082539465513,-0.0013603299972601234,0.0024148382512066747,0.5506663531064987,0.20181306190788745,1.1996986627578736,16,8,7904,0.10506440257353489,cuda,40.8466796875
124,165,200,847,761,52,34,52,1.0,1.525383707201889,196.09374923013337,0.09804687461506668,0.7338129496402878,204,74,2473.567244551533,247.35672445515328,3603.8959185005324,360.38959185005325,192.4136522026029,19.24136522026029,3110.0212968602295,311.00212968602295,3975.0,397.5,7,0.0388752662107529,0.08491444037476771,-0.008933479589855978,0.0001969874020223307,0.0007515218431642687,-0.009717861625784498,-0.00034000000000000013,0.0,-0.007,-0.0006999999999999997,0.0010545082539465513,-0.0013603299972601234,0.0024148382512066747,0.5506663531064987,0.20181306190788745,1.1996986627578736,16,8,7904,0.10506440257353489,cuda,40.8466796875
125,166,200,1060,910,57,93,57,1.0,1.4867924528301886,217.01603613143118,0.10850801806571558,0.7809187279151943,221,62,2626.486017983774,262.6486017983774,4216.4128412313285,421.64128412313283,227.9372653339504,22.793726533395038,3303.0877274042314,330.30877274042314,5015.0,501.5,5,0.041288596592552906,0.10197083337453824,-0.017575078846545352,-0.00024269705949020367,0.0010871819117506114,-0.011511983072247736,-0.0009300000000000006,0.0,-0.005,-0.0005788348348430047,0.0010545082539465513,-0.0013603299972601234,0.0024148382512066747,0.5506663531064987,0.20181306190788745,1.1996986627578736,16,8,7904,0.10506440257353489,cuda,40.8466796875
126,167,200,1003,837,32,134,32,1.0,1.452642073778664,199.3647062308598,0.0996823531154299,0.7789473684210526,222,63,2538.8448102579014,253.88448102579014,3460.175059244757,346.0175059244757,201.5322032666242,20.15322032666242,3198.3622701740182,319.8362270174018,4855.0,485.5,5,0.03997952837717525,0.09046640743746714,-0.014155548541029017,-0.00016529181157999052,0.0005783277191345638,-0.010178394293330758,-0.001340000000000001,0.0,-0.005,-0.0005026757724073156,0.0010545082539465513,-0.0013603299972601234,0.0024148382512066747,0.5506663531064987,0.20181306190788745,1.1996986627578736,16,8,7904,0.10506440257353489,cuda,40.8466796875
127,168,200,846,800,16,30,16,1.0,1.4113475177304964,196.58420024191787,0.09829210012095893,0.7978723404255319,225,57,2328.0748344996705,232.80748344996704,2761.3416931896563,276.13416931896563,150.3343955461851,15.03343955461851,2925.50416269735,292.55041626973497,4150.0,415.0,9,0.03656880203371687,0.0970589830379965,-0.017780479089674894,2.541675791422643e-06,0.00023489909890220958,-0.007592646635772934,-0.0003000000000000001,0.0,-0.009,-0.0009,0.0010545082539465513,-0.0013603299972601234,0.0024148382512066747,0.5506663531064987,0.20181306190788745,1.1996986627578736,16,8,7904,0.10506440257353489,cuda,40.8466796875
128,169,200,1140,917,115,108,115,1.0,1.499122807017544,220.6076620293481,0.11030383101467404,0.6702508960573477,187,92,2642.6753111977782,264.2675311197778,4616.007802153875,461.6007802153875,235.6556737079857,23.56556737079857,3326.604661587188,332.6604661587188,5125.0,512.5,3,0.04158255826983981,0.09780483338703129,-0.013502167254837511,-0.0006794350170160667,0.001379843385873234,-0.011901801756217004,-0.0010800000000000007,0.0,-0.003,-0.0002999999999999996,0.0010545082539465513,-0.0013603299972601234,0.0024148382512066747,0.5506663531064987,0.20181306190788745,1.1996986627578736,16,8,7904,0.10506440257353489,cuda,40.8466796875
129,170,200,913,865,17,31,17,1.0,1.447973713033954,220.63152892018798,0.11031576446009399,0.7318840579710145,202,74,2534.0852057575053,253.40852057575052,3235.423208956628,323.5423208956628,184.24345130222997,18.424345130222996,3187.896054295662,318.7896054295662,4480.0,448.0,9,0.03984870067869578,0.09972342403539128,-0.010212767282075326,5.154481629935923e-05,0.00042008719099868223,-0.00930522497921545,-0.0003100000000000001,0.0,-0.009,-0.0008999999999999987,-0.0002228416660467961,-0.00011236504901067487,-0.00011047661703612123,0.6706293378557477,0.15188288177762713,1.2038724218096053,17,8,7029,0.10507951894446145,cuda,41.64892578125
130,171,200,746,720,1,25,1,1.0,1.3806970509383378,198.56418950737782,0.0992820947536889,0.5611510791366906,156,122,2282.6185301762644,228.26185301762644,2407.779920871891,240.77799208718912,135.71191617298356,13.571191617298357,2869.150534371948,286.91505343719484,3725.0,372.5,10,0.03586438167964935,0.08884239238093337,-0.007593266621663933,0.00026968550821563334,3.0390315905827367e-06,-0.00685413722503614,-0.00025000000000000006,0.0,-0.01,-0.0010000000000000009,-0.0002228416660467961,-0.00011236504901067487,-0.00011047661703612123,0.6706293378557477,0.15188288177762713,1.2038724218096053,17,8,7029,0.10507951894446145,cuda,41.64892578125
131,172,200,976,856,81,39,81,1.0,1.5881147540983607,218.26292332676212,0.10913146166338106,0.7624113475177305,215,67,2616.061386010521,261.60613860105207,4416.359075695962,441.6359075695962,220.30130316885683,22.030130316885682,3290.491928358349,329.0491928358349,4475.0,447.5,5,0.041131149104479334,0.0943385391780627,-0.010950053553679368,0.0003721204970630562,0.0012560347581829679,-0.011126328320727748,-0.00039000000000000016,0.0,-0.005,-0.0004999999999999996,-0.0002228416660467961,-0.00011236504901067487,-0.00011047661703612123,0.6706293378557477,0.15188288177762713,1.2038724218096053,17,8,7029,0.10507951894446145,cuda,41.64892578125
132,173,200,861,762,27,72,27,1.0,1.4518002322880372,206.39921445489483,0.10319960722744742,0.6007067137809188,170,113,2499.8054467201523,249.98054467201524,3228.8184133293144,322.88184133293146,172.4358920365424,17.243589203654242,3145.4101027502597,314.541010275026,4170.0,417.0,7,0.03931762628437824,0.09111972540449642,-0.010505647918462662,-5.2073899449237544e-05,0.00044886063867177474,-0.008708883282187203,-0.0007200000000000004,0.0,-0.007,-0.0006999999999999996,-0.0002228416660467961,-0.00011236504901067487,-0.00011047661703612123,0.6706293378557477,0.15188288177762713,1.2038724218096053,17,8,7029,0.10507951894446145,cuda,41.64892578125
133,174,200,945,869,38,38,38,1.0,1.42010582010582,212.17046200753876,0.10608523100376938,0.6170212765957447,174,108,2353.1183615551327,235.31183615551328,3113.1243122118444,311.31243122118445,184.10458387843596,18.410458387843597,2961.5981112539666,296.1598111253967,4535.0,453.5,8,0.037019976390674586,0.09982509340037082,-0.012472179370605154,-0.00027551236844719837,0.00046606418445775086,-0.009298211232681281,-0.0003800000000000002,0.0,-0.008,-0.0007999999999999997,-0.0002228416660467961,-0.00011236504901067487,-0.00011047661703612123,0.6706293378557477,0.15188288177762713,1.2038724218096053,17,8,7029,0.10507951894446145,cuda,41.64892578125
134,175,200,713,692,1,20,1,1.0,1.4403927068723703,191.73272112846416,0.09586636056423208,0.6357142857142857,178,102,2304.576331118904,230.4576331118904,2464.0000000000005,246.40000000000003,142.63603180891278,14.263603180891277,2897.3639681910877,289.7363968191088,3560.0,356.0,10,0.036217049602388585,0.0837681774902168,-0.00568868563544922,-5.1341064687952256e-05,2.4999999999999998e-05,-0.007203839828236076,-0.00020000000000000004,0.0,-0.01,-0.0010000000000000005,-0.0002228416660467961,-0.00011236504901067487,-0.00011047661703612123,0.6706293378557477,0.15188288177762713,1.2038724218096053,17,8,7029,0.10507951894446145,cuda,41.64892578125
135,176,200,853,821,3,29,3,1.0,1.3950762016412661,211.8410865826951,0.10592054329134756,0.6346863468634686,172,99,2324.446367470321,232.44463674703212,2533.478677652467,253.3478677652467,160.40194318987105,16.040194318987105,2923.022230342921,292.30222303429207,4250.0,425.0,10,0.03653777787928652,0.09655464745748832,-0.008024288925560629,0.00019137468509908482,5.2140108457994686e-05,-0.008101107913423779,-0.0002900000000000001,0.0,-0.01,-0.001,-0.0002228416660467961,-0.00011236504901067487,-0.00011047661703612123,0.6706293378557477,0.15188288177762713,1.2038724218096053,17,8,7029,0.10507951894446145,cuda,41.64892578125
136,177,200,1022,881,58,83,58,1.0,1.4403131115459882,221.67017718346247,0.11083508859173123,0.6231884057971014,172,104,2464.749774898681,246.4749774898681,3463.0317405523606,346.30317405523607,191.80304729808583,19.180304729808583,3103.070618527301,310.3070618527301,4820.0,482.0,6,0.03878838273159125,0.10093502282443156,-0.012023984700305914,-0.00029527073816729767,0.0006461975061656634,-0.00968702260207086,-0.0008300000000000006,0.0,-0.006,-0.0006982364299132197,-0.0002228416660467961,-0.00011236504901067487,-0.00011047661703612123,0.6706293378557477,0.15188288177762713,1.2038724218096053,17,8,7029,0.10507951894446145,cuda,41.64892578125
137,178,200,900,872,5,23,5,1.0,1.3811111111111112,232.15241364941033,0.11607620682470517,0.5800711743772242,163,118,2401.9510791781763,240.19510791781764,2720.0,272.0,178.76027996807187,17.87602799680719,3021.2397200319288,302.1239720031929,4475.0,447.5,10,0.0377654965003991,0.10400920308315524,-0.005783241721803372,0.00021804563088780187,0.00012500000000000003,-0.009028296667933672,-0.00023000000000000006,0.0,-0.01,-0.0009999999999999994,-0.004291248931258451,0.0017762736068107187,-0.00606752253806917,0.6223900422453881,0.15753498822450637,1.1655824840068818,18,8,7274,0.10931276496530423,cuda,41.9482421875
138,179,200,855,818,11,26,11,1.0,1.4058479532163743,207.71156949064348,0.10385578474532174,0.5141843971631206,145,137,2304.0211438051483,230.40211438051483,2759.376026503582,275.9376026503582,177.554493839069,17.7554493839069,2897.0555227256696,289.70555227256693,4220.0,422.0,9,0.036213194034070854,0.09640105468341817,-0.010140307664902797,0.0002751107603763729,0.00023413126035296176,-0.008967398327993903,-0.0002600000000000001,0.0,-0.009,-0.0008999999999999995,-0.004291248931258451,0.0017762736068107187,-0.00606752253806917,0.6223900422453881,0.15753498822450637,1.1655824840068818,18,8,7274,0.10931276496530423,cuda,41.9482421875
139,180,200,1155,1050,59,46,59,1.0,1.412121212121212,235.07941552742284,0.11753970776371142,0.8172043010752689,228,51,2350.3617181479394,235.03617181479393,3916.557336147175,391.6557336147175,242.57676038759692,24.25767603875969,2955.2715747043876,295.52715747043874,5480.0,548.0,5,0.03694089468380486,0.1149951131230408,-0.0170750331988057,-0.0001668130701760184,0.0010568976233409158,-0.012251351397493438,-0.00046000000000000023,0.0,-0.005,-0.0004999999999999996,-0.004291248931258451,0.0017762736068107187,-0.00606752253806917,0.6223900422453881,0.15753498822450637,1.1655824840068818,18,8,7274,0.10931276496530423,cuda,41.9482421875
140,181,200,945,838,64,43,63,0.984375,1.51005291005291,222.2083304943717,0.11110416524718585,0.7473309608540926,210,71,2578.6506850191627,257.86506850191626,4041.9956526300516,404.1995652630052,190.83210290345625,19.083210290345626,3243.341913158913,324.3341913158913,4410.0,441.0,6,0.04054177391448642,0.09753467032098916,-0.010807166228003698,-0.0004673281017243055,0.0010052003435782448,-0.009637985002139877,-0.00044000000000000023,-2.5e-05,-0.006,-0.0006000000000000003,-0.004291248931258451,0.0017762736068107187,-0.00606752253806917,0.6223900422453881,0.15753498822450637,1.1655824840068818,18,8,7274,0.10931276496530423,cuda,41.9482421875
141,182,200,945,908,17,20,17,1.0,1.4253968253968254,230.53719106273755,0.11526859553136877,0.6968641114982579,200,87,2490.138289609495,249.01382896094952,3144.683612082493,314.4683612082493,182.17481626761662,18.21748162676166,3133.2524412839407,313.32524412839405,4640.0,464.0,9,0.03916565551604927,0.10823968279351384,-0.013103739229786552,-0.00011689714697494468,0.00038464203596972355,-0.009200748437402508,-0.00020000000000000004,0.0,-0.009,-0.0008999999999999994,-0.004291248931258451,0.0017762736068107187,-0.00606752253806917,0.6223900422453881,0.15753498822450637,1.1655824840068818,18,8,7274,0.10931276496530423,cuda,41.9482421875
142,183,200,1088,955,62,71,61,0.9838709677419355,1.5183823529411764,230.66671261263417,0.11533335630631708,0.7985865724381626,226,57,2611.3535548897903,261.13535548897903,4440.27296584381,444.027296584381,227.84784919440418,22.78478491944042,3285.709735290247,328.5709735290247,5135.0,513.5,4,0.04107137169112808,0.10517242043400704,-0.015047556530801526,-0.0004834020364611721,0.00127298976426257,-0.011507467015818076,-0.0007200000000000004,-2.5e-05,-0.004,-0.00039999999999999996,-0.004291248931258451,0.0017762736068107187,-0.00606752253806917,0.6223900422453881,0.15753498822450637,1.1655824840068818,18,8,7274,0.10931276496530423,cuda,41.9482421875
143,184,200,678,661,0,17,0,0.0,1.480825958702065,193.55546275711006,0.09677773137855503,0.5507246376811594,152,124,2294.0777713232815,229.40777713232814,2400.0000000000005,240.00000000000006,116.75170740879403,11.675170740879404,2883.248292591206,288.3248292591206,3390.0,339.0,10,0.03604060365739005,0.08107473740723443,-0.003168510746737515,-0.00010254803681895868,0.0,-0.0058965509025129545,-0.00017,0.0,-0.01,-0.0010000000000000007,-0.004291248931258451,0.0017762736068107187,-0.00606752253806917,0.6223900422453881,0.15753498822450637,1.1655824840068818,18,8,7274,0.10931276496530423,cuda,41.9482421875
144,185,200,708,689,1,18,1,1.0,1.4759887005649717,197.09314385053773,0.09854657192526886,0.5421245421245421,148,125,2317.36776131784,231.736776131784,2464.000000000001,246.4000000000001,126.29659316784043,12.629659316784043,2913.70340683216,291.370340683216,3535.0,353.5,10,0.03642129258540199,0.08508751328286733,-0.0058591080965386955,0.000430490113204095,2.5e-05,-0.006378615959665847,-0.00018,0.0,-0.01,-0.0010000000000000007,-0.004291248931258451,0.0017762736068107187,-0.00606752253806917,0.6223900422453881,0.15753498822450637,1.1655824840068818,18,8,7274,0.10931276496530423,cuda,41.9482421875
145,186,200,778,750,5,23,5,1.0,1.4408740359897172,194.0583761354271,0.09702918806771355,0.6996336996336996,191,82,2356.2095296905277,235.62095296905278,2597.3112701133764,259.73112701133766,158.8548881348551,15.885488813485509,2964.4646556860052,296.4464655686005,3865.0,386.5,10,0.03705580819607505,0.09099494990438968,-0.011795687930068327,-4.9982443650890666e-05,7.707471488803758e-05,-0.008022974373919916,-0.00023000000000000006,0.0,-0.01,-0.0010000000000000002,-0.008868258551228792,-0.001321752391231712,-0.0075465061599970795,0.5949657291173935,0.16341183781623841,1.1563255965709687,19,8,7373,0.10900387203144542,cuda,42.05224609375
146,187,200,816,794,2,20,2,1.0,1.3860294117647058,205.97510073676665,0.10298755036838332,0.6124567474048442,177,112,2325.248984815319,232.52489848153192,2528.0,252.8,156.3391250141747,15.63391250141747,2923.6608749858256,292.36608749858254,4070.0,407.0,10,0.036545760937322834,0.097055998759366,-0.011422406551741295,-0.00014588774657973324,5e-05,-0.007895915029984652,-0.00020000000000000004,0.0,-0.01,-0.0010000000000000009,-0.008868258551228792,-0.001321752391231712,-0.0075465061599970795,0.5949657291173935,0.16341183781623841,1.1563255965709687,19,8,7373,0.10900387203144542,cuda,42.05224609375
147,188,200,865,849,0,16,0,0.0,1.3653179190751445,225.38440297571296,0.11269220148785648,0.4070175438596491,116,169,2257.0431550244216,225.70431550244217,2400.0,240.0,161.63946504423075,16.163946504423073,2838.3605349557683,283.83605349557683,4325.0,432.5,10,0.0354795066869471,0.10433789816831517,-0.008092093364027652,0.0002904991760720254,0.0,-0.008163609179450205,-0.00016,0.0,-0.01,-0.0010000000000000002,-0.008868258551228792,-0.001321752391231712,-0.0075465061599970795,0.5949657291173935,0.16341183781623841,1.1563255965709687,19,8,7373,0.10900387203144542,cuda,42.05224609375
148,189,200,892,834,24,34,24,1.0,1.493273542600897,219.69868415007403,0.10984934207503702,0.6771929824561403,193,92,2539.3723333296966,253.93723333296967,3433.6581136609366,343.3658113660937,179.3400354502624,17.93400354502624,3194.250451524352,319.4250451524352,4340.0,434.0,8,0.03992813064405437,0.09816931726887539,-0.010389373339292391,-0.0002352063382265936,0.0005740513469384719,-0.009057577507312195,-0.00034000000000000013,0.0,-0.008,-0.0008000000000000003,-0.008868258551228792,-0.001321752391231712,-0.0075465061599970795,0.5949657291173935,0.16341183781623841,1.1563255965709687,19,8,7373,0.10900387203144542,cuda,42.05224609375
149,190,200,1026,959,23,44,23,1.0,1.357699805068226,222.08299785771246,0.11104149892885623,0.6931407942238267,192,85,2356.602786875267,235.66027868752673,2898.5732863379735,289.85732863379735,198.899407354832,19.8899407354832,2962.6119340599153,296.26119340599155,5015.0,501.5,8,0.03703264917574894,0.1124764179837319,-0.019184056280969093,-0.0001871377969870972,0.0002885657915673246,-0.010045424756968136,-0.00044000000000000023,0.0,-0.008,-0.0008995151872675688,-0.008868258551228792,-0.001321752391231712,-0.0075465061599970795,0.5949657291173935,0.16341183781623841,1.1563255965709687,19,8,7373,0.10900387203144542,cuda,42.05224609375
150,191,200,975,891,37,47,37,1.0,1.4574358974358974,233.00831150620598,0.116504155753103,0.6702508960573477,187,92,2476.505475038129,247.6505475038129,3552.7443815449296,355.27443815449294,183.221317541393,18.3221317541393,3116.0562628364382,311.6056262836438,4690.0,469.0,7,0.03895070328545544,0.10132322730917658,-0.007220670188069238,0.00016096428912066015,0.0007135330603458299,-0.009253602002926102,-0.00047000000000000026,0.0,-0.007,-0.0007000000000000004,-0.008868258551228792,-0.001321752391231712,-0.0075465061599970795,0.5949657291173935,0.16341183781623841,1.1563255965709687,19,8,7373,0.10900387203144542,cuda,42.05224609375
151,192,200,1031,880,87,64,79,0.9080459770114943,1.5344325897187197,224.01928360705716,0.11200964180352858,0.7472924187725631,207,70,2536.324482906532,253.6324482906532,4398.492762383019,439.8492762383019,222.25050824981116,22.225050824981118,3194.3727468802936,319.43727468802933,4760.0,476.0,4,0.03992965933600367,0.09922168051521041,-0.011657197867193865,-0.0002406599030497132,0.0013009329361554195,-0.011224773213597192,-0.0007200000000000004,-0.00019999999999999998,-0.004,-0.0003999999999999996,-0.008868258551228792,-0.001321752391231712,-0.0075465061599970795,0.5949657291173935,0.16341183781623841,1.1563255965709687,19,8,7373,0.10900387203144542,cuda,42.05224609375
152,193,200,990,903,27,60,26,0.9629629629629629,1.3808080808080807,219.83479553417024,0.10991739776708512,0.6992753623188406,193,83,2337.4883778875815,233.74883778875815,3154.389699994715,315.4389699994715,184.6775057494554,18.46775057494554,2938.0547670663314,293.80547670663316,4820.0,482.0,7,0.036725684588329144,0.10271529123429386,-0.012149220439759394,-0.00022487008696470235,0.0005126592826110038,-0.009327146811424915,-0.0006100000000000003,-2.5e-05,-0.007,-0.0007000000000000001,-0.008868258551228792,-0.001321752391231712,-0.0075465061599970795,0.5949657291173935,0.16341183781623841,1.1563255965709687,19,8,7373,0.10900387203144542,cuda,42.05224609375
153,194,200,1116,976,18,122,18,1.0,1.3476702508960574,239.9963859073694,0.11999819295368469,0.7473684210526316,213,72,2284.269820548336,228.42698205483362,3031.774947920438,303.17749479204383,194.82095213376556,19.482095213376557,2874.897732766782,287.4897732766782,5490.0,549.0,6,0.03593622165958479,0.11233552604280572,-0.011049428591155175,-1.4684093873995649e-05,0.00044999999999999945,-0.009839442063676576,-0.0012200000000000008,0.0,-0.006,-0.0006000000000000017,-0.00018394912331132218,0.0028098723094444724,-0.0029938214327557945,0.6636733546853065,0.16597680263221265,1.0453106701374053,20,8,7579,0.10832991380901487,cuda,41.494140625
154,195,200,780,723,28,29,28,1.0,1.5384615384615385,188.39465899616093,0.09419732949808046,0.7624113475177305,215,67,2413.2804952083948,241.32804952083947,3385.5440194961693,338.55440194961693,169.4590711861375,16.94590711861375,3034.5610411725766,303.45610411725767,3760.0,376.0,7,0.03793201301465719,0.08141334128870517,-0.009105388080897066,-0.00011154152496994227,0.0006174436950071857,-0.008558538894421992,-0.0002900000000000001,0.0,-0.007,-0.0007000000000000001,-0.00018394912331132218,0.0028098723094444724,-0.0029938214327557945,0.6636733546853065,0.16597680263221265,1.0453106701374053,20,8,7579,0.10832991380901487,cuda,41.494140625
155,196,200,889,813,41,35,40,0.975609756097561,1.4814398200224972,211.89074077758778,0.1059453703887939,0.7887323943661971,224,60,2477.433474969655,247.7433474969655,3494.8341550496257,349.4834155049626,174.97736805847023,17.497736805847023,3116.663634753748,311.6663634753748,4245.0,424.5,7,0.0389582954344218,0.09292578688547914,-0.009609373697804768,-7.391108510132874e-05,0.0006668135568748826,-0.008837240705075994,-0.00036000000000000013,-2.5e-05,-0.007,-0.0007000000000000004,-0.00018394912331132218,0.0028098723094444724,-0.0029938214327557945,0.6636733546853065,0.16597680263221265,1.0453106701374053,20,8,7579,0.10832991380901487,cuda,41.494140625
156,197,200,846,825,3,18,3,1.0,1.4231678486997636,211.258059586722,0.105629029793361,0.7132616487455197,199,80,2354.4484349617537,235.44484349617537,2592.000000000001,259.2000000000001,157.89550821191764,15.789550821191764,2962.1044917880827,296.2104491788083,4215.0,421.5,10,0.03702630614735105,0.09977554460846862,-0.012315562050536395,0.00022226187791966515,7.500000000000001e-05,-0.007974520789841925,-0.00018,0.0,-0.01,-0.0009999999999999998,-0.00018394912331132218,0.0028098723094444724,-0.0029938214327557945,0.6636733546853065,0.16597680263221265,1.0453106701374053,20,8,7579,0.10832991380901487,cuda,41.494140625
157,198,200,858,799,0,59,0,0.0,1.3228438228438228,209.3338848859866,0.10466694244299331,0.5528169014084507,157,127,2266.7289287530616,226.67289287530616,2398.9677304650163,239.89677304650164,150.78623593746136,15.078623593746135,2847.9234271438086,284.7923427143809,4290.0,429.0,9,0.03559904283929762,0.09319357697463704,-0.005935970383895268,1.2533545487454403e-05,0.0,-0.007615466374830265,-0.0005900000000000004,0.0,-0.009,-0.0009967741577031745,-0.00018394912331132218,0.0028098723094444724,-0.0029938214327557945,0.6636733546853065,0.16597680263221265,1.0453106701374053,20,8,7579,0.10832991380901487,cuda,41.494140625
158,199,200,885,852,4,29,4,1.0,1.3638418079096044,225.8036959094274,0.1129018479547137,0.6573426573426573,188,98,2371.5931947985177,237.15931947985177,2637.5951241403245,263.75951241403243,168.24807696893293,16.824807696893295,2980.2488756187695,298.02488756187694,4405.0,440.5,10,0.03725311094523461,0.10351162795696563,-0.00823869978098661,7.037614525707906e-05,9.281059536731418e-05,-0.008497377907124435,-0.0002900000000000001,0.0,-0.01,-0.0010000000000000002,-0.00018394912331132218,0.0028098723094444724,-0.0029938214327557945,0.6636733546853065,0.16597680263221265,1.0453106701374053,20,8,7579,0.10832991380901487,cuda,41.494140625
159,200,200,1052,942,27,83,27,1.0,1.397338403041825,223.39837811664052,0.11169918905832026,0.7758007117437722,218,63,2328.4495220346457,232.84495220346457,3185.3020624046235,318.53020624046235,176.0432816628795,17.60432816628795,2930.8891020629953,293.08891020629954,5125.0,512.5,5,0.03663611377578742,0.09879988800599226,-0.008980348029409049,2.6327992564564308e-06,0.0005466844964249396,-0.00889107475684917,-0.0008300000000000006,0.0,-0.005,-0.0005847072328824647,-0.00018394912331132218,0.0028098723094444724,-0.0029938214327557945,0.6636733546853065,0.16597680263221265,1.0453106701374053,20,8,7579,0.10832991380901487,cuda,41.494140625
160,201,200,1153,938,75,140,75,1.0,1.4336513443191674,223.20281676434334,0.11160140838217167,0.778169014084507,221,63,2545.5745052510188,254.55745052510187,3879.5531170061713,387.95531170061713,207.62227144565813,20.762227144565813,3202.5023236293837,320.2502323629384,5390.0,539.0,4,0.04003127904536728,0.10016212239340766,-0.012895742731622329,-0.00014804618348807053,0.0008995730007391688,-0.010485973301923163,-0.001400000000000001,0.0,-0.004,-0.000561803840308938,-0.00018394912331132218,0.0028098723094444724,-0.0029938214327557945,0.6636733546853065,0.16597680263221265,1.0453106701374053,20,8,7579,0.10832991380901487,cuda,41.494140625
161,202,200,1155,1014,70,71,70,1.0,1.464069264069264,233.61473296764993,0.11680736648382496,0.7992831541218638,223,56,2572.934146298795,257.2934146298795,4351.917977364949,435.19179773649495,218.38931211070533,21.838931211070534,3239.2448778940548,323.9244877894055,5425.0,542.5,4,0.040490560973675704,0.10653618546810649,-0.014931743427604326,-0.0003742876198162751,0.0012264145510633916,-0.011029763461600044,-0.0007100000000000005,0.0,-0.004,-0.0003999999999999998,-0.011173835869703908,-0.006193083664402366,-0.004980752205301542,0.7166812017560005,0.15309005416929722,1.0459555447101594,21,8,7441,0.1078206345369428,cuda,41.4736328125
162,203,200,804,737,39,28,39,1.0,1.5385572139303483,204.5858677939737,0.10229293389698685,0.6931407942238267,192,85,2449.225207242879,244.92252072428792,3501.724234466673,350.17242344666727,159.91368893981183,15.991368893981184,3078.663957601859,307.86639576018587,3825.0,382.5,7,0.038483299470023255,0.08638605303311449,-0.007221643192010927,-9.937561869671808e-06,0.000711611029088543,-0.008076448881359012,-0.0002800000000000001,0.0,-0.007,-0.0006999999999999996,-0.011173835869703908,-0.006193083664402366,-0.004980752205301542,0.7166812017560005,0.15309005416929722,1.0459555447101594,21,8,7441,0.1078206345369428,cuda,41.4736328125
163,204,200,1000,923,10,67,10,1.0,1.383,238.1260130620067,0.11906300653100335,0.743859649122807,212,73,2379.8967422293263,237.98967422293262,2852.0729848877763,285.2072984887776,167.4271889811685,16.742718898116852,2997.664042128552,299.7664042128552,4950.0,495.0,8,0.03747080052660693,0.10924492307414373,-0.009997623160256755,0.0001190597778510039,0.0002500000000000001,-0.008455918864348577,-0.0006700000000000003,0.0,-0.008,-0.0008982348229929533,-0.011173835869703908,-0.006193083664402366,-0.004980752205301542,0.7166812017560005,0.15309005416929722,1.0459555447101594,21,8,7441,0.1078206345369428,cuda,41.4736328125
164,205,200,985,876,32,77,32,1.0,1.417258883248731,217.19602849958966,0.10859801424979483,0.6354166666666666,183,105,2385.906232331751,238.5906232331751,3110.298522291493,311.0298522291493,157.66841467058129,15.766841467058129,3004.101746642108,300.4101746642108,4765.0,476.5,7,0.037551271833026346,0.09875619908568507,-0.011996578508822157,0.00036160410179695944,0.00045381436971979767,-0.00796305130791024,-0.0007700000000000005,0.0,-0.007,-0.0007952453237008646,-0.011173835869703908,-0.006193083664402366,-0.004980752205301542,0.7166812017560005,0.15309005416929722,1.0459555447101594,21,8,7441,0.1078206345369428,cuda,41.4736328125
165,206,200,1084,926,100,58,98,0.98,1.5055350553505535,225.46467443631062,0.11273233721815532,0.8172043010752689,228,51,2503.9012215427783,250.39012215427783,4364.098071790021,436.4098071790021,218.6007373915757,21.86007373915757,3149.741175761405,314.9741175761405,4930.0,493.0,4,0.03937176469701754,0.10230635767882253,-0.01361132791194079,-0.0005482538476350156,0.001304237922865344,-0.011040441320974386,-0.0006000000000000003,-5e-05,-0.004,-0.0004000000000000007,-0.011173835869703908,-0.006193083664402366,-0.004980752205301542,0.7166812017560005,0.15309005416929722,1.0459555447101594,21,8,7441,0.1078206345369428,cuda,41.4736328125
166,207,200,804,778,5,21,5,1.0,1.4539800995024876,206.75746745945378,0.10337873372972689,0.6967509025270758,193,84,2435.2402982705453,243.52402982705453,2720.0000000000005,272.00000000000006,136.2262148984221,13.622621489842212,3063.7737851015786,306.3773785101579,3995.0,399.5,10,0.03829717231376968,0.09294069788874534,-0.010093857267469987,0.00019983255659915416,0.00012500000000000003,-0.006880111761917352,-0.00021000000000000004,0.0,-0.01,-0.0010000000000000013,-0.011173835869703908,-0.006193083664402366,-0.004980752205301542,0.7166812017560005,0.15309005416929722,1.0459555447101594,21,8,7441,0.1078206345369428,cuda,41.4736328125
167,208,200,925,811,30,84,30,1.0,1.481081081081081,207.56123551153814,0.10378061775576908,0.5950704225352113,169,115,2522.3248284631045,252.23248284631046,3361.7351864748025,336.17351864748025,161.353322875613,16.1353322875613,3173.0865827583134,317.30865827583136,4475.0,447.5,6,0.0396635822844789,0.09062716178856355,-0.01138047128715283,1.2981545325460198e-05,0.0005423306734122347,-0.008149157714602364,-0.0008400000000000006,0.0,-0.006,-0.000695809534255524,-0.011173835869703908,-0.006193083664402366,-0.004980752205301542,0.7166812017560005,0.15309005416929722,1.0459555447101594,21,8,7441,0.1078206345369428,cuda,41.4736328125
168,209,200,684,655,1,28,1,1.0,1.4298245614035088,191.82413286056217,0.09591206643028109,0.5800711743772242,163,118,2322.4944363465743,232.24944363465744,2464.0000000000005,246.40000000000003,121.25942553143184,12.125942553143185,2918.740574468568,291.8740574468568,3415.0,341.5,10,0.0364842571808571,0.0815723558867264,-0.004965137589354837,0.0001998042339293296,2.4999999999999994e-05,-0.006124213281876826,-0.0002800000000000001,0.0,-0.01,-0.001,-0.011173835869703908,-0.006193083664402366,-0.004980752205301542,0.7166812017560005,0.15309005416929722,1.0459555447101594,21,8,7441,0.1078206345369428,cuda,41.4736328125
169,210,200,855,834,0,21,0,0.0,1.3380116959064328,220.30107031090157,0.11015053515545078,0.6347517730496454,179,103,2276.894662615156,227.6894662615156,2400.0,240.0,135.89405971889133,13.589405971889132,2864.105940281108,286.4105940281108,4275.0,427.5,10,0.035801324253513844,0.09749673233500421,-0.0051516375801741645,7.745207373119863e-05,0.0,-0.0068633359266243145,-0.00021000000000000004,0.0,-0.01,-0.0010000000000000005,-0.011601415042033686,-0.0008480938151478768,-0.010753321226885808,0.9041328174727303,0.12688446321657726,1.0076411366462708,22,8,7012,0.10680779489087426,cuda,41.78076171875
170,211,200,980,844,70,66,70,1.0,1.476530612244898,208.41302434477637,0.10420651217238819,0.8065693430656934,221,53,2432.2159249553256,243.22159249553255,3629.6882001335766,362.9688200133577,197.9857823374789,19.79857823374789,3058.768636547084,305.8768636547084,4550.0,455.0,6,0.03823460795683854,0.09534841348241896,-0.013258695946861208,0.0003412463903523386,0.0008002223945515034,-0.009999282104911956,-0.0006600000000000003,0.0,-0.006,-0.0005999999999999998,-0.011601415042033686,-0.0008480938151478768,-0.010753321226885808,0.9041328174727303,0.12688446321657726,1.0076411366462708,22,8,7012,0.10680779489087426,cuda,41.78076171875
171,212,200,801,778,0,23,0,0.0,1.3982521847690388,212.23739622830703,0.10611869811415352,0.5212765957446809,147,135,2282.0895679336354,228.20895679336354,2400.0,240.0,131.0043759038242,13.100437590382422,2868.995624096176,286.8995624096176,4005.0,400.5,10,0.03586244530120221,0.09455344750691061,-0.006525888264309693,7.507655535288699e-05,0.0,-0.00661638298500254,-0.00023000000000000006,0.0,-0.01,-0.0009999999999999992,-0.011601415042033686,-0.0008480938151478768,-0.010753321226885808,0.9041328174727303,0.12688446321657726,1.0076411366462708,22,8,7012,0.10680779489087426,cuda,41.78076171875
172,213,200,862,749,66,47,66,1.0,1.5336426914153132,212.20412509636589,0.10610206254818294,0.6853146853146853,196,90,2536.8326528766543,253.68326528766542,3836.7067502000673,383.67067502000674,153.27751706085294,15.327751706085294,3189.642539158696,318.96425391586956,3980.0,398.0,6,0.039870531739483704,0.08626436581166519,-0.0061876615010019315,5.801313246485387e-05,0.0009081021134565822,-0.007741288747885516,-0.00047000000000000026,0.0,-0.006,-0.0006000000000000008,-0.011601415042033686,-0.0008480938151478768,-0.010753321226885808,0.9041328174727303,0.12688446321657726,1.0076411366462708,22,8,7012,0.10680779489087426,cuda,41.78076171875
173,214,200,924,891,12,21,12,1.0,1.3982683982683983,223.54072652023132,0.11177036326011566,0.7491166077738516,212,71,2424.0373843901293,242.40373843901293,2925.240158519022,292.52401585190216,166.0770026471773,16.607700264717728,3049.361664083195,304.93616640831954,4560.0,456.0,9,0.038117020801039944,0.10084194486757364,-0.00882543963896966,-0.00014113029817951114,0.00027569470713650207,-0.008387727178485144,-0.00021000000000000004,0.0,-0.009,-0.0009000000000000005,-0.011601415042033686,-0.0008480938151478768,-0.010753321226885808,0.9041328174727303,0.12688446321657726,1.0076411366462708,22,8,7012,0.10680779489087426,cuda,41.78076171875
174,215,200,1122,949,98,75,98,1.0,1.4411764705882353,234.4701112171079,0.11723505560855395,0.7472924187725631,207,70,2414.3794833052348,241.43794833052348,4158.0304775670065,415.80304775670066,212.62900977747844,21.262900977747844,3035.8851299237945,303.58851299237944,5120.0,512.0,4,0.03794856412404745,0.10285756202134454,-0.008444186351140543,-0.0004561852733213037,0.0012181399732859284,-0.010738838885662133,-0.0007500000000000004,0.0,-0.004,-0.00039999999999999986,-0.011601415042033686,-0.0008480938151478768,-0.010753321226885808,0.9041328174727303,0.12688446321657726,1.0076411366462708,22,8,7012,0.10680779489087426,cuda,41.78076171875
175,216,200,843,807,14,22,14,1.0,1.4211150652431792,217.19616419839429,0.10859808209919715,0.5333333333333333,152,133,2338.4024255960194,233.84024255960193,2763.837059576315,276.3837059576315,134.6063395475627,13.46063395475627,2942.791822687634,294.2791822687634,4145.0,414.5,9,0.036784897783595415,0.09394389644253692,-0.005305248445375457,-0.00014303788851875252,0.00023587385139699815,-0.006798299644437952,-0.00022000000000000006,0.0,-0.009,-0.0009000000000000008,-0.011601415042033686,-0.0008480938151478768,-0.010753321226885808,0.9041328174727303,0.12688446321657726,1.0076411366462708,22,8,7012,0.10680779489087426,cuda,41.78076171875
176,217,200,625,608,0,17,0,0.0,1.4608,180.56210033790381,0.09028105016895191,0.573943661971831,163,121,2299.60260402152,229.96026040215202,2400.0,240.0,109.33166710686493,10.933166710686493,2890.668332893135,289.0668332893135,3125.0,312.5,10,0.03613335416116419,0.07484187072584833,-0.004145738406784983,0.00014336510415669602,0.0,-0.005521801415432376,-0.00017,0.0,-0.01,-0.0010000000000000005,-0.011601415042033686,-0.0008480938151478768,-0.010753321226885808,0.9041328174727303,0.12688446321657726,1.0076411366462708,22,8,7012,0.10680779489087426,cuda,41.78076171875
177,218,200,735,720,2,13,2,1.0,1.4448979591836735,196.3268374326839,0.09816341871634195,0.5865724381625441,166,117,2335.457813551835,233.5457813551835,2528.0000000000005,252.80000000000004,143.0488716867448,14.30488716867448,2936.951128313255,293.6951128313255,3665.0,366.5,10,0.03671188910391569,0.084792256519278,-0.005170329239501128,0.00013429319869473524,4.999999999999999e-05,-0.007224690866045323,-0.00013,0.0,-0.01,-0.0009999999999999994,-0.010753569411463104,-0.0003886156715452671,-0.010364953739917837,0.5990193702280522,0.13040049821138383,1.0239699125289916,23,8,8094,0.11516036532553592,cuda,41.87451171875
178,219,200,983,892,20,71,20,1.0,1.3804679552390642,237.66226744230497,0.11883113372115248,0.6156583629893239,173,108,2419.0184326852027,241.90184326852028,2991.4428422969186,299.14428422969183,170.8261349545857,17.08261349545857,3044.900043998705,304.4900043998705,4815.0,481.5,7,0.038061250549983834,0.10585521009922887,-0.008125582374760364,-6.902605578965283e-05,0.00032723585869866116,-0.00862758234362031,-0.0007100000000000005,0.0,-0.007,-0.0008803720125885804,-0.010753569411463104,-0.0003886156715452671,-0.010364953739917837,0.5990193702280522,0.13040049821138383,1.0239699125289916,23,8,8094,0.11516036532553592,cuda,41.87451171875
179,220,200,1122,1033,44,45,44,1.0,1.3618538324420677,248.4690392966622,0.1242345196483311,0.7366548042704626,207,74,2335.9478915673926,233.59478915673927,3342.4892603163585,334.24892603163585,207.83567962246173,20.783567962246174,2935.432196398509,293.5432196398509,5390.0,539.0,7,0.036692902454981365,0.12088117606288393,-0.015177512486881163,-0.00016207223586145412,0.000646777312109047,-0.010496751458900552,-0.00045000000000000026,0.0,-0.007,-0.0007,-0.010753569411463104,-0.0003886156715452671,-0.010364953739917837,0.5990193702280522,0.13040049821138383,1.0239699125289916,23,8,8094,0.11516036532553592,cuda,41.87451171875
180,221,200,894,816,42,36,42,1.0,1.4239373601789709,226.22967216226505,0.11311483608113253,0.6787003610108303,188,89,2424.6463929092633,242.46463929092633,3196.9374010428046,319.69374010428044,148.5792778578967,14.85792778578967,3049.5065977938557,304.95065977938555,4260.0,426.0,8,0.0381188324724232,0.09500227123939647,-0.0040275640508480644,0.00018649691855299967,0.0004988036722823448,-0.0075040041706744675,-0.00036000000000000013,0.0,-0.008,-0.0007999999999999993,-0.010753569411463104,-0.0003886156715452671,-0.010364953739917837,0.5990193702280522,0.13040049821138383,1.0239699125289916,23,8,8094,0.11516036532553592,cuda,41.87451171875
181,222,200,1137,978,94,65,94,1.0,1.445910290237467,247.16155557983225,0.12358077778991612,0.7706093189964157,215,64,2411.5483519911054,241.15483519911055,4218.837567450888,421.8837567450888,220.4620153769489,22.04620153769489,3036.279144811568,303.62791448115684,5215.0,521.5,4,0.03795348931014457,0.1088801481021576,-0.008388628303851488,5.971029823970164e-05,0.0012605036244531852,-0.011134445241227482,-0.0006500000000000004,0.0,-0.004,-0.00039999999999999975,-0.010753569411463104,-0.0003886156715452671,-0.010364953739917837,0.5990193702280522,0.13040049821138383,1.0239699125289916,23,8,8094,0.11516036532553592,cuda,41.87451171875
182,223,200,1296,1121,111,64,110,0.990990990990991,1.382716049382716,218.30851062320093,0.10915425531160046,0.7634408602150538,213,66,2219.6811009914745,221.96811009914745,4098.1761454397665,409.8176145439767,258.656797283629,25.8656797283629,2793.305262602457,279.3305262602457,5930.0,593.0,3,0.034916315782530676,0.11820312299117142,-0.02793498226180458,-0.000285950469961746,0.0012942238261960152,-0.013063474556531497,-0.0006500000000000004,-2.5e-05,-0.003,-0.00030000000000000024,-0.010753569411463104,-0.0003886156715452671,-0.010364953739917837,0.5990193702280522,0.13040049821138383,1.0239699125289916,23,8,8094,0.11516036532553592,cuda,41.87451171875
183,224,200,857,826,8,23,8,1.0,1.3932322053675612,218.69806780162128,0.10934903390081063,0.6795774647887324,193,91,2274.5791692315643,227.45791692315643,2641.4532996478406,264.1453299647841,142.4182129477182,14.24182129477182,2858.4900993321826,285.84900993321827,4245.0,424.5,9,0.035731126241652277,0.10058728113716768,-0.010163066668337993,0.00032903240709784387,0.00018750000000000006,-0.0071928392167690414,-0.00023000000000000006,0.0,-0.009,-0.0009000000000000006,-0.010753569411463104,-0.0003886156715452671,-0.010364953739917837,0.5990193702280522,0.13040049821138383,1.0239699125289916,23,8,8094,0.11516036532553592,cuda,41.87451171875
184,225,200,1070,1020,20,30,20,1.0,1.3757009345794393,249.70989487000398,0.12485494743500199,0.7544483985765125,212,69,2392.9619201893192,239.29619201893192,3198.61144220231,319.86114422023104,201.35010379543402,20.135010379543402,3010.5222429458468,301.0522242945847,5250.0,525.0,8,0.03763152803682307,0.11706189749462471,-0.010839528012859336,-0.00019225348691300395,0.00046249999999999937,-0.010169196596673416,-0.0003000000000000001,0.0,-0.008,-0.000800000000000001,-0.010753569411463104,-0.0003886156715452671,-0.010364953739917837,0.5990193702280522,0.13040049821138383,1.0239699125289916,23,8,8094,0.11516036532553592,cuda,41.87451171875
185,226,200,797,781,3,13,3,1.0,1.412797992471769,213.1333715423395,0.10656668577116975,0.6304347826086957,174,102,2367.106695513622,236.7106695513622,2592.0000000000005,259.20000000000005,142.7516755783963,14.275167557839628,2977.2483244216037,297.7248324421604,3970.0,397.0,10,0.037215604055270045,0.09613224921147678,-0.00873672719224046,0.000220240028584338,7.500000000000001e-05,-0.0072096803319209365,-0.00013,0.0,-0.01,-0.0010000000000000005,-0.009187659912277013,-0.002655932423658669,-0.006531727488618344,0.7925235584378243,0.12201968524605036,0.9799411311745644,24,8,7323,0.11327438967016967,cuda,43.13330078125
186,227,200,908,875,8,25,8,1.0,1.4140969162995596,230.38832839065287,0.11519416419532644,0.6236559139784946,174,105,2399.443532234862,239.9443532234862,2800.099637055309,280.0099637055309,160.91329557267125,16.091329557267123,3019.2112507464644,301.92112507464645,4500.0,450.0,9,0.037740140634330795,0.10484667487630454,-0.009556680983742067,0.00024096376326705274,0.00020000000000000006,-0.008126934094833867,-0.00025000000000000006,0.0,-0.009,-0.0009000000000000007,-0.009187659912277013,-0.002655932423658669,-0.006531727488618344,0.7925235584378243,0.12201968524605036,0.9799411311745644,24,8,7323,0.11327438967016967,cuda,43.13330078125
187,228,200,1051,943,76,32,76,1.0,1.4662226450999047,244.05281234032836,0.12202640617016418,0.7118055555555556,205,83,2374.509599534993,237.4509599534993,3890.8088168629165,389.08088168629166,197.08839760222452,19.708839760222453,2984.667112937098,298.4667112937098,4875.0,487.5,5,0.03730833891171371,0.10673761289349752,-0.007187665352255655,-0.00010901787401511385,0.0010510971940870752,-0.009953959602863365,-0.00032000000000000013,0.0,-0.005,-0.0005000000000000001,-0.009187659912277013,-0.002655932423658669,-0.006531727488618344,0.7925235584378243,0.12201968524605036,0.9799411311745644,24,8,7323,0.11327438967016967,cuda,43.13330078125
188,229,200,843,824,0,19,0,0.0,1.3724792408066429,222.43010996220437,0.11121505498110218,0.4620938628158845,128,149,2267.973154803469,226.79731548034687,2400.0,240.0,146.5714782918376,14.65714782918376,2853.4285217081624,285.34285217081623,4215.0,421.5,10,0.03566785652135202,0.100591074161144,-0.00645356598186672,2.2904003294704734e-06,0.0,-0.007402600119856619,-0.00019000000000000004,0.0,-0.01,-0.0009999999999999996,-0.009187659912277013,-0.002655932423658669,-0.006531727488618344,0.7925235584378243,0.12201968524605036,0.9799411311745644,24,8,7323,0.11327438967016967,cuda,43.13330078125
189,230,200,964,881,56,27,56,1.0,1.4408713692946058,228.76989884159323,0.11438494942079662,0.7428571428571429,208,72,2416.9576661204683,241.69576661204684,3464.8512164494796,346.485121644948,174.9782957313104,17.49782957313104,3040.553714549614,304.0553714549614,4540.0,454.0,7,0.0380069214318702,0.10029025640832334,-0.008045564179190478,0.00024341606240472967,0.0006972075064255765,-0.008837287809036764,-0.00027000000000000006,0.0,-0.007,-0.0007000000000000006,-0.009187659912277013,-0.002655932423658669,-0.006531727488618344,0.7925235584378243,0.12201968524605036,0.9799411311745644,24,8,7323,0.11327438967016967,cuda,43.13330078125
190,231,200,738,701,24,13,24,1.0,1.5203252032520325,195.18699472914167,0.09759349736457083,0.6385964912280702,182,103,2331.192957143829,233.1192957143829,2996.1607578297344,299.61607578297344,137.70778755462615,13.770778755462615,2934.8926860889583,293.4892686088958,3570.0,357.0,8,0.03668615857611197,0.08225512744165066,-0.005914383867385338,3.1158732622302514e-05,0.0004203752960272397,-0.006954938814455981,-0.00013,0.0,-0.008,-0.0008000000000000006,-0.009187659912277013,-0.002655932423658669,-0.006531727488618344,0.7925235584378243,0.12201968524605036,0.9799411311745644,24,8,7323,0.11327438967016967,cuda,43.13330078125
191,232,200,874,819,34,21,34,1.0,1.4130434782608696,224.45798254905657,0.11222899127452829,0.7526132404181185,216,71,2348.2963694859195,234.82963694859194,3032.048400100226,303.2048400100226,143.6833753642587,14.36833753642587,2951.3468746983826,295.13468746983824,4200.0,420.0,8,0.0368918359337298,0.09652747319904556,-0.005505064416402831,0.00014708913909801768,0.0004343939062891502,-0.007256736487231332,-0.00021000000000000004,0.0,-0.008,-0.0008000000000000006,-0.009187659912277013,-0.002655932423658669,-0.006531727488618344,0.7925235584378243,0.12201968524605036,0.9799411311745644,24,8,7323,0.11327438967016967,cuda,43.13330078125
192,233,200,1148,1069,58,21,57,0.9827586206896551,1.4364111498257839,253.97073636739825,0.12698536818369913,0.7862318840579711,217,59,2445.8871583446567,244.58871583446566,4229.143036550779,422.91430365507784,207.10662736665637,20.710662736665636,3077.2493331162495,307.72493331162497,5455.0,545.5,4,0.03846561666395311,0.11445640670308249,-0.011792632426837302,-0.0002696212822315011,0.0012305290998998538,-0.010459930574167628,-0.00022000000000000006,-2.5e-05,-0.004,-0.00039999999999999986,-0.009187659912277013,-0.002655932423658669,-0.006531727488618344,0.7925235584378243,0.12201968524605036,0.9799411311745644,24,8,7323,0.11327438967016967,cuda,43.13330078125
193,234,200,797,780,0,17,0,0.0,1.4052697616060226,213.8860584500539,0.10694302922502695,0.41843971631205673,118,164,2283.468812245743,228.34688122457428,2400.0,240.0,128.64097299508794,12.864097299508794,2871.359027004912,287.1359027004912,3985.0,398.5,10,0.03589198783756139,0.0952071416935515,-0.006845852438328388,0.00035677109703178314,0.0,-0.006497018964789348,-0.00017,0.0,-0.01,-0.0010000000000000007,-0.01476942677400075,-0.0007936913520097732,-0.013975735421990976,0.5995407693088055,0.12177227959036827,0.9570927739143371,25,8,8012,0.11567802639639785,cuda,41.88623046875
194,235,200,1104,1001,50,53,49,0.98,1.4039855072463767,237.71772712419815,0.11885886356209907,0.823321554770318,233,50,2387.975748327951,238.79757483279508,3675.526965473216,367.5526965473216,188.52343689762927,18.852343689762925,3004.071858623773,300.40718586237733,5275.0,527.5,5,0.03755089823279718,0.10981182705421334,-0.013434497883509913,-0.00027906228447846396,0.000873039010727349,-0.009521385857146878,-0.0005400000000000002,-2.5e-05,-0.005,-0.0005769547105032097,-0.01476942677400075,-0.0007936913520097732,-0.013975735421990976,0.5995407693088055,0.12177227959036827,0.9570927739143371,25,8,8012,0.11567802639639785,cuda,41.88623046875
195,236,200,997,902,69,26,69,1.0,1.4343029087261785,229.81219350964778,0.1149060967548239,0.6996466431095406,198,85,2307.0101999876256,230.70101999876255,3261.755144599009,326.1755144599009,184.81750067683436,18.481750067683436,2903.779464697546,290.3779464697546,4640.0,464.0,7,0.03629724330871932,0.10414721826242274,-0.008939796951750695,7.777656608421399e-05,0.0006178731033589866,-0.009334217534010569,-0.0002600000000000001,0.0,-0.007,-0.0006999999999999997,-0.01476942677400075,-0.0007936913520097732,-0.013975735421990976,0.5995407693088055,0.12177227959036827,0.9570927739143371,25,8,8012,0.11567802639639785,cuda,41.88623046875
196,237,200,1257,1015,174,68,167,0.9597701149425287,1.5178997613365155,253.38124134622362,0.12669062067311182,0.7839721254355401,225,62,2602.238324333486,260.2238324333486,5335.855243670625,533.5855243670625,239.3214243665082,23.93214243665082,3276.7059282994815,327.67059282994813,5450.0,545.0,1,0.04095882410374353,0.11223269416313632,-0.013809238171195788,-0.0005508386114278043,0.0019711198137014425,-0.012086940624845704,-0.0007500000000000004,-0.000175,-0.001,-0.0001,-0.01476942677400075,-0.0007936913520097732,-0.013975735421990976,0.5995407693088055,0.12177227959036827,0.9570927739143371,25,8,8012,0.11567802639639785,cuda,41.88623046875
197,238,200,899,849,8,42,8,1.0,1.39265850945495,217.2556044094432,0.10862780220472161,0.44285714285714284,124,156,2307.3911250276806,230.73911250276805,2673.0976350935944,267.3097635093594,152.55417532060468,15.255417532060468,2904.747701366279,290.4747701366279,4455.0,445.5,9,0.03630934626707847,0.09894695215546381,-0.009084078148702258,0.00030279430490810435,0.00017754385448756762,-0.007704756228514086,-0.0004200000000000002,0.0,-0.009,-0.0008999999999999999,-0.01476942677400075,-0.0007936913520097732,-0.013975735421990976,0.5995407693088055,0.12177227959036827,0.9570927739143371,25,8,8012,0.11567802639639785,cuda,41.88623046875
198,239,200,990,963,6,21,6,1.0,1.3282828282828283,236.92532426706882,0.1184626621335344,0.6501766784452296,184,99,2303.589929599209,230.3589929599209,2636.9972897323833,263.69972897323834,159.45651421892364,15.945651421892364,2896.790097946555,289.6790097946555,4920.0,492.0,9,0.03620987622433191,0.11080509279480147,-0.010501500960926259,-3.744666834540618e-05,0.00015000000000000004,-0.008053359256327323,-0.00021000000000000004,0.0,-0.009,-0.0009000000000000019,-0.01476942677400075,-0.0007936913520097732,-0.013975735421990976,0.5995407693088055,0.12177227959036827,0.9570927739143371,25,8,8012,0.11567802639639785,cuda,41.88623046875
199,240,200,1001,947,25,29,25,1.0,1.4115884115884116,233.25457175647105,0.11662728587823552,0.6491228070175439,185,100,2399.814714999453,239.9814714999453,3229.499976695469,322.94999766954686,198.37832341489445,19.837832341489445,3020.059162019774,302.00591620197736,4880.0,488.0,8,0.03775073952524718,0.10795294694538325,-0.010632868460652926,0.0001540515482834134,0.0005115234283966668,-0.01001910710842207,-0.0002900000000000001,0.0,-0.008,-0.0007999999999999994,-0.01476942677400075,-0.0007936913520097732,-0.013975735421990976,0.5995407693088055,0.12177227959036827,0.9570927739143371,25,8,8012,0.11567802639639785,cuda,41.88623046875
200,241,200,967,880,28,59,28,1.0,1.4446742502585315,228.6157014792589,0.11430785073962944,0.6418439716312057,181,101,2431.128635569405,243.1128635569405,3290.7481799522875,329.0748179952287,153.783946127977,15.3783946127977,3062.324247540077,306.2324247540077,4695.0,469.5,7,0.038279053094250955,0.10021167964563771,-0.00863203714633289,-5.480836134278654e-05,0.0005608293945451896,-0.007766865887128776,-0.0005900000000000004,0.0,-0.007,-0.0006999999999999998,-0.01476942677400075,-0.0007936913520097732,-0.013975735421990976,0.5995407693088055,0.12177227959036827,0.9570927739143371,25,8,8012,0.11567802639639785,cuda,41.88623046875
201,242,200,944,892,13,39,13,1.0,1.396186440677966,232.52469135662162,0.11626234567831081,0.6214285714285714,174,106,2364.6059850411484,236.46059850411484,2858.4189582949666,285.84189582949665,160.53942397891763,16.053942397891763,2974.2593427954757,297.42593427954756,4655.0,465.5,8,0.037178241784943465,0.10325302349065539,-0.007129052978594224,7.572928128757123e-05,0.000273890581933947,-0.008108051892715325,-0.00039000000000000016,0.0,-0.008,-0.000891434589200194,0.0019697922143677715,0.0016635272091662045,0.00030626500520156694,0.6482468321919441,0.09344474207609892,0.9241105750203132,26,8,7646,0.11391719930853285,cuda,43.22119140625
202,243,200,947,884,26,37,26,1.0,1.4308342133051741,230.0878912998643,0.11504394564993216,0.6861313868613139,188,86,2485.4674678755737,248.54674678755737,3245.5760554761864,324.55760554761866,176.3084172790996,17.63084172790996,3128.3244585140383,312.8324458514038,4605.0,460.5,8,0.03910405573142546,0.10395345116611714,-0.01073575130934091,0.0003264445437970365,0.0004702107459700591,-0.008904465228036656,-0.00037000000000000016,0.0,-0.008,-0.0008000000000000003,0.0019697922143677715,0.0016635272091662045,0.00030626500520156694,0.6482468321919441,0.09344474207609892,0.9241105750203132,26,8,7646,0.11391719930853285,cuda,43.22119140625
203,244,200,852,813,20,19,20,1.0,1.4389671361502347,216.0637678764926,0.1080318839382463,0.4982456140350877,142,143,2369.1592077457235,236.91592077457236,2861.2142213017623,286.12142213017626,156.92974779135363,15.692974779135364,2981.329140522248,298.1329140522248,4160.0,416.0,9,0.0372666142565281,0.0953680344956953,-0.0068878578961801395,2.692633344752732e-05,0.0002739118051960009,-0.007925745056440218,-0.00019000000000000004,0.0,-0.009,-0.0009000000000000005,0.0019697922143677715,0.0016635272091662045,0.00030626500520156694,0.6482468321919441,0.09344474207609892,0.9241105750203132,26,8,7646,0.11391719930853285,cuda,43.22119140625
204,245,200,1148,1078,35,35,35,1.0,1.387630662020906,248.0540795861797,0.12402703979308985,0.6931407942238267,192,85,2332.208011814825,233.2208011814825,3455.2922176284574,345.52922176284574,227.33340698643795,22.733340698643794,2936.1933654922004,293.61933654922007,5565.0,556.5,6,0.036702417068652494,0.11639042000110891,-0.01109220109006312,-0.0002584341683687351,0.0007163231142332477,-0.011481485132472859,-0.00035000000000000016,0.0,-0.006,-0.0005999999999999986,0.0019697922143677715,0.0016635272091662045,0.00030626500520156694,0.6482468321919441,0.09344474207609892,0.9241105750203132,26,8,7646,0.11391719930853285,cuda,43.22119140625
205,246,200,771,753,6,12,6,1.0,1.3968871595330739,200.47525931057794,0.10023762965528897,0.6934306569343066,190,84,2332.0968162299573,233.20968162299573,2640.7823739960377,264.0782373996038,130.47680773611407,13.047680773611408,2930.5011597589328,293.0501159758933,3825.0,382.5,9,0.03663126449698666,0.0851062845468723,-0.004964036736331402,-7.614488773127249e-05,0.00015000000000000004,-0.0065897377645073585,-0.00011999999999999998,0.0,-0.009,-0.0008999999999999989,0.0019697922143677715,0.0016635272091662045,0.00030626500520156694,0.6482468321919441,0.09344474207609892,0.9241105750203132,26,8,7646,0.11391719930853285,cuda,43.22119140625
206,247,200,1130,952,97,81,97,1.0,1.4743362831858406,231.60233459662413,0.11580116729831207,0.75,216,72,2507.046728792789,250.70467287927892,4248.079449206768,424.8079449206768,213.39551812398915,21.339551812398916,3154.262121208313,315.42621212083134,5165.0,516.5,4,0.03942827651510393,0.10554032007822638,-0.014142832403660873,-0.00025107086133776066,0.001214026045110099,-0.010777552075129428,-0.0008100000000000005,0.0,-0.004,-0.0003999999999999996,0.0019697922143677715,0.0016635272091662045,0.00030626500520156694,0.6482468321919441,0.09344474207609892,0.9241105750203132,26,8,7646,0.11391719930853285,cuda,43.22119140625
207,248,200,863,843,5,15,5,1.0,1.3939745075318657,224.4786377219165,0.11223931886095825,0.5942028985507246,164,112,2389.043797195259,238.90437971952588,2656.784281864139,265.6784281864139,157.62377855616825,15.762377855616824,3002.8663976089188,300.2866397608919,4290.0,429.0,10,0.0375358299701115,0.1020333833035771,-0.008305800578596518,-1.3603011926613929e-05,0.00010030636010317936,-0.00796079718231043,-0.00015,0.0,-0.01,-0.0010000000000000013,0.0019697922143677715,0.0016635272091662045,0.00030626500520156694,0.6482468321919441,0.09344474207609892,0.9241105750203132,26,8,7646,0.11391719930853285,cuda,43.22119140625
208,249,200,991,924,38,29,38,1.0,1.4712411705348134,239.38852718824876,0.11969426359412438,0.7935943060498221,223,58,2511.396413428795,251.1396413428795,3577.618660263658,357.7618660263658,184.26156662095664,18.426156662095664,3159.251806496389,315.9251806496389,4765.0,476.5,7,0.039490647581204866,0.10252855569293781,-0.005544754529055384,-0.00018936390854251456,0.0007053187201326413,-0.009306139962552905,-0.0002900000000000001,0.0,-0.007,-0.0007000000000000014,0.0019697922143677715,0.0016635272091662045,0.00030626500520156694,0.6482468321919441,0.09344474207609892,0.9241105750203132,26,8,7646,0.11391719930853285,cuda,43.22119140625
209,250,200,938,853,48,37,48,1.0,1.4371002132196162,227.81884453006748,0.11390942226503374,0.7570422535211268,215,69,2409.192071818125,240.9192071818125,3341.2495393712866,334.1249539371287,167.71369449523607,16.771369449523608,3031.2979768672344,303.12979768672346,4450.0,445.0,7,0.0378912247108404,0.10011809942635191,-0.008056603747152688,-0.00011387814758884727,0.0006109689080322723,-0.008470388885449301,-0.00037000000000000016,0.0,-0.007,-0.0007000000000000009,-0.008273673247185798,-0.0001627794117666781,-0.00811089383541912,0.69141333848238,0.10420918017625809,0.9532106295228004,27,8,7950,0.11570036411478143,cuda,41.92333984375
210,251,200,896,843,43,10,43,1.0,1.4051339285714286,221.5102868371007,0.11075514341855035,0.6366906474820144,177,101,2264.5596412437026,226.45596412437027,2874.6425788402016,287.4642578840202,148.50218554819355,14.850218554819355,2848.149426226933,284.8149426226933,4265.0,426.5,8,0.035601867827836656,0.09950392012443045,-0.008304847004801615,-1.859447280690311e-05,0.00037290725735945353,-0.007500110313467684,-9.999999999999999e-05,0.0,-0.008,-0.0008000000000000005,-0.008273673247185798,-0.0001627794117666781,-0.00811089383541912,0.69141333848238,0.10420918017625809,0.9532106295228004,27,8,7950,0.11570036411478143,cuda,41.92333984375
211,252,200,796,766,20,10,20,1.0,1.478643216080402,209.33435985344218,0.10466717992672109,0.6942446043165468,193,85,2456.4334923376377,245.6433492337638,3025.427155676811,302.54271556768106,151.08905680708924,15.108905680708924,3089.802915490917,308.9802915490917,3880.0,388.0,9,0.038622536443636446,0.09145179354404198,-0.008319252060116121,0.0002048049952600304,0.00033805748268625393,-0.00763076047878712,-9.999999999999999e-05,0.0,-0.009,-0.0009000000000000013,-0.008273673247185798,-0.0001627794117666781,-0.00811089383541912,0.69141333848238,0.10420918017625809,0.9532106295228004,27,8,7950,0.11570036411478143,cuda,41.92333984375
212,253,200,1051,968,54,29,54,1.0,1.417697431018078,247.57678430217382,0.1237883921510869,0.7949640287769785,221,57,2470.337745937279,247.0337745937279,3477.5363500598082,347.7536350059808,190.76646435493748,19.07664643549375,3109.5249722324397,310.952497223244,4985.0,498.5,7,0.03886906215290548,0.11181681148556592,-0.009958957239275657,3.2002571648035063e-05,0.0006541431256171134,-0.00963466994537398,-0.0002900000000000001,0.0,-0.007,-0.0006999999999999999,-0.008273673247185798,-0.0001627794117666781,-0.00811089383541912,0.69141333848238,0.10420918017625809,0.9532106295228004,27,8,7950,0.11570036411478143,cuda,41.92333984375
213,254,200,1001,916,38,47,38,1.0,1.4315684315684316,236.1374757731626,0.1180687378865813,0.7706093189964157,215,64,2389.6236349425153,238.96236349425152,3387.578445775549,338.7578445775549,169.9761199348386,16.99761199348386,3006.0876892750166,300.60876892750167,4815.0,481.5,6,0.037576096115937714,0.10550930559624619,-0.00970085170181414,-0.00032266515684303804,0.0006615057800059868,-0.008584652746951396,-0.00047000000000000026,0.0,-0.006,-0.0005999999999999991,-0.008273673247185798,-0.0001627794117666781,-0.00811089383541912,0.69141333848238,0.10420918017625809,0.9532106295228004,27,8,7950,0.11570036411478143,cuda,41.92333984375
214,255,200,1311,1169,68,74,63,0.9264705882352942,1.414187643020595,248.40630320958755,0.12420315160479377,0.8100358422939068,226,53,2431.024138490665,243.1024138490665,4429.823927340218,442.9823927340218,245.5876913076356,24.558769130763558,3060.1540911015213,306.0154091101521,6240.0,624.0,2,0.03825192613876898,0.12431501246122466,-0.02270264066232815,-0.001501370868070874,0.0013884613292288257,-0.012403418616106745,-0.0007900000000000004,-0.000125,-0.002,-0.00022981817792294028,-0.008273673247185798,-0.0001627794117666781,-0.00811089383541912,0.69141333848238,0.10420918017625809,0.9532106295228004,27,8,7950,0.11570036411478143,cuda,41.92333984375
215,256,200,973,895,53,25,49,0.9245283018867925,1.4922918807810894,227.45077403326607,0.11372538701663304,0.708185053380783,199,82,2517.610400256767,251.76104002567672,3985.8378925454144,398.58378925454144,176.1299391787164,17.61299391787164,3165.4956935475448,316.54956935475445,4620.0,462.0,5,0.03956869616934431,0.09581366482736245,-0.007431678515595631,-0.0004652637601267846,0.0010254198330971905,-0.008895451537448409,-0.0002900000000000001,-0.0001,-0.005,-0.0005000000000000001,-0.008273673247185798,-0.0001627794117666781,-0.00811089383541912,0.69141333848238,0.10420918017625809,0.9532106295228004,27,8,7950,0.11570036411478143,cuda,41.92333984375
216,257,200,984,881,82,21,82,1.0,1.4278455284552845,232.97099729770267,0.11648549864885133,0.7737226277372263,212,62,2358.283082877116,235.82830828771162,3345.075820787819,334.50758207878187,176.37282845116076,17.637282845116076,2964.2995595412262,296.42995595412265,4510.0,451.0,7,0.03705374449426532,0.10502126674111309,-0.009654395669992738,0.0002321814866153937,0.0006504202424952405,-0.008907718645644993,-0.00021000000000000004,0.0,-0.007,-0.0007000000000000003,-0.008273673247185798,-0.0001627794117666781,-0.00811089383541912,0.69141333848238,0.10420918017625809,0.9532106295228004,27,8,7950,0.11570036411478143,cuda,41.92333984375
217,258,200,1102,970,102,30,102,1.0,1.4990925589836661,228.81894394983033,0.11440947197491516,0.7366548042704626,207,74,2451.339546182377,245.1339546182377,4488.913354502771,448.8913354502771,223.27300306619898,22.327300306619897,3083.96773155381,308.396773155381,5000.0,500.0,3,0.03854959664442264,0.10315761216861667,-0.013185942386207026,-0.0006190682569621212,0.0013836880990677868,-0.011276414294022628,-0.0003000000000000001,0.0,-0.003,-0.0003000000000000002,-0.007440857611072715,-0.0007462989771738649,-0.006694558633898851,0.7182351589202881,0.09062524810433388,0.9002184614539146,28,8,7862,0.11556300065275288,cuda,43.28955078125
218,259,200,828,774,36,18,36,1.0,1.4492753623188406,214.49150788247493,0.10724575394123746,0.7132867132867133,204,82,2370.9047131955263,237.09047131955262,3086.997242171741,308.6997242171741,146.48593420860453,14.648593420860454,2982.8873421487338,298.2887342148734,3960.0,396.0,8,0.03728609177685918,0.0918414578252772,-0.00610017520011412,0.00014897003513293446,0.0004476891889007179,-0.0073982796848183615,-0.00018,0.0,-0.008,-0.0008000000000000001,-0.007440857611072715,-0.0007462989771738649,-0.006694558633898851,0.7182351589202881,0.09062524810433388,0.9002184614539146,28,8,7862,0.11556300065275288,cuda,43.28955078125
219,260,200,1049,1004,18,27,18,1.0,1.3012392755004767,245.19270950294947,0.12259635475147473,0.5,139,139,2267.5979949230077,226.75979949230077,2637.0177407205647,263.7017740720565,146.00623886215138,14.600623886215137,2851.8457291374516,285.18457291374517,5155.0,515.5,8,0.035648071614218145,0.10927620117067313,-0.005950953287379108,-2.084572643523785e-05,0.00018651262993818937,-0.0073740522492941035,-0.00027000000000000006,0.0,-0.008,-0.0008985794002462511,-0.007440857611072715,-0.0007462989771738649,-0.006694558633898851,0.7182351589202881,0.09062524810433388,0.9002184614539146,28,8,7862,0.11556300065275288,cuda,43.28955078125
220,261,200,972,939,25,8,25,1.0,1.3415637860082306,235.73615139797315,0.11786807569898658,0.7667844522968198,217,66,2276.2438069331038,227.62438069331037,2648.8793052026335,264.88793052026335,145.03658472138252,14.503658472138252,2860.5129810302637,286.0512981030264,4735.0,473.5,9,0.035756412262878276,0.11089513370376206,-0.011768501174435057,9.914242913305916e-05,0.00019096847859477874,-0.007325080000946409,-8e-05,0.0,-0.009,-0.0008999999999999997,-0.007440857611072715,-0.0007462989771738649,-0.006694558633898851,0.7182351589202881,0.09062524810433388,0.9002184614539146,28,8,7862,0.11556300065275288,cuda,43.28955078125
221,262,200,777,772,1,4,1,1.0,1.3886743886743886,211.08946110947042,0.1055447305547352,0.5412186379928315,151,128,2315.9577225054586,231.59577225054585,2464.0000000000005,246.40000000000003,130.53449532209936,13.053449532209935,2909.465504677901,290.94655046779013,3880.0,388.0,10,0.03636831880847376,0.09345918867495441,-0.006875026189935108,0.00019990032895334214,2.5e-05,-0.006592651067711115,-4e-05,0.0,-0.01,-0.001,-0.007440857611072715,-0.0007462989771738649,-0.006694558633898851,0.7182351589202881,0.09062524810433388,0.9002184614539146,28,8,7862,0.11556300065275288,cuda,43.28955078125
222,263,200,1137,1070,47,20,47,1.0,1.3403693931398417,260.2283467469965,0.13011417337349826,0.5379061371841155,149,128,2334.107601356637,233.4107601356637,3298.781244639392,329.8781244639392,176.9966484663549,17.699664846635493,2937.4269086853637,293.7426908685364,5450.0,545.0,7,0.03671783635856705,0.1225408177488096,-0.01287046936417703,-6.544492618917292e-05,0.0006306581241546992,-0.008939224567666944,-0.00020000000000000004,0.0,-0.007,-0.0006999999999999993,-0.007440857611072715,-0.0007462989771738649,-0.006694558633898851,0.7182351589202881,0.09062524810433388,0.9002184614539146,28,8,7862,0.11556300065275288,cuda,43.28955078125
223,264,200,1230,1108,73,49,67,0.9178082191780822,1.4569105691056912,242.80264720523874,0.12140132360261938,0.7773851590106007,220,63,2466.1285614643557,246.61285614643558,4633.8815177000415,463.38815177000413,259.4960870823846,25.949608708238458,3102.731473291164,310.2731473291164,5815.0,581.5,2,0.038784143416139526,0.11744893495742569,-0.019480481334809386,-0.000784423656813865,0.0014390132015666825,-0.013105862980889189,-0.0005500000000000002,-0.00015,-0.002,-0.00019999999999999933,-0.007440857611072715,-0.0007462989771738649,-0.006694558633898851,0.7182351589202881,0.09062524810433388,0.9002184614539146,28,8,7862,0.11556300065275288,cuda,43.28955078125
224,265,200,767,765,0,2,0,0.0,1.409387222946545,210.6482426491125,0.10532412132455625,0.572463768115942,158,118,2295.1229706119043,229.51229706119042,2400.0000000000005,240.00000000000006,116.17921679001614,11.617921679001615,2883.820783209984,288.3820783209984,3835.0,383.5,10,0.036047759790124805,0.09262702510946762,-0.006726624163207372,0.0002635981063946436,0.0,-0.005867637518223412,-2e-05,0.0,-0.01,-0.001,-0.007440857611072715,-0.0007462989771738649,-0.006694558633898851,0.7182351589202881,0.09062524810433388,0.9002184614539146,28,8,7862,0.11556300065275288,cuda,43.28955078125
225,266,200,1168,1113,38,17,38,1.0,1.3741438356164384,264.6671663122266,0.1323335831561133,0.6917562724014337,193,86,2363.357607052946,236.3357607052946,3350.2404015411216,335.0240401541122,171.44403849015293,17.144403849015294,2972.4562124730483,297.2456212473048,5650.0,565.0,7,0.03715570265591308,0.12427072499056475,-0.01319313536261384,-2.33567207132366e-05,0.0006524376568519994,-0.008658790063889654,-0.00017,0.0,-0.007,-0.0007000000000000001,-0.0054563576995860785,0.0017398743191733956,-0.007196232018759474,0.7348099768161773,0.09050166364759207,0.8678871423006058,29,8,7706,0.11641960569057941,cuda,43.23681640625
226,267,200,927,792,114,21,114,1.0,1.5695792880258899,208.88127215419934,0.10444063607709966,0.7266187050359713,202,76,2523.8120483481966,252.38120483481967,4128.91178099621,412.891178099621,155.99234314446053,15.599234314446054,3174.577519978171,317.4577519978171,4065.0,406.5,5,0.039682218999727126,0.08939364168838085,-0.01219922364905351,8.294074780990737e-06,0.0011441061644516441,-0.007878401201187522,-0.00021000000000000004,0.0,-0.005,-0.000499999999999999,-0.0054563576995860785,0.0017398743191733956,-0.007196232018759474,0.7348099768161773,0.09050166364759207,0.8678871423006058,29,8,7706,0.11641960569057941,cuda,43.23681640625
227,268,200,996,949,8,39,8,1.0,1.3453815261044177,240.83616616787725,0.12041808308393863,0.6526315789473685,186,99,2363.339178247497,236.33391782474968,2747.8197118070616,274.78197118070614,143.31498311105292,14.331498311105292,2971.4596566477744,297.14596566477746,4940.0,494.0,9,0.03714324570809716,0.10783248640148319,-0.00710727450137683,-0.00012224381726205994,0.00020000000000000006,-0.007238130707002687,-0.00039000000000000016,0.0,-0.009,-0.0009000000000000012,-0.0054563576995860785,0.0017398743191733956,-0.007196232018759474,0.7348099768161773,0.09050166364759207,0.8678871423006058,29,8,7706,0.11641960569057941,cuda,43.23681640625
228,269,200,1063,919,102,42,102,1.0,1.4684854186265286,236.67975278458772,0.11833987639229386,0.7561837455830389,214,69,2487.4542342635623,248.74542342635624,4353.962483358954,435.3962483358954,195.79699866522517,19.579699866522517,3128.8735269961567,312.8873526996157,4805.0,480.5,4,0.03911091908745197,0.10410202976823027,-0.011472721914643802,-1.522716898722781e-05,0.0013236141115858225,-0.009888737491343226,-0.0004200000000000002,0.0,-0.004,-0.0003999999999999995,-0.0054563576995860785,0.0017398743191733956,-0.007196232018759474,0.7348099768161773,0.09050166364759207,0.8678871423006058,29,8,7706,0.11641960569057941,cuda,43.23681640625
229,270,200,941,903,25,13,25,1.0,1.3793836344314558,232.16387025003513,0.11608193512501756,0.5434782608695652,150,126,2363.7657196410423,236.37657196410424,2959.6516475192357,295.96516475192357,146.27236462071411,14.627236462071412,2971.368167981155,297.1368167981155,4580.0,458.0,8,0.03714210209976442,0.10385554528257222,-0.00899069811591806,4.12768353639864e-05,0.00035120251674823465,-0.007387493493513181,-0.00013,0.0,-0.008,-0.0008000000000000001,-0.0054563576995860785,0.0017398743191733956,-0.007196232018759474,0.7348099768161773,0.09050166364759207,0.8678871423006058,29,8,7706,0.11641960569057941,cuda,43.23681640625
230,271,200,921,914,2,5,2,1.0,1.3365906623235613,239.3524104033266,0.11967620520166329,0.5871886120996441,165,116,2341.4115729531845,234.14115729531846,2528.0,252.8,136.6131391540862,13.661313915408622,2943.3868608459143,294.3386860845914,4595.0,459.5,10,0.03679233576057393,0.10917316270686837,-0.008625996532356597,0.00023635671801422868,5.000000000000001e-05,-0.0068996534514366254,-5e-05,0.0,-0.01,-0.0010000000000000005,-0.0054563576995860785,0.0017398743191733956,-0.007196232018759474,0.7348099768161773,0.09050166364759207,0.8678871423006058,29,8,7706,0.11641960569057941,cuda,43.23681640625
231,272,200,719,713,2,4,2,1.0,1.4214186369958275,200.38936344439446,0.10019468172219723,0.6376811594202898,176,100,2351.7663691742555,235.17663691742555,2528.0000000000005,252.80000000000004,124.66580324914032,12.466580324914032,2955.3341967508595,295.53341967508595,3585.0,358.5,10,0.036941677459385744,0.08634766371279967,-0.005866318006855245,5.791117970951668e-05,5e-05,-0.006296252622842489,-4e-05,0.0,-0.01,-0.0010000000000000005,-0.0054563576995860785,0.0017398743191733956,-0.007196232018759474,0.7348099768161773,0.09050166364759207,0.8678871423006058,29,8,7706,0.11641960569057941,cuda,43.23681640625
232,273,200,971,931,11,29,11,1.0,1.368692070030896,239.74368953262368,0.11987184476631184,0.5642857142857143,158,122,2371.904464074174,237.1904464074174,2867.781498535502,286.7781498535502,172.33582658744493,17.233582658744492,2983.1046365576985,298.31046365576987,4800.0,480.0,9,0.03728880795697123,0.1064832365803493,-0.005242575735218636,-3.2098629746878075e-05,0.0002683040062651464,-0.00870382941230812,-0.0002900000000000001,0.0,-0.009,-0.0009000000000000008,-0.0054563576995860785,0.0017398743191733956,-0.007196232018759474,0.7348099768161773,0.09050166364759207,0.8678871423006058,29,8,7706,0.11641960569057941,cuda,43.23681640625
233,274,200,915,809,67,39,67,1.0,1.5060109289617487,218.32105781965723,0.10916052890982861,0.7153024911032029,201,80,2465.0783949817237,246.50783949817236,3753.426572784436,375.3426572784436,163.75369322508075,16.375369322508075,3101.641740570294,310.1641740570294,4240.0,424.0,6,0.038770521757128674,0.0934161370235576,-0.008629421478825339,-2.781222543774731e-05,0.0008914923638657287,-0.00827038853046034,-0.00039000000000000016,0.0,-0.006,-0.0005999999999999991,7.82174436608329e-05,-0.0015798900625668467,0.0016581075062276796,0.7540212631225586,0.10078128166496754,0.8176735311746597,30,8,7644,0.11660589556569725,cuda,42.021484375
234,275,200,1160,1070,53,37,48,0.9056603773584906,1.4,264.56689267236305,0.13228344633618153,0.7435897435897436,203,70,2372.1435156234893,237.21435156234892,3851.8643046599036,385.1864304659904,202.90082800383772,20.29008280038377,2985.3741312841603,298.537413128416,5560.0,556.0,5,0.037317176641052004,0.1211372928545095,-0.010664490044149112,-0.00021186373622985406,0.0009978471384605489,-0.010247516517461457,-0.0004200000000000002,-0.000125,-0.005,-0.0004999999999999995,7.82174436608329e-05,-0.0015798900625668467,0.0016581075062276796,0.7540212631225586,0.10078128166496754,0.8176735311746597,30,8,7644,0.11660589556569725,cuda,42.021484375
235,276,200,858,830,9,19,9,1.0,1.400932400932401,207.51221374175677,0.10375610687087838,0.6857142857142857,192,88,2300.310445966199,230.0310445966199,2686.908623252075,268.6908623252075,137.93711907017297,13.793711907017297,2892.418485140123,289.2418485140123,4245.0,424.5,9,0.03615523106425154,0.0932407990913566,-0.008966179490907418,0.00017760247884058772,0.00020517510928424868,-0.00696652138194729,-0.00019000000000000004,0.0,-0.009,-0.0009000000000000015,7.82174436608329e-05,-0.0015798900625668467,0.0016581075062276796,0.7540212631225586,0.10078128166496754,0.8176735311746597,30,8,7644,0.11660589556569725,cuda,42.021484375
236,277,200,944,923,9,12,9,1.0,1.3718220338983051,245.99177237952838,0.12299588618976419,0.5018181818181818,138,137,2394.0184136394155,239.40184136394154,2815.8623881026756,281.58623881026756,148.46680254097052,14.846680254097052,3011.3611825873736,301.1361182587374,4675.0,467.5,9,0.037642014782342165,0.10980592762538376,-0.007504005885087719,0.0003577730398476523,0.00021250000000000012,-0.0074983233727215085,-0.00011999999999999998,0.0,-0.009,-0.0008999999999999994,7.82174436608329e-05,-0.0015798900625668467,0.0016581075062276796,0.7540212631225586,0.10078128166496754,0.8176735311746597,30,8,7644,0.11660589556569725,cuda,42.021484375
237,278,200,760,755,0,5,0,0.0,1.431578947368421,206.81168128453788,0.10340584064226895,0.3985239852398524,108,163,2301.192334858991,230.11923348589912,2400.0,240.0,105.82416377749199,10.5824163777492,2894.1758362225078,289.4175836222508,3800.0,380.0,10,0.03617719795278135,0.09084562531053575,-0.0074499964161778,0.00022766860152242802,0.0,-0.005344654806392792,-5e-05,0.0,-0.01,-0.0010000000000000002,7.82174436608329e-05,-0.0015798900625668467,0.0016581075062276796,0.7540212631225586,0.10078128166496754,0.8176735311746597,30,8,7644,0.11660589556569725,cuda,42.021484375
238,279,200,994,932,43,19,43,1.0,1.391348088531187,245.0793642330507,0.12253968211652536,0.6441281138790036,181,100,2349.7122820533737,234.97122820533735,3298.5227407942525,329.85227407942523,156.7092226257499,15.67092226257499,2954.867490370658,295.4867490370658,4755.0,475.5,7,0.03693584362963323,0.1072845935845455,-0.0066980430770000685,0.00018965976558332905,0.0006322354456227538,-0.00791460723185951,-0.00019000000000000004,0.0,-0.007,-0.0006999999999999988,7.82174436608329e-05,-0.0015798900625668467,0.0016581075062276796,0.7540212631225586,0.10078128166496754,0.8176735311746597,30,8,7644,0.11660589556569725,cuda,42.021484375
239,280,200,1058,946,80,32,80,1.0,1.4215500945179584,254.56051220200754,0.12728025610100377,0.7749077490774908,210,61,2385.2465922113165,238.52465922113166,3589.8684849439624,358.9868484943962,143.67810274412915,14.367810274412914,2999.9897003458473,299.9989700345847,4890.0,489.0,6,0.037499871254323094,0.11133204232277438,-0.008236369492781156,2.1389314149392597e-05,0.0008397923769312333,-0.007256469674393285,-0.00032000000000000013,0.0,-0.006,-0.0005999999999999995,7.82174436608329e-05,-0.0015798900625668467,0.0016581075062276796,0.7540212631225586,0.10078128166496754,0.8176735311746597,30,8,7644,0.11660589556569725,cuda,42.021484375
240,281,200,955,859,50,46,49,0.98,1.4848167539267016,222.85083471825448,0.11142541735912724,0.725,203,77,2490.3396174045,249.03396174045002,3703.284317350862,370.32843173508616,176.1595512769794,17.61595512769794,3132.174701522574,313.2174701522574,4530.0,453.0,6,0.03915218376903216,0.09535998015139296,-0.007877182346539056,-4.309915148534747e-05,0.0008254819649306379,-0.008896947028203966,-0.00047000000000000026,-2.5e-05,-0.006,-0.0006000000000000003,7.82174436608329e-05,-0.0015798900625668467,0.0016581075062276796,0.7540212631225586,0.10078128166496754,0.8176735311746597,30,8,7644,0.11660589556569725,cuda,42.021484375
241,282,200,1185,1110,35,40,32,0.9142857142857143,1.3485232067510549,279.94177840029124,0.1399708892001456,0.6855123674911661,194,89,2355.7810012717255,235.57810012717255,3226.9245537380075,322.6924553738007,162.24270501535295,16.224270501535294,2963.381096651762,296.3381096651762,5765.0,576.5,7,0.03704226370814703,0.12653044684651116,-0.007452997376103319,-0.00031726748492449713,0.00056751993156587,-0.008194076425050613,-0.0004300000000000002,-7.500000000000001e-05,-0.007,-0.0006999999999999981,-0.010729101382457883,-0.0009754136415722314,-0.009753687740885652,0.6781896620988845,0.08037354089319707,0.7898066207766533,31,8,7873,0.1189333894229142,cuda,43.2939453125
242,283,200,884,838,33,13,33,1.0,1.4298642533936652,233.91320326835884,0.11695660163417942,0.6099290780141844,172,110,2372.770471355523,237.27704713555232,3053.499118123269,305.3499118123269,135.42294474238705,13.542294474238705,2983.522136367474,298.3522136367474,4255.0,425.5,8,0.03729402670459342,0.09981474995938042,-0.0049563645464988084,0.00014377660174063722,0.00042995551034014,-0.006839542595376226,-0.00013,0.0,-0.008,-0.0007999999999999998,-0.010729101382457883,-0.0009754136415722314,-0.009753687740885652,0.6781896620988845,0.08037354089319707,0.7898066207766533,31,8,7873,0.1189333894229142,cuda,43.2939453125
243,284,200,831,806,19,6,19,1.0,1.4620938628158844,216.8503001471948,0.10842515007359739,0.7163120567375887,202,80,2341.3821993332813,234.13821993332812,2993.4115182719415,299.34115182719415,136.94036773321758,13.69403677332176,2944.54196392645,294.45419639264503,4060.0,406.0,8,0.03680677454908062,0.09175462984997886,-0.00472248237116488,-4.401807297662657e-05,0.000406426291362661,-0.0069161801726833096,-6e-05,0.0,-0.008,-0.0008000000000000001,-0.010729101382457883,-0.0009754136415722314,-0.009753687740885652,0.6781896620988845,0.08037354089319707,0.7898066207766533,31,8,7873,0.1189333894229142,cuda,43.2939453125
244,285,200,971,904,47,20,47,1.0,1.4603501544799176,216.60234454281604,0.10830117227140802,0.7472924187725631,207,70,2459.760371962247,245.9760371962247,3749.0088127648796,374.90088127648795,201.40598686069492,20.14059868606949,3092.3049199535676,309.2304919953568,4620.0,462.0,6,0.038653811499419585,0.09791379709948776,-0.01218106425799428,3.282701013464188e-05,0.0008538202289867868,-0.010172019308626549,-0.00020000000000000004,0.0,-0.006,-0.0006000000000000004,-0.010729101382457883,-0.0009754136415722314,-0.009753687740885652,0.6781896620988845,0.08037354089319707,0.7898066207766533,31,8,7873,0.1189333894229142,cuda,43.2939453125
245,286,200,1181,1036,79,66,79,1.0,1.4165961049957663,240.5377512715106,0.12026887563575529,0.7684210526315789,219,66,2324.885561809098,232.4885561809098,4039.9720930088506,403.99720930088506,215.86405800729298,21.5864058007293,2926.190576827811,292.6190576827811,5510.0,551.0,3,0.03657738221034761,0.10698096102973091,-0.009200049314494058,-0.00040088719808936403,0.0011736940508912238,-0.010902225142631023,-0.0006600000000000003,0.0,-0.003,-0.00029999999999999987,-0.010729101382457883,-0.0009754136415722314,-0.009753687740885652,0.6781896620988845,0.08037354089319707,0.7898066207766533,31,8,7873,0.1189333894229142,cuda,43.2939453125
246,287,200,880,874,0,6,0,0.0,1.3511363636363636,222.4733846747809,0.11123669233739045,0.5316901408450704,151,133,2275.359653124699,227.5359653124699,2399.9999999999995,239.99999999999994,140.96105493418534,14.096105493418534,2859.038945065815,285.9038945065815,4400.0,440.0,10,0.03573798681332269,0.10352173755433686,-0.010072918784643723,0.00022913161240363406,0.0,-0.007119244858029178,-6e-05,0.0,-0.01,-0.001,-0.010729101382457883,-0.0009754136415722314,-0.009753687740885652,0.6781896620988845,0.08037354089319707,0.7898066207766533,31,8,7873,0.1189333894229142,cuda,43.2939453125
247,288,200,959,909,38,12,38,1.0,1.4181438998957248,246.21671577730262,0.1231083578886513,0.5302491103202847,149,132,2377.1250240424997,237.71250240424996,3083.2226771778114,308.32226771778113,135.39726108710607,13.539726108710607,2991.6169121490266,299.16169121490265,4605.0,460.5,8,0.037395211401862805,0.10941294674229136,-0.008394916665622438,-1.021942708529091e-06,0.0004543838582725822,-0.006838245505444445,-0.00011999999999999998,0.0,-0.008,-0.0007999999999999997,-0.010729101382457883,-0.0009754136415722314,-0.009753687740885652,0.6781896620988845,0.08037354089319707,0.7898066207766533,31,8,7873,0.1189333894229142,cuda,43.2939453125
248,289,200,982,958,6,18,6,1.0,1.3441955193482689,246.39875268437234,0.12319937634218617,0.610909090909091,168,107,2284.354299663393,228.43542996633929,2596.8635377664305,259.68635377664305,134.79041057894733,13.479041057894733,2871.289011629091,287.1289011629091,4880.0,488.0,9,0.03589111264536364,0.10989659697320618,-0.006015081117041735,0.00016434435657353597,0.00015000000000000004,-0.006807596515915227,-0.00018,0.0,-0.009,-0.0009000000000000008,-0.010729101382457883,-0.0009754136415722314,-0.009753687740885652,0.6781896620988845,0.08037354089319707,0.7898066207766533,31,8,7873,0.1189333894229142,cuda,43.2939453125
249,290,200,630,622,5,3,5,1.0,1.6015873015873017,186.8511366463273,0.09342556832316365,0.4259927797833935,118,159,2457.0800407009056,245.70800407009057,2720.0000000000005,272.00000000000006,110.35010873342564,11.035010873342564,3089.6498912665747,308.9649891266575,3125.0,312.5,10,0.038620623640832207,0.07543280836104672,-0.004195034750961175,4.540915693125942e-05,0.00012500000000000006,-0.0055732380846853615,-2.9999999999999997e-05,0.0,-0.01,-0.001,-0.0009071692737052218,-0.0008499001734890044,-5.726910021621734e-05,0.7630009278655052,0.08681543711572885,0.7497759938240052,32,8,7496,0.11519187626901298,cuda,42.0517578125
250,291,200,1017,899,62,56,62,1.0,1.4591937069813177,241.96135667594004,0.12098067833797002,0.7605633802816901,216,68,2586.8450028626203,258.68450028626205,3865.8067923733915,386.58067923733915,156.75913765079133,15.675913765079134,3253.8431359215665,325.3843135921567,4775.0,477.5,6,0.0406730391990196,0.10300180948839245,-0.008642417481295576,0.00013684012327023159,0.0008885351355589863,-0.007917128126975592,-0.0005600000000000003,0.0,-0.006,-0.0005999999999999991,-0.0009071692737052218,-0.0008499001734890044,-5.726910021621734e-05,0.7630009278655052,0.08681543711572885,0.7497759938240052,32,8,7496,0.11519187626901298,cuda,42.0517578125
251,292,200,1100,970,76,54,76,1.0,1.5436363636363637,253.6110762525415,0.12680553812627074,0.7935943060498221,223,58,2754.1311728184246,275.41311728184246,4760.771801047844,476.07718010478436,212.22746218519697,21.222746218519696,3466.8741134774664,346.68741134774666,5120.0,512.0,4,0.04333592641846832,0.10743816263948237,-0.009862413754698797,0.00013250701489540985,0.0014199144847794666,-0.010718558676655995,-0.0005400000000000002,0.0,-0.004,-0.0003999999999999998,-0.0009071692737052218,-0.0008499001734890044,-5.726910021621734e-05,0.7630009278655052,0.08681543711572885,0.7497759938240052,32,8,7496,0.11519187626901298,cuda,42.0517578125
252,293,200,951,900,37,14,37,1.0,1.4153522607781284,234.62986621844763,0.11731493310922382,0.7147887323943662,203,81,2330.676791519551,233.0676791519551,2978.220955393384,297.8220955393384,130.2934917597957,13.02934917597957,2931.094605361069,293.1094605361069,4570.0,457.0,8,0.036638682567013345,0.10537201020551697,-0.009571277231063602,-1.7370534814261743e-05,0.00041336756070054013,-0.006580479458129195,-0.00014,0.0,-0.008,-0.0007999999999999986,-0.0009071692737052218,-0.0008499001734890044,-5.726910021621734e-05,0.7630009278655052,0.08681543711572885,0.7497759938240052,32,8,7496,0.11519187626901298,cuda,42.0517578125
253,294,200,880,842,25,13,25,1.0,1.4693181818181817,222.8582765085516,0.11142913825427579,0.7535211267605634,214,70,2443.915658942018,244.39156589420182,3226.705865094408,322.6705865094408,144.21222026601194,14.421222026601194,3072.4789454179927,307.24789454179927,4275.0,427.5,8,0.038405986817724905,0.09766388208007971,-0.009032718774963965,0.00010082994714668818,0.0005046037207975749,-0.007283445536509309,-0.00013,0.0,-0.008,-0.0008000000000000006,-0.0009071692737052218,-0.0008499001734890044,-5.726910021621734e-05,0.7630009278655052,0.08681543711572885,0.7497759938240052,32,8,7496,0.11519187626901298,cuda,42.0517578125
254,295,200,919,888,18,13,18,1.0,1.3895538628944506,233.84891164274046,0.11692445582137023,0.6205673758865248,175,107,2350.694574935379,235.0694574935379,2785.757228193303,278.5757228193303,136.4045791569256,13.64045791569256,2954.6936884638894,295.46936884638893,4505.0,450.5,9,0.03693367110579864,0.10268980493429997,-0.006058489539858649,3.415283085091032e-05,0.00024443641726300925,-0.0068891199269836625,-0.00013,0.0,-0.009,-0.0009000000000000007,-0.0009071692737052218,-0.0008499001734890044,-5.726910021621734e-05,0.7630009278655052,0.08681543711572885,0.7497759938240052,32,8,7496,0.11519187626901298,cuda,42.0517578125
255,296,200,893,849,10,34,10,1.0,1.3807390817469205,219.32674417846826,0.10966337208923413,0.501779359430605,141,140,2312.144124222352,231.21441242223517,2701.4914215281337,270.1491421528134,133.53493704541663,13.353493704541663,2908.152170571464,290.8152170571464,4415.0,441.5,9,0.03635190213214329,0.09549441307088313,-0.0056782792409995975,0.00027003904168449843,0.00020948573080830437,-0.006744188645285165,-0.00034000000000000013,0.0,-0.009,-0.000900000000000001,-0.0009071692737052218,-0.0008499001734890044,-5.726910021621734e-05,0.7630009278655052,0.08681543711572885,0.7497759938240052,32,8,7496,0.11519187626901298,cuda,42.0517578125
256,297,200,1106,1005,73,28,73,1.0,1.445750452079566,249.98265218119084,0.12499132609059542,0.7697841726618705,214,64,2482.98040352667,248.29804035266702,3867.7279846508563,386.77279846508566,194.6132655013848,19.46132655013848,3122.716724905399,312.2716724905399,5165.0,516.5,6,0.03903395906131747,0.11268264640701506,-0.010828561055691757,-0.0001360967361635056,0.0009483312440042384,-0.009828952829886235,-0.0002800000000000001,0.0,-0.006,-0.0006,-0.0009071692737052218,-0.0008499001734890044,-5.726910021621734e-05,0.7630009278655052,0.08681543711572885,0.7497759938240052,32,8,7496,0.11519187626901298,cuda,42.0517578125
257,298,200,1015,932,65,18,65,1.0,1.4206896551724137,246.97116060123065,0.12348558030061532,0.6306620209059234,181,106,2373.821760149283,237.3821760149283,3336.2187364267083,333.62187364267083,149.3186374020393,14.931863740203928,2985.8180728646535,298.58180728646533,4750.0,475.0,7,0.03732272591080816,0.11148683431905657,-0.010613480701061958,6.388545334700618e-05,0.0006469604439166817,-0.007541345125451268,-0.00018,0.0,-0.007,-0.0007000000000000004,-0.005610256703221239,-8.056383667280898e-05,-0.00552969286654843,0.6339784234762191,0.11084749214351178,0.772380867600441,33,8,8011,0.11687497031599642,cuda,41.86767578125
258,299,200,1048,888,89,71,89,1.0,1.4427480916030535,223.1525072289824,0.1115762536144912,0.697841726618705,194,84,2395.5617358654026,239.55617358654027,3830.6863476783733,383.06863476783735,190.57937585067876,19.057937585067876,3014.242876557084,301.4242876557084,4795.0,479.5,5,0.03767803595696354,0.09827265421251273,-0.00968327564457359,0.00015435045567140928,0.0009897098013688763,-0.009625221167451703,-0.0007100000000000005,0.0,-0.005,-0.0005000000000000003,-0.005610256703221239,-8.056383667280898e-05,-0.00552969286654843,0.6339784234762191,0.11084749214351178,0.772380867600441,33,8,8011,0.11687497031599642,cuda,41.86767578125
259,300,200,1061,950,77,34,77,1.0,1.5202639019792648,231.44787522677765,0.11572393761338882,0.825,231,49,2495.5231343043024,249.55231343043025,4354.052734273927,435.4052734273927,187.56801971898707,18.756801971898707,3139.8215181201354,313.9821518120135,4920.0,492.0,4,0.039247768976501694,0.10238120068791189,-0.012529367733776532,-0.0004782673593846944,0.001315735237502056,-0.00947313219536562,-0.00034000000000000013,0.0,-0.004,-0.0003999999999999999,-0.005610256703221239,-8.056383667280898e-05,-0.00552969286654843,0.6339784234762191,0.11084749214351178,0.772380867600441,33,8,8011,0.11687497031599642,cuda,41.86767578125
260,301,200,695,689,1,5,1,1.0,1.4316546762589928,198.69853488468598,0.09934926744234299,0.5851063829787234,165,117,2310.0943029245345,231.00943029245346,2402.471070936864,240.24710709368642,98.2474375420273,9.82474375420273,2903.2969817935127,290.3296981793513,3470.0,347.0,10,0.036291212272418896,0.08501982904973455,-0.006284159726859087,0.0003334123819992459,9.652620847127918e-07,-0.004961991797035413,-5e-05,0.0,-0.01,-0.0010000000000000007,-0.005610256703221239,-8.056383667280898e-05,-0.00552969286654843,0.6339784234762191,0.11084749214351178,0.772380867600441,33,8,8011,0.11687497031599642,cuda,41.86767578125
261,302,200,962,853,84,25,84,1.0,1.4916839916839917,223.33704623638883,0.11166852311819442,0.7733812949640287,215,63,2480.430915588735,248.0430915588735,4043.631422484985,404.3631422484985,156.7886533232484,15.678865332324841,3120.4809857298665,312.04809857298665,4390.0,439.0,5,0.03900601232162332,0.09619508820795503,-0.010649653718400525,-0.00032509825936960545,0.0011107935244081964,-0.007918618958022037,-0.00025000000000000006,0.0,-0.005,-0.0005000000000000006,-0.005610256703221239,-8.056383667280898e-05,-0.00552969286654843,0.6339784234762191,0.11084749214351178,0.772380867600441,33,8,8011,0.11687497031599642,cuda,41.86767578125
262,303,200,1059,984,55,20,49,0.8909090909090909,1.4230406043437205,253.23140390278613,0.12661570195139307,0.5971731448763251,169,114,2424.406626297395,242.4406626297395,3540.79120509521,354.079120509521,150.51592021169714,15.051592021169714,3048.4951777494566,304.84951777494564,5050.0,505.0,6,0.0381061897218682,0.11165651307411142,-0.00855461147954884,-0.0007474363445175652,0.0007668611927549098,-0.0076018142132750054,-0.0002600000000000001,-0.00015,-0.006,-0.0005999999999999996,-0.005610256703221239,-8.056383667280898e-05,-0.00552969286654843,0.6339784234762191,0.11084749214351178,0.772380867600441,33,8,8011,0.11687497031599642,cuda,41.86767578125
263,304,200,920,853,48,19,48,1.0,1.5032608695652174,217.09770243138175,0.10854885121569087,0.6571428571428571,184,96,2437.8729374195646,243.78729374195646,3729.5532506574464,372.95532506574466,177.05912878312796,17.705912878312795,3065.4045046876918,306.54045046876917,4360.0,436.0,6,0.038317556308596144,0.09618246862019275,-0.010797912674558438,-0.000295981598304066,0.0008751007836621346,-0.008942380223897758,-0.00019000000000000004,0.0,-0.006,-0.0006000000000000006,-0.005610256703221239,-8.056383667280898e-05,-0.00552969286654843,0.6339784234762191,0.11084749214351178,0.772380867600441,33,8,8011,0.11687497031599642,cuda,41.86767578125
264,305,200,1251,1152,66,33,66,1.0,1.3685051958433254,276.06329454370933,0.13803164727185466,0.5740072202166066,159,118,2399.4728540398582,239.94728540398583,3755.375541514073,375.53755415140733,186.95886042171313,18.695886042171313,3017.2955078653767,301.7295507865377,5925.0,592.5,5,0.037716193848317196,0.1304660980208361,-0.015846734308828523,5.597812189615283e-05,0.0009124781616284363,-0.009442366571994699,-0.0003300000000000001,0.0,-0.005,-0.0005000000000000003,-0.005610256703221239,-8.056383667280898e-05,-0.00552969286654843,0.6339784234762191,0.11084749214351178,0.772380867600441,33,8,8011,0.11687497031599642,cuda,41.86767578125
265,306,200,587,581,0,6,0,0.0,1.534923339011925,173.2350612139886,0.0866175306069943,0.5,139,139,2308.4725846948977,230.84725846948976,2400.0000000000005,240.00000000000006,99.11431946656626,9.911431946656625,2900.885680533434,290.0885680533434,2935.0,293.5,10,0.036261071006667915,0.07170660220701319,-0.005481789553540568,0.00019742055991674084,0.0,-0.005005773613062898,-6e-05,0.0,-0.01,-0.0010000000000000002,0.005652367125730961,-0.0002600550651550293,0.005912422190885991,0.6950135216116905,0.11787753459066153,0.7653030812740326,34,8,7660,0.11494864052093676,cuda,41.48046875
266,307,200,1097,983,65,49,65,1.0,1.4731084776663628,238.23452907617286,0.11911726453808644,0.8050541516245487,223,54,2572.855177432319,257.28551774323194,3896.095867162317,389.6095867162317,168.32213311403677,16.832213311403677,3238.9969829875936,323.89969829875935,5160.0,516.0,5,0.04048746228734493,0.10416769996041751,-0.01185960374253461,-6.392660891412779e-05,0.0008767504486570396,-0.008501117806884445,-0.0004900000000000003,0.0,-0.005,-0.0004999999999999998,0.005652367125730961,-0.0002600550651550293,0.005912422190885991,0.6950135216116905,0.11787753459066153,0.7653030812740326,34,8,7660,0.11494864052093676,cuda,41.48046875
267,308,200,912,793,80,39,80,1.0,1.4638157894736843,224.651528788956,0.112325764394478,0.6618705035971223,184,94,2382.0494158805855,238.20494158805855,3561.9476942075603,356.194769420756,135.20886754297874,13.520886754297873,2994.2769387736616,299.42769387736615,4160.0,416.0,6,0.03742846173467079,0.09183682054300496,-0.004328985019950391,0.0003813548379818281,0.0008268430071517544,-0.006828730708381051,-0.00039000000000000016,0.0,-0.006,-0.0006000000000000001,0.005652367125730961,-0.0002600550651550293,0.005912422190885991,0.6950135216116905,0.11787753459066153,0.7653030812740326,34,8,7660,0.11494864052093676,cuda,41.48046875
268,309,200,968,917,33,18,33,1.0,1.4287190082644627,246.10710797733557,0.12305355398866778,0.7083333333333334,204,84,2427.234536757488,242.7234536757488,3205.030531535489,320.5030531535489,149.53938969978327,14.953938969978328,3053.604692509897,305.3604692509897,4675.0,467.5,8,0.03817005865637371,0.11024163404231205,-0.009140038748598723,-0.0001875706615949323,0.00050196505138105,-0.0075524943512052505,-0.00018,0.0,-0.008,-0.0008000000000000001,0.005652367125730961,-0.0002600550651550293,0.005912422190885991,0.6950135216116905,0.11787753459066153,0.7653030812740326,34,8,7660,0.11494864052093676,cuda,41.48046875
269,310,200,1069,950,57,62,57,1.0,1.4106641721234798,234.161629185265,0.1170808145926325,0.725,203,77,2394.4554457117,239.44554457117002,3358.994421443257,335.8994421443257,174.39892477271073,17.439892477271073,3012.6722919505764,301.26722919505767,5060.0,506.0,6,0.037658403649382236,0.10651489100812869,-0.011304328038178602,-0.00038594785497151495,0.0006322948813004887,-0.008808026582154358,-0.0006200000000000003,0.0,-0.006,-0.0006064724708744987,0.005652367125730961,-0.0002600550651550293,0.005912422190885991,0.6950135216116905,0.11787753459066153,0.7653030812740326,34,8,7660,0.11494864052093676,cuda,41.48046875
270,311,200,1011,919,63,29,63,1.0,1.4085064292779426,239.8457369890565,0.11992286849452824,0.6898954703832753,198,89,2329.6276919986994,232.96276919986994,3517.0464528524985,351.70464528524985,169.3136348794397,16.93136348794397,2928.8403981533725,292.88403981533725,4740.0,474.0,6,0.036610504976917174,0.10741270046813653,-0.009341476989054371,-0.00012901246689705844,0.0008113462706455058,-0.008551193765219433,-0.0002900000000000001,0.0,-0.006,-0.0006000000000000001,0.005652367125730961,-0.0002600550651550293,0.005912422190885991,0.6950135216116905,0.11787753459066153,0.7653030812740326,34,8,7660,0.11494864052093676,cuda,41.48046875
271,312,200,870,825,9,36,9,1.0,1.4160919540229886,228.73286909067696,0.11436643454533847,0.6048951048951049,173,113,2347.9772593225775,234.79772593225775,2751.6253654484603,275.16253654484603,126.51496232696427,12.651496232696427,2953.0167444836106,295.30167444836104,4305.0,430.5,8,0.03691270930604513,0.09807637067472447,-0.00527272968213526,7.468371757143365e-05,0.00022500000000000016,-0.0063896443298494775,-0.00036000000000000013,0.0,-0.008,-0.0008999551410179851,0.005652367125730961,-0.0002600550651550293,0.005912422190885991,0.6950135216116905,0.11787753459066153,0.7653030812740326,34,8,7660,0.11494864052093676,cuda,41.48046875
272,313,200,1146,980,99,67,99,1.0,1.480802792321117,254.2097860135365,0.12710489300676825,0.823321554770318,233,50,2620.5298627959137,262.0529862795914,4492.002969671724,449.2002969671724,199.6573921316284,19.96573921316284,3296.580039542532,329.6580039542532,5235.0,523.5,4,0.041207250494281644,0.1100212016585522,-0.010089832016500485,-0.00020424908311855993,0.0013242289252596861,-0.010083706971706121,-0.0006700000000000003,0.0,-0.004,-0.0003999999999999999,0.005652367125730961,-0.0002600550651550293,0.005912422190885991,0.6950135216116905,0.11787753459066153,0.7653030812740326,34,8,7660,0.11494864052093676,cuda,41.48046875
273,314,200,1087,975,50,62,50,1.0,1.4388224471021158,249.4008367232722,0.12470041836163609,0.7446043165467626,207,71,2426.4723256425073,242.64723256425071,3568.114982500283,356.8114982500283,151.509243367564,15.1509243367564,3053.758380796622,305.37583807966223,5185.0,518.5,6,0.03817197975995779,0.11061785943858035,-0.010065109055998438,6.337294938671795e-05,0.0007842975649757284,-0.007651982295265824,-0.0006200000000000003,0.0,-0.006,-0.0006000000000000001,0.003964126295977622,-0.0002827015625371132,0.004246827858514735,0.5948241628706455,0.09873332343995571,0.7018619984388351,35,8,8186,0.11940853270733268,cuda,41.65283203125
274,315,200,1159,1072,42,45,42,1.0,1.3822260569456428,255.0843126038313,0.12754215630191565,0.6901408450704225,196,88,2412.4856097271977,241.24856097271976,3578.5334300185705,357.85334300185707,165.87147207856705,16.587147207856706,3034.322566555227,303.4322566555227,5585.0,558.5,6,0.037929032081940345,0.11201818592392175,-0.007560239033269556,-0.00021308364655749318,0.0007956079680558857,-0.00837734699217524,-0.00045000000000000026,0.0,-0.006,-0.0005999999999999998,0.003964126295977622,-0.0002827015625371132,0.004246827858514735,0.5948241628706455,0.09873332343995571,0.7018619984388351,35,8,8186,0.11940853270733268,cuda,41.65283203125
275,316,200,1184,994,106,84,106,1.0,1.410472972972973,251.6763081339579,0.12583815406697896,0.7793103448275862,226,64,2404.9848110952894,240.49848110952894,3915.3579860846953,391.5357986084695,172.98846374375893,17.29884637437589,3023.2680638139664,302.32680638139664,5390.0,539.0,4,0.037790850797674566,0.11507003769676406,-0.01363314929622876,-0.00037821846638104965,0.001061213096905089,-0.008736790830481185,-0.0008400000000000006,0.0,-0.004,-0.0004957889312739494,0.003964126295977622,-0.0002827015625371132,0.004246827858514735,0.5948241628706455,0.09873332343995571,0.7018619984388351,35,8,8186,0.11940853270733268,cuda,41.65283203125
276,317,200,886,830,34,22,34,1.0,1.4537246049661399,220.02200989772024,0.11001100494886012,0.6771929824561403,193,92,2446.38030006195,244.638030006195,3207.121818582405,320.7121818582405,131.43363891428496,13.143363891428496,3073.6711663302376,307.3671166330238,4260.0,426.0,8,0.03842088957912796,0.09663808480435768,-0.009953212949438007,6.093249687871081e-05,0.0005023734174896762,-0.006638062399555908,-0.00022000000000000006,0.0,-0.008,-0.0007999999999999992,0.003964126295977622,-0.0002827015625371132,0.004246827858514735,0.5948241628706455,0.09873332343995571,0.7018619984388351,35,8,8186,0.11940853270733268,cuda,41.65283203125
277,318,200,903,805,44,54,44,1.0,1.487264673311185,226.67795713594808,0.11333897856797404,0.7087719298245614,202,83,2561.1739517555593,256.11739517555594,3556.6755520249053,355.6675552024905,156.24185402501544,15.624185402501544,3222.546213074438,322.2546213074438,4295.0,429.5,7,0.04028182766343049,0.0956759274661911,-0.00737218770430365,0.00021750340222650714,0.000666910233082297,-0.007891002492652597,-0.0005400000000000002,0.0,-0.007,-0.0007000000000000002,0.003964126295977622,-0.0002827015625371132,0.004246827858514735,0.5948241628706455,0.09873332343995571,0.7018619984388351,35,8,8186,0.11940853270733268,cuda,41.65283203125
278,319,200,928,851,41,36,41,1.0,1.46875,222.95519149166967,0.11147759574583484,0.6126760563380281,174,110,2449.549599599472,244.9549599599472,3422.0856641623263,342.20856641623266,153.1592045154781,15.315920451547811,3083.7134950156133,308.3713495015613,4435.0,443.5,7,0.03854641868769514,0.09461781084100424,-0.006862620062768222,0.0003208405772338015,0.0006504589879198843,-0.0077353132852499736,-0.00036000000000000013,0.0,-0.007,-0.000699999999999999,0.003964126295977622,-0.0002827015625371132,0.004246827858514735,0.5948241628706455,0.09873332343995571,0.7018619984388351,35,8,8186,0.11940853270733268,cuda,41.65283203125
279,320,200,1010,909,32,69,32,1.0,1.4495049504950495,239.09590914178742,0.1195479545708937,0.6298932384341637,177,104,2490.060526721392,249.0060526721392,3437.984071679893,343.7984071679893,149.80054596689095,14.980054596689095,3134.954079915973,313.4954079915973,4890.0,489.0,6,0.03918692599894967,0.10270876986888361,-0.007766719703497024,-0.00025895391167870163,0.0006329534148231253,-0.00756568407706994,-0.0006900000000000004,0.0,-0.006,-0.0006993370195172124,0.003964126295977622,-0.0002827015625371132,0.004246827858514735,0.5948241628706455,0.09873332343995571,0.7018619984388351,35,8,8186,0.11940853270733268,cuda,41.65283203125
280,321,200,1029,937,44,48,44,1.0,1.379008746355685,245.62399818913593,0.12281199909456797,0.7561837455830389,214,69,2401.9694815900157,240.19694815900158,3075.3659331755916,307.53659331755915,136.25927099417405,13.625927099417405,3021.1648460368647,302.11648460368644,4925.0,492.5,8,0.03776456057546078,0.11105429889318386,-0.010386988486184712,0.0001126698906848494,0.0004292395621490308,-0.006881781340725823,-0.0004800000000000003,0.0,-0.008,-0.0008000000000000004,0.003964126295977622,-0.0002827015625371132,0.004246827858514735,0.5948241628706455,0.09873332343995571,0.7018619984388351,35,8,8186,0.11940853270733268,cuda,41.65283203125
281,322,200,1089,1032,19,38,19,1.0,1.3709825528007347,253.14210531100673,0.12657105265550336,0.7304964539007093,206,76,2371.729585644969,237.17295856449692,3013.190121130349,301.3190121130349,160.0504904355066,16.00504904355066,2986.9908451978545,298.69908451978546,5350.0,535.0,8,0.03733738556497317,0.1201525457453637,-0.01434343661290535,0.000300762844083573,0.0003871539473622341,-0.008083358833374061,-0.0003800000000000002,0.0,-0.008,-0.0007999999999999997,-0.011299933389657074,-0.00112240901734266,-0.010177524372314414,0.5821894109249115,0.08495673454470104,0.7338746945063274,36,8,8296,0.12158906700453462,cuda,42.140625
282,323,200,1036,959,34,43,34,1.0,1.3523166023166022,235.44278615666488,0.11772139307833245,0.5035971223021583,140,138,2344.6731133094772,234.46731133094772,2799.0098374051627,279.90098374051627,149.99008868673087,14.999008868673087,2949.3910596914957,294.9391059691496,5010.0,501.0,9,0.0368673882461437,0.11004798080999226,-0.01169024319112006,0.00015191003666286448,0.0002496132177363918,-0.007575256041082532,-0.0004300000000000002,0.0,-0.009,-0.0009000000000000012,-0.011299933389657074,-0.00112240901734266,-0.010177524372314414,0.5821894109249115,0.08495673454470104,0.7338746945063274,36,8,8296,0.12158906700453462,cuda,42.140625
283,324,200,1105,986,70,49,70,1.0,1.4714932126696834,254.25107983628416,0.12712553991814207,0.6418439716312057,181,101,2467.0373352807283,246.70373352807283,4255.137443347379,425.5137443347379,183.93506572520587,18.393506572520586,3103.0592467576585,310.3059246757658,5175.0,517.5,4,0.03878824058447073,0.11301246460498271,-0.011614069212737034,-0.00015140100327960083,0.0012699546823133512,-0.009289649737608199,-0.0004900000000000003,0.0,-0.004,-0.0003999999999999994,-0.011299933389657074,-0.00112240901734266,-0.010177524372314414,0.5821894109249115,0.08495673454470104,0.7338746945063274,36,8,8296,0.12158906700453462,cuda,42.140625
284,325,200,942,933,0,9,0,0.0,1.354564755838641,233.05247802626064,0.11652623901313032,0.3623693379790941,104,183,2282.0207607423554,228.20207607423555,2399.9999999999995,239.99999999999994,129.50493169405934,12.950493169405934,2870.49506830594,287.049506830594,4710.0,471.0,10,0.035881188353824256,0.10967384584417299,-0.01165022951241171,0.0002520874018527668,0.0,-0.0065406530743079986,-8.999999999999999e-05,0.0,-0.01,-0.0010000000000000007,-0.011299933389657074,-0.00112240901734266,-0.010177524372314414,0.5821894109249115,0.08495673454470104,0.7338746945063274,36,8,8296,0.12158906700453462,cuda,42.140625
285,326,200,962,892,14,56,14,1.0,1.3918918918918919,237.47431239254524,0.11873715619627262,0.6042402826855123,171,112,2345.7774960066986,234.57774960066985,2926.666183420799,292.6666183420799,149.15855235197438,14.915855235197437,2949.1741769240243,294.9174176924024,4740.0,474.0,7,0.03686467721155032,0.10427678146327124,-0.006966500973848183,0.00010380500482300273,0.00034999999999999983,-0.007533260677084315,-0.0005600000000000003,0.0,-0.007,-0.0007983458324393579,-0.011299933389657074,-0.00112240901734266,-0.010177524372314414,0.5821894109249115,0.08495673454470104,0.7338746945063274,36,8,8296,0.12158906700453462,cuda,42.140625
286,327,200,972,891,64,17,64,1.0,1.4876543209876543,227.50862103981277,0.11375431051990638,0.8007380073800738,217,54,2415.6423064638852,241.56423064638852,3708.4189505077916,370.84189505077916,180.50932832191307,18.050932832191307,3037.2525157454565,303.72525157454567,4540.0,454.0,6,0.037965656446818236,0.1002014726656528,-0.009224033052123,-0.00018825396594286003,0.0008861011525421051,-0.009116632727040875,-0.00017,0.0,-0.006,-0.0006000000000000006,-0.011299933389657074,-0.00112240901734266,-0.010177524372314414,0.5821894109249115,0.08495673454470104,0.7338746945063274,36,8,8296,0.12158906700453462,cuda,42.140625
287,328,200,1206,1004,92,110,90,0.9782608695652174,1.4046434494195688,253.77854726254813,0.12688927363127406,0.7111913357400722,197,80,2553.9860349592445,255.39860349592445,4141.374615161531,414.13746151615317,193.62738197411366,19.362738197411367,3212.8886323276447,321.28886323276447,5580.0,558.0,3,0.04016110790409555,0.11102097834118192,-0.010892934109550445,-0.00017665604485826608,0.0011063764091563469,-0.009779160545058991,-0.0011200000000000008,-5e-05,-0.003,-0.000380438323692005,-0.011299933389657074,-0.00112240901734266,-0.010177524372314414,0.5821894109249115,0.08495673454470104,0.7338746945063274,36,8,8296,0.12158906700453462,cuda,42.140625
288,329,200,984,927,39,18,39,1.0,1.4227642276422765,250.77514204743136,0.12538757102371567,0.72,198,77,2409.0349772480567,240.90349772480567,3341.086428360818,334.1086428360818,140.18166066114094,14.018166066114095,3030.61570822011,303.061570822011,4725.0,472.5,7,0.03788269635275136,0.10766722366688304,-0.005950021725709334,0.00013782921562560563,0.0006097254166061063,-0.007079881902441067,-0.00018,0.0,-0.007,-0.0007000000000000006,-0.011299933389657074,-0.00112240901734266,-0.010177524372314414,0.5821894109249115,0.08495673454470104,0.7338746945063274,36,8,8296,0.12158906700453462,cuda,42.140625
289,330,200,1121,1006,76,39,76,1.0,1.3942908117752006,249.93445336833994,0.12496722668416997,0.7473684210526316,213,72,2343.018770054981,234.30187700549808,3619.5359518412806,361.95359518412806,178.21938506470596,17.821938506470595,2945.8019367989614,294.5801936798961,5225.0,522.5,5,0.03682252420998702,0.11205380303503282,-0.010066394688566653,0.00017927390450696846,0.0008689991362112067,-0.009000978913001277,-0.00039000000000000016,0.0,-0.005,-0.0004999999999999999,-0.004581501012176482,0.0015707079424626298,-0.006152208954639112,0.5460205892721812,0.1105616980128818,0.6539190530776977,37,8,8318,0.11920942447034256,cuda,41.7646484375
290,331,200,1138,1069,26,43,26,1.0,1.336555360281195,255.46311520017318,0.1277315576000866,0.6678700361010831,185,92,2416.470659898178,241.6470659898178,2999.862572462247,299.9862572462247,170.36355072793435,17.036355072793434,3042.182520198727,304.2182520198727,5560.0,556.0,8,0.038027281502484085,0.11780497129199996,-0.010270528637300857,-0.00029358818123645624,0.00033580134040696736,-0.008604219900578712,-0.0004300000000000002,0.0,-0.008,-0.0008381598156887833,-0.004581501012176482,0.0015707079424626298,-0.006152208954639112,0.5460205892721812,0.1105616980128818,0.6539190530776977,37,8,8318,0.11920942447034256,cuda,41.7646484375
291,332,200,872,859,6,7,6,1.0,1.386467889908257,237.28275502346895,0.11864137751173448,0.6071428571428571,170,110,2298.2860943745964,229.82860943745965,2599.1598593632857,259.9159859363286,118.70208976459755,11.870208976459754,2890.24773443951,289.024773443951,4330.0,433.0,9,0.03612809668049387,0.10339307831514069,-0.005426484853235912,0.0003617421903187983,0.00015000000000000004,-0.0059950548209829245,-7.000000000000001e-05,0.0,-0.009,-0.0008999999999999998,-0.004581501012176482,0.0015707079424626298,-0.006152208954639112,0.5460205892721812,0.1105616980128818,0.6539190530776977,37,8,8318,0.11920942447034256,cuda,41.7646484375
292,333,200,800,778,14,8,14,1.0,1.41,209.77120969180035,0.10488560484590018,0.6245487364620939,173,104,2284.775102755976,228.4775102755976,2638.8976828498053,263.8897682849805,125.64967414459647,12.564967414459648,2873.6613776365316,287.36613776365317,3930.0,393.0,9,0.03592076722045666,0.09047910395069199,-0.0056718853787199345,0.0002964927591164224,0.00018706940736320523,-0.006345943113007978,-8e-05,0.0,-0.009,-0.0008999999999999999,-0.004581501012176482,0.0015707079424626298,-0.006152208954639112,0.5460205892721812,0.1105616980128818,0.6539190530776977,37,8,8318,0.11920942447034256,cuda,41.7646484375
293,334,200,1144,964,93,87,93,1.0,1.4624125874125875,241.18112566405384,0.12059056283202692,0.8131868131868132,222,51,2438.548572434159,243.8548572434159,4166.376421429961,416.63764214299607,170.17032617697978,17.01703261769798,3068.070346515576,306.8070346515576,5255.0,525.5,3,0.03835087933144472,0.10592160281063069,-0.01215515871771905,9.989121480009059e-05,0.00123108115880931,-0.008594460898233451,-0.0008700000000000005,0.0,-0.003,-0.0003932720677052396,-0.004581501012176482,0.0015707079424626298,-0.006152208954639112,0.5460205892721812,0.1105616980128818,0.6539190530776977,37,8,8318,0.11920942447034256,cuda,41.7646484375
294,335,200,1192,1040,122,30,119,0.9754098360655737,1.4958053691275168,244.36655482059572,0.12218327741029786,0.7571428571428571,212,68,2493.429518967525,249.34295189675248,4796.720299702646,479.6720299702646,206.5862899793419,20.65862899793419,3136.040871685468,313.6040871685468,5365.0,536.5,2,0.03920051089606838,0.11184477288130962,-0.01625494896357435,-0.0012267022129406966,0.0016582957581021914,-0.010433650948667494,-0.0003300000000000001,-7.500000000000001e-05,-0.002,-0.00019999999999999928,-0.004581501012176482,0.0015707079424626298,-0.006152208954639112,0.5460205892721812,0.1105616980128818,0.6539190530776977,37,8,8318,0.11920942447034256,cuda,41.7646484375
295,336,200,866,817,37,12,37,1.0,1.4399538106235565,222.2357979599462,0.11111789897997311,0.599290780141844,169,113,2375.0282400716883,237.50282400716884,3045.929193072864,304.5929193072864,116.38939218498332,11.638939218498333,2987.3163534855566,298.73163534855564,4145.0,414.5,8,0.03734145441856947,0.09625063191365905,-0.0082639089131698,0.00014815747321777106,0.00043981609104408714,-0.005878252003347382,-0.00011999999999999998,0.0,-0.008,-0.0008000000000000012,-0.004581501012176482,0.0015707079424626298,-0.006152208954639112,0.5460205892721812,0.1105616980128818,0.6539190530776977,37,8,8318,0.11920942447034256,cuda,41.7646484375
296,337,200,1185,996,142,47,140,0.9859154929577465,1.510548523206751,247.1157797971029,0.12355788989855145,0.7377622377622378,211,75,2540.6342658998847,254.06342658998847,4893.068267434366,489.3068267434366,206.1979960918992,20.61979960918992,3197.691248626382,319.7691248626382,5225.0,522.5,2,0.03997114060782976,0.10880941674030685,-0.01292811080014793,-0.0008357952392429409,0.001695278805984179,-0.01041404021617852,-0.0004900000000000003,-5e-05,-0.002,-0.00020000000000000004,-0.004581501012176482,0.0015707079424626298,-0.006152208954639112,0.5460205892721812,0.1105616980128818,0.6539190530776977,37,8,8318,0.11920942447034256,cuda,41.7646484375
297,338,200,895,848,30,17,29,0.9666666666666667,1.4983240223463687,226.33551069000666,0.11316775534500333,0.65,182,98,2419.901321067988,241.99013210679882,3351.85305381291,335.18530538129096,155.83700390066076,15.583700390066076,3045.741557875021,304.5741557875021,4330.0,433.0,7,0.03807176947343776,0.09759014589597689,-0.007048383439667393,-0.000287869343292558,0.0006176485971815342,-0.007870555838633024,-0.00018,-2.5e-05,-0.007,-0.0007,-0.016692026308737694,-0.000267078191973269,-0.016424948116764426,0.6846086055040359,0.09342830516397953,0.6811418324708939,38,4,3932,0.11707901406344201,cuda,40.556640625
298,339,200,948,885,31,32,31,1.0,1.4145569620253164,234.0128190527267,0.11700640952636336,0.7711267605633803,219,65,2339.2421018140067,233.92421018140067,3007.71778675011,300.771778675011,139.11079655462007,13.911079655462007,2940.7128201641985,294.07128201641984,4585.0,458.5,8,0.03675891025205248,0.1035330163933049,-0.007593306433901341,2.8697325348255803e-05,0.00042488976044926125,-0.007025797770890246,-0.00032000000000000013,0.0,-0.008,-0.0008000000000000012,-0.016692026308737694,-0.000267078191973269,-0.016424948116764426,0.6846086055040359,0.09342830516397953,0.6811418324708939,38,4,3932,0.11707901406344201,cuda,40.556640625
299,340,200,1090,939,91,60,91,1.0,1.4761467889908257,241.93409468888606,0.12096704734444304,0.6996466431095406,198,85,2395.176054285899,239.51760542858992,4061.4276001742105,406.14276001742104,181.02454333998688,18.102454333998686,3013.470501543417,301.3470501543417,4995.0,499.5,4,0.03766838126929272,0.10544973559620398,-0.00923916870625905,5.432194985659368e-05,0.001176430909583975,-0.009142653674235134,-0.0006000000000000003,0.0,-0.004,-0.00039999999999999986,-0.016692026308737694,-0.000267078191973269,-0.016424948116764426,0.6846086055040359,0.09342830516397953,0.6811418324708939,38,4,3932,0.11707901406344201,cuda,40.556640625
300,341,200,999,930,47,22,47,1.0,1.4234234234234233,234.34968807591656,0.11717484403795828,0.6701754385964912,191,94,2374.592302910357,237.45923029103568,3343.503554451513,334.3503554451513,151.42610569079352,15.142610569079352,2988.263615841402,298.8263615841402,4760.0,476.0,7,0.03735329519801752,0.10545075241962844,-0.010738338067446772,2.711186757653069e-05,0.000649806075957621,-0.007647783455775084,-0.00022000000000000006,0.0,-0.007,-0.0007000000000000006,-0.016692026308737694,-0.000267078191973269,-0.016424948116764426,0.6846086055040359,0.09342830516397953,0.6811418324708939,38,4,3932,0.11707901406344201,cuda,40.556640625
