step,mcs_id,state,is_agent,longitude,latitude,remain_kwh,remain_change_kwh,energy_used_kwh,moved_distance_km,action_mode,action_target_longitude,action_target_latitude,reward,reward_service,reward_recharge,reward_movement,reward_wait,reward_recharge_match_failure,reward_broken,reward_battery_potential,total_reward,event_mode,event_requested_mode,event_recharge_matched,event_waited,event_movement_energy_kwh,event_service_kwh,event_recharged_kwh,event_newly_broken,is_idle,is_task,is_recharging,is_broken,is_arrive,current_target_type,current_target_id,charge_power_kwh,charge_time_remain_min,total_energy_consumed,total_charged_kwh,total_cost,total_profit,total_idle_time_min,near_quasi_count,near_iev_count,near_idle_mcs_count,near_task_mcs_count,near_available_fcs_count,near_busy_fcs_count,obs_self,obs_tgt,obs_mask,high_state,high_action_mask,low_self_state,low_candidates,low_candidate_mask,candidate_ids,high_remain_ratio,high_nearest_fcs_distance_ratio,high_recharge_margin_ratio,high_local_available_slot_ratio,high_local_need_supply_ratio,high_near_quasi_count_ratio,high_near_iev_demand_ratio,mask_serve_valid,mask_recharge_valid,mask_wait_valid
0,5,idle,True,104.00746983729759,30.620937275592635,300.0,0.0,0.0,0.0,,,,0.0,0.0,0.0,0.0,0.0,0.0,0.0,0.0,0.0,,,False,False,0.0,0.0,0.0,False,True,False,False,False,False,,-1,0.0,0.0,0.0,0.0,0.0,0.0,0.0,20,0,2,0,1,0,"[1.0, 0.5426958799362183, 1.0]","[[1.0, 0.17699149250984192, 0.8647785782814026, 0.49895602464675903, 0.7231320738792419], [0.31952786445617676, 0.22494913637638092, 0.8920280933380127, 0.48807671666145325, 0.6944080591201782], [0.5673414468765259, 0.2607574462890625, 0.8872518539428711, 0.48239442706108093, 0.6818488836288452], [1.0, 0.26736754179000854, 0.8803396224975586, 0.4811737835407257, 0.6776075959205627], [1.0, 0.611505389213562, 0.9071667790412903, 0.26193004846572876, 0.5097861289978027]]","[false, false, false, false, false]","[1.0, 0.13172781467437744, 0.9996048212051392, 1.0, 0.5426958799362183, 1.0, 0.0]","[true, true, true]","[1.0, 0.5426958799362183, 1.0]","[[1.0, 0.17699149250984192, 0.8647785782814026, 0.49895602464675903, 0.7231320738792419], [0.31952786445617676, 0.22494913637638092, 0.8920280933380127, 0.48807671666145325, 0.6944080591201782], [0.5673414468765259, 0.2607574462890625, 0.8872518539428711, 0.48239442706108093, 0.6818488836288452], [1.0, 0.26736754179000854, 0.8803396224975586, 0.4811737835407257, 0.6776075959205627], [1.0, 0.611505389213562, 0.9071667790412903, 0.26193004846572876, 0.5097861289978027]]","[true, true, true, true, true]","[255, 23, 277, 47, 282]",1.0,0.13172781467437744,0.9996048212051392,1.0,0.5426958799362183,1.0,0.0,True,True,True
1,5,task,False,104.035332,30.608713,299.1021674673794,-0.8978325326206118,0.8978325326206118,2.9927751087354393,Serve,104.035332,30.608713,-0.09069015481016485,0.0,0.0,-0.09069015481016485,0.0,0.0,0.0,0.0,-0.09069015481016485,Serve,Serve,False,False,0.8978325326206318,0.0,0.0,False,False,True,False,False,False,IEV,24,62.88951614537246,31.44475807268623,1.0485720765499444,62.88951614537246,51.15047057753793,50.191021281154526,0.0,0,0,1,0,1,0,[],[],[],[],[],[],[],[],[],,,,,,,,,,
2,5,task,False,104.030945,30.606230500000002,290.47407682677124,-8.62809064060815,8.62809064060815,0.5024651464310422,,,,0.1967075608584545,0.21193377741697095,0.0,-0.015226216558516432,0.0,0.0,0.0,0.0,0.10601740604828966,TaskProgress,TaskProgress,False,False,0.15073954392931266,8.477351096678838,0.0,False,False,True,False,False,True,IEV,24,54.41216504869363,27.206082524346815,1.0485720765499444,62.88951614537246,51.15047057753793,50.191021281154526,0.0,0,0,1,0,0,0,[],[],[],[],[],[],[],[],[],,,,,,,,,,
3,5,task,False,104.030945,30.606230500000002,280.47407682677124,-10.0,10.0,0.0,,,,0.25,0.25,0.0,-0.0,0.0,0.0,0.0,0.0,0.3560174060482897,TaskProgress,TaskProgress,False,False,0.0,10.0,0.0,False,False,True,False,False,True,IEV,24,44.41216504869363,22.206082524346815,1.0485720765499444,62.88951614537246,51.15047057753793,50.191021281154526,0.0,0,0,2,0,0,0,[],[],[],[],[],[],[],[],[],,,,,,,,,,
4,5,task,False,104.030945,30.606230500000002,270.47407682677124,-10.0,10.0,0.0,,,,0.25,0.25,0.0,-0.0,0.0,0.0,0.0,0.0,0.6060174060482897,TaskProgress,TaskProgress,False,False,0.0,10.0,0.0,False,False,True,False,False,True,IEV,24,34.41216504869363,17.206082524346815,1.0485720765499444,62.88951614537246,51.15047057753793,50.191021281154526,0.0,0,0,1,0,0,0,[],[],[],[],[],[],[],[],[],,,,,,,,,,
5,5,task,False,104.030945,30.606230500000002,260.47407682677124,-10.0,10.0,0.0,,,,0.25,0.25,0.0,-0.0,0.0,0.0,0.0,0.0,0.8560174060482897,TaskProgress,TaskProgress,False,False,0.0,10.0,0.0,False,False,True,False,False,True,IEV,24,24.41216504869363,12.206082524346815,1.0485720765499444,62.88951614537246,51.15047057753793,50.191021281154526,0.0,0,0,1,0,0,0,[],[],[],[],[],[],[],[],[],,,,,,,,,,
6,5,task,False,104.030945,30.606230500000002,250.47407682677124,-10.0,10.0,0.0,,,,0.25,0.25,0.0,-0.0,0.0,0.0,0.0,0.0,1.1060174060482897,TaskProgress,TaskProgress,False,False,0.0,10.0,0.0,False,False,True,False,False,True,IEV,24,14.41216504869363,7.206082524346815,1.0485720765499444,62.88951614537246,51.15047057753793,50.191021281154526,0.0,0,0,1,0,0,0,[],[],[],[],[],[],[],[],[],,,,,,,,,,
7,5,task,False,104.030945,30.606230500000002,240.47407682677124,-10.0,10.0,0.0,,,,0.25,0.25,0.0,-0.0,0.0,0.0,0.0,0.0,1.3560174060482897,TaskProgress,TaskProgress,False,False,0.0,10.0,0.0,False,False,True,False,False,True,IEV,24,4.41216504869363,2.206082524346815,1.0485720765499444,62.88951614537246,51.15047057753793,50.191021281154526,0.0,0,0,1,0,0,0,[],[],[],[],[],[],[],[],[],,,,,,,,,,
8,5,idle,True,104.030945,30.606230500000002,236.06191177807762,-4.412165048693623,4.412165048693623,0.0,,,,0.11030412621734058,0.11030412621734058,0.0,-0.0,0.0,0.0,0.0,0.0,1.4663215322656302,TaskProgress,TaskProgress,False,False,0.0,4.412165048693623,0.0,False,True,False,False,False,False,,-1,0.0,0.0,1.0485720765499444,62.88951614537246,51.15047057753793,50.191021281154526,0.0,19,0,1,0,0,0,"[0.7868730425834656, 0.8734171390533447, 1.0]","[[1.0, 0.11239379644393921, 0.8388649225234985, 0.20222795009613037, 0.0], [0.6229559183120728, 0.17550590634346008, 0.893631637096405, 0.22490276396274567, 0.3598741888999939], [1.0, 0.24136942625045776, 0.87701016664505, 0.2164580225944519, 0.3669445514678955], [1.0, 0.30276989936828613, 0.8920238018035889, 0.2686697840690613, 0.3621613383293152], [0.9269716143608093, 0.3351801037788391, 0.8911406993865967, 0.23077410459518433, 0.3937429189682007]]","[false, false, false, false, false]","[0.7868730425834656, 1.0, 0.0, 0.0, 0.8734171390533447, 1.0, 0.0]","[true, false, true]","[0.7868730425834656, 0.8734171390533447, 1.0]","[[1.0, 0.11239379644393921, 0.8388649225234985, 0.20222795009613037, 0.0], [0.6229559183120728, 0.17550590634346008, 0.893631637096405, 0.22490276396274567, 0.3598741888999939], [1.0, 0.24136942625045776, 0.87701016664505, 0.2164580225944519, 0.3669445514678955], [1.0, 0.30276989936828613, 0.8920238018035889, 0.2686697840690613, 0.3621613383293152], [0.9269716143608093, 0.3351801037788391, 0.8911406993865967, 0.23077410459518433, 0.3937429189682007]]","[true, true, true, true, true]","[282, 37, 255, 191, 232]",0.7868730425834656,1.0,0.0,0.0,0.8734171390533447,1.0,0.0,True,False,True
9,5,idle,True,104.036182,30.60478,235.90395646395572,-0.15795531412189234,0.15795531412189234,0.5265177137396482,Serve,104.036182,30.60478,-0.015955082234534797,0.0,0.0,-0.015955082234534797,0.0,0.0,0.0,0.0,1.4503664500310953,Serve,Serve,False,False,0.15795531412189445,0.0,0.0,False,True,False,False,False,False,,-1,0.0,0.0,1.2065273906718388,62.88951614537246,51.27683482883545,50.191021281154526,0.0,18,0,1,0,1,0,"[0.7863464951515198, 0.6775235533714294, 1.0]","[[0.6229559183120728, 0.004609473515301943, 0.8893064856529236, 0.21235565841197968, 0.35900983214378357], [1.0, 0.08304864913225174, 0.8858345150947571, 0.2157169133424759, 0.34470289945602417], [1.0, 0.09631234407424927, 0.876648485660553, 0.0, 0.36585885286331177], [0.9269716143608093, 0.16031502187252045, 0.886661946773529, 0.20987144112586975, 0.3937429189682007], [0.2598439157009125, 0.2318810671567917, 0.8919985294342041, 0.22204062342643738, 0.4102648198604584]]","[false, false, false, false, false]","[0.7863464951515198, 0.85249924659729, 0.7837890386581421, 0.6666666865348816, 0.6775235533714294, 1.0, 0.0]","[true, true, true]","[0.7863464951515198, 0.6775235533714294, 1.0]","[[0.6229559183120728, 0.004609473515301943, 0.8893064856529236, 0.21235565841197968, 0.35900983214378357], [1.0, 0.08304864913225174, 0.8858345150947571, 0.2157169133424759, 0.34470289945602417], [1.0, 0.09631234407424927, 0.876648485660553, 0.0, 0.36585885286331177], [0.9269716143608093, 0.16031502187252045, 0.886661946773529, 0.20987144112586975, 0.3937429189682007], [0.2598439157009125, 0.2318810671567917, 0.8919985294342041, 0.22204062342643738, 0.4102648198604584]]","[true, true, true, true, true]","[37, 91, 261, 232, 231]",0.7863464951515198,0.85249924659729,0.7837890386581421,0.6666666865348816,0.6775235533714294,1.0,0.0,True,True,True
10,5,idle,True,104.01760896122536,30.591160589541666,235.2033726182947,-0.700583845661015,0.700583845661015,2.3352794855367414,Serve,104.01760896122536,30.591160589541666,-0.07076604501626489,0.0,0.0,-0.07076604501626489,0.0,0.0,0.0,0.0,1.3796004050148305,Serve,Serve,False,False,0.7005838456610224,0.0,0.0,False,True,False,False,False,False,,-1,0.0,0.0,1.9071112363328613,62.88951614537246,51.837301905364264,50.191021281154526,0.0,14,0,0,0,0,0,"[0.7840112447738647, 1.0, 1.0]","[[1.0, 0.28859636187553406, 0.8089981079101562, 0.0, 0.0], [0.4412020742893219, 0.31480517983436584, 0.8017618656158447, 0.0, 0.0], [0.19567745923995972, 0.3723320960998535, 0.8198520541191101, 0.0, 0.0], [1.0, 0.458442360162735, 0.7709747552871704, 0.0, 0.0], [0.9493173360824585, 0.5341479778289795, 0.815182089805603, 0.0, 0.0]]","[false, false, false, false, false]","[0.7840112447738647, 1.0, 0.0, 0.0, 1.0, 1.0, 0.0]","[true, false, true]","[0.7840112447738647, 1.0, 1.0]","[[1.0, 0.28859636187553406, 0.8089981079101562, 0.0, 0.0], [0.4412020742893219, 0.31480517983436584, 0.8017618656158447, 0.0, 0.0], [0.19567745923995972, 0.3723320960998535, 0.8198520541191101, 0.0, 0.0], [1.0, 0.458442360162735, 0.7709747552871704, 0.0, 0.0], [0.9493173360824585, 0.5341479778289795, 0.815182089805603, 0.0, 0.0]]","[true, true, true, true, true]","[91, 102, 206, 244, 78]",0.7840112447738647,1.0,0.0,0.0,1.0,1.0,0.0,True,False,True
11,5,idle,True,104.01128560376719,30.58559332843272,234.94363589043778,-0.25973672785693225,0.25973672785693225,0.8657890928564032,Serve,104.01128560376719,30.58559332843272,-0.026236033116860704,0.0,0.0,-0.026236033116860704,0.0,0.0,0.0,0.0,1.3533643718979698,Serve,Serve,False,False,0.2597367278569209,0.0,0.0,False,True,False,False,False,False,,-1,0.0,0.0,2.166847964189782,62.88951614537246,52.045091287649804,50.191021281154526,0.0,15,0,0,0,0,0,"[0.7831454277038574, 1.0, 1.0]","[[0.552605152130127, 0.21504037082195282, 0.7945173978805542, 0.0, 0.0], [0.4412020742893219, 0.36562836170196533, 0.7696489095687866, 0.0, 0.0], [0.6819167137145996, 0.4541233479976654, 0.8364961743354797, 0.0, 0.0], [1.0, 0.5540757179260254, 0.8191452622413635, 0.0, 0.0], [0.290681928396225, 0.7184134721755981, 0.8109128475189209, 0.0, 0.0]]","[false, false, false, false, false]","[0.7831454277038574, 1.0, 0.0, 0.0, 1.0, 1.0, 0.0]","[true, false, true]","[0.7831454277038574, 1.0, 1.0]","[[0.552605152130127, 0.21504037082195282, 0.7945173978805542, 0.0, 0.0], [0.4412020742893219, 0.36562836170196533, 0.7696489095687866, 0.0, 0.0], [0.6819167137145996, 0.4541233479976654, 0.8364961743354797, 0.0, 0.0], [1.0, 0.5540757179260254, 0.8191452622413635, 0.0, 0.0], [0.290681928396225, 0.7184134721755981, 0.8109128475189209, 0.0, 0.0]]","[true, true, true, true, true]","[110, 102, 25, 91, 55]",0.7831454277038574,1.0,0.0,0.0,1.0,1.0,0.0,True,False,True
12,5,task,False,103.98890711238717,30.574565848718237,234.20311775497726,-0.740518135460519,0.740518135460519,2.468393784868418,Serve,103.98890711238717,30.574565848718237,-0.07479981166267935,0.0,0.0,-0.07479981166267935,0.0,0.0,0.0,0.0,1.2785645602352904,Serve,Serve,False,False,0.7405181354605254,0.0,0.0,False,False,True,False,False,False,IEV,19,70.28935624401032,35.14467812200516,3.12148074461771,133.17887238938278,109.0402825072004,106.25121456038886,0.0,0,0,0,0,0,0,[],[],[],[],[],[],[],[],[],,,,,,,,,,
13,5,task,False,103.9955232485033,30.57752418749748,226.1517773015998,-8.051340453377463,8.051340453377463,0.7137154832246763,,,,0.17430290329435225,0.19593064521025153,0.0,-0.021627741915899286,0.0,0.0,0.0,0.0,1.4528674635296426,TaskProgress,TaskProgress,False,False,0.21411464496740287,7.837225808410061,0.0,False,False,True,False,False,True,IEV,19,62.45213043560025,31.226065217800127,3.12148074461771,133.17887238938278,109.0402825072004,106.25121456038886,0.0,0,0,1,0,0,0,[],[],[],[],[],[],[],[],[],,,,,,,,,,
14,5,task,False,103.9955232485033,30.57752418749748,216.1517773015998,-10.0,10.0,0.0,,,,0.25,0.25,0.0,-0.0,0.0,0.0,0.0,0.0,1.7028674635296426,TaskProgress,TaskProgress,False,False,0.0,10.0,0.0,False,False,True,False,False,True,IEV,19,52.45213043560025,26.226065217800127,3.12148074461771,133.17887238938278,109.0402825072004,106.25121456038886,0.0,0,0,0,0,0,0,[],[],[],[],[],[],[],[],[],,,,,,,,,,
15,5,task,False,103.9955232485033,30.57752418749748,206.1517773015998,-10.0,10.0,0.0,,,,0.25,0.25,0.0,-0.0,0.0,0.0,0.0,0.0,1.9528674635296426,TaskProgress,TaskProgress,False,False,0.0,10.0,0.0,False,False,True,False,False,True,IEV,19,42.45213043560025,21.226065217800127,3.12148074461771,133.17887238938278,109.0402825072004,106.25121456038886,0.0,0,0,1,0,0,0,[],[],[],[],[],[],[],[],[],,,,,,,,,,
16,5,task,False,103.9955232485033,30.57752418749748,196.1517773015998,-10.0,10.0,0.0,,,,0.25,0.25,0.0,-0.0,0.0,0.0,0.0,0.0,2.2028674635296426,TaskProgress,TaskProgress,False,False,0.0,10.0,0.0,False,False,True,False,False,True,IEV,19,32.45213043560025,16.226065217800127,3.12148074461771,133.17887238938278,109.0402825072004,106.25121456038886,0.0,0,0,0,0,0,0,[],[],[],[],[],[],[],[],[],,,,,,,,,,
17,5,task,False,103.9955232485033,30.57752418749748,186.1517773015998,-10.0,10.0,0.0,,,,0.25,0.25,0.0,-0.0,0.0,0.0,0.0,0.0,2.4528674635296426,TaskProgress,TaskProgress,False,False,0.0,10.0,0.0,False,False,True,False,False,True,IEV,19,22.452130435600253,11.226065217800127,3.12148074461771,133.17887238938278,109.0402825072004,106.25121456038886,0.0,0,0,0,0,0,0,[],[],[],[],[],[],[],[],[],,,,,,,,,,
18,5,task,False,103.9955232485033,30.57752418749748,176.1517773015998,-10.0,10.0,0.0,,,,0.25,0.25,0.0,-0.0,0.0,0.0,0.0,0.0,2.7028674635296426,TaskProgress,TaskProgress,False,False,0.0,10.0,0.0,False,False,True,False,False,True,IEV,19,12.452130435600253,6.226065217800127,3.12148074461771,133.17887238938278,109.0402825072004,106.25121456038886,0.0,0,0,0,0,0,0,[],[],[],[],[],[],[],[],[],,,,,,,,,,
19,5,task,False,103.9955232485033,30.57752418749748,166.1517773015998,-10.0,10.0,0.0,,,,0.25,0.25,0.0,-0.0,0.0,0.0,0.0,0.0,2.9528674635296426,TaskProgress,TaskProgress,False,False,0.0,10.0,0.0,False,False,True,False,False,True,IEV,19,2.452130435600253,1.2260652178001266,3.12148074461771,133.17887238938278,109.0402825072004,106.25121456038886,0.0,0,0,0,0,0,0,[],[],[],[],[],[],[],[],[],,,,,,,,,,
20,5,idle,True,103.9955232485033,30.57752418749748,163.69964686599954,-2.452130435600253,2.452130435600253,0.0,,,,0.06130326089000633,0.06130326089000633,0.0,-0.0,0.0,0.0,0.0,0.0,3.0141707244196487,TaskProgress,TaskProgress,False,False,0.0,2.452130435600253,0.0,False,True,False,False,False,False,,-1,0.0,0.0,3.12148074461771,133.17887238938278,109.0402825072004,106.25121456038886,0.0,10,0,0,0,0,0,"[0.5456655025482178, 1.0, 1.0]","[[0.6544428467750549, 0.42450541257858276, 0.6079137921333313, 0.0, 0.0], [1.0, 0.4416043162345886, 0.7084656357765198, 0.0, 0.0], [0.1700962632894516, 0.4514191746711731, 0.6702677011489868, 0.0, 0.0], [1.0, 0.6410732865333557, 0.26134800910949707, 0.0, 0.0], [0.7706380486488342, 0.724389910697937, 0.6522242426872253, 0.0, 0.0]]","[false, false, false, false, false]","[0.5456655025482178, 1.0, 0.0, 0.0, 1.0, 1.0, 0.0]","[true, false, true]","[0.5456655025482178, 1.0, 1.0]","[[0.6544428467750549, 0.42450541257858276, 0.6079137921333313, 0.0, 0.0], [1.0, 0.4416043162345886, 0.7084656357765198, 0.0, 0.0], [0.1700962632894516, 0.4514191746711731, 0.6702677011489868, 0.0, 0.0], [1.0, 0.6410732865333557, 0.26134800910949707, 0.0, 0.0], [0.7706380486488342, 0.724389910697937, 0.6522242426872253, 0.0, 0.0]]","[true, true, true, true, true]","[293, 2, 93, 261, 151]",0.5456655025482178,1.0,0.0,0.0,1.0,1.0,0.0,True,False,True
21,5,idle,True,104.01743468795918,30.585625306555453,163.0148088878914,-0.6848379781081348,0.6848379781081348,2.282793260360409,Serve,104.01743468795918,30.585625306555453,-0.06917555334425483,0.0,0.0,-0.06917555334425483,0.0,0.0,0.0,0.0,2.944995171075394,Serve,Serve,False,False,0.6848379781081227,0.0,0.0,False,True,False,False,False,False,,-1,0.0,0.0,3.806318722725833,133.17887238938278,109.5881528896869,106.25121456038886,0.0,9,0,0,0,0,0,"[0.5433827042579651, 1.0, 1.0]","[[1.0, 0.23167504370212555, 0.7544431686401367, 0.0, 0.0], [1.0, 0.35631051659584045, 0.7746826410293579, 0.22141265869140625, 0.0], [1.0, 0.479831337928772, 0.7214419841766357, 0.0, 0.0], [0.3212646543979645, 0.5124559998512268, 0.8009691834449768, 0.23257362842559814, 0.0], [0.9154110550880432, 0.6941874027252197, 0.7827891111373901, 0.21117301285266876, 0.0]]","[false, false, false, false, false]","[0.5433827042579651, 1.0, 0.0, 0.0, 1.0, 1.0, 0.0]","[true, false, true]","[0.5433827042579651, 1.0, 1.0]","[[1.0, 0.23167504370212555, 0.7544431686401367, 0.0, 0.0], [1.0, 0.35631051659584045, 0.7746826410293579, 0.22141265869140625, 0.0], [1.0, 0.479831337928772, 0.7214419841766357, 0.0, 0.0], [0.3212646543979645, 0.5124559998512268, 0.8009691834449768, 0.23257362842559814, 0.0], [0.9154110550880432, 0.6941874027252197, 0.7827891111373901, 0.21117301285266876, 0.0]]","[true, true, true, true, true]","[162, 219, 261, 250, 172]",0.5433827042579651,1.0,0.0,0.0,1.0,1.0,0.0,True,False,True
22,5,idle,True,104.038118,30.579819,162.39004022728483,-0.624768660606577,0.624768660606577,2.0825622020219163,Serve,104.038118,30.579819,-0.06310794551581565,0.0,0.0,-0.06310794551581565,0.0,0.0,0.0,0.0,2.8818872255595784,Serve,Serve,False,False,0.6247686606065749,0.0,0.0,False,True,False,False,False,False,,-1,0.0,0.0,4.431087383332408,133.17887238938278,110.08796781817216,106.25121456038886,0.0,11,0,1,0,0,0,"[0.5413001179695129, 0.8584529757499695, 1.0]","[[0.9154110550880432, 0.21665148437023163, 0.753067672252655, 0.2341899424791336, 0.0], [0.3212646543979645, 0.4717561602592468, 0.8092917203903198, 0.2923455238342285, 0.0], [1.0, 0.6170531511306763, 0.7059995532035828, 0.22908052802085876, 0.0], [0.6756892204284668, 0.6245524883270264, 0.7499182820320129, 0.0, 0.0], [1.0, 0.6419253349304199, 0.6458302140235901, 0.0, 0.0]]","[false, false, false, false, false]","[0.5413001179695129, 1.0, 0.0, 0.0, 0.8584529757499695, 1.0, 0.0]","[true, false, true]","[0.5413001179695129, 0.8584529757499695, 1.0]","[[0.9154110550880432, 0.21665148437023163, 0.753067672252655, 0.2341899424791336, 0.0], [0.3212646543979645, 0.4717561602592468, 0.8092917203903198, 0.2923455238342285, 0.0], [1.0, 0.6170531511306763, 0.7059995532035828, 0.22908052802085876, 0.0], [0.6756892204284668, 0.6245524883270264, 0.7499182820320129, 0.0, 0.0], [1.0, 0.6419253349304199, 0.6458302140235901, 0.0, 0.0]]","[true, true, true, true, true]","[172, 250, 219, 45, 198]",0.5413001179695129,1.0,0.0,0.0,0.8584529757499695,1.0,0.0,True,False,True
23,5,idle,True,104.036167,30.60477,161.5558295111473,-0.8342107161375338,0.8342107161375338,2.7807023871251313,Serve,104.036167,30.60477,-0.08426370870076158,0.0,0.0,-0.08426370870076158,0.0,0.0,0.0,0.0,2.797623516858817,Serve,Serve,False,False,0.8342107161375394,0.0,0.0,False,True,False,False,False,False,,-1,0.0,0.0,5.265298099469947,133.17887238938278,110.7553363910822,106.25121456038886,0.0,17,0,1,0,1,0,"[0.5385194420814514, 0.6859419345855713, 1.0]","[[0.6229559183120728, 0.00276129855774343, 0.8376705050468445, 0.2917003035545349, 0.3597722351551056], [0.2598439157009125, 0.2289130538702011, 0.8547724485397339, 0.26576846837997437, 0.4084866940975189], [1.0, 0.24100454151630402, 0.7677257657051086, 0.2924191951751709, 0.0], [0.9154110550880432, 0.27420204877853394, 0.8231136798858643, 0.3812861144542694, 0.3441162407398224], [0.38456907868385315, 0.2935469448566437, 0.8362634778022766, 0.3116109371185303, 0.40591174364089966]]","[false, false, false, false, false]","[0.5385194420814514, 0.8529432415962219, 0.5359606146812439, 0.6666666865348816, 0.6859419345855713, 1.0, 0.0]","[true, true, true]","[0.5385194420814514, 0.6859419345855713, 1.0]","[[0.6229559183120728, 0.00276129855774343, 0.8376705050468445, 0.2917003035545349, 0.3597722351551056], [0.2598439157009125, 0.2289130538702011, 0.8547724485397339, 0.26576846837997437, 0.4084866940975189], [1.0, 0.24100454151630402, 0.7677257657051086, 0.2924191951751709, 0.0], [0.9154110550880432, 0.27420204877853394, 0.8231136798858643, 0.3812861144542694, 0.3441162407398224], [0.38456907868385315, 0.2935469448566437, 0.8362634778022766, 0.3116109371185303, 0.40591174364089966]]","[true, true, true, true, true]","[37, 231, 282, 172, 48]",0.5385194420814514,0.8529432415962219,0.5359606146812439,0.6666666865348816,0.6859419345855713,1.0,0.0,True,True,True
24,5,idle,True,104.043022,30.599487,161.29163727072776,-0.2641922404195327,0.2641922404195327,0.8806408013984695,Serve,104.043022,30.599487,-0.026686084890862716,0.0,0.0,-0.026686084890862716,0.0,0.0,0.0,0.0,2.7709374319679543,Serve,Serve,False,False,0.2641922404195408,0.0,0.0,False,True,False,False,False,False,,-1,0.0,0.0,5.529490339889488,133.17887238938278,110.96669018341782,106.25121456038886,0.0,19,0,1,0,1,0,"[0.537638783454895, 0.6655547618865967, 1.0]","[[0.2598439157009125, 0.22762621939182281, 0.8884663581848145, 0.3291235864162445, 0.508667528629303], [1.0, 0.2850126326084137, 0.8640195727348328, 0.2391161471605301, 0.5598397850990295], [0.6229559183120728, 0.2986885905265808, 0.8386243581771851, 0.29625973105430603, 0.4572334587574005], [0.9154110550880432, 0.36729395389556885, 0.8799172043800354, 0.34303173422813416, 0.4680069386959076], [1.0, 0.3757881224155426, 0.7134140729904175, 0.2142597734928131, 0.43188339471817017]]","[false, false, false, false, false]","[0.537638783454895, 0.642393171787262, 0.5357115864753723, 1.0, 0.6655547618865967, 1.0, 0.0]","[true, true, true]","[0.537638783454895, 0.6655547618865967, 1.0]","[[0.2598439157009125, 0.22762621939182281, 0.8884663581848145, 0.3291235864162445, 0.508667528629303], [1.0, 0.2850126326084137, 0.8640195727348328, 0.2391161471605301, 0.5598397850990295], [0.6229559183120728, 0.2986885905265808, 0.8386243581771851, 0.29625973105430603, 0.4572334587574005], [0.9154110550880432, 0.36729395389556885, 0.8799172043800354, 0.34303173422813416, 0.4680069386959076], [1.0, 0.3757881224155426, 0.7134140729904175, 0.2142597734928131, 0.43188339471817017]]","[true, true, true, true, true]","[231, 3, 37, 172, 198]",0.537638783454895,0.642393171787262,0.5357115864753723,1.0,0.6655547618865967,1.0,0.0,True,True,True
25,5,task,False,104.054079,30.613886,160.71588089880743,-0.5757563719203347,0.5757563719203347,1.9191879064011617,Serve,104.054079,30.613886,-0.05815720928488369,0.0,0.0,-0.05815720928488369,0.0,0.0,0.0,0.0,2.7127802226830706,Serve,Serve,False,False,0.5757563719203485,0.0,0.0,False,False,True,False,False,False,IEV,198,61.8103197841304,30.9051598920652,6.242335561356614,194.98919217351317,160.98522218789583,155.58979930805577,0.0,0,0,0,1,1,0,[],[],[],[],[],[],[],[],[],,,,,,,,,,
26,5,task,False,104.04987329671152,30.61583226915848,151.9635279032685,-8.752352995538928,8.752352995538928,0.45696283182259073,,,,0.20153424510972529,0.2153816036498038,0.0,-0.01384735854007851,0.0,0.0,0.0,0.0,2.9143144677927957,TaskProgress,TaskProgress,False,False,0.13708884954677722,8.615264145992152,0.0,False,False,True,False,False,True,IEV,198,53.19505563813825,26.597527819069125,6.242335561356614,194.98919217351317,160.98522218789583,155.58979930805577,0.0,0,0,0,1,1,0,[],[],[],[],[],[],[],[],[],,,,,,,,,,
27,5,task,False,104.04987329671152,30.61583226915848,141.9635279032685,-10.0,10.0,0.0,,,,0.25,0.25,0.0,-0.0,0.0,0.0,0.0,0.0,3.1643144677927957,TaskProgress,TaskProgress,False,False,0.0,10.0,0.0,False,False,True,False,False,True,IEV,198,43.19505563813825,21.597527819069125,6.242335561356614,194.98919217351317,160.98522218789583,155.58979930805577,0.0,0,0,0,1,1,0,[],[],[],[],[],[],[],[],[],,,,,,,,,,
28,5,task,False,104.04987329671152,30.61583226915848,131.9635279032685,-10.0,10.0,0.0,,,,0.25,0.25,0.0,-0.0,0.0,0.0,0.0,0.0,3.4143144677927957,TaskProgress,TaskProgress,False,False,0.0,10.0,0.0,False,False,True,False,False,True,IEV,198,33.19505563813825,16.597527819069125,6.242335561356614,194.98919217351317,160.98522218789583,155.58979930805577,0.0,0,0,1,1,1,0,[],[],[],[],[],[],[],[],[],,,,,,,,,,
29,5,task,False,104.04987329671152,30.61583226915848,121.9635279032685,-10.0,10.0,0.0,,,,0.25,0.25,0.0,-0.0,0.0,0.0,0.0,0.0,3.6643144677927957,TaskProgress,TaskProgress,False,False,0.0,10.0,0.0,False,False,True,False,False,True,IEV,198,23.19505563813825,11.597527819069125,6.242335561356614,194.98919217351317,160.98522218789583,155.58979930805577,0.0,0,0,2,0,1,0,[],[],[],[],[],[],[],[],[],,,,,,,,,,
30,5,task,False,104.04987329671152,30.61583226915848,111.9635279032685,-10.0,10.0,0.0,,,,0.25,0.25,0.0,-0.0,0.0,0.0,0.0,0.0,3.9143144677927957,TaskProgress,TaskProgress,False,False,0.0,10.0,0.0,False,False,True,False,False,True,IEV,198,13.19505563813825,6.597527819069125,6.242335561356614,194.98919217351317,160.98522218789583,155.58979930805577,0.0,0,0,2,0,1,0,[],[],[],[],[],[],[],[],[],,,,,,,,,,
31,5,task,False,104.04987329671152,30.61583226915848,101.9635279032685,-10.0,10.0,0.0,,,,0.25,0.25,0.0,-0.0,0.0,0.0,0.0,0.0,4.164314467792796,TaskProgress,TaskProgress,False,False,0.0,10.0,0.0,False,False,True,False,False,True,IEV,198,3.1950556381382498,1.5975278190691249,6.242335561356614,194.98919217351317,160.98522218789583,155.58979930805577,0.0,0,0,2,0,1,0,[],[],[],[],[],[],[],[],[],,,,,,,,,,
32,5,idle,True,104.04987329671152,30.61583226915848,98.76847226513024,-3.195055638138257,3.195055638138257,0.0,,,,0.07987639095345642,0.07987639095345642,0.0,-0.0,0.0,0.0,0.0,0.0,4.2441908587462525,TaskProgress,TaskProgress,False,False,0.0,3.195055638138257,0.0,False,True,False,False,False,False,,-1,0.0,0.0,6.242335561356614,194.98919217351317,160.98522218789583,155.58979930805577,0.0,18,0,2,0,1,0,"[0.3292282521724701, 0.6364404559135437, 1.0]","[[1.0, 0.20729021728038788, 0.8521486520767212, 0.398174911737442, 0.46452265977859497], [0.684576153755188, 0.2492111772298813, 0.8843992948532104, 0.4332698583602905, 0.3713315725326538], [1.0, 0.2589971125125885, 0.8361332416534424, 0.2527391016483307, 0.4390304982662201], [0.19567745923995972, 0.45248717069625854, 0.829048752784729, 0.3530929982662201, 0.0], [0.947754979133606, 0.5528274178504944, 0.8927788734436035, 0.5177121162414551, 0.4163333475589752]]","[false, false, false, false, false]","[0.3292282521724701, 0.6367131471633911, 0.32731810212135315, 0.6666666865348816, 0.6364404559135437, 1.0, 0.0]","[true, true, true]","[0.3292282521724701, 0.6364404559135437, 1.0]","[[1.0, 0.20729021728038788, 0.8521486520767212, 0.398174911737442, 0.46452265977859497], [0.684576153755188, 0.2492111772298813, 0.8843992948532104, 0.4332698583602905, 0.3713315725326538], [1.0, 0.2589971125125885, 0.8361332416534424, 0.2527391016483307, 0.4390304982662201], [0.19567745923995972, 0.45248717069625854, 0.829048752784729, 0.3530929982662201, 0.0], [0.947754979133606, 0.5528274178504944, 0.8927788734436035, 0.5177121162414551, 0.4163333475589752]]","[true, true, true, true, true]","[17, 137, 267, 206, 279]",0.3292282521724701,0.6367131471633911,0.32731810212135315,0.6666666865348816,0.6364404559135437,1.0,0.0,True,True,True
33,5,idle,True,104.046318,30.63443,98.13974192688634,-0.6287303382438978,0.6287303382438978,2.0957677941463366,Serve,104.046318,30.63443,-0.06350811497413143,0.0,0.0,-0.06350811497413143,0.0,0.0,0.0,0.0,4.180682743772121,Serve,Serve,False,False,0.628730338243901,0.0,0.0,False,True,False,False,False,False,,-1,0.0,0.0,6.871065899600516,194.98919217351317,161.48820645849094,155.58979930805577,0.0,38,0,2,0,0,0,"[0.3271324634552002, 0.8634473085403442, 1.0]","[[0.5601159334182739, 0.056062567979097366, 0.915903627872467, 0.46121469140052795, 0.0], [0.966292679309845, 0.13448630273342133, 0.91182941198349, 0.4160670340061188, 0.0], [1.0, 0.15885014832019806, 0.9167601466178894, 0.49236610531806946, 0.0], [1.0, 0.1633048951625824, 0.9181318283081055, 0.48725080490112305, 0.0], [1.0, 0.3195314407348633, 0.9106552600860596, 0.46109968423843384, 0.0]]","[false, false, false, false, false]","[0.3271324634552002, 1.0, 0.0, 0.0, 0.8634473085403442, 1.0, 0.0]","[true, false, true]","[0.3271324634552002, 0.8634473085403442, 1.0]","[[0.5601159334182739, 0.056062567979097366, 0.915903627872467, 0.46121469140052795, 0.0], [0.966292679309845, 0.13448630273342133, 0.91182941198349, 0.4160670340061188, 0.0], [1.0, 0.15885014832019806, 0.9167601466178894, 0.49236610531806946, 0.0], [1.0, 0.1633048951625824, 0.9181318283081055, 0.48725080490112305, 0.0], [1.0, 0.3195314407348633, 0.9106552600860596, 0.46109968423843384, 0.0]]","[true, true, true, true, true]","[79, 269, 47, 1, 267]",0.3271324634552002,1.0,0.0,0.0,0.8634473085403442,1.0,0.0,True,False,True
34,5,idle,True,104.075228,30.64385,97.25247418088576,-0.8872677460005889,0.8872677460005889,2.957559153335299,Serve,104.075228,30.64385,-0.08962300464652422,0.0,0.0,-0.08962300464652422,0.0,0.0,0.0,0.0,4.091059739125597,Serve,Serve,False,False,0.8872677460005897,0.0,0.0,False,True,False,False,False,False,,-1,0.0,0.0,7.758333645601105,194.98919217351317,162.1980206552914,155.58979930805577,0.0,49,0,1,2,0,0,"[0.3241749107837677, 0.954230546951294, 1.0]","[[0.908754825592041, 0.03355501964688301, 0.9422474503517151, 0.2114340364933014, 0.0], [0.8904324769973755, 0.06326848268508911, 0.9429241418838501, 0.2041216343641281, 0.0], [0.8610180616378784, 0.10357335209846497, 0.9412968158721924, 0.21244336664676666, 0.0], [0.9594644904136658, 0.2259516716003418, 0.9425967931747437, 0.0, 0.0], [1.0, 0.26924359798431396, 0.9359832406044006, 0.33796143531799316, 0.0]]","[false, false, false, false, false]","[0.3241749107837677, 1.0, 0.0, 0.0, 0.954230546951294, 1.0, 0.0]","[true, false, true]","[0.3241749107837677, 0.954230546951294, 1.0]","[[0.908754825592041, 0.03355501964688301, 0.9422474503517151, 0.2114340364933014, 0.0], [0.8904324769973755, 0.06326848268508911, 0.9429241418838501, 0.2041216343641281, 0.0], [0.8610180616378784, 0.10357335209846497, 0.9412968158721924, 0.21244336664676666, 0.0], [0.9594644904136658, 0.2259516716003418, 0.9425967931747437, 0.0, 0.0], [1.0, 0.26924359798431396, 0.9359832406044006, 0.33796143531799316, 0.0]]","[true, true, true, true, true]","[113, 204, 291, 295, 266]",0.3241749107837677,1.0,0.0,0.0,0.954230546951294,1.0,0.0,True,False,True
35,5,idle,True,104.053866,30.629435,96.47326665235582,-0.7792075285299376,0.7792075285299376,2.597358428433121,Serve,104.053866,30.629435,-0.07870783116464004,0.0,0.0,-0.07870783116464004,0.0,0.0,0.0,0.0,4.012351907960957,Serve,Serve,False,False,0.7792075285299362,0.0,0.0,False,True,False,False,False,False,,-1,0.0,0.0,8.537541174131041,194.98919217351317,162.82138667811535,155.58979930805577,0.0,45,0,0,0,0,0,"[0.3215775489807129, 1.0, 1.0]","[[1.0, 0.11378801614046097, 0.9282850027084351, 0.0, 0.0], [0.7706380486488342, 0.13795839250087738, 0.9387548565864563, 0.0, 0.0], [0.3726555407047272, 0.16945035755634308, 0.9439310431480408, 0.0, 0.0], [0.6925243139266968, 0.20095399022102356, 0.9191741943359375, 0.0, 0.0], [1.0, 0.20390699803829193, 0.9334048628807068, 0.20870493352413177, 0.3628493845462799]]","[false, false, false, false, false]","[0.3215775489807129, 1.0, 0.0, 0.0, 1.0, 1.0, 0.0]","[true, false, true]","[0.3215775489807129, 1.0, 1.0]","[[1.0, 0.11378801614046097, 0.9282850027084351, 0.0, 0.0], [0.7706380486488342, 0.13795839250087738, 0.9387548565864563, 0.0, 0.0], [0.3726555407047272, 0.16945035755634308, 0.9439310431480408, 0.0, 0.0], [0.6925243139266968, 0.20095399022102356, 0.9191741943359375, 0.0, 0.0], [1.0, 0.20390699803829193, 0.9334048628807068, 0.20870493352413177, 0.3628493845462799]]","[true, true, true, true, true]","[126, 151, 284, 253, 244]",0.3215775489807129,1.0,0.0,0.0,1.0,1.0,0.0,True,False,True
36,5,task,False,104.0699426219097,30.615592408183385,95.82041668626137,-0.6528499660944505,0.6528499660944505,2.176166553648181,Serve,104.0699426219097,30.615592408183385,-0.06594444101964185,0.0,0.0,-0.06594444101964185,0.0,0.0,0.0,0.0,3.946407466941315,Serve,Serve,False,False,0.6528499660944542,0.0,0.0,False,False,True,False,False,False,IEV,242,62.0797342240067,31.03986711200335,9.53196406217813,257.0689263975199,213.28071236775838,204.98032834969902,0.0,0,0,1,0,1,0,[],[],[],[],[],[],[],[],[],,,,,,,,,,
37,5,task,False,104.07988231095484,30.62122070409169,88.92907529918382,-6.891341387077546,6.891341387077546,1.1385764065087796,,,,0.1292418962793719,0.1637442116281228,0.0,-0.0345023153487509,0.0,0.0,0.0,0.0,4.075649363220687,TaskProgress,TaskProgress,False,False,0.34157292195263383,6.549768465124912,0.0,False,False,True,False,False,True,IEV,242,55.52996575888179,27.764982879440893,9.53196406217813,257.0689263975199,213.28071236775838,204.98032834969902,0.0,0,0,0,1,1,0,[],[],[],[],[],[],[],[],[],,,,,,,,,,
38,5,task,False,104.07988231095484,30.62122070409169,78.92907529918382,-10.0,10.0,0.0,,,,0.25,0.25,0.0,-0.0,0.0,0.0,0.0,0.0,4.325649363220687,TaskProgress,TaskProgress,False,False,0.0,10.0,0.0,False,False,True,False,False,True,IEV,242,45.52996575888179,22.764982879440893,9.53196406217813,257.0689263975199,213.28071236775838,204.98032834969902,0.0,0,0,0,1,1,0,[],[],[],[],[],[],[],[],[],,,,,,,,,,
39,5,task,False,104.07988231095484,30.62122070409169,68.92907529918382,-10.0,10.0,0.0,,,,0.25,0.25,0.0,-0.0,0.0,0.0,0.0,0.0,4.575649363220687,TaskProgress,TaskProgress,False,False,0.0,10.0,0.0,False,False,True,False,False,True,IEV,242,35.52996575888179,17.764982879440893,9.53196406217813,257.0689263975199,213.28071236775838,204.98032834969902,0.0,0,0,2,1,1,0,[],[],[],[],[],[],[],[],[],,,,,,,,,,
40,5,task,False,104.07988231095484,30.62122070409169,58.92907529918382,-10.0,10.0,0.0,,,,0.25,0.25,0.0,-0.0,0.0,0.0,0.0,0.0,4.825649363220687,TaskProgress,TaskProgress,False,False,0.0,10.0,0.0,False,False,True,False,False,True,IEV,242,25.529965758881787,12.764982879440893,9.53196406217813,257.0689263975199,213.28071236775838,204.98032834969902,0.0,0,0,2,1,1,0,[],[],[],[],[],[],[],[],[],,,,,,,,,,
41,5,task,False,104.07988231095484,30.62122070409169,48.92907529918382,-10.0,10.0,0.0,,,,0.25,0.25,0.0,-0.0,0.0,0.0,0.0,0.0,5.075649363220687,TaskProgress,TaskProgress,False,False,0.0,10.0,0.0,False,False,True,False,False,True,IEV,242,15.529965758881787,7.764982879440893,9.53196406217813,257.0689263975199,213.28071236775838,204.98032834969902,0.0,0,0,0,4,1,0,[],[],[],[],[],[],[],[],[],,,,,,,,,,
42,5,task,False,104.07988231095484,30.62122070409169,38.92907529918382,-10.0,10.0,0.0,,,,0.2446453764959191,0.25,0.0,-0.0,0.0,0.0,0.0,-0.005354623504080891,5.320294739716606,TaskProgress,TaskProgress,False,False,0.0,10.0,0.0,False,False,True,False,False,True,IEV,242,5.5299657588817865,2.7649828794408933,9.53196406217813,257.0689263975199,213.28071236775838,204.98032834969902,0.0,0,0,1,3,1,0,[],[],[],[],[],[],[],[],[],,,,,,,,,,
43,5,idle,True,104.07988231095484,30.62122070409169,33.399109540302035,-5.5299657588817865,5.5299657588817865,0.0,,,,0.11059931517763573,0.13824914397204466,0.0,-0.0,0.0,0.0,0.0,-0.027649828794408932,5.4308940548942415,TaskProgress,TaskProgress,False,False,0.0,5.5299657588817865,0.0,False,True,False,False,False,False,,-1,0.0,0.0,9.53196406217813,257.0689263975199,213.28071236775838,204.98032834969902,0.0,38,0,1,3,1,0,"[0.11133036762475967, 0.8912595510482788, 1.0]","[[0.8610180616378784, 0.12090902030467987, 0.9172107577323914, 0.25182288885116577, 0.20132452249526978], [1.0, 0.2723868191242218, 0.9236469864845276, 0.20293459296226501, 0.24164018034934998], [0.7224761843681335, 0.2865428626537323, 0.9077129364013672, 0.2519073486328125, 0.0], [0.5138683915138245, 0.3104095160961151, 0.9127131700515747, 0.29406359791755676, 0.0], [0.8111693859100342, 0.436213880777359, 0.9252281188964844, 0.0, 0.2665635645389557]]","[false, false, false, false, false]","[0.11133036762475967, 0.8752231597900391, 0.10870469361543655, 0.3333333432674408, 0.8912595510482788, 1.0, 0.0]","[true, true, true]","[0.11133036762475967, 0.8912595510482788, 1.0]","[[0.8610180616378784, 0.12090902030467987, 0.9172107577323914, 0.25182288885116577, 0.20132452249526978], [1.0, 0.2723868191242218, 0.9236469864845276, 0.20293459296226501, 0.24164018034934998], [0.7224761843681335, 0.2865428626537323, 0.9077129364013672, 0.2519073486328125, 0.0], [0.5138683915138245, 0.3104095160961151, 0.9127131700515747, 0.29406359791755676, 0.0], [0.8111693859100342, 0.436213880777359, 0.9252281188964844, 0.0, 0.2665635645389557]]","[true, true, true, true, true]","[291, 266, 192, 41, 124]",0.11133036762475967,0.8752231597900391,0.10870469361543655,0.3333333432674408,0.8912595510482788,1.0,0.0,True,True,True
44,5,recharging,False,104.06279930508963,30.602742935469568,34.65483426895048,1.2557247286484454,0.0,2.625669553727036,Recharge,104.06279930508963,30.602742935469568,-0.022201480539928306,0.0,0.0510856398691639,-0.07956574405233444,0.0,0.0,0.0,0.0062786236432422265,5.408692574354313,Recharge,Recharge,True,False,0.7877008661181107,0.0,2.043425594766556,False,False,False,True,False,True,FCS,5,37.95657440523344,18.97828720261672,10.319664928296241,257.0689263975199,245.91087306065288,204.98032834969902,0.0,0,0,0,0,0,0,[],[],[],[],[],[],[],[],[],,,,,,,,,,
45,5,recharging,False,104.06279930508963,30.602742935469568,44.65483426895048,10.0,0.0,0.0,,,,0.2767258286552476,0.0,0.25,-0.0,0.0,0.0,0.0,0.0267258286552476,5.68541840300956,RechargeProgress,RechargeProgress,False,False,0.0,0.0,10.0,False,False,False,True,False,True,FCS,5,27.95657440523344,13.97828720261672,10.319664928296241,257.0689263975199,245.91087306065288,204.98032834969902,0.0,0,0,0,0,0,0,[],[],[],[],[],[],[],[],[],,,,,,,,,,
46,5,recharging,False,104.06279930508963,30.602742935469568,54.65483426895048,10.0,0.0,0.0,,,,0.25,0.0,0.25,-0.0,0.0,0.0,0.0,0.0,5.93541840300956,RechargeProgress,RechargeProgress,False,False,0.0,0.0,10.0,False,False,False,True,False,True,FCS,5,17.95657440523344,8.97828720261672,10.319664928296241,257.0689263975199,245.91087306065288,204.98032834969902,0.0,0,0,1,0,0,0,[],[],[],[],[],[],[],[],[],,,,,,,,,,
47,5,recharging,False,104.06279930508963,30.602742935469568,64.65483426895048,10.0,0.0,0.0,,,,0.25,0.0,0.25,-0.0,0.0,0.0,0.0,0.0,6.18541840300956,RechargeProgress,RechargeProgress,False,False,0.0,0.0,10.0,False,False,False,True,False,True,FCS,5,7.9565744052334395,3.9782872026167198,10.319664928296241,257.0689263975199,245.91087306065288,204.98032834969902,0.0,0,0,0,0,0,0,[],[],[],[],[],[],[],[],[],,,,,,,,,,
48,5,idle,True,104.06279930508963,30.602742935469568,72.61140867418392,7.9565744052334395,0.0,0.0,,,,0.198914360130836,0.0,0.198914360130836,-0.0,0.0,0.0,0.0,0.0,6.384332763140396,RechargeProgress,RechargeProgress,False,False,0.0,0.0,7.9565744052334395,False,True,False,False,False,False,,-1,0.0,0.0,10.319664928296241,257.0689263975199,245.91087306065288,204.98032834969902,0.0,21,0,2,0,1,0,"[0.24203802645206451, 0.6403635740280151, 1.0]","[[1.0, 0.07705071568489075, 0.8553534746170044, 0.3872672915458679, 0.7090267539024353], [1.0, 0.22644416987895966, 0.8460178971290588, 0.3521397113800049, 0.6411170959472656], [0.7993608713150024, 0.2605266571044922, 0.8594986200332642, 0.21261055767536163, 0.6274076700210571], [0.908754825592041, 0.35014626383781433, 0.8641584515571594, 0.4129265248775482, 0.5940077900886536], [0.4184494614601135, 0.41604116559028625, 0.8581358790397644, 0.4369787871837616, 0.5716328620910645]]","[false, false, false, false, false]","[0.24203802645206451, 0.0, 0.24203802645206451, 1.0, 0.6403635740280151, 1.0, 0.0]","[true, true, true]","[0.24203802645206451, 0.6403635740280151, 1.0]","[[1.0, 0.07705071568489075, 0.8553534746170044, 0.3872672915458679, 0.7090267539024353], [1.0, 0.22644416987895966, 0.8460178971290588, 0.3521397113800049, 0.6411170959472656], [0.7993608713150024, 0.2605266571044922, 0.8594986200332642, 0.21261055767536163, 0.6274076700210571], [0.908754825592041, 0.35014626383781433, 0.8641584515571594, 0.4129265248775482, 0.5940077900886536], [0.4184494614601135, 0.41604116559028625, 0.8581358790397644, 0.4369787871837616, 0.5716328620910645]]","[true, true, true, true, true]","[4, 276, 94, 113, 42]",0.24203802645206451,0.0,0.24203802645206451,1.0,0.6403635740280151,1.0,0.0,True,True,True
49,5,idle,True,104.079072,30.597994,72.11804645403939,-0.4933622201445331,0.4933622201445331,1.6445407338151021,Serve,104.079072,30.597994,-0.04983456769136674,0.0,0.0,-0.04983456769136674,0.0,0.0,0.0,0.0,6.334498195449029,Serve,Serve,False,False,0.4933622201445306,0.0,0.0,False,True,False,False,False,False,,-1,0.0,0.0,10.813027148440773,257.0689263975199,246.3055628367685,204.98032834969902,0.0,17,0,1,0,1,0,"[0.2403934895992279, 0.625485360622406, 1.0]","[[0.8223939538002014, 0.24099287390708923, 0.8576269149780273, 0.2627435326576233, 0.5259814262390137], [0.9170079827308655, 0.25683528184890747, 0.8307528495788574, 0.2217542678117752, 0.6141144037246704], [0.7993608713150024, 0.4466094374656677, 0.7990263104438782, 0.0, 0.6282509565353394], [0.7739925980567932, 0.5357784032821655, 0.7474943399429321, 0.0, 0.0], [0.20292545855045319, 0.6160156726837158, 0.8501386642456055, 0.21128404140472412, 0.7117189168930054]]","[false, false, false, false, false]","[0.2403934895992279, 0.5481802225112915, 0.2387489527463913, 1.0, 0.625485360622406, 1.0, 0.0]","[true, true, true]","[0.2403934895992279, 0.625485360622406, 1.0]","[[0.8223939538002014, 0.24099287390708923, 0.8576269149780273, 0.2627435326576233, 0.5259814262390137], [0.9170079827308655, 0.25683528184890747, 0.8307528495788574, 0.2217542678117752, 0.6141144037246704], [0.7993608713150024, 0.4466094374656677, 0.7990263104438782, 0.0, 0.6282509565353394], [0.7739925980567932, 0.5357784032821655, 0.7474943399429321, 0.0, 0.0], [0.20292545855045319, 0.6160156726837158, 0.8501386642456055, 0.21128404140472412, 0.7117189168930054]]","[true, true, true, true, true]","[115, 22, 94, 185, 264]",0.2403934895992279,0.5481802225112915,0.2387489527463913,1.0,0.625485360622406,1.0,0.0,True,True,True
50,5,idle,True,104.066887,30.616343,71.41302890449617,-0.7050175495432143,0.7050175495432143,2.350058498477386,Serve,104.066887,30.616343,-0.07121389389325412,0.0,0.0,-0.07121389389325412,0.0,0.0,0.0,0.0,6.2632843015557755,Serve,Serve,False,False,0.7050175495432157,0.0,0.0,False,True,False,False,False,False,,-1,0.0,0.0,11.518044697983989,257.0689263975199,246.86957687640307,204.98032834969902,0.0,31,0,1,0,1,0,"[0.2380434274673462, 0.7539798021316528, 1.0]","[[1.0, 0.07052668929100037, 0.909824013710022, 0.26565608382225037, 0.5474593639373779], [0.20292545855045319, 0.14629898965358734, 0.9160557389259338, 0.2472265660762787, 0.5466489791870117], [1.0, 0.1608172208070755, 0.9081370830535889, 0.2639411687850952, 0.5302438139915466], [0.12035422027111053, 0.18982520699501038, 0.9289493560791016, 0.22289717197418213, 0.49015364050865173], [0.7575759291648865, 0.203583225607872, 0.9217172861099243, 0.23441648483276367, 0.49322783946990967]]","[false, false, false, false, false]","[0.2380434274673462, 0.5206788778305054, 0.23648139834403992, 1.0, 0.7539798021316528, 1.0, 0.0]","[true, true, true]","[0.2380434274673462, 0.7539798021316528, 1.0]","[[1.0, 0.07052668929100037, 0.909824013710022, 0.26565608382225037, 0.5474593639373779], [0.20292545855045319, 0.14629898965358734, 0.9160557389259338, 0.2472265660762787, 0.5466489791870117], [1.0, 0.1608172208070755, 0.9081370830535889, 0.2639411687850952, 0.5302438139915466], [0.12035422027111053, 0.18982520699501038, 0.9289493560791016, 0.22289717197418213, 0.49015364050865173], [0.7575759291648865, 0.203583225607872, 0.9217172861099243, 0.23441648483276367, 0.49322783946990967]]","[true, true, true, true, true]","[63, 264, 270, 57, 158]",0.2380434274673462,0.5206788778305054,0.23648139834403992,1.0,0.7539798021316528,1.0,0.0,True,True,True
51,5,idle,True,104.07037,30.63746,70.70153824693348,-0.7114906575626918,0.7114906575626918,2.371635525208961,Serve,104.07037,30.63746,-0.07186774318815035,0.0,0.0,-0.07186774318815035,0.0,0.0,0.0,0.0,6.191416558367625,Serve,Serve,False,False,0.7114906575626884,0.0,0.0,False,True,False,False,False,False,,-1,0.0,0.0,12.229535355546677,257.0689263975199,247.43876940245323,204.98032834969902,0.0,54,0,4,1,0,0,"[0.2356717884540558, 0.8007028698921204, 1.0]","[[1.0, 0.04028640314936638, 0.9261277914047241, 0.5957739353179932, 0.0], [0.8461048007011414, 0.0668361634016037, 0.9283692240715027, 0.5983119010925293, 0.0], [0.4982664883136749, 0.10708367079496384, 0.9298085570335388, 0.5989566445350647, 0.0], [0.9024434685707092, 0.2190205454826355, 0.9285216927528381, 0.5933290719985962, 0.0], [0.7575759291648865, 0.2405693531036377, 0.9297128319740295, 0.6065138578414917, 0.0]]","[false, false, false, false, false]","[0.2356717884540558, 1.0, 0.0, 0.0, 0.8007028698921204, 1.0, 0.0]","[true, false, true]","[0.2356717884540558, 0.8007028698921204, 1.0]","[[1.0, 0.04028640314936638, 0.9261277914047241, 0.5957739353179932, 0.0], [0.8461048007011414, 0.0668361634016037, 0.9283692240715027, 0.5983119010925293, 0.0], [0.4982664883136749, 0.10708367079496384, 0.9298085570335388, 0.5989566445350647, 0.0], [0.9024434685707092, 0.2190205454826355, 0.9285216927528381, 0.5933290719985962, 0.0], [0.7575759291648865, 0.2405693531036377, 0.9297128319740295, 0.6065138578414917, 0.0]]","[true, true, true, true, true]","[228, 140, 166, 125, 158]",0.2356717884540558,1.0,0.0,0.0,0.8007028698921204,1.0,0.0,True,False,True
52,5,idle,True,104.057435,30.619634,70.00049220323203,-0.701046043701453,0.701046043701453,2.336820145671497,Serve,104.057435,30.619634,-0.07081273168701507,0.0,0.0,-0.07081273168701507,0.0,0.0,0.0,0.0,6.12060382668061,Serve,Serve,False,False,0.7010460437014491,0.0,0.0,False,True,False,False,False,False,,-1,0.0,0.0,12.930581399248126,257.0689263975199,247.99960623741438,204.98032834969902,0.0,29,0,1,0,1,0,"[0.2333349734544754, 0.7780974507331848, 1.0]","[[0.7224761843681335, 0.29844269156455994, 0.889918327331543, 0.4598018527030945, 0.3544589877128601], [1.0, 0.34460484981536865, 0.8645522594451904, 0.0, 0.4607676565647125], [0.4138734042644501, 0.3497225344181061, 0.890439510345459, 0.27728649973869324, 0.3339627683162689], [0.8466057777404785, 0.3892505466938019, 0.9034512639045715, 0.47446680068969727, 0.333903044462204], [1.0, 0.4030917286872864, 0.8489606380462646, 0.0, 0.5261183381080627]]","[false, false, false, false, false]","[0.2333349734544754, 0.6490313410758972, 0.2313878834247589, 0.6666666865348816, 0.7780974507331848, 1.0, 0.0]","[true, true, true]","[0.2333349734544754, 0.7780974507331848, 1.0]","[[0.7224761843681335, 0.29844269156455994, 0.889918327331543, 0.4598018527030945, 0.3544589877128601], [1.0, 0.34460484981536865, 0.8645522594451904, 0.0, 0.4607676565647125], [0.4138734042644501, 0.3497225344181061, 0.890439510345459, 0.27728649973869324, 0.3339627683162689], [0.8466057777404785, 0.3892505466938019, 0.9034512639045715, 0.47446680068969727, 0.333903044462204], [1.0, 0.4030917286872864, 0.8489606380462646, 0.0, 0.5261183381080627]]","[true, true, true, true, true]","[192, 1, 43, 44, 147]",0.2333349734544754,0.6490313410758972,0.2313878834247589,0.6666666865348816,0.7780974507331848,1.0,0.0,True,True,True
53,5,idle,True,104.061287,30.629599,69.65016672018108,-0.3503254830509519,0.3503254830509519,1.1677516101698222,Serve,104.061287,30.629599,-0.03538641242938855,0.0,0.0,-0.03538641242938855,0.0,0.0,0.0,0.0,6.085217414251222,Serve,Serve,False,False,0.35032548305094663,0.0,0.0,False,True,False,False,False,False,,-1,0.0,0.0,13.280906882299073,257.0689263975199,248.27986662385513,204.98032834969902,0.0,40,0,3,1,1,0,"[0.23216722905635834, 0.7365289330482483, 1.0]","[[0.8466057777404785, 0.2656415104866028, 0.9022480845451355, 0.5032392740249634, 0.0], [0.4138734042644501, 0.2711383104324341, 0.8875102400779724, 0.30415523052215576, 0.3337092399597168], [0.5340195894241333, 0.3282696008682251, 0.8819082975387573, 0.440441370010376, 0.38484323024749756], [0.1700962632894516, 0.3543795645236969, 0.8844620585441589, 0.22960901260375977, 0.4052720367908478], [0.7224761843681335, 0.3615725040435791, 0.8825972080230713, 0.2435000091791153, 0.3989619016647339]]","[false, false, false, false, false]","[0.23216722905635834, 0.9965875744819641, 0.22917746007442474, 0.6666666865348816, 0.7365289330482483, 1.0, 0.0]","[true, true, true]","[0.23216722905635834, 0.7365289330482483, 1.0]","[[0.8466057777404785, 0.2656415104866028, 0.9022480845451355, 0.5032392740249634, 0.0], [0.4138734042644501, 0.2711383104324341, 0.8875102400779724, 0.30415523052215576, 0.3337092399597168], [0.5340195894241333, 0.3282696008682251, 0.8819082975387573, 0.440441370010376, 0.38484323024749756], [0.1700962632894516, 0.3543795645236969, 0.8844620585441589, 0.22960901260375977, 0.4052720367908478], [0.7224761843681335, 0.3615725040435791, 0.8825972080230713, 0.2435000091791153, 0.3989619016647339]]","[true, true, true, true, true]","[44, 43, 200, 93, 192]",0.23216722905635834,0.9965875744819641,0.22917746007442474,0.6666666865348816,0.7365289330482483,1.0,0.0,True,True,True
54,5,idle,True,104.066031,30.648062,69.01939783377631,-0.6307688864047662,0.6307688864047662,2.1025629546825577,Serve,104.066031,30.648062,-0.06371402892977447,0.0,0.0,-0.06371402892977447,0.0,0.0,0.0,0.0,6.021503385321448,Serve,Serve,False,False,0.6307688864047672,0.0,0.0,False,True,False,False,False,False,,-1,0.0,0.0,13.91167576870384,257.0689263975199,248.78448173297895,204.98032834969902,0.0,47,0,1,1,0,0,"[0.23006466031074524, 0.943842351436615, 1.0]","[[0.013301909901201725, 0.08324400335550308, 0.9295040369033813, 0.4285137355327606, 0.0], [0.629826545715332, 0.11240622401237488, 0.9240303039550781, 0.4283815920352936, 0.0], [0.727232813835144, 0.1476871371269226, 0.9265182018280029, 0.4367213547229767, 0.0], [0.9789483547210693, 0.15628434717655182, 0.9262955188751221, 0.39890748262405396, 0.0], [1.0, 0.18476121127605438, 0.9254245162010193, 0.4072490632534027, 0.0]]","[false, false, false, false, false]","[0.23006466031074524, 1.0, 0.0, 0.0, 0.943842351436615, 1.0, 0.0]","[true, false, true]","[0.23006466031074524, 0.943842351436615, 1.0]","[[0.013301909901201725, 0.08324400335550308, 0.9295040369033813, 0.4285137355327606, 0.0], [0.629826545715332, 0.11240622401237488, 0.9240303039550781, 0.4283815920352936, 0.0], [0.727232813835144, 0.1476871371269226, 0.9265182018280029, 0.4367213547229767, 0.0], [0.9789483547210693, 0.15628434717655182, 0.9262955188751221, 0.39890748262405396, 0.0], [1.0, 0.18476121127605438, 0.9254245162010193, 0.4072490632534027, 0.0]]","[true, true, true, true, true]","[182, 273, 233, 165, 228]",0.23006466031074524,1.0,0.0,0.0,0.943842351436615,1.0,0.0,True,False,True
55,5,idle,True,104.086305,30.642778,68.41142974578139,-0.6079680879949194,0.6079680879949194,2.0265602933164018,Serve,104.086305,30.642778,-0.06141091797928491,0.0,0.0,-0.06141091797928491,0.0,0.0,0.0,0.0,5.960092467342163,Serve,Serve,False,False,0.6079680879949205,0.0,0.0,False,True,False,False,False,False,,-1,0.0,0.0,14.519643856698762,257.0689263975199,249.27085620337488,204.98032834969902,0.0,36,0,2,1,0,0,"[0.22803810238838196, 0.8519307971000671, 1.0]","[[0.7784866690635681, 0.0, 0.9009493589401245, 0.5944720506668091, 0.0], [0.7158929705619812, 0.14212235808372498, 0.9021380543708801, 0.5325617790222168, 0.0], [0.8816985487937927, 0.2234361171722412, 0.8868284821510315, 0.5903564095497131, 0.0], [0.564655065536499, 0.2662287950515747, 0.9071296453475952, 0.504726767539978, 0.0], [0.9789483547210693, 0.31857219338417053, 0.9101971387863159, 0.4605882167816162, 0.0]]","[false, false, false, false, false]","[0.22803810238838196, 1.0, 0.0, 0.0, 0.8519307971000671, 1.0, 0.0]","[true, false, true]","[0.22803810238838196, 0.8519307971000671, 1.0]","[[0.7784866690635681, 0.0, 0.9009493589401245, 0.5944720506668091, 0.0], [0.7158929705619812, 0.14212235808372498, 0.9021380543708801, 0.5325617790222168, 0.0], [0.8816985487937927, 0.2234361171722412, 0.8868284821510315, 0.5903564095497131, 0.0], [0.564655065536499, 0.2662287950515747, 0.9071296453475952, 0.504726767539978, 0.0], [0.9789483547210693, 0.31857219338417053, 0.9101971387863159, 0.4605882167816162, 0.0]]","[true, true, true, true, true]","[89, 163, 190, 268, 165]",0.22803810238838196,1.0,0.0,0.0,0.8519307971000671,1.0,0.0,True,False,True
56,5,idle,True,104.11502,30.65068,67.54620127688092,-0.8652284689004688,0.8652284689004688,2.884094896334919,Serve,104.11502,30.65068,-0.0873968150404521,0.0,0.0,-0.0873968150404521,0.0,0.0,0.0,0.0,5.872695652301711,Serve,Serve,False,False,0.8652284689004757,0.0,0.0,False,True,False,False,False,False,,-1,0.0,0.0,15.384872325599238,257.0689263975199,249.96303897849526,204.98032834969902,0.0,22,0,1,0,0,0,"[0.22515399754047394, 0.8880954384803772, 1.0]","[[0.455311119556427, 0.08809655159711838, 0.8367762565612793, 0.0, 0.0], [0.6765971779823303, 0.30635955929756165, 0.8489676713943481, 0.2581407427787781, 0.0], [0.15760816633701324, 0.32822978496551514, 0.7823810577392578, 0.20390388369560242, 0.0], [1.0, 0.43267592787742615, 0.8056852221488953, 0.28384363651275635, 0.0], [0.4839014708995819, 0.43636855483055115, 0.864241361618042, 0.0, 0.0]]","[false, false, false, false, false]","[0.22515399754047394, 1.0, 0.0, 0.0, 0.8880954384803772, 1.0, 0.0]","[true, false, true]","[0.22515399754047394, 0.8880954384803772, 1.0]","[[0.455311119556427, 0.08809655159711838, 0.8367762565612793, 0.0, 0.0], [0.6765971779823303, 0.30635955929756165, 0.8489676713943481, 0.2581407427787781, 0.0], [0.15760816633701324, 0.32822978496551514, 0.7823810577392578, 0.20390388369560242, 0.0], [1.0, 0.43267592787742615, 0.8056852221488953, 0.28384363651275635, 0.0], [0.4839014708995819, 0.43636855483055115, 0.864241361618042, 0.0, 0.0]]","[true, true, true, true, true]","[212, 46, 234, 4, 216]",0.22515399754047394,1.0,0.0,0.0,0.8880954384803772,1.0,0.0,True,False,True
57,5,idle,True,104.100741,30.642039,67.0451801357336,-0.5010211411473193,0.5010211411473193,1.670070470491048,Serve,104.100741,30.642039,-0.05060819607548632,0.0,0.0,-0.05060819607548632,0.0,0.0,0.0,0.0,5.822087456226225,Serve,Serve,False,False,0.5010211411473144,0.0,0.0,False,True,False,False,False,False,,-1,0.0,0.0,15.885893466746552,257.0689263975199,250.36385589141312,204.98032834969902,0.0,35,0,1,1,0,0,"[0.22348393499851227, 0.9194735884666443, 1.0]","[[1.0, 0.11703674495220184, 0.8910549283027649, 0.3529396653175354, 0.0], [0.6350913047790527, 0.12731117010116577, 0.9017103314399719, 0.4309072494506836, 0.0], [0.4839014708995819, 0.22882750630378723, 0.8832145929336548, 0.31611180305480957, 0.0], [0.8111693859100342, 0.24344848096370697, 0.915515661239624, 0.4059453308582306, 0.0], [0.28323930501937866, 0.2548680007457733, 0.8918835520744324, 0.3191905915737152, 0.0]]","[false, false, false, false, false]","[0.22348393499851227, 1.0, 0.0, 0.0, 0.9194735884666443, 1.0, 0.0]","[true, false, true]","[0.22348393499851227, 0.9194735884666443, 1.0]","[[1.0, 0.11703674495220184, 0.8910549283027649, 0.3529396653175354, 0.0], [0.6350913047790527, 0.12731117010116577, 0.9017103314399719, 0.4309072494506836, 0.0], [0.4839014708995819, 0.22882750630378723, 0.8832145929336548, 0.31611180305480957, 0.0], [0.8111693859100342, 0.24344848096370697, 0.915515661239624, 0.4059453308582306, 0.0], [0.28323930501937866, 0.2548680007457733, 0.8918835520744324, 0.3191905915737152, 0.0]]","[true, true, true, true, true]","[5, 56, 216, 124, 15]",0.22348393499851227,1.0,0.0,0.0,0.9194735884666443,1.0,0.0,True,False,True
58,5,idle,True,104.083314,30.662758,66.19206486981123,-0.8531152659223693,0.8531152659223693,2.8437175530745593,Serve,104.083314,30.662758,-0.08617325918407757,0.0,0.0,-0.08617325918407757,0.0,0.0,0.0,0.0,5.735914197042147,Serve,Serve,False,False,0.8531152659223677,0.0,0.0,False,True,False,False,False,False,,-1,0.0,0.0,16.73900873266892,257.0689263975199,251.046348104151,204.98032834969902,0.0,39,0,1,1,0,0,"[0.22064021229743958, 0.9163281917572021, 1.0]","[[0.7224761843681335, 0.055454470217227936, 0.909679114818573, 0.4132973253726959, 0.0], [1.0, 0.13343803584575653, 0.9016358852386475, 0.36934542655944824, 0.0], [0.8189864754676819, 0.14022235572338104, 0.9031857252120972, 0.43771910667419434, 0.0], [0.7897976636886597, 0.16351434588432312, 0.904149055480957, 0.4983313977718353, 0.0], [1.0, 0.17472276091575623, 0.9056439995765686, 0.3310428261756897, 0.0]]","[false, false, false, false, false]","[0.22064021229743958, 1.0, 0.0, 0.0, 0.9163281917572021, 1.0, 0.0]","[true, false, true]","[0.22064021229743958, 0.9163281917572021, 1.0]","[[0.7224761843681335, 0.055454470217227936, 0.909679114818573, 0.4132973253726959, 0.0], [1.0, 0.13343803584575653, 0.9016358852386475, 0.36934542655944824, 0.0], [0.8189864754676819, 0.14022235572338104, 0.9031857252120972, 0.43771910667419434, 0.0], [0.7897976636886597, 0.16351434588432312, 0.904149055480957, 0.4983313977718353, 0.0], [1.0, 0.17472276091575623, 0.9056439995765686, 0.3310428261756897, 0.0]]","[true, true, true, true, true]","[192, 272, 149, 132, 29]",0.22064021229743958,1.0,0.0,0.0,0.9163281917572021,1.0,0.0,True,False,True
59,5,idle,True,104.065713,30.663064,65.68691191474085,-0.5051529550703862,0.5051529550703862,1.6838431835679528,Serve,104.065713,30.663064,-0.0510255510172107,0.0,0.0,-0.0510255510172107,0.0,0.0,0.0,0.0,5.684888646024937,Serve,Serve,False,False,0.5051529550703858,0.0,0.0,False,True,False,False,False,False,,-1,0.0,0.0,17.244161687739307,257.0689263975199,251.45047046820733,204.98032834969902,0.0,38,0,1,1,0,1,"[0.2189563661813736, 0.9170962572097778, 1.0]","[[0.4138734042644501, 0.19976842403411865, 0.9091086387634277, 0.3610016703605652, 0.0], [0.9615325331687927, 0.2301969826221466, 0.8929128646850586, 0.3221862018108368, 0.0], [1.0, 0.3391973376274109, 0.9084535837173462, 0.3296663463115692, 0.0], [1.0, 0.3505493402481079, 0.9151760935783386, 0.4202304780483246, 0.0], [1.0, 0.3606751263141632, 0.9128868579864502, 0.4000031054019928, 0.0]]","[false, false, false, false, false]","[0.2189563661813736, 1.0, 0.0, 0.0, 0.9170962572097778, 1.0, 0.0]","[true, false, true]","[0.2189563661813736, 0.9170962572097778, 1.0]","[[0.4138734042644501, 0.19976842403411865, 0.9091086387634277, 0.3610016703605652, 0.0], [0.9615325331687927, 0.2301969826221466, 0.8929128646850586, 0.3221862018108368, 0.0], [1.0, 0.3391973376274109, 0.9084535837173462, 0.3296663463115692, 0.0], [1.0, 0.3505493402481079, 0.9151760935783386, 0.4202304780483246, 0.0], [1.0, 0.3606751263141632, 0.9128868579864502, 0.4000031054019928, 0.0]]","[true, true, true, true, true]","[43, 175, 2, 97, 29]",0.2189563661813736,1.0,0.0,0.0,0.9170962572097778,1.0,0.0,True,False,True
60,5,idle,True,104.075711,30.672866,65.2519280032329,-0.4349839115079419,0.4349839115079419,1.4499463716931458,Serve,104.075711,30.672866,-0.04393776883918624,0.0,0.0,-0.04393776883918624,0.0,0.0,0.0,0.0,5.64095087718575,Serve,Serve,False,False,0.43498391150794374,0.0,0.0,False,True,False,False,False,False,,-1,0.0,0.0,17.679145599247253,257.0689263975199,251.7984575974137,204.98032834969902,0.0,40,0,1,0,0,1,"[0.21750642359256744, 0.9352604150772095, 1.0]","[[0.7158929705619812, 0.08467859774827957, 0.9057692885398865, 0.29211005568504333, 0.0], [0.7224761843681335, 0.13488954305648804, 0.9039615392684937, 0.3364567756652832, 0.0], [0.9615325331687927, 0.13790249824523926, 0.903163731098175, 0.30975958704948425, 0.0], [0.15760816633701324, 0.3768993020057678, 0.9188347458839417, 0.2332325428724289, 0.0], [1.0, 0.39752405881881714, 0.8865911364555359, 0.4947943389415741, 0.0]]","[false, false, false, false, false]","[0.21750642359256744, 1.0, 0.0, 0.0, 0.9352604150772095, 1.0, 0.0]","[true, false, true]","[0.21750642359256744, 0.9352604150772095, 1.0]","[[0.7158929705619812, 0.08467859774827957, 0.9057692885398865, 0.29211005568504333, 0.0], [0.7224761843681335, 0.13488954305648804, 0.9039615392684937, 0.3364567756652832, 0.0], [0.9615325331687927, 0.13790249824523926, 0.903163731098175, 0.30975958704948425, 0.0], [0.15760816633701324, 0.3768993020057678, 0.9188347458839417, 0.2332325428724289, 0.0], [1.0, 0.39752405881881714, 0.8865911364555359, 0.4947943389415741, 0.0]]","[true, true, true, true, true]","[163, 192, 175, 234, 160]",0.21750642359256744,1.0,0.0,0.0,0.9352604150772095,1.0,0.0,True,False,True
61,5,task,False,104.082399,30.650351,64.47673124356113,-0.7751967596717719,0.7751967596717719,2.583989198905885,Serve,104.082399,30.650351,-0.07830270299714805,0.0,0.0,-0.07830270299714805,0.0,0.0,0.0,0.0,5.562648174188602,Serve,Serve,False,False,0.7751967596717655,0.0,0.0,False,False,True,False,False,False,IEV,162,55.86435209441061,27.932176047205306,18.610312055029418,312.9332784919305,297.2348724375679,249.5470342683392,0.0,0,1,2,1,0,0,[],[],[],[],[],[],[],[],[],,,,,,,,,,
62,5,task,False,104.0769835,30.649957,55.8962193975544,-8.580511846006736,8.580511846006736,0.5198989870346723,,,,0.19485903898878193,0.21061355374740837,0.0,-0.015754514758626433,0.0,0.0,0.0,0.0,5.757507213177384,TaskProgress,TaskProgress,False,False,0.15596969611040168,8.424542149896334,0.0,False,False,True,False,False,True,IEV,162,47.43980994451428,23.71990497225714,18.610312055029418,312.9332784919305,297.2348724375679,249.5470342683392,0.0,0,1,2,1,0,0,[],[],[],[],[],[],[],[],[],,,,,,,,,,
63,5,task,False,104.0769835,30.649957,45.8962193975544,-10.0,10.0,0.0,,,,0.25,0.25,0.0,-0.0,0.0,0.0,0.0,0.0,6.007507213177384,TaskProgress,TaskProgress,False,False,0.0,10.0,0.0,False,False,True,False,False,True,IEV,162,37.43980994451428,18.71990497225714,18.610312055029418,312.9332784919305,297.2348724375679,249.5470342683392,0.0,0,0,1,1,0,0,[],[],[],[],[],[],[],[],[],,,,,,,,,,
64,5,task,False,104.0769835,30.649957,35.8962193975544,-10.0,10.0,0.0,,,,0.22948109698777197,0.25,0.0,-0.0,0.0,0.0,0.0,-0.020518903012228015,6.236988310165156,TaskProgress,TaskProgress,False,False,0.0,10.0,0.0,False,False,True,False,False,True,IEV,162,27.43980994451428,13.71990497225714,18.610312055029418,312.9332784919305,297.2348724375679,249.5470342683392,0.0,0,0,3,1,0,0,[],[],[],[],[],[],[],[],[],,,,,,,,,,
65,5,task,False,104.0769835,30.649957,25.896219397554397,-10.0,10.0,0.0,,,,0.2,0.25,0.0,-0.0,0.0,0.0,0.0,-0.05,6.436988310165156,TaskProgress,TaskProgress,False,False,0.0,10.0,0.0,False,False,True,False,False,True,IEV,162,17.43980994451428,8.71990497225714,18.610312055029418,312.9332784919305,297.2348724375679,249.5470342683392,0.0,0,0,2,1,0,0,[],[],[],[],[],[],[],[],[],,,,,,,,,,
66,5,task,False,104.0769835,30.649957,15.896219397554397,-10.0,10.0,0.0,,,,0.2,0.25,0.0,-0.0,0.0,0.0,0.0,-0.04999999999999999,6.636988310165156,TaskProgress,TaskProgress,False,False,0.0,10.0,0.0,False,False,True,False,False,True,IEV,162,7.4398099445142805,3.7199049722571402,18.610312055029418,312.9332784919305,297.2348724375679,249.5470342683392,0.0,0,0,3,0,0,0,[],[],[],[],[],[],[],[],[],,,,,,,,,,
67,5,idle,True,104.0769835,30.649957,8.456409453040116,-7.4398099445142805,7.4398099445142805,0.0,,,,0.14879619889028559,0.18599524861285702,0.0,-0.0,0.0,0.0,0.0,-0.037199049722571424,6.785784509055442,TaskProgress,TaskProgress,False,False,0.0,7.4398099445142805,0.0,False,True,False,False,False,False,,-1,0.0,0.0,18.610312055029418,312.9332784919305,297.2348724375679,249.5470342683392,0.0,33,0,4,0,0,0,"[0.028188031166791916, 0.7366684675216675, 1.0]","[[0.6756892204284668, 0.07264816761016846, 0.8834519386291504, 0.5814725160598755, 0.0], [0.8111693859100342, 0.15734732151031494, 0.8819612264633179, 0.5867955684661865, 0.0], [0.1600324809551239, 0.15938864648342133, 0.8952685594558716, 0.5758691430091858, 0.0], [0.8610180616378784, 0.16723094880580902, 0.8872685432434082, 0.5739273428916931, 0.0], [0.8466057777404785, 0.3167659640312195, 0.8897782564163208, 0.5391805768013, 0.0]]","[false, false, false, false, false]","[0.028188031166791916, 1.0, 0.0, 0.0, 0.7366684675216675, 1.0, 0.0]","[true, false, true]","[0.028188031166791916, 0.7366684675216675, 1.0]","[[0.6756892204284668, 0.07264816761016846, 0.8834519386291504, 0.5814725160598755, 0.0], [0.8111693859100342, 0.15734732151031494, 0.8819612264633179, 0.5867955684661865, 0.0], [0.1600324809551239, 0.15938864648342133, 0.8952685594558716, 0.5758691430091858, 0.0], [0.8610180616378784, 0.16723094880580902, 0.8872685432434082, 0.5739273428916931, 0.0], [0.8466057777404785, 0.3167659640312195, 0.8897782564163208, 0.5391805768013, 0.0]]","[true, true, true, true, true]","[45, 124, 152, 291, 44]",0.028188031166791916,1.0,0.0,0.0,0.7366684675216675,1.0,0.0,True,False,True
68,5,idle,True,104.066004,30.65372,8.117239159205019,-0.3391702938350978,0.3391702938350978,1.1305676461169916,Serve,104.066004,30.65372,-0.03595547710908432,0.0,0.0,-0.034259625639908836,0.0,0.0,0.0,-0.00169585146917548,6.749829031946358,Serve,Serve,False,False,0.33917029383509745,0.0,0.0,False,True,False,False,False,False,,-1,0.0,0.0,18.949482348864514,312.9332784919305,297.506208672636,249.5470342683392,0.0,35,0,4,0,0,0,"[0.02705746330320835, 0.7568134069442749, 1.0]","[[0.5268451571464539, 0.22497135400772095, 0.8916401863098145, 0.5816807746887207, 0.0], [0.8610180616378784, 0.23200492560863495, 0.8918293714523315, 0.6751704812049866, 0.0], [0.1600324809551239, 0.23833082616329193, 0.8980700373649597, 0.6777509450912476, 0.0], [1.0, 0.3630290627479553, 0.8891722559928894, 0.6998604536056519, 0.0], [0.5865939855575562, 0.37401822209358215, 0.8792023062705994, 0.6752863526344299, 0.0]]","[false, false, false, false, false]","[0.02705746330320835, 1.0, 0.0, 0.0, 0.7568134069442749, 1.0, 0.0]","[true, false, true]","[0.02705746330320835, 0.7568134069442749, 1.0]","[[0.5268451571464539, 0.22497135400772095, 0.8916401863098145, 0.5816807746887207, 0.0], [0.8610180616378784, 0.23200492560863495, 0.8918293714523315, 0.6751704812049866, 0.0], [0.1600324809551239, 0.23833082616329193, 0.8980700373649597, 0.6777509450912476, 0.0], [1.0, 0.3630290627479553, 0.8891722559928894, 0.6998604536056519, 0.0], [0.5865939855575562, 0.37401822209358215, 0.8792023062705994, 0.6752863526344299, 0.0]]","[true, true, true, true, true]","[66, 291, 152, 224, 278]",0.02705746330320835,1.0,0.0,0.0,0.7568134069442749,1.0,0.0,True,False,True
69,5,idle,True,104.065651,30.667283,7.664684746892109,-0.45255441231290927,0.45255441231290927,1.5085147077096972,Serve,104.065651,30.667283,-0.04797533896185842,0.0,0.0,-0.04571256690029386,0.0,0.0,0.0,-0.0022627720615645552,6.701853692984499,Serve,Serve,False,False,0.45255441231290916,0.0,0.0,False,True,False,False,False,False,,-1,0.0,0.0,19.402036761177424,312.9332784919305,297.8682522024863,249.5470342683392,0.0,41,0,3,0,1,0,"[0.02554894983768463, 0.7186389565467834, 1.0]","[[0.6229559183120728, 0.15937981009483337, 0.884157657623291, 0.5592477321624756, 0.3630240261554718], [0.297730028629303, 0.22227053344249725, 0.8833991885185242, 0.6140258312225342, 0.4019952416419983], [0.1700962632894516, 0.31827208399772644, 0.8847452402114868, 0.5231508612632751, 0.33960676193237305], [0.5791579484939575, 0.32887405157089233, 0.8736274838447571, 0.6655922532081604, 0.5136584639549255], [0.007965938188135624, 0.37758785486221313, 0.9037513136863708, 0.5955402851104736, 0.49260228872299194]]","[false, false, false, false, false]","[0.02554894983768463, 0.6996836066246033, 0.02344989776611328, 0.6666666865348816, 0.7186389565467834, 1.0, 0.0]","[true, true, true]","[0.02554894983768463, 0.7186389565467834, 1.0]","[[0.6229559183120728, 0.15937981009483337, 0.884157657623291, 0.5592477321624756, 0.3630240261554718], [0.297730028629303, 0.22227053344249725, 0.8833991885185242, 0.6140258312225342, 0.4019952416419983], [0.1700962632894516, 0.31827208399772644, 0.8847452402114868, 0.5231508612632751, 0.33960676193237305], [0.5791579484939575, 0.32887405157089233, 0.8736274838447571, 0.6655922532081604, 0.5136584639549255], [0.007965938188135624, 0.37758785486221313, 0.9037513136863708, 0.5955402851104736, 0.49260228872299194]]","[true, true, true, true, true]","[37, 116, 93, 183, 209]",0.02554894983768463,0.6996836066246033,0.02344989776611328,0.6666666865348816,0.7186389565467834,1.0,0.0,True,True,True
70,5,recharging,False,104.04625712390336,30.676120518055058,10.674209203053596,3.009524456161487,0.0,2.0990508912344943,Recharge,104.04625712390336,30.676120518055058,0.04242101260442168,0.0,0.09098099308829588,-0.06360760276468165,0.0,0.0,0.0,0.01504762228080745,6.7442747055889205,Recharge,Recharge,True,False,0.6297152673703482,0.0,3.6392397235318352,False,False,False,True,False,True,FCS,4,36.36076027646816,18.18038013823408,20.03175202854777,312.9332784919305,330.3720244163826,249.5470342683392,0.0,0,0,1,1,0,0,[],[],[],[],[],[],[],[],[],,,,,,,,,,
71,5,recharging,False,104.04625712390336,30.676120518055058,20.674209203053596,10.0,0.0,0.0,,,,0.3,0.0,0.25,-0.0,0.0,0.0,0.0,0.05,7.04427470558892,RechargeProgress,RechargeProgress,False,False,0.0,0.0,10.0,False,False,False,True,False,True,FCS,4,26.360760276468163,13.180380138234081,20.03175202854777,312.9332784919305,330.3720244163826,249.5470342683392,0.0,0,0,1,1,0,0,[],[],[],[],[],[],[],[],[],,,,,,,,,,
72,5,recharging,False,104.04625712390336,30.676120518055058,30.674209203053596,10.0,0.0,0.0,,,,0.3,0.0,0.25,-0.0,0.0,0.0,0.0,0.049999999999999996,7.34427470558892,RechargeProgress,RechargeProgress,False,False,0.0,0.0,10.0,False,False,False,True,False,True,FCS,4,16.360760276468163,8.180380138234081,20.03175202854777,312.9332784919305,330.3720244163826,249.5470342683392,0.0,0,0,0,1,0,0,[],[],[],[],[],[],[],[],[],,,,,,,,,,
73,5,recharging,False,104.04625712390336,30.676120518055058,40.67420920305359,9.999999999999996,0.0,0.0,,,,0.29662895398473194,0.0,0.24999999999999992,-0.0,0.0,0.0,0.0,0.04662895398473202,7.640903659573652,RechargeProgress,RechargeProgress,False,False,0.0,0.0,9.999999999999996,False,False,False,True,False,True,FCS,4,6.360760276468163,3.1803801382340815,20.03175202854777,312.9332784919305,330.3720244163826,249.5470342683392,0.0,0,0,0,1,0,0,[],[],[],[],[],[],[],[],[],,,,,,,,,,
74,5,idle,True,104.04625712390336,30.676120518055058,47.034969479521756,6.360760276468163,0.0,0.0,,,,0.15901900691170406,0.0,0.15901900691170406,-0.0,0.0,0.0,0.0,0.0,7.799922666485356,RechargeProgress,RechargeProgress,False,False,0.0,0.0,6.360760276468163,False,True,False,False,False,False,,-1,0.0,0.0,20.03175202854777,312.9332784919305,330.3720244163826,249.5470342683392,0.0,33,0,1,1,2,0,"[0.15678323805332184, 0.7879725098609924, 1.0]","[[0.08128667622804642, 0.208174929022789, 0.8637759685516357, 0.22199060022830963, 0.4832824170589447], [0.8904324769973755, 0.2473474144935608, 0.8913273215293884, 0.21168828010559082, 0.4763912260532379], [0.5865939855575562, 0.28893038630485535, 0.8699090480804443, 0.0, 0.4480836093425751], [1.0, 0.31626179814338684, 0.894001841545105, 0.3464609682559967, 0.4597778916358948], [0.45554491877555847, 0.3178291916847229, 0.8974279761314392, 0.0, 0.44224393367767334]]","[false, false, false, false, false]","[0.15678323805332184, 0.0, 0.15678323805332184, 0.3333333432674408, 0.7879725098609924, 1.0, 0.0]","[true, true, true]","[0.15678323805332184, 0.7879725098609924, 1.0]","[[0.08128667622804642, 0.208174929022789, 0.8637759685516357, 0.22199060022830963, 0.4832824170589447], [0.8904324769973755, 0.2473474144935608, 0.8913273215293884, 0.21168828010559082, 0.4763912260532379], [0.5865939855575562, 0.28893038630485535, 0.8699090480804443, 0.0, 0.4480836093425751], [1.0, 0.31626179814338684, 0.894001841545105, 0.3464609682559967, 0.4597778916358948], [0.45554491877555847, 0.3178291916847229, 0.8974279761314392, 0.0, 0.44224393367767334]]","[true, true, true, true, true]","[9, 204, 278, 197, 274]",0.15678323805332184,0.0,0.15678323805332184,0.3333333432674408,0.7879725098609924,1.0,0.0,True,True,True
75,5,idle,True,104.06854,30.65837,46.163530768304376,-0.8714387112173796,0.8714387112173796,2.904795704057933,Serve,104.06854,30.65837,-0.0880241122441798,0.0,0.0,-0.0880241122441798,0.0,0.0,0.0,0.0,7.711898554241176,Serve,Serve,False,False,0.8714387112173798,0.0,0.0,False,True,False,False,False,False,,-1,0.0,0.0,20.90319073976515,312.9332784919305,331.0691753853565,249.5470342683392,0.0,47,0,2,2,1,0,"[0.15387843549251556, 0.8533351421356201, 1.0]","[[0.6756892204284668, 0.08190862089395523, 0.9187647700309753, 0.4163309335708618, 0.0], [0.8189864754676819, 0.10690608620643616, 0.917847216129303, 0.414046049118042, 0.0], [0.28323930501937866, 0.12339848279953003, 0.9171832203865051, 0.40485256910324097, 0.2151409089565277], [0.12035422027111053, 0.20832476019859314, 0.9208657145500183, 0.36359530687332153, 0.0], [0.23844286799430847, 0.23242782056331635, 0.9168670177459717, 0.43992936611175537, 0.0]]","[false, false, false, false, false]","[0.15387843549251556, 0.9682652354240417, 0.1509736329317093, 0.3333333432674408, 0.8533351421356201, 1.0, 0.0]","[true, true, true]","[0.15387843549251556, 0.8533351421356201, 1.0]","[[0.6756892204284668, 0.08190862089395523, 0.9187647700309753, 0.4163309335708618, 0.0], [0.8189864754676819, 0.10690608620643616, 0.917847216129303, 0.414046049118042, 0.0], [0.28323930501937866, 0.12339848279953003, 0.9171832203865051, 0.40485256910324097, 0.2151409089565277], [0.12035422027111053, 0.20832476019859314, 0.9208657145500183, 0.36359530687332153, 0.0], [0.23844286799430847, 0.23242782056331635, 0.9168670177459717, 0.43992936611175537, 0.0]]","[true, true, true, true, true]","[45, 149, 15, 57, 83]",0.15387843549251556,0.9682652354240417,0.1509736329317093,0.3333333432674408,0.8533351421356201,1.0,0.0,True,True,True
76,5,idle,True,104.081631,30.657424,45.78654998297228,-0.3769807853320941,0.3769807853320941,1.2566026177736567,Serve,104.081631,30.657424,-0.03807886720526233,0.0,0.0,-0.03807886720526233,0.0,0.0,0.0,0.0,7.673819687035913,Serve,Serve,False,False,0.376980785332097,0.0,0.0,False,True,False,False,False,False,,-1,0.0,0.0,21.28017152509725,312.9332784919305,331.3707600136222,249.5470342683392,0.0,48,0,2,3,0,0,"[0.15262183547019958, 0.8850175738334656, 1.0]","[[0.7742483615875244, 0.07389499247074127, 0.9152429103851318, 0.36152538657188416, 0.0], [0.9170079827308655, 0.10782765597105026, 0.9078768491744995, 0.3619370460510254, 0.0], [0.8461048007011414, 0.15623505413532257, 0.9179490804672241, 0.36641982197761536, 0.0], [0.908754825592041, 0.2689626216888428, 0.9093179702758789, 0.2712843716144562, 0.0], [0.629826545715332, 0.33668431639671326, 0.9223266243934631, 0.38130301237106323, 0.0]]","[false, false, false, false, false]","[0.15262183547019958, 1.0, 0.0, 0.0, 0.8850175738334656, 1.0, 0.0]","[true, false, true]","[0.15262183547019958, 0.8850175738334656, 1.0]","[[0.7742483615875244, 0.07389499247074127, 0.9152429103851318, 0.36152538657188416, 0.0], [0.9170079827308655, 0.10782765597105026, 0.9078768491744995, 0.3619370460510254, 0.0], [0.8461048007011414, 0.15623505413532257, 0.9179490804672241, 0.36641982197761536, 0.0], [0.908754825592041, 0.2689626216888428, 0.9093179702758789, 0.2712843716144562, 0.0], [0.629826545715332, 0.33668431639671326, 0.9223266243934631, 0.38130301237106323, 0.0]]","[true, true, true, true, true]","[283, 22, 140, 113, 273]",0.15262183547019958,1.0,0.0,0.0,0.8850175738334656,1.0,0.0,True,False,True
77,5,idle,True,104.06836762376798,30.647850897231546,45.28970399019483,-0.4968459927774518,0.4968459927774518,1.6561533092581677,Serve,104.06836762376798,30.647850897231546,-0.05018646391691418,0.0,0.0,-0.05018646391691418,0.0,0.0,0.0,0.0,7.623633223119,Serve,Serve,False,False,0.4968459927774503,0.0,0.0,False,True,False,False,False,False,,-1,0.0,0.0,21.7770175178747,312.9332784919305,331.7682368078442,249.5470342683392,0.0,41,0,5,1,0,0,"[0.15096567571163177, 0.7325876951217651, 1.0]","[[0.9024434685707092, 0.09261053055524826, 0.9124535322189331, 0.7165691256523132, 0.0], [0.5673414468765259, 0.09370037168264389, 0.9118465781211853, 0.7137701511383057, 0.0], [0.3409822881221771, 0.15282034873962402, 0.9127911925315857, 0.7047886848449707, 0.0], [0.3212646543979645, 0.1574583500623703, 0.9113055467605591, 0.6975244283676147, 0.0], [0.684576153755188, 0.16154879331588745, 0.9038195610046387, 0.679818868637085, 0.0]]","[false, false, false, false, false]","[0.15096567571163177, 1.0, 0.0, 0.0, 0.7325876951217651, 1.0, 0.0]","[true, false, true]","[0.15096567571163177, 0.7325876951217651, 1.0]","[[0.9024434685707092, 0.09261053055524826, 0.9124535322189331, 0.7165691256523132, 0.0], [0.5673414468765259, 0.09370037168264389, 0.9118465781211853, 0.7137701511383057, 0.0], [0.3409822881221771, 0.15282034873962402, 0.9127911925315857, 0.7047886848449707, 0.0], [0.3212646543979645, 0.1574583500623703, 0.9113055467605591, 0.6975244283676147, 0.0], [0.684576153755188, 0.16154879331588745, 0.9038195610046387, 0.679818868637085, 0.0]]","[true, true, true, true, true]","[125, 277, 81, 250, 137]",0.15096567571163177,1.0,0.0,0.0,0.7325876951217651,1.0,0.0,True,False,True
78,5,idle,True,104.060907,30.648308,45.07505087880732,-0.21465311138751275,0.21465311138751275,0.7155103712917165,Serve,104.060907,30.648308,-0.021682132463385354,0.0,0.0,-0.021682132463385354,0.0,0.0,0.0,0.0,7.601951090655614,Serve,Serve,False,False,0.21465311138751494,0.0,0.0,False,True,False,False,False,False,,-1,0.0,0.0,21.991670629262217,312.9332784919305,331.9399592969542,249.5470342683392,0.0,43,0,5,0,0,0,"[0.1502501666545868, 0.773087739944458, 1.0]","[[0.684576153755188, 0.06321936845779419, 0.9028501510620117, 0.6928996443748474, 0.0], [0.08128667622804642, 0.21288028359413147, 0.8945484757423401, 0.6920592784881592, 0.0], [0.9522392749786377, 0.24141180515289307, 0.8927232027053833, 0.6836645603179932, 0.44514650106430054], [0.9024434685707092, 0.2870601415634155, 0.8938204646110535, 0.6821165084838867, 0.0], [0.727232813835144, 0.2947998046875, 0.898067831993103, 0.6719396710395813, 0.2035345882177353]]","[false, false, false, false, false]","[0.1502501666545868, 1.0, 0.0, 0.0, 0.773087739944458, 1.0, 0.0]","[true, false, true]","[0.1502501666545868, 0.773087739944458, 1.0]","[[0.684576153755188, 0.06321936845779419, 0.9028501510620117, 0.6928996443748474, 0.0], [0.08128667622804642, 0.21288028359413147, 0.8945484757423401, 0.6920592784881592, 0.0], [0.9522392749786377, 0.24141180515289307, 0.8927232027053833, 0.6836645603179932, 0.44514650106430054], [0.9024434685707092, 0.2870601415634155, 0.8938204646110535, 0.6821165084838867, 0.0], [0.727232813835144, 0.2947998046875, 0.898067831993103, 0.6719396710395813, 0.2035345882177353]]","[true, true, true, true, true]","[137, 9, 285, 125, 233]",0.1502501666545868,1.0,0.0,0.0,0.773087739944458,1.0,0.0,True,False,True
79,5,idle,True,104.087164,30.638894,44.25865625496365,-0.8163946238436708,0.8163946238436708,2.7213154128122263,Serve,104.087164,30.638894,-0.08246410341855233,0.0,0.0,-0.08246410341855233,0.0,0.0,0.0,0.0,7.5194869872370615,Serve,Serve,False,False,0.8163946238436679,0.0,0.0,False,True,False,False,False,False,,-1,0.0,0.0,22.808065253105884,312.9332784919305,332.59307499602915,249.5470342683392,0.0,30,0,0,2,0,0,"[0.14752885699272156, 1.0, 1.0]","[[0.690947413444519, 0.27151787281036377, 0.8144298791885376, 0.0, 0.0], [0.3212646543979645, 0.3000025153160095, 0.8070856928825378, 0.0, 0.0], [0.3726555407047272, 0.3373279273509979, 0.8447850942611694, 0.0, 0.0], [0.1600324809551239, 0.3988998532295227, 0.8509604334831238, 0.0, 0.0], [0.8816985487937927, 0.4625953435897827, 0.8759092688560486, 0.2172626256942749, 0.0]]","[false, false, false, false, false]","[0.14752885699272156, 1.0, 0.0, 0.0, 1.0, 1.0, 0.0]","[true, false, true]","[0.14752885699272156, 1.0, 1.0]","[[0.690947413444519, 0.27151787281036377, 0.8144298791885376, 0.0, 0.0], [0.3212646543979645, 0.3000025153160095, 0.8070856928825378, 0.0, 0.0], [0.3726555407047272, 0.3373279273509979, 0.8447850942611694, 0.0, 0.0], [0.1600324809551239, 0.3988998532295227, 0.8509604334831238, 0.0, 0.0], [0.8816985487937927, 0.4625953435897827, 0.8759092688560486, 0.2172626256942749, 0.0]]","[true, true, true, true, true]","[11, 250, 284, 152, 190]",0.14752885699272156,1.0,0.0,0.0,1.0,1.0,0.0,True,False,True
80,5,idle,True,104.080661,30.65577,43.66556944456963,-0.5930868103940199,0.5930868103940199,1.976956034646724,Serve,104.080661,30.65577,-0.059907758625658315,0.0,0.0,-0.059907758625658315,0.0,0.0,0.0,0.0,7.459579228611403,Serve,Serve,False,False,0.5930868103940172,0.0,0.0,False,True,False,False,False,False,,-1,0.0,0.0,23.4011520634999,312.9332784919305,333.0675444443444,249.5470342683392,0.0,32,0,1,3,0,0,"[0.1455519050359726, 0.9889556765556335, 1.0]","[[0.8189864754676819, 0.07646647095680237, 0.8603658080101013, 0.02840038388967514, 0.0], [0.3991643786430359, 0.13354462385177612, 0.8683862090110779, 0.0, 0.0], [0.30040550231933594, 0.21629667282104492, 0.8646168112754822, 0.03311999887228012, 0.0], [0.8816985487937927, 0.23266687989234924, 0.8681353330612183, 0.0, 0.0], [0.19567745923995972, 0.33337053656578064, 0.8752081990242004, 0.0, 0.0]]","[false, false, false, false, false]","[0.1455519050359726, 1.0, 0.0, 0.0, 0.9889556765556335, 1.0, 0.0]","[true, false, true]","[0.1455519050359726, 0.9889556765556335, 1.0]","[[0.8189864754676819, 0.07646647095680237, 0.8603658080101013, 0.02840038388967514, 0.0], [0.3991643786430359, 0.13354462385177612, 0.8683862090110779, 0.0, 0.0], [0.30040550231933594, 0.21629667282104492, 0.8646168112754822, 0.03311999887228012, 0.0], [0.8816985487937927, 0.23266687989234924, 0.8681353330612183, 0.0, 0.0], [0.19567745923995972, 0.33337053656578064, 0.8752081990242004, 0.0, 0.0]]","[true, true, true, true, true]","[149, 61, 281, 190, 206]",0.1455519050359726,1.0,0.0,0.0,0.9889556765556335,1.0,0.0,True,False,True
81,5,task,False,104.091682,30.666941,43.17681833025742,-0.4887511143122083,0.4887511143122083,1.6291703810407063,Serve,104.091682,30.666941,-0.04936879942547596,0.0,0.0,-0.04936879942547596,0.0,0.0,0.0,0.0,7.410210429185927,Serve,Serve,False,False,0.48875111431221185,0.0,0.0,False,False,True,False,False,False,IEV,165,39.3842284268635,19.69211421343175,24.187393451496654,352.317506918794,365.2039202962326,280.81642479088237,0.0,0,0,0,2,0,0,[],[],[],[],[],[],[],[],[],,,,,,,,,,
82,5,task,False,104.09894600000001,30.6733045,35.884280316012685,-7.292538014244734,7.292538014244734,0.9916342456151358,,,,0.1242480724996702,0.17487619351400482,0.0,-0.030049522594398057,0.0,0.0,0.0,-0.020578598419936575,7.534458501685597,TaskProgress,TaskProgress,False,False,0.29749027368454073,6.995047740560193,0.0,False,False,True,False,False,True,IEV,165,32.389180686303305,16.194590343151653,24.187393451496654,352.317506918794,365.2039202962326,280.81642479088237,0.0,0,0,2,0,0,0,[],[],[],[],[],[],[],[],[],,,,,,,,,,
83,5,task,False,104.09894600000001,30.6733045,25.884280316012685,-10.0,10.0,0.0,,,,0.2,0.25,0.0,-0.0,0.0,0.0,0.0,-0.05,7.734458501685597,TaskProgress,TaskProgress,False,False,0.0,10.0,0.0,False,False,True,False,False,True,IEV,165,22.389180686303305,11.194590343151653,24.187393451496654,352.317506918794,365.2039202962326,280.81642479088237,0.0,0,0,0,0,0,0,[],[],[],[],[],[],[],[],[],,,,,,,,,,
84,5,task,False,104.09894600000001,30.6733045,15.884280316012685,-10.0,10.0,0.0,,,,0.2,0.25,0.0,-0.0,0.0,0.0,0.0,-0.04999999999999999,7.934458501685597,TaskProgress,TaskProgress,False,False,0.0,10.0,0.0,False,False,True,False,False,True,IEV,165,12.389180686303305,6.194590343151653,24.187393451496654,352.317506918794,365.2039202962326,280.81642479088237,0.0,0,1,0,0,0,0,[],[],[],[],[],[],[],[],[],,,,,,,,,,
85,5,task,False,104.09894600000001,30.6733045,5.884280316012685,-10.0,10.0,0.0,,,,0.2,0.25,0.0,-0.0,0.0,0.0,0.0,-0.05,8.134458501685597,TaskProgress,TaskProgress,False,False,0.0,10.0,0.0,False,False,True,False,False,True,IEV,165,2.3891806863033054,1.1945903431516527,24.187393451496654,352.317506918794,365.2039202962326,280.81642479088237,0.0,0,0,0,0,0,0,[],[],[],[],[],[],[],[],[],,,,,,,,,,
86,5,idle,True,104.09894600000001,30.6733045,3.4950996297093795,-2.3891806863033054,2.3891806863033054,0.0,,,,0.0477836137260661,0.05972951715758264,0.0,-0.0,0.0,0.0,0.0,-0.011945903431516537,8.182242115411663,TaskProgress,TaskProgress,False,False,0.0,2.3891806863033054,0.0,False,True,False,False,False,False,,-1,0.0,0.0,24.187393451496654,352.317506918794,365.2039202962326,280.81642479088237,0.0,25,0,1,0,0,0,"[0.011650332249701023, 0.8718745112419128, 1.0]","[[0.297730028629303, 0.05002237483859062, 0.8410457372665405, 0.30656659603118896, 0.0], [0.8836848735809326, 0.26997214555740356, 0.8431183099746704, 0.26287513971328735, 0.0], [0.08128667622804642, 0.27727821469306946, 0.8364930748939514, 0.3015863597393036, 0.21489444375038147], [0.242566779255867, 0.3062858283519745, 0.7489370703697205, 0.44460180401802063, 0.2057376652956009], [0.6151965260505676, 0.33659327030181885, 0.856590211391449, 0.33643895387649536, 0.0]]","[false, false, false, false, false]","[0.011650332249701023, 1.0, 0.0, 0.0, 0.8718745112419128, 1.0, 0.0]","[true, false, true]","[0.011650332249701023, 0.8718745112419128, 1.0]","[[0.297730028629303, 0.05002237483859062, 0.8410457372665405, 0.30656659603118896, 0.0], [0.8836848735809326, 0.26997214555740356, 0.8431183099746704, 0.26287513971328735, 0.0], [0.08128667622804642, 0.27727821469306946, 0.8364930748939514, 0.3015863597393036, 0.21489444375038147], [0.242566779255867, 0.3062858283519745, 0.7489370703697205, 0.44460180401802063, 0.2057376652956009], [0.6151965260505676, 0.33659327030181885, 0.856590211391449, 0.33643895387649536, 0.0]]","[true, true, true, true, true]","[116, 87, 9, 28, 141]",0.011650332249701023,1.0,0.0,0.0,0.8718745112419128,1.0,0.0,True,False,True
87,5,idle,True,104.091686,30.666711,3.1921656933184868,-0.3029339363908927,0.3029339363908927,1.0097797879696426,Serve,104.091686,30.666711,-0.03211405719618606,0.0,0.0,-0.0305993875142316,0.0,0.0,0.0,-0.0015146696819544614,8.150128058215477,Serve,Serve,False,False,0.3029339363908928,0.0,0.0,False,True,False,False,False,False,,-1,0.0,0.0,24.490327387887547,352.317506918794,365.4462674453453,280.81642479088237,0.0,31,0,2,0,0,0,"[0.010640552267432213, 0.8459867238998413, 1.0]","[[0.6151965260505676, 0.004345996771007776, 0.8595379590988159, 0.5568886995315552, 0.0], [0.8836848735809326, 0.12727199494838715, 0.8599603772163391, 0.4963250160217285, 0.0], [0.9434654116630554, 0.21608415246009827, 0.8529177904129028, 0.46713167428970337, 0.0], [0.5804401636123657, 0.2769623398780823, 0.8702034950256348, 0.47313329577445984, 0.0], [0.678598165512085, 0.30587446689605713, 0.8716424107551575, 0.47927361726760864, 0.0]]","[false, false, false, false, false]","[0.010640552267432213, 1.0, 0.0, 0.0, 0.8459867238998413, 1.0, 0.0]","[true, false, true]","[0.010640552267432213, 0.8459867238998413, 1.0]","[[0.6151965260505676, 0.004345996771007776, 0.8595379590988159, 0.5568886995315552, 0.0], [0.8836848735809326, 0.12727199494838715, 0.8599603772163391, 0.4963250160217285, 0.0], [0.9434654116630554, 0.21608415246009827, 0.8529177904129028, 0.46713167428970337, 0.0], [0.5804401636123657, 0.2769623398780823, 0.8702034950256348, 0.47313329577445984, 0.0], [0.678598165512085, 0.30587446689605713, 0.8716424107551575, 0.47927361726760864, 0.0]]","[true, true, true, true, true]","[141, 87, 99, 90, 143]",0.010640552267432213,1.0,0.0,0.0,0.8459867238998413,1.0,0.0,True,False,True
88,5,idle,True,104.072388,30.655364,2.521404284682247,-0.6707614086362397,0.6707614086362397,2.2358713621207986,Serve,104.072388,30.655364,-0.07110748468320541,0.0,0.0,-0.06775367764002421,0.0,0.0,0.0,-0.0033538070431812007,8.079020573532272,Serve,Serve,False,False,0.6707614086362396,0.0,0.0,False,True,False,False,False,False,,-1,0.0,0.0,25.161088796523785,352.317506918794,365.9828765722543,280.81642479088237,0.0,34,1,1,1,0,0,"[0.008404680527746677, 0.9551976323127747, 1.0]","[[0.12035422027111053, 0.07192973047494888, 0.8926563858985901, 0.1707305610179901, 0.0], [0.09547838568687439, 0.13381199538707733, 0.8926904201507568, 0.17543229460716248, 0.0], [0.4967831075191498, 0.18652477860450745, 0.8878620862960815, 0.3084348142147064, 0.20209497213363647], [0.4138734042644501, 0.225495845079422, 0.8867861032485962, 0.22540293633937836, 0.0], [0.690947413444519, 0.24811005592346191, 0.8860922455787659, 0.32215645909309387, 0.0]]","[false, false, false, false, false]","[0.008404680527746677, 1.0, 0.0, 0.0, 0.9551976323127747, 1.0, 0.18464499711990356]","[true, false, true]","[0.008404680527746677, 0.9551976323127747, 1.0]","[[0.12035422027111053, 0.07192973047494888, 0.8926563858985901, 0.1707305610179901, 0.0], [0.09547838568687439, 0.13381199538707733, 0.8926904201507568, 0.17543229460716248, 0.0], [0.4967831075191498, 0.18652477860450745, 0.8878620862960815, 0.3084348142147064, 0.20209497213363647], [0.4138734042644501, 0.225495845079422, 0.8867861032485962, 0.22540293633937836, 0.0], [0.690947413444519, 0.24811005592346191, 0.8860922455787659, 0.32215645909309387, 0.0]]","[true, true, true, true, true]","[57, 257, 173, 43, 11]",0.008404680527746677,1.0,0.0,0.0,0.9551976323127747,1.0,0.18464499711990356,True,False,True
89,5,idle,True,104.079206,30.652138,2.2981052320500996,-0.22329905263214744,0.22329905263214744,0.7443301754404912,Serve,104.079206,30.652138,-0.02367195512499383,0.0,0.0,-0.022555459861833074,0.0,0.0,0.0,-0.001116495263160755,8.055348618407278,Serve,Serve,False,False,0.22329905263214736,0.0,0.0,False,True,False,False,False,False,,-1,0.0,0.0,25.38438784915593,352.317506918794,366.16151581436003,280.81642479088237,0.0,33,0,2,2,0,0,"[0.007660350762307644, 0.8967729806900024, 1.0]","[[0.4138734042644501, 0.03305788338184357, 0.8603155612945557, 0.27562442421913147, 0.0], [0.15760816633701324, 0.18815039098262787, 0.8701483011245728, 0.26192763447761536, 0.0], [0.7044805288314819, 0.19259962439537048, 0.8635480403900146, 0.26007315516471863, 0.0], [0.12035422027111053, 0.21070745587348938, 0.867911159992218, 0.32366976141929626, 0.0], [0.678598165512085, 0.21664133667945862, 0.8584599494934082, 0.3225032687187195, 0.0]]","[false, false, false, false, false]","[0.007660350762307644, 1.0, 0.0, 0.0, 0.8967729806900024, 1.0, 0.0]","[true, false, true]","[0.007660350762307644, 0.8967729806900024, 1.0]","[[0.4138734042644501, 0.03305788338184357, 0.8603155612945557, 0.27562442421913147, 0.0], [0.15760816633701324, 0.18815039098262787, 0.8701483011245728, 0.26192763447761536, 0.0], [0.7044805288314819, 0.19259962439537048, 0.8635480403900146, 0.26007315516471863, 0.0], [0.12035422027111053, 0.21070745587348938, 0.867911159992218, 0.32366976141929626, 0.0], [0.678598165512085, 0.21664133667945862, 0.8584599494934082, 0.3225032687187195, 0.0]]","[true, true, true, true, true]","[43, 234, 16, 57, 143]",0.007660350762307644,1.0,0.0,0.0,0.8967729806900024,1.0,0.0,True,False,True
90,5,idle,True,104.097819,30.639851,1.6247936982727171,-0.6733115337773825,0.6733115337773825,2.244371779257942,Serve,104.097819,30.639851,-0.07137782370700635,0.0,0.0,-0.06801126603811945,0.0,0.0,0.0,-0.003366557668886894,7.983970794700271,Serve,Serve,False,False,0.6733115337773825,0.0,0.0,False,True,False,False,False,False,,-1,0.0,0.0,26.057699382933315,352.317506918794,366.7001650413819,280.81642479088237,0.0,29,0,3,1,0,0,"[0.005415978841483593, 0.7980626225471497, 1.0]","[[0.4982664883136749, 0.0012169204419478774, 0.8570210933685303, 0.4470551013946533, 0.0], [0.3428976535797119, 0.040238551795482635, 0.858833909034729, 0.4508117437362671, 0.0], [0.5221091508865356, 0.10292127728462219, 0.8683106899261475, 0.43692824244499207, 0.0], [0.328066349029541, 0.14060313999652863, 0.8539729714393616, 0.41309159994125366, 0.0], [0.5138683915138245, 0.1712130308151245, 0.851460874080658, 0.45491957664489746, 0.0]]","[false, false, false, false, false]","[0.005415978841483593, 1.0, 0.0, 0.0, 0.7980626225471497, 1.0, 0.0]","[true, false, true]","[0.005415978841483593, 0.7980626225471497, 1.0]","[[0.4982664883136749, 0.0012169204419478774, 0.8570210933685303, 0.4470551013946533, 0.0], [0.3428976535797119, 0.040238551795482635, 0.858833909034729, 0.4508117437362671, 0.0], [0.5221091508865356, 0.10292127728462219, 0.8683106899261475, 0.43692824244499207, 0.0], [0.328066349029541, 0.14060313999652863, 0.8539729714393616, 0.41309159994125366, 0.0], [0.5138683915138245, 0.1712130308151245, 0.851460874080658, 0.45491957664489746, 0.0]]","[true, true, true, true, true]","[166, 148, 161, 30, 41]",0.005415978841483593,1.0,0.0,0.0,0.7980626225471497,1.0,0.0,True,False,True
91,5,idle,True,104.075092,30.642579,0.9661927511018059,-0.6586009471709112,0.6586009471709112,2.195336490569704,Serve,104.075092,30.642579,-0.0698183529349365,0.0,0.0,-0.06652534819908196,0.0,0.0,0.0,-0.0032930047358545435,7.914152441765335,Serve,Serve,False,False,0.6586009471709112,0.0,0.0,False,True,False,False,False,False,,-1,0.0,0.0,26.716300330104225,352.317506918794,367.2270457991186,280.81642479088237,0.0,28,0,2,2,0,0,"[0.003220642451196909, 0.8818736672401428, 1.0]","[[0.455311119556427, 0.35994234681129456, 0.8034629821777344, 0.1733519434928894, 0.0], [0.08128667622804642, 0.3664245903491974, 0.863711953163147, 0.2806362807750702, 0.0], [0.8425878882408142, 0.39981400966644287, 0.8442554473876953, 0.2829500138759613, 0.0], [0.7575759291648865, 0.4158599376678467, 0.8510239720344543, 0.2107965350151062, 0.0], [0.5896430611610413, 0.4725800156593323, 0.8574576377868652, 0.2837488055229187, 0.0]]","[false, false, false, false, false]","[0.003220642451196909, 1.0, 0.0, 0.0, 0.8818736672401428, 1.0, 0.0]","[true, false, true]","[0.003220642451196909, 0.8818736672401428, 1.0]","[[0.455311119556427, 0.35994234681129456, 0.8034629821777344, 0.1733519434928894, 0.0], [0.08128667622804642, 0.3664245903491974, 0.863711953163147, 0.2806362807750702, 0.0], [0.8425878882408142, 0.39981400966644287, 0.8442554473876953, 0.2829500138759613, 0.0], [0.7575759291648865, 0.4158599376678467, 0.8510239720344543, 0.2107965350151062, 0.0], [0.5896430611610413, 0.4725800156593323, 0.8574576377868652, 0.2837488055229187, 0.0]]","[true, true, true, true, true]","[212, 9, 287, 158, 136]",0.003220642451196909,1.0,0.0,0.0,0.8818736672401428,1.0,0.0,True,False,True
92,5,idle,True,104.101221,30.643434,0.21574068975992378,-0.7504520613418821,0.7504520613418821,2.501506871139607,Serve,104.101221,30.643434,-0.07955549882609146,0.0,0.0,-0.07580323851938205,0.0,0.0,0.0,-0.00375226030670941,7.8345969429392435,Serve,Serve,False,False,0.7504520613418821,0.0,0.0,False,True,False,False,False,False,,-1,0.0,0.0,27.466752391446107,352.317506918794,367.82740744819216,280.81642479088237,0.0,29,0,2,2,0,0,"[0.0007191356271505356, 0.8530867695808411, 1.0]","[[0.5138683915138245, 0.0009573898278176785, 0.8610081076622009, 0.4162808656692505, 0.0], [0.7575759291648865, 0.05371341109275818, 0.8611582517623901, 0.4042470455169678, 0.0], [0.678598165512085, 0.10759588330984116, 0.8451687097549438, 0.4485940635204315, 0.0], [0.3428976535797119, 0.1466166079044342, 0.866790771484375, 0.38837316632270813, 0.0], [0.4982664883136749, 0.1724725216627121, 0.8630691766738892, 0.3772297501564026, 0.0]]","[false, false, false, false, false]","[0.0007191356271505356, 1.0, 0.0, 0.0, 0.8530867695808411, 1.0, 0.0]","[true, false, true]","[0.0007191356271505356, 0.8530867695808411, 1.0]","[[0.5138683915138245, 0.0009573898278176785, 0.8610081076622009, 0.4162808656692505, 0.0], [0.7575759291648865, 0.05371341109275818, 0.8611582517623901, 0.4042470455169678, 0.0], [0.678598165512085, 0.10759588330984116, 0.8451687097549438, 0.4485940635204315, 0.0], [0.3428976535797119, 0.1466166079044342, 0.866790771484375, 0.38837316632270813, 0.0], [0.4982664883136749, 0.1724725216627121, 0.8630691766738892, 0.3772297501564026, 0.0]]","[true, true, true, true, true]","[41, 158, 143, 148, 166]",0.0007191356271505356,1.0,0.0,0.0,0.8530867695808411,1.0,0.0,True,False,True
93,5,broken,False,104.09397961280092,30.645170190653765,0.0,-0.21574068975992378,0.21574068975992378,0.7191542624305847,Serve,104.071462,30.650569,-2.022871256855787,0.0,0.0,-0.02179255340698742,0.0,0.0,-2.0,-0.0010787034487996338,5.811725686083456,Serve,Serve,False,False,0.2157462787291754,0.0,0.0,True,False,False,False,True,False,,-1,0.0,0.0,27.68249308120603,352.317506918794,368.0000000000001,280.81642479088237,0.0,0,0,0,2,0,0,[],[],[],[],[],[],[],[],[],,,,,,,,,,
94,5,broken,False,104.09397961280092,30.645170190653765,0.0,0.0,0.0,0.0,,,,0.0,0.0,0.0,-0.0,0.0,0.0,0.0,0.0,5.811725686083456,Inactive,Inactive,False,False,0.0,0.0,0.0,False,False,False,False,True,False,,-1,0.0,0.0,27.68249308120603,352.317506918794,368.0000000000001,280.81642479088237,0.0,0,0,1,1,0,0,[],[],[],[],[],[],[],[],[],,,,,,,,,,
95,5,broken,False,104.09397961280092,30.645170190653765,0.0,0.0,0.0,0.0,,,,0.0,0.0,0.0,-0.0,0.0,0.0,0.0,0.0,5.811725686083456,Inactive,Inactive,False,False,0.0,0.0,0.0,False,False,False,False,True,False,,-1,0.0,0.0,27.68249308120603,352.317506918794,368.0000000000001,280.81642479088237,0.0,0,0,2,0,0,0,[],[],[],[],[],[],[],[],[],,,,,,,,,,
96,5,broken,False,104.09397961280092,30.645170190653765,0.0,0.0,0.0,0.0,,,,0.0,0.0,0.0,-0.0,0.0,0.0,0.0,0.0,5.811725686083456,Inactive,Inactive,False,False,0.0,0.0,0.0,False,False,False,False,True,False,,-1,0.0,0.0,27.68249308120603,352.317506918794,368.0000000000001,280.81642479088237,0.0,0,0,0,1,0,0,[],[],[],[],[],[],[],[],[],,,,,,,,,,
97,5,broken,False,104.09397961280092,30.645170190653765,0.0,0.0,0.0,0.0,,,,0.0,0.0,0.0,-0.0,0.0,0.0,0.0,0.0,5.811725686083456,Inactive,Inactive,False,False,0.0,0.0,0.0,False,False,False,False,True,False,,-1,0.0,0.0,27.68249308120603,352.317506918794,368.0000000000001,280.81642479088237,0.0,0,0,1,1,0,0,[],[],[],[],[],[],[],[],[],,,,,,,,,,
98,5,broken,False,104.09397961280092,30.645170190653765,0.0,0.0,0.0,0.0,,,,0.0,0.0,0.0,-0.0,0.0,0.0,0.0,0.0,5.811725686083456,Inactive,Inactive,False,False,0.0,0.0,0.0,False,False,False,False,True,False,,-1,0.0,0.0,27.68249308120603,352.317506918794,368.0000000000001,280.81642479088237,0.0,0,0,1,1,0,0,[],[],[],[],[],[],[],[],[],,,,,,,,,,
99,5,broken,False,104.09397961280092,30.645170190653765,0.0,0.0,0.0,0.0,,,,0.0,0.0,0.0,-0.0,0.0,0.0,0.0,0.0,5.811725686083456,Inactive,Inactive,False,False,0.0,0.0,0.0,False,False,False,False,True,False,,-1,0.0,0.0,27.68249308120603,352.317506918794,368.0000000000001,280.81642479088237,0.0,0,0,0,1,0,0,[],[],[],[],[],[],[],[],[],,,,,,,,,,
100,5,broken,False,104.09397961280092,30.645170190653765,0.0,0.0,0.0,0.0,,,,0.0,0.0,0.0,-0.0,0.0,0.0,0.0,0.0,5.811725686083456,Inactive,Inactive,False,False,0.0,0.0,0.0,False,False,False,False,True,False,,-1,0.0,0.0,27.68249308120603,352.317506918794,368.0000000000001,280.81642479088237,0.0,0,0,2,0,0,0,[],[],[],[],[],[],[],[],[],,,,,,,,,,
101,5,broken,False,104.09397961280092,30.645170190653765,0.0,0.0,0.0,0.0,,,,0.0,0.0,0.0,-0.0,0.0,0.0,0.0,0.0,5.811725686083456,Inactive,Inactive,False,False,0.0,0.0,0.0,False,False,False,False,True,False,,-1,0.0,0.0,27.68249308120603,352.317506918794,368.0000000000001,280.81642479088237,0.0,0,0,1,0,0,0,[],[],[],[],[],[],[],[],[],,,,,,,,,,
102,5,broken,False,104.09397961280092,30.645170190653765,0.0,0.0,0.0,0.0,,,,0.0,0.0,0.0,-0.0,0.0,0.0,0.0,0.0,5.811725686083456,Inactive,Inactive,False,False,0.0,0.0,0.0,False,False,False,False,True,False,,-1,0.0,0.0,27.68249308120603,352.317506918794,368.0000000000001,280.81642479088237,0.0,0,0,1,0,0,0,[],[],[],[],[],[],[],[],[],,,,,,,,,,
103,5,broken,False,104.09397961280092,30.645170190653765,0.0,0.0,0.0,0.0,,,,0.0,0.0,0.0,-0.0,0.0,0.0,0.0,0.0,5.811725686083456,Inactive,Inactive,False,False,0.0,0.0,0.0,False,False,False,False,True,False,,-1,0.0,0.0,27.68249308120603,352.317506918794,368.0000000000001,280.81642479088237,0.0,0,0,1,0,0,0,[],[],[],[],[],[],[],[],[],,,,,,,,,,
104,5,broken,False,104.09397961280092,30.645170190653765,0.0,0.0,0.0,0.0,,,,0.0,0.0,0.0,-0.0,0.0,0.0,0.0,0.0,5.811725686083456,Inactive,Inactive,False,False,0.0,0.0,0.0,False,False,False,False,True,False,,-1,0.0,0.0,27.68249308120603,352.317506918794,368.0000000000001,280.81642479088237,0.0,0,0,1,0,0,0,[],[],[],[],[],[],[],[],[],,,,,,,,,,
105,5,broken,False,104.09397961280092,30.645170190653765,0.0,0.0,0.0,0.0,,,,0.0,0.0,0.0,-0.0,0.0,0.0,0.0,0.0,5.811725686083456,Inactive,Inactive,False,False,0.0,0.0,0.0,False,False,False,False,True,False,,-1,0.0,0.0,27.68249308120603,352.317506918794,368.0000000000001,280.81642479088237,0.0,0,0,0,0,0,0,[],[],[],[],[],[],[],[],[],,,,,,,,,,
106,5,broken,False,104.09397961280092,30.645170190653765,0.0,0.0,0.0,0.0,,,,0.0,0.0,0.0,-0.0,0.0,0.0,0.0,0.0,5.811725686083456,Inactive,Inactive,False,False,0.0,0.0,0.0,False,False,False,False,True,False,,-1,0.0,0.0,27.68249308120603,352.317506918794,368.0000000000001,280.81642479088237,0.0,0,0,0,0,0,0,[],[],[],[],[],[],[],[],[],,,,,,,,,,
107,5,broken,False,104.09397961280092,30.645170190653765,0.0,0.0,0.0,0.0,,,,0.0,0.0,0.0,-0.0,0.0,0.0,0.0,0.0,5.811725686083456,Inactive,Inactive,False,False,0.0,0.0,0.0,False,False,False,False,True,False,,-1,0.0,0.0,27.68249308120603,352.317506918794,368.0000000000001,280.81642479088237,0.0,0,0,0,1,0,0,[],[],[],[],[],[],[],[],[],,,,,,,,,,
108,5,broken,False,104.09397961280092,30.645170190653765,0.0,0.0,0.0,0.0,,,,0.0,0.0,0.0,-0.0,0.0,0.0,0.0,0.0,5.811725686083456,Inactive,Inactive,False,False,0.0,0.0,0.0,False,False,False,False,True,False,,-1,0.0,0.0,27.68249308120603,352.317506918794,368.0000000000001,280.81642479088237,0.0,0,0,0,1,0,0,[],[],[],[],[],[],[],[],[],,,,,,,,,,
109,5,broken,False,104.09397961280092,30.645170190653765,0.0,0.0,0.0,0.0,,,,0.0,0.0,0.0,-0.0,0.0,0.0,0.0,0.0,5.811725686083456,Inactive,Inactive,False,False,0.0,0.0,0.0,False,False,False,False,True,False,,-1,0.0,0.0,27.68249308120603,352.317506918794,368.0000000000001,280.81642479088237,0.0,0,0,0,1,0,0,[],[],[],[],[],[],[],[],[],,,,,,,,,,
110,5,broken,False,104.09397961280092,30.645170190653765,0.0,0.0,0.0,0.0,,,,0.0,0.0,0.0,-0.0,0.0,0.0,0.0,0.0,5.811725686083456,Inactive,Inactive,False,False,0.0,0.0,0.0,False,False,False,False,True,False,,-1,0.0,0.0,27.68249308120603,352.317506918794,368.0000000000001,280.81642479088237,0.0,0,0,2,0,0,0,[],[],[],[],[],[],[],[],[],,,,,,,,,,
111,5,broken,False,104.09397961280092,30.645170190653765,0.0,0.0,0.0,0.0,,,,0.0,0.0,0.0,-0.0,0.0,0.0,0.0,0.0,5.811725686083456,Inactive,Inactive,False,False,0.0,0.0,0.0,False,False,False,False,True,False,,-1,0.0,0.0,27.68249308120603,352.317506918794,368.0000000000001,280.81642479088237,0.0,0,0,2,0,0,0,[],[],[],[],[],[],[],[],[],,,,,,,,,,
112,5,broken,False,104.09397961280092,30.645170190653765,0.0,0.0,0.0,0.0,,,,0.0,0.0,0.0,-0.0,0.0,0.0,0.0,0.0,5.811725686083456,Inactive,Inactive,False,False,0.0,0.0,0.0,False,False,False,False,True,False,,-1,0.0,0.0,27.68249308120603,352.317506918794,368.0000000000001,280.81642479088237,0.0,0,0,2,0,0,0,[],[],[],[],[],[],[],[],[],,,,,,,,,,
113,5,broken,False,104.09397961280092,30.645170190653765,0.0,0.0,0.0,0.0,,,,0.0,0.0,0.0,-0.0,0.0,0.0,0.0,0.0,5.811725686083456,Inactive,Inactive,False,False,0.0,0.0,0.0,False,False,False,False,True,False,,-1,0.0,0.0,27.68249308120603,352.317506918794,368.0000000000001,280.81642479088237,0.0,0,0,1,0,0,0,[],[],[],[],[],[],[],[],[],,,,,,,,,,
114,5,broken,False,104.09397961280092,30.645170190653765,0.0,0.0,0.0,0.0,,,,0.0,0.0,0.0,-0.0,0.0,0.0,0.0,0.0,5.811725686083456,Inactive,Inactive,False,False,0.0,0.0,0.0,False,False,False,False,True,False,,-1,0.0,0.0,27.68249308120603,352.317506918794,368.0000000000001,280.81642479088237,0.0,0,0,2,0,0,0,[],[],[],[],[],[],[],[],[],,,,,,,,,,
115,5,broken,False,104.09397961280092,30.645170190653765,0.0,0.0,0.0,0.0,,,,0.0,0.0,0.0,-0.0,0.0,0.0,0.0,0.0,5.811725686083456,Inactive,Inactive,False,False,0.0,0.0,0.0,False,False,False,False,True,False,,-1,0.0,0.0,27.68249308120603,352.317506918794,368.0000000000001,280.81642479088237,0.0,0,0,2,0,0,0,[],[],[],[],[],[],[],[],[],,,,,,,,,,
116,5,broken,False,104.09397961280092,30.645170190653765,0.0,0.0,0.0,0.0,,,,0.0,0.0,0.0,-0.0,0.0,0.0,0.0,0.0,5.811725686083456,Inactive,Inactive,False,False,0.0,0.0,0.0,False,False,False,False,True,False,,-1,0.0,0.0,27.68249308120603,352.317506918794,368.0000000000001,280.81642479088237,0.0,0,0,1,0,0,0,[],[],[],[],[],[],[],[],[],,,,,,,,,,
117,5,broken,False,104.09397961280092,30.645170190653765,0.0,0.0,0.0,0.0,,,,0.0,0.0,0.0,-0.0,0.0,0.0,0.0,0.0,5.811725686083456,Inactive,Inactive,False,False,0.0,0.0,0.0,False,False,False,False,True,False,,-1,0.0,0.0,27.68249308120603,352.317506918794,368.0000000000001,280.81642479088237,0.0,0,0,1,0,0,0,[],[],[],[],[],[],[],[],[],,,,,,,,,,
118,5,broken,False,104.09397961280092,30.645170190653765,0.0,0.0,0.0,0.0,,,,0.0,0.0,0.0,-0.0,0.0,0.0,0.0,0.0,5.811725686083456,Inactive,Inactive,False,False,0.0,0.0,0.0,False,False,False,False,True,False,,-1,0.0,0.0,27.68249308120603,352.317506918794,368.0000000000001,280.81642479088237,0.0,0,0,0,0,0,0,[],[],[],[],[],[],[],[],[],,,,,,,,,,
119,5,broken,False,104.09397961280092,30.645170190653765,0.0,0.0,0.0,0.0,,,,0.0,0.0,0.0,-0.0,0.0,0.0,0.0,0.0,5.811725686083456,Inactive,Inactive,False,False,0.0,0.0,0.0,False,False,False,False,True,False,,-1,0.0,0.0,27.68249308120603,352.317506918794,368.0000000000001,280.81642479088237,0.0,0,0,0,0,0,0,[],[],[],[],[],[],[],[],[],,,,,,,,,,
120,5,broken,False,104.09397961280092,30.645170190653765,0.0,0.0,0.0,0.0,,,,0.0,0.0,0.0,-0.0,0.0,0.0,0.0,0.0,5.811725686083456,Inactive,Inactive,False,False,0.0,0.0,0.0,False,False,False,False,True,False,,-1,0.0,0.0,27.68249308120603,352.317506918794,368.0000000000001,280.81642479088237,0.0,0,0,0,0,0,0,[],[],[],[],[],[],[],[],[],,,,,,,,,,
121,5,broken,False,104.09397961280092,30.645170190653765,0.0,0.0,0.0,0.0,,,,0.0,0.0,0.0,-0.0,0.0,0.0,0.0,0.0,5.811725686083456,Inactive,Inactive,False,False,0.0,0.0,0.0,False,False,False,False,True,False,,-1,0.0,0.0,27.68249308120603,352.317506918794,368.0000000000001,280.81642479088237,0.0,0,0,0,0,0,0,[],[],[],[],[],[],[],[],[],,,,,,,,,,
122,5,broken,False,104.09397961280092,30.645170190653765,0.0,0.0,0.0,0.0,,,,0.0,0.0,0.0,-0.0,0.0,0.0,0.0,0.0,5.811725686083456,Inactive,Inactive,False,False,0.0,0.0,0.0,False,False,False,False,True,False,,-1,0.0,0.0,27.68249308120603,352.317506918794,368.0000000000001,280.81642479088237,0.0,0,0,0,0,0,0,[],[],[],[],[],[],[],[],[],,,,,,,,,,
123,5,broken,False,104.09397961280092,30.645170190653765,0.0,0.0,0.0,0.0,,,,0.0,0.0,0.0,-0.0,0.0,0.0,0.0,0.0,5.811725686083456,Inactive,Inactive,False,False,0.0,0.0,0.0,False,False,False,False,True,False,,-1,0.0,0.0,27.68249308120603,352.317506918794,368.0000000000001,280.81642479088237,0.0,0,0,0,0,0,0,[],[],[],[],[],[],[],[],[],,,,,,,,,,
124,5,broken,False,104.09397961280092,30.645170190653765,0.0,0.0,0.0,0.0,,,,0.0,0.0,0.0,-0.0,0.0,0.0,0.0,0.0,5.811725686083456,Inactive,Inactive,False,False,0.0,0.0,0.0,False,False,False,False,True,False,,-1,0.0,0.0,27.68249308120603,352.317506918794,368.0000000000001,280.81642479088237,0.0,0,0,0,0,0,0,[],[],[],[],[],[],[],[],[],,,,,,,,,,
125,5,broken,False,104.09397961280092,30.645170190653765,0.0,0.0,0.0,0.0,,,,0.0,0.0,0.0,-0.0,0.0,0.0,0.0,0.0,5.811725686083456,Inactive,Inactive,False,False,0.0,0.0,0.0,False,False,False,False,True,False,,-1,0.0,0.0,27.68249308120603,352.317506918794,368.0000000000001,280.81642479088237,0.0,0,0,0,0,0,0,[],[],[],[],[],[],[],[],[],,,,,,,,,,
126,5,broken,False,104.09397961280092,30.645170190653765,0.0,0.0,0.0,0.0,,,,0.0,0.0,0.0,-0.0,0.0,0.0,0.0,0.0,5.811725686083456,Inactive,Inactive,False,False,0.0,0.0,0.0,False,False,False,False,True,False,,-1,0.0,0.0,27.68249308120603,352.317506918794,368.0000000000001,280.81642479088237,0.0,0,0,0,0,0,0,[],[],[],[],[],[],[],[],[],,,,,,,,,,
127,5,broken,False,104.09397961280092,30.645170190653765,0.0,0.0,0.0,0.0,,,,0.0,0.0,0.0,-0.0,0.0,0.0,0.0,0.0,5.811725686083456,Inactive,Inactive,False,False,0.0,0.0,0.0,False,False,False,False,True,False,,-1,0.0,0.0,27.68249308120603,352.317506918794,368.0000000000001,280.81642479088237,0.0,0,0,0,0,0,0,[],[],[],[],[],[],[],[],[],,,,,,,,,,
128,5,broken,False,104.09397961280092,30.645170190653765,0.0,0.0,0.0,0.0,,,,0.0,0.0,0.0,-0.0,0.0,0.0,0.0,0.0,5.811725686083456,Inactive,Inactive,False,False,0.0,0.0,0.0,False,False,False,False,True,False,,-1,0.0,0.0,27.68249308120603,352.317506918794,368.0000000000001,280.81642479088237,0.0,0,0,0,0,0,0,[],[],[],[],[],[],[],[],[],,,,,,,,,,
129,5,broken,False,104.09397961280092,30.645170190653765,0.0,0.0,0.0,0.0,,,,0.0,0.0,0.0,-0.0,0.0,0.0,0.0,0.0,5.811725686083456,Inactive,Inactive,False,False,0.0,0.0,0.0,False,False,False,False,True,False,,-1,0.0,0.0,27.68249308120603,352.317506918794,368.0000000000001,280.81642479088237,0.0,0,0,0,0,0,0,[],[],[],[],[],[],[],[],[],,,,,,,,,,
130,5,broken,False,104.09397961280092,30.645170190653765,0.0,0.0,0.0,0.0,,,,0.0,0.0,0.0,-0.0,0.0,0.0,0.0,0.0,5.811725686083456,Inactive,Inactive,False,False,0.0,0.0,0.0,False,False,False,False,True,False,,-1,0.0,0.0,27.68249308120603,352.317506918794,368.0000000000001,280.81642479088237,0.0,0,0,0,0,0,0,[],[],[],[],[],[],[],[],[],,,,,,,,,,
131,5,broken,False,104.09397961280092,30.645170190653765,0.0,0.0,0.0,0.0,,,,0.0,0.0,0.0,-0.0,0.0,0.0,0.0,0.0,5.811725686083456,Inactive,Inactive,False,False,0.0,0.0,0.0,False,False,False,False,True,False,,-1,0.0,0.0,27.68249308120603,352.317506918794,368.0000000000001,280.81642479088237,0.0,0,0,0,0,0,0,[],[],[],[],[],[],[],[],[],,,,,,,,,,
132,5,broken,False,104.09397961280092,30.645170190653765,0.0,0.0,0.0,0.0,,,,0.0,0.0,0.0,-0.0,0.0,0.0,0.0,0.0,5.811725686083456,Inactive,Inactive,False,False,0.0,0.0,0.0,False,False,False,False,True,False,,-1,0.0,0.0,27.68249308120603,352.317506918794,368.0000000000001,280.81642479088237,0.0,0,0,0,0,0,0,[],[],[],[],[],[],[],[],[],,,,,,,,,,
133,5,broken,False,104.09397961280092,30.645170190653765,0.0,0.0,0.0,0.0,,,,0.0,0.0,0.0,-0.0,0.0,0.0,0.0,0.0,5.811725686083456,Inactive,Inactive,False,False,0.0,0.0,0.0,False,False,False,False,True,False,,-1,0.0,0.0,27.68249308120603,352.317506918794,368.0000000000001,280.81642479088237,0.0,0,0,1,0,0,0,[],[],[],[],[],[],[],[],[],,,,,,,,,,
134,5,broken,False,104.09397961280092,30.645170190653765,0.0,0.0,0.0,0.0,,,,0.0,0.0,0.0,-0.0,0.0,0.0,0.0,0.0,5.811725686083456,Inactive,Inactive,False,False,0.0,0.0,0.0,False,False,False,False,True,False,,-1,0.0,0.0,27.68249308120603,352.317506918794,368.0000000000001,280.81642479088237,0.0,0,0,1,0,0,0,[],[],[],[],[],[],[],[],[],,,,,,,,,,
135,5,broken,False,104.09397961280092,30.645170190653765,0.0,0.0,0.0,0.0,,,,0.0,0.0,0.0,-0.0,0.0,0.0,0.0,0.0,5.811725686083456,Inactive,Inactive,False,False,0.0,0.0,0.0,False,False,False,False,True,False,,-1,0.0,0.0,27.68249308120603,352.317506918794,368.0000000000001,280.81642479088237,0.0,0,0,1,0,0,0,[],[],[],[],[],[],[],[],[],,,,,,,,,,
136,5,broken,False,104.09397961280092,30.645170190653765,0.0,0.0,0.0,0.0,,,,0.0,0.0,0.0,-0.0,0.0,0.0,0.0,0.0,5.811725686083456,Inactive,Inactive,False,False,0.0,0.0,0.0,False,False,False,False,True,False,,-1,0.0,0.0,27.68249308120603,352.317506918794,368.0000000000001,280.81642479088237,0.0,0,0,1,0,0,0,[],[],[],[],[],[],[],[],[],,,,,,,,,,
137,5,broken,False,104.09397961280092,30.645170190653765,0.0,0.0,0.0,0.0,,,,0.0,0.0,0.0,-0.0,0.0,0.0,0.0,0.0,5.811725686083456,Inactive,Inactive,False,False,0.0,0.0,0.0,False,False,False,False,True,False,,-1,0.0,0.0,27.68249308120603,352.317506918794,368.0000000000001,280.81642479088237,0.0,0,0,1,0,0,0,[],[],[],[],[],[],[],[],[],,,,,,,,,,
138,5,broken,False,104.09397961280092,30.645170190653765,0.0,0.0,0.0,0.0,,,,0.0,0.0,0.0,-0.0,0.0,0.0,0.0,0.0,5.811725686083456,Inactive,Inactive,False,False,0.0,0.0,0.0,False,False,False,False,True,False,,-1,0.0,0.0,27.68249308120603,352.317506918794,368.0000000000001,280.81642479088237,0.0,0,0,1,0,0,0,[],[],[],[],[],[],[],[],[],,,,,,,,,,
139,5,broken,False,104.09397961280092,30.645170190653765,0.0,0.0,0.0,0.0,,,,0.0,0.0,0.0,-0.0,0.0,0.0,0.0,0.0,5.811725686083456,Inactive,Inactive,False,False,0.0,0.0,0.0,False,False,False,False,True,False,,-1,0.0,0.0,27.68249308120603,352.317506918794,368.0000000000001,280.81642479088237,0.0,0,0,1,0,0,0,[],[],[],[],[],[],[],[],[],,,,,,,,,,
140,5,broken,False,104.09397961280092,30.645170190653765,0.0,0.0,0.0,0.0,,,,0.0,0.0,0.0,-0.0,0.0,0.0,0.0,0.0,5.811725686083456,Inactive,Inactive,False,False,0.0,0.0,0.0,False,False,False,False,True,False,,-1,0.0,0.0,27.68249308120603,352.317506918794,368.0000000000001,280.81642479088237,0.0,0,0,2,0,0,0,[],[],[],[],[],[],[],[],[],,,,,,,,,,
141,5,broken,False,104.09397961280092,30.645170190653765,0.0,0.0,0.0,0.0,,,,0.0,0.0,0.0,-0.0,0.0,0.0,0.0,0.0,5.811725686083456,Inactive,Inactive,False,False,0.0,0.0,0.0,False,False,False,False,True,False,,-1,0.0,0.0,27.68249308120603,352.317506918794,368.0000000000001,280.81642479088237,0.0,0,0,1,0,0,0,[],[],[],[],[],[],[],[],[],,,,,,,,,,
142,5,broken,False,104.09397961280092,30.645170190653765,0.0,0.0,0.0,0.0,,,,0.0,0.0,0.0,-0.0,0.0,0.0,0.0,0.0,5.811725686083456,Inactive,Inactive,False,False,0.0,0.0,0.0,False,False,False,False,True,False,,-1,0.0,0.0,27.68249308120603,352.317506918794,368.0000000000001,280.81642479088237,0.0,0,0,0,0,0,0,[],[],[],[],[],[],[],[],[],,,,,,,,,,
143,5,broken,False,104.09397961280092,30.645170190653765,0.0,0.0,0.0,0.0,,,,0.0,0.0,0.0,-0.0,0.0,0.0,0.0,0.0,5.811725686083456,Inactive,Inactive,False,False,0.0,0.0,0.0,False,False,False,False,True,False,,-1,0.0,0.0,27.68249308120603,352.317506918794,368.0000000000001,280.81642479088237,0.0,0,0,0,0,0,0,[],[],[],[],[],[],[],[],[],,,,,,,,,,
144,5,broken,False,104.09397961280092,30.645170190653765,0.0,0.0,0.0,0.0,,,,0.0,0.0,0.0,-0.0,0.0,0.0,0.0,0.0,5.811725686083456,Inactive,Inactive,False,False,0.0,0.0,0.0,False,False,False,False,True,False,,-1,0.0,0.0,27.68249308120603,352.317506918794,368.0000000000001,280.81642479088237,0.0,0,0,0,0,0,0,[],[],[],[],[],[],[],[],[],,,,,,,,,,
145,5,broken,False,104.09397961280092,30.645170190653765,0.0,0.0,0.0,0.0,,,,0.0,0.0,0.0,-0.0,0.0,0.0,0.0,0.0,5.811725686083456,Inactive,Inactive,False,False,0.0,0.0,0.0,False,False,False,False,True,False,,-1,0.0,0.0,27.68249308120603,352.317506918794,368.0000000000001,280.81642479088237,0.0,0,0,1,0,0,0,[],[],[],[],[],[],[],[],[],,,,,,,,,,
146,5,broken,False,104.09397961280092,30.645170190653765,0.0,0.0,0.0,0.0,,,,0.0,0.0,0.0,-0.0,0.0,0.0,0.0,0.0,5.811725686083456,Inactive,Inactive,False,False,0.0,0.0,0.0,False,False,False,False,True,False,,-1,0.0,0.0,27.68249308120603,352.317506918794,368.0000000000001,280.81642479088237,0.0,0,0,0,0,0,0,[],[],[],[],[],[],[],[],[],,,,,,,,,,
147,5,broken,False,104.09397961280092,30.645170190653765,0.0,0.0,0.0,0.0,,,,0.0,0.0,0.0,-0.0,0.0,0.0,0.0,0.0,5.811725686083456,Inactive,Inactive,False,False,0.0,0.0,0.0,False,False,False,False,True,False,,-1,0.0,0.0,27.68249308120603,352.317506918794,368.0000000000001,280.81642479088237,0.0,0,0,0,0,0,0,[],[],[],[],[],[],[],[],[],,,,,,,,,,
148,5,broken,False,104.09397961280092,30.645170190653765,0.0,0.0,0.0,0.0,,,,0.0,0.0,0.0,-0.0,0.0,0.0,0.0,0.0,5.811725686083456,Inactive,Inactive,False,False,0.0,0.0,0.0,False,False,False,False,True,False,,-1,0.0,0.0,27.68249308120603,352.317506918794,368.0000000000001,280.81642479088237,0.0,0,0,0,0,0,0,[],[],[],[],[],[],[],[],[],,,,,,,,,,
149,5,broken,False,104.09397961280092,30.645170190653765,0.0,0.0,0.0,0.0,,,,0.0,0.0,0.0,-0.0,0.0,0.0,0.0,0.0,5.811725686083456,Inactive,Inactive,False,False,0.0,0.0,0.0,False,False,False,False,True,False,,-1,0.0,0.0,27.68249308120603,352.317506918794,368.0000000000001,280.81642479088237,0.0,0,0,0,0,0,0,[],[],[],[],[],[],[],[],[],,,,,,,,,,
150,5,broken,False,104.09397961280092,30.645170190653765,0.0,0.0,0.0,0.0,,,,0.0,0.0,0.0,-0.0,0.0,0.0,0.0,0.0,5.811725686083456,Inactive,Inactive,False,False,0.0,0.0,0.0,False,False,False,False,True,False,,-1,0.0,0.0,27.68249308120603,352.317506918794,368.0000000000001,280.81642479088237,0.0,0,0,0,0,0,0,[],[],[],[],[],[],[],[],[],,,,,,,,,,
151,5,broken,False,104.09397961280092,30.645170190653765,0.0,0.0,0.0,0.0,,,,0.0,0.0,0.0,-0.0,0.0,0.0,0.0,0.0,5.811725686083456,Inactive,Inactive,False,False,0.0,0.0,0.0,False,False,False,False,True,False,,-1,0.0,0.0,27.68249308120603,352.317506918794,368.0000000000001,280.81642479088237,0.0,0,0,0,0,0,0,[],[],[],[],[],[],[],[],[],,,,,,,,,,
152,5,broken,False,104.09397961280092,30.645170190653765,0.0,0.0,0.0,0.0,,,,0.0,0.0,0.0,-0.0,0.0,0.0,0.0,0.0,5.811725686083456,Inactive,Inactive,False,False,0.0,0.0,0.0,False,False,False,False,True,False,,-1,0.0,0.0,27.68249308120603,352.317506918794,368.0000000000001,280.81642479088237,0.0,0,0,0,0,0,0,[],[],[],[],[],[],[],[],[],,,,,,,,,,
153,5,broken,False,104.09397961280092,30.645170190653765,0.0,0.0,0.0,0.0,,,,0.0,0.0,0.0,-0.0,0.0,0.0,0.0,0.0,5.811725686083456,Inactive,Inactive,False,False,0.0,0.0,0.0,False,False,False,False,True,False,,-1,0.0,0.0,27.68249308120603,352.317506918794,368.0000000000001,280.81642479088237,0.0,0,0,0,1,0,0,[],[],[],[],[],[],[],[],[],,,,,,,,,,
154,5,broken,False,104.09397961280092,30.645170190653765,0.0,0.0,0.0,0.0,,,,0.0,0.0,0.0,-0.0,0.0,0.0,0.0,0.0,5.811725686083456,Inactive,Inactive,False,False,0.0,0.0,0.0,False,False,False,False,True,False,,-1,0.0,0.0,27.68249308120603,352.317506918794,368.0000000000001,280.81642479088237,0.0,0,0,3,0,0,0,[],[],[],[],[],[],[],[],[],,,,,,,,,,
155,5,broken,False,104.09397961280092,30.645170190653765,0.0,0.0,0.0,0.0,,,,0.0,0.0,0.0,-0.0,0.0,0.0,0.0,0.0,5.811725686083456,Inactive,Inactive,False,False,0.0,0.0,0.0,False,False,False,False,True,False,,-1,0.0,0.0,27.68249308120603,352.317506918794,368.0000000000001,280.81642479088237,0.0,0,0,1,0,0,0,[],[],[],[],[],[],[],[],[],,,,,,,,,,
156,5,broken,False,104.09397961280092,30.645170190653765,0.0,0.0,0.0,0.0,,,,0.0,0.0,0.0,-0.0,0.0,0.0,0.0,0.0,5.811725686083456,Inactive,Inactive,False,False,0.0,0.0,0.0,False,False,False,False,True,False,,-1,0.0,0.0,27.68249308120603,352.317506918794,368.0000000000001,280.81642479088237,0.0,0,0,1,0,0,0,[],[],[],[],[],[],[],[],[],,,,,,,,,,
157,5,broken,False,104.09397961280092,30.645170190653765,0.0,0.0,0.0,0.0,,,,0.0,0.0,0.0,-0.0,0.0,0.0,0.0,0.0,5.811725686083456,Inactive,Inactive,False,False,0.0,0.0,0.0,False,False,False,False,True,False,,-1,0.0,0.0,27.68249308120603,352.317506918794,368.0000000000001,280.81642479088237,0.0,0,0,0,0,0,0,[],[],[],[],[],[],[],[],[],,,,,,,,,,
158,5,broken,False,104.09397961280092,30.645170190653765,0.0,0.0,0.0,0.0,,,,0.0,0.0,0.0,-0.0,0.0,0.0,0.0,0.0,5.811725686083456,Inactive,Inactive,False,False,0.0,0.0,0.0,False,False,False,False,True,False,,-1,0.0,0.0,27.68249308120603,352.317506918794,368.0000000000001,280.81642479088237,0.0,0,0,0,0,0,0,[],[],[],[],[],[],[],[],[],,,,,,,,,,
159,5,broken,False,104.09397961280092,30.645170190653765,0.0,0.0,0.0,0.0,,,,0.0,0.0,0.0,-0.0,0.0,0.0,0.0,0.0,5.811725686083456,Inactive,Inactive,False,False,0.0,0.0,0.0,False,False,False,False,True,False,,-1,0.0,0.0,27.68249308120603,352.317506918794,368.0000000000001,280.81642479088237,0.0,0,0,0,0,0,0,[],[],[],[],[],[],[],[],[],,,,,,,,,,
160,5,broken,False,104.09397961280092,30.645170190653765,0.0,0.0,0.0,0.0,,,,0.0,0.0,0.0,-0.0,0.0,0.0,0.0,0.0,5.811725686083456,Inactive,Inactive,False,False,0.0,0.0,0.0,False,False,False,False,True,False,,-1,0.0,0.0,27.68249308120603,352.317506918794,368.0000000000001,280.81642479088237,0.0,0,0,0,0,0,0,[],[],[],[],[],[],[],[],[],,,,,,,,,,
161,5,broken,False,104.09397961280092,30.645170190653765,0.0,0.0,0.0,0.0,,,,0.0,0.0,0.0,-0.0,0.0,0.0,0.0,0.0,5.811725686083456,Inactive,Inactive,False,False,0.0,0.0,0.0,False,False,False,False,True,False,,-1,0.0,0.0,27.68249308120603,352.317506918794,368.0000000000001,280.81642479088237,0.0,0,0,0,0,0,0,[],[],[],[],[],[],[],[],[],,,,,,,,,,
162,5,broken,False,104.09397961280092,30.645170190653765,0.0,0.0,0.0,0.0,,,,0.0,0.0,0.0,-0.0,0.0,0.0,0.0,0.0,5.811725686083456,Inactive,Inactive,False,False,0.0,0.0,0.0,False,False,False,False,True,False,,-1,0.0,0.0,27.68249308120603,352.317506918794,368.0000000000001,280.81642479088237,0.0,0,0,1,0,0,0,[],[],[],[],[],[],[],[],[],,,,,,,,,,
163,5,broken,False,104.09397961280092,30.645170190653765,0.0,0.0,0.0,0.0,,,,0.0,0.0,0.0,-0.0,0.0,0.0,0.0,0.0,5.811725686083456,Inactive,Inactive,False,False,0.0,0.0,0.0,False,False,False,False,True,False,,-1,0.0,0.0,27.68249308120603,352.317506918794,368.0000000000001,280.81642479088237,0.0,0,0,0,0,0,0,[],[],[],[],[],[],[],[],[],,,,,,,,,,
164,5,broken,False,104.09397961280092,30.645170190653765,0.0,0.0,0.0,0.0,,,,0.0,0.0,0.0,-0.0,0.0,0.0,0.0,0.0,5.811725686083456,Inactive,Inactive,False,False,0.0,0.0,0.0,False,False,False,False,True,False,,-1,0.0,0.0,27.68249308120603,352.317506918794,368.0000000000001,280.81642479088237,0.0,0,0,0,0,0,0,[],[],[],[],[],[],[],[],[],,,,,,,,,,
165,5,broken,False,104.09397961280092,30.645170190653765,0.0,0.0,0.0,0.0,,,,0.0,0.0,0.0,-0.0,0.0,0.0,0.0,0.0,5.811725686083456,Inactive,Inactive,False,False,0.0,0.0,0.0,False,False,False,False,True,False,,-1,0.0,0.0,27.68249308120603,352.317506918794,368.0000000000001,280.81642479088237,0.0,0,0,0,0,0,0,[],[],[],[],[],[],[],[],[],,,,,,,,,,
166,5,broken,False,104.09397961280092,30.645170190653765,0.0,0.0,0.0,0.0,,,,0.0,0.0,0.0,-0.0,0.0,0.0,0.0,0.0,5.811725686083456,Inactive,Inactive,False,False,0.0,0.0,0.0,False,False,False,False,True,False,,-1,0.0,0.0,27.68249308120603,352.317506918794,368.0000000000001,280.81642479088237,0.0,0,0,0,0,0,0,[],[],[],[],[],[],[],[],[],,,,,,,,,,
167,5,broken,False,104.09397961280092,30.645170190653765,0.0,0.0,0.0,0.0,,,,0.0,0.0,0.0,-0.0,0.0,0.0,0.0,0.0,5.811725686083456,Inactive,Inactive,False,False,0.0,0.0,0.0,False,False,False,False,True,False,,-1,0.0,0.0,27.68249308120603,352.317506918794,368.0000000000001,280.81642479088237,0.0,0,0,0,0,0,0,[],[],[],[],[],[],[],[],[],,,,,,,,,,
168,5,broken,False,104.09397961280092,30.645170190653765,0.0,0.0,0.0,0.0,,,,0.0,0.0,0.0,-0.0,0.0,0.0,0.0,0.0,5.811725686083456,Inactive,Inactive,False,False,0.0,0.0,0.0,False,False,False,False,True,False,,-1,0.0,0.0,27.68249308120603,352.317506918794,368.0000000000001,280.81642479088237,0.0,0,0,1,0,0,0,[],[],[],[],[],[],[],[],[],,,,,,,,,,
169,5,broken,False,104.09397961280092,30.645170190653765,0.0,0.0,0.0,0.0,,,,0.0,0.0,0.0,-0.0,0.0,0.0,0.0,0.0,5.811725686083456,Inactive,Inactive,False,False,0.0,0.0,0.0,False,False,False,False,True,False,,-1,0.0,0.0,27.68249308120603,352.317506918794,368.0000000000001,280.81642479088237,0.0,0,0,0,0,0,0,[],[],[],[],[],[],[],[],[],,,,,,,,,,
170,5,broken,False,104.09397961280092,30.645170190653765,0.0,0.0,0.0,0.0,,,,0.0,0.0,0.0,-0.0,0.0,0.0,0.0,0.0,5.811725686083456,Inactive,Inactive,False,False,0.0,0.0,0.0,False,False,False,False,True,False,,-1,0.0,0.0,27.68249308120603,352.317506918794,368.0000000000001,280.81642479088237,0.0,0,0,0,0,0,0,[],[],[],[],[],[],[],[],[],,,,,,,,,,
171,5,broken,False,104.09397961280092,30.645170190653765,0.0,0.0,0.0,0.0,,,,0.0,0.0,0.0,-0.0,0.0,0.0,0.0,0.0,5.811725686083456,Inactive,Inactive,False,False,0.0,0.0,0.0,False,False,False,False,True,False,,-1,0.0,0.0,27.68249308120603,352.317506918794,368.0000000000001,280.81642479088237,0.0,0,0,0,0,0,0,[],[],[],[],[],[],[],[],[],,,,,,,,,,
172,5,broken,False,104.09397961280092,30.645170190653765,0.0,0.0,0.0,0.0,,,,0.0,0.0,0.0,-0.0,0.0,0.0,0.0,0.0,5.811725686083456,Inactive,Inactive,False,False,0.0,0.0,0.0,False,False,False,False,True,False,,-1,0.0,0.0,27.68249308120603,352.317506918794,368.0000000000001,280.81642479088237,0.0,0,0,0,0,0,0,[],[],[],[],[],[],[],[],[],,,,,,,,,,
173,5,broken,False,104.09397961280092,30.645170190653765,0.0,0.0,0.0,0.0,,,,0.0,0.0,0.0,-0.0,0.0,0.0,0.0,0.0,5.811725686083456,Inactive,Inactive,False,False,0.0,0.0,0.0,False,False,False,False,True,False,,-1,0.0,0.0,27.68249308120603,352.317506918794,368.0000000000001,280.81642479088237,0.0,0,0,3,0,0,0,[],[],[],[],[],[],[],[],[],,,,,,,,,,
174,5,broken,False,104.09397961280092,30.645170190653765,0.0,0.0,0.0,0.0,,,,0.0,0.0,0.0,-0.0,0.0,0.0,0.0,0.0,5.811725686083456,Inactive,Inactive,False,False,0.0,0.0,0.0,False,False,False,False,True,False,,-1,0.0,0.0,27.68249308120603,352.317506918794,368.0000000000001,280.81642479088237,0.0,0,0,3,0,0,0,[],[],[],[],[],[],[],[],[],,,,,,,,,,
175,5,broken,False,104.09397961280092,30.645170190653765,0.0,0.0,0.0,0.0,,,,0.0,0.0,0.0,-0.0,0.0,0.0,0.0,0.0,5.811725686083456,Inactive,Inactive,False,False,0.0,0.0,0.0,False,False,False,False,True,False,,-1,0.0,0.0,27.68249308120603,352.317506918794,368.0000000000001,280.81642479088237,0.0,0,0,3,0,0,0,[],[],[],[],[],[],[],[],[],,,,,,,,,,
176,5,broken,False,104.09397961280092,30.645170190653765,0.0,0.0,0.0,0.0,,,,0.0,0.0,0.0,-0.0,0.0,0.0,0.0,0.0,5.811725686083456,Inactive,Inactive,False,False,0.0,0.0,0.0,False,False,False,False,True,False,,-1,0.0,0.0,27.68249308120603,352.317506918794,368.0000000000001,280.81642479088237,0.0,0,0,0,0,0,0,[],[],[],[],[],[],[],[],[],,,,,,,,,,
177,5,broken,False,104.09397961280092,30.645170190653765,0.0,0.0,0.0,0.0,,,,0.0,0.0,0.0,-0.0,0.0,0.0,0.0,0.0,5.811725686083456,Inactive,Inactive,False,False,0.0,0.0,0.0,False,False,False,False,True,False,,-1,0.0,0.0,27.68249308120603,352.317506918794,368.0000000000001,280.81642479088237,0.0,0,0,0,0,0,0,[],[],[],[],[],[],[],[],[],,,,,,,,,,
178,5,broken,False,104.09397961280092,30.645170190653765,0.0,0.0,0.0,0.0,,,,0.0,0.0,0.0,-0.0,0.0,0.0,0.0,0.0,5.811725686083456,Inactive,Inactive,False,False,0.0,0.0,0.0,False,False,False,False,True,False,,-1,0.0,0.0,27.68249308120603,352.317506918794,368.0000000000001,280.81642479088237,0.0,0,0,0,0,0,0,[],[],[],[],[],[],[],[],[],,,,,,,,,,
179,5,broken,False,104.09397961280092,30.645170190653765,0.0,0.0,0.0,0.0,,,,0.0,0.0,0.0,-0.0,0.0,0.0,0.0,0.0,5.811725686083456,Inactive,Inactive,False,False,0.0,0.0,0.0,False,False,False,False,True,False,,-1,0.0,0.0,27.68249308120603,352.317506918794,368.0000000000001,280.81642479088237,0.0,0,0,0,0,0,0,[],[],[],[],[],[],[],[],[],,,,,,,,,,
180,5,broken,False,104.09397961280092,30.645170190653765,0.0,0.0,0.0,0.0,,,,0.0,0.0,0.0,-0.0,0.0,0.0,0.0,0.0,5.811725686083456,Inactive,Inactive,False,False,0.0,0.0,0.0,False,False,False,False,True,False,,-1,0.0,0.0,27.68249308120603,352.317506918794,368.0000000000001,280.81642479088237,0.0,0,0,0,0,0,0,[],[],[],[],[],[],[],[],[],,,,,,,,,,
181,5,broken,False,104.09397961280092,30.645170190653765,0.0,0.0,0.0,0.0,,,,0.0,0.0,0.0,-0.0,0.0,0.0,0.0,0.0,5.811725686083456,Inactive,Inactive,False,False,0.0,0.0,0.0,False,False,False,False,True,False,,-1,0.0,0.0,27.68249308120603,352.317506918794,368.0000000000001,280.81642479088237,0.0,0,0,0,0,0,0,[],[],[],[],[],[],[],[],[],,,,,,,,,,
182,5,broken,False,104.09397961280092,30.645170190653765,0.0,0.0,0.0,0.0,,,,0.0,0.0,0.0,-0.0,0.0,0.0,0.0,0.0,5.811725686083456,Inactive,Inactive,False,False,0.0,0.0,0.0,False,False,False,False,True,False,,-1,0.0,0.0,27.68249308120603,352.317506918794,368.0000000000001,280.81642479088237,0.0,0,0,0,0,0,0,[],[],[],[],[],[],[],[],[],,,,,,,,,,
183,5,broken,False,104.09397961280092,30.645170190653765,0.0,0.0,0.0,0.0,,,,0.0,0.0,0.0,-0.0,0.0,0.0,0.0,0.0,5.811725686083456,Inactive,Inactive,False,False,0.0,0.0,0.0,False,False,False,False,True,False,,-1,0.0,0.0,27.68249308120603,352.317506918794,368.0000000000001,280.81642479088237,0.0,0,0,0,0,0,0,[],[],[],[],[],[],[],[],[],,,,,,,,,,
184,5,broken,False,104.09397961280092,30.645170190653765,0.0,0.0,0.0,0.0,,,,0.0,0.0,0.0,-0.0,0.0,0.0,0.0,0.0,5.811725686083456,Inactive,Inactive,False,False,0.0,0.0,0.0,False,False,False,False,True,False,,-1,0.0,0.0,27.68249308120603,352.317506918794,368.0000000000001,280.81642479088237,0.0,0,0,0,0,0,0,[],[],[],[],[],[],[],[],[],,,,,,,,,,
185,5,broken,False,104.09397961280092,30.645170190653765,0.0,0.0,0.0,0.0,,,,0.0,0.0,0.0,-0.0,0.0,0.0,0.0,0.0,5.811725686083456,Inactive,Inactive,False,False,0.0,0.0,0.0,False,False,False,False,True,False,,-1,0.0,0.0,27.68249308120603,352.317506918794,368.0000000000001,280.81642479088237,0.0,0,0,0,0,0,0,[],[],[],[],[],[],[],[],[],,,,,,,,,,
186,5,broken,False,104.09397961280092,30.645170190653765,0.0,0.0,0.0,0.0,,,,0.0,0.0,0.0,-0.0,0.0,0.0,0.0,0.0,5.811725686083456,Inactive,Inactive,False,False,0.0,0.0,0.0,False,False,False,False,True,False,,-1,0.0,0.0,27.68249308120603,352.317506918794,368.0000000000001,280.81642479088237,0.0,0,0,0,0,0,0,[],[],[],[],[],[],[],[],[],,,,,,,,,,
187,5,broken,False,104.09397961280092,30.645170190653765,0.0,0.0,0.0,0.0,,,,0.0,0.0,0.0,-0.0,0.0,0.0,0.0,0.0,5.811725686083456,Inactive,Inactive,False,False,0.0,0.0,0.0,False,False,False,False,True,False,,-1,0.0,0.0,27.68249308120603,352.317506918794,368.0000000000001,280.81642479088237,0.0,0,0,0,0,0,0,[],[],[],[],[],[],[],[],[],,,,,,,,,,
188,5,broken,False,104.09397961280092,30.645170190653765,0.0,0.0,0.0,0.0,,,,0.0,0.0,0.0,-0.0,0.0,0.0,0.0,0.0,5.811725686083456,Inactive,Inactive,False,False,0.0,0.0,0.0,False,False,False,False,True,False,,-1,0.0,0.0,27.68249308120603,352.317506918794,368.0000000000001,280.81642479088237,0.0,0,0,0,0,0,0,[],[],[],[],[],[],[],[],[],,,,,,,,,,
189,5,broken,False,104.09397961280092,30.645170190653765,0.0,0.0,0.0,0.0,,,,0.0,0.0,0.0,-0.0,0.0,0.0,0.0,0.0,5.811725686083456,Inactive,Inactive,False,False,0.0,0.0,0.0,False,False,False,False,True,False,,-1,0.0,0.0,27.68249308120603,352.317506918794,368.0000000000001,280.81642479088237,0.0,0,0,0,0,0,0,[],[],[],[],[],[],[],[],[],,,,,,,,,,
190,5,broken,False,104.09397961280092,30.645170190653765,0.0,0.0,0.0,0.0,,,,0.0,0.0,0.0,-0.0,0.0,0.0,0.0,0.0,5.811725686083456,Inactive,Inactive,False,False,0.0,0.0,0.0,False,False,False,False,True,False,,-1,0.0,0.0,27.68249308120603,352.317506918794,368.0000000000001,280.81642479088237,0.0,0,0,0,0,0,0,[],[],[],[],[],[],[],[],[],,,,,,,,,,
191,5,broken,False,104.09397961280092,30.645170190653765,0.0,0.0,0.0,0.0,,,,0.0,0.0,0.0,-0.0,0.0,0.0,0.0,0.0,5.811725686083456,Inactive,Inactive,False,False,0.0,0.0,0.0,False,False,False,False,True,False,,-1,0.0,0.0,27.68249308120603,352.317506918794,368.0000000000001,280.81642479088237,0.0,0,0,0,0,0,0,[],[],[],[],[],[],[],[],[],,,,,,,,,,
192,5,broken,False,104.09397961280092,30.645170190653765,0.0,0.0,0.0,0.0,,,,0.0,0.0,0.0,-0.0,0.0,0.0,0.0,0.0,5.811725686083456,Inactive,Inactive,False,False,0.0,0.0,0.0,False,False,False,False,True,False,,-1,0.0,0.0,27.68249308120603,352.317506918794,368.0000000000001,280.81642479088237,0.0,0,0,0,0,0,0,[],[],[],[],[],[],[],[],[],,,,,,,,,,
193,5,broken,False,104.09397961280092,30.645170190653765,0.0,0.0,0.0,0.0,,,,0.0,0.0,0.0,-0.0,0.0,0.0,0.0,0.0,5.811725686083456,Inactive,Inactive,False,False,0.0,0.0,0.0,False,False,False,False,True,False,,-1,0.0,0.0,27.68249308120603,352.317506918794,368.0000000000001,280.81642479088237,0.0,0,0,0,0,0,0,[],[],[],[],[],[],[],[],[],,,,,,,,,,
194,5,broken,False,104.09397961280092,30.645170190653765,0.0,0.0,0.0,0.0,,,,0.0,0.0,0.0,-0.0,0.0,0.0,0.0,0.0,5.811725686083456,Inactive,Inactive,False,False,0.0,0.0,0.0,False,False,False,False,True,False,,-1,0.0,0.0,27.68249308120603,352.317506918794,368.0000000000001,280.81642479088237,0.0,0,0,0,0,0,0,[],[],[],[],[],[],[],[],[],,,,,,,,,,
195,5,broken,False,104.09397961280092,30.645170190653765,0.0,0.0,0.0,0.0,,,,0.0,0.0,0.0,-0.0,0.0,0.0,0.0,0.0,5.811725686083456,Inactive,Inactive,False,False,0.0,0.0,0.0,False,False,False,False,True,False,,-1,0.0,0.0,27.68249308120603,352.317506918794,368.0000000000001,280.81642479088237,0.0,0,0,0,0,0,0,[],[],[],[],[],[],[],[],[],,,,,,,,,,
196,5,broken,False,104.09397961280092,30.645170190653765,0.0,0.0,0.0,0.0,,,,0.0,0.0,0.0,-0.0,0.0,0.0,0.0,0.0,5.811725686083456,Inactive,Inactive,False,False,0.0,0.0,0.0,False,False,False,False,True,False,,-1,0.0,0.0,27.68249308120603,352.317506918794,368.0000000000001,280.81642479088237,0.0,0,0,0,0,0,0,[],[],[],[],[],[],[],[],[],,,,,,,,,,
197,5,broken,False,104.09397961280092,30.645170190653765,0.0,0.0,0.0,0.0,,,,0.0,0.0,0.0,-0.0,0.0,0.0,0.0,0.0,5.811725686083456,Inactive,Inactive,False,False,0.0,0.0,0.0,False,False,False,False,True,False,,-1,0.0,0.0,27.68249308120603,352.317506918794,368.0000000000001,280.81642479088237,0.0,0,0,0,0,0,0,[],[],[],[],[],[],[],[],[],,,,,,,,,,
198,5,broken,False,104.09397961280092,30.645170190653765,0.0,0.0,0.0,0.0,,,,0.0,0.0,0.0,-0.0,0.0,0.0,0.0,0.0,5.811725686083456,Inactive,Inactive,False,False,0.0,0.0,0.0,False,False,False,False,True,False,,-1,0.0,0.0,27.68249308120603,352.317506918794,368.0000000000001,280.81642479088237,0.0,0,0,0,0,0,0,[],[],[],[],[],[],[],[],[],,,,,,,,,,
199,5,broken,False,104.09397961280092,30.645170190653765,0.0,0.0,0.0,0.0,,,,0.0,0.0,0.0,-0.0,0.0,0.0,0.0,0.0,5.811725686083456,Inactive,Inactive,False,False,0.0,0.0,0.0,False,False,False,False,True,False,,-1,0.0,0.0,27.68249308120603,352.317506918794,368.0000000000001,280.81642479088237,0.0,0,0,0,0,0,0,[],[],[],[],[],[],[],[],[],,,,,,,,,,
200,5,broken,False,104.09397961280092,30.645170190653765,0.0,0.0,0.0,0.0,,,,0.0,0.0,0.0,-0.0,0.0,0.0,0.0,0.0,5.811725686083456,Inactive,Inactive,False,False,0.0,0.0,0.0,False,False,False,False,True,False,,-1,0.0,0.0,27.68249308120603,352.317506918794,368.0000000000001,280.81642479088237,0.0,0,0,0,0,0,0,[],[],[],[],[],[],[],[],[],,,,,,,,,,
