episode,scenario_seed,steps,option_count,serve_option_count,recharge_option_count,wait_option_count,recharge_match_count,recharge_match_rate,avg_option_duration,episode_reward,avg_reward,charge_success_rate,charge_success_count,charge_failure_count,total_mcs_profit,avg_mcs_profit,total_mcs_cost,avg_mcs_cost,total_mcs_energy_consumed_kwh,avg_mcs_energy_consumed_kwh,total_mcs_charged_kwh,avg_mcs_charged_kwh,total_mcs_idle_time_min,avg_mcs_idle_time_min,broken_mcs_count,avg_reward_service,avg_reward_serve_attraction,avg_reward_serve_competition,avg_reward_serve_potential_improvement,avg_reward_recharge,avg_reward_movement,avg_reward_wait,avg_reward_recharge_match_failure,avg_reward_broken,avg_reward_battery_potential,actor_loss,high_actor_loss,low_actor_loss,critic_loss,high_entropy,low_entropy,update_index,episodes_in_update,update_sample_count,update_avg_reward,training_device,peak_cuda_memory_mb
1,42,200,1178,364,272,542,272,1.0,1.6298811544991512,-0.5640477579080815,-0.00028202387895404074,0.7813620071684588,218,61,2950.6873320548934,295.06873320548937,5767.0505445935,576.70505445935,219.37738500651886,21.937738500651886,3717.173997290504,371.7173997290504,4530.0,453.0,1,0.04438960161544294,0.06080426753447355,-0.06789964246831769,0.010066149316366901,0.0009375978143094668,-0.0067543493748561025,-0.0036230203768530256,0.0,-0.001,0.00039779049089472333,0.07545685580698773,-0.0013679211144335568,0.07682477692142128,0.03792623924091458,0.7987123683094979,1.4439399689435959,1,8,7897,-0.003084473802668995,cuda,29.01904296875
2,43,200,923,348,125,450,123,0.984,1.7746478873239437,-4.166580459442252,-0.002083290229721126,0.7292418772563177,202,75,3266.1390682258166,326.61390682258167,5760.742807439305,576.0742807439304,180.17524703808223,18.017524703808224,4112.901316161473,411.2901316161473,4000.0,400.0,4,0.04573393578277973,0.04398293424379808,-0.03796178040389722,0.007111112407893861,0.0022590852026819993,-0.006121169617638623,-0.002568217339947171,-5e-05,-0.004,0.0009095146313399936,0.07545685580698773,-0.0013679211144335568,0.07682477692142128,0.03792623924091458,0.7987123683094979,1.4439399689435959,1,8,7897,-0.003084473802668995,cuda,29.01904296875
3,44,200,888,369,102,417,101,0.9901960784313726,1.8412162162162162,-10.657278663299943,-0.005328639331649971,0.7813620071684588,218,61,3393.6608515279645,339.3660851527965,5776.35885147441,577.635885147441,175.5882704604204,17.55882704604204,4274.736759051221,427.47367590512215,3935.0,393.5,5,0.0491327439717864,0.04892681227466199,-0.061478729469343116,0.0004738681265418017,0.0013044097352463663,-0.005999427631866151,-0.002882695451235564,-2.5e-05,-0.005,0.0005478489722587666,0.07545685580698773,-0.0013679211144335568,0.07682477692142128,0.03792623924091458,0.7987123683094979,1.4439399689435959,1,8,7897,-0.003084473802668995,cuda,29.01904296875
4,45,200,783,290,109,384,109,1.0,1.8352490421455938,-8.101802939633242,-0.0040509014698166205,0.7986111111111112,230,58,3065.5061531275333,306.55061531275334,4948.716196183072,494.87161961830714,132.2715781844314,13.22715781844314,3860.6760444299894,386.0676044429989,3370.0,337.0,6,0.040498008284982595,0.04154485416063223,-0.04792381789073828,0.004140228075983984,0.001918958071843459,-0.003955843485226259,-0.003199297946075139,0.0,-0.006,0.0007412611170143114,0.07545685580698773,-0.0013679211144335568,0.07682477692142128,0.03792623924091458,0.7987123683094979,1.4439399689435959,1,8,7897,-0.003084473802668995,cuda,29.01904296875
5,46,200,1073,372,238,463,238,1.0,1.587138863000932,-7.6345494953426485,-0.0038172747476713244,0.6897810218978102,189,85,2880.730206856874,288.07302068568737,5150.037720754603,515.0037720754602,185.42846849088662,18.54284684908866,3628.0613465581546,362.80613465581547,4175.0,417.5,3,0.03944949610820913,0.04450653382205803,-0.049448584600460706,0.0014719384513331244,0.0009344336300295092,-0.005951956309315053,-0.002932757797849231,0.0,-0.003,0.00036886397985658593,0.07545685580698773,-0.0013679211144335568,0.07682477692142128,0.03792623924091458,0.7987123683094979,1.4439399689435959,1,8,7897,-0.003084473802668995,cuda,29.01904296875
6,47,200,789,342,62,385,62,1.0,1.567807351077313,-14.411064617950755,-0.007205532308975377,0.5531914893617021,156,126,2632.5556797432646,263.2555679743265,3598.559447873604,359.8559447873604,137.00629013031687,13.700629013031687,3312.0933647906854,331.20933647906855,3635.0,363.5,8,0.030558061249348182,0.041684351504274436,-0.030600496886988227,0.0021400025756595554,0.00027761114954956184,-0.005295397858990517,-0.002691317124343757,0.0,-0.008,0.00011461597839414768,0.07545685580698773,-0.0013679211144335568,0.07682477692142128,0.03792623924091458,0.7987123683094979,1.4439399689435959,1,8,7897,-0.003084473802668995,cuda,29.01904296875
7,48,200,1062,325,236,501,221,0.9364406779661016,1.753295668549906,-2.876284857072359,-0.0014381424285361795,0.7096774193548387,198,81,3281.8390420384567,328.18390420384566,6416.699611492198,641.6699611492197,181.10369803801407,18.110369803801408,4129.333559144609,412.93335591446095,4205.0,420.5,2,0.04290802592442256,0.04218881982299117,-0.049233972276342436,0.004801814805945182,0.0025066894398471902,-0.005826805139165336,-0.002754633659396048,-0.00037500000000000006,-0.002,0.0009922502776287814,0.07545685580698773,-0.0013679211144335568,0.07682477692142128,0.03792623924091458,0.7987123683094979,1.4439399689435959,1,8,7897,-0.003084473802668995,cuda,29.01904296875
8,49,200,1201,376,308,517,308,1.0,1.552872606161532,-0.9399720520546395,-0.00046998602602731977,0.7366548042704626,207,74,2789.010774131447,278.90107741314466,5503.758333020223,550.3758333020223,217.9822149202269,21.79822149202269,3514.1703673083207,351.4170367308321,4465.0,446.5,1,0.04086606411994411,0.04986826848724881,-0.05945717309714669,0.007102598039669164,0.0015995642825189793,-0.00688040668982105,-0.00235111904897303,0.0,-0.001,0.00062750678513282,0.07545685580698773,-0.0013679211144335568,0.07682477692142128,0.03792623924091458,0.7987123683094979,1.4439399689435959,1,8,7897,-0.003084473802668995,cuda,29.01904296875
9,50,200,923,267,169,487,169,1.0,1.7540628385698809,-5.543239334561275,-0.0027716196672806378,0.7420494699646644,210,73,3079.805385619957,307.98053856199573,5296.242093782103,529.6242093782104,153.48155493001556,15.348155493001556,3880.6236634023503,388.06236634023503,3770.0,377.0,4,0.046064746658901756,0.04549444758419703,-0.042263563946812646,0.0054007817661249555,0.0015532006323444288,-0.004474701766820258,-0.003594869880841904,0.0,-0.004,0.0006509415307586581,0.10186322353547439,-0.0035120399785228073,0.1053752635139972,0.0296817219350487,0.7853039100766182,1.3817413955926896,2,8,8050,-0.003171422773864201,cuda,27.9580078125
10,51,200,1206,353,243,610,239,0.9835390946502057,1.5945273631840795,-3.631955943819487,-0.0018159779719097435,0.6762589928057554,188,90,2967.826981994581,296.7826981994581,5701.025921267106,570.1025921267106,190.43523075718966,19.043523075718966,3736.2169946980316,373.62169946980316,4835.0,483.5,1,0.04338495128995509,0.04978132926851424,-0.05745375481566924,0.0032689742588085068,0.0014966418272293297,-0.006102808900203331,-0.00337462087404728,-0.0001,-0.001,0.0006464092746339014,0.10186322353547439,-0.0035120399785228073,0.1053752635139972,0.0296817219350487,0.7853039100766182,1.3817413955926896,2,8,8050,-0.003171422773864201,cuda,27.9580078125
11,52,200,1112,303,291,518,285,0.979381443298969,1.670863309352518,-5.961975930748624,-0.002980987965374312,0.6892857142857143,193,87,2934.587382243819,293.4587382243819,5735.162488393969,573.5162488393969,188.63438410991282,18.863438410991282,3695.842171136318,369.5842171136318,4135.0,413.5,2,0.04396708040720762,0.05748944556313434,-0.071944642755378,0.0034834662216150745,0.000900870931496121,-0.005751203220363587,-0.004275018973168122,-0.00015,-0.002,0.00038016144591763063,0.10186322353547439,-0.0035120399785228073,0.1053752635139972,0.0296817219350487,0.7853039100766182,1.3817413955926896,2,8,8050,-0.003171422773864201,cuda,27.9580078125
12,53,200,977,251,255,471,247,0.9686274509803922,1.9375639713408392,-2.398492365185382,-0.001199246182592691,0.8321167883211679,228,46,3658.6064303859403,365.86064303859405,7252.957799740544,725.2957799740544,185.509514501475,18.5509514501475,4607.089112354669,460.70891123546687,3650.0,365.0,1,0.04939828341676719,0.04145470171510541,-0.0425545407661111,0.002705600133042861,0.002218414688981724,-0.005091760530573619,-0.002829387311901726,-0.00019999999999999998,-0.001,0.0008909379647763373,0.10186322353547439,-0.0035120399785228073,0.1053752635139972,0.0296817219350487,0.7853039100766182,1.3817413955926896,2,8,8050,-0.003171422773864201,cuda,27.9580078125
13,54,200,1022,259,247,516,247,1.0,1.687866927592955,-4.141483336527984,-0.002070741668263992,0.7335766423357665,201,73,2881.2758465771312,288.1275846577131,5589.171063702514,558.9171063702514,170.06678511370035,17.006678511370033,3627.4028396309127,362.74028396309126,3875.0,387.5,2,0.04039549745594507,0.04070935351853229,-0.03551701013207803,0.004023065679261279,0.0010911359453693076,-0.004905686127966613,-0.0032705535112224696,0.0,-0.002,0.00048565574958610655,0.10186322353547439,-0.0035120399785228073,0.1053752635139972,0.0296817219350487,0.7853039100766182,1.3817413955926896,2,8,8050,-0.003171422773864201,cuda,27.9580078125
14,55,200,965,298,209,458,209,1.0,1.6642487046632124,-8.547359215362281,-0.0042736796076811405,0.6509090909090909,179,96,2905.1731126410773,290.5173112641077,4907.453342124794,490.7453342124794,160.70063360631744,16.070063360631742,3656.457705221679,365.64577052216794,3780.0,378.0,5,0.041929851958006664,0.04652889401781293,-0.049485747927307894,0.0043331263815234895,0.0008266798468916923,-0.005040248563194403,-0.0033461915517218085,0.0,-0.005,0.0003508792461510064,0.10186322353547439,-0.0035120399785228073,0.1053752635139972,0.0296817219350487,0.7853039100766182,1.3817413955926896,2,8,8050,-0.003171422773864201,cuda,27.9580078125
15,56,200,868,276,147,445,147,1.0,1.6808755760368663,-9.714711934522473,-0.004857355967261236,0.5444839857651246,153,128,2925.019673106729,292.5019673106729,4686.878430570462,468.6878430570462,145.85484253781996,14.585484253781996,3683.4441765687197,368.344417656872,3605.0,360.5,6,0.036592141190794986,0.02693014920980509,-0.03557071843649706,0.003498881365637765,0.0004975115976804485,-0.004544878165745508,-0.0020940657995459533,0.0,-0.006,0.00020334671864133562,0.10186322353547439,-0.0035120399785228073,0.1053752635139972,0.0296817219350487,0.7853039100766182,1.3817413955926896,2,8,8050,-0.003171422773864201,cuda,27.9580078125
16,57,200,977,355,53,569,53,1.0,1.4912998976458547,-10.803546321099711,-0.005401773160549856,0.56,154,121,2803.5098301062717,280.35098301062715,3902.2757437863356,390.22757437863356,152.3606417689053,15.236064176890531,3527.89667752437,352.78966775243697,4620.0,462.0,7,0.034591483565046474,0.02881828081624775,-0.025701254633376355,0.005112297377359202,0.0006374435929727638,-0.005859853309014087,-0.0020487174026775725,0.0,-0.007,0.0002727541883276369,0.10186322353547439,-0.0035120399785228073,0.1053752635139972,0.0296817219350487,0.7853039100766182,1.3817413955926896,2,8,8050,-0.003171422773864201,cuda,27.9580078125
17,58,200,963,217,304,442,297,0.9769736842105263,1.9615784008307373,-3.612726852342474,-0.0018063634261712368,0.8262411347517731,233,49,3623.726191090562,362.37261910905625,7073.80126739862,707.380126739862,162.71561449312622,16.27156144931262,4565.073182796504,456.50731827965035,3330.0,333.0,2,0.05380295813437425,0.03550714922465758,-0.03442915140871072,0.0036276425937289644,0.001373796806889949,-0.003833835874352306,-0.003168888791659285,-0.000175,-0.002,0.0005920167234615314,0.0800462959916331,-0.0037694234400987626,0.08381571943173186,0.023642641911283135,0.7602215364575386,1.4200668394565583,3,8,8047,-0.0028540080426375557,cuda,27.3857421875
18,59,200,999,240,239,520,238,0.99581589958159,1.8008008008008007,-2.4250581468374293,-0.0012125290734187146,0.7545787545787546,206,67,3298.092700078862,329.8092700078862,6301.139450301633,630.1139450301632,160.91933560739244,16.091933560739243,4154.541079541491,415.4541079541491,3805.0,380.5,2,0.046210346650841096,0.03050209521630999,-0.0332364510265773,0.005303626585993978,0.001283539877634334,-0.0043290520957077775,-0.002590008514124647,-2.5e-05,-0.002,0.0005292297047555292,0.0800462959916331,-0.0037694234400987626,0.08381571943173186,0.023642641911283135,0.7602215364575386,1.4200668394565583,3,8,8047,-0.0028540080426375557,cuda,27.3857421875
19,60,200,1000,248,190,562,173,0.9105263157894737,1.763,-4.969463284919089,-0.0024847316424595448,0.6857142857142857,192,88,3288.132530459762,328.81325304597624,5895.367502843179,589.5367502843179,152.87241085677175,15.287241085677175,4140.978281592134,414.09782815921346,4135.0,413.5,3,0.047724783928832684,0.02991710462048175,-0.03983045245197039,0.003918189179966887,0.0019324061205661565,-0.0043972052959885665,-0.0032446181093684703,-0.0004250000000000001,-0.003,0.0008251744725493353,0.0800462959916331,-0.0037694234400987626,0.08381571943173186,0.023642641911283135,0.7602215364575386,1.4200668394565583,3,8,8047,-0.0028540080426375557,cuda,27.3857421875
20,61,200,1019,216,313,490,308,0.9840255591054313,1.7850834151128558,-5.221818512807733,-0.0026109092564038667,0.8078291814946619,227,54,3219.279255103208,321.9279255103208,6252.844142491948,625.2844142491948,159.48998470147788,15.948998470147789,4054.6351728844425,405.4635172884442,3555.0,355.5,2,0.046585110157493365,0.04864370005579019,-0.040913356577892725,0.003852181538749749,0.0003276834937443809,-0.004232496445716133,-0.003992264188919451,-0.000125,-0.002,0.00014103945164753898,0.0800462959916331,-0.0037694234400987626,0.08381571943173186,0.023642641911283135,0.7602215364575386,1.4200668394565583,3,8,8047,-0.0028540080426375557,cuda,27.3857421875
21,62,200,1034,295,117,622,104,0.8888888888888888,1.5667311411992264,-8.593314922809228,-0.004296657461404614,0.5578947368421052,159,126,2854.201128789181,285.4201128789181,4664.98240676125,466.49824067612496,133.61347381629835,13.361347381629836,3593.86632892851,359.386632892851,4650.0,465.0,5,0.038632977879552145,0.0351177911602862,-0.04169543307558502,0.002665523385366373,0.0019231909133841127,-0.004777475271259525,-0.003274333195247881,-0.000325,-0.005,0.0007758867572135851,0.0800462959916331,-0.0037694234400987626,0.08381571943173186,0.023642641911283135,0.7602215364575386,1.4200668394565583,3,8,8047,-0.0028540080426375557,cuda,27.3857421875
22,63,200,1019,269,167,583,164,0.9820359281437125,1.645731108930324,-8.013744977482219,-0.004006872488741109,0.5464285714285714,153,127,3111.17791143434,311.117791143434,5220.979097781494,522.0979097781494,157.43766804893698,15.7437668048937,3921.1766189340797,392.11766189340796,4275.0,427.5,4,0.04477429323115696,0.03663962242956748,-0.033963156189435045,0.0028307850747263255,0.0008276407917725586,-0.005031628289360657,-0.0031773017953237643,-7.500000000000001e-05,-0.004,0.00033339628510957133,0.0800462959916331,-0.0037694234400987626,0.08381571943173186,0.023642641911283135,0.7602215364575386,1.4200668394565583,3,8,8047,-0.0028540080426375557,cuda,27.3857421875
23,64,200,1085,248,340,497,321,0.9441176470588235,1.8064516129032258,-4.699454308930773,-0.0023497271544653865,0.7366548042704626,207,74,3369.773261892753,336.9773261892753,7075.98957984383,707.598957984383,180.34935541939063,18.034935541939063,4244.738910187322,424.4738910187322,3820.0,382.0,0,0.045450801377731956,0.04703018521930573,-0.05100410330714348,-0.0016136317029336487,0.0017438369863302314,-0.0045586446917229625,-0.0036701961718697,-0.00047500000000000016,0.0,0.0007371197875774913,0.0800462959916331,-0.0037694234400987626,0.08381571943173186,0.023642641911283135,0.7602215364575386,1.4200668394565583,3,8,8047,-0.0028540080426375557,cuda,27.3857421875
24,65,200,928,254,164,510,163,0.9939024390243902,1.6584051724137931,-8.128547676071944,-0.004064273838035972,0.6783216783216783,194,92,3046.692595770538,304.6692595770538,4821.64682406243,482.164682406243,137.86067687909622,13.786067687909622,3837.6305820305115,383.7630582030512,3825.0,382.5,6,0.04396043533139104,0.02744916938827859,-0.03826281893420398,0.006027248838667122,0.000674699564318959,-0.004082933938538471,-0.00264150783069138,-2.5e-05,-0.006,0.00028344133824979574,0.0800462959916331,-0.0037694234400987626,0.08381571943173186,0.023642641911283135,0.7602215364575386,1.4200668394565583,3,8,8047,-0.0028540080426375557,cuda,27.3857421875
25,66,200,919,274,131,514,105,0.8015267175572519,1.7399347116430903,-5.945493781891116,-0.0029727468909455583,0.5950704225352113,169,115,3076.560760954443,307.6560760954443,5251.838761327923,525.1838761327923,154.80007086227235,15.480007086227236,3876.2349520083912,387.6234952008391,4070.0,407.0,4,0.04223359798396907,0.034172029387906935,-0.03549041918325999,0.00521747528639654,0.002198147258878781,-0.00477071860062386,-0.0034709431463821067,-0.0006500000000000003,-0.004,0.0008869124173906253,0.02251585057238117,-0.0035828517691697927,0.026098702341550963,0.024714681087061763,0.7690606251358986,1.3661159217357635,4,8,8126,-0.001789541131170684,cuda,26.1435546875
26,67,200,1094,267,286,541,282,0.986013986013986,1.647166361974406,-1.0094910961608674,-0.0005047455480804337,0.647887323943662,184,100,2967.9270211035673,296.79270211035674,5531.195865008366,553.1195865008366,177.6298091481228,17.76298091481228,3737.723647887153,373.7723647887153,4060.0,406.0,3,0.041540113189712374,0.03461345692646158,-0.0327259643510756,0.01149091254805944,0.0013153565936522631,-0.005150452830878543,-0.003141399617248606,-0.0001,-0.003,0.0005454766218948476,0.02251585057238117,-0.0035828517691697927,0.026098702341550963,0.024714681087061763,0.7690606251358986,1.3661159217357635,4,8,8126,-0.001789541131170684,cuda,26.1435546875
27,68,200,1051,243,266,542,263,0.9887218045112782,1.6841103710751666,-3.090842419251428,-0.001545421209625714,0.730909090909091,201,74,3065.6133277181098,306.56133277181095,5697.589695279879,569.7589695279879,152.13632429740596,15.213632429740596,3858.857235252519,385.8857235252519,3940.0,394.0,3,0.04162426751803152,0.037966688014270965,-0.040005468315088236,0.005785244076882864,0.00202416985763049,-0.0042982495771851205,-0.0031411279649136673,-7.500000000000001e-05,-0.003,0.0008272441141763081,0.02251585057238117,-0.0035828517691697927,0.026098702341550963,0.024714681087061763,0.7690606251358986,1.3661159217357635,4,8,8126,-0.001789541131170684,cuda,26.1435546875
28,69,200,1025,193,465,367,442,0.9505376344086022,1.8985365853658536,-3.2778268971699784,-0.0016389134485849891,0.779783393501805,216,61,3551.7036791174746,355.17036791174746,7431.836531284149,743.1836531284149,172.3677194778979,17.23677194778979,4474.273301581398,447.42733015813985,2915.0,291.5,0,0.05238371389222953,0.03938745927368546,-0.04572187006042125,0.001673784908357055,0.0003487799126497191,-0.003742920083989333,-0.0027144822904576053,-0.0005750000000000002,0.0,0.00014906168832623745,0.02251585057238117,-0.0035828517691697927,0.026098702341550963,0.024714681087061763,0.7690606251358986,1.3661159217357635,4,8,8126,-0.001789541131170684,cuda,26.1435546875
29,70,200,1126,254,323,549,322,0.9969040247678018,1.641207815275311,-1.2021902467425765,-0.0006010951233712882,0.5892857142857143,165,115,3054.4998765488313,305.4499876548831,5678.520862784955,567.8520862784956,183.51785634067113,18.351785634067113,3853.8010398218776,385.38010398218773,4020.0,402.0,2,0.046161318021945716,0.03614914235716579,-0.03611823462120107,0.007737962718835435,0.0012651290813133812,-0.0049649104192480455,-0.002336299473631476,-2.5e-05,-0.002,0.0005199670564219336,0.02251585057238117,-0.0035828517691697927,0.026098702341550963,0.024714681087061763,0.7690606251358986,1.3661159217357635,4,8,8126,-0.001789541131170684,cuda,26.1435546875
30,71,200,1004,243,256,505,238,0.9296875,1.7868525896414342,-2.7157933620650425,-0.0013578966810325213,0.8617021276595744,243,39,3304.1857212710347,330.41857212710346,6308.220296412475,630.8220296412476,147.0454970865772,14.70454970865772,4160.261849167939,416.02618491679385,3830.0,383.0,2,0.04610565483651293,0.042104841078208624,-0.03848201456275476,0.004976846686574756,0.0019123923786579257,-0.003885841566614604,-0.0033024773111319608,-0.0004500000000000001,-0.002,0.0008028043647641315,0.02251585057238117,-0.0035828517691697927,0.026098702341550963,0.024714681087061763,0.7690606251358986,1.3661159217357635,4,8,8126,-0.001789541131170684,cuda,26.1435546875
31,72,200,1104,238,460,406,455,0.9891304347826086,1.792572463768116,-2.7822462281863998,-0.0013911231140932,0.7535211267605634,214,70,3323.2295986729896,332.32295986729895,6934.246233246323,693.4246233246323,200.3566670837626,20.03566670837626,4185.44373822895,418.54437382289495,3245.0,324.5,0,0.047665952693826404,0.05433681666563085,-0.06490789459986013,0.0013677730991247363,0.0011262192167940338,-0.004778055391169501,-0.0029510733427980003,-0.000125,0.0,0.000458924688490487,0.02251585057238117,-0.0035828517691697927,0.026098702341550963,0.024714681087061763,0.7690606251358986,1.3661159217357635,4,8,8126,-0.001789541131170684,cuda,26.1435546875
32,73,200,803,227,85,491,85,1.0,1.5367372353673723,-8.608774067263534,-0.004304387033631767,0.4218181818181818,116,159,2564.7136528203487,256.47136528203487,3245.5780545335765,324.5578054533577,117.10013213062102,11.710013213062101,3225.4969247736735,322.54969247736733,3590.0,359.0,8,0.030386660029645123,0.029372565064690416,-0.019966764433729543,0.0103537215500319,0.0002429758684471921,-0.0038739077420764717,-0.0025982960447580774,0.0,-0.008,9.731367626001986e-05,0.02251585057238117,-0.0035828517691697927,0.026098702341550963,0.024714681087061763,0.7690606251358986,1.3661159217357635,4,8,8126,-0.001789541131170684,cuda,26.1435546875
33,74,200,1028,217,419,392,406,0.9689737470167065,1.7577821011673151,-4.036859433954877,-0.0020184297169774388,0.7357142857142858,206,74,3083.2898409432487,308.3289840943249,5991.791987522912,599.1791987522912,160.6476115864266,16.06476115864266,3884.222380615394,388.42223806153936,3110.0,311.0,2,0.04556617739453437,0.04040082597244972,-0.04020579782284849,0.003690913727262969,0.001128614742530714,-0.003841677486257882,-0.0031661749691120657,-0.000325,-0.002,0.000479313727915124,0.09789703509045972,0.0016042459342214797,0.09629278915623823,0.026099291154079968,0.715579342842102,1.3818089273240832,5,8,8231,-0.0022688359321309053,cuda,27.44189453125
34,75,200,1043,272,234,537,232,0.9914529914529915,1.5340364333652925,-9.317707200004909,-0.004658853600002454,0.5587188612099644,157,124,2898.195413745906,289.8195413745906,4409.196759384704,440.9196759384704,154.92133128125303,15.492133128125303,3650.445828921527,365.04458289215273,4055.0,405.5,6,0.03776805859245436,0.032030754441924075,-0.029590465102863298,0.004524792440862707,0.0005799893496155019,-0.004677122627722821,-0.00237663069381795,-5e-05,-0.006,0.00024251463222274062,0.09789703509045972,0.0016042459342214797,0.09629278915623823,0.026099291154079968,0.715579342842102,1.3818089273240832,5,8,8231,-0.0022688359321309053,cuda,27.44189453125
35,76,200,885,221,276,388,276,1.0,1.6372881355932203,-4.773024059513866,-0.002386512029756933,0.44802867383512546,125,154,2664.1758665057364,266.41758665057364,4362.359852878533,436.23598528785334,152.52300669803955,15.252300669803954,3358.3023006541207,335.8302300654121,3045.0,304.5,5,0.0380206699653755,0.036787570401991265,-0.03350476128544998,0.009698998187930467,0.0002339020421104659,-0.004126681033709802,-0.002316071641280884,0.0,-0.005,9.435619642176163e-05,0.09789703509045972,0.0016042459342214797,0.09629278915623823,0.026099291154079968,0.715579342842102,1.3818089273240832,5,8,8231,-0.0022688359321309053,cuda,27.44189453125
36,77,200,1096,282,246,568,240,0.975609756097561,1.7326642335766422,-1.0430987312940887,-0.0005215493656470444,0.7455830388692579,211,72,3294.363193219493,329.4363193219493,6361.546320103843,636.1546320103843,204.2972665349654,20.429726653496537,4152.018654820757,415.2018654820757,4280.0,428.0,1,0.04785088505847077,0.03147110596546735,-0.030027110202129843,0.006666635297873552,0.0019314905391144685,-0.005991689188141352,-0.0032019690232428276,-0.00015,-0.001,0.0007926955225649475,0.09789703509045972,0.0016042459342214797,0.09629278915623823,0.026099291154079968,0.715579342842102,1.3818089273240832,5,8,8231,-0.0022688359321309053,cuda,27.44189453125
37,78,200,1066,293,198,575,195,0.9848484848484849,1.7073170731707317,-2.797314668546661,-0.0013986573342733306,0.7158273381294964,199,79,3059.422435507814,305.9422435507814,5837.233898624572,583.7233898624572,154.9627650857304,15.496276508573041,3854.6734087156683,385.4673408715668,4355.0,435.5,2,0.047674918160076594,0.04761529824602993,-0.043925195987963954,0.006162946913551902,0.0012248149485532198,-0.004685645238319491,-0.0035416067997815137,-7.500000000000001e-05,-0.002,0.0004951442323647744,0.09789703509045972,0.0016042459342214797,0.09629278915623823,0.026099291154079968,0.715579342842102,1.3818089273240832,5,8,8231,-0.0022688359321309053,cuda,27.44189453125
38,79,200,957,230,197,530,197,1.0,1.6541274817136886,-6.184074336615733,-0.0030920371683078665,0.46953405017921146,131,148,2927.2687530759226,292.72687530759225,4841.941788070934,484.1941788070934,107.74684837933724,10.774684837933723,3684.041044363751,368.4041044363751,3800.0,380.0,5,0.038592964681761495,0.025877388104175583,-0.025511062312373906,0.005157193461887639,0.0009541093169041084,-0.003322253985151489,-0.002208213102487953,0.0,-0.005,0.00038338054399174076,0.09789703509045972,0.0016042459342214797,0.09629278915623823,0.026099291154079968,0.715579342842102,1.3818089273240832,5,8,8231,-0.0022688359321309053,cuda,27.44189453125
39,80,200,1115,285,369,461,369,1.0,1.6681614349775784,-5.816450457080376,-0.002908225228540188,0.6153846153846154,176,110,2979.6475152809962,297.9647515280996,5743.087404853743,574.3087404853743,163.62486179061727,16.362486179061726,3752.843812356469,375.2843812356469,3730.0,373.0,2,0.04581853629105008,0.051949457550402534,-0.0571823682014876,0.0007488915720183342,0.0011061260905529727,-0.0045891623451322925,-0.0031672843692859974,0.0,-0.002,0.00045061737301820687,0.09789703509045972,0.0016042459342214797,0.09629278915623823,0.026099291154079968,0.715579342842102,1.3818089273240832,5,8,8231,-0.0022688359321309053,cuda,27.44189453125
40,81,200,1041,239,225,577,224,0.9955555555555555,1.6964457252641691,-2.332846027083974,-0.0011664230135419872,0.5734767025089605,160,119,3131.6704575018484,313.16704575018485,5913.04503469148,591.304503469148,126.72478426584792,12.672478426584792,3945.4961167458096,394.54961167458094,4085.0,408.5,2,0.04349287206707188,0.02694775534989926,-0.02850913488735391,0.0036059427966775343,0.0016404018997134009,-0.00366931251959785,-0.0020496885905453444,-2.5e-05,-0.002,0.0006613397529363965,0.09789703509045972,0.0016042459342214797,0.09629278915623823,0.026099291154079968,0.715579342842102,1.3818089273240832,5,8,8231,-0.0022688359321309053,cuda,27.44189453125
41,82,200,963,210,415,338,393,0.946987951807229,1.9771547248182761,-2.8311280134044945,-0.0014155640067022473,0.8085106382978723,228,54,3664.6786832981024,366.46786832981024,7423.773123950694,742.3773123950693,171.79288968524338,17.17928896852434,4618.06531278394,461.80653127839395,2850.0,285.0,1,0.05398658204174644,0.041820042567600434,-0.036554405631911625,0.003722630600049735,0.0008326162918124404,-0.0036647509582571933,-0.0026176358762324504,-0.0005500000000000001,-0.001,0.00037119567172188504,-0.0010047624818980694,-0.0019449967745458706,0.0009402342926478014,0.01969527513720095,0.76904576420784,1.3214085429906846,6,8,7984,-0.0011486119237390422,cuda,26.1201171875
42,83,200,952,201,365,386,365,1.0,1.7573529411764706,-2.913762135880131,-0.0014568810679400654,0.6501766784452296,184,99,3137.6761984266045,313.76761984266045,5814.028318386762,581.4028318386762,153.10717639706488,15.310717639706487,3951.8168234377054,395.18168234377055,2935.0,293.5,3,0.043192301810684494,0.03902049463872247,-0.04177855201657779,0.0068156603832767405,0.00046056592833241904,-0.003597540597381193,-0.001924617754003408,0.0,-0.003,0.0001907565000798194,-0.0010047624818980694,-0.0019449967745458706,0.0009402342926478014,0.01969527513720095,0.76904576420784,1.3214085429906846,6,8,7984,-0.0011486119237390422,cuda,26.1201171875
43,84,200,948,211,374,363,357,0.9545454545454546,1.8723628691983123,-2.038763682645833,-0.0010193818413229165,0.6884057971014492,190,86,3365.33418554899,336.53341855489896,6573.04271679323,657.304271679323,166.73049055101657,16.673049055101657,4241.421207444752,424.1421207444752,2955.0,295.5,2,0.04858749690427146,0.027276858491582765,-0.027412902234615736,0.006139173474163819,0.000852252225680881,-0.004166111222092022,-0.001268969073204777,-0.0004250000000000001,-0.002,0.0003523858640571548,-0.0010047624818980694,-0.0019449967745458706,0.0009402342926478014,0.01969527513720095,0.76904576420784,1.3214085429906846,6,8,7984,-0.0011486119237390422,cuda,26.1201171875
44,85,200,1042,193,516,333,511,0.9903100775193798,1.9117082533589251,-1.1626746835537574,-0.0005813373417768786,0.7275985663082437,203,76,3543.4809639663563,354.34809639663564,7383.572148311938,738.3572148311938,152.8980825558849,15.289808255588492,4461.834510139076,446.1834510139076,2655.0,265.5,0,0.053001436842733896,0.04263973231298291,-0.047819786455554514,0.0024362256352252975,0.0009513394179319612,-0.003075043228402902,-0.002715723992808699,-0.000125,0.0,0.0004083726537510374,-0.0010047624818980694,-0.0019449967745458706,0.0009402342926478014,0.01969527513720095,0.76904576420784,1.3214085429906846,6,8,7984,-0.0011486119237390422,cuda,26.1201171875
45,86,200,1064,283,428,353,428,1.0,1.7838345864661653,-0.13508929164233047,-6.754464582116524e-05,0.7381818181818182,203,72,3348.722547061325,334.8722547061325,6849.83449042073,684.983449042073,212.13715416587206,21.213715416587206,4219.764041455176,421.9764041455176,3180.0,318.0,1,0.04922013045412261,0.04616850413827775,-0.05086386474394775,0.008127363959201892,0.0010425221096797858,-0.005189913028046511,-0.002706021194913663,0.0,-0.001,0.0004408032675834218,-0.0010047624818980694,-0.0019449967745458706,0.0009402342926478014,0.01969527513720095,0.76904576420784,1.3214085429906846,6,8,7984,-0.0011486119237390422,cuda,26.1201171875
46,87,200,1144,327,255,562,255,1.0,1.493006993006993,-5.114691587888386,-0.002557345793944193,0.6330935251798561,176,102,2596.8216532635192,259.68216532635194,4286.8853986200575,428.68853986200577,176.1268370894835,17.61268370894835,3270.8322230430504,327.083222304305,4445.0,444.5,4,0.03634592282366337,0.03864234220949753,-0.04863770054770529,0.006946587697893109,0.0008376870726275777,-0.005390966934895361,-0.0022544188731177996,0.0,-0.004,0.00034529102529195154,-0.0010047624818980694,-0.0019449967745458706,0.0009402342926478014,0.01969527513720095,0.76904576420784,1.3214085429906846,6,8,7984,-0.0011486119237390422,cuda,26.1201171875
47,88,200,829,192,337,300,289,0.857566765578635,2.0132689987937273,-6.015229462618388,-0.003007614731309194,0.6584507042253521,187,97,3484.3371231040683,348.4337123104068,6521.583918492046,652.1583918492046,158.43090341694602,15.843090341694602,4393.22910750401,439.32291075040104,2700.0,270.0,3,0.05070289288721626,0.03136050968041837,-0.0331035968195616,0.003057260768606926,0.0011538782096879464,-0.003624925889079609,-0.0017884536794942638,-0.0011999999999999997,-0.003,0.0004706662634887477,-0.0010047624818980694,-0.0019449967745458706,0.0009402342926478014,0.01969527513720095,0.76904576420784,1.3214085429906846,6,8,7984,-0.0011486119237390422,cuda,26.1201171875
48,89,200,1042,256,369,417,340,0.9214092140921409,1.8848368522072936,1.8335480778086455,0.0009167740389043228,0.7684210526315789,219,66,3583.354484989901,358.3354484989901,7439.76097748241,743.976097748241,169.79511422806075,16.979511422806077,4514.209986320448,451.42099863204476,3510.0,351.0,0,0.05299085110135071,0.050780838597421246,-0.054356458658584204,0.007985535166565087,0.0021752743257868108,-0.004463676144142716,-0.002632799122522746,-0.0007250000000000003,0.0,0.0009366631344568587,-0.0010047624818980694,-0.0019449967745458706,0.0009402342926478014,0.01969527513720095,0.76904576420784,1.3214085429906846,6,8,7984,-0.0011486119237390422,cuda,26.1201171875
49,90,200,1029,248,219,562,213,0.9726027397260274,1.6890184645286686,-3.7862656706026425,-0.0018931328353013212,0.6895306859205776,191,86,3231.428530002346,323.1428530002346,5695.360207174446,569.5360207174447,151.6480259203831,15.16480259203831,4068.348081897863,406.83480818978626,4080.0,408.0,3,0.04368797920981375,0.02907009108796909,-0.026646133282226238,0.004212641257124412,0.002053331550046952,-0.004301976870440384,-0.002521452894280528,-0.00015,-0.003,0.0008690956795771513,-0.003506650348814825,-0.005340279473198785,0.0018336291243839595,0.019616882192591827,0.703634770711263,1.333499050140381,7,8,8242,-0.0016039696603131286,cuda,26.1962890625
50,91,200,1051,234,443,374,406,0.9164785553047404,1.8943862987630828,-0.26250807899187395,-0.00013125403949593698,0.7925925925925926,214,56,3474.3827488742563,347.4382748874256,7287.992601774936,728.7992601774936,184.95621986477116,18.495621986477115,4379.938395149176,437.9938395149176,3225.0,322.5,0,0.054556008620335564,0.04291376257504538,-0.03961080451269996,0.00453983016782111,0.0019324640089385546,-0.004027948492442083,-0.00227769248345891,-0.0009250000000000005,0.0,0.0007668390083224068,-0.003506650348814825,-0.005340279473198785,0.0018336291243839595,0.019616882192591827,0.703634770711263,1.333499050140381,7,8,8242,-0.0016039696603131286,cuda,26.1962890625
51,92,200,1039,215,356,468,323,0.9073033707865169,1.737247353224254,-1.4668308558759235,-0.0007334154279379618,0.7127659574468085,201,81,3204.981020628629,320.49810206286287,6173.478303406361,617.3478303406362,163.44888933536632,16.34488893353663,4038.7169234912826,403.87169234912824,3580.0,358.0,2,0.045041311862657335,0.03493352330049464,-0.0381224521557064,0.008184644570424336,0.00159810871710533,-0.0043592952353939075,-0.0025872165554473164,-0.0008250000000000004,-0.002,0.0006513215683888169,-0.003506650348814825,-0.005340279473198785,0.0018336291243839595,0.019616882192591827,0.703634770711263,1.333499050140381,7,8,8242,-0.0016039696603131286,cuda,26.1962890625
52,93,200,1092,303,225,564,202,0.8977777777777778,1.6318681318681318,-4.3506029558631605,-0.0021753014779315803,0.5729537366548043,161,120,2999.1068630455593,299.91068630455595,5463.195742508932,546.3195742508932,151.89518274855197,15.189518274855198,3777.3549954447353,377.73549954447356,4450.0,445.0,3,0.04221659470406029,0.041897765736091955,-0.03994906298999782,0.00534599553282069,0.0018139807024138003,-0.004728667879818529,-0.002774995620857341,-0.0005750000000000002,-0.003,0.0007690308513585232,-0.003506650348814825,-0.005340279473198785,0.0018336291243839595,0.019616882192591827,0.703634770711263,1.333499050140381,7,8,8242,-0.0016039696603131286,cuda,26.1962890625
53,94,200,1030,211,401,418,340,0.8478802992518704,1.8514563106796116,-2.6273918384497734,-0.0013136959192248867,0.8152173913043478,225,51,3475.7678406035106,347.5767840603511,6896.6892293875735,689.6689229387573,163.6082347580833,16.36082347580833,4378.2785018823115,437.82785018823114,3450.0,345.0,1,0.05127522616939255,0.038227358694643755,-0.03982199242475288,0.003957927855632251,0.002127337008416284,-0.0040050034808281135,-0.0022228204108671505,-0.0015249999999999986,-0.001,0.000920926076291753,-0.003506650348814825,-0.005340279473198785,0.0018336291243839595,0.019616882192591827,0.703634770711263,1.333499050140381,7,8,8242,-0.0016039696603131286,cuda,26.1962890625
54,95,200,971,218,368,385,315,0.8559782608695652,1.937178166838311,-1.0219824909695092,-0.0005109912454847546,0.7526132404181185,216,71,3565.5226690496124,356.55226690496124,7152.894584695898,715.2894584695898,158.0939532823295,15.809395328232949,4490.118945089381,449.0118945089381,3280.0,328.0,1,0.050890239436379534,0.04679195029233598,-0.04563129956041862,0.007351568074104767,0.001613133142132649,-0.0037045026108390644,-0.002784692108901544,-0.0013249999999999994,-0.001,0.0006784911282171432,-0.003506650348814825,-0.005340279473198785,0.0018336291243839595,0.019616882192591827,0.703634770711263,1.333499050140381,7,8,8242,-0.0016039696603131286,cuda,26.1962890625
55,96,200,852,268,83,501,83,1.0,1.6044600938967135,-12.287541716261655,-0.0061437708581308275,0.5354609929078015,151,131,2860.1132528254225,286.01132528254226,3804.0771381622976,380.4077138162298,124.79826043315087,12.479826043315088,3602.749950918286,360.2749950918286,3845.0,384.5,9,0.03884873895848337,0.030676493480470236,-0.028793058170774006,0.006520966392522599,0.00014163602852840796,-0.003967767452192769,-0.002278242651672484,0.0,-0.009,6.350741174479725e-05,-0.003506650348814825,-0.005340279473198785,0.0018336291243839595,0.019616882192591827,0.703634770711263,1.333499050140381,7,8,8242,-0.0016039696603131286,cuda,26.1962890625
56,97,200,1178,285,466,427,465,0.9978540772532188,1.6859083191850595,0.1396090420044781,6.980452100223906e-05,0.6832740213523132,192,89,3072.717360909441,307.2717360909441,6418.26403959735,641.826403959735,212.90863498235495,21.290863498235495,3871.2382791273967,387.12382791273967,3565.0,356.5,0,0.04411669302747736,0.04764739724033056,-0.0671723391254056,0.006343663332455476,0.0009148774620320471,-0.005655462319769416,-0.0020379334267886726,-2.5e-05,0.0,0.00037047494547352475,-0.003506650348814825,-0.005340279473198785,0.0018336291243839595,0.019616882192591827,0.703634770711263,1.333499050140381,7,8,8242,-0.0016039696603131286,cuda,26.1962890625
57,98,200,1032,231,401,400,383,0.9551122194513716,1.7655038759689923,-0.38450738219151276,-0.0001922536910957564,0.7302158273381295,203,75,3312.545514560622,331.2545514560622,6394.025704160201,639.4025704160201,166.24915982818646,16.624915982818646,4173.934361570262,417.3934361570262,3245.0,324.5,2,0.049241702397114964,0.03658092307693598,-0.037623703516855386,0.00925360351239055,0.000915646071569524,-0.004125837752626402,-0.0017052520428019824,-0.0004500000000000001,-0.002,0.0003923800396840483,-0.031357054295949635,-0.0008076918660663068,-0.03054936242988333,0.018213073210790753,0.746542613208294,1.340486416220665,8,8,8064,-0.0011917956935066903,cuda,25.6923828125
58,99,200,969,205,425,339,412,0.9694117647058823,1.9628482972136223,-1.670974769109849,-0.0008354873845549246,0.7651245551601423,215,66,3576.8059417385034,357.68059417385035,7195.281898006803,719.5281898006804,152.34286532617705,15.234286532617705,4505.276231213465,450.52762312134644,2785.0,278.5,1,0.05291041606952518,0.041060270696295184,-0.04328650466535744,0.003994654403714559,0.001074554186546801,-0.0035110775783487574,-0.0020712007342221974,-0.000325,-0.001,0.00045972035620191567,-0.031357054295949635,-0.0008076918660663068,-0.03054936242988333,0.018213073210790753,0.746542613208294,1.340486416220665,8,8,8064,-0.0011917956935066903,cuda,25.6923828125
59,100,200,1030,216,513,301,456,0.8888888888888888,1.8475728155339806,-3.728713857914978,-0.001864356928957489,0.8134328358208955,218,50,3323.2359015158204,332.32359015158204,6743.092276275431,674.3092276275431,175.09450916849153,17.509450916849154,4189.338163503653,418.9338163503653,2870.0,287.0,1,0.05120482996769489,0.03828179969250788,-0.036928959581698485,0.002554395749454418,0.0012930454423665215,-0.0037449910743887088,-0.0016736932254142855,-0.001424999999999999,-0.001,0.000543137893024655,-0.031357054295949635,-0.0008076918660663068,-0.03054936242988333,0.018213073210790753,0.746542613208294,1.340486416220665,8,8,8064,-0.0011917956935066903,cuda,25.6923828125
60,101,200,920,241,324,355,318,0.9814814814814815,1.7097826086956522,-4.897602497985482,-0.002448801248992741,0.6888111888111889,197,89,2957.146812005623,295.71468120056227,5222.4102787651,522.24102787651,142.30288547396893,14.230288547396892,3723.6084829250617,372.36084829250615,3010.0,301.0,4,0.04179526338408206,0.03453402083193691,-0.034017136782966854,0.005096504421614521,0.0012866264810275979,-0.0037812791714615574,-0.0021143281203977607,-0.00015,-0.004,0.0005311655159759806,-0.031357054295949635,-0.0008076918660663068,-0.03054936242988333,0.018213073210790753,0.746542613208294,1.340486416220665,8,8,8064,-0.0011917956935066903,cuda,25.6923828125
61,102,200,970,180,541,249,532,0.9833641404805915,2.05360824742268,0.650233127757373,0.0003251165638786865,0.7964912280701755,227,58,3718.22365390656,371.822365390656,7800.803307451121,780.0803307451122,193.7519691526017,19.37519691526017,4690.184155764242,469.0184155764242,2190.0,219.0,0,0.06090197934005552,0.03720957025138615,-0.03752523586114761,0.005956396151819447,0.00024229710397496627,-0.0035119724206250065,-0.0013142093263482594,-0.00022499999999999997,0.0,9.707491842250364e-05,-0.031357054295949635,-0.0008076918660663068,-0.03054936242988333,0.018213073210790753,0.746542613208294,1.340486416220665,8,8,8064,-0.0011917956935066903,cuda,25.6923828125
62,103,200,1038,228,517,293,511,0.988394584139265,1.9046242774566473,-0.7733869646766233,-0.0003866934823383116,0.7491289198606271,215,72,3594.6124254500255,359.46124254500256,7544.745011398325,754.4745011398325,197.40902907788117,19.74090290778812,4528.385169253506,452.83851692535063,2635.0,263.5,0,0.05029650431982558,0.042405687919180764,-0.05219910925679689,0.0031015849284130427,0.0014358953367124005,-0.004371073312875364,-0.002193894724330479,-0.00015,0.0,0.0006296434710410162,-0.031357054295949635,-0.0008076918660663068,-0.03054936242988333,0.018213073210790753,0.746542613208294,1.340486416220665,8,8,8064,-0.0011917956935066903,cuda,25.6923828125
63,104,200,1045,243,381,421,381,1.0,1.677511961722488,-3.421532047793585,-0.0017107660238967926,0.574468085106383,162,120,2990.6886851940676,299.06886851940675,5750.411378312724,575.0411378312724,152.33918664297536,15.233918664297537,3766.367498823815,376.6367498823815,3320.0,332.0,2,0.03941537140008628,0.02909438430181836,-0.03558644950338498,0.002901922907378392,0.0010344673427934129,-0.00406561903512647,-0.0017647250807077655,0.0,-0.002,0.00042522858139657,-0.031357054295949635,-0.0008076918660663068,-0.03054936242988333,0.018213073210790753,0.746542613208294,1.340486416220665,8,8,8064,-0.0011917956935066903,cuda,25.6923828125
64,105,200,1060,250,442,368,440,0.995475113122172,1.6716981132075472,-4.842246704192389,-0.0024211233520961945,0.6267605633802817,178,106,3223.9909932910577,322.39909932910575,6046.870976901067,604.6870976901066,167.41582757845623,16.741582757845624,4060.757010836473,406.0757010836473,3100.0,310.0,2,0.044306529454750915,0.037751010510818195,-0.047518823238904585,0.0008668528953818893,0.0008265307045347213,-0.004069096813121172,-0.00156331986446643,-5e-05,-0.002,0.00034095362139937533,-0.031357054295949635,-0.0008076918660663068,-0.03054936242988333,0.018213073210790753,0.746542613208294,1.340486416220665,8,8,8064,-0.0011917956935066903,cuda,25.6923828125
65,106,200,1190,334,485,371,468,0.9649484536082474,1.6529411764705881,-3.1783200699445975,-0.0015891600349722988,0.656140350877193,187,98,2978.2544311543984,297.82544311543984,6325.566204089029,632.556620408903,203.92415387720052,20.392415387720053,3749.554723678442,374.9554723678442,3610.0,361.0,0,0.043086979417767186,0.06422827659150687,-0.073245806926153,0.0006955261610943926,0.0016880483401082147,-0.005708705880558838,-0.0023283230850614438,-0.0004250000000000001,0.0,0.0007075088026847307,0.051671560174509065,-0.0003841209672827972,0.05205568114179186,0.02294136523269117,0.7487101003527641,1.322224709391594,9,8,7871,-0.00107646689169932,cuda,27.498046875
66,107,200,1073,263,564,246,542,0.9609929078014184,1.8574091332712022,-0.03889518574715504,-1.9447592873577518e-05,0.7526132404181185,216,71,3390.5238779702954,339.05238779702955,7176.700914579003,717.6700914579003,218.19069615353345,21.819069615353346,4275.773419695597,427.5773419695597,2655.0,265.5,0,0.057074805504117324,0.05664221513420427,-0.060360491355810585,0.007335984031679272,0.0005044357433864521,-0.004854376956969042,-0.002143581003083093,-0.0005500000000000001,0.0,0.0002323802643167815,0.051671560174509065,-0.0003841209672827972,0.05205568114179186,0.02294136523269117,0.7487101003527641,1.322224709391594,9,8,7871,-0.00107646689169932,cuda,27.498046875
67,108,200,1004,211,519,274,516,0.9942196531791907,1.9770916334661355,-0.4975686469638648,-0.0002487843234819324,0.7962962962962963,215,55,3672.7958838351324,367.2795883835132,7684.609001861652,768.4609001861652,184.360467061429,18.4360467061429,4629.098807192765,462.9098807192765,2440.0,244.0,0,0.05489581722390062,0.041546335751586706,-0.04223925765705085,0.0031195159283408944,0.0010326089293805378,-0.003983041455068618,-0.0016464746628408156,-7.500000000000001e-05,0.0,0.00044879631142747816,0.051671560174509065,-0.0003841209672827972,0.05205568114179186,0.02294136523269117,0.7487101003527641,1.322224709391594,9,8,7871,-0.00107646689169932,cuda,27.498046875
68,109,200,833,280,235,318,233,0.9914893617021276,1.8247298919567827,-7.651286133899041,-0.0038256430669495207,0.602112676056338,171,113,3217.561330912314,321.7561330912314,5309.4662413862225,530.9466241386223,168.29752997096747,16.829752997096747,4052.685917598445,405.2685917598445,3000.0,300.0,6,0.043463537157019824,0.04249424109969595,-0.0317249646102502,0.007340474506251316,0.00024448350251462413,-0.00496921061059995,-0.0014983613144239226,-5e-05,-0.006,9.869434539648514e-05,0.051671560174509065,-0.0003841209672827972,0.05205568114179186,0.02294136523269117,0.7487101003527641,1.322224709391594,9,8,7871,-0.00107646689169932,cuda,27.498046875
69,110,200,1017,255,503,259,498,0.9900596421471173,1.847590953785644,-3.5942347264134233,-0.0017971173632067117,0.7816901408450704,222,62,3318.0138178370057,331.80138178370055,6741.507879066305,674.1507879066305,180.96366400067797,18.096366400067797,4182.478760415762,418.2478760415762,2595.0,259.5,1,0.05047000716989858,0.061060493559111716,-0.05950807176929294,0.001979495946068513,0.0006960340397821718,-0.004206017158775319,-0.002469063793535687,-0.000125,-0.001,0.0002974305595086481,0.051671560174509065,-0.0003841209672827972,0.05205568114179186,0.02294136523269117,0.7487101003527641,1.322224709391594,9,8,7871,-0.00107646689169932,cuda,27.498046875
70,111,200,920,278,240,402,240,1.0,1.6217391304347826,-4.177333232079613,-0.0020886666160398067,0.5387323943661971,153,131,2769.911560973432,276.9911560973432,4580.2037912399865,458.0203791239986,158.894800485801,15.8894800485801,3488.331641737813,348.83316417378126,3400.0,340.0,5,0.03617759100538828,0.03294934020954041,-0.025232937986838767,0.00956720165116699,0.0008758583054160436,-0.004825221941360808,-0.0016614478501427523,0.0,-0.005,0.00033321898673255323,0.051671560174509065,-0.0003841209672827972,0.05205568114179186,0.02294136523269117,0.7487101003527641,1.322224709391594,9,8,7871,-0.00107646689169932,cuda,27.498046875
71,112,200,891,206,389,296,337,0.8663239074550129,1.9270482603815937,-1.5832328113420737,-0.0007916164056710369,0.7722419928825622,217,64,3445.451475310199,344.5451475310199,6669.556840112963,666.9556840112963,154.592670541129,15.4592670541129,4339.356138305067,433.9356138305067,2770.0,277.0,2,0.045472496329835126,0.03653128633015958,-0.03469790951943745,0.00789463056291379,0.0015858385764996627,-0.003910589599225753,-0.0017143713852910366,-0.0012999999999999993,-0.002,0.0006815107068497529,0.051671560174509065,-0.0003841209672827972,0.05205568114179186,0.02294136523269117,0.7487101003527641,1.322224709391594,9,8,7871,-0.00107646689169932,cuda,27.498046875
72,113,200,943,242,436,265,423,0.9701834862385321,1.8016967126193002,3.497400539200651,0.0017487002696003255,0.7214285714285714,202,78,3163.919240878503,316.39192408785027,5954.598792504461,595.4598792504461,189.3832916684185,18.93832916684185,3985.4403239144212,398.5440323914421,2600.0,260.0,3,0.044634720021124875,0.04450762342523164,-0.03838344001555088,0.017703397838003464,0.0010191392807864315,-0.004623773311902473,-0.0013042172779071774,-0.000325,-0.003,0.00042899037813413487,0.051671560174509065,-0.0003841209672827972,0.05205568114179186,0.02294136523269117,0.7487101003527641,1.322224709391594,9,8,7871,-0.00107646689169932,cuda,27.498046875
73,114,200,880,240,307,333,307,1.0,1.7727272727272727,-2.759005304316268,-0.001379502652158134,0.7031802120141343,199,84,3115.1481262054904,311.51481262054904,5540.9369886226905,554.0936988622691,150.0904019059194,15.009040190591941,3921.5632075912554,392.15632075912555,2865.0,286.5,4,0.042528389732394666,0.0369152656750403,-0.03520998354924816,0.008531219541364118,0.001190331463778144,-0.004026932575997631,-0.001911924390648988,0.0,-0.004,0.0004761086230452181,0.045626246838583025,-0.0008711589965969324,0.04649740583517996,0.025065218238160013,0.7159461200237274,1.3301527708768845,10,8,8160,-0.00114432747806118,cuda,27.4365234375
74,115,200,886,243,230,413,230,1.0,1.7031602708803613,-4.015226333061255,-0.0020076131665306275,0.5412186379928315,151,128,3012.7251400846935,301.27251400846933,4872.418787991506,487.24187879915064,150.11544623091513,15.011544623091513,3796.2702934186614,379.62702934186615,3280.0,328.0,6,0.03948079991338569,0.025573324119726074,-0.021895404709059957,0.012008113609754128,0.0007335495194108759,-0.004170480374038852,-0.0018282922010945453,0.0,-0.006,0.00030975035126115056,0.045626246838583025,-0.0008711589965969324,0.04649740583517996,0.025065218238160013,0.7159461200237274,1.3301527708768845,10,8,8160,-0.00114432747806118,cuda,27.4365234375
75,116,200,973,282,316,375,313,0.990506329113924,1.6752312435765673,-3.8982867148012827,-0.0019491433574006414,0.5285714285714286,148,132,2876.9617757410238,287.69617757410236,5046.606229541201,504.66062295412013,161.44241791816037,16.144241791816036,3625.8359288403526,362.5835928840353,3300.0,330.0,4,0.04245815919612534,0.04364896317881211,-0.04284526374945377,0.007837025068274647,0.0009847676472727923,-0.004671771809145912,-0.0019523893986627178,-7.500000000000001e-05,-0.004,0.00039552731938060655,0.045626246838583025,-0.0008711589965969324,0.04649740583517996,0.025065218238160013,0.7159461200237274,1.3301527708768845,10,8,8160,-0.00114432747806118,cuda,27.4365234375
76,117,200,1046,258,392,396,388,0.9897959183673469,1.6625239005736139,-1.8849907579863112,-0.0009424953789931557,0.4601449275362319,127,149,2971.957658371738,297.1957658371738,5310.121414992584,531.0121414992584,172.89224082659166,17.289224082659167,3745.9336435437726,374.5933643543773,3290.0,329.0,4,0.04419849467414502,0.03490737164889969,-0.03280264709131192,0.011559121314526364,0.0005595178832473802,-0.004648304889430224,-0.0015369670247678254,-0.0001,-0.004,0.00023109485102411134,0.045626246838583025,-0.0008711589965969324,0.04649740583517996,0.025065218238160013,0.7159461200237274,1.3301527708768845,10,8,8160,-0.00114432747806118,cuda,27.4365234375
77,118,200,1125,228,491,406,441,0.8981670061099797,1.7573333333333334,2.498487968739077,0.0012492439843695385,0.7821428571428571,219,61,3276.707075849856,327.6707075849856,6870.562478666393,687.0562478666393,178.06164241436437,17.806164241436438,4125.580820416935,412.5580820416935,3420.0,342.0,0,0.04445862501554359,0.032066128036176235,-0.03229014801199705,0.010020634443120685,0.001875379447298077,-0.00456509901596159,-0.0017291370093477296,-0.0012499999999999996,0.0,0.0007894936407181827,0.045626246838583025,-0.0008711589965969324,0.04649740583517996,0.025065218238160013,0.7159461200237274,1.3301527708768845,10,8,8160,-0.00114432747806118,cuda,27.4365234375
78,119,200,1120,286,462,372,429,0.9285714285714286,1.75625,-1.6173822776966564,-0.0008086911388483282,0.7043795620437956,193,81,3213.4166799176414,321.34166799176415,6787.947457321423,678.7947457321422,191.44321715110502,19.1443217151105,4051.0239436747843,405.10239436747844,3455.0,345.5,0,0.04900090654494677,0.04446582360034976,-0.04637694039194956,0.00299795241229576,0.0016930010217003028,-0.004969357305713016,-0.0018063348208941332,-0.0008250000000000004,0.0,0.0007207949345409281,0.045626246838583025,-0.0008711589965969324,0.04649740583517996,0.025065218238160013,0.7159461200237274,1.3301527708768845,10,8,8160,-0.00114432747806118,cuda,27.4365234375
79,120,200,973,190,541,242,533,0.9852125693160814,1.9270298047276464,-2.6083701229357397,-0.0013041850614678699,0.8043478260869565,222,54,3462.174205862296,346.2174205862296,7033.039353529785,703.3039353529786,193.05547255164356,19.305547255164356,4361.270008549479,436.1270008549479,2200.0,220.0,1,0.04971430136303065,0.03647647049809816,-0.03637457746814988,0.003817859740071343,1.0842578114555936e-05,-0.003932751982296064,-0.0014819017879431206,-0.00019999999999999998,-0.001,5.421289057277968e-06,0.045626246838583025,-0.0008711589965969324,0.04649740583517996,0.025065218238160013,0.7159461200237274,1.3301527708768845,10,8,8160,-0.00114432747806118,cuda,27.4365234375
80,121,200,1157,294,372,491,372,1.0,1.5687121866897147,-4.024466106920442,-0.002012233053460221,0.5306859205776173,147,130,2794.3811866312876,279.43811866312876,5217.481620630179,521.748162063018,192.90476710050348,19.29047671005035,3518.0212457933585,351.80212457933584,3925.0,392.5,3,0.03802574178470644,0.037916671998769615,-0.03540567155934247,0.006068093045128508,0.0008855935482268135,-0.005601918455815313,-0.0017588113543655552,0.0,-0.003,0.0003608937692582055,0.045626246838583025,-0.0008711589965969324,0.04649740583517996,0.025065218238160013,0.7159461200237274,1.3301527708768845,10,8,8160,-0.00114432747806118,cuda,27.4365234375
81,122,200,1045,186,500,359,487,0.974,1.8966507177033494,-0.6959038706028323,-0.00034795193530141617,0.6906474820143885,192,86,3644.925880803903,364.4925880803903,7579.820489481393,757.9820489481393,154.65407775125638,15.465407775125637,4589.026540093546,458.9026540093546,2790.0,279.0,0,0.05029084755127552,0.03099299713674705,-0.03097727328871452,0.0027040226061707784,0.00101260782396806,-0.0032331385725467583,-0.0016844006195439077,-0.000325,0.0,0.00043470409778509686,-0.01666223443899071,-0.0011214785728952848,-0.015540755866095424,0.017394746001809836,0.7226834997534752,1.2056551456451416,11,8,8026,-0.0012421091909706331,cuda,25.64208984375
82,123,200,948,230,397,321,397,1.0,1.7763713080168777,-4.963619764621745,-0.0024818098823108726,0.6129032258064516,171,108,3126.6951547434637,312.6695154743464,5816.409212373802,581.6409212373802,160.54691176697676,16.054691176697677,3938.837330371355,393.8837330371355,2755.0,275.5,3,0.043488029827434965,0.039198783064425986,-0.05223703746625939,0.0030133070187033243,0.0006727059999731383,-0.0037983778314214876,-0.0016848417190572132,0.0,-0.003,0.0002860412195928305,-0.01666223443899071,-0.0011214785728952848,-0.015540755866095424,0.017394746001809836,0.7226834997534752,1.2056551456451416,11,8,8026,-0.0012421091909706331,cuda,25.64208984375
83,124,200,969,189,526,254,471,0.8954372623574145,1.9205366357069142,-1.0860860147456861,-0.000543043007372843,0.6771929824561403,193,92,3498.0299056623157,349.8029905662316,7075.297900982168,707.5297900982168,163.94307344277004,16.394307344277003,4408.118114671085,440.8118114671085,2490.0,249.0,1,0.05050588843424553,0.03655765548694733,-0.03447395158452613,0.007085702390918467,0.000893933239873362,-0.0034065497613942762,-0.0015103900748960712,-0.001374999999999999,-0.001,0.00039231260418158234,-0.01666223443899071,-0.0011214785728952848,-0.015540755866095424,0.017394746001809836,0.7226834997534752,1.2056551456451416,11,8,8026,-0.0012421091909706331,cuda,25.64208984375
84,125,200,904,215,441,248,432,0.9795918367346939,1.9834070796460177,-2.8007905459051297,-0.0014003952729525649,0.7052631578947368,201,84,3516.8904261269895,351.6890426126989,6871.177943401962,687.1177943401962,161.04624307264953,16.104624307264952,4433.439971553577,443.3439971553577,2360.0,236.0,2,0.05455636998070774,0.03886996073435403,-0.03132123634475846,0.0034824243841331012,0.0010380530417274515,-0.0034751672462861485,-0.0013720369832156448,-0.00022499999999999997,-0.002,0.00043367040305263704,-0.01666223443899071,-0.0011214785728952848,-0.015540755866095424,0.017394746001809836,0.7226834997534752,1.2056551456451416,11,8,8026,-0.0012421091909706331,cuda,25.64208984375
85,126,200,994,218,367,409,282,0.7683923705722071,1.919517102615694,-7.1261291025452715,-0.003563064551272636,0.6795774647887324,193,91,3716.993059152976,371.6993059152976,7257.678853198214,725.7678853198214,152.39782364183162,15.239782364183162,4681.981206404023,468.19812064040235,3560.0,356.0,1,0.05324907350220144,0.0355605619277998,-0.03782819256958419,-0.0018369030511342923,0.0017638309687480294,-0.003931973616977665,-0.0019854671380052716,-0.0021249999999999962,-0.001,0.0007121788986346353,-0.01666223443899071,-0.0011214785728952848,-0.015540755866095424,0.017394746001809836,0.7226834997534752,1.2056551456451416,11,8,8026,-0.0012421091909706331,cuda,25.64208984375
86,127,200,1108,233,488,387,451,0.9241803278688525,1.7969314079422383,-1.6350521436614365,-0.0008175260718307182,0.6906474820143885,192,86,3368.274791544594,336.8274791544594,7028.304149948939,702.8304149948939,169.33826388100803,16.933826388100805,4242.45531887617,424.245531887617,3285.0,328.5,0,0.049639532183117306,0.041089239174641676,-0.0409408618752082,0.0015233489969083528,0.002211069205012081,-0.004186260899883426,-0.0018617201983312911,-0.0009250000000000005,0.0,0.0009334872772611004,-0.01666223443899071,-0.0011214785728952848,-0.015540755866095424,0.017394746001809836,0.7226834997534752,1.2056551456451416,11,8,8026,-0.0012421091909706331,cuda,25.64208984375
87,128,200,958,258,307,393,298,0.9706840390879479,1.802713987473904,-0.8821256520353918,-0.0004410628260176959,0.6595744680851063,186,96,3303.6335581840003,330.3633558184,6070.238162137972,607.0238162137972,166.3610783521825,16.636107835218247,4162.431496704474,416.2431496704474,3300.0,330.0,3,0.048247342969408684,0.04312133312996938,-0.033923493253615454,0.01040665157149715,0.0010764256480340294,-0.004580793522314879,-0.001695368792700062,-0.00022499999999999997,-0.003,0.0004408468525050325,-0.01666223443899071,-0.0011214785728952848,-0.015540755866095424,0.017394746001809836,0.7226834997534752,1.2056551456451416,11,8,8026,-0.0012421091909706331,cuda,25.64208984375
88,129,200,1100,191,643,266,633,0.9844479004665629,1.790909090909091,-0.6840399614126382,-0.0003420199807063191,0.784452296819788,222,61,3382.4389864214586,338.24389864214584,7102.775458062179,710.2775458062179,181.05059734616887,18.105059734616887,4258.184063942693,425.8184063942693,2335.0,233.5,0,0.04451259743300341,0.033828766744387784,-0.031689390687798094,0.003143276915587464,0.0006753788219321745,-0.003733616823085342,-0.0011863651297922102,-0.00024999999999999995,0.0,0.0002754743015829436,-0.01666223443899071,-0.0011214785728952848,-0.015540755866095424,0.017394746001809836,0.7226834997534752,1.2056551456451416,11,8,8026,-0.0012421091909706331,cuda,25.64208984375
89,130,200,1093,228,391,474,335,0.8567774936061381,1.8170173833485819,3.7380065326489107,0.0018690032663244553,0.7224199288256228,203,78,3493.2313820184086,349.32313820184083,7052.719307473693,705.2719307473693,179.32044586508164,17.932044586508162,4403.992875707335,440.39928757073346,3790.0,379.0,0,0.05205699329140017,0.02879417122909939,-0.028467778245798016,0.011351659912051802,0.002325433537600077,-0.004307090517038867,-0.0016937593027963739,-0.0013999999999999991,0.0,0.0009648041799789924,-0.018211073775051368,-0.0029831836414006023,-0.015227890133650767,0.023687273719244534,0.7037566092279223,1.1772837983237372,12,8,8511,-0.0004080619615928756,cuda,26.06689453125
90,131,200,1002,223,457,322,440,0.962800875273523,1.9141716566866267,0.813081944268807,0.0004065409721344035,0.7741935483870968,216,63,3519.473312669663,351.9473312669663,7169.354678544614,716.9354678544614,199.9004060241242,19.99004060241242,4437.435298785705,443.7435298785705,2810.0,281.0,1,0.051805314375049,0.046810658724187056,-0.03711330427632286,0.009013041640956416,0.0011684575948633156,-0.004356593203660556,-0.002041367516155618,-0.0004250000000000001,-0.001,0.0004960090515299841,-0.018211073775051368,-0.0029831836414006023,-0.015227890133650767,0.023687273719244534,0.7037566092279223,1.1772837983237372,12,8,8511,-0.0004080619615928756,cuda,26.06689453125
91,132,200,1008,319,252,437,252,1.0,1.5892857142857142,-6.612160419358839,-0.003306080209679419,0.6338028169014085,180,104,2731.7282014570014,273.17282014570014,4464.675247218293,446.46752472182936,173.55615656209895,17.355615656209896,3444.3774361977285,344.43774361977285,3780.0,378.0,5,0.04453522141997858,0.06195158663409673,-0.06334284953516389,0.008163163853792833,0.0002442572532726767,-0.005056702150922016,-0.002901418862230237,0.0,-0.005,9.772092942661753e-05,-0.018211073775051368,-0.0029831836414006023,-0.015227890133650767,0.023687273719244534,0.7037566092279223,1.1772837983237372,12,8,8511,-0.0004080619615928756,cuda,26.06689453125
92,133,200,1106,265,319,522,316,0.9905956112852664,1.5940325497287522,-5.285525042013416,-0.0026427625210067077,0.493006993006993,141,145,2881.5014542185954,288.1501454218595,5048.401586659409,504.8401586659409,149.24039076251879,14.924039076251878,3631.7795107769894,363.17795107769894,3950.0,395.0,4,0.043741803140918516,0.04757566255454546,-0.05045656706071738,0.005994554213023984,0.0005481690419001259,-0.004163470961942967,-0.0021438730873698,-7.500000000000001e-05,-0.004,0.00022104863462942426,-0.018211073775051368,-0.0029831836414006023,-0.015227890133650767,0.023687273719244534,0.7037566092279223,1.1772837983237372,12,8,8511,-0.0004080619615928756,cuda,26.06689453125
93,134,200,1079,207,539,333,536,0.9944341372912802,1.7608897126969416,1.7722424514334658,0.0008861212257167329,0.6890459363957597,195,88,3206.0020462048624,320.60020462048624,6565.594719775189,656.5594719775189,214.1031051858401,21.41031051858401,4039.3935946736533,403.9393594673653,2715.0,271.5,1,0.045532927942268174,0.030508201691228858,-0.03292882619682345,0.009476563425072736,0.001156014875323761,-0.004658784908659877,-0.0014094811322778963,-7.500000000000001e-05,-0.001,0.00048269600562596753,-0.018211073775051368,-0.0029831836414006023,-0.015227890133650767,0.023687273719244534,0.7037566092279223,1.1772837983237372,12,8,8511,-0.0004080619615928756,cuda,26.06689453125
94,135,200,885,224,310,351,308,0.9935483870967742,1.759322033898305,-1.754246268916815,-0.0008771231344584075,0.6501766784452296,184,99,2978.087896665059,297.8087896665059,5032.332403251082,503.23324032510817,161.71107133923448,16.17110713392345,3752.9748864354033,375.2974886435403,2885.0,288.5,5,0.04426670348980744,0.03242901811435189,-0.022417063195807968,0.014223781358527452,0.00017927899372346894,-0.004163737550467936,-0.0015172867595506635,-5e-05,-0.005,7.611386154373289e-05,-0.018211073775051368,-0.0029831836414006023,-0.015227890133650767,0.023687273719244534,0.7037566092279223,1.1772837983237372,12,8,8511,-0.0004080619615928756,cuda,26.06689453125
95,136,200,1180,276,326,578,320,0.9815950920245399,1.5033898305084745,0.2051119018148587,0.00010255595090742935,0.5492957746478874,156,128,2817.09923172728,281.709923172728,4657.284221695842,465.7284221695842,208.3662731662944,20.83662731662944,3549.3530790097207,354.9353079009721,4300.0,430.0,4,0.04067138416593331,0.026676078953215523,-0.03120302320432968,0.016720458322651295,0.00045557180934674006,-0.006083139234420908,-0.001456446142605664,-0.00015,-0.004,0.0001971560836278765,-0.018211073775051368,-0.0029831836414006023,-0.015227890133650767,0.023687273719244534,0.7037566092279223,1.1772837983237372,12,8,8511,-0.0004080619615928756,cuda,26.06689453125
96,137,200,1158,277,521,360,491,0.9424184261036468,1.7115716753022452,0.5944975146370177,0.00029724875731850886,0.6123188405797102,169,107,3134.1249005398417,313.4124900539842,6689.2569272171095,668.9256927217109,234.45413515022125,23.445413515022125,3946.3314443604713,394.63314443604713,3335.0,333.5,0,0.04315802055601244,0.03433158224124597,-0.04264953812188003,0.007352918459599909,0.0013427103681801324,-0.005837005417371587,-0.0011522474491755708,-0.0007500000000000003,0.0,0.0005717405194036284,-0.018211073775051368,-0.0029831836414006023,-0.015227890133650767,0.023687273719244534,0.7037566092279223,1.1772837983237372,12,8,8511,-0.0004080619615928756,cuda,26.06689453125
97,138,200,876,217,270,389,270,1.0,1.7168949771689497,-6.9361651163157285,-0.003468082558157864,0.5874125874125874,168,118,3089.4698608380995,308.94698608381,4976.986628772654,497.69866287726535,121.6346640240408,12.16346640240408,3888.981978958868,388.89819789588677,3030.0,303.0,6,0.04075314968781657,0.035568737495811305,-0.027301911356294596,0.0061187233959094246,0.0006453296754946878,-0.0032522943659210346,-0.001591779221181847,0.0,-0.006,0.0002640654338077768,0.010359510728449095,-0.0005508211848791689,0.010910331913328264,0.025461658416315914,0.6732796177268028,1.1674379974603653,13,8,7866,-0.0007519524379294843,cuda,26.03076171875
98,139,200,995,222,453,320,439,0.9690949227373068,1.9919597989949749,0.8188290693155027,0.0004094145346577514,0.7508771929824561,214,71,3708.9873553428283,370.8987355342828,7787.681014615875,778.7681014615875,195.8727890720429,19.58727890720429,4672.017032082916,467.2017032082916,2780.0,278.0,0,0.055919337422464695,0.042194839809711365,-0.04060228443355453,0.006177953313067364,0.001170885882025926,-0.0043179477800424195,-0.0017565280357188745,-0.00035000000000000005,0.0,0.0004971396528669016,0.010359510728449095,-0.0005508211848791689,0.010910331913328264,0.025461658416315914,0.6732796177268028,1.1674379974603653,13,8,7866,-0.0007519524379294843,cuda,26.03076171875
99,140,200,1029,251,338,440,334,0.9881656804733728,1.7541302235179785,0.4546791363796854,0.00022733956818984268,0.693950177935943,195,86,3201.903013514993,320.1903013514993,6021.905884018331,602.1905884018331,179.57352148504873,17.957352148504874,4033.7137632170825,403.3713763217082,3475.0,347.5,2,0.04545272289269813,0.042123274651274786,-0.031175838722335782,0.01073954803920698,0.0008564963766781347,-0.004767377491443731,-0.0018412785632530165,-0.0001,-0.002,0.000356343297780329,0.010359510728449095,-0.0005508211848791689,0.010910331913328264,0.025461658416315914,0.6732796177268028,1.1674379974603653,13,8,7866,-0.0007519524379294843,cuda,26.03076171875
100,141,200,1021,231,383,407,377,0.9843342036553525,1.6405484818805094,-0.2556605150330333,-0.00012783025751651663,0.5508771929824562,157,128,3008.2695543043433,300.82695543043434,5137.896425968662,513.7896425968662,174.21287467926047,17.421287467926046,3793.4095873575416,379.34095873575416,3220.0,322.0,4,0.04395840829349632,0.032307980226125015,-0.03071063674874819,0.014611176319789919,0.0,-0.004128965364751275,-0.001239663653145167,-0.00015,-0.004,0.0,0.010359510728449095,-0.0005508211848791689,0.010910331913328264,0.025461658416315914,0.6732796177268028,1.1674379974603653,13,8,7866,-0.0007519524379294843,cuda,26.03076171875
101,142,200,979,197,381,401,381,1.0,1.8089887640449438,0.4031548816197347,0.00020157744080986733,0.5781818181818181,159,116,3251.0751386888223,325.1075138688822,6288.0435451529775,628.8043545152977,186.73041047702716,18.673041047702718,4097.533392793712,409.7533392793712,2990.0,299.0,2,0.04693216433541496,0.024720089899738566,-0.02206412278937136,0.010517084994484189,0.0003947846337335853,-0.004550154200638726,-0.0013480838616070155,0.0,-0.002,0.00016423391456521017,0.010359510728449095,-0.0005508211848791689,0.010910331913328264,0.025461658416315914,0.6732796177268028,1.1674379974603653,13,8,7866,-0.0007519524379294843,cuda,26.03076171875
102,143,200,967,237,425,305,424,0.9976470588235294,1.7828335056876938,1.4613526730917732,0.0007306763365458866,0.572463768115942,158,118,3203.580117996512,320.3580117996512,6052.165313898229,605.2165313898229,197.78484697951717,19.77848469795172,4035.1757974842253,403.5175797484225,2715.0,271.5,3,0.044189019413892694,0.04132743909506999,-0.04827281137275761,0.013838516731458972,0.0008820627946842225,-0.004680446437448448,-0.0012901499883071757,-2.5e-05,-0.003,0.00036970408860095003,0.010359510728449095,-0.0005508211848791689,0.010910331913328264,0.025461658416315914,0.6732796177268028,1.1674379974603653,13,8,7866,-0.0007519524379294843,cuda,26.03076171875
103,144,200,1031,215,243,573,242,0.9958847736625515,1.6314258001939865,-2.8810446293379735,-0.0014405223146689867,0.5658362989323843,159,122,3128.366208895274,312.8366208895274,4980.822016223471,498.0822016223471,136.46120641081365,13.646120641081364,3940.7933464961106,394.07933464961104,3945.0,394.5,4,0.04365948800611267,0.035282624837500616,-0.028050915426116957,0.009926964368352506,0.00025178146967161044,-0.0035862432917820185,-0.00221328469588098,-2.5e-05,-0.004,0.00010151101083026084,0.010359510728449095,-0.0005508211848791689,0.010910331913328264,0.025461658416315914,0.6732796177268028,1.1674379974603653,13,8,7866,-0.0007519524379294843,cuda,26.03076171875
104,145,200,968,199,412,357,400,0.970873786407767,1.8409090909090908,-5.096384506591712,-0.002548192253295856,0.7402135231316725,208,73,3325.4738566506785,332.54738566506785,6371.134668336187,637.1134668336188,147.50649764018266,14.750649764018267,4190.74179158077,419.074179158077,2840.0,284.0,2,0.04959850704133001,0.03761112403317822,-0.034854516639848704,0.0005271323541722419,0.0005400409302078458,-0.0031963431856906876,-0.0014182306234095051,-0.0003,-0.002,0.00022506248257267441,0.010359510728449095,-0.0005508211848791689,0.010910331913328264,0.025461658416315914,0.6732796177268028,1.1674379974603653,13,8,7866,-0.0007519524379294843,cuda,26.03076171875
105,146,200,1073,224,467,382,452,0.9678800856531049,1.7343895619757688,-0.01822059932117171,-9.110299660585856e-06,0.6480836236933798,186,101,3115.377824424713,311.53778244247127,6305.869295106489,630.5869295106488,181.62602035062056,18.162602035062058,3921.5510222136977,392.15510222136976,3105.0,310.5,1,0.042650162894655355,0.03509043189269887,-0.03240955301457609,0.007759468340624156,0.0006603706215017775,-0.004220432210238977,-0.0015428106498067767,-0.00037500000000000006,-0.001,0.00026934344721337816,0.021553573648108997,0.0032283655574752226,0.018325208090633774,0.02144576867835389,0.7186468760172526,1.0403746181064182,14,8,8407,-0.0011583327459672873,cuda,25.74658203125
106,147,200,926,202,308,416,305,0.9902597402597403,1.7602591792656588,-2.3276949630181347,-0.0011638474815090674,0.6107142857142858,171,109,3249.0846849909426,324.9084684990943,5710.351239345264,571.0351239345264,130.02459533650566,13.002459533650566,4086.528427965181,408.6528427965181,3105.0,310.5,4,0.04248531346905346,0.0373314079548516,-0.03166201255392521,0.009449224864823897,0.0006139635914952419,-0.0032482248165113686,-0.001706189716470478,-7.500000000000001e-05,-0.004,0.0002537732738325752,0.021553573648108997,0.0032283655574752226,0.018325208090633774,0.02144576867835389,0.7186468760172526,1.0403746181064182,14,8,8407,-0.0011583327459672873,cuda,25.74658203125
107,148,200,1083,256,578,249,577,0.9982698961937716,1.7580794090489382,-4.319924053328451,-0.0021599620266642256,0.7158273381294964,199,79,3167.430087594753,316.7430087594753,6479.875216227231,647.9875216227231,216.25373555547074,21.625373555547075,3991.8296935318576,399.18296935318574,2530.0,253.0,1,0.04823730164542663,0.05195663427190952,-0.06257385537244825,0.0009915418280392837,0.00019563365418966076,-0.004718531949576923,-0.0015004066581737322,-2.5e-05,-0.001,8.161053926952719e-05,0.021553573648108997,0.0032283655574752226,0.018325208090633774,0.02144576867835389,0.7186468760172526,1.0403746181064182,14,8,8407,-0.0011583327459672873,cuda,25.74658203125
108,149,200,1221,267,714,240,703,0.9845938375350141,1.6257166257166258,-2.8412860437856073,-0.0014206430218928036,0.6338028169014085,180,104,2834.3253111667227,283.4325311166723,6074.049761622827,607.4049761622827,224.75510066222364,22.475510066222363,3571.526000352044,357.1526000352044,2590.0,259.0,0,0.04314364532143143,0.0426793672639112,-0.05434890637670093,0.0007509206769835372,0.0006409022444983353,-0.005166581582172873,-0.0008790748067086591,-0.00027499999999999996,0.0,0.00026276469437710255,0.021553573648108997,0.0032283655574752226,0.018325208090633774,0.02144576867835389,0.7186468760172526,1.0403746181064182,14,8,8407,-0.0011583327459672873,cuda,25.74658203125
109,150,200,1024,224,615,185,611,0.9934959349593496,1.9287109375,0.27411995457749916,0.00013705997728874958,0.7617328519855595,211,66,3506.941032100777,350.69410321007774,7465.324086358036,746.5324086358036,245.1590559311809,24.515905593118088,4420.668498042592,442.06684980425916,2065.0,206.5,0,0.053466585353211776,0.04289321230416789,-0.04891779330861037,0.0066972470593215745,0.0,-0.004979436852392626,-0.0010402380997989132,-0.0001,0.0,0.0,0.021553573648108997,0.0032283655574752226,0.018325208090633774,0.02144576867835389,0.7186468760172526,1.0403746181064182,14,8,8407,-0.0011583327459672873,cuda,25.74658203125
110,151,200,1229,257,244,728,244,1.0,1.3759153783563873,2.335936330448078,0.001167968165224039,0.4142857142857143,116,164,2538.5781337475755,253.85781337475754,3620.492863210102,362.0492863210102,159.52961422045522,15.952961422045522,3194.639428959742,319.4639428959742,4925.0,492.5,5,0.03195057746761794,0.037977487022687995,-0.029017677263890738,0.021670002710306346,6.397065853498605e-05,-0.0046140268127223315,-0.0016511917637393539,0.0,-0.005,3.1985329267493025e-05,0.021553573648108997,0.0032283655574752226,0.018325208090633774,0.02144576867835389,0.7186468760172526,1.0403746181064182,14,8,8407,-0.0011583327459672873,cuda,25.74658203125
111,152,200,854,190,314,350,313,0.9968152866242038,1.8747072599531616,-6.335752536724173,-0.0031678762683620865,0.6401384083044983,185,104,3284.5518779679624,328.4551877967962,5888.437683747103,588.8437683747103,151.52671977458277,15.152671977458278,4137.280575800833,413.72805758008326,2705.0,270.5,4,0.0434464810432809,0.030564157368207816,-0.027586268075370315,0.003375619255971266,7.422003711029208e-05,-0.0035428929020325404,-0.0011304654617887739,-2.5e-05,-0.004,3.7110018555146035e-05,0.021553573648108997,0.0032283655574752226,0.018325208090633774,0.02144576867835389,0.7186468760172526,1.0403746181064182,14,8,8407,-0.0011583327459672873,cuda,25.74658203125
112,153,200,997,240,528,229,494,0.9356060606060606,1.9699097291875627,-5.300502024324638,-0.002650251012162319,0.6853146853146853,196,90,3734.7154046236656,373.47154046236653,7872.078621072866,787.2078621072866,217.22401323430032,21.72240132343003,4702.825124936239,470.2825124936239,2515.0,251.5,0,0.0507439636521653,0.029812597887434192,-0.04135728937372813,-0.0027401952024795175,0.0009843023056361094,-0.004459055137779743,-0.0014180673010590792,-0.0008500000000000004,0.0,0.0004099925936717692,0.021553573648108997,0.0032283655574752226,0.018325208090633774,0.02144576867835389,0.7186468760172526,1.0403746181064182,14,8,8407,-0.0011583327459672873,cuda,25.74658203125
113,154,200,1022,227,422,373,379,0.8981042654028436,1.8395303326810175,1.2513518062548643,0.0006256759031274321,0.6063829787234043,171,111,3392.1731057408397,339.21731057408397,6886.976518556048,688.6976518556048,200.42011264857186,20.042011264857187,4271.596603132889,427.1596603132889,3215.0,321.5,1,0.048061201319997825,0.03659695890011367,-0.04313982737021346,0.011075249996082157,0.0010477821289488866,-0.004703479866790665,-0.0013216907125558495,-0.0010750000000000002,-0.001,0.0004477225950336714,-0.024056904581892823,-0.011980026825848552,-0.012076877756044269,0.023660300340917376,0.670741966035631,1.0955620580249363,15,8,8225,-0.0002458041587177568,cuda,25.65966796875
114,155,200,1093,223,298,572,283,0.9496644295302014,1.5800548947849955,-1.4622395595241215,-0.0007311197797620608,0.5598591549295775,159,125,2924.5925456820637,292.45925456820635,5037.238047525269,503.7238047525269,148.6130964207522,14.861309642075222,3684.9375702660036,368.49375702660035,4050.0,405.0,2,0.043212395515276086,0.043424760660714434,-0.05023074994813572,0.006919668369692832,0.000993778019341605,-0.00361853376736092,-0.002056819083609687,-0.00037500000000000006,-0.002,0.0004031875437785649,-0.024056904581892823,-0.011980026825848552,-0.012076877756044269,0.023660300340917376,0.670741966035631,1.0955620580249363,15,8,8225,-0.0002458041587177568,cuda,25.65966796875
115,156,200,1052,233,406,413,402,0.9901477832512315,1.8136882129277567,-1.8740666433685587,-0.0009370333216842794,0.7809187279151943,221,62,3386.5650484394846,338.6565048439485,6830.853831976911,683.0853831976912,188.53727810383944,18.853727810383944,4266.666441476492,426.6666441476492,3250.0,325.0,1,0.049285072711386,0.050970766530145165,-0.05763281144504643,0.0042801223413125805,0.0008628341679562986,-0.004244940987130724,-0.00212185557253661,-0.0001,-0.001,0.00036253743436815664,-0.024056904581892823,-0.011980026825848552,-0.012076877756044269,0.023660300340917376,0.670741966035631,1.0955620580249363,15,8,8225,-0.0002458041587177568,cuda,25.65966796875
116,157,200,1073,204,407,462,377,0.9262899262899262,1.7036346691519106,4.418205399989824,0.002209102699994912,0.6702898550724637,185,91,3142.25741704323,314.225741704323,5951.607820115274,595.1607820115274,188.88311028479413,18.888311028479414,3959.5258464777557,395.95258464777555,3480.0,348.0,2,0.04573841168906287,0.0259339681879856,-0.01830573197220926,0.017003363665201037,0.0015564098441481788,-0.0045457766155237314,-0.0015070518721828604,-0.0007500000000000003,-0.002,0.0006013618603928792,-0.024056904581892823,-0.011980026825848552,-0.012076877756044269,0.023660300340917376,0.670741966035631,1.0955620580249363,15,8,8225,-0.0002458041587177568,cuda,25.65966796875
117,158,200,918,209,218,491,204,0.9357798165137615,1.7908496732026145,-4.460423776428505,-0.0022302118882142523,0.6272401433691757,175,104,3363.767308000637,336.3767308000637,5554.862993741828,555.4862993741829,136.46022598873236,13.646022598873236,4235.3291450999095,423.532914509991,3570.0,357.0,6,0.04649342234603451,0.024316847938769134,-0.021845340710688426,0.010473452068136699,0.0007486386720507968,-0.0034691349831284107,-0.00097234190224656,-0.00035000000000000005,-0.006,0.0003092759013675651,-0.024056904581892823,-0.011980026825848552,-0.012076877756044269,0.023660300340917376,0.670741966035631,1.0955620580249363,15,8,8225,-0.0002458041587177568,cuda,25.65966796875
118,159,200,1056,276,416,364,389,0.9350961538461539,1.7528409090909092,-2.652719134360169,-0.0013263595671800846,0.6959706959706959,190,83,3206.96638806845,320.69663880684504,6567.163676153413,656.7163676153413,217.27747235899722,21.72774723589972,4037.1998252368858,403.7199825236886,3335.0,333.5,1,0.04223158206552293,0.04620832614917872,-0.04960524726525517,0.004898533109309014,0.0012173772273777073,-0.005528815101034226,-0.002047446957466448,-0.0006750000000000003,-0.001,0.0005067623539674532,-0.024056904581892823,-0.011980026825848552,-0.012076877756044269,0.023660300340917376,0.670741966035631,1.0955620580249363,15,8,8225,-0.0002458041587177568,cuda,25.65966796875
119,160,200,1045,223,333,489,329,0.987987987987988,1.6899521531100479,-0.8466784037212994,-0.00042333920186064973,0.5894736842105263,168,117,3183.2128606746674,318.32128606746676,5751.998664880366,575.1998664880366,171.01319887087197,17.101319887087197,4009.116585995494,400.9116585995494,3580.0,358.0,3,0.044418311685474464,0.03714266814755354,-0.03334081818652251,0.009889727263645324,0.0010918048340831906,-0.004204111831171951,-0.0018134246715068637,-0.0001,-0.003,0.00046555041928568865,-0.024056904581892823,-0.011980026825848552,-0.012076877756044269,0.023660300340917376,0.670741966035631,1.0955620580249363,15,8,8225,-0.0002458041587177568,cuda,25.65966796875
120,161,200,966,193,537,236,512,0.9534450651769087,2.038302277432712,1.6937037716738572,0.0008468518858369286,0.7956204379562044,218,56,3755.7727329492905,375.57727329492906,7931.160861768032,793.1160861768033,226.0105707190862,22.60105707190862,4730.964967885934,473.0964967885934,2270.0,227.0,0,0.05289239724406348,0.0322452948488813,-0.02937286823602904,0.009113838946516413,0.0007515875288213942,-0.004785095714356915,-0.0013901614257234162,-0.0006250000000000002,0.0,0.00032938497686730667,-0.024056904581892823,-0.011980026825848552,-0.012076877756044269,0.023660300340917376,0.670741966035631,1.0955620580249363,15,8,8225,-0.0002458041587177568,cuda,25.65966796875
121,162,200,1175,326,493,356,449,0.9107505070993914,1.6791489361702128,9.042553685364153,0.004521276842682076,0.6395759717314488,181,102,2966.7699427211346,296.67699427211346,6286.447651676375,628.6447651676375,333.45211416126557,33.34521141612656,3739.6496854470033,373.96496854470035,3630.0,363.0,0,0.04557118475356309,0.048667184605524265,-0.043145902429137115,0.02451641483387884,0.0016066733025282885,-0.008288828685747828,-0.0014527111305621297,-0.0011,0.0,0.0006646424358959706,0.038600339336941646,-0.0012818470597267151,0.03988218639666836,0.01977073558502727,0.7034775522020128,1.0744662046432496,16,8,8920,7.320239784835687e-05,cuda,26.396484375
122,163,200,1004,254,540,210,527,0.975925925925926,1.9601593625498008,-0.5618152637863811,-0.00028090763189319055,0.7571428571428571,212,68,3533.9080051340175,353.39080051340176,7550.050421745594,755.0050421745593,276.88867672779384,27.688867672779384,4453.901947836722,445.3901947836722,2385.0,238.5,0,0.05365724399721484,0.05030741682055631,-0.05721452611558837,0.006327782118356352,0.00018356996869550892,-0.005835825002032851,-0.0010100464465969841,-0.000325,0.0,7.749058604676319e-05,0.038600339336941646,-0.0012818470597267151,0.03988218639666836,0.01977073558502727,0.7034775522020128,1.0744662046432496,16,8,8920,7.320239784835687e-05,cuda,26.396484375
123,164,200,1090,236,316,538,308,0.9746835443037974,1.6238532110091743,1.2474266779295244,0.0006237133389647622,0.5543478260869565,153,123,3045.654366384879,304.5654366384879,5451.368269260905,545.1368269260905,170.54954312734367,17.054954312734367,3835.2568584753317,383.52568584753317,3910.0,391.0,2,0.04262588953546796,0.04155452095648789,-0.04252807931371878,0.011363727824268713,0.0010777893335718889,-0.0043637198666187805,-0.0016968325684043064,-0.00019999999999999998,-0.002,0.0004605220558619902,0.038600339336941646,-0.0012818470597267151,0.03988218639666836,0.01977073558502727,0.7034775522020128,1.0744662046432496,16,8,8920,7.320239784835687e-05,cuda,26.396484375
124,165,200,1103,262,402,439,399,0.9925373134328358,1.727107887579329,0.5035584435741668,0.00025177922178708337,0.7266187050359713,202,76,3137.8390513563863,313.78390513563863,6415.379765441184,641.5379765441184,205.50135540404784,20.550135540404785,3954.1109979966914,395.41109979966916,3520.0,352.0,1,0.04546572384319843,0.049094243668342835,-0.05610827592011733,0.008546282989819022,0.0009229134260930441,-0.005062027401955608,-0.001805092053404893,-7.500000000000001e-05,-0.001,0.0003779482157563715,0.038600339336941646,-0.0012818470597267151,0.03988218639666836,0.01977073558502727,0.7034775522020128,1.0744662046432496,16,8,8920,7.320239784835687e-05,cuda,26.396484375
125,166,200,1134,319,577,238,573,0.9930675909878682,1.736331569664903,-6.42508552789525,-0.0032125427639476253,0.7314487632508834,207,76,3133.2062495251985,313.32062495251984,6752.176839071595,675.2176839071595,278.6232157387978,27.86232157387978,3945.975458504555,394.5975458504555,2805.0,280.5,0,0.04646446630408834,0.06754894906443709,-0.08641327272374523,-0.0035920769264052364,0.00041866024806307427,-0.006519001921494783,-0.0011659231625929505,-0.0001,0.0,0.00017336425731660099,0.038600339336941646,-0.0012818470597267151,0.03988218639666836,0.01977073558502727,0.7034775522020128,1.0744662046432496,16,8,8920,7.320239784835687e-05,cuda,26.396484375
126,167,200,1143,290,520,333,518,0.9961538461538462,1.731408573928259,-7.896789120128921,-0.00394839456006446,0.6912280701754386,197,88,3142.34180964905,314.234180964905,6665.662061001253,666.5662061001253,232.791347657846,23.279134765784598,3956.7236169360476,395.6723616936048,3125.0,312.5,0,0.04418072959846468,0.058365398955862575,-0.08330149927821279,-0.007034073235628657,0.000425328233206132,-0.005667296339277635,-0.0011030432955464037,-5e-05,0.0,0.0001745011554323676,0.038600339336941646,-0.0012818470597267151,0.03988218639666836,0.01977073558502727,0.7034775522020128,1.0744662046432496,16,8,8920,7.320239784835687e-05,cuda,26.396484375
127,168,200,1198,249,318,631,317,0.9968553459119497,1.6519198664440735,2.340893748638971,0.0011704468743194856,0.8120567375886525,229,53,3300.7495463002488,330.0749546300249,6210.5522127313225,621.0552212731322,168.93759915872488,16.893759915872486,4157.471530573561,415.74715305735606,4405.0,440.5,0,0.04605850886923444,0.053408597963733,-0.05472647898627815,0.009047350753005579,0.0008644982629621864,-0.004171414990117534,-0.0024945767213289467,-2.5e-05,0.0,0.00035349008764027994,0.038600339336941646,-0.0012818470597267151,0.03988218639666836,0.01977073558502727,0.7034775522020128,1.0744662046432496,16,8,8920,7.320239784835687e-05,cuda,26.396484375
128,169,200,1073,235,511,327,487,0.9530332681017613,1.837837837837838,2.920495721877447,0.0014602478609387235,0.6379928315412187,178,101,3407.16020081801,340.716020081801,7220.907833507768,722.0907833507769,222.1561170826322,22.215611708263218,4290.911278859723,429.0911278859723,2930.0,293.0,0,0.048354773597151166,0.042724754817447294,-0.03899669528175399,0.01031405304250367,0.0013402348368300946,-0.005107424050872341,-0.0012996878220490255,-0.0006000000000000002,0.0,0.0005793856666291132,0.038600339336941646,-0.0012818470597267151,0.03988218639666836,0.01977073558502727,0.7034775522020128,1.0744662046432496,16,8,8920,7.320239784835687e-05,cuda,26.396484375
129,170,200,999,214,462,323,444,0.961038961038961,1.967967967967968,3.1670718974085297,0.0015835359487042647,0.7572463768115942,209,67,3740.4842102040975,374.04842102040976,7649.430761182318,764.9430761182318,213.49242761445174,21.349242761445176,4715.138426860702,471.5138426860702,2775.0,277.5,0,0.0574170805620224,0.03375765499988742,-0.03248899057964101,0.010466297978618682,0.000864768874633945,-0.0048009870209179345,-0.00089005057347725,-0.0004500000000000001,0.0,0.0003636540483145328,-0.03696237643016502,-0.001470629987306893,-0.03549174644285813,0.024935990013182162,0.6786876231431961,1.1588748008012772,17,8,8106,-0.0004983059384246663,cuda,25.93017578125
130,171,200,1003,231,192,580,181,0.9427083333333334,1.6141575274177467,-5.506561691482496,-0.0027532808457412477,0.6690647482014388,186,92,3182.5758585045883,318.25758585045884,4935.160106906299,493.5160106906299,152.96461068060714,15.296461068060713,4010.9498020878996,401.09498020878993,4110.0,411.0,5,0.04606000996364439,0.039304326884313026,-0.03148032191200741,0.007870901427620555,0.0004810009377216508,-0.0043009353499945105,-0.0013725074865042323,-0.00027499999999999996,-0.005,0.00019306201973850014,-0.03696237643016502,-0.001470629987306893,-0.03549174644285813,0.024935990013182162,0.6786876231431961,1.1588748008012772,17,8,8106,-0.0004983059384246663,cuda,25.93017578125
131,172,200,1062,269,498,295,484,0.9718875502008032,1.8832391713747645,-1.2195435108383241,-0.0006097717554191621,0.6879432624113475,194,88,3423.7234213257707,342.37234213257705,7271.916303453406,727.1916303453406,231.05273629609923,23.105273629609922,4313.894953362279,431.3894953362279,2890.0,289.0,0,0.049197351290283076,0.05994306792080663,-0.06736144188482845,0.004298967262236393,0.0009503539281606929,-0.005282838576965938,-0.0019324642046723757,-0.00035000000000000005,0.0,0.0003965217661040955,-0.03696237643016502,-0.001470629987306893,-0.03549174644285813,0.024935990013182162,0.6786876231431961,1.1588748008012772,17,8,8106,-0.0004983059384246663,cuda,25.93017578125
132,173,200,1113,259,506,348,503,0.9940711462450593,1.7088948787061995,5.078885386801638,0.0025394426934008192,0.5759717314487632,163,120,3191.757204713104,319.1757204713104,6534.468759297186,653.4468759297185,213.87049987371006,21.387049987371007,4020.172474687031,402.0172474687031,3050.0,305.0,1,0.04484295258806378,0.0609153000875116,-0.0682482111401042,0.01518813139040265,0.0011708323322276361,-0.0049311691391022575,-0.0014045446065087622,-7.500000000000001e-05,-0.001,0.0004885348399162297,-0.03696237643016502,-0.001470629987306893,-0.03549174644285813,0.024935990013182162,0.6786876231431961,1.1588748008012772,17,8,8106,-0.0004983059384246663,cuda,25.93017578125
133,174,200,1053,248,371,434,370,0.9973045822102425,1.5897435897435896,-1.354402543510732,-0.000677201271755366,0.6099290780141844,172,110,2691.8536551792495,269.18536551792494,4815.4806408100585,481.54806408100586,184.65778126869995,18.465778126869996,3392.269616390071,339.2269616390071,3415.0,341.5,3,0.03963456886130344,0.0425433969892457,-0.03603566261004318,0.009827943090617677,0.0005263544242804848,-0.0047397311998252385,-0.0012686276900692587,-2.5e-05,-0.003,0.00021304982994494996,-0.03696237643016502,-0.001470629987306893,-0.03549174644285813,0.024935990013182162,0.6786876231431961,1.1588748008012772,17,8,8106,-0.0004983059384246663,cuda,25.93017578125
134,175,200,944,223,237,484,236,0.9957805907172996,1.6334745762711864,-6.866581143939158,-0.003433290571969579,0.6714285714285714,188,92,2947.9296796457725,294.79296796457726,4720.152680152343,472.0152680152343,145.6918420794504,14.569184207945039,3711.6585928666436,371.1658592866644,3540.0,354.0,6,0.03746644836806816,0.029043830185460803,-0.023685221690730736,0.006597116306842171,0.0006645920489966652,-0.004075818949796911,-0.001075443812996801,-2.5e-05,-0.006,0.0002869026737044555,-0.03696237643016502,-0.001470629987306893,-0.03549174644285813,0.024935990013182162,0.6786876231431961,1.1588748008012772,17,8,8106,-0.0004983059384246663,cuda,25.93017578125
135,176,200,1001,221,458,322,456,0.9956331877729258,1.7992007992007992,1.0256979910680777,0.0005128489955340389,0.6199261992619927,168,103,3138.8036198766567,313.88036198766565,6203.587898424331,620.3587898424331,222.30128184208894,22.230128184208894,3957.1114600187557,395.7111460018756,2725.0,272.5,2,0.045740258360211214,0.03829292014252516,-0.04309617129923755,0.011844224120410996,0.0002367078256929771,-0.004932043734410141,-0.0008793829248659323,-5e-05,-0.002,9.522056987477099e-05,-0.03696237643016502,-0.001470629987306893,-0.03549174644285813,0.024935990013182162,0.6786876231431961,1.1588748008012772,17,8,8106,-0.0004983059384246663,cuda,25.93017578125
136,177,200,931,225,303,403,274,0.9042904290429042,1.8517722878625134,-2.2974614003021965,-0.0011487307001510983,0.6557971014492754,181,95,3518.4635823287317,351.8463582328732,6168.3269268265,616.8326926826501,143.03513667162704,14.303513667162704,4432.164883120151,443.2164883120151,3285.0,328.5,3,0.052022665833900125,0.05142485250763537,-0.047699165845679015,0.006430985683695255,0.0019029996102417832,-0.0034480645315990116,-0.00148588772954722,-0.0007250000000000003,-0.003,0.0008061011352126339,-0.03696237643016502,-0.001470629987306893,-0.03549174644285813,0.024935990013182162,0.6786876231431961,1.1588748008012772,17,8,8106,-0.0004983059384246663,cuda,25.93017578125
137,178,200,1015,215,342,458,336,0.9824561403508771,1.723152709359606,-0.6049390863914234,-0.0003024695431957117,0.6441281138790036,181,100,3338.1104866447026,333.81104866447026,5704.75583565889,570.475583565889,176.0536967450447,17.60536967450447,4206.2463785152995,420.62463785152994,3395.0,339.5,3,0.04885918173867943,0.03560953056051889,-0.037168440545489255,0.011345442584042435,0.0,-0.004106907355275831,-0.0009168782265035143,-0.00015,-0.003,0.0,0.01403862828026629,0.004605822047839562,0.009432806232426729,0.022603706270456315,0.6464253173934089,1.1206721756193372,18,8,8317,-0.00015417825680688293,cuda,25.88134765625
138,179,200,1208,219,275,714,271,0.9854545454545455,1.5612582781456954,-1.2375559221705708,-0.0006187779610852854,0.5957446808510638,168,114,3151.6764935751758,315.1676493575176,5398.601985587263,539.8601985587263,151.08090510060043,15.108090510060043,3967.935496238965,396.79354962389647,4685.0,468.5,2,0.0435740734440803,0.0362118529719436,-0.034248226990757684,0.006667007759196348,0.0006739818233321689,-0.004021371048800307,-0.0010159167160906082,-0.0001,-0.002,0.00027370308927358476,0.01403862828026629,0.004605822047839562,0.009432806232426729,0.022603706270456315,0.6464253173934089,1.1206721756193372,18,8,8317,-0.00015417825680688293,cuda,25.88134765625
139,180,200,996,262,479,255,469,0.9791231732776617,1.8795180722891567,-1.7561851796512957,-0.0008780925898256479,0.8315412186379928,232,47,3343.1992668760213,334.3199266876021,6880.0173667939,688.00173667939,234.5628168205811,23.456281682058112,4215.448037425605,421.54480374256053,2635.0,263.5,1,0.05112985536318551,0.047257301168475145,-0.04836061936624603,0.0045801775839452155,0.0008991800891069953,-0.005034558779654346,-0.0012167284627966795,-0.00024999999999999995,-0.001,0.00035797665468133776,0.01403862828026629,0.004605822047839562,0.009432806232426729,0.022603706270456315,0.6464253173934089,1.1206721756193372,18,8,8317,-0.00015417825680688293,cuda,25.88134765625
140,181,200,851,180,360,311,351,0.975,2.1598119858989424,1.9913651837475903,0.000995682591873795,0.7544483985765125,212,69,3854.8062787112785,385.48062787112787,7848.414991901096,784.8414991901096,199.54823434185272,19.954823434185272,4857.361927293329,485.7361927293329,2500.0,250.0,1,0.054185603949899706,0.03014713015605117,-0.023422458414212814,0.010404081847990656,0.0005772035035053517,-0.004212098477537997,-0.0010295393907118317,-0.00022499999999999997,-0.001,0.000265327854039414,0.01403862828026629,0.004605822047839562,0.009432806232426729,0.022603706270456315,0.6464253173934089,1.1206721756193372,18,8,8317,-0.00015417825680688293,cuda,25.88134765625
141,182,200,1003,241,461,301,443,0.9609544468546638,1.8654037886340977,-2.7162468992463933,-0.0013581234496231967,0.7003484320557491,201,86,3353.0869087264773,335.30869087264773,6837.173236980057,683.7173236980057,196.63053225785168,19.66305322578517,4226.602740854684,422.6602740854684,2800.0,280.0,1,0.052479443582206874,0.057101835458621,-0.06041456259435165,0.00342040422943954,0.0006651178872022756,-0.004296979815195722,-0.0014705390707918336,-0.0004500000000000001,-0.001,0.0002735787551245127,0.01403862828026629,0.004605822047839562,0.009432806232426729,0.022603706270456315,0.6464253173934089,1.1206721756193372,18,8,8317,-0.00015417825680688293,cuda,25.88134765625
142,183,200,965,268,453,244,420,0.9271523178807947,2.0642487046632123,0.5300139989264788,0.0002650069994632394,0.7597173144876325,215,68,3748.9052152445292,374.89052152445294,7936.941771830035,793.6941771830035,237.29308281048264,23.729308281048265,4723.295524583289,472.3295524583289,2725.0,272.5,0,0.05867832038906333,0.05776552626299678,-0.05926603918392956,0.0083857949266239,0.0006253914637866006,-0.005161479058289268,-0.001525158227439691,-0.0008250000000000004,0.0,0.0002750811252517438,0.01403862828026629,0.004605822047839562,0.009432806232426729,0.022603706270456315,0.6464253173934089,1.1206721756193372,18,8,8317,-0.00015417825680688293,cuda,25.88134765625
143,184,200,1033,249,203,581,203,1.0,1.591481122942885,0.5820304444513535,0.00029101522222567676,0.5579710144927537,154,122,2824.334962452118,282.4334962452118,4745.649946459775,474.56499464597744,160.34342408853124,16.034342408853124,3554.284061671693,355.4284061671693,4150.0,415.0,4,0.03690399302975707,0.048410924629376906,-0.03851401332084757,0.015875358865634348,0.0004898180376598151,-0.004480038663370328,-0.0019732894554051377,0.0,-0.004,0.00019616657048464534,0.01403862828026629,0.004605822047839562,0.009432806232426729,0.022603706270456315,0.6464253173934089,1.1206721756193372,18,8,8317,-0.00015417825680688293,cuda,25.88134765625
144,185,200,1246,244,190,812,189,0.9947368421052631,1.5032102728731942,0.7446653514241338,0.00037233267571206693,0.6263736263736264,171,102,3047.632737031454,304.7632737031454,4705.1202520438,470.51202520438,150.7825261323774,15.07825261323774,3838.459217716614,383.84592177166144,5285.0,528.5,3,0.043193434416598675,0.04623554157443649,-0.039226289152029976,0.013240628231052928,0.0004872193187356475,-0.004101319817850561,-0.0017163043052185127,-2.5e-05,-0.003,0.0001953051994951072,0.01403862828026629,0.004605822047839562,0.009432806232426729,0.022603706270456315,0.6464253173934089,1.1206721756193372,18,8,8317,-0.00015417825680688293,cuda,25.88134765625
145,186,200,1080,261,446,373,430,0.9641255605381166,1.7444444444444445,1.0027762271162297,0.0005013881135581148,0.7289377289377289,199,74,3108.444983816208,310.84449838162084,6315.175827372256,631.5175827372257,235.70067731337477,23.570067731337478,3919.1527131017547,391.91527131017546,3250.0,325.0,1,0.048867080308774825,0.05815254243596722,-0.060171524848114465,0.01071687488865448,0.00046216787667511454,-0.005495060559843729,-0.001132141924852024,-0.0004000000000000001,-0.001,0.0001867007458905699,-0.04777846737868256,-0.0004383407740129365,-0.04734012660466962,0.02338409593535794,0.6128227988878886,1.0932999796337552,19,8,8463,0.0007443612014576439,cuda,25.78955078125
146,187,200,1083,221,262,600,262,1.0,1.6731301939058172,-1.2204723345875301,-0.0006102361672937651,0.643598615916955,186,103,3210.887427742475,321.0887427742475,5783.652428805438,578.3652428805437,169.42472962457097,16.942472962457096,4046.1470479307714,404.6147047930771,4105.0,410.5,2,0.04615952392628484,0.03635571383232094,-0.032115792535222024,0.006963144873230657,0.000527096939549657,-0.004063619566301856,-0.0012100063188366715,0.0,-0.002,0.00023028189328736128,-0.04777846737868256,-0.0004383407740129365,-0.04734012660466962,0.02338409593535794,0.6128227988878886,1.0932999796337552,19,8,8463,0.0007443612014576439,cuda,25.78955078125
147,188,200,1285,287,159,839,159,1.0,1.3891050583657587,1.043241701924816,0.0005216208509624079,0.4807017543859649,137,148,2705.294461375722,270.5294461375722,3758.7383661070107,375.87383661070106,177.6854435374815,17.768544353748148,3410.365156920809,341.0365156920809,5630.0,563.0,3,0.04034137623750833,0.05220255094190443,-0.05171074340450177,0.015465169899337697,0.0,-0.0052320451979965665,-0.001504360477968319,0.0,-0.003,0.0,-0.04777846737868256,-0.0004383407740129365,-0.04734012660466962,0.02338409593535794,0.6128227988878886,1.0932999796337552,19,8,8463,0.0007443612014576439,cuda,25.78955078125
148,189,200,1065,246,478,341,454,0.9497907949790795,1.7943661971830986,-3.568242757981124,-0.0017841213789905619,0.6526315789473685,186,99,3312.4992322500843,331.24992322500844,6749.665319327664,674.9665319327664,199.30581856936584,19.930581856936584,4170.60003417531,417.060003417531,3055.0,305.5,1,0.04683967044381285,0.054280831760021284,-0.05472266284453712,0.0013664380821338247,0.0011288939739263464,-0.004519826550747665,-0.0010766205974823578,-0.0006000000000000002,-0.001,0.0004743476160682404,-0.04777846737868256,-0.0004383407740129365,-0.04734012660466962,0.02338409593535794,0.6128227988878886,1.0932999796337552,19,8,8463,0.0007443612014576439,cuda,25.78955078125
149,190,200,1091,250,444,397,437,0.9842342342342343,1.774518790100825,3.450635705030068,0.001725317852515034,0.6859205776173285,190,87,3258.884900040248,325.8884900040248,6673.3352516065725,667.3335251606572,216.46709870403973,21.646709870403974,4104.367433550067,410.43674335500674,3270.0,327.0,1,0.04690743129260247,0.050849068650623226,-0.052330205235658886,0.014069169790563356,0.000495915055012568,-0.005171489888570443,-0.001294462675200901,-0.000175,-0.001,0.0002007196350784255,-0.04777846737868256,-0.0004383407740129365,-0.04734012660466962,0.02338409593535794,0.6128227988878886,1.0932999796337552,19,8,8463,0.0007443612014576439,cuda,25.78955078125
150,191,200,920,215,290,415,290,1.0,1.758695652173913,2.830042866468677,0.0014150214332343384,0.6881720430107527,192,87,3224.072639377271,322.4072639377271,5454.989459225296,545.4989459225296,187.51601956103923,18.751601956103922,4060.834690995776,406.0834690995776,3150.0,315.0,4,0.045547658908750725,0.0356183791204299,-0.033561699783126446,0.019248090993472224,0.0002504303126812588,-0.0047346361887469724,-0.0009081095586001947,0.0,-0.004,0.00010470839870014201,-0.04777846737868256,-0.0004383407740129365,-0.04734012660466962,0.02338409593535794,0.6128227988878886,1.0932999796337552,19,8,8463,0.0007443612014576439,cuda,25.78955078125
151,192,200,995,190,467,338,456,0.9764453961456103,1.9969849246231155,6.1628049920535135,0.0030814024960267566,0.7509025270758123,208,69,3683.2702039365067,368.3270203936507,7766.107791647902,776.6107791647902,216.8677596888887,21.68677596888887,4640.533529996679,464.05335299966794,2695.0,269.5,0,0.05565715363501455,0.03537903357391681,-0.03401765593315661,0.013895055690290096,0.0015768546560730125,-0.0044783336252471675,-0.0013479275121655282,-0.00027499999999999996,0.0,0.0006534716976030214,-0.04777846737868256,-0.0004383407740129365,-0.04734012660466962,0.02338409593535794,0.6128227988878886,1.0932999796337552,19,8,8463,0.0007443612014576439,cuda,25.78955078125
152,193,200,944,190,375,379,336,0.896,1.958686440677966,2.2089928232976543,0.0011044964116488272,0.7463768115942029,206,70,3647.1273688997708,364.71273688997707,7285.974117051673,728.5974117051672,179.15107903695258,17.915107903695258,4597.55188268581,459.755188268581,3040.0,304.0,1,0.053691338863375744,0.03561788599515263,-0.034087462875534075,0.010306379895904843,0.0018397086491206286,-0.0037653530357909235,-0.0015292257513596346,-0.0009750000000000005,-0.001,0.000772089029634996,-0.04777846737868256,-0.0004383407740129365,-0.04734012660466962,0.02338409593535794,0.6128227988878886,1.0932999796337552,19,8,8463,0.0007443612014576439,cuda,25.78955078125
153,194,200,1190,291,280,619,280,1.0,1.5865546218487394,1.3273259402554562,0.0006636629701277281,0.7368421052631579,210,75,3055.778049436328,305.57780494363277,5231.016218438549,523.1016218438549,181.41143746871205,18.141143746871204,3853.0836906980676,385.30836906980676,4550.0,455.0,1,0.047036820838771656,0.08035806525454187,-0.08436466902801183,0.010094474316650073,0.0003273549298201742,-0.00459549956214939,-0.0015852107954009206,0.0,-0.001,0.00014196752599688917,0.04873847153762149,-0.00012840568605396483,0.04886687722367545,0.01716558070232471,0.5983424425125122,1.1410370084974502,20,8,8623,0.0002757197886825585,cuda,26.064453125
154,195,200,993,213,532,248,526,0.9887218045112782,1.9909365558912386,3.3662313118433196,0.0016831156559216599,0.7446808510638298,210,72,3679.3568865092984,367.9356886509298,7774.986004115818,777.4986004115818,225.2499964315069,22.52499964315069,4634.11625614088,463.411625614088,2335.0,233.5,0,0.05367177258786643,0.03913994148600546,-0.038314099991640184,0.010543064544984236,0.0005282650853039748,-0.004660956863564198,-0.000907249203134524,-0.00015,0.0,0.0002301786132268635,0.04873847153762149,-0.00012840568605396483,0.04886687722367545,0.01716558070232471,0.5983424425125122,1.1410370084974502,20,8,8623,0.0002757197886825585,cuda,26.064453125
155,196,200,1000,217,512,271,485,0.947265625,1.962,1.4595035231178681,0.000729751761558934,0.7746478873239436,220,64,3641.905068261813,364.1905068261813,7660.192281347729,766.0192281347729,199.69746462925144,19.969746462925144,4587.9227112130775,458.79227112130775,2575.0,257.5,0,0.051321736413656845,0.04821373026862483,-0.04740986610518518,0.007938435281989436,0.0007019586844883742,-0.004239435923431301,-0.0009924180522693042,-0.0006750000000000003,0.0,0.0002833393004743253,0.04873847153762149,-0.00012840568605396483,0.04886687722367545,0.01716558070232471,0.5983424425125122,1.1410370084974502,20,8,8623,0.0002757197886825585,cuda,26.064453125
156,197,200,1147,301,277,569,273,0.9855595667870036,1.6416739319965126,1.6669476278998996,0.0008334738139499498,0.6989247311827957,195,84,3009.791321506089,300.9791321506089,5640.397753870304,564.0397753870304,193.04781112113116,19.304781112113115,3793.690300176271,379.3690300176271,4370.0,437.0,2,0.04449961215227857,0.06834473958262494,-0.0655707366335723,0.012520947442355922,0.0009566959987636924,-0.004952469487393178,-0.0016002925624176176,-0.0001,-0.002,0.0004104220240210328,0.04873847153762149,-0.00012840568605396483,0.04886687722367545,0.01716558070232471,0.5983424425125122,1.1410370084974502,20,8,8623,0.0002757197886825585,cuda,26.064453125
157,198,200,1160,257,182,721,182,1.0,1.493103448275862,-2.712946755385281,-0.0013564733776926406,0.5880281690140845,167,117,2915.8503005250636,291.58503005250634,4742.983262460457,474.2983262460457,136.48834539787265,13.648834539787265,3669.0691789960915,366.90691789960914,4890.0,489.0,3,0.035854147447421075,0.04794534754939625,-0.038185208923208196,0.006560751679185294,0.0007845050335174539,-0.004138690659202433,-0.001338397265267278,0.0,-0.003,0.0003269841099031626,0.04873847153762149,-0.00012840568605396483,0.04886687722367545,0.01716558070232471,0.5983424425125122,1.1410370084974502,20,8,8623,0.0002757197886825585,cuda,26.064453125
158,199,200,1149,229,418,502,403,0.9641148325358851,1.6231505657093124,3.0530975933850106,0.0015265487966925053,0.6748251748251748,193,93,2956.439719695,295.6439719695,5760.238971012481,576.023897101248,174.92499150735813,17.492499150735814,3725.4053614275613,372.54053614275614,3730.0,373.0,1,0.0422519150415554,0.052124458745972484,-0.04707850235570036,0.011276434183362233,0.0013123652988368238,-0.004071508507053223,-0.0012605704725828818,-0.00037500000000000006,-0.001,0.0005357075595550243,0.04873847153762149,-0.00012840568605396483,0.04886687722367545,0.01716558070232471,0.5983424425125122,1.1410370084974502,20,8,8623,0.0002757197886825585,cuda,26.064453125
159,200,200,976,273,447,256,427,0.9552572706935123,1.9149590163934427,-1.144077597650322,-0.0005720387988251609,0.7259786476868327,204,77,3400.2173055931294,340.0217305593129,6957.541569858513,695.7541569858513,221.63015736642595,22.163015736642595,4282.15322755022,428.21532275502204,2745.0,274.5,1,0.04900641173802416,0.05334726700189414,-0.05261010982804947,0.006181854773477733,0.0009600659332094924,-0.005129739942365203,-0.001178782360242416,-0.0005000000000000001,-0.001,0.0003902117333321005,0.04873847153762149,-0.00012840568605396483,0.04886687722367545,0.01716558070232471,0.5983424425125122,1.1410370084974502,20,8,8623,0.0002757197886825585,cuda,26.064453125
160,201,200,1008,211,497,300,455,0.9154929577464789,1.8561507936507937,-2.6045650245450145,-0.0013022825122725073,0.7253521126760564,206,78,3281.1622202122817,328.11622202122817,6723.1524162074475,672.3152416207447,219.63317038322012,21.96331703832201,4135.307695296355,413.53076952963545,2765.0,276.5,1,0.04859451433041954,0.037783473370559366,-0.040287046526397606,0.005490291381479868,0.0002719090388040935,-0.004562323888597232,-0.0010109386299363167,-0.0010500000000000004,-0.001,0.00011621801362043126,0.04873847153762149,-0.00012840568605396483,0.04886687722367545,0.01716558070232471,0.5983424425125122,1.1410370084974502,20,8,8623,0.0002757197886825585,cuda,26.064453125
161,202,200,948,249,531,168,522,0.9830508474576272,2.0822784810126582,3.2338967539041885,0.0016169483769520943,0.7562724014336918,211,68,3841.1565296718995,384.11565296718993,8166.933531378408,816.6933531378407,264.74776932245277,26.474776932245277,4839.585687789052,483.9585687789052,2130.0,213.0,0,0.05583666529389063,0.04606730610737639,-0.05098825575429181,0.01203739161181937,8.024940040405579e-05,-0.005557645952200774,-0.0006986667371183528,-0.00022499999999999997,0.0,4.0124700202027894e-05,-0.03091685831702004,0.0014354072304235564,-0.032352265547443596,0.026990585029125214,0.6360444837146335,1.056035089492798,21,8,8398,0.0016310649531311899,cuda,26.17041015625
162,203,200,1060,263,221,576,214,0.9683257918552036,1.7386792452830189,1.3218325734088399,0.00066091628670442,0.7075812274368231,196,81,3337.3550462876565,333.7355046287656,6200.8869983015165,620.0886998301517,170.09493516908466,17.009493516908467,4201.303036252774,420.1303036252774,4230.0,423.0,2,0.0453412099193941,0.05219642755619369,-0.04940723690550466,0.010938808228181154,0.0014129818132052646,-0.004361993129182832,-0.0018256957716247667,-0.000175,-0.002,0.0005836981403629331,-0.03091685831702004,0.0014354072304235564,-0.032352265547443596,0.026990585029125214,0.6360444837146335,1.056035089492798,21,8,8398,0.0016310649531311899,cuda,26.17041015625
163,204,200,1058,287,467,304,433,0.9271948608137045,1.8241965973534973,2.990966780681689,0.0014954833903408444,0.7017543859649122,200,85,3322.692616243679,332.2692616243679,6806.198209707761,680.6198209707761,230.16845784463771,23.016845784463772,4188.986505720142,418.8986505720142,3125.0,312.5,1,0.054210336657430615,0.06506348731987574,-0.07157843947415907,0.014648345766465159,0.0005583006396621585,-0.005504756949044982,-0.0008426988115943427,-0.0008500000000000004,-0.001,0.00023510961102709508,-0.03091685831702004,0.0014354072304235564,-0.032352265547443596,0.026990585029125214,0.6360444837146335,1.056035089492798,21,8,8398,0.0016310649531311899,cuda,26.17041015625
164,205,200,1068,239,485,344,480,0.9896907216494846,1.743445692883895,5.06494807854459,0.002532474039272295,0.6423611111111112,185,103,3233.6249084526476,323.36249084526474,6171.362091172905,617.1362091172905,234.43499374423453,23.443499374423453,4072.38648689607,407.238648689607,2940.0,294.0,1,0.04676604303704135,0.050089435282277384,-0.05161183173740328,0.015419136949399365,0.000807246255314721,-0.00510213966459074,-0.0007625218224047599,-0.000125,-0.001,0.00031125147391737937,-0.03091685831702004,0.0014354072304235564,-0.032352265547443596,0.026990585029125214,0.6360444837146335,1.056035089492798,21,8,8398,0.0016310649531311899,cuda,26.17041015625
165,206,200,1065,273,613,179,595,0.9706362153344209,1.8657276995305165,-5.070680070429188,-0.002535340035214594,0.7813620071684588,218,61,3348.9708857328474,334.89708857328475,7179.296204717236,717.9296204717236,267.5353532590741,26.75353532590741,4219.524774689198,421.9524774689198,2350.0,235.0,0,0.05051190867159378,0.05879363708062291,-0.07397684437423103,-0.0012515370594207654,0.0002378259447390675,-0.005815724061970683,-0.0007748603596109816,-0.0004500000000000001,0.0,0.00010039150451706739,-0.03091685831702004,0.0014354072304235564,-0.032352265547443596,0.026990585029125214,0.6360444837146335,1.056035089492798,21,8,8398,0.0016310649531311899,cuda,26.17041015625
166,207,200,946,225,401,320,399,0.9950124688279302,1.9038054968287526,1.0767419787696033,0.0005383709893848017,0.703971119133574,195,82,3401.477590838563,340.14775908385633,6688.52627102707,668.852627102707,196.77100598990663,19.677100598990663,4283.557913402012,428.35579134020116,2735.0,273.5,2,0.04921045788163724,0.04320743658692985,-0.03975503845101173,0.010095107503169174,0.0009234679063150634,-0.0043934322931068965,-0.0007655216846944805,-5e-05,-0.002,0.0003847565066152083,-0.03091685831702004,0.0014354072304235564,-0.032352265547443596,0.026990585029125214,0.6360444837146335,1.056035089492798,21,8,8398,0.0016310649531311899,cuda,26.17041015625
167,208,200,1095,242,515,338,503,0.9766990291262136,1.819178082191781,13.497409999075096,0.006748704999537548,0.6232394366197183,177,107,3475.3451647274005,347.53451647274005,6921.230572639887,692.1230572639887,238.11466785433942,23.811466785433943,4380.525583008575,438.0525583008575,2960.0,296.0,0,0.05315342041328015,0.04958402925363509,-0.050676155447368844,0.02796150465394856,0.0007749300882886946,-0.005455886980830179,-0.0006843331266204031,-0.0003,0.0,0.00032532856553482605,-0.03091685831702004,0.0014354072304235564,-0.032352265547443596,0.026990585029125214,0.6360444837146335,1.056035089492798,21,8,8398,0.0016310649531311899,cuda,26.17041015625
168,209,200,1158,209,240,709,240,1.0,1.6122625215889466,3.981923156144223,0.0019909615780721113,0.6334519572953736,178,103,3303.2628149052193,330.3262814905219,5716.874050816345,571.6874050816344,159.18128191294826,15.918128191294826,4159.50141742989,415.95014174298905,4590.0,459.0,1,0.042547877907862505,0.030966357931775105,-0.024578351542111448,0.011995444546132862,0.0008452857538597225,-0.0039485910736478886,-0.0005757094385697207,0.0,-0.001,0.00035520414951067573,-0.03091685831702004,0.0014354072304235564,-0.032352265547443596,0.026990585029125214,0.6360444837146335,1.056035089492798,21,8,8398,0.0016310649531311899,cuda,26.17041015625
169,210,200,984,244,356,384,352,0.9887640449438202,1.7591463414634145,6.449285044820778,0.003224642522410389,0.6843971631205674,193,89,3293.228574554545,329.3228574554545,5956.1719435536415,595.6171943553642,235.74815487943994,23.574815487943994,4152.194533806407,415.2194533806407,3160.0,316.0,3,0.04843426930625781,0.04734920752829602,-0.038468214491053955,0.02441490820945495,0.0,-0.005604871842946928,-0.0008278946251400574,-0.0001,-0.003,0.0,-0.05472874909464735,-0.0019451205153018236,-0.05278362857934553,0.029098761919885873,0.5915764734148979,1.0510807901620864,22,8,8053,0.0008014742532402635,cuda,25.94873046875
170,211,200,1047,234,538,275,537,0.9981412639405205,1.9035339063992358,4.367898675757464,0.0021839493378787316,0.7773722627737226,213,61,3516.2937372662395,351.62937372662395,7477.125898874052,747.7125898874052,243.83677077207426,24.383677077207427,4429.366916024209,442.93669160242086,2550.0,255.0,0,0.050996060820233245,0.04618711139522939,-0.04969258012091526,0.01235618638394544,0.0005024407288450757,-0.00521319396210113,-0.000687716975424878,-2.5e-05,0.0,0.0002258102408355163,-0.05472874909464735,-0.0019451205153018236,-0.05278362857934553,0.029098761919885873,0.5915764734148979,1.0510807901620864,22,8,8053,0.0008014742532402635,cuda,25.94873046875
171,212,200,1077,254,182,641,182,1.0,1.5710306406685237,-3.1510750813812143,-0.0015755375406906072,0.574468085106383,162,120,3104.9385258558927,310.49385258558925,4613.9240622516545,461.3924062251655,167.03793782672392,16.703793782672392,3911.8764088153557,391.1876408815356,4475.0,447.5,5,0.04375581643501796,0.04349572041083178,-0.04385316153069475,0.011183341864427168,0.00024693837719222004,-0.00455672029078474,-0.0007135664447923767,0.0,-0.005,9.860903860103992e-05,-0.05472874909464735,-0.0019451205153018236,-0.05278362857934553,0.029098761919885873,0.5915764734148979,1.0510807901620864,22,8,8053,0.0008014742532402635,cuda,25.94873046875
172,213,200,939,200,286,453,270,0.9440559440559441,1.9201277955271565,4.188153927979919,0.0020940769639899597,0.7027972027972028,201,85,3687.8055680355797,368.78055680355794,6752.292613929902,675.2292613929901,174.7720212439946,17.47720212439946,4644.728883307105,464.47288833071053,3345.0,334.5,2,0.05120177491301729,0.0345288527556449,-0.027611826333437544,0.013578051162056116,0.002090406537150448,-0.003930689881783312,-0.0008013938560028649,-0.0004000000000000001,-0.002,0.0008574945982408403,-0.05472874909464735,-0.0019451205153018236,-0.05278362857934553,0.029098761919885873,0.5915764734148979,1.0510807901620864,22,8,8053,0.0008014742532402635,cuda,25.94873046875
173,214,200,881,216,392,273,375,0.9566326530612245,2.1112372304199774,-1.8251618482520926,-0.0009125809241260463,0.7950530035335689,225,58,3830.2984242975344,383.02984242975344,7812.03292315847,781.203292315847,208.08938577471025,20.808938577471025,4824.431191199333,482.44311911993327,2530.0,253.0,1,0.05336617208381437,0.03758546467276734,-0.03556390662954261,0.0036009820992145294,0.0009586058286107015,-0.0043810838672025,-0.000651195727549882,-0.0004250000000000001,-0.001,0.0003949187728332806,-0.05472874909464735,-0.0019451205153018236,-0.05278362857934553,0.029098761919885873,0.5915764734148979,1.0510807901620864,22,8,8053,0.0008014742532402635,cuda,25.94873046875
174,215,200,999,202,461,336,436,0.9457700650759219,1.976976976976977,0.6132148855512072,0.0003066074427756036,0.7509025270758123,208,69,3686.593651980091,368.65936519800914,7756.113931324692,775.6113931324692,208.58864601095087,20.858864601095085,4641.98786728162,464.198786728162,2815.0,281.5,0,0.0494275053757244,0.035951215628941297,-0.03837184962356552,0.004947583792300119,0.0014595193074902041,-0.004341513417078673,-0.0007334247289775466,-0.0006250000000000002,0.0,0.0006074875922923819,-0.05472874909464735,-0.0019451205153018236,-0.05278362857934553,0.029098761919885873,0.5915764734148979,1.0510807901620864,22,8,8053,0.0008014742532402635,cuda,25.94873046875
175,216,200,1009,275,245,489,235,0.9591836734693877,1.713577799801784,-1.9847134869946403,-0.0009923567434973201,0.548951048951049,157,129,3232.279826667491,323.2279826667491,5740.283391720222,574.0283391720222,180.6392754384833,18.06392754384833,4069.024742419815,406.9024742419815,3870.0,387.0,3,0.042657693478567384,0.049900262130892464,-0.05343604973098182,0.008897601641543953,0.0008865018204617803,-0.004886127363457761,-0.0013540606422760206,-0.00024999999999999995,-0.003,0.0003705571061767721,-0.05472874909464735,-0.0019451205153018236,-0.05278362857934553,0.029098761919885873,0.5915764734148979,1.0510807901620864,22,8,8053,0.0008014742532402635,cuda,25.94873046875
176,217,200,1117,232,234,651,224,0.9572649572649573,1.6230975828111012,4.165985934362797,0.0020829929671813984,0.6526315789473685,186,99,3311.2555940033244,331.12555940033246,5799.040179932192,579.9040179932192,156.38074091171444,15.638074091171443,4168.093609572395,416.80936095723945,4465.0,446.5,1,0.04271145080509992,0.03650800627980328,-0.033541060434612004,0.011689240254098664,0.0017252190402785087,-0.004108875660650217,-0.0007824581482679165,-0.00024999999999999995,-0.001,0.0007325146189910761,-0.05472874909464735,-0.0019451205153018236,-0.05278362857934553,0.029098761919885873,0.5915764734148979,1.0510807901620864,22,8,8053,0.0008014742532402635,cuda,25.94873046875
177,218,200,1181,269,181,731,179,0.988950276243094,1.5156646909398814,-0.8527439323626973,-0.0004263719661813487,0.6007067137809188,170,113,2904.6053260373233,290.4605326037323,4767.836843570073,476.7836843570073,138.8605066571331,13.88605066571331,3656.162583083548,365.61625830835476,5010.0,501.0,3,0.038435371307742196,0.05671031221616831,-0.05157436363419333,0.009221685755225762,0.0008042026057356313,-0.0040237904359246976,-0.0009757272024990463,-5e-05,-0.003,0.0003179623286869224,0.044933085811013976,0.00301117777513961,0.04192190803587437,0.02371522821485996,0.5862316012382507,1.1007741424772475,23,8,8288,0.0003368281065484635,cuda,27.6630859375
178,219,200,1108,253,341,514,232,0.6803519061583577,1.7418772563176896,4.487863394946196,0.0022439316974730977,0.6334519572953736,178,103,3460.981345168761,346.0981345168761,6589.510090418464,658.9510090418464,166.98918608175387,16.698918608175386,4359.777791003656,435.9777791003656,4380.0,438.0,1,0.04972343482454762,0.056006932340350854,-0.05255485121715229,0.017261277932924764,0.0026518818896546182,-0.004392005420887122,-0.0014927494152749392,-0.0027249999999999944,-0.001,0.0010709187358315388,0.044933085811013976,0.00301117777513961,0.04192190803587437,0.02371522821485996,0.5862316012382507,1.1007741424772475,23,8,8288,0.0003368281065484635,cuda,27.6630859375
179,220,200,971,284,391,296,388,0.9923273657289002,1.964984552008239,6.264930722415919,0.0031324653612079595,0.7615658362989324,214,67,3675.950455489874,367.5950455489874,7249.618232035331,724.9618232035331,242.41256799897792,24.24125679989779,4631.286684134903,463.12866841349035,2915.0,291.5,1,0.0560358664443605,0.06260657321793302,-0.06478134854395748,0.01847423894887774,0.00046773325578262285,-0.005561266569543648,-0.0007955633478714668,-7.500000000000001e-05,-0.001,0.00020513007136998315,0.044933085811013976,0.00301117777513961,0.04192190803587437,0.02371522821485996,0.5862316012382507,1.1007741424772475,23,8,8288,0.0003368281065484635,cuda,27.6630859375
180,221,200,963,250,243,470,231,0.9506172839506173,1.8369678089304258,-2.5646029436296627,-0.0012823014718148314,0.6823104693140795,189,88,3515.196978535006,351.5196978535006,6398.034924597713,639.8034924597713,164.01849807381717,16.401849807381716,4428.50303128631,442.850303128631,3660.0,366.0,2,0.048609933859288974,0.050624468580779916,-0.045914572070456273,0.004144363820798591,0.0010843262746634927,-0.004040274994017525,-0.0009569648302363622,-0.0003,-0.002,0.0004461966148785071,0.044933085811013976,0.00301117777513961,0.04192190803587437,0.02371522821485996,0.5862316012382507,1.1007741424772475,23,8,8288,0.0003368281065484635,cuda,27.6630859375
181,222,200,1029,297,481,251,443,0.920997920997921,1.9154518950437318,7.114856790430639,0.0035574283952153193,0.7526881720430108,210,69,3504.5691454605494,350.4569145460549,7482.551223959411,748.255122395941,260.2026469861993,26.02026469861993,4416.391867988433,441.6391867988433,2930.0,293.0,0,0.049778165494184116,0.06357020730881968,-0.060960718843867875,0.019182742971452574,0.001086031490333218,-0.006256738969014642,-0.0007949215026461692,-0.0009500000000000005,0.0,0.0004657564876498174,0.044933085811013976,0.00301117777513961,0.04192190803587437,0.02371522821485996,0.5862316012382507,1.1007741424772475,23,8,8288,0.0003368281065484635,cuda,27.6630859375
182,223,200,1093,296,439,358,429,0.9772209567198178,1.807868252516011,-0.6223336865260264,-0.0003111668432630132,0.7204301075268817,201,78,3272.833654059709,327.28336540597087,6981.2218615601205,698.122186156012,258.913993356772,25.8913993356772,4123.852281067428,412.3852281067428,3320.0,332.0,0,0.04793917978305413,0.05676293489452093,-0.05530565623429983,0.005486739939259694,0.000606964504860076,-0.006123272308255009,-0.000952562817345696,-0.00024999999999999995,0.0,0.0002512754774355252,0.044933085811013976,0.00301117777513961,0.04192190803587437,0.02371522821485996,0.5862316012382507,1.1007741424772475,23,8,8288,0.0003368281065484635,cuda,27.6630859375
183,224,200,924,229,242,453,213,0.8801652892561983,1.9253246753246753,-8.137242625889563,-0.004068621312944782,0.7852112676056338,223,61,3731.5092129778413,373.1509212977841,6594.866616356878,659.4866616356878,167.93441064651202,16.7934410646512,4702.227026856769,470.2227026856769,3555.0,355.5,4,0.054169029913497216,0.04278351543229784,-0.043983511861356274,0.0011034611111781414,0.0005976660461429291,-0.003967232228762084,-0.0007535118655251865,-0.0007250000000000003,-0.004,0.00024729805252932357,0.044933085811013976,0.00301117777513961,0.04192190803587437,0.02371522821485996,0.5862316012382507,1.1007741424772475,23,8,8288,0.0003368281065484635,cuda,27.6630859375
184,225,200,1019,310,415,294,408,0.983132530120482,1.9352306182531893,-0.30147801460938756,-0.0001507390073046938,0.7580071174377224,213,68,3557.91084467592,355.791084467592,7586.357576002439,758.6357576002439,264.9863152180784,26.49863152180784,4484.021571004007,448.40215710040064,3055.0,305.5,0,0.05322476011587113,0.05728033239917484,-0.0580861549027245,0.004693067606199662,0.0012313667186726262,-0.0062157031836304845,-0.0007915166717788715,-0.000175,0.0,0.0005198789927196414,0.044933085811013976,0.00301117777513961,0.04192190803587437,0.02371522821485996,0.5862316012382507,1.1007741424772475,23,8,8288,0.0003368281065484635,cuda,27.6630859375
185,226,200,966,244,268,454,265,0.9888059701492538,1.7474120082815734,0.4097435513707533,0.00020487177568537666,0.6268115942028986,173,103,3201.817404762154,320.1817404762154,5726.394758398584,572.6394758398584,174.88955401448155,17.488955401448155,4032.0692559048575,403.20692559048575,3505.0,350.5,3,0.04477132350558668,0.054196516382951816,-0.05778712060009756,0.01172517832193883,0.0007283185637507066,-0.0041792900428276195,-0.001004667484064265,-7.500000000000001e-05,-0.003,0.00029631050417472333,-0.016502925570239312,-0.0074522628736708105,-0.009050662696568502,0.02259045350882742,0.5950569974051582,1.053614170021481,24,8,8347,0.00099650343312248,cuda,27.71533203125
186,227,200,1176,242,335,599,326,0.9731343283582089,1.6930272108843538,4.569615873064846,0.002284807936532423,0.6666666666666666,186,93,3276.8323957343077,327.6832395734308,6314.88903264254,631.488903264254,187.99704434061607,18.799704434061606,4127.1574931566165,412.71574931566164,4250.0,425.0,0,0.04805844633386779,0.048539103028938504,-0.044424556772558896,0.010783859690558426,0.001574457546502582,-0.004594773522177513,-0.0009149913030864547,-0.00022499999999999997,0.0,0.0006527505918041324,-0.016502925570239312,-0.0074522628736708105,-0.009050662696568502,0.02259045350882742,0.5950569974051582,1.053614170021481,24,8,8347,0.00099650343312248,cuda,27.71533203125
187,228,200,917,252,371,294,336,0.9056603773584906,1.9531079607415485,-1.8124478163435735,-0.0009062239081717867,0.7222222222222222,208,80,3532.1703429363356,353.21703429363356,6756.587116787168,675.6587116787168,218.8151286719237,21.88151286719237,4449.493721740855,444.9493721740855,2905.0,290.5,2,0.052281100011671244,0.05432396113742879,-0.05901866351090136,0.00862388472390818,0.00047501746999216015,-0.00496665852246063,-0.0008860167760157196,-0.0008750000000000005,-0.002,0.00019095952331209628,-0.016502925570239312,-0.0074522628736708105,-0.009050662696568502,0.02259045350882742,0.5950569974051582,1.053614170021481,24,8,8347,0.00099650343312248,cuda,27.71533203125
188,229,200,1242,302,148,792,148,1.0,1.4790660225442833,11.186467926011558,0.005593233963005779,0.5848375451263538,162,115,3046.4906116156217,304.64906116156214,4424.305560742303,442.4305560742303,203.56965206903647,20.356965206903645,3840.5434749833357,384.0543474983336,5470.0,547.0,1,0.04725439674527614,0.07006803393490581,-0.06287557416816848,0.027633040118290018,0.0,-0.005586482050809475,-0.0010759937433950687,0.0,-0.001,0.0,-0.016502925570239312,-0.0074522628736708105,-0.009050662696568502,0.02259045350882742,0.5950569974051582,1.053614170021481,24,8,8347,0.00099650343312248,cuda,27.71533203125
189,230,200,1006,259,451,296,437,0.9689578713968958,1.9582504970178927,-4.51900113234535,-0.002259500566172675,0.7035714285714286,197,83,3626.9934082242407,362.69934082242406,7670.54965089113,767.054965089113,225.18614011801952,22.51861401180195,4568.9073916889365,456.8907391688937,2845.0,284.5,0,0.05274262278174995,0.059107116940371504,-0.06269799979012189,-0.0029448968623463872,0.0010052101361221258,-0.004870431550535954,-0.000697866325387227,-0.00035000000000000005,0.0,0.00043861487965693907,-0.016502925570239312,-0.0074522628736708105,-0.009050662696568502,0.02259045350882742,0.5950569974051582,1.053614170021481,24,8,8347,0.00099650343312248,cuda,27.71533203125
190,231,200,1049,226,286,537,253,0.8846153846153846,1.88465204957102,2.8417770674124334,0.0014208885337062167,0.6491228070175439,185,100,3638.294904953433,363.8294904953433,7380.283572117391,738.028357211739,158.33742765949896,15.833742765949896,4582.157878204344,458.21578782043446,3980.0,398.0,0,0.05037550099660706,0.04302170813492762,-0.033524028915734146,0.00570764838295744,0.003330577664484399,-0.004014674794553172,-0.001008568346223425,-0.0008250000000000004,0.0,0.0013589446025488706,-0.016502925570239312,-0.0074522628736708105,-0.009050662696568502,0.02259045350882742,0.5950569974051582,1.053614170021481,24,8,8347,0.00099650343312248,cuda,27.71533203125
191,232,200,1019,317,433,269,417,0.9630484988452656,1.9195289499509323,1.7027246761119155,0.0008513623380559577,0.7386759581881533,212,75,3542.1927418662485,354.21927418662483,7594.683677428373,759.4683677428372,283.01608377756037,28.301608377756036,4463.661214615173,446.3661214615173,3010.0,301.0,0,0.052215053309430624,0.07238158713479026,-0.08503472866154502,0.011282024553093422,0.00019753016701232816,-0.00661535679794072,-0.0012575256131659915,-0.0004000000000000001,0.0,8.223300451486336e-05,-0.016502925570239312,-0.0074522628736708105,-0.009050662696568502,0.02259045350882742,0.5950569974051582,1.053614170021481,24,8,8347,0.00099650343312248,cuda,27.71533203125
192,233,200,972,290,455,227,414,0.9098901098901099,2.0257201646090537,1.565174784677098,0.000782587392338549,0.7753623188405797,214,62,3730.8076668091003,373.08076668091,7913.038206551032,791.3038206551032,242.875467980663,24.2875467980663,4702.773411113732,470.27734111137323,2790.0,279.0,0,0.05515473155104966,0.06317615473173066,-0.06518088844463117,0.009442766037808423,0.0009342876369676939,-0.005419571757522782,-0.0007288961932578323,-0.0010250000000000003,0.0,0.0003890501257409169,-0.016502925570239312,-0.0074522628736708105,-0.009050662696568502,0.02259045350882742,0.5950569974051582,1.053614170021481,24,8,8347,0.00099650343312248,cuda,27.71533203125
193,234,200,1244,280,139,825,139,1.0,1.3834405144694535,7.329813443776664,0.003664906721888332,0.450354609929078,127,155,2623.569605850028,262.3569605850028,3612.2746548492655,361.22746548492654,181.96600252044536,18.196600252044536,3302.7593941398445,330.2759394139845,5525.0,552.5,4,0.03623726247741403,0.04706203274317455,-0.04182018440205856,0.02687077098757242,0.0002414767836498011,-0.005107509481331921,-0.0006479715249703013,0.0,-0.004,9.678505261896764e-05,-0.052702851594787915,-0.0009155276127987438,-0.051787323981989174,0.027809714898467064,0.6007482396231757,1.0236256493462457,25,8,8747,0.0026953516797944975,cuda,27.841796875
194,235,200,999,334,444,221,428,0.963963963963964,1.972972972972973,-4.189605090446767,-0.0020948025452233836,0.7773851590106007,220,63,3553.1043559437976,355.3104355943798,7610.677269623571,761.0677269623571,279.16143569911594,27.916143569911593,4477.511857815615,447.7511857815615,2855.0,285.5,0,0.05376367415330687,0.07183111796826552,-0.08696601715083341,0.0004078440222729873,0.00036635474771083427,-0.006383532428955648,-0.0007191596812747604,-0.0004000000000000001,0.0,0.0001582482383345898,-0.052702851594787915,-0.0009155276127987438,-0.051787323981989174,0.027809714898467064,0.6007482396231757,1.0236256493462457,25,8,8747,0.0026953516797944975,cuda,27.841796875
195,236,200,1152,324,468,360,452,0.9658119658119658,1.7361111111111112,10.270323320548485,0.0051351616602742425,0.6749116607773852,191,92,3026.5975944458096,302.65975944458097,6575.4444018849135,657.5444401884913,296.59926759046766,29.659926759046765,3813.0534835876033,381.30534835876034,3500.0,350.0,0,0.044662979940755264,0.06439169488933782,-0.06595085930854261,0.0239872685396096,0.0011289832144054201,-0.007258726535791002,-0.0007166763559527146,-0.0004000000000000001,0.0,0.00046871613748412976,-0.052702851594787915,-0.0009155276127987438,-0.051787323981989174,0.027809714898467064,0.6007482396231757,1.0236256493462457,25,8,8747,0.0026953516797944975,cuda,27.841796875
196,237,200,938,242,412,284,408,0.9902912621359223,2.115138592750533,5.84987092343826,0.00292493546171913,0.759581881533101,218,69,3881.6991637509764,388.1699163750976,8177.747912994442,817.7747912994442,225.24126725905103,22.524126725905102,4888.877505570363,488.88775055703627,2650.0,265.0,0,0.05409252633068302,0.05076846929717554,-0.051264244081641125,0.013441332347359131,0.0009582726833848484,-0.004693850691587525,-0.00046249179013269635,-0.0001,0.0,0.00043438859336869014,-0.052702851594787915,-0.0009155276127987438,-0.051787323981989174,0.027809714898467064,0.6007482396231757,1.0236256493462457,25,8,8747,0.0026953516797944975,cuda,27.841796875
197,238,200,1435,398,323,714,323,1.0,1.340766550522648,9.128594065729141,0.004564297032864571,0.41785714285714287,117,163,2395.999967008448,239.5999967008448,3871.0202817012178,387.1020281701218,249.3530964374505,24.93530964374505,3018.416146020893,301.8416146020893,5560.0,556.0,2,0.034871061136052615,0.08282843721218465,-0.09342829932654259,0.027727985407773072,0.0,-0.007128947858025901,-0.0007654604254071091,0.0,-0.002,0.0,-0.052702851594787915,-0.0009155276127987438,-0.051787323981989174,0.027809714898467064,0.6007482396231757,1.0236256493462457,25,8,8747,0.0026953516797944975,cuda,27.841796875
198,239,200,981,291,409,281,403,0.9853300733496333,2.0071355759429155,1.8917491555066774,0.0009458745777533387,0.696113074204947,197,86,3717.239442445611,371.7239442445611,7849.462484635667,784.9462484635667,235.79540926938233,23.579540926938233,4684.900071914305,468.4900071914305,2890.0,289.0,0,0.054863706367390984,0.06495145012061451,-0.06453433412807755,0.006568896446957264,0.0016794380652194393,-0.0053157185484285895,-0.0007533770057955106,-0.00015,0.0,0.0007116035594635624,-0.052702851594787915,-0.0009155276127987438,-0.051787323981989174,0.027809714898467064,0.6007482396231757,1.0236256493462457,25,8,8747,0.0026953516797944975,cuda,27.841796875
199,240,200,1123,297,483,343,482,0.9979296066252588,1.7560106856634017,5.667626909053498,0.002833813454526749,0.6035087719298246,172,113,3287.6976048411643,328.76976048411643,6845.468281677391,684.5468281677391,292.89882595281756,29.289882595281757,4140.952651693624,414.0952651693624,3205.0,320.5,0,0.047197609862590244,0.049264122698815624,-0.0586790352777822,0.01624318001617681,0.00042996152868636137,-0.0068877309519184,-0.0006200688611288684,-2.5e-05,0.0,0.00018619166664452283,-0.052702851594787915,-0.0009155276127987438,-0.051787323981989174,0.027809714898467064,0.6007482396231757,1.0236256493462457,25,8,8747,0.0026953516797944975,cuda,27.841796875
200,241,200,875,258,371,246,347,0.9353099730458221,2.088,7.177254149106001,0.0035886270745530005,0.6737588652482269,190,92,3694.9321786297796,369.493217862978,7365.860261057935,736.5860261057935,246.78792038537037,24.678792038537036,4656.874742775839,465.6874742775839,2640.0,264.0,2,0.055055598886158616,0.0549824829651638,-0.04355861644851908,0.023412212740013878,0.00042981609588636815,-0.005621645880593775,-0.0005977748245934003,-0.0006000000000000002,-0.002,0.00017700568068839447,-0.052702851594787915,-0.0009155276127987438,-0.051787323981989174,0.027809714898467064,0.6007482396231757,1.0236256493462457,25,8,8747,0.0026953516797944975,cuda,27.841796875
201,242,200,1139,310,180,649,160,0.8888888888888888,1.6795434591747147,8.326738255542944,0.004163369127771472,0.7107142857142857,199,81,3447.3028340186906,344.7302834018691,5927.033924184691,592.7033924184691,192.65841558972727,19.265841558972728,4344.780391081267,434.4780391081267,4895.0,489.5,1,0.05204647899421384,0.06444576563718482,-0.04824802966785728,0.02065359384169522,0.0017331609413576495,-0.005218436610198394,-0.0011479108720177061,-0.0005000000000000001,-0.001,0.0007150435975565539,-0.044426168635254726,-0.0005435735743958503,-0.04388259506085888,0.03042257549241185,0.5478481337428093,1.0953922480344773,26,8,7878,0.000935128798230351,cuda,27.6572265625
202,243,200,954,265,308,381,270,0.8766233766233766,2.058700209643606,1.3308780298033884,0.0006654390149016942,0.718978102189781,197,77,3926.101613635128,392.6101613635128,7925.446574316956,792.5446574316956,204.28321888251588,20.42832188825159,4946.759810355069,494.6759810355069,3420.0,342.0,0,0.05671005921263354,0.061704707959626195,-0.05962625739891185,0.007689374222716378,0.0016118816903773502,-0.004935418849843896,-0.0012282761815625523,-0.0009500000000000005,0.0,0.0006790546930407701,-0.044426168635254726,-0.0005435735743958503,-0.04388259506085888,0.03042257549241185,0.5478481337428093,1.0953922480344773,26,8,7878,0.000935128798230351,cuda,27.6572265625
203,244,200,1059,237,196,626,195,0.9948979591836735,1.6949952785646836,-3.49305452558718,-0.00174652726279359,0.5263157894736842,150,135,3257.2480191566183,325.7248019156618,5595.185873512952,559.5185873512952,145.97297537096404,14.597297537096404,4099.646542111592,409.9646542111592,4320.0,432.0,3,0.044837435766872644,0.04971324968634545,-0.04007203074886691,0.003453927676465097,0.0011572579919083932,-0.003707149582789602,-0.0006478353641243217,-2.5e-05,-0.003,0.00047562343204531375,-0.044426168635254726,-0.0005435735743958503,-0.04388259506085888,0.03042257549241185,0.5478481337428093,1.0953922480344773,26,8,7878,0.000935128798230351,cuda,27.6572265625
204,245,200,976,302,268,406,220,0.8208955223880597,1.7325819672131149,2.8419357199922883,0.0014209678599961442,0.6606498194945848,183,94,3033.8622177471225,303.3862217747122,5488.59576490647,548.859576490647,212.63040068600364,21.263040068600365,3820.9089978457737,382.09089978457735,3780.0,378.0,3,0.043010915099561335,0.06139144273161478,-0.06007025370198048,0.019660246787405133,0.0007173391372936699,-0.0058483447430579165,-0.0005647235469520037,-0.0011999999999999997,-0.003,0.0002883077133199878,-0.044426168635254726,-0.0005435735743958503,-0.04388259506085888,0.03042257549241185,0.5478481337428093,1.0953922480344773,26,8,7878,0.000935128798230351,cuda,27.6572265625
205,246,200,870,233,385,252,372,0.9662337662337662,1.9068965517241379,5.174447873312678,0.002587223936656339,0.6666666666666666,182,91,3235.9571582400954,323.5957158240095,6410.486160154784,641.0486160154784,230.3885741540452,23.038857415404518,4076.1652759426943,407.6165275942694,2490.0,249.0,2,0.044581527021447534,0.04778007323049176,-0.03652725531077658,0.019137163899203655,0.00019054054995477392,-0.005046783016946598,-0.00040687847267554205,-0.000325,-0.002,8.075817189133573e-05,-0.044426168635254726,-0.0005435735743958503,-0.04388259506085888,0.03042257549241185,0.5478481337428093,1.0953922480344773,26,8,7878,0.000935128798230351,cuda,27.6572265625
206,247,200,994,287,391,316,379,0.969309462915601,1.9104627766599598,-2.4585563034806537,-0.0012292781517403268,0.7326388888888888,211,77,3444.9923146198494,344.49923146198495,6995.664610827766,699.5664610827766,236.52880275421114,23.652880275421115,4338.2101834115565,433.82101834115565,3075.0,307.5,1,0.048383686986566865,0.06743015795028494,-0.07683503586025324,0.0037850990858171434,0.0008045273047639885,-0.005464423125394989,-0.0008973843568997217,-0.0003,-0.001,0.00033395649208818026,-0.044426168635254726,-0.0005435735743958503,-0.04388259506085888,0.03042257549241185,0.5478481337428093,1.0953922480344773,26,8,7878,0.000935128798230351,cuda,27.6572265625
207,248,200,915,206,319,390,298,0.9341692789968652,2.07431693989071,2.9574423301457844,0.001478721165072892,0.6195652173913043,171,105,3877.302528959975,387.7302528959975,7716.5671249452325,771.6567124945233,188.71706711246875,18.871706711246876,4882.103649948673,488.2103649948673,3085.0,308.5,1,0.05240810269277799,0.04093479715841748,-0.04268737881645718,0.011686230562943569,0.000779321869879843,-0.0040784843834433026,-0.0005173541178712264,-0.0005250000000000002,-0.001,0.0003292291211713125,-0.044426168635254726,-0.0005435735743958503,-0.04388259506085888,0.03042257549241185,0.5478481337428093,1.0953922480344773,26,8,7878,0.000935128798230351,cuda,27.6572265625
208,249,200,971,326,360,285,348,0.9666666666666667,1.934088568486097,0.2822293919563672,0.0001411146959781836,0.7402135231316725,208,73,3395.4892304548425,339.54892304548423,7013.254071039242,701.3254071039242,270.84139070880536,27.084139070880536,4280.758809447672,428.0758809447672,3115.0,311.5,1,0.05111329118711624,0.07976966574827273,-0.08102105147051747,0.010053232396885511,0.00038435341514523225,-0.006322289522943567,-0.0009069112353278187,-0.0003,-0.001,0.00018852969776274913,-0.044426168635254726,-0.0005435735743958503,-0.04388259506085888,0.03042257549241185,0.5478481337428093,1.0953922480344773,26,8,7878,0.000935128798230351,cuda,27.6572265625
209,250,200,839,212,311,316,295,0.9485530546623794,2.1799761620977356,4.804194159466433,0.0024020970797332163,0.778169014084507,221,63,3949.205064758464,394.92050647584637,7798.36568445744,779.836568445744,212.02760521935312,21.20276052193531,4973.479907505163,497.3479907505163,2720.0,272.0,1,0.054636606882176905,0.03799869686720095,-0.02972192019345501,0.014017126814598383,0.0014092324215141021,-0.004672092705694769,-0.0005687809710860967,-0.0004000000000000001,-0.001,0.0006077393369142501,0.02745803955185693,-0.0007817873847670853,0.028239826936624014,0.02806848646141589,0.5693484887480735,1.0441858023405075,27,8,7814,0.0013827199947900337,cuda,27.640625
210,251,200,987,287,291,409,285,0.979381443298969,1.789260385005066,0.2379559359255567,0.00011897796796277834,0.6690647482014388,186,92,3263.778085339059,326.3778085339059,5970.501656035502,597.0501656035501,233.53982977807598,23.353982977807597,4114.288347611001,411.4288347611001,3510.0,351.0,3,0.05025883853109955,0.06581262430340076,-0.06878410123182951,0.013602901874956826,0.00019463290160214253,-0.005544932805878242,-0.0006906799955666295,-0.00015,-0.003,8.134782349319079e-05,0.02745803955185693,-0.0007817873847670853,0.028239826936624014,0.02806848646141589,0.5693484887480735,1.0441858023405075,27,8,7814,0.0013827199947900337,cuda,27.640625
211,252,200,1131,311,370,450,366,0.9891891891891892,1.7374005305039788,8.255857265251189,0.004127928632625595,0.6870503597122302,191,87,3135.6846481124007,313.56846481124006,6697.686063975217,669.7686063975217,245.59235042827697,24.559235042827698,3949.772503910695,394.9772503910695,3825.0,382.5,0,0.04380885487587884,0.0731217033125773,-0.07196048507027131,0.018832837735125247,0.001215129871934572,-0.006031816909488144,-0.000977547136485165,-0.0001,0.0,0.0005134144193709402,0.02745803955185693,-0.0007817873847670853,0.028239826936624014,0.02806848646141589,0.5693484887480735,1.0441858023405075,27,8,7814,0.0013827199947900337,cuda,27.640625
212,253,200,912,245,327,340,296,0.9051987767584098,2.164473684210526,2.961782557710951,0.0014808912788554756,0.8633093525179856,240,38,4032.602591384466,403.2602591384466,8233.331797557337,823.3331797557337,230.0589190447668,23.00589190447668,5083.497770626218,508.3497770626218,3080.0,308.0,0,0.05928419036238722,0.04675800192526239,-0.04382839029696172,0.009258054837804877,0.0016993533819141932,-0.005066671905120415,-0.0005053790771830361,-0.0007750000000000004,0.0,0.0006919430597054139,0.02745803955185693,-0.0007817873847670853,0.028239826936624014,0.02806848646141589,0.5693484887480735,1.0441858023405075,27,8,7814,0.0013827199947900337,cuda,27.640625
213,254,200,965,263,321,381,308,0.9595015576323987,2.0528497409326425,1.5092077260609242,0.0007546038630304622,0.8028673835125448,224,55,3858.1688191320873,385.8168819132087,7757.933464654136,775.7933464654136,208.63137109079835,20.863137109079837,4860.878660785166,486.08786607851664,3285.0,328.5,0,0.05712135048563678,0.06335867370559017,-0.060651271732889964,0.007085591942175315,0.0009010722987516898,-0.0046370956827775115,-0.0007733174473018726,-0.000325,0.0,0.00039164392230412457,0.02745803955185693,-0.0007817873847670853,0.028239826936624014,0.02806848646141589,0.5693484887480735,1.0441858023405075,27,8,7814,0.0013827199947900337,cuda,27.640625
214,255,200,1051,351,414,286,374,0.9033816425120773,1.868696479543292,5.389547035636384,0.002694773517818192,0.7813620071684588,218,61,3392.529442011372,339.2529442011372,7288.962948430089,728.896294843009,286.1538166714522,28.615381667145222,4274.196441912076,427.41964419120757,3385.0,338.5,0,0.05118131415823848,0.08011043722390689,-0.08744518128408385,0.01735435224767575,0.001179011113427595,-0.006877501147670965,-0.0012638882409885472,-0.0010000000000000005,0.0,0.0004912944736228516,0.02745803955185693,-0.0007817873847670853,0.028239826936624014,0.02806848646141589,0.5693484887480735,1.0441858023405075,27,8,7814,0.0013827199947900337,cuda,27.640625
215,256,200,896,270,253,373,236,0.932806324110672,1.9453125,-1.603062818499482,-0.0008015314092497409,0.7188612099644128,202,79,3535.025336950512,353.5025336950512,6802.588543744467,680.2588543744466,190.3562762430811,19.035627624308113,4449.435598681032,444.94355986810325,3300.0,330.0,2,0.04773949161598463,0.05959236649661571,-0.05953215959529635,0.006299271245745673,0.0012563178336512362,-0.0047466271924690075,-0.0008129916206733349,-0.0004250000000000001,-0.002,0.0005133740564665164,0.02745803955185693,-0.0007817873847670853,0.028239826936624014,0.02806848646141589,0.5693484887480735,1.0441858023405075,27,8,7814,0.0013827199947900337,cuda,27.640625
216,257,200,1033,268,424,341,416,0.9811320754716981,1.919651500484027,0.5680380550885838,0.0002840190275442919,0.8138686131386861,223,51,3577.31213008505,357.731213008505,7396.767650045986,739.6767650045986,250.330650680045,25.0330650680045,4508.749743683178,450.8749743683178,3085.0,308.5,0,0.052670800395811894,0.06374754170398717,-0.07206943604203034,0.005721009652938081,0.0009554457798195904,-0.005398165202082296,-0.0006080820860861936,-0.00019999999999999998,0.0,0.000428399896618873,0.02745803955185693,-0.0007817873847670853,0.028239826936624014,0.02806848646141589,0.5693484887480735,1.0441858023405075,27,8,7814,0.0013827199947900337,cuda,27.640625
217,258,200,1028,302,379,347,372,0.9815303430079155,1.9328793774319066,4.2517003252648955,0.0021258501626324477,0.7402135231316725,208,73,3467.0324862513826,346.70324862513826,7430.547883354304,743.0547883354304,274.06226802845504,27.406226802845502,4370.030159067985,437.00301590679845,3280.0,328.0,0,0.05246860993210167,0.06518595902359255,-0.06657070822619279,0.013097528188131044,0.0006782516465625088,-0.0061015349176678614,-0.0007179283233499626,-0.000175,0.0,0.00029027387277220554,0.07225936880826743,-0.002686478266130305,0.07494584707439773,0.02581528735657533,0.4552914917469025,1.0297103259298537,28,8,8870,0.001677905043865609,cuda,26.0830078125
218,259,200,1016,212,261,543,219,0.8390804597701149,1.9311023622047243,-2.2149737934715223,-0.0011074868967357611,0.7622377622377622,218,68,3823.63484520289,382.36348452028903,7628.306041795573,762.8306041795573,153.90108688547593,15.390108688547594,4815.106497067275,481.5106497067275,3985.0,398.5,0,0.05176509450715246,0.045929652263091314,-0.04592090556128115,-0.0002837872582482963,0.0019687792163712676,-0.0034324365040448233,-0.0010585278164414258,-0.0010500000000000004,0.0,0.0008311377067210758,0.07225936880826743,-0.002686478266130305,0.07494584707439773,0.02581528735657533,0.4552914917469025,1.0297103259298537,28,8,8870,0.001677905043865609,cuda,26.0830078125
219,260,200,1273,259,226,788,226,1.0,1.453260015710919,9.42789417693773,0.0047139470884688655,0.579136690647482,161,117,2914.27186356349,291.427186356349,4528.033844646552,452.8033844646552,223.63935027388868,22.36393502738887,3673.7930083466117,367.3793008346612,5235.0,523.5,2,0.042021869625446684,0.04582795678963691,-0.03527597753660089,0.02659899123722798,0.0,-0.005587141380385219,-0.0006743011374109421,0.0,-0.002,0.0,0.07225936880826743,-0.002686478266130305,0.07494584707439773,0.02581528735657533,0.4552914917469025,1.0297103259298537,28,8,8870,0.001677905043865609,cuda,26.0830078125
220,261,200,990,249,400,341,384,0.96,1.9898989898989898,2.8824754357273346,0.0014412377178636673,0.7491166077738516,212,71,3623.4321229959473,362.3432122995947,7666.9618803281855,766.6961880328186,250.1523307215324,25.01523307215324,4567.283977555195,456.7283977555195,3030.0,303.0,0,0.054663754141198666,0.05486398165943582,-0.057557125832669837,0.010513895524598974,0.0005542733191850847,-0.005321739551492099,-0.0004839893475242759,-0.0004000000000000001,0.0,0.00023400578854783618,0.07225936880826743,-0.002686478266130305,0.07494584707439773,0.02581528735657533,0.4552914917469025,1.0297103259298537,28,8,8870,0.001677905043865609,cuda,26.0830078125
221,262,200,1427,212,109,1106,108,0.9908256880733946,1.3777154870357393,5.149046006995248,0.002574523003497624,0.6057347670250897,169,110,3019.0004570387678,301.9000457038768,4145.438118815546,414.5438118815546,137.11661730954694,13.711661730954694,3797.6390180191843,379.76390180191845,6595.0,659.5,0,0.03767597590158408,0.03961727592591796,-0.03301642473992685,0.013422508672460172,0.0,-0.0036908186014878797,-0.001122092454281089,-2.5e-05,0.0,0.0,0.07225936880826743,-0.002686478266130305,0.07494584707439773,0.02581528735657533,0.4552914917469025,1.0297103259298537,28,8,8870,0.001677905043865609,cuda,26.0830078125
222,263,200,1101,219,170,712,147,0.8647058823529412,1.612170753860127,6.377433290772943,0.0031887166453864716,0.5956678700361011,165,112,3182.5282390063667,318.25282390063666,5338.511223971369,533.8511223971369,167.7822922499525,16.77822922499525,4010.364650986456,401.03646509864564,4770.0,477.0,2,0.04338380171978515,0.03840470793405371,-0.025771883599034554,0.01809909509377159,0.0018673724267047676,-0.004040133022991434,-0.0008060949452596003,-0.0005750000000000002,-0.002,0.0007531655829413063,0.07225936880826743,-0.002686478266130305,0.07494584707439773,0.02581528735657533,0.4552914917469025,1.0297103259298537,28,8,8870,0.001677905043865609,cuda,26.0830078125
223,264,200,1012,282,443,287,438,0.9887133182844243,1.9624505928853755,4.431360128690618,0.002215680064345309,0.7561837455830389,214,69,3553.123687085687,355.31236870856867,7638.583115712512,763.8583115712512,304.77417198663994,30.477417198663993,4474.852754549034,447.48527545490344,2870.0,287.0,0,0.05169002461660201,0.06285810061192322,-0.0761721157350796,0.015157897736672095,2.5129509237361097e-05,-0.006811500630639783,-0.0007258624437717153,-0.000125,0.0,1.256475461868055e-05,0.07225936880826743,-0.002686478266130305,0.07494584707439773,0.02581528735657533,0.4552914917469025,1.0297103259298537,28,8,8870,0.001677905043865609,cuda,26.0830078125
224,265,200,1023,306,200,517,200,1.0,1.6920821114369502,-3.4584548690675057,-0.0017292274345337528,0.6340579710144928,175,101,3055.3478309016245,305.5347830901625,5468.2668428546785,546.8266842854679,195.27610203077714,19.527610203077714,3849.759256886169,384.97592568861694,4115.0,411.5,3,0.04498349203014714,0.07000781046532563,-0.08730697998668455,0.006002040498413632,0.000723456077668747,-0.005221127993248225,-0.0008510643504476095,0.0,-0.003,0.0002989396315281798,0.07225936880826743,-0.002686478266130305,0.07494584707439773,0.02581528735657533,0.4552914917469025,1.0297103259298537,28,8,8870,0.001677905043865609,cuda,26.0830078125
225,266,200,1086,302,360,424,341,0.9472222222222222,1.8001841620626151,0.1019944679490973,5.099723397454865e-05,0.7060931899641577,197,82,3310.6749387477334,331.06749387477333,6614.453130156997,661.4453130156996,259.9868043720851,25.99868043720851,4172.706431206929,417.27064312069285,3725.0,372.5,1,0.04879998720003837,0.06618527337732734,-0.07012742520843088,0.009097207827328355,0.000664722401238602,-0.005879396854712926,-0.0007696824691333359,-0.00047500000000000016,-0.001,0.000307284891138042,-0.18260946839840875,-0.0015159333331717386,-0.181093535065237,0.02947576960755719,0.43814963301022847,1.0095947689480251,29,8,8936,0.0036659048012870152,cuda,27.623046875
226,267,200,1195,359,451,385,384,0.8514412416851441,1.6627615062761507,15.260369990382916,0.007630184995191458,0.7230215827338129,201,77,2927.715727864959,292.7715727864959,6226.430773358428,622.6430773358428,322.65207220632794,32.265207220632796,3691.4806194143853,369.1480619414385,4055.0,405.5,0,0.047235551626563524,0.08453709484705371,-0.10182423092483663,0.03613419432678912,0.00107649215631107,-0.007697552682742793,-0.0011108961914577694,-0.001674999999999998,0.0,0.0004328847210834612,-0.18260946839840875,-0.0015159333331717386,-0.181093535065237,0.02947576960755719,0.43814963301022847,1.0095947689480251,29,8,8936,0.0036659048012870152,cuda,27.623046875
227,268,200,1051,207,257,587,195,0.7587548638132295,1.8772597526165558,3.6414122161612585,0.0018207061080806294,0.6912280701754386,197,88,3850.317575435685,385.03175754356846,7320.7176380604515,732.0717638060452,154.5718816549948,15.45718816549948,4849.41906018909,484.941906018909,4280.0,428.0,0,0.05530279132617179,0.046236250962874016,-0.03878964823665624,0.01001329976866737,0.00241736495643605,-0.003427393622204163,-0.0011735681642409618,-0.0015499999999999984,0.0,0.001030170744569356,-0.18260946839840875,-0.0015159333331717386,-0.181093535065237,0.02947576960755719,0.43814963301022847,1.0095947689480251,29,8,8936,0.0036659048012870152,cuda,27.623046875
228,269,200,1062,296,356,410,354,0.9943820224719101,1.8389830508474576,11.910599969193226,0.005955299984596613,0.7632508833922261,216,67,3458.940753212933,345.8940753212933,7168.581205998884,716.8581205998884,271.876899016623,27.1876899016623,4357.46107062844,435.74610706284403,3540.0,354.0,0,0.0462419013561522,0.07348814788538699,-0.07356609348421773,0.02501475619963828,0.000998259153795996,-0.0061293375816418305,-0.0006954860370336027,-5e-05,0.0,0.00042012411010691243,-0.18260946839840875,-0.0015159333331717386,-0.181093535065237,0.02947576960755719,0.43814963301022847,1.0095947689480251,29,8,8936,0.0036659048012870152,cuda,27.623046875
229,270,200,1190,232,189,769,184,0.9735449735449735,1.5571428571428572,8.55691122571313,0.0042784556128565646,0.644927536231884,178,98,3216.4140490832106,321.6414049083211,5168.412747097247,516.8412747097248,193.29162120186888,19.329162120186886,4049.886797041046,404.9886797041046,5030.0,503.0,1,0.04380641155768572,0.045296473976746035,-0.03134019188473286,0.02208763634575585,0.0001865968188447652,-0.0047212677938259185,-0.0008681662716175993,-0.000125,-0.001,7.886519349243565e-05,-0.18260946839840875,-0.0015159333331717386,-0.181093535065237,0.02947576960755719,0.43814963301022847,1.0095947689480251,29,8,8936,0.0036659048012870152,cuda,27.623046875
230,271,200,1108,301,251,556,250,0.9960159362549801,1.6389891696750902,2.6370899719544303,0.001318544985977215,0.6014234875444839,169,112,3106.660546091928,310.6660546091928,5625.6473259206,562.5647325920601,235.3578174162996,23.53578174162996,3913.270377745416,391.3270377745416,4290.0,429.0,2,0.04403950394649933,0.06756720358857755,-0.06718160453138936,0.014606503867122879,0.0006025408396976581,-0.005738769158756501,-0.0008356883179468319,-2.5e-05,-0.002,0.00023836879734252602,-0.18260946839840875,-0.0015159333331717386,-0.181093535065237,0.02947576960755719,0.43814963301022847,1.0095947689480251,29,8,8936,0.0036659048012870152,cuda,27.623046875
231,272,200,1015,244,210,561,208,0.9904761904761905,1.6906403940886698,4.589935598525864,0.002294967799262932,0.6485507246376812,179,97,3207.5518904224714,320.75518904224714,5577.437881698823,557.7437881698822,194.81371648054488,19.481371648054488,4038.9018737070933,403.8901873707093,4035.0,403.5,3,0.04168326056450391,0.046813677900744595,-0.039075314407963004,0.018580106200473605,0.0009649360231350809,-0.004748797725239409,-0.0007776096989269433,-5e-05,-0.003,0.000403992624559504,-0.18260946839840875,-0.0015159333331717386,-0.181093535065237,0.02947576960755719,0.43814963301022847,1.0095947689480251,29,8,8936,0.0036659048012870152,cuda,27.623046875
232,273,200,1229,224,160,845,157,0.98125,1.4743694060211554,11.956163380712319,0.005978081690356159,0.6428571428571429,180,100,2973.5750632824315,297.3575063282432,4452.120459591428,445.21204595914276,186.6334735615558,18.66334735615558,3746.61357237861,374.661357237861,5360.0,536.0,1,0.043822534035270075,0.05050072614589501,-0.03630199869482119,0.02702247298227789,0.00047677979505029067,-0.004564153755497979,-0.0009080665460918445,-7.500000000000001e-05,-0.001,0.0001915946357903533,-0.18260946839840875,-0.0015159333331717386,-0.181093535065237,0.02947576960755719,0.43814963301022847,1.0095947689480251,29,8,8936,0.0036659048012870152,cuda,27.623046875
233,274,200,1061,291,366,404,359,0.9808743169398907,1.8548539114043356,10.17732169051972,0.00508866084525986,0.7330960854092526,206,75,3358.1824248622092,335.8182424862209,7170.654356663298,717.0654356663298,250.64287836535593,25.06428783653559,4231.016094549205,423.10160945492055,3510.0,351.0,0,0.04757632586257362,0.061744987277625986,-0.06038707774440396,0.02145085059647864,0.001384330180572718,-0.0058572788666235425,-0.0006868002693979231,-0.000175,0.0,0.0005946541237150748,-0.03703044044604111,0.0009504158360262711,-0.037980856282067384,0.03271934199664328,0.458896756834454,1.0105932275454204,30,8,8757,0.00251653330536637,cuda,26.40234375
234,275,200,965,248,405,312,289,0.7135802469135802,1.9502590673575129,-6.998457687354656,-0.003499228843677328,0.73992673992674,202,71,3528.8809046862507,352.8880904686251,7184.413613724933,718.4413613724934,202.32797775600986,20.232797775600986,4445.659000901087,444.5659000901087,3380.0,338.0,1,0.05172197723729499,0.060894765055821705,-0.06545969899123494,0.0007566362719536386,0.0010358440340239193,-0.004591611337435682,-0.0006313863504184114,-0.0028999999999999937,-0.001,0.00043163212602814716,-0.03703044044604111,0.0009504158360262711,-0.037980856282067384,0.03271934199664328,0.458896756834454,1.0105932275454204,30,8,8757,0.00251653330536637,cuda,26.40234375
235,276,200,1036,324,352,360,351,0.9971590909090909,1.9083011583011582,4.702164071606826,0.002351082035803413,0.7071428571428572,198,82,3517.6742379325024,351.76742379325026,7355.829462930276,735.5829462930276,278.90854045287875,27.890854045287874,4432.29876280204,443.229876280204,3425.0,342.5,0,0.05058842243055606,0.06514502981452089,-0.07957798675165892,0.013427573434984665,0.0009776484358884163,-0.006590285967756864,-0.0006626968063405342,-2.5e-05,0.0,0.00042746209754172923,-0.03703044044604111,0.0009504158360262711,-0.037980856282067384,0.03271934199664328,0.458896756834454,1.0105932275454204,30,8,8757,0.00251653330536637,cuda,26.40234375
236,277,200,1333,276,117,940,115,0.9829059829059829,1.4111027756939234,3.37572213833578,0.0016878610691678899,0.5454545454545454,150,125,3036.8790002393307,303.6879000239331,4204.802810075482,420.4802810075482,147.71668243894362,14.771668243894363,3821.614536132191,382.1614536132191,6090.0,609.0,1,0.03987030064585154,0.06543116248285519,-0.0540429547167576,0.013040769657287768,0.0,-0.004179082153777488,-0.0007997925812251711,-5e-05,-0.001,0.0,-0.03703044044604111,0.0009504158360262711,-0.037980856282067384,0.03271934199664328,0.458896756834454,1.0105932275454204,30,8,8757,0.00251653330536637,cuda,26.40234375
237,278,200,1194,242,153,799,151,0.9869281045751634,1.4690117252931323,10.05082442436812,0.00502541221218406,0.44280442804428044,120,151,2785.8590062353087,278.58590062353085,4235.238158509851,423.5238158509851,193.2793478170449,19.327934781704492,3506.9911446636784,350.69911446636786,5215.0,521.5,3,0.03724154648329672,0.055087773746256,-0.044934107516605225,0.029195680532435854,0.0002451053709316283,-0.00509976502788762,-0.0007077949077852219,-5e-05,-0.003,9.80220342018305e-05,-0.03703044044604111,0.0009504158360262711,-0.037980856282067384,0.03271934199664328,0.458896756834454,1.0105932275454204,30,8,8757,0.00251653330536637,cuda,26.40234375
238,279,200,1123,267,248,608,240,0.967741935483871,1.626892252894034,7.9180864220931095,0.003959043211046555,0.648936170212766,183,99,3057.4968778857847,305.74968778857846,5557.024450695976,555.7024450695976,218.7658158346753,21.87658158346753,3852.2480370333465,385.22480370333466,4415.0,441.5,2,0.04305257462515475,0.05235631608035251,-0.04594543523327069,0.021930986806473013,0.0014068764290977548,-0.005251442242330282,-0.0008682187328601851,-0.00019999999999999998,-0.002,0.0005729200967665998,-0.03703044044604111,0.0009504158360262711,-0.037980856282067384,0.03271934199664328,0.458896756834454,1.0105932275454204,30,8,8757,0.00251653330536637,cuda,26.40234375
239,280,200,993,253,378,362,349,0.9232804232804233,1.986908358509567,8.799982426780714,0.004399991213390357,0.7822878228782287,212,59,3683.752808781101,368.3752808781101,7804.181004939495,780.4181004939495,238.62857357111105,23.862857357111103,4638.984554516073,463.89845545160733,3220.0,322.0,0,0.0529478797863399,0.06290713237518639,-0.053459067395390386,0.020926964307106714,0.0008478893072439314,-0.005260192644536542,-0.0007758974762034047,-0.0007250000000000003,0.0,0.0003832338939760636,-0.03703044044604111,0.0009504158360262711,-0.037980856282067384,0.03271934199664328,0.458896756834454,1.0105932275454204,30,8,8757,0.00251653330536637,cuda,26.40234375
240,281,200,1052,311,451,290,402,0.8913525498891353,1.873574144486692,2.238889399512306,0.0011194446997561528,0.7035714285714286,197,83,3439.5899234447043,343.9589923444704,7390.222994304524,739.0222994304524,305.04314031650614,30.504314031650615,4331.664323496379,433.16643234963794,3250.0,325.0,0,0.048314967576392476,0.06991164018765317,-0.06757685186040709,0.012878746288448784,0.000691816139550899,-0.0070100769766966095,-0.000563245362766543,-0.0012249999999999997,0.0,0.00029939875549154815,-0.03703044044604111,0.0009504158360262711,-0.037980856282067384,0.03271934199664328,0.458896756834454,1.0105932275454204,30,8,8757,0.00251653330536637,cuda,26.40234375
241,282,200,1041,244,220,577,210,0.9545454545454546,1.8683957732949088,7.07299486448601,0.0035364974322430053,0.7809187279151943,221,62,3830.6910375054367,383.06910375054366,6978.4455024612325,697.8445502461233,198.65855165702385,19.865855165702385,4827.31060768033,482.731060768033,4155.0,415.5,1,0.05861113113832673,0.053368838395413315,-0.044460204894678695,0.018374235305888904,0.0009625064096045509,-0.0048449067107689285,-0.0005332982703238672,-0.00024999999999999995,-0.001,0.0004026653797975393,0.11157787129696872,-0.0014195788444744217,0.11299745014144315,0.025190200573868223,0.37531961533758373,1.0598588559362623,31,8,9029,0.001977191143849252,cuda,26.51953125
242,283,200,1166,251,90,825,90,1.0,1.4579759862778732,5.6613999715434575,0.002830699985771729,0.6773049645390071,191,91,3028.924473818049,302.8924473818049,4083.712189747415,408.3712189747415,149.55960724443386,14.955960724443386,3812.1906002113833,381.2190600211383,5380.0,538.0,4,0.04079289498013218,0.06585815557091051,-0.055057848400192545,0.023377571295943866,1.9866393722221613e-05,-0.004049755432494624,-0.0005919265670805128,0.0,-0.004,9.933196861110805e-06,0.11157787129696872,-0.0014195788444744217,0.11299745014144315,0.025190200573868223,0.37531961533758373,1.0598588559362623,31,8,9029,0.001977191143849252,cuda,26.51953125
243,284,200,977,261,269,447,269,1.0,1.9078812691914022,5.420592488990107,0.0027102962444950536,0.7411347517730497,209,73,3603.43636105563,360.343636105563,6798.935174929336,679.8935174929336,229.65286485903823,22.965286485903825,4541.045270699448,454.1045270699448,3540.0,354.0,1,0.05239664082523771,0.05273128680991282,-0.05829176260110435,0.016253616304539205,0.000502005946291157,-0.005296299893721006,-0.0005214037182798899,0.0,-0.001,0.00020688502149269968,0.11157787129696872,-0.0014195788444744217,0.11299745014144315,0.025190200573868223,0.37531961533758373,1.0598588559362623,31,8,9029,0.001977191143849252,cuda,26.51953125
244,285,200,1001,296,364,341,360,0.989010989010989,1.8511488511488512,3.9315073868874193,0.0019657536934437098,0.7184115523465704,199,78,3331.159517216908,333.1159517216908,6900.880968352011,690.0880968352011,271.75421164015114,27.175421164015113,4191.296393579855,419.1296393579855,3205.0,320.5,1,0.04276534511763236,0.052188408814595334,-0.06773251014233438,0.015572519020028222,0.00019405827069021503,-0.006361021331669231,-0.0004450856200046805,-0.0001,-0.001,8.103562531236473e-05,0.11157787129696872,-0.0014195788444744217,0.11299745014144315,0.025190200573868223,0.37531961533758373,1.0598588559362623,31,8,9029,0.001977191143849252,cuda,26.51953125
245,286,200,1022,298,305,419,304,0.9967213114754099,1.933463796477495,1.204123457503628,0.000602061728751814,0.743859649122807,212,73,3517.72399622333,351.77239962233296,7460.635178622083,746.0635178622083,232.32104128461148,23.23210412846115,4430.575945354192,443.05759453541924,3590.0,359.0,0,0.05114265747689524,0.05546273066418594,-0.05354028131133321,0.006767785363372519,0.0008102267256234484,-0.0055116843292568945,-0.0006340484366728456,-2.5e-05,0.0,0.00034461970858312046,0.11157787129696872,-0.0014195788444744217,0.11299745014144315,0.025190200573868223,0.37531961533758373,1.0598588559362623,31,8,9029,0.001977191143849252,cuda,26.51953125
246,287,200,1420,278,107,1035,107,1.0,1.3943661971830985,4.169022377381009,0.0020845111886905045,0.5669014084507042,161,123,2987.8869691075383,298.78869691075386,4165.848691558597,416.58486915585974,138.86246039640798,13.886246039640799,3762.45465400448,376.245465400448,6565.0,656.5,0,0.04211291834892443,0.06831874793946863,-0.07028563065808377,0.011483941816508742,0.0,-0.0038689615942811527,-0.0006666095932592384,0.0,0.0,0.0,0.11157787129696872,-0.0014195788444744217,0.11299745014144315,0.025190200573868223,0.37531961533758373,1.0598588559362623,31,8,9029,0.001977191143849252,cuda,26.51953125
247,288,200,1271,292,141,838,140,0.9929078014184397,1.4539732494099133,4.312135921623866,0.002156067960811933,0.5765124555160143,162,119,3038.3026979930314,303.83026979930315,4251.84613949597,425.18461394959706,162.7289857268242,16.27289857268242,3824.1470423126552,382.41470423126555,5655.0,565.5,2,0.04279793302201242,0.07953721115150338,-0.0640919026907457,0.01728828323476648,0.0,-0.004384924874003254,-0.0010020967299000413,-2.5e-05,-0.002,0.0,0.11157787129696872,-0.0014195788444744217,0.11299745014144315,0.025190200573868223,0.37531961533758373,1.0598588559362623,31,8,9029,0.001977191143849252,cuda,26.51953125
248,289,200,1131,289,211,631,178,0.8436018957345972,1.7550839964633067,-0.13671816682746255,-6.835908341373127e-05,0.6763636363636364,186,89,3602.499522043784,360.2499522043784,6551.112070530242,655.1112070530241,180.37415131203431,18.03741513120343,4538.08320205175,453.808320205175,4765.0,476.5,0,0.05365182151956638,0.07214227401550864,-0.06577088397789711,0.005528359861975187,0.0008474604920916731,-0.004557153568834905,-0.0008123531834007116,-0.0008250000000000004,0.0,0.00036349086422087374,0.11157787129696872,-0.0014195788444744217,0.11299745014144315,0.025190200573868223,0.37531961533758373,1.0598588559362623,31,8,9029,0.001977191143849252,cuda,26.51953125
249,290,200,1195,294,90,811,90,1.0,1.3715481171548116,-3.202218722366829,-0.0016011093611834144,0.44765342960288806,124,153,2677.862900221025,267.7862900221025,3206.1580621649423,320.6158062164942,131.8911300950153,13.189113009501531,3368.3529904212423,336.83529904212423,5525.0,552.5,6,0.035440599990327476,0.08716958496334169,-0.09083088796666411,0.013181010754222624,0.0,-0.00395334506185163,-0.0006057880950294674,0.0,-0.006,0.0,0.06864451974526876,-0.00018389695324003697,0.0688284166985088,0.029543985053896903,0.3896013802952237,1.0556553416781955,32,8,8921,0.0011795748844832341,cuda,26.111328125
250,291,200,950,233,361,356,346,0.9584487534626038,1.956842105263158,7.648756936471747,0.0038243784682358735,0.7816901408450704,222,62,3611.9072191097016,361.1907219109702,7409.7004983945835,740.9700498394584,236.2948646880358,23.62948646880358,4550.330096499617,455.0330096499617,3020.0,302.0,1,0.05013220892967405,0.05218214728127724,-0.05364249188449488,0.01936104568607461,0.0012710256313910265,-0.005103306736633891,-0.0006010446926102486,-0.00037500000000000006,-0.001,0.0005241090914071912,0.06864451974526876,-0.00018389695324003697,0.0688284166985088,0.029543985053896903,0.3896013802952237,1.0556553416781955,32,8,8921,0.0011795748844832341,cuda,26.111328125
251,292,200,1026,276,387,363,382,0.9870801033591732,1.838206627680312,1.9123812195736694,0.0009561906097868346,0.7188612099644128,202,79,3256.03194286847,325.60319428684704,6749.705143255059,674.9705143255059,265.99282878582557,26.599282878582557,4102.572885748586,410.25728857485853,3220.0,322.0,1,0.04767981917326955,0.050825079544672906,-0.04537251324224654,0.011162869611677586,0.00044769179568238674,-0.0058031329324662135,-0.00038596055009948655,-0.000125,-0.001,0.0001857864634261434,0.06864451974526876,-0.00018389695324003697,0.0688284166985088,0.029543985053896903,0.3896013802952237,1.0556553416781955,32,8,8921,0.0011795748844832341,cuda,26.111328125
252,293,200,1108,257,376,475,351,0.9335106382978723,1.8014440433212997,10.053887771543772,0.005026943885771886,0.7323943661971831,208,76,3418.2122702126044,341.8212270212604,6816.808562343346,681.6808562343347,247.2624017583029,24.72624017583029,4307.325956053366,430.7325956053366,3785.0,378.5,0,0.052453859070648756,0.058597215255524616,-0.05499205457984547,0.022665202271373454,0.0006803956520299223,-0.005379967845021926,-0.0003620884292871333,-0.0006250000000000002,0.0,0.00027607732727297115,0.06864451974526876,-0.00018389695324003697,0.0688284166985088,0.029543985053896903,0.3896013802952237,1.0556553416781955,32,8,8921,0.0011795748844832341,cuda,26.111328125
253,294,200,1168,299,342,527,317,0.9269005847953217,1.6977739726027397,-1.2188349269351009,-0.0006094174634675505,0.7288732394366197,207,77,3134.0170699436094,313.40170699436095,6417.996063175773,641.7996063175773,214.69463309825818,21.46946330982582,3945.5812783445003,394.55812783445003,4255.0,425.5,0,0.04395167156511587,0.07250603055518946,-0.07525375501959593,0.0028568576957947976,0.0014990314367319321,-0.005139022956750913,-0.0009611751733350272,-0.0006250000000000002,0.0,0.0006288405077251351,0.06864451974526876,-0.00018389695324003697,0.0688284166985088,0.029543985053896903,0.3896013802952237,1.0556553416781955,32,8,8921,0.0011795748844832341,cuda,26.111328125
254,295,200,1254,183,78,993,78,1.0,1.460127591706539,5.528901811852525,0.0027644509059262627,0.696113074204947,197,86,3211.0014633010023,321.10014633010024,4288.589967820104,428.8589967820104,133.6325572975282,13.363255729752819,4039.8016087376427,403.98016087376425,5880.0,588.0,2,0.040447013206927916,0.03251348368325484,-0.01662674294920902,0.017899244256468126,0.0,-0.0034794691645062305,-0.0005565244706428465,0.0,-0.002,0.0,0.06864451974526876,-0.00018389695324003697,0.0688284166985088,0.029543985053896903,0.3896013802952237,1.0556553416781955,32,8,8921,0.0011795748844832341,cuda,26.111328125
255,296,200,1194,233,136,825,125,0.9191176470588235,1.464824120603015,-5.432757136195061,-0.0027163785680975306,0.597864768683274,168,113,3051.3250660122403,305.132506601224,4228.826832823114,422.8826832823114,149.88450357115724,14.988450357115724,3844.987472072879,384.4987472072879,5345.0,534.5,3,0.045349766865595505,0.048428084447814865,-0.048810645682918125,0.0027504056953415253,0.0,-0.003674776713477135,-0.0005447365509672506,-0.00027499999999999996,-0.003,0.0,0.06864451974526876,-0.00018389695324003697,0.0688284166985088,0.029543985053896903,0.3896013802952237,1.0556553416781955,32,8,8921,0.0011795748844832341,cuda,26.111328125
256,297,200,1026,245,253,528,252,0.9960474308300395,1.7222222222222223,3.58308119778702,0.00179154059889351,0.7446043165467626,207,71,3120.015820469992,312.0015820469992,5646.710821696881,564.6710821696881,198.78791001460365,19.878791001460364,3927.6811766106657,392.7681176610666,3870.0,387.0,2,0.043499340452320845,0.04475963373319012,-0.029858606015274895,0.015765984705306095,0.00014654391166495111,-0.00480131710527533,-0.0005482899383412277,-2.5e-05,-0.002,6.522460488250281e-05,0.06864451974526876,-0.00018389695324003697,0.0688284166985088,0.029543985053896903,0.3896013802952237,1.0556553416781955,32,8,8921,0.0011795748844832341,cuda,26.111328125
257,298,200,1034,237,284,513,273,0.9612676056338029,1.8713733075435204,1.0705483977644863,0.0005352741988822431,0.6655052264808362,191,96,3520.5979105674573,352.0597910567457,6938.969594121994,693.8969594121994,200.37041208379276,20.037041208379275,4434.600106919381,443.46001069193807,3805.0,380.5,1,0.048478302870241824,0.05021745289705378,-0.05061687359972573,0.008407876719431575,0.0005959131815073733,-0.0042418230936893874,-0.0004959513433873578,-0.00027499999999999996,-0.001,0.0002479864551729213,0.14989228904661206,0.004379300700707568,0.14551298834590448,0.018453859289487205,0.45783497095108033,1.060706729359097,33,8,8333,-0.0002704698399487575,cuda,27.50634765625
258,299,200,963,244,310,409,305,0.9838709677419355,1.9771547248182761,-3.6176404981560006,-0.0018088202490780002,0.6762589928057554,188,90,3571.850099644063,357.1850099644063,7310.6130951121395,731.061309511214,220.92595881848413,22.092595881848414,4499.752651044231,449.9752651044231,3290.0,329.0,1,0.04997631454689624,0.0563587645180358,-0.0631311455175672,-9.729614847033897e-05,0.0011605172318534598,-0.0047521424390540275,-0.0006420985834050608,-0.000125,-0.001,0.0004876085467551655,0.14989228904661206,0.004379300700707568,0.14551298834590448,0.018453859289487205,0.45783497095108033,1.060706729359097,33,8,8333,-0.0002704698399487575,cuda,27.50634765625
259,300,200,1034,341,447,246,444,0.9932885906040269,1.925531914893617,-7.420795441499281,-0.0037103977207496404,0.75,210,70,3470.1013852822407,347.01013852822405,7480.382954644351,748.0382954644351,305.81968642259073,30.581968642259074,4369.419660230128,436.9419660230128,2950.0,295.0,0,0.05222261909882829,0.08501205610153725,-0.11265907769583408,-0.005048900127093317,2.4574171861714156e-05,-0.006834789331630553,-0.00037635391200578416,-7.500000000000001e-05,0.0,1.2287085930857078e-05,0.14989228904661206,0.004379300700707568,0.14551298834590448,0.018453859289487205,0.45783497095108033,1.060706729359097,33,8,8333,-0.0002704698399487575,cuda,27.50634765625
260,301,200,1065,200,250,615,235,0.94,1.8450704225352113,6.909616852353313,0.0034548084261766566,0.6666666666666666,188,94,3860.518112978052,386.0518112978052,7128.028844062231,712.802884406223,164.6354827079445,16.46354827079445,4860.616101217999,486.0616101217999,4150.0,415.0,0,0.05345418280863741,0.04469611100362006,-0.04381845908117959,0.014609891289784564,0.0011177391743951493,-0.0036286977747590414,-0.0005673970881728787,-0.00037500000000000006,0.0,0.0004731198098893551,0.14989228904661206,0.004379300700707568,0.14551298834590448,0.018453859289487205,0.45783497095108033,1.060706729359097,33,8,8333,-0.0002704698399487575,cuda,27.50634765625
261,302,200,945,290,398,257,384,0.964824120603015,2.0634920634920637,-2.1119990749170547,-0.0010559995374585273,0.7266187050359713,202,76,3812.794772718882,381.2794772718882,8137.051261769523,813.7051261769523,283.39565771188853,28.339565771188852,4802.261380894064,480.2261380894064,2805.0,280.5,0,0.05536312954425766,0.06065465275305326,-0.076059123664262,0.003566804284860112,0.00013469542083345787,-0.0061589766471267,-0.00035707367767140783,-0.00035000000000000005,0.0,6.267113989100295e-05,0.14989228904661206,0.004379300700707568,0.14551298834590448,0.018453859289487205,0.45783497095108033,1.060706729359097,33,8,8333,-0.0002704698399487575,cuda,27.50634765625
262,303,200,1118,256,271,591,193,0.7121771217712177,1.7745974955277282,-0.9557655454671194,-0.0004778827727335597,0.6289752650176679,178,105,3562.1725155747827,356.2172515574783,6721.899445349095,672.1899445349095,157.64739662315813,15.764739662315813,4485.637354902599,448.56373549025994,4625.0,462.5,0,0.050281054291827575,0.06263346222013846,-0.05152886365995213,0.005944795050588747,0.0008840748965937653,-0.003850327508002708,-0.0007316295919548347,-0.001949999999999997,0.0,0.00037297531669130745,0.14989228904661206,0.004379300700707568,0.14551298834590448,0.018453859289487205,0.45783497095108033,1.060706729359097,33,8,8333,-0.0002704698399487575,cuda,27.50634765625
263,304,200,1160,262,324,574,320,0.9876543209876543,1.710344827586207,-0.3866073600516982,-0.0001933036800258491,0.6464285714285715,181,99,3306.1379598801736,330.6137959880174,6493.868827370964,649.3868827370964,197.85694649023128,19.785694649023128,4159.885691530459,415.9885691530459,4200.0,420.0,0,0.04460634727159562,0.05488813614946465,-0.06698900879771323,0.004117903437088463,0.00042839509126842715,-0.004603988027522213,-0.0007201826828826032,-0.0001,0.0,0.00017560362418358522,0.14989228904661206,0.004379300700707568,0.14551298834590448,0.018453859289487205,0.45783497095108033,1.060706729359097,33,8,8333,-0.0002704698399487575,cuda,27.50634765625
264,305,200,1014,284,192,538,192,1.0,1.6992110453648914,2.1851252307932345,0.0010925626153966172,0.5884476534296029,163,114,3166.0021322790094,316.60021322790095,5463.782212420255,546.3782212420255,177.72725915096754,17.772725915096753,3985.8858666024166,398.5885866602417,4110.0,411.0,4,0.04353672457111811,0.07161809217794077,-0.073589849971673,0.017470595630500838,0.00043615306092262377,-0.004589051281256209,-0.0006910886304042784,0.0,-0.004,0.00017842525133365198,0.14989228904661206,0.004379300700707568,0.14551298834590448,0.018453859289487205,0.45783497095108033,1.060706729359097,33,8,8333,-0.0002704698399487575,cuda,27.50634765625
265,306,200,1375,227,71,1077,71,1.0,1.4392727272727273,4.539866620093301,0.0022699333100466507,0.579136690647482,161,117,3177.6099053539965,317.7609905353996,4445.83757772573,444.583757772573,119.33129845555166,11.933129845555166,3999.971314932067,399.99713149320667,6520.0,652.0,0,0.04387514625522373,0.06083450774994279,-0.04857296521242646,0.011662059961896653,7.765299037741633e-05,-0.003197539030291843,-0.0010427300894403177,0.0,0.0,3.8826495188708164e-05,-0.18263736045401957,-0.0007003616800324784,-0.18193699877398709,0.02494412399828434,0.40996220774120756,0.9713744865523444,34,8,9145,0.002647060311342173,cuda,26.2001953125
266,307,200,980,297,357,326,352,0.9859943977591037,1.9581632653061225,4.329959471193169,0.002164979735596584,0.7689530685920578,213,64,3486.458098378197,348.6458098378197,7099.06781980248,709.906781980248,242.80415468171606,24.280415468171604,4391.576446097022,439.15764460970223,3140.0,314.0,1,0.05475659409715293,0.07176958743202434,-0.07677171030101683,0.015149049029798307,0.0002814117771348031,-0.00540029223353419,-0.00043562845172131495,-0.000125,-0.001,0.00011639238531378226,-0.18263736045401957,-0.0007003616800324784,-0.18193699877398709,0.02494412399828434,0.40996220774120756,0.9713744865523444,34,8,9145,0.002647060311342173,cuda,26.2001953125
267,308,200,1081,244,319,518,306,0.9592476489028213,1.818686401480111,3.0938999777783165,0.0015469499888891582,0.7230215827338129,201,77,3502.5633096758525,350.25633096758526,6933.277176366582,693.3277176366582,213.77723322819173,21.377723322819172,4415.798480890998,441.57984808909976,3875.0,387.5,0,0.05192014960241524,0.06102297916947337,-0.05867906672044323,0.010801788359454402,0.00026755118433008677,-0.00455623776221758,-0.0007952675238556183,-0.000325,0.0,0.00012611477678031854,-0.18263736045401957,-0.0007003616800324784,-0.18193699877398709,0.02494412399828434,0.40996220774120756,0.9713744865523444,34,8,9145,0.002647060311342173,cuda,26.2001953125
268,309,200,1031,279,298,454,295,0.9899328859060402,1.8612997090203687,10.944566276835753,0.005472283138417877,0.7534722222222222,217,71,3529.7804463366383,352.97804463366384,6789.340041280656,678.9340041280656,243.05856926933083,24.30585692693308,4449.427973903693,444.94279739036926,3680.0,368.0,1,0.053345063933921036,0.07031300790994179,-0.06488151952512522,0.026607498797277362,0.0,-0.005413901456597468,-0.00048285405926901624,-7.500000000000001e-05,-0.001,0.0,-0.18263736045401957,-0.0007003616800324784,-0.18193699877398709,0.02494412399828434,0.40996220774120756,0.9713744865523444,34,8,9145,0.002647060311342173,cuda,26.2001953125
269,310,200,1188,294,398,496,387,0.9723618090452262,1.6153198653198653,14.816958218147363,0.0074084791090736814,0.675,189,91,2782.989345584436,278.2989345584436,5843.615265275991,584.3615265275992,298.587936064505,29.8587936064505,3503.6716047329887,350.3671604732989,4005.0,400.5,1,0.03815595313719107,0.061643000872997546,-0.05968136325242773,0.03448796772898861,0.00041042642408689297,-0.006986125430125534,-0.000630259762015112,-0.00027499999999999996,-0.001,0.00017725904431099704,-0.18263736045401957,-0.0007003616800324784,-0.18193699877398709,0.02494412399828434,0.40996220774120756,0.9713744865523444,34,8,9145,0.002647060311342173,cuda,26.2001953125
270,311,200,1082,232,295,555,283,0.9593220338983051,1.811460258780037,-0.4464153217831799,-0.00022320766089158994,0.7247386759581882,208,79,3643.6534659203217,364.36534659203215,6950.777706418226,695.0777706418227,201.1066184726995,20.11066184726995,4590.083949717684,459.0083949717684,3995.0,399.5,0,0.05074466406589453,0.059238298979947215,-0.06238277620473958,0.002935365653387123,0.0007642220975694379,-0.0040617896566140215,-0.00032692891552035537,-0.0003,0.0,0.00032193588666545566,-0.18263736045401957,-0.0007003616800324784,-0.18193699877398709,0.02494412399828434,0.40996220774120756,0.9713744865523444,34,8,9145,0.002647060311342173,cuda,26.2001953125
271,312,200,1363,282,206,875,205,0.9951456310679612,1.4563462949376376,5.749669035380359,0.0028748345176901795,0.5979020979020979,171,115,2944.5019161809487,294.4501916180949,4801.565398813647,480.1565398813647,187.7421538543744,18.77421538543744,3709.664813162839,370.9664813162839,5790.0,579.0,0,0.040131500401404716,0.07698159218131809,-0.07227006754794688,0.014248944184465932,0.00035718548390430794,-0.004573716275869891,-0.0006833887893748911,-2.5e-05,0.0,0.00015194577972163135,-0.18263736045401957,-0.0007003616800324784,-0.18193699877398709,0.02494412399828434,0.40996220774120756,0.9713744865523444,34,8,9145,0.002647060311342173,cuda,26.2001953125
272,313,200,1045,321,401,323,391,0.9750623441396509,1.8909090909090909,-0.6755392961703095,-0.00033776964808515474,0.7703180212014135,218,65,3437.834742994501,343.7834742994501,7364.075201914116,736.4075201914117,274.1113189534765,27.411131895347648,4328.435682242846,432.84356822428464,3270.0,327.0,0,0.050701031201154816,0.07112367208046869,-0.07476782429627375,0.0054547622914110664,0.00024415697188328147,-0.005994127414922759,-0.00045850946478418814,-0.00024999999999999995,0.0,0.00010012328092864549,-0.18263736045401957,-0.0007003616800324784,-0.18193699877398709,0.02494412399828434,0.40996220774120756,0.9713744865523444,34,8,9145,0.002647060311342173,cuda,26.2001953125
273,314,200,1128,231,356,541,298,0.8370786516853933,1.7730496453900708,-6.660190791636752,-0.003330095395818376,0.7338129496402878,204,74,3329.167659422985,332.91676594229847,6676.415614793078,667.6415614793078,178.0317830362148,17.80317830362148,4192.667767698058,419.2667767698058,4150.0,415.0,0,0.04900050468049627,0.058125538837556674,-0.06129713834492352,-0.005598293372898553,0.0013560643220194863,-0.003885244352555472,-0.0006667516335705126,-0.0014499999999999988,0.0,0.0005569927494233777,0.02892644459174739,-0.00030888312806685766,0.02923532771981425,0.022226722124550076,0.3944074637360043,1.0552887731128269,35,8,9022,0.0011781327751582166,cuda,25.96923828125
274,315,200,934,252,296,386,271,0.9155405405405406,2.0149892933618845,2.2511623966342973,0.0011255811983171486,0.6443661971830986,183,101,3617.466420872442,361.7466420872442,7387.07169976171,738.707169976171,219.57349686472986,21.957349686472988,4556.266503883812,455.6266503883812,3315.0,331.5,1,0.050395333851395725,0.05168201642407558,-0.04268578696978703,0.01079851874667823,0.0014052104553843368,-0.004774576536128644,-0.0009399452255233801,-0.0006250000000000002,-0.001,0.0006144130398993701,0.02892644459174739,-0.00030888312806685766,0.02923532771981425,0.022226722124550076,0.3944074637360043,1.0552887731128269,35,8,9022,0.0011781327751582166,cuda,25.96923828125
275,316,200,987,268,418,301,391,0.9354066985645934,2.010131712259372,-3.4308560007009525,-0.0017154280003504763,0.7379310344827587,214,76,3680.6225053139733,368.06225053139735,7767.3005019303555,776.7300501930356,220.44470761267505,22.044470761267505,4634.118106093798,463.4118106093798,2980.0,298.0,0,0.05229591528959195,0.07288981876373228,-0.0779951288554902,-9.684867639835603e-05,0.0005397149628880378,-0.0045111367681067655,-0.0004927447028243568,-0.0006750000000000003,0.0,0.00023431324172349085,0.02892644459174739,-0.00030888312806685766,0.02923532771981425,0.022226722124550076,0.3944074637360043,1.0552887731128269,35,8,9022,0.0011781327751582166,cuda,25.96923828125
276,317,200,1041,241,349,451,348,0.997134670487106,1.8049951969260327,6.12316415469731,0.003061582077348655,0.6503496503496503,186,100,3374.370793082151,337.4370793082151,6600.0404144341965,660.0040414434196,242.09038959471542,24.209038959471542,4252.490247432375,425.24902474323756,3465.0,346.5,1,0.04886659563574159,0.05467611468308089,-0.04924500252808627,0.018198762602309067,0.0,-0.005131025163056578,-0.00047590878867570345,-2.5e-05,-0.001,0.0,0.02892644459174739,-0.00030888312806685766,0.02923532771981425,0.022226722124550076,0.3944074637360043,1.0552887731128269,35,8,9022,0.0011781327751582166,cuda,25.96923828125
277,318,200,1209,263,249,697,240,0.963855421686747,1.6253101736972704,4.741044187704651,0.0023705220938523256,0.7298245614035088,208,77,3280.960283543739,328.0960283543739,5953.887298330651,595.3887298330651,183.06679258994922,18.306679258994922,4132.970803381761,413.29708033817604,4845.0,484.5,0,0.04629946349621923,0.06858561445576043,-0.06411788189095821,0.012161331651299675,0.0007995995840457867,-0.0043036476987984695,-0.0008735256250769022,-0.00022499999999999997,0.0,0.0003173627830175446,0.02892644459174739,-0.00030888312806685766,0.02923532771981425,0.022226722124550076,0.3944074637360043,1.0552887731128269,35,8,9022,0.0011781327751582166,cuda,25.96923828125
278,319,200,1298,293,166,839,166,1.0,1.431432973805855,7.020374847354141,0.0035101874236770705,0.5880281690140845,167,117,2623.722782904917,262.3722782904917,4348.390820786838,434.8390820786838,167.46922526534536,16.746922526534537,3304.4720996386773,330.44720996386775,5660.0,566.0,1,0.036206386618186495,0.06913140446302818,-0.06504303550086253,0.018932378118634824,0.0004600475875630091,-0.004519064615022269,-0.001211344013594623,0.0,-0.001,0.00018829550868187242,0.02892644459174739,-0.00030888312806685766,0.02923532771981425,0.022226722124550076,0.3944074637360043,1.0552887731128269,35,8,9022,0.0011781327751582166,cuda,25.96923828125
279,320,200,1100,239,259,602,210,0.8108108108108109,1.800909090909091,0.851066125565962,0.000425533062782981,0.608540925266904,171,110,3505.4391322235424,350.54391322235426,6744.870067995631,674.4870067995631,160.8478594190212,16.08478594190212,4415.687257245015,441.56872572450146,4450.0,445.0,0,0.050989908761693514,0.05645212768951169,-0.05035175910460208,0.007433928991648893,0.0008230582820567394,-0.0036672713061035446,-0.0009418031555496946,-0.0012249999999999997,0.0,0.0003514102341385825,0.02892644459174739,-0.00030888312806685766,0.02923532771981425,0.022226722124550076,0.3944074637360043,1.0552887731128269,35,8,9022,0.0011781327751582166,cuda,25.96923828125
280,321,200,1325,229,155,941,154,0.9935483870967742,1.490566037735849,7.954359482912813,0.003977179741456407,0.778169014084507,221,63,3212.8292935397694,321.28292935397695,4896.430480818575,489.6430480818575,151.6831200576706,15.16831200576706,4047.466552066837,404.74665520668367,5855.0,585.5,0,0.04529778996914642,0.06712090627979428,-0.06191215950175965,0.017670578196977146,0.0,-0.0034591882571405343,-0.0008957908016485991,-2.5e-05,0.0,0.0,0.02892644459174739,-0.00030888312806685766,0.02923532771981425,0.022226722124550076,0.3944074637360043,1.0552887731128269,35,8,9022,0.0011781327751582166,cuda,25.96923828125
281,322,200,1272,272,387,613,378,0.9767441860465116,1.5676100628930818,21.380057954282158,0.010690028977141079,0.7056737588652482,199,83,2791.4052199290327,279.14052199290325,5604.717221234567,560.4717221234566,270.35754149226915,27.035754149226914,3517.92030684078,351.792030684078,4470.0,447.0,0,0.04270604470374242,0.060809589633689126,-0.053950319027536546,0.041438120266758256,0.0008399372605398124,-0.006402682569817988,-0.0003764360699037981,-0.00022499999999999997,0.0,0.0003453189833692961,-0.2460314657445997,0.0005865172576159239,-0.24661798300221563,0.033121235109865664,0.38338972330093385,0.9396676599979401,36,8,9593,0.006716080324445656,cuda,26.51953125
282,323,200,1380,231,249,900,248,0.9959839357429718,1.4384057971014492,19.970918751310354,0.009985459375655177,0.5287769784172662,147,131,2841.0759810629957,284.1075981062996,4493.56729901034,449.35672990103404,242.88647742857395,24.288647742857396,3580.2654909841367,358.0265490984137,5660.0,566.0,0,0.040766004340281145,0.05092064834611671,-0.04688520131406435,0.039630089741849284,0.0,-0.005731754221245642,-0.0005677463260267816,-2.5e-05,0.0,0.0,-0.2460314657445997,0.0005865172576159239,-0.24661798300221563,0.033121235109865664,0.38338972330093385,0.9396676599979401,36,8,9593,0.006716080324445656,cuda,26.51953125
283,324,200,1065,275,325,465,318,0.9784615384615385,1.8610328638497653,2.491572032830325,0.0012457860164151624,0.6631205673758865,187,95,3467.5657029080626,346.7565702908063,7088.717136335659,708.871713633566,235.06825184578415,23.506825184578414,4369.21829750158,436.92182975015805,3735.0,373.5,0,0.05031225936112492,0.061046818341967006,-0.05739283863405158,0.008595073519814278,0.0008302949145079276,-0.005155907335268218,-0.00038032605323163476,-0.000175,0.0,0.0003420559495437377,-0.2460314657445997,0.0005865172576159239,-0.24661798300221563,0.033121235109865664,0.38338972330093385,0.9396676599979401,36,8,9593,0.006716080324445656,cuda,26.51953125
284,325,200,1444,374,205,865,205,1.0,1.3850415512465375,29.934722528271166,0.014967361264135583,0.4634146341463415,133,154,2764.01106533946,276.401106533946,4035.2574629462897,403.52574629462896,291.93642591428346,29.193642591428347,3484.336672606736,348.4336672606736,6195.0,619.5,0,0.04770692260208246,0.10360366434542023,-0.10283520998292557,0.05817878795286598,5.961891918935572e-05,-0.007722075794960719,-0.0006953751803866286,0.0,0.0,2.980945959467786e-05,-0.2460314657445997,0.0005865172576159239,-0.24661798300221563,0.033121235109865664,0.38338972330093385,0.9396676599979401,36,8,9593,0.006716080324445656,cuda,26.51953125
285,326,200,1196,242,257,697,255,0.9922178988326849,1.6580267558528428,17.003872213792945,0.008501936106896472,0.6431095406360424,182,101,3326.3980515021426,332.6398051502143,5937.5407947043295,593.754079470433,213.92283160587553,21.392283160587553,4189.586915584181,418.9586915584181,4705.0,470.5,0,0.04836376547952172,0.05625776571817814,-0.04341820626568219,0.03306784313105258,0.0003705405842121709,-0.004858379540143716,-0.00042174066632882847,-5e-05,0.0,0.00014689794856512242,-0.2460314657445997,0.0005865172576159239,-0.24661798300221563,0.033121235109865664,0.38338972330093385,0.9396676599979401,36,8,9593,0.006716080324445656,cuda,26.51953125
286,327,200,1072,335,460,277,454,0.9869565217391304,1.851679104477612,-3.615813737773418,-0.001807906868886709,0.7416974169741697,201,70,3308.738612132287,330.8738612132287,7179.659825230325,717.9659825230325,321.98553229077373,32.198553229077376,4165.301858478179,416.53018584781796,3090.0,309.0,0,0.04998822783193906,0.06967324774640467,-0.08234170558444029,0.0014956394023933376,0.0003556324671849767,-0.007326197231728313,-0.0005096914168276068,-0.00015,0.0,0.00013661771610964655,-0.2460314657445997,0.0005865172576159239,-0.24661798300221563,0.033121235109865664,0.38338972330093385,0.9396676599979401,36,8,9593,0.006716080324445656,cuda,26.51953125
287,328,200,1056,242,364,450,308,0.8461538461538461,1.8465909090909092,10.246542205892242,0.005123271102946121,0.7184115523465704,199,78,3566.1421380174565,356.6142138017457,7280.12284944714,728.012284944714,205.12950996442382,20.51295099644238,4492.12101305616,449.21210130561605,3740.0,374.0,0,0.050494809049047525,0.060675947835295285,-0.0526869159161702,0.022589964636257846,0.001730525532975187,-0.004556351129918922,-0.0007635437254915991,-0.0013999999999999991,0.0,0.0007300703976845364,-0.2460314657445997,0.0005865172576159239,-0.24661798300221563,0.033121235109865664,0.38338972330093385,0.9396676599979401,36,8,9593,0.006716080324445656,cuda,26.51953125
288,329,200,1108,301,276,531,273,0.9891304347826086,1.7842960288808665,10.045413242524726,0.005022706621262363,0.7563636363636363,208,67,3504.853135073237,350.48531350732367,6720.151668337134,672.0151668337134,251.62624883665308,25.16262488366531,4418.986190476532,441.8986190476532,4175.0,417.5,0,0.05239749369562409,0.07544392426754144,-0.07120559158603522,0.022531112293391,0.0005384759372022553,-0.005897882375014797,-0.0006879397777573783,-7.500000000000001e-05,0.0,0.00022895563752289204,-0.2460314657445997,0.0005865172576159239,-0.24661798300221563,0.033121235109865664,0.38338972330093385,0.9396676599979401,36,8,9593,0.006716080324445656,cuda,26.51953125
289,330,200,1045,295,374,376,370,0.9893048128342246,1.8019138755980861,4.92852243600057,0.002464261218000285,0.6982456140350877,199,86,3301.265194146589,330.1265194146589,6560.763754723452,656.0763754723451,261.26344429461557,26.126344429461557,4160.456563128101,416.04565631281014,3375.0,337.5,1,0.04914876793257295,0.06508273417017428,-0.06410339535064123,0.016493958447357484,0.0002007767249635629,-0.005804577243734419,-0.0003105358482809406,-0.0001,-0.001,8.32739838115591e-05,-0.11593479390954599,0.00036431810120120646,-0.11629911201074719,0.02645654808729887,0.42019969046115874,0.9527475535869598,37,8,9312,0.002668416304885956,cuda,27.74267578125
290,331,200,1363,254,292,817,292,1.0,1.4071900220102715,7.289458848596338,0.003644729424298169,0.6173285198555957,171,106,2531.064972093495,253.10649720934947,4361.948315882297,436.1948315882297,203.13486010781364,20.313486010781364,3189.1530845289653,318.9153084528965,5355.0,535.5,1,0.036690013381372656,0.050613647902232675,-0.03910955426528853,0.0198107721032944,0.0,-0.004930226411265311,-0.00039811427770184777,0.0,-0.001,0.0,-0.11593479390954599,0.00036431810120120646,-0.11629911201074719,0.02645654808729887,0.42019969046115874,0.9527475535869598,37,8,9312,0.002668416304885956,cuda,27.74267578125
291,332,200,1222,274,433,515,422,0.9745958429561201,1.6178396072013093,20.243678524362725,0.010121839262181362,0.5857142857142857,164,116,2795.5850747261275,279.55850747261275,5895.81819746132,589.5818197461319,313.1804798848271,31.31804798848271,3524.7957120872056,352.4795712087206,4000.0,400.0,0,0.040069679043020834,0.05179236196091934,-0.04507806854746335,0.04041514566228963,0.0007226950190176674,-0.007051025253535188,-0.00027442366868219266,-0.00027499999999999996,0.0,0.0003104676523441399,-0.11593479390954599,0.00036431810120120646,-0.11629911201074719,0.02645654808729887,0.42019969046115874,0.9527475535869598,37,8,9312,0.002668416304885956,cuda,27.74267578125
292,333,200,1196,255,269,672,261,0.9702602230483272,1.6471571906354514,7.955306247592311,0.003977653123796156,0.6498194945848376,180,97,3393.3253627964023,339.33253627964024,6018.4862128670975,601.8486212867098,236.08777231440013,23.608777231440012,4274.428715225531,427.4428715225531,4675.0,467.5,0,0.04842836193113546,0.05619282016628682,-0.0527619195061459,0.01968281818142454,0.0,-0.005530037074410421,-0.00048106071043002135,-0.00019999999999999998,0.0,0.0,-0.11593479390954599,0.00036431810120120646,-0.11629911201074719,0.02645654808729887,0.42019969046115874,0.9527475535869598,37,8,9312,0.002668416304885956,cuda,27.74267578125
293,334,200,1070,356,390,324,374,0.958974358974359,1.8532710280373832,2.22425186300235,0.0011121259315011749,0.7619047619047619,208,65,3326.4550517364455,332.64550517364455,7148.867993430806,714.8867993430806,275.4743362263131,27.54743362263131,4192.568159667941,419.2568159667941,3480.0,348.0,0,0.04760370559432214,0.09080713117759584,-0.09238957070254006,0.009300485689712019,0.001286210867619075,-0.006503194764976178,-0.0004851830987286026,-0.0004000000000000001,0.0,0.0005312521529331145,-0.11593479390954599,0.00036431810120120646,-0.11629911201074719,0.02645654808729887,0.42019969046115874,0.9527475535869598,37,8,9312,0.002668416304885956,cuda,27.74267578125
294,335,200,966,270,449,247,368,0.8195991091314031,2.0527950310559007,-5.325432249588231,-0.0026627161247941154,0.725,203,77,3730.491338175304,373.0491338175304,7940.089593633448,794.0089593633448,264.47295664756064,26.447295664756062,4698.083039373345,469.8083039373345,2990.0,299.0,0,0.052305396727656855,0.061197476275226516,-0.0732139968109074,-0.0004098390583730542,0.001292119562426083,-0.005685945349369062,-0.00040585469299240763,-0.002024999999999997,0.0,0.0005354566296009721,-0.11593479390954599,0.00036431810120120646,-0.11629911201074719,0.02645654808729887,0.42019969046115874,0.9527475535869598,37,8,9312,0.002668416304885956,cuda,27.74267578125
295,336,200,1349,356,190,803,190,1.0,1.40177909562639,3.9710116870882795,0.0019855058435441397,0.6276595744680851,177,105,2680.696104577579,268.0696104577579,4338.934102307265,433.8934102307265,193.23970304138243,19.323970304138243,3375.919057117242,337.5919057117242,5795.0,579.5,1,0.037273049908549606,0.0995182217546943,-0.1064337097610698,0.014567587526647994,0.0002441564747542943,-0.005228712391432989,-0.0008367843221938347,0.0,-0.001,9.769603808609752e-05,-0.11593479390954599,0.00036431810120120646,-0.11629911201074719,0.02645654808729887,0.42019969046115874,0.9527475535869598,37,8,9312,0.002668416304885956,cuda,27.74267578125
296,337,200,1101,272,389,440,375,0.9640102827763496,1.7874659400544959,1.4078635211209587,0.0007039317605604794,0.7027972027972028,201,85,3323.6868890445467,332.36868890445464,6820.088309102231,682.0088309102231,242.30754074545615,24.230754074545615,4186.0858750073685,418.60858750073686,3630.0,363.0,0,0.04685857225691531,0.06626567852332264,-0.06596635920856853,0.008014815827027144,0.00043981245039983563,-0.005269569974762379,-0.00040964247937906866,-0.00035000000000000005,0.0,0.00017962579487554068,-0.11593479390954599,0.00036431810120120646,-0.11629911201074719,0.02645654808729887,0.42019969046115874,0.9527475535869598,37,8,9312,0.002668416304885956,cuda,27.74267578125
297,338,200,1138,334,265,539,240,0.9056603773584906,1.7513181019332162,0.5715792587314612,0.0002857896293657306,0.7035714285714286,197,83,3447.164804744461,344.7164804744461,6409.764808689696,640.9764808689696,234.8014868334355,23.48014868334355,4347.415840953301,434.7415840953301,4490.0,449.0,0,0.05525225776641671,0.08833309142153496,-0.08730411652043853,0.008101539594600318,0.00022291472522607256,-0.005560367532826585,-0.0005684206293148442,-0.0006250000000000002,0.0,9.099066306950259e-05,0.03972098804777488,-0.00026571404188871386,0.039986702089663595,0.023750807270407678,0.3844231712818146,0.9876174283027649,38,4,4504,0.0038710818739610938,cuda,26.541015625
298,339,200,1064,205,328,531,328,1.0,1.8796992481203008,15.24572391376792,0.00762286195688396,0.7852112676056338,223,61,3514.7194584150334,351.4719458415033,6971.171300719418,697.1171300719418,234.08810678545365,23.408810678545365,4427.727050394749,442.77270503947494,3680.0,368.0,0,0.049844049156078374,0.04414894822549297,-0.03715024138496001,0.02952356173613121,0.000552171631056899,-0.004746817818307235,-0.00034433142756990637,0.0,0.0,0.0002547096649214721,0.03972098804777488,-0.00026571404188871386,0.039986702089663595,0.023750807270407678,0.3844231712818146,0.9876174283027649,38,4,4504,0.0038710818739610938,cuda,26.541015625
299,340,200,1056,318,371,367,341,0.9191374663072777,1.847537878787879,5.533954703483016,0.002766977351741508,0.6784452296819788,192,91,3314.8023514913734,331.48023514913734,6831.772152689665,683.1772152689665,244.3082783506918,24.43082783506918,4175.549317080348,417.5549317080348,3575.0,357.5,1,0.048974778901110634,0.07474861632695971,-0.07544186174849572,0.018061580563825695,0.0007729051319869299,-0.0058216196183768,-0.00035332388613513446,-0.0007500000000000003,-0.001,0.0003238397412490845,0.03972098804777488,-0.00026571404188871386,0.039986702089663595,0.023750807270407678,0.3844231712818146,0.9876174283027649,38,4,4504,0.0038710818739610938,cuda,26.541015625
300,341,200,1246,316,266,664,265,0.9962406015037594,1.5898876404494382,9.617397115706355,0.004808698557853178,0.6842105263157895,195,90,3142.3758490164914,314.23758490164914,5747.544671017413,574.7544671017413,227.61486871052472,22.761486871052472,3959.026515224176,395.9026515224176,4905.0,490.5,0,0.045207718453154785,0.07818177958553174,-0.07641728779847222,0.021114265777306154,0.00048242604842286364,-0.0054419138660315326,-0.0004628613815461564,-2.5e-05,0.0,0.0001935567953884058,0.03972098804777488,-0.00026571404188871386,0.039986702089663595,0.023750807270407678,0.3844231712818146,0.9876174283027649,38,4,4504,0.0038710818739610938,cuda,26.541015625
