episode,scenario_seed,steps,time_limit_truncated,option_count,high_option_count,low_option_count,low_move_selection_count,low_stay_selection_count,low_active_stay_selection_count,low_forced_stay_selection_count,low_stay_selection_rate,low_active_stay_selection_rate,low_forced_stay_selection_rate,low_top1_urgency_selection_rate,avg_low_selected_urgency_rank,avg_low_selected_urgency,avg_low_selected_remain_kwh,avg_low_selected_need_power_kwh,avg_low_selected_distance_ratio,avg_low_selected_attraction,avg_low_selected_mcs_competition,avg_low_selected_fcs_competition,avg_low_selected_desirability,avg_low_available_attraction,avg_low_available_mcs_competition,avg_low_available_fcs_competition,avg_low_available_desirability,low_selected_minus_available_attraction,low_selected_minus_available_mcs_competition,low_selected_minus_available_fcs_competition,low_selected_minus_available_desirability,avg_low_raw_quasi_count,avg_low_safe_quasi_count,avg_low_topk_truncated_count,low_topk_truncation_rate,low_selected_urgency_reward_corr,low_selected_need_power_reward_corr,low_selected_mcs_competition_reward_corr,low_selected_fcs_competition_reward_corr,serve_option_count,recharge_option_count,wait_option_count,recharge_match_count,recharge_match_rate,avg_option_duration,avg_high_option_duration,avg_low_option_duration,episode_high_reward,episode_low_reward,episode_low_step_weighted,episode_low_event_weighted,low_event_absolute_contribution_ratio,episode_reward,avg_high_reward,avg_low_reward,avg_reward,charge_success_rate,charge_success_count,charge_success_mcs_count,charge_success_fcs_count,charge_failure_count,unresolved_count,attributed_mcs_success_count,attributed_mcs_success_weight_sum,low_attributed_mcs_success_weight_sum,controllable_failure_count,uncontrollable_failure_count,controllable_failure_weight_sum,low_controllable_failure_weight_sum,fcs_success_kpi_count,unattributed_mcs_success_count,forced_wait_count,voluntary_wait_count,energy_stranded_count,low_active_wait_count,low_passive_wait_count,low_delayed_event_count,total_mcs_profit,avg_mcs_profit,total_mcs_cost,avg_mcs_cost,total_mcs_energy_consumed_kwh,avg_mcs_energy_consumed_kwh,total_mcs_charged_kwh,avg_mcs_charged_kwh,total_mcs_idle_time_min,avg_mcs_idle_time_min,broken_mcs_count,energy_stranded_mcs_count,avg_reward_system_success,avg_reward_system_failure,avg_reward_attributed_mcs_success,avg_reward_controllable_failure,avg_reward_uncontrollable_failure,avg_reward_fcs_success_kpi,avg_reward_attributed_mcs_success_weight,avg_reward_controllable_failure_weight,avg_reward_service,avg_reward_serve_attraction,avg_reward_serve_competition,avg_reward_serve_potential_improvement,avg_reward_recharge,avg_reward_movement,avg_reward_wait,avg_reward_wait_base,avg_reward_wait_opportunity,avg_reward_wait_streak,avg_reward_wait_forced_time,avg_reward_recharge_match_failure,avg_reward_broken,avg_reward_energy_stranded,avg_reward_energy_stranded_event,avg_reward_battery_potential,avg_reward_high_step,avg_reward_high_event,avg_reward_recharge_step,avg_reward_recharge_event,avg_reward_broken_event,avg_reward_high_total,avg_reward_low_total,avg_reward_low_step,avg_reward_low_event,avg_reward_low_step_weighted,avg_reward_low_event_weighted,avg_reward_resource_gap_improvement,avg_reward_low_spatial_opportunity_gain,avg_reward_low_attraction_metric,avg_reward_low_mcs_competition_metric,avg_reward_low_fcs_competition_metric,avg_reward_urgency_coverage,avg_reward_low_attraction_reward,avg_reward_low_immediate_iev_attraction,avg_reward_mcs_cluster_penalty,avg_reward_fcs_redundancy_penalty,avg_reward_high_serve_suitability,avg_reward_low_attributed_mcs_success,avg_reward_low_controllable_failure,avg_reward_low_active_wait_count,avg_reward_low_passive_wait_count,actor_loss,high_actor_loss,low_actor_loss,critic_loss,high_critic_loss,low_critic_loss,high_explained_variance,low_explained_variance,high_sample_count,low_sample_count,high_frozen,high_entropy,low_entropy,update_index,episodes_in_update,update_sample_count,update_high_sample_count,update_low_sample_count,update_avg_reward,training_device,peak_cuda_memory_mb
1,42,200,True,1113,1113,508,295,213,77,136,0.41929133858267714,0.1515748031496063,0.2677165354330709,0.3254237288135593,2.2779661016949153,0.7153790101156396,15.214133456601935,29.20976679284694,0.6322512355869857,0.5160851763466657,0.22363497136255442,0.26279956006397637,0.10976980430847508,0.5169706153667579,0.2280868875936179,0.269003529448883,0.10654658944172374,-0.0008854390200921936,-0.004451916231063474,-0.006203969384906638,0.0032232148667513394,10.753937007874017,10.753937007874017,8.279527559055119,0.5078740157480315,0.06386676727951804,0.10610118783581082,-0.04400287840148748,-0.09170981630326608,508,605,0,605,1.0,1.7816711590296497,1.7816711590296497,1.7125984251968505,59.29031350554096,27.02881683933113,-2.552573216691272,29.58139005602241,0.9205646314141781,86.3191303448721,0.02964515675277048,0.013514408419665567,0.04315956517243605,0.7419354838709677,207,146,61,72,0,144,72.22619047619045,42.74185340802989,4,68,4.0,3.0,60,0,136,77,0,77,136,0,4266.6120976824795,426.66120976824794,9172.867440925862,917.2867440925862,357.66986189426984,35.76698618942699,5375.372339606523,537.5372339606523,2540.0,254.0,0,0,0.036113095238095236,-0.0022,0.036113095238095236,-0.0022,0.0,0.0,0.036113095238095236,0.002,0.0620021158032189,0.07778053888014752,-0.07842786778500076,0.003320397513809704,5.3402811471394984e-05,-0.006782331446818475,-0.0017370210766420393,-0.0011549999999999998,-0.0003745210766420396,-0.00020750000000000016,0.0,0.0,0.0,0.0,0.0,5.3402811471394984e-05,0.0037734028114713596,0.036113095238095236,5.3402811471394984e-05,0.0,0.0,0.029645156752770307,0.013514408419665577,-0.005105146433382544,0.019720926704014943,-0.001276286608345636,0.014790695028011206,0.003320397513809704,0.003320397513809704,0.45873478498738174,0.17479647370340612,0.2245327974475907,0.0,0.0,0.009722441654801376,0.0,0.0,0.0037199999999999647,0.021370926704014945,-0.0016500000000000002,0.0385,0.068,-0.026372374451408782,-0.008983750902116299,-0.017388623549292485,0.33003296931170756,0.28629977587610483,0.04373319343560272,0.04936462640762329,0.03737145662307739,9219,4224,0,0.68512162566185,0.9678256167305841,1,8,13443,9219,4224,0.046909252211481,cuda,39.9658203125
2,43,200,True,1256,1256,584,305,279,90,189,0.4777397260273973,0.1541095890410959,0.3236301369863014,0.3540983606557377,2.2098360655737705,0.6282971672347335,17.578913138342685,27.34624589262683,0.6372417649240844,0.466530079773215,0.2084444240590588,0.2325583909058058,0.10047675553159635,0.46250947005436066,0.2091489803962043,0.23853293615927706,0.10196822214810575,0.004020609718854318,-0.000704556337145501,-0.0059745452534712695,-0.001491466616509396,6.133561643835616,6.133561643835616,3.958904109589041,0.398972602739726,0.10130364217225349,-0.0010293738087458588,-0.1471887007919288,-0.26921633442386267,584,672,0,672,1.0,1.5652866242038217,1.5652866242038217,1.523972602739726,60.47576969007232,34.01330618288593,-1.9117638451252896,35.9250700280112,0.9494734720263522,94.48907587295824,0.03023788484503616,0.017006653091442964,0.04724453793647912,0.6750902527075813,187,117,70,90,0,113,73.61904761904762,52.30009337068163,6,84,6.0,4.0,69,0,189,90,0,90,189,0,3456.3772491514424,345.63772491514425,7560.810371578793,756.0810371578793,369.7485180225924,36.97485180225924,4355.757930895599,435.5757930895599,2920.0,292.0,0,0,0.03680952380952381,-0.0033,0.03680952380952381,-0.0033,0.0,0.0,0.03680952380952381,0.003,0.04853885034138143,0.07779576841449912,-0.06538204506745393,0.005139340333600059,1.3289870855590104e-06,-0.007067590489704653,-0.0019903432981705983,-0.0013499999999999986,-0.00039534329817059763,-0.0002450000000000002,0.0,0.0,0.0,0.0,0.0,1.3289870855590104e-06,0.003951328987085519,0.03680952380952381,1.3289870855590104e-06,0.0,0.0,0.030237884845035975,0.01700665309144297,-0.003823527690250579,0.023950046685340808,-0.0009558819225626448,0.0179625350140056,0.005139340333600059,0.005139340333600059,0.3757912701924795,0.13991716321687733,0.1685672766649604,0.0,0.0,0.0109304541192601,0.0,0.0,0.00394999999999996,0.026150046685340815,-0.0022,0.045,0.0945,-0.026372374451408782,-0.008983750902116299,-0.017388623549292485,0.33003296931170756,0.28629977587610483,0.04373319343560272,0.04936462640762329,0.03737145662307739,9219,4224,0,0.68512162566185,0.9678256167305841,1,8,13443,9219,4224,0.046909252211481,cuda,39.9658203125
3,44,200,True,1060,1060,474,239,235,92,143,0.4957805907172996,0.1940928270042194,0.30168776371308015,0.3598326359832636,2.2468619246861925,0.7049673767643494,15.676771287638772,30.033424800409932,0.6426853667457576,0.5216465263810617,0.19338018523536965,0.22440107875195756,0.11068489256014884,0.5258631636408083,0.1918417591851002,0.23371378905198315,0.11297730884074417,-0.004216637259746636,0.001538426050269437,-0.00931271030002559,-0.00229241628059533,9.789029535864978,9.789029535864978,7.525316455696203,0.4451476793248945,0.17785072466315513,-0.0018883970152865307,-0.054938248418544035,-0.16782722705492256,474,586,0,586,1.0,1.868867924528302,1.868867924528302,1.8523206751054853,73.676380952381,33.88198436144827,-2.0024750972965695,35.884459458744864,0.9471460248562851,107.55836531382926,0.0368381904761905,0.016940992180724136,0.05377918265691463,0.7706093189964157,215,161,54,64,0,159,90.44047619047619,58.31193708252533,11,53,11.0,9.514537397756534,52,0,143,92,0,92,143,0,4421.482757418607,442.14827574186074,9470.369226094626,947.0369226094626,343.77467864761513,34.37746786476151,5575.205793255912,557.5205793255911,2370.0,237.0,0,0,0.04522023809523809,-0.006050000000000001,0.04522023809523809,-0.006050000000000001,0.0,0.0,0.04522023809523809,0.0055,0.06821694121347348,0.06732181699326507,-0.055302358803693774,0.003794605139878984,0.0,-0.005585520100371541,-0.002018873224328214,-0.0013799999999999984,-0.00039137322432821386,-0.0002475000000000002,0.0,0.0,0.0,0.0,0.0,0.0,0.0033099999999999736,0.04522023809523809,0.0,0.0,0.0,0.03683819047619056,0.016940992180724153,-0.004004950194593139,0.02392297297249658,-0.0010012375486482847,0.01794222972937243,0.003794605139878984,0.003794605139878984,0.4395502760620926,0.13170656480926377,0.1688160923181159,0.0,0.0,0.014944782118387697,0.0,0.0,0.0033099999999999736,0.029155968541262674,-0.005232995568766094,0.046,0.0715,-0.026372374451408782,-0.008983750902116299,-0.017388623549292485,0.33003296931170756,0.28629977587610483,0.04373319343560272,0.04936462640762329,0.03737145662307739,9219,4224,0,0.68512162566185,0.9678256167305841,1,8,13443,9219,4224,0.046909252211481,cuda,39.9658203125
4,45,200,True,1066,1066,488,262,226,89,137,0.46311475409836067,0.18237704918032788,0.2807377049180328,0.31679389312977096,2.2900763358778624,0.6943027056355513,15.468110084533691,30.98733021364412,0.6470423100466435,0.5371549280203936,0.2013204116943001,0.22345160947088863,0.11408752032363688,0.5356776519244864,0.1940840191868994,0.2194232918421617,0.11654441431164742,0.0014772760959071984,0.007236392507400685,0.004028317628726935,-0.002456893988010536,10.71311475409836,10.71311475409836,8.23360655737705,0.5020491803278688,0.14402683620580556,0.06693783639471101,-0.13566992072009068,-0.12298105453779426,488,578,0,578,1.0,1.8564727954971858,1.8564727954971858,1.9180327868852458,71.02091464908308,32.78806049376141,-1.909883229182307,34.69794372294372,0.9478285550333277,103.80897514284449,0.03551045732454154,0.016394030246880704,0.05190448757142224,0.8125,234,153,81,54,0,150,86.94285714285712,55.06392496392498,10,44,10.0,8.0,81,0,137,89,0,89,137,0,4506.129117749789,450.6129117749789,9630.322046889803,963.0322046889803,339.51345890265014,33.95134589026502,5679.437827115351,567.943782711535,2440.0,244.0,0,0,0.043471428571428564,-0.005499999999999999,0.043471428571428564,-0.005499999999999999,0.0,0.0,0.043471428571428564,0.005,0.06458747886537886,0.07621774164459678,-0.06892380690579561,0.003924793245345712,0.0001565723369931823,-0.006164548571484223,-0.002048324911277308,-0.0013349999999999987,-0.0004608249112773088,-0.0002525000000000002,0.0,0.0,0.0,0.0,0.0,0.0001565723369931823,0.0036665723369931486,0.043471428571428564,0.0001565723369931823,0.0,0.0,0.03551045732454161,0.0163940302468807,-0.0038197664583646137,0.02313196248196249,-0.0009549416145911534,0.01734897186147186,0.003924793245345712,0.003924793245345712,0.45607083934447723,0.13893510006352663,0.1644923385417234,0.0,0.0,0.012103818679136753,0.0,0.0,0.0035099999999999693,0.027531962481962498,-0.004399999999999999,0.0445,0.0685,-0.026372374451408782,-0.008983750902116299,-0.017388623549292485,0.33003296931170756,0.28629977587610483,0.04373319343560272,0.04936462640762329,0.03737145662307739,9219,4224,0,0.68512162566185,0.9678256167305841,1,8,13443,9219,4224,0.046909252211481,cuda,39.9658203125
5,46,200,True,1164,1164,533,293,240,87,153,0.450281425891182,0.16322701688555347,0.2870544090056285,0.35494880546075086,2.16382252559727,0.7038619302645478,15.421701154611217,28.64060101452134,0.6841200424216007,0.510090710716036,0.2814031167419901,0.28618019869798994,0.09125799666963035,0.5102115406212954,0.28837411737851415,0.30246078261768655,0.09785081375606434,-0.00012082990525941195,-0.006971000636524061,-0.016280583919696612,-0.006592817086434,10.180112570356473,10.180112570356473,7.801125703564728,0.45590994371482174,0.12093686399673775,-0.012616369640706535,-0.1296422713693035,-0.2430324891408824,533,631,0,631,1.0,1.6786941580756014,1.6786941580756014,1.6679174484052532,61.9127671125502,25.4763120449885,-2.6251324587824607,28.101444503770978,0.9145647605985621,87.3890791575387,0.0309563835562751,0.01273815602249425,0.04369453957876935,0.6715328467153284,184,139,45,90,0,133,75.45515873015873,50.573877919466156,13,77,13.0,11.91389567979229,45,0,153,87,0,87,153,0,3956.6415992414263,395.6641599241426,8576.14454167566,857.614454167566,373.74320691368075,37.37432069136808,4986.686075856676,498.66860758566764,2665.0,266.5,0,0,0.03772757936507937,-0.007149999999999998,0.03772757936507937,-0.007149999999999998,0.0,0.0,0.03772757936507937,0.0065,0.05694513824581351,0.07892497578368184,-0.07894354415283715,0.0037637350677469784,7.160032105800695e-05,-0.007288988100066713,-0.0019596095990032612,-0.0013049999999999989,-0.00041210959900326037,-0.00024250000000000018,0.0,0.0,0.0,0.0,0.0,7.160032105800695e-05,0.00387160032105797,0.03772757936507937,7.160032105800695e-05,0.0,0.0,0.030956383556274895,0.012738156022494257,-0.005250264917564922,0.018734296335847316,-0.0013125662293912304,0.014050722251885488,0.0037637350677469784,0.0037637350677469784,0.43341845887345054,0.20815216791966265,0.22586083206158178,0.0,0.0,0.013145971450205211,0.0,0.0,0.003799999999999963,0.02528693895973308,-0.006552642623885759,0.0435,0.0765,-0.026372374451408782,-0.008983750902116299,-0.017388623549292485,0.33003296931170756,0.28629977587610483,0.04373319343560272,0.04936462640762329,0.03737145662307739,9219,4224,0,0.68512162566185,0.9678256167305841,1,8,13443,9219,4224,0.046909252211481,cuda,39.9658203125
6,47,200,True,1173,1173,542,255,287,116,171,0.5295202952029521,0.2140221402214022,0.3154981549815498,0.47058823529411764,1.988235294117647,0.6252018459871703,18.030315010220395,29.64694099893757,0.6230207539674845,0.43630904905936296,0.19546370660411377,0.25061326132466394,0.09689603239005687,0.43350710553281446,0.19977469149173474,0.25947603828401544,0.09659741218475734,0.0028019435265485004,-0.004310984887620967,-0.008862776959351504,0.0002986202052995268,5.097785977859779,5.097785977859779,3.1014760147601477,0.3284132841328413,0.15731426045464575,-0.0404598869580741,-0.17572522592817053,-0.27929867720942725,542,631,0,631,1.0,1.6734867860187552,1.6734867860187552,1.6346863468634687,68.66988832433813,34.09898044992993,-2.263134845473104,36.362115295403036,0.9414078915419609,102.76886877426807,0.03433494416216907,0.017049490224964967,0.05138443438713403,0.5957446808510638,168,130,38,114,0,126,83.79761904761902,60.321006771006786,14,100,14.0,10.761987615578235,36,0,171,116,0,116,171,0,3989.4075594264164,398.94075594264166,8570.904478330864,857.0904478330864,330.77134284048225,33.07713428404823,5026.0442681948525,502.60442681948524,2710.0,271.0,0,0,0.04189880952380951,-0.0077,0.04189880952380951,-0.0077,0.0,0.0,0.04189880952380951,0.007,0.05449798842400094,0.06961670967176531,-0.05367445597449096,0.0035492262031204492,0.00036948271560722904,-0.005777101549164089,-0.002503026808850736,-0.0017399999999999959,-0.00042302680885073575,-0.00034000000000000024,0.0,0.0,0.0,0.0,0.0,0.00036948271560722904,0.004079482715607192,0.04189880952380951,0.00036948271560722904,0.0,0.0,0.0343349441621691,0.017049490224964978,-0.004526269690946208,0.024241410196935355,-0.001131567422736552,0.018181057647701518,0.0035492262031204492,0.0035492262031204492,0.36659533849878273,0.14585778147537054,0.17149020360475115,0.0,0.0,0.022787125553581766,0.0,0.0,0.003709999999999965,0.03016050338550339,-0.005919093188568028,0.058,0.0855,-0.026372374451408782,-0.008983750902116299,-0.017388623549292485,0.33003296931170756,0.28629977587610483,0.04373319343560272,0.04936462640762329,0.03737145662307739,9219,4224,0,0.68512162566185,0.9678256167305841,1,8,13443,9219,4224,0.046909252211481,cuda,39.9658203125
7,48,200,True,1168,1168,517,251,266,84,182,0.5145067698259188,0.16247582205029013,0.3520309477756286,0.3745019920318725,2.139442231075697,0.6858182031794848,16.07080488850871,31.979052635777993,0.6615064687712908,0.5209560520145523,0.2892516587834909,0.3013843964540448,0.09612464630211967,0.5203324963015864,0.2948067770692041,0.3027174470434151,0.09613099198536094,0.0006235557129659064,-0.005555118285713201,-0.001333050589370277,-6.345683241273936e-06,9.965183752417795,9.965183752417795,7.849129593810445,0.3965183752417795,0.08507987223646188,-0.012608183835524213,-0.1581353161823632,-0.14556446783863003,517,651,0,651,1.0,1.6797945205479452,1.6797945205479452,1.688588007736944,58.39213457861824,22.35188333441766,-2.5145373037114833,24.86642063812914,0.9081647432112286,80.7440179130359,0.02919606728930912,0.01117594166720883,0.04037200895651795,0.6810035842293907,190,135,55,89,0,130,71.21547619047621,40.47467203848783,10,79,10.0,6.654040473620281,54,0,182,84,0,84,182,0,4039.2889196827996,403.92889196827997,8644.757746990801,864.4757746990801,316.21563326158446,31.621563326158444,5086.7581742969705,508.6758174296971,2585.0,258.5,0,0,0.0356077380952381,-0.0055,0.0356077380952381,-0.0055,0.0,0.0,0.0356077380952381,0.005,0.05613389530605144,0.0715826104740218,-0.08466489525670569,0.002414967882411237,0.0001993840655931544,-0.006037749945050165,-0.0018482830974590181,-0.0012599999999999992,-0.0003682830974590186,-0.00022000000000000017,0.0,0.0,0.0,0.0,0.0,0.0001993840655931544,0.003549384065593125,0.0356077380952381,0.0001993840655931544,0.0,0.0,0.029196067289308954,0.011175941667208839,-0.005029074607422967,0.016577613758752757,-0.0012572686518557417,0.01243321031906457,0.002414967882411237,0.002414967882411237,0.41612003819858584,0.1900479592627866,0.20250905784740944,0.0,0.0,0.01589164995888123,0.0,0.0,0.0033499999999999724,0.020237336019243917,-0.0036597222604911545,0.042,0.091,-0.026372374451408782,-0.008983750902116299,-0.017388623549292485,0.33003296931170756,0.28629977587610483,0.04373319343560272,0.04936462640762329,0.03737145662307739,9219,4224,0,0.68512162566185,0.9678256167305841,1,8,13443,9219,4224,0.046909252211481,cuda,39.9658203125
8,49,200,True,1219,1219,578,316,262,99,163,0.4532871972318339,0.17128027681660898,0.2820069204152249,0.37341772151898733,2.1772151898734178,0.6950955646513384,15.632532874240152,28.212006526825288,0.5993861527875864,0.5083913239591484,0.2563897774708045,0.2918939810759046,0.10560174714302338,0.5066831380223171,0.2693437300239324,0.2949304096813349,0.10791194148338105,0.001708185936831308,-0.012953952553127923,-0.003036428605430297,-0.002310194340357674,9.865051903114187,9.865051903114187,7.4878892733564015,0.4913494809688581,0.16470046503670877,0.05040752474903964,-0.08125571176697402,-0.20654669828332772,578,641,0,641,1.0,1.6004922067268252,1.6004922067268252,1.6608996539792387,59.88910333188871,27.58141953246051,-2.991426916582786,30.572846449043293,0.910874670695348,87.47052286434922,0.029944551665944355,0.013790709766230256,0.04373526143217461,0.7117437722419929,200,129,71,81,0,124,72.72380952380955,52.8559523809524,17,64,17.0,10.992870105055744,68,0,163,99,0,99,163,0,3731.8908480419063,373.18908480419066,8083.615234816715,808.3615234816715,351.45433307147977,35.145433307147975,4700.805083914236,470.0805083914236,2890.0,289.0,0,0,0.03636190476190478,-0.009349999999999999,0.03636190476190478,-0.009349999999999999,0.0,0.0,0.03636190476190478,0.0085,0.053255902208903805,0.08690034408674414,-0.09331493014957551,0.0029124133737316806,0.0001251392821026639,-0.006887491779952741,-0.002216707040066374,-0.0014849999999999976,-0.0004642070400663725,-0.00026750000000000016,0.0,0.0,0.0,0.0,0.0,0.0001251392821026639,0.004275139282102619,0.03636190476190478,0.0001251392821026639,0.0,0.0,0.02994455166594418,0.01379070976623026,-0.005982853833165572,0.02038189763269553,-0.001495713458291393,0.015286423224521646,0.0029124133737316806,0.0029124133737316806,0.4409057983097897,0.19794962949248335,0.21968360250846064,0.0,0.0,0.01022127365705375,0.0,0.0,0.004149999999999956,0.026427976190476203,-0.006046078557780659,0.0495,0.0815,-0.026372374451408782,-0.008983750902116299,-0.017388623549292485,0.33003296931170756,0.28629977587610483,0.04373319343560272,0.04936462640762329,0.03737145662307739,9219,4224,0,0.68512162566185,0.9678256167305841,1,8,13443,9219,4224,0.046909252211481,cuda,39.9658203125
9,50,200,True,1080,1080,607,410,197,92,105,0.3245469522240527,0.1515650741350906,0.17298187808896212,0.3097560975609756,2.3,0.7240811868775182,15.090185172383379,26.91353471453597,0.6283508420001898,0.4970842156468368,0.34345144513176706,0.3024215021727198,0.09736147243983861,0.4945795010139303,0.3468180684281922,0.3067275166028838,0.09650835728545377,0.002504714632906524,-0.0033666232964251197,-0.004306014430163985,0.0008531151543848398,10.611202635914333,10.611202635914333,7.662273476112026,0.5584843492586491,0.08971493152108916,0.09634432129002302,-0.1364471736744247,-0.2396197538567401,607,473,0,473,1.0,1.8407407407407408,1.8407407407407408,1.685337726523888,75.23519358057959,38.9127877896768,-3.7187305478433723,42.631518337520156,0.9197689195361004,114.14798137025639,0.037617596790289795,0.0194563938948384,0.057073990685128195,0.7127659574468085,201,155,46,81,1,153,91.46746031746032,61.242024450026896,6,75,6.0,4.0,44,0,105,92,0,92,105,0,4432.286862782178,443.2286862782178,9636.97356425119,963.697356425119,440.18194699183954,44.01819469918395,5582.926391847882,558.2926391847882,3035.0,303.5,0,0,0.04573373015873016,-0.0033000000000000004,0.04573373015873016,-0.0033000000000000004,0.0,0.0,0.04573373015873016,0.003,0.06558161957261026,0.10250746876717812,-0.11451818330888436,0.0036771767748151416,0.0001330633165282643,-0.009368139823417408,-0.0021042400945566085,-0.0013799999999999984,-0.0004692400945566098,-0.0002550000000000002,0.0,0.0,0.0,0.0,0.0,0.0001330633165282643,0.0051530633165282,0.04573373015873016,0.0001330633165282643,0.0,0.0,0.03761759679029011,0.01945639389483838,-0.007437461095686744,0.028421012225013448,-0.001859365273921686,0.02131575916876008,0.0036771767748151416,0.0036771767748151416,0.4803014094835873,0.2570305157134153,0.24522983701661005,0.0,0.0,0.011532671701412395,0.0,0.0,0.005019999999999938,0.030621012225013452,-0.0022,0.046,0.0525,-0.014977681978295247,-0.007890624987582365,-0.007087056990712881,0.2869704832674729,0.2500928478108512,0.03687763545662165,0.5898215770721436,0.05578964948654175,9061,4876,0,0.6601288358370463,0.9662945818901062,2,8,13937,9061,4876,0.050701938602922235,cuda,55.1826171875
10,51,200,True,1054,1054,573,315,258,89,169,0.450261780104712,0.15532286212914484,0.2949389179755672,0.3492063492063492,2.2825396825396824,0.7505542788713697,14.11677494351826,29.160038336685727,0.6418105388925012,0.5100573498105246,0.2502105663456614,0.2450943675306108,0.10618457248996174,0.50825480823479,0.26154998286021136,0.2544394200401647,0.10904387541943127,0.001802541575734673,-0.01133941651454995,-0.009345052509553864,-0.0028593029294695232,10.464223385689355,10.453752181500873,8.193717277486911,0.42757417102966844,0.04485127956611011,0.03162013611995884,-0.11050058815377384,-0.16134142254738282,573,481,0,481,1.0,1.8614800759013284,1.8614800759013284,1.7155322862129145,74.36209340805475,36.40615135082175,-2.8431046015592094,39.249255952380956,0.9324555676102828,110.7682447588765,0.03718104670402737,0.018203075675410876,0.05538412237943825,0.7086330935251799,197,155,42,81,0,151,90.75912698412696,62.23234126984128,9,72,9.0,9.0,41,0,169,89,0,89,169,0,4566.646993948636,456.6646993948636,9782.737042385448,978.2737042385448,361.555918458804,36.1555918458804,5752.655001981342,575.2655001981342,2865.0,286.5,0,0,0.04537956349206349,-0.0049499999999999995,0.04537956349206349,-0.0049499999999999995,0.0,0.0,0.04537956349206349,0.0045,0.06500590639371391,0.08353326578608199,-0.08578233761356159,0.003301717402466751,0.00034697955188294573,-0.00735164798595146,-0.002092397527316432,-0.0013349999999999987,-0.0005073975273164326,-0.00025000000000000017,0.0,0.0,0.0,0.0,0.0,0.00034697955188294573,0.004386979551882899,0.04537956349206349,0.00034697955188294573,0.0,0.0,0.03718104670402765,0.01820307567541086,-0.005686209203118419,0.026166170634920636,-0.0014215523007796048,0.019624627976190478,0.003301717402466751,0.003301717402466751,0.4571024675522981,0.17649609828248114,0.19382375248288564,0.0,0.0,0.012405107757753837,0.0,0.0,0.0040399999999999586,0.031116170634920642,-0.0049499999999999995,0.0445,0.0845,-0.014977681978295247,-0.007890624987582365,-0.007087056990712881,0.2869704832674729,0.2500928478108512,0.03687763545662165,0.5898215770721436,0.05578964948654175,9061,4876,0,0.6601288358370463,0.9662945818901062,2,8,13937,9061,4876,0.050701938602922235,cuda,55.1826171875
11,52,200,True,1128,1128,603,345,258,77,181,0.42786069651741293,0.12769485903814262,0.30016583747927034,0.34492753623188405,2.2318840579710146,0.7050321264543395,15.365702012656392,35.66146940321162,0.6386578520214982,0.542603302217912,0.28155849674257677,0.29771274993385094,0.10390766658752724,0.5449293774971063,0.2906940996700871,0.3094557443643799,0.10648342963254107,-0.002326075279194373,-0.009135602927510311,-0.011742994430528952,-0.002575763045013821,12.096185737976782,12.096185737976782,9.648424543946932,0.5058043117744611,0.11825984326625336,-0.0167697788767256,-0.13535693566211246,-0.22765729390235961,603,525,0,525,1.0,1.7730496453900708,1.7730496453900708,1.7661691542288558,75.58123470007432,39.422326053296615,-2.9139826963383877,42.336308749634995,0.9356030071139423,115.00356075337093,0.03779061735003716,0.01971116302664831,0.05750178037668547,0.7535714285714286,211,148,63,69,0,148,92.30436507936507,64.41262060952465,9,60,9.0,7.24018994849512,63,0,181,77,0,77,181,0,4178.429789938434,417.84297899384336,9047.487011970601,904.7487011970601,388.5440134484473,38.85440134484473,5266.1354810655785,526.6135481065578,3015.0,301.5,0,0,0.04615218253968254,-0.00495,0.04615218253968254,-0.00495,0.0,0.0,0.04615218253968254,0.0045,0.06377764387150073,0.09419253963925242,-0.10078174954492607,0.003669897395665536,0.00012435659145560829,-0.008012253051829251,-0.0017915061525431773,-0.0011549999999999998,-0.0004265061525431776,-0.00021000000000000017,0.0,0.0,0.0,0.0,0.0,0.00012435659145560829,0.004344356591455563,0.04615218253968254,0.00012435659145560829,0.0,0.0,0.03779061735003731,0.01971116302664831,-0.005827965392676776,0.028224205833090016,-0.001456991348169194,0.021168154374817498,0.003669897395665536,0.003669897395665536,0.45336448018370235,0.1986966024881473,0.21487393933484802,0.0,0.0,0.013590141791528084,0.0,0.0,0.004219999999999955,0.03220631030476233,-0.003982104471672315,0.0385,0.0905,-0.014977681978295247,-0.007890624987582365,-0.007087056990712881,0.2869704832674729,0.2500928478108512,0.03687763545662165,0.5898215770721436,0.05578964948654175,9061,4876,0,0.6601288358370463,0.9662945818901062,2,8,13937,9061,4876,0.050701938602922235,cuda,55.1826171875
12,53,200,True,1037,1037,537,272,265,69,196,0.4934823091247672,0.12849162011173185,0.3649906890130354,0.27941176470588236,2.3933823529411766,0.7296379785984755,14.773093798581291,33.89874889964567,0.6643857066613718,0.5659636074457975,0.2107084905180861,0.2225543441634406,0.1147221326143207,0.5596723001012031,0.21872811625465094,0.2303554996067439,0.12420915900592637,0.006291307344594488,-0.00801962573656484,-0.007801155443303287,-0.009487026391605674,11.270018621973929,11.270018621973929,9.016759776536313,0.46741154562383613,0.019687041434952837,0.005481765199712352,-0.04442697270452815,-0.12693614190532074,537,500,0,500,1.0,1.884281581485053,1.884281581485053,1.7411545623836127,69.52355578610987,29.06419214497722,-2.0676556414909992,31.131847786468214,0.9377202841007041,98.58774793108708,0.034761777893054936,0.01453209607248861,0.04929387396554354,0.8138686131386861,223,161,62,51,0,155,85.16666666666666,42.83988095238097,2,49,2.0,1.2097732458393808,60,0,196,69,0,69,196,0,4737.672762326696,473.7672762326696,10081.785444825142,1008.1785444825142,334.11100237031695,33.4111002370317,5967.004862618038,596.7004862618038,2685.0,268.5,0,0,0.042583333333333334,-0.0011,0.042583333333333334,-0.0011,0.0,0.0,0.042583333333333334,0.001,0.06664358142875912,0.0754518411714091,-0.07724057373842323,0.003891308088429483,6.5556131941143e-05,-0.006571378628431524,-0.0015669094745183261,-0.0010350000000000005,-0.00033940947451832555,-0.00019250000000000015,0.0,0.0,0.0,0.0,0.0,6.5556131941143e-05,0.0034755561319411133,0.042583333333333334,6.5556131941143e-05,0.0,0.0,0.03476177789305488,0.014532096072488608,-0.004135311282981998,0.020754565190978826,-0.0010338278207454995,0.015565923893234107,0.003891308088429483,0.003891308088429483,0.4570638216208839,0.1666461884868534,0.1727374858701309,0.0,0.0,0.009672272252272315,0.0,0.0,0.003409999999999971,0.02141994047619049,-0.0006653752852116595,0.0345,0.098,-0.014977681978295247,-0.007890624987582365,-0.007087056990712881,0.2869704832674729,0.2500928478108512,0.03687763545662165,0.5898215770721436,0.05578964948654175,9061,4876,0,0.6601288358370463,0.9662945818901062,2,8,13937,9061,4876,0.050701938602922235,cuda,55.1826171875
13,54,200,True,1154,1154,631,351,280,102,178,0.4437400950871632,0.16164817749603805,0.2820919175911252,0.3475783475783476,2.225071225071225,0.710395418850445,15.341963346867141,27.745027303016425,0.6591677758728282,0.4961938879258952,0.23202175650204349,0.26642507923093023,0.09791381133354118,0.4936022567018824,0.24087267423690725,0.28196914102404547,0.09905936174158357,0.0025916312240127914,-0.008850917734863767,-0.015544061793115238,-0.0011455504080423867,9.391442155309033,9.391442155309033,6.882725832012678,0.4865293185419968,0.1683693353833916,0.005626517581319042,-0.08646292959801993,-0.15257901137949356,631,523,0,523,1.0,1.7036395147313692,1.7036395147313692,1.5293185419968305,63.04025736231611,27.185127969313665,-3.2247455793738387,30.409873548687507,0.9041242129992358,90.22538533162978,0.031520128681158055,0.013592563984656832,0.04511269266581489,0.7591240875912408,208,138,70,66,0,135,76.45952380952382,46.05678210678212,7,59,7.0,5.00934912896857,67,0,178,102,0,102,178,0,4015.48971116299,401.54897111629896,8732.580588350991,873.2580588350991,399.12379831508497,39.912379831508495,5058.739172507777,505.8739172507777,3155.0,315.5,0,0,0.038229761904761905,-0.0038499999999999997,0.038229761904761905,-0.0038499999999999997,0.0,0.0,0.038229761904761905,0.0034999999999999996,0.057940641421134795,0.09263293311131941,-0.0973650420584264,0.004107949583404571,0.00015159578674260515,-0.008413377808080795,-0.002296610512087781,-0.0015299999999999973,-0.00047661051208778014,-0.0002900000000000002,0.0,0.0,0.0,0.0,0.0,0.00015159578674260515,0.0046815957867425515,0.038229761904761905,0.00015159578674260515,0.0,0.0,0.031520128681157805,0.013592563984656825,-0.006449491158747677,0.02027324903245835,-0.0016123727896869193,0.015204936774343753,0.004107949583404571,0.004107949583404571,0.43200906775859177,0.16541964379277943,0.19672599102239322,0.0,0.0,0.01209488832727424,0.0,0.0,0.004529999999999948,0.02302839105339106,-0.0027551420209327134,0.051,0.089,-0.014977681978295247,-0.007890624987582365,-0.007087056990712881,0.2869704832674729,0.2500928478108512,0.03687763545662165,0.5898215770721436,0.05578964948654175,9061,4876,0,0.6601288358370463,0.9662945818901062,2,8,13937,9061,4876,0.050701938602922235,cuda,55.1826171875
14,55,200,True,1231,1231,677,409,268,108,160,0.39586410635155095,0.15952732644017725,0.2363367799113737,0.3740831295843521,2.1662591687041566,0.6654902203668883,16.86903963811823,29.80035452796078,0.6342475918479705,0.4981359484216112,0.27382890899235285,0.27157293742836836,0.09724554270141574,0.4958760219200316,0.2805788799218633,0.2850533152456807,0.09711831834504249,0.002259926501579579,-0.006749970929510463,-0.013480377817312372,0.00012722435637324558,10.677991137370753,10.677991137370753,8.255539143279172,0.44903988183161003,0.22170133728724803,0.03694914261344353,-0.11647261368837349,-0.2233860115962738,677,554,0,554,1.0,1.619008935824533,1.619008935824533,1.6144756277695715,66.01462690152835,38.198007169481635,-3.3796009454426774,41.5776081149243,0.9248262733368376,104.21263407100997,0.03300731345076417,0.019099003584740818,0.05210631703550499,0.6581818181818182,181,128,53,94,0,127,79.8738095238095,57.63681081989907,2,92,2.0,2.0,52,0,160,108,0,108,160,0,3621.5748947550487,362.15748947550486,7998.287649292552,799.8287649292552,436.6246018303041,43.662460183030404,4562.305351261659,456.2305351261659,3385.0,338.5,0,0,0.03993690476190476,-0.0011,0.03993690476190476,-0.0011,0.0,0.0,0.03993690476190476,0.001,0.05460422334383109,0.105815343876122,-0.10879831388483116,0.004572530441228796,0.00011894820620170537,-0.009432991444301486,-0.0023856721267528874,-0.0016199999999999969,-0.00045817212675288723,-0.0003075000000000002,0.0,0.0,0.0,0.0,0.0,0.00011894820620170537,0.005288948206201639,0.03993690476190476,0.00011894820620170537,0.0,0.0,0.03300731345076412,0.019099003584740808,-0.0067592018908853545,0.027718405409949538,-0.0016898004727213386,0.02078880405746215,0.004572530441228796,0.004572530441228796,0.44130908615424,0.21782370070666227,0.21784650372223724,0.0,0.0,0.010385833793819143,0.0,0.0,0.005169999999999934,0.028818405409949538,-0.0011,0.054,0.08,-0.014977681978295247,-0.007890624987582365,-0.007087056990712881,0.2869704832674729,0.2500928478108512,0.03687763545662165,0.5898215770721436,0.05578964948654175,9061,4876,0,0.6601288358370463,0.9662945818901062,2,8,13937,9061,4876,0.050701938602922235,cuda,55.1826171875
15,56,200,True,1116,1116,586,281,305,90,215,0.5204778156996587,0.15358361774744028,0.36689419795221845,0.4234875444839858,2.0498220640569396,0.6301724945204962,18.061466953508372,31.275664880235425,0.6828901203704693,0.4535359213148572,0.21537904493059976,0.2227117312919627,0.0920021354993043,0.45673119624102243,0.20562534645411892,0.22011177616982697,0.09903881019412199,-0.003195274926165226,0.009753698476480832,0.002599955122135733,-0.007036674694817682,7.271331058020478,7.271331058020478,5.295221843003413,0.34982935153583616,0.06952831027504369,-0.007144392204716506,-0.10188708254708566,-0.1222958446195291,586,530,0,530,1.0,1.581541218637993,1.581541218637993,1.4965870307167235,59.267370773369485,27.183284289698605,-2.5890833102548396,29.772367599953444,0.9199948322020962,86.4506550630681,0.029633685386684743,0.013591642144849302,0.04322532753153405,0.5516014234875445,155,113,42,126,0,108,74.09761904761905,48.89580835830837,12,114,12.0,8.363016568215544,40,0,215,90,1,90,215,0,3465.148953621243,346.5148953621243,7293.768474428144,729.3768474428144,342.0911035319045,34.20911035319045,4365.374381987015,436.5374381987015,2930.0,293.0,0,1,0.03704880952380953,-0.0066,0.03704880952380953,-0.0066,0.0,0.0,0.03704880952380953,0.006,0.04667250121456914,0.07346069487066598,-0.06315833844015256,0.003865665010660667,0.0002631888381855093,-0.006977895389904329,-0.0019905025305558,-0.0013499999999999986,-0.00039050253055580034,-0.00025000000000000017,0.0,0.0,0.0,-0.001,-0.001,0.0002631888381855093,0.003973188838185472,0.03604880952380953,0.0002631888381855093,0.0,0.0,0.02963368538668455,0.013591642144849312,-0.005178166620509679,0.019848245066635635,-0.0012945416551274197,0.014886183799976723,0.003865665010660667,0.003865665010660667,0.34872227049370785,0.12099482569704323,0.14175235245552037,0.0,0.0,0.0170033557379832,0.0,0.0,0.003709999999999965,0.024447904179154187,-0.004599659112518549,0.045,0.1075,-0.014977681978295247,-0.007890624987582365,-0.007087056990712881,0.2869704832674729,0.2500928478108512,0.03687763545662165,0.5898215770721436,0.05578964948654175,9061,4876,0,0.6601288358370463,0.9662945818901062,2,8,13937,9061,4876,0.050701938602922235,cuda,55.1826171875
16,57,200,True,1261,1261,662,316,346,86,260,0.5226586102719033,0.1299093655589124,0.39274924471299094,0.3860759493670886,2.151898734177215,0.6026758640721629,18.878242891046064,31.795884748425664,0.6616675840457533,0.42124358135499534,0.2092617418310499,0.2370004053934937,0.09090253594036721,0.4179446021495741,0.2214810426547369,0.24579409903056826,0.0915152474389046,0.0032989792054212708,-0.012219300823686996,-0.008793693637074551,-0.0006127114985373938,4.453172205438066,4.453172205438066,2.5498489425981874,0.3081570996978852,0.14791672137370548,0.018419824572427045,-0.10504221205295808,-0.13569759406842555,662,599,0,599,1.0,1.4797779540047582,1.4797779540047582,1.5256797583081572,57.78617416189046,34.04863420556651,-2.467212613441216,36.51584681900771,0.9367106468973664,91.83480836745696,0.028893087080945228,0.017024317102783255,0.04591740418372848,0.5309090909090909,146,100,46,129,0,96,72.10476190476192,60.30321067821069,12,117,12.0,10.55946810866701,45,0,260,86,1,86,260,0,3084.3889398441743,308.4388939844174,6562.144781023608,656.2144781023608,368.55810304838445,36.85581030483844,3882.7765726865996,388.27765726865994,3310.0,331.0,0,1,0.03605238095238096,-0.006600000000000001,0.03605238095238096,-0.006600000000000001,0.0,0.0,0.03605238095238096,0.006,0.04148708284325282,0.07759246054510453,-0.06841338347961684,0.004294255517601437,0.00023591159520234493,-0.00760316204986406,-0.0018832208167500466,-0.0012899999999999988,-0.0003457208167500474,-0.0002475000000000002,0.0,0.0,0.0,-0.001,-0.001,0.00023591159520234493,0.0042559115952023035,0.03505238095238096,0.00023591159520234493,0.0,0.0,0.028893087080945085,0.017024317102783258,-0.004934425226882432,0.024343897879338487,-0.001233606306720608,0.018257923409503857,0.004294255517601437,0.004294255517601437,0.3048928781761319,0.12968649962356707,0.14545150209416333,0.0,0.0,0.018562537351139444,0.0,0.0,0.0040199999999999585,0.030151605339105346,-0.005807707459766855,0.043,0.13,-0.014977681978295247,-0.007890624987582365,-0.007087056990712881,0.2869704832674729,0.2500928478108512,0.03687763545662165,0.5898215770721436,0.05578964948654175,9061,4876,0,0.6601288358370463,0.9662945818901062,2,8,13937,9061,4876,0.050701938602922235,cuda,55.1826171875
17,58,200,True,1028,1028,646,400,246,85,161,0.38080495356037153,0.13157894736842105,0.24922600619195046,0.355,2.165,0.7277655211091042,14.73632970571518,27.994825589954853,0.6085171466402244,0.5147673825547099,0.22135965945199132,0.2059008555393666,0.12655632589943708,0.510787861160934,0.23408482533181085,0.21917891970369965,0.11697211175691337,0.003979521393775887,-0.012725165879819533,-0.013278064164333053,0.009584214142523709,12.205882352941176,12.205882352941176,9.780185758513932,0.4845201238390093,0.19920608186659414,0.09461529518004115,-0.16654152043021336,-0.18913558754966886,646,382,0,382,1.0,1.9396887159533074,1.9396887159533074,1.78328173374613,87.33701097972104,46.09086088037399,-4.091881345798247,50.18274222617217,0.9246078355500293,133.42787186009502,0.043668505489860523,0.023045430440186993,0.06671393593004751,0.8404255319148937,237,165,72,45,0,164,106.60238095238094,71.61471861471861,6,39,6.0,4.2767233149900274,71,0,161,85,0,85,161,0,4717.88789698698,471.788789698698,10148.82669437757,1014.882669437757,398.5290190786832,39.852901907868315,5944.4874334602755,594.4487433460275,3230.0,323.0,0,0,0.05330119047619047,-0.0032999999999999995,0.05330119047619047,-0.0032999999999999995,0.0,0.0,0.05330119047619047,0.003,0.07067365765299721,0.09735715239161108,-0.08697692145672761,0.0021812085683809352,0.00028776554454049315,-0.008851158513124844,-0.0019786736606838165,-0.001274999999999999,-0.0004611736606838171,-0.00024250000000000018,0.0,0.0,0.0,0.0,0.0,0.00028776554454049315,0.005137765544540435,0.05330119047619047,0.00028776554454049315,0.0,0.0,0.04366850548986091,0.023045430440186972,-0.008183762691596494,0.03345516148411479,-0.0020459406728991236,0.025091371113086083,0.0021812085683809352,0.0021812085683809352,0.4710206462855811,0.1724234600623495,0.15929925317947782,0.0,0.0,0.012664348951660612,0.0,0.0,0.004849999999999941,0.035807359307359315,-0.002352197823244515,0.0425,0.0805,-0.0112596821309199,-0.0025774781385229694,-0.008682203992396931,0.29176811578711775,0.25018595258394877,0.041582163203169,0.7630942463874817,0.07349056005477905,8393,5324,0,0.6152274952994452,0.9394841736013239,3,8,13717,8393,5324,0.06630291218315107,cuda,57.18896484375
18,59,200,True,1058,1058,672,424,248,105,143,0.36904761904761907,0.15625,0.21279761904761904,0.4221698113207547,2.1132075471698113,0.7254256702397229,14.898217435153025,26.71544637207715,0.6245162900447195,0.48924148627469,0.18974039605203666,0.17701070388462745,0.11718632023834255,0.48458897782805954,0.20100595410429994,0.18735174222779022,0.1180087185403297,0.0046525084466304545,-0.011265558052263286,-0.010341038343162773,-0.0008223983019871456,9.764880952380953,9.764880952380953,7.242559523809524,0.47619047619047616,0.12182062110653723,0.08144520311392288,-0.07866289513763311,-0.13348260642593737,672,386,0,386,1.0,1.8695652173913044,1.8695652173913044,1.7976190476190477,87.96760322073877,54.84951391091317,-3.2017473738841473,58.05126128479731,0.9477291410822747,142.81711713165194,0.04398380161036938,0.027424756955456583,0.07140855856582597,0.7948717948717948,217,154,63,56,0,151,107.20952380952377,83.59993894993897,9,47,9.0,5.634779306250789,62,0,143,105,0,105,143,0,4472.145102066864,447.2145102066864,9714.810308618333,971.4810308618332,437.28184936595454,43.728184936595454,5634.640648643236,563.4640648643236,3360.0,336.0,0,0,0.05360476190476189,-0.00495,0.05360476190476189,-0.00495,0.0,0.0,0.05360476190476189,0.004499999999999999,0.06471712499563192,0.10455747667918844,-0.07714310472336873,0.005560624355676283,0.00020996043279936883,-0.009628905697093225,-0.002499545252061333,-0.001574999999999997,-0.0006370452520613336,-0.0002875000000000002,0.0,0.0,0.0,0.0,0.0,0.00020996043279936883,0.005499960432799299,0.05360476190476189,0.00020996043279936883,0.0,0.0,0.04398380161036991,0.027424756955456556,-0.006403494747768294,0.03870084085653155,-0.0016008736869420736,0.029025630642398655,0.005560624355676283,0.005560624355676283,0.4606696221547182,0.14917633606718425,0.1409733897418663,0.0,0.0,0.011963783959032262,0.0,0.0,0.005289999999999932,0.04179996947496949,-0.0030991286184379346,0.0525,0.0715,-0.0112596821309199,-0.0025774781385229694,-0.008682203992396931,0.29176811578711775,0.25018595258394877,0.041582163203169,0.7630942463874817,0.07349056005477905,8393,5324,0,0.6152274952994452,0.9394841736013239,3,8,13717,8393,5324,0.06630291218315107,cuda,57.18896484375
19,60,200,True,1005,1005,645,378,267,68,199,0.413953488372093,0.10542635658914729,0.3085271317829457,0.335978835978836,2.261904761904762,0.7208325665385004,14.959800710123051,28.59729494513185,0.6386564849630564,0.545845949657695,0.18851995475038333,0.15680841075640822,0.12994243624427962,0.5406810857316173,0.20134365563798282,0.1751357455101608,0.12853671459077054,0.005164863926077623,-0.012823700887599487,-0.01832733475375259,0.0014057216535090789,12.024806201550387,12.024806201550387,9.565891472868216,0.49612403100775193,0.23452699800617238,0.07862678959020511,-0.12463267321126126,-0.19657163115781917,645,360,0,360,1.0,1.9661691542288557,1.9661691542288557,1.8852713178294573,100.96254714124275,61.784493397909806,-3.515117407951007,65.29961080586081,0.948919112242523,162.74704053915255,0.05048127357062138,0.030892246698954903,0.08137352026957627,0.7678571428571429,215,164,51,65,0,162,123.73571428571427,93.66614774114774,7,58,7.0,6.0,50,0,199,68,0,68,199,0,4669.545847862451,466.95458478624516,10062.439257748163,1006.2439257748163,404.6788662202078,40.46788662202078,5884.3460556158225,588.4346055615822,3225.0,322.5,0,0,0.06186785714285712,-0.0038499999999999997,0.06186785714285712,-0.0038499999999999997,0.0,0.0,0.06186785714285712,0.0035,0.06938410016595786,0.09926093290541531,-0.08087568270536606,0.0031661508685567196,0.0004749392816785054,-0.008778623697213201,-0.001651963568265313,-0.0010200000000000007,-0.00044696356826531375,-0.00018500000000000013,0.0,0.0,0.0,0.0,0.0,0.0004749392816785054,0.004934939281678454,0.06186785714285712,0.0004749392816785054,0.0,0.0,0.05048127357062176,0.030892246698954906,-0.007030234815902013,0.043533073870573875,-0.0017575587039755033,0.0326498054029304,0.0031661508685567196,0.0031661508685567196,0.4632468567279527,0.14466116858045633,0.11691452564714393,0.0,0.0,0.017112397272614488,0.0,0.0,0.004459999999999949,0.04683307387057387,-0.0033,0.034,0.0995,-0.0112596821309199,-0.0025774781385229694,-0.008682203992396931,0.29176811578711775,0.25018595258394877,0.041582163203169,0.7630942463874817,0.07349056005477905,8393,5324,0,0.6152274952994452,0.9394841736013239,3,8,13717,8393,5324,0.06630291218315107,cuda,57.18896484375
20,61,200,True,1106,1106,706,405,301,78,223,0.4263456090651558,0.11048158640226628,0.31586402266288954,0.35555555555555557,2.2493827160493827,0.749492093074469,14.29262280876254,31.403511136255148,0.6457358674991324,0.5545135616520305,0.20872020465724261,0.2073784804535041,0.12265924807683921,0.5497636126883236,0.22106431831870182,0.22238957229771733,0.12345653888252046,0.00474994896370684,-0.01234411366145921,-0.015011091844213231,-0.00079729080568125,12.058073654390935,12.058073654390935,9.630311614730878,0.4971671388101983,0.011046096244101094,0.05057440063504694,-0.10333816953678289,-0.19948056455768748,706,400,0,400,1.0,1.786618444846293,1.786618444846293,1.63314447592068,59.60898808352232,26.46158394614663,-3.3082163148208714,29.7698002609675,0.8999874642652446,86.07057202966895,0.02980449404176116,0.013230791973073315,0.04303528601483447,0.797153024911032,224,150,74,57,0,147,72.08333333333334,47.89309897618723,11,46,11.0,7.454574510512609,73,0,223,78,0,78,223,0,4316.836798586254,431.6836798586254,9341.53960442856,934.153960442856,404.6099506123789,40.46099506123789,5433.852208279566,543.3852208279566,3530.0,353.0,0,0,0.03604166666666669,-0.00605,0.03604166666666669,-0.00605,0.0,0.0,0.03604166666666669,0.0055,0.06321684329740586,0.10558697159982443,-0.11091366898921637,0.00419973719490307,2.5803542138977926e-05,-0.00950992824018797,-0.0018999733314167733,-0.0011699999999999996,-0.000522473331416773,-0.00020750000000000016,0.0,0.0,0.0,0.0,0.0,2.5803542138977926e-05,0.0048558035421389185,0.03604166666666669,2.5803542138977926e-05,0.0,0.0,0.029804494041760943,0.013230791973073315,-0.006616432629641743,0.019846533507311668,-0.0016541081574104357,0.01488490013048375,0.00419973719490307,0.00419973719490307,0.44974227593471433,0.15303228738246893,0.16240788708177284,0.0,0.0,0.005583397947512212,0.0,0.0,0.004829999999999941,0.023946549488093622,-0.004100015980781935,0.039,0.1115,-0.0112596821309199,-0.0025774781385229694,-0.008682203992396931,0.29176811578711775,0.25018595258394877,0.041582163203169,0.7630942463874817,0.07349056005477905,8393,5324,0,0.6152274952994452,0.9394841736013239,3,8,13717,8393,5324,0.06630291218315107,cuda,57.18896484375
21,62,200,True,1067,1067,709,385,324,64,260,0.45698166431593795,0.09026798307475317,0.36671368124118475,0.34545454545454546,2.251948051948052,0.7080834847379041,15.53508924261316,28.862611254633634,0.6564959684237173,0.507345961401989,0.27053937233694186,0.243000114049956,0.10259505356480549,0.5034401472125735,0.2841708100122678,0.2647850902379164,0.1100872039940063,0.0039058141894154907,-0.01363143767532593,-0.02178497618796041,-0.007492150429200817,9.440056417489421,9.440056417489421,7.294781382228491,0.4217207334273625,0.09869101990489257,0.10487860275751011,-0.1603622847722217,-0.2093559133175318,709,358,0,358,1.0,1.8425492033739457,1.8425492033739457,1.6473906911142455,82.6841724108219,41.48601973782223,-3.931443267292399,45.41746300511462,0.920333730486533,124.17019214864413,0.04134208620541095,0.020743009868911116,0.06208509607432207,0.6105263157894737,174,147,27,111,0,144,100.99642857142855,67.74998832866481,8,103,8.0,6.539428171374516,27,0,260,64,0,64,260,0,4448.871113832687,444.8871113832687,9626.590991018184,962.6590991018184,414.10017614143914,41.41001761414391,5602.519035625068,560.2519035625068,3545.0,354.5,0,0,0.050498214285714285,-0.0044,0.050498214285714285,-0.0044,0.0,0.0,0.050498214285714285,0.004,0.062309626437095124,0.09524348700314975,-0.09934544167049465,0.003007302678627696,0.00022757388419742736,-0.009190943541426423,-0.0015140954618486305,-0.0009600000000000008,-0.00037409546184863005,-0.00018000000000000012,0.0,0.0,0.0,0.0,0.0,0.00022757388419742736,0.004717573884197373,0.050498214285714285,0.00022757388419742736,0.0,0.0,0.041342086205411216,0.020743009868911092,-0.007862886534584798,0.030278308670076425,-0.0019657216336461994,0.02270873150255731,0.003007302678627696,0.003007302678627696,0.4425521731000494,0.19365897729142612,0.16753610727547988,0.0,0.0,0.015147317832456104,0.0,0.0,0.004489999999999949,0.03387499416433241,-0.0035966854942559847,0.032,0.13,-0.0112596821309199,-0.0025774781385229694,-0.008682203992396931,0.29176811578711775,0.25018595258394877,0.041582163203169,0.7630942463874817,0.07349056005477905,8393,5324,0,0.6152274952994452,0.9394841736013239,3,8,13717,8393,5324,0.06630291218315107,cuda,57.18896484375
22,63,200,True,1133,1133,702,377,325,79,246,0.46296296296296297,0.11253561253561253,0.3504273504273504,0.376657824933687,2.1724137931034484,0.6480836083702447,17.48382025751574,31.04486596505269,0.6592555626970067,0.5027955147963936,0.12906532932260625,0.14168534927139312,0.1265280024205342,0.4973066143236995,0.13993546201178028,0.1623460380879258,0.1272471986948179,0.005488900472694125,-0.010870132689174028,-0.020660688816532685,-0.0007191962742837121,8.273504273504274,8.273504273504274,6.163817663817664,0.41025641025641024,0.16960104953526825,-0.012594663216242419,-0.0847474387061223,-0.1764436176730245,702,431,0,431,1.0,1.7281553398058251,1.7281553398058251,1.6595441595441596,89.65064722474598,53.46879400458215,-2.67049170970357,56.1392857142857,0.954591025052677,143.11944122932812,0.04482532361237299,0.026734397002291074,0.07155972061466406,0.6142857142857143,172,137,35,108,0,132,109.64285714285712,88.05238095238096,12,96,12.0,12.0,34,0,246,79,0,79,246,0,3888.205237236353,388.8205237236353,8535.06313129802,853.506313129802,436.0081832659014,43.60081832659014,4898.406715255556,489.84067152555565,3510.0,351.0,0,0,0.05482142857142856,-0.006599999999999999,0.05482142857142856,-0.006599999999999999,0.0,0.0,0.05482142857142856,0.006,0.05659162198512794,0.09507507586154783,-0.06080280850092795,0.005324719206812141,0.00028090377615052063,-0.009037794435708372,-0.0019151735448368656,-0.0011849999999999996,-0.0005151735448368659,-0.00021500000000000016,0.0,0.0,0.0,0.0,0.0,0.00028090377615052063,0.004840903776150468,0.05482142857142856,0.00028090377615052063,0.0,0.0,0.04482532361237314,0.02673439700229109,-0.00534098341940714,0.037426190476190474,-0.001335245854851785,0.02806964285714285,0.005324719206812141,0.005324719206812141,0.38205866192978677,0.08957227208277076,0.10487165700340559,0.0,0.0,0.019198817807390252,0.0,0.0,0.004559999999999947,0.044026190476190476,-0.006599999999999999,0.0395,0.123,-0.0112596821309199,-0.0025774781385229694,-0.008682203992396931,0.29176811578711775,0.25018595258394877,0.041582163203169,0.7630942463874817,0.07349056005477905,8393,5324,0,0.6152274952994452,0.9394841736013239,3,8,13717,8393,5324,0.06630291218315107,cuda,57.18896484375
23,64,200,True,1092,1092,676,400,276,102,174,0.40828402366863903,0.15088757396449703,0.257396449704142,0.3375,2.235,0.719441048502922,14.960262594223023,25.819012956768276,0.6353841631597607,0.5075303761661053,0.2116191085614264,0.20560749584343285,0.11019296797458082,0.5072866930067539,0.23630386762088165,0.23485523882089182,0.11223986547905952,0.0002436831593514155,-0.024684759059455247,-0.029247742977458968,-0.0020468975044787008,11.085798816568047,11.085798816568047,8.50887573964497,0.5177514792899408,0.14512516381034654,0.08609423054010935,-0.11014488479862877,-0.12772616863556477,676,416,0,416,1.0,1.7747252747252746,1.7747252747252746,1.6375739644970415,65.85054431524799,28.59157175897108,-4.002354106829792,32.59392586580086,0.8906349467808465,94.44211607421907,0.032925272157623996,0.01429578587948554,0.047221058037109534,0.7615658362989324,214,144,70,67,0,138,79.7357142857143,51.158567821067834,7,60,7.0,7.0,67,0,174,102,0,102,174,0,4405.054571582913,440.5054571582913,9541.88377103961,954.1883771039609,415.54155571052837,41.55415557105284,5548.135866943394,554.8135866943394,3380.0,338.0,0,0,0.03986785714285715,-0.0038499999999999997,0.03986785714285715,-0.0038499999999999997,0.0,0.0,0.03986785714285715,0.0035,0.05936952208006485,0.10587005656702593,-0.098561128001053,0.0028780139309054187,0.00013493221669132093,-0.009241951461772981,-0.0024066453249228115,-0.0015299999999999973,-0.0005991453249228109,-0.0002775000000000002,0.0,0.0,0.0,0.0,0.0,0.00013493221669132093,0.005154932216691258,0.03986785714285715,0.00013493221669132093,0.0,0.0,0.03292527215762375,0.014295785879485526,-0.008004708213659584,0.021729283910533925,-0.002001177053414896,0.016296962932900432,0.0028780139309054187,0.0028780139309054187,0.4524575663615996,0.15895641100280178,0.16920067300856692,0.0,0.0,0.009563183539033978,0.0,0.0,0.005019999999999938,0.025579283910533924,-0.0038499999999999997,0.051,0.087,-0.0112596821309199,-0.0025774781385229694,-0.008682203992396931,0.29176811578711775,0.25018595258394877,0.041582163203169,0.7630942463874817,0.07349056005477905,8393,5324,0,0.6152274952994452,0.9394841736013239,3,8,13717,8393,5324,0.06630291218315107,cuda,57.18896484375
24,65,200,True,904,904,568,316,252,69,183,0.44366197183098594,0.12147887323943662,0.3221830985915493,0.3987341772151899,2.1455696202531644,0.6959212021548536,15.522259175022945,31.510074204470538,0.6743588146117746,0.5152398108304301,0.11825160246012331,0.16152661820561212,0.11727666030225309,0.5105090042741238,0.12972354383761936,0.18137704039617336,0.12007642570364324,0.004730806556306311,-0.011471941377496048,-0.01985042219056124,-0.002799765401390153,9.507042253521126,9.507042253521126,7.179577464788732,0.47183098591549294,0.17371791124777788,0.020874758523948055,-0.048972118275128,-0.16730752193742804,568,336,0,336,1.0,2.0486725663716814,2.0486725663716814,2.0035211267605635,105.88684525523831,68.16539866241877,-2.649779909009855,70.81517857142859,0.9639313767567784,174.05224391765708,0.052943422627619155,0.03408269933120938,0.08702612195882854,0.8006993006993007,229,161,68,57,0,159,132.3190476190476,103.22023809523806,9,48,9.0,8.0,67,0,183,69,1,69,183,0,4712.477345996463,471.24773459964626,9866.164010396322,986.6164010396321,378.04630104580536,37.80463010458054,5937.865195093771,593.7865195093771,2840.0,284.0,0,1,0.06615952380952381,-0.004950000000000002,0.06615952380952381,-0.004950000000000002,0.0,0.0,0.06615952380952381,0.0045,0.06837314021945792,0.07820839290841633,-0.05113296664816892,0.004152459665863105,0.00022901790000043253,-0.007748995842663914,-0.0017395643290316956,-0.0010350000000000005,-0.0005070643290316959,-0.00019750000000000014,0.0,0.0,0.0,-0.001,-0.001,0.00022901790000043253,0.004079017900000392,0.06515952380952379,0.00022901790000043253,0.0,0.0,0.05294342262761948,0.03408269933120933,-0.00529955981801971,0.04721011904761902,-0.0013248899545049275,0.035407589285714296,0.004152459665863105,0.004152459665863105,0.43708927418055166,0.09125691783133821,0.10129372711799554,0.0,0.0,0.022984641720053427,0.0,0.0,0.003849999999999962,0.05161011904761902,-0.004400000000000001,0.0345,0.0915,-0.0112596821309199,-0.0025774781385229694,-0.008682203992396931,0.29176811578711775,0.25018595258394877,0.041582163203169,0.7630942463874817,0.07349056005477905,8393,5324,0,0.6152274952994452,0.9394841736013239,3,8,13717,8393,5324,0.06630291218315107,cuda,57.18896484375
25,66,200,True,1045,1045,729,447,282,80,202,0.3868312757201646,0.10973936899862825,0.27709190672153633,0.378076062639821,2.1722595078299776,0.6542440150808168,17.07398961214411,28.50081740556414,0.6351369260894795,0.4924237546438072,0.22464880586437197,0.17100398399360828,0.11903010216235314,0.48447975066284205,0.22981686856997693,0.2032109139559028,0.11104509507366342,0.007944003980965175,-0.005168062705604964,-0.03220692996229452,0.007985007088689725,10.056241426611797,10.056241426611797,7.694101508916324,0.46364883401920437,0.17124715301215798,0.06455391650613869,-0.0885299054462917,-0.13055799518348632,729,316,0,316,1.0,1.8966507177033494,1.8966507177033494,1.710562414266118,96.84531604738378,58.48738635568181,-3.7072648264694092,62.19465118215118,0.9437457201398445,155.33270240306558,0.04842265802369189,0.029243693177840903,0.07766635120153279,0.7183098591549296,204,158,46,80,0,156,118.28571428571425,87.3262015762016,5,75,5.0,4.0,46,0,202,80,0,80,202,0,4332.796055738045,433.2796055738045,9498.83701383945,949.883701383945,476.9791580638553,47.69791580638553,5462.546155303578,546.2546155303578,3645.0,364.5,0,0,0.05914285714285711,-0.00275,0.05914285714285711,-0.00275,0.0,0.0,0.05914285714285711,0.0025,0.0666949555023676,0.11100426109282868,-0.09279706469116634,0.00457570086027442,0.0002718615470307314,-0.010323862018539165,-0.001967038023950553,-0.0011999999999999995,-0.0005320380239505533,-0.00023500000000000018,0.0,0.0,0.0,0.0,0.0,0.0002718615470307314,0.005541861547030662,0.05914285714285711,0.0002718615470307314,0.0,0.0,0.04842265802369232,0.02924369317784089,-0.007414529652938819,0.04146310078810079,-0.0018536324132347047,0.031097325591075593,0.00457570086027442,0.00457570086027442,0.44400783509177594,0.15478738510181433,0.12751515521691237,0.0,0.0,0.022895237529394305,0.0,0.0,0.005269999999999932,0.04366310078810079,-0.0022,0.04,0.101,-0.022187581818757785,-0.0061397560458216404,-0.016047825772936144,0.2727221800428298,0.22727717525429195,0.04544500478853782,0.828636109828949,0.0836188793182373,8211,5723,0,0.5649412565761143,0.9103499333063761,4,8,13934,8211,5723,0.06822658115397379,cuda,61.40283203125
26,67,200,True,1031,1031,726,437,289,77,212,0.39807162534435264,0.10606060606060606,0.29201101928374656,0.425629290617849,2.0503432494279177,0.6676780208433792,16.910569051310453,26.219734513104918,0.6369510843872478,0.462704872614459,0.22120459090483544,0.17153036626997814,0.10613768081472721,0.4533634606228813,0.2231130802223898,0.19031263118955036,0.1105778020182177,0.009341411991577675,-0.0019084893175543571,-0.018782264919572217,-0.00444012120349048,8.476584022038567,8.476584022038567,6.2699724517906334,0.384297520661157,0.10393290127022128,0.06169443504339044,-0.14535619937171035,-0.17110462613001182,726,305,0,305,1.0,1.9272550921435498,1.9272550921435498,1.68732782369146,88.13766432914065,48.719166706667444,-3.614011189997276,52.333177896664736,0.9354031677194865,136.85683103580809,0.044068832164570325,0.02435958335333372,0.06842841551790405,0.7394366197183099,210,151,59,74,0,149,107.49285714285713,78.57757052888634,9,65,9.0,8.0,59,0,212,77,0,77,212,0,4589.350711480684,458.93507114806846,9946.768721841414,994.6768721841414,440.6108977650226,44.061089776502264,5776.1200077337635,577.6120007733764,3630.0,363.0,0,0,0.05374642857142857,-0.0049499999999999995,0.05374642857142857,-0.0049499999999999995,0.0,0.0,0.05374642857142857,0.0045,0.06451865111698159,0.09925167280670923,-0.07815806762045836,0.004630485302482623,0.0002184465371372704,-0.01012173177398218,-0.0018256508843848345,-0.0011549999999999998,-0.00044315088438483507,-0.00022750000000000016,0.0,0.0,0.0,0.0,0.0,0.0002184465371372704,0.005358446537137203,0.05374642857142857,0.0002184465371372704,0.0,0.0,0.044068832164570776,0.02435958335333374,-0.007228022379994552,0.03488878526444317,-0.001807005594998638,0.02616658894833237,0.004630485302482623,0.004630485302482623,0.430630003482545,0.14497596656946363,0.13746681326405186,0.0,0.0,0.016098952508541417,0.0,0.0,0.0051399999999999346,0.03928878526444317,-0.004399999999999999,0.0385,0.106,-0.022187581818757785,-0.0061397560458216404,-0.016047825772936144,0.2727221800428298,0.22727717525429195,0.04544500478853782,0.828636109828949,0.0836188793182373,8211,5723,0,0.5649412565761143,0.9103499333063761,4,8,13934,8211,5723,0.06822658115397379,cuda,61.40283203125
27,68,200,True,1057,1057,723,439,284,74,210,0.39280774550484093,0.10235131396957123,0.29045643153526973,0.34851936218678814,2.2505694760820045,0.6906208557528624,15.627910950732394,28.590926486973338,0.6458948035058188,0.5064515026460205,0.16768136688408383,0.15529673706298877,0.11897309371408135,0.5019310684980727,0.17808696034031332,0.17215407775223876,0.1215055769984027,0.004520434147947783,-0.01040559345622949,-0.01685734068924999,-0.0025324832843213463,9.98893499308437,9.98893499308437,7.618257261410788,0.47164591977869985,0.20146769346922233,0.07428071027859134,-0.042888850779762275,-0.1570818571113818,723,334,0,334,1.0,1.8722800378429518,1.8722800378429518,1.6929460580912863,81.47731285273754,44.93262087335219,-3.343143603399138,48.27576447675132,0.935234127808203,126.40993372608973,0.04073865642636877,0.022466310436676098,0.06320496686304487,0.7818181818181819,215,152,63,60,0,149,99.22857142857143,68.76768596900179,4,56,4.0,4.0,63,0,210,74,0,74,210,0,4396.927093355226,439.69270933552264,9586.491505443739,958.6491505443739,452.8354748465874,45.28354748465874,5539.896502002086,553.9896502002086,3615.0,361.5,0,0,0.049614285714285715,-0.0022,0.049614285714285715,-0.0022,0.0,0.0,0.049614285714285715,0.002,0.06422345530272182,0.10653121682052677,-0.07942057735814693,0.005073044288487686,0.00010613927470102927,-0.01031082977619754,-0.001833932807525046,-0.00111,-0.0005064328075250463,-0.00021750000000000016,0.0,0.0,0.0,0.0,0.0,0.00010613927470102927,0.005236139274700963,0.049614285714285715,0.00010613927470102927,0.0,0.0,0.04073865642636914,0.022466310436676077,-0.006686287206798276,0.0321838429845009,-0.001671571801699569,0.02413788223837566,0.005073044288487686,0.005073044288487686,0.44627509583744196,0.11753064406429285,0.12469633285717756,0.0,0.0,0.011548115382926983,0.0,0.0,0.005129999999999935,0.034383842984500895,-0.0022,0.037,0.105,-0.022187581818757785,-0.0061397560458216404,-0.016047825772936144,0.2727221800428298,0.22727717525429195,0.04544500478853782,0.828636109828949,0.0836188793182373,8211,5723,0,0.5649412565761143,0.9103499333063761,4,8,13934,8211,5723,0.06822658115397379,cuda,61.40283203125
28,69,200,True,1043,1043,728,477,251,92,159,0.3447802197802198,0.12637362637362637,0.2184065934065934,0.3668763102725367,2.146750524109015,0.7602399435183287,13.862082205478501,26.395035986630422,0.6321280688872079,0.5110497884218048,0.25800162745128136,0.22685035803126838,0.11402988063261318,0.5074608890140582,0.2696115535760076,0.26420403291828604,0.11095343155306091,0.0035888994077466485,-0.011609926124726222,-0.03735367488701766,0.0030764490795522764,10.960164835164836,10.960164835164836,8.30631868131868,0.5412087912087912,0.0591228074415591,0.0708836941803306,-0.11428749850190034,-0.0765117386383392,728,315,0,315,1.0,1.8590604026845639,1.8590604026845639,1.6813186813186813,67.86410846643992,35.045695433718265,-4.342322292234817,39.38801772595309,0.9007022975254982,102.90980390015818,0.03393205423321996,0.017522847716859132,0.05145490195007909,0.8231046931407943,228,162,66,49,0,155,81.88373015873017,55.81735696793749,3,46,3.0,3.0,64,0,159,92,0,92,159,0,4561.059193517986,456.10591935179866,9914.572938095755,991.4572938095755,453.0571621109074,45.30571621109074,5745.294221143862,574.5294221143862,3640.0,364.0,0,0,0.0409418650793651,-0.0016500000000000002,0.0409418650793651,-0.0016500000000000002,0.0,0.0,0.0409418650793651,0.0015,0.06624836692068617,0.11720649924585272,-0.12322774907452959,0.0041278609951364955,0.00020281084863930717,-0.010964548686015067,-0.0022243530405416335,-0.0013799999999999984,-0.0005843530405416332,-0.0002600000000000002,0.0,0.0,0.0,0.0,0.0,0.00020281084863930717,0.00589281084863923,0.0409418650793651,0.00020281084863930717,0.0,0.0,0.03393205423321988,0.017522847716859156,-0.008684644584469634,0.026258678483968772,-0.0021711611461174085,0.019694008862976547,0.0041278609951364955,0.0041278609951364955,0.48328789340030437,0.1894639106872673,0.2107000858528409,0.0,0.0,0.008462877435197707,0.0,0.0,0.005689999999999923,0.027908678483968774,-0.0016500000000000002,0.046,0.0795,-0.022187581818757785,-0.0061397560458216404,-0.016047825772936144,0.2727221800428298,0.22727717525429195,0.04544500478853782,0.828636109828949,0.0836188793182373,8211,5723,0,0.5649412565761143,0.9103499333063761,4,8,13934,8211,5723,0.06822658115397379,cuda,61.40283203125
29,70,200,True,915,915,650,341,309,51,258,0.4753846153846154,0.07846153846153846,0.39692307692307693,0.40175953079178883,2.1495601173020527,0.6496875894821285,17.403760157722182,33.0915081225707,0.6556185486232636,0.4912469545679708,0.13760943842991705,0.11522207046446563,0.1201233476935681,0.4823272188475405,0.13839202168564205,0.1418607868131283,0.12110309670966042,0.00891973572043031,-0.0007825832557250001,-0.026638716348662675,-0.000979749016092324,7.2846153846153845,7.2846153846153845,5.315384615384615,0.3830769230769231,0.1808759661177962,-0.00569887867741529,-0.10510982378679751,-0.1466866475610837,650,265,0,265,1.0,1.9836065573770492,1.9836065573770492,1.9553846153846153,95.2709869454993,65.250081447072,-2.427597124356541,67.67767857142856,0.9653721192839915,160.5210683925713,0.04763549347274965,0.032625040723536,0.08026053419628565,0.6953405017921147,194,146,48,85,1,142,120.91666666666664,99.03690476190474,8,77,8.0,8.0,48,0,258,51,2,51,258,0,4490.840346352622,449.0840346352622,9153.606274918742,915.3606274918742,364.0770257419578,36.40770257419578,5656.699478672081,565.6699478672081,3250.0,325.0,0,2,0.060458333333333315,-0.004399999999999999,0.060458333333333315,-0.004399999999999999,0.0,0.0,0.060458333333333315,0.004,0.06158643493335146,0.0776905726708719,-0.04762237218854241,0.004670523983232599,0.00042413403041491966,-0.008129670005930555,-0.0012296361012018994,-0.0007650000000000006,-0.0003221361012018996,-0.0001425000000000001,0.0,0.0,0.0,-0.002,-0.002,0.00042413403041491966,0.00434413403041488,0.058458333333333314,0.00042413403041491966,0.0,0.0,0.047635493472749896,0.032625040723536024,-0.004855194248713082,0.045118452380952384,-0.0012137985621782706,0.03383883928571428,0.004670523983232599,0.004670523983232599,0.3670070329562579,0.07925016164074031,0.0756484151707579,0.0,0.0,0.026151078516254492,0.0,0.0,0.00391999999999996,0.04951845238095237,-0.004399999999999999,0.0255,0.129,-0.022187581818757785,-0.0061397560458216404,-0.016047825772936144,0.2727221800428298,0.22727717525429195,0.04544500478853782,0.828636109828949,0.0836188793182373,8211,5723,0,0.5649412565761143,0.9103499333063761,4,8,13934,8211,5723,0.06822658115397379,cuda,61.40283203125
30,71,200,True,1043,1043,703,413,290,72,218,0.41251778093883357,0.10241820768136557,0.310099573257468,0.3946731234866828,2.1186440677966103,0.7368697810548269,14.78772044470466,31.527739888530668,0.6438549373516774,0.5409893884569335,0.17265615301977924,0.15619182021787828,0.13142817646950555,0.5341194629957832,0.18293607787208827,0.17269195759946313,0.131132542888564,0.006869925461150284,-0.010279924852309025,-0.016500137381584845,0.0002956335809415622,11.408250355618776,11.408250355618776,9.105263157894736,0.4822190611664296,0.13876372085284414,0.04674348155557646,0.010742967878535658,-0.08529402042980072,703,340,0,340,1.0,1.8887823585810164,1.8887823585810164,1.8364153627311521,79.06469499695021,45.865354679758255,-3.6200619869084494,49.48541666666664,0.9318326078835796,124.93004967670846,0.039532347498475104,0.022932677339879127,0.062465024838354234,0.9042553191489362,255,162,93,27,0,158,96.18333333333332,68.1805555555556,3,24,3.0,2.0,91,0,218,72,0,72,218,0,4616.537692892855,461.65376928928555,9942.012452647012,994.2012452647011,401.2769620320496,40.12769620320496,5812.480823510487,581.2480823510488,3515.0,351.5,0,0,0.04809166666666665,-0.0016500000000000002,0.04809166666666665,-0.0016500000000000002,0.0,0.0,0.04809166666666665,0.0015,0.06768261255014114,0.1042747529371608,-0.08035143407567095,0.0043100847096389245,0.00044507082570883675,-0.009669530516606973,-0.0017680970766860756,-0.0010800000000000002,-0.0004805970766860745,-0.00020750000000000016,0.0,0.0,0.0,0.0,0.0,0.00044507082570883675,0.005295070825708777,0.04809166666666665,0.00044507082570883675,0.0,0.0,0.03953234749847531,0.02293267733987911,-0.007240123973816899,0.032990277777777806,-0.0018100309934542247,0.024742708333333318,0.0043100847096389245,0.0043100847096389245,0.4578136817715547,0.12601934595555356,0.12183639653188212,0.0,0.0,0.012169533895323175,0.0,0.0,0.004849999999999941,0.03409027777777782,-0.0011,0.036,0.109,-0.022187581818757785,-0.0061397560458216404,-0.016047825772936144,0.2727221800428298,0.22727717525429195,0.04544500478853782,0.828636109828949,0.0836188793182373,8211,5723,0,0.5649412565761143,0.9103499333063761,4,8,13934,8211,5723,0.06822658115397379,cuda,61.40283203125
31,72,200,True,1143,1143,817,573,244,96,148,0.29865361077111385,0.1175030599755202,0.18115055079559364,0.3333333333333333,2.275741710296684,0.7558011882800291,13.987038216249688,28.277479762182185,0.6254247677392395,0.5231660054460245,0.2629960236736097,0.1816411474085759,0.11755168434707074,0.5183408421839719,0.2818738331605419,0.2191077241650498,0.11959164891957613,0.004825163262052623,-0.018877809486932184,-0.03746657675647391,-0.0020399645725053955,12.93390452876377,12.93390452876377,10.1468788249694,0.5887392900856793,0.11032498433925157,0.08177613610078069,-0.11445114062890029,-0.1431612128925426,817,326,0,326,1.0,1.7305336832895888,1.7305336832895888,1.5642594859241126,70.3236137449427,39.11837868944419,-5.265032996908662,44.38341168635285,0.893953717372264,109.44199243438689,0.03516180687247135,0.019559189344722096,0.054720996217193445,0.7711267605633803,219,143,76,65,0,140,84.53333333333335,61.37788224847051,2,63,2.0,2.0,76,0,148,96,0,96,148,0,3955.169540231347,395.5169540231347,8802.221778875008,880.2221778875007,518.3689193754972,51.836891937549716,4983.019662670707,498.30196626707067,4085.0,408.5,0,0,0.04226666666666667,-0.0011,0.04226666666666667,-0.0011,0.0,0.0,0.04226666666666667,0.001,0.05990833114532218,0.14759740537998234,-0.1605136427148696,0.004366443132669682,5.236769569000544e-05,-0.01303157788311377,-0.0022827793077678585,-0.001439999999999998,-0.000585279307767858,-0.0002575000000000002,0.0,0.0,0.0,0.0,0.0,5.236769569000544e-05,0.006742367695689907,0.04226666666666667,5.236769569000544e-05,0.0,0.0,0.0351618068724715,0.019559189344722068,-0.010530065993817323,0.029588941124235258,-0.002632516498454331,0.022191705843176427,0.004366443132669682,0.004366443132669682,0.48932457612462704,0.21920669189373773,0.18189985766029418,0.0,0.0,0.006173714766026592,0.0,0.0,0.006689999999999902,0.030688941124235262,-0.0011,0.048,0.074,-0.022187581818757785,-0.0061397560458216404,-0.016047825772936144,0.2727221800428298,0.22727717525429195,0.04544500478853782,0.828636109828949,0.0836188793182373,8211,5723,0,0.5649412565761143,0.9103499333063761,4,8,13934,8211,5723,0.06822658115397379,cuda,61.40283203125
32,73,200,True,934,934,647,386,261,64,197,0.4034003091190108,0.09891808346213292,0.3044822256568779,0.3860103626943005,2.11139896373057,0.6892645033221171,16.221490514093112,30.97838924771146,0.6375135952749149,0.49201574222874767,0.1661690443638384,0.12764508064855565,0.12662418161571953,0.4808466744855278,0.1878942797332037,0.158154891663921,0.12861189799904438,0.011169067743219852,-0.021725235369365298,-0.030509811015365346,-0.0019877163833248446,8.071097372488408,8.071097372488408,5.837712519319938,0.437403400309119,0.1430152996126179,0.044336583947973296,-0.1274873463127563,-0.21990881633386905,647,287,0,287,1.0,1.9925053533190578,1.9925053533190578,1.98145285935085,107.05524953686617,68.16766735792618,-1.8702790706452983,70.0379464285714,0.9739907492131666,175.22291689479235,0.053527624768433084,0.03408383367896309,0.08761145844739618,0.6254545454545455,172,147,25,103,1,146,133.17619047619047,110.98392857142858,18,85,18.0,16.0,24,0,197,64,1,64,197,0,4388.413224625021,438.8413224625021,9255.124222354854,925.5124222354855,407.6648592845903,40.76648592845903,5526.368510679904,552.6368510679904,3235.0,323.5,0,1,0.06658809523809524,-0.009900000000000003,0.06658809523809524,-0.009900000000000003,0.0,0.0,0.06658809523809524,0.009,0.06322985840301186,0.09000526140548946,-0.054936335970890565,0.006636029039590761,0.0007857428897844171,-0.008948372622316667,-0.0016244656362000094,-0.0009600000000000008,-0.00048196563620001015,-0.00018250000000000013,0.0,0.0,0.0,-0.001,-0.001,0.0007857428897844171,0.005285742889784362,0.06558809523809524,0.0007857428897844171,0.0,0.0,0.053527624768433424,0.034083833678963074,-0.0037405581412905966,0.046691964285714274,-0.0009351395353226491,0.0350189732142857,0.006636029039590761,0.006636029039590761,0.3857018157900322,0.1025064820188092,0.08598355127907882,0.0,0.0,0.03558858658317922,0.0,0.0,0.0044999999999999485,0.05549196428571428,-0.0088,0.032,0.0985,-0.022187581818757785,-0.0061397560458216404,-0.016047825772936144,0.2727221800428298,0.22727717525429195,0.04544500478853782,0.828636109828949,0.0836188793182373,8211,5723,0,0.5649412565761143,0.9103499333063761,4,8,13934,8211,5723,0.06822658115397379,cuda,61.40283203125
33,74,200,True,1031,1031,789,492,297,66,231,0.376425855513308,0.08365019011406843,0.29277566539923955,0.3394308943089431,2.2154471544715446,0.7154873528979658,14.936527915117217,29.48237561113466,0.6286913895766214,0.5254102190577887,0.18136061399387635,0.11770598184813298,0.13388355032964874,0.5152176322975779,0.18526342148680572,0.1471760916037152,0.1355643525125262,0.010192586760210842,-0.003902807492929372,-0.029470109755582216,-0.0016808021828774444,11.714828897338403,11.714828897338403,9.307984790874524,0.4740177439797212,0.17209259230343174,0.05522192138864262,-0.06613030711254195,-0.10868179918319489,789,242,0,242,1.0,1.9398642095053347,1.9398642095053347,1.6932826362484157,96.24484760033977,54.11699734645528,-4.1294157795131206,58.246413125968395,0.9337978211757242,150.36184494679503,0.048122423800169886,0.02705849867322764,0.07518092247339751,0.8428571428571429,236,163,73,44,0,163,117.25952380952378,84.0476551226551,8,36,8.0,5.80524632245205,73,0,231,66,0,66,231,0,4515.233874874285,451.5233874874285,9838.703790592488,983.8703790592488,461.45853358762594,46.145853358762594,5687.731196229528,568.7731196229528,3945.0,394.5,0,0,0.05862976190476188,-0.0044,0.05862976190476188,-0.0044,0.0,0.0,0.05862976190476188,0.004,0.07000058859125619,0.12068344360022334,-0.09869497764915293,0.0046452142975941975,0.0005130713818018886,-0.011247860502292898,-0.0016921391419841539,-0.0009900000000000009,-0.0005171391419841538,-0.00018500000000000013,0.0,0.0,0.0,0.0,0.0,0.0005130713818018886,0.006093071381801815,0.05862976190476188,0.0005130713818018886,0.0,0.0,0.04812242380017044,0.02705849867322765,-0.008258831559026241,0.03883094208397894,-0.0020647078897565604,0.029123206562984196,0.0046452142975941975,0.0046452142975941975,0.4630247200187341,0.13407044624394868,0.10606863923924355,0.0,0.0,0.015844367119437923,0.0,0.0,0.005579999999999925,0.042023827561327554,-0.003192885477348628,0.033,0.1155,-0.015060971317143412,-0.006730027148296358,-0.008330944168847054,0.245138327156504,0.19664375633001327,0.04849457082649072,0.8847391605377197,0.07817453145980835,7964,6013,0,0.4849951334297657,0.8941749821106593,5,8,13977,7964,6013,0.08052257806431101,cuda,62.80029296875
34,75,200,True,893,893,651,381,270,62,208,0.4147465437788018,0.09523809523809523,0.3195084485407066,0.45931758530183725,1.9711286089238844,0.6684099409993239,16.901221953664866,24.44500243399791,0.5993490483047468,0.4708427008916074,0.16290554513768574,0.1551983131589539,0.12041713882071453,0.45516674025008685,0.16879859862951782,0.17238781480558626,0.12470159902582019,0.015675960641520548,-0.005893053491832084,-0.017189501646632355,-0.0042844602051056585,7.889400921658986,7.889400921658986,5.904761904761905,0.3579109062980031,0.05161615926443398,0.1812798611589719,-0.07478763476083246,-0.20224421870127002,651,242,0,242,1.0,2.09518477043673,2.09518477043673,2.0076804915514592,103.30838676285627,69.48098556629289,-2.8818661653088116,72.36285173160172,0.961700086785399,172.78937232914916,0.05165419338142813,0.03474049278314644,0.08639468616457457,0.7188612099644128,202,159,43,79,1,155,128.63452380952378,106.38380230880229,11,68,11.0,9.0,42,0,208,62,1,62,208,0,4807.161040966378,480.7161040966378,10061.294369660716,1006.1294369660716,383.6127943678234,38.36127943678234,6054.348020564114,605.4348020564114,3255.0,325.5,0,1,0.06431726190476189,-0.006049999999999999,0.06431726190476189,-0.006049999999999999,0.0,0.0,0.06431726190476189,0.0055,0.06684305228513561,0.07906897549321852,-0.042065629619661794,0.0037321429936070364,0.000571919288092924,-0.008303708625517568,-0.001471052987126858,-0.0009300000000000007,-0.00037355298712685793,-0.00016750000000000011,0.0,0.0,0.0,-0.001,-0.001,0.000571919288092924,0.005001919288092869,0.0633172619047619,0.000571919288092924,0.0,0.0,0.05165419338142856,0.03474049278314646,-0.005763732330617623,0.04824190115440116,-0.0014409330826544058,0.03618142586580086,0.0037321429936070364,0.0037321429936070364,0.4207018152471877,0.10232668753347268,0.0997827548791628,0.0,0.0,0.024664119901026026,0.0,0.0,0.00442999999999995,0.053191901154401144,-0.0049499999999999995,0.031,0.104,-0.015060971317143412,-0.006730027148296358,-0.008330944168847054,0.245138327156504,0.19664375633001327,0.04849457082649072,0.8847391605377197,0.07817453145980835,7964,6013,0,0.4849951334297657,0.8941749821106593,5,8,13977,7964,6013,0.08052257806431101,cuda,62.80029296875
35,76,200,True,1074,1074,841,564,277,83,194,0.32936979785969084,0.09869203329369798,0.23067776456599287,0.40070921985815605,2.2163120567375887,0.7163211132353502,15.154588621558872,26.686821312769084,0.6198307073221819,0.5115010797026309,0.2751101626096465,0.16007676399610143,0.12031734896434061,0.49816701891468773,0.2740857518634739,0.1872244465902963,0.12192627754069019,0.013334060787943192,0.0010244107461725993,-0.027147682594194866,-0.0016089285763495748,11.296076099881095,11.184304399524375,8.708680142687276,0.4815695600475624,0.10400564680308877,0.054048723027963035,-0.17152555590832075,-0.17145272928140243,841,233,0,233,1.0,1.835195530726257,1.835195530726257,1.6920332936979785,102.9645545329675,60.00548093862299,-4.765770649056637,64.7712515876796,0.9314642690215905,162.97003547159048,0.05148227726648375,0.030002740469311492,0.08148501773579524,0.6308243727598566,176,151,25,103,0,149,125.17063492063488,98.4616687835728,12,91,12.0,11.0,25,0,194,83,0,83,194,0,4153.265295634601,415.3265295634601,9195.966338718348,919.5966338718348,516.281294553192,51.6281294553192,5231.198797482134,523.1198797482134,4205.0,420.5,0,0,0.06258531746031745,-0.006599999999999999,0.06258531746031745,-0.006599999999999999,0.0,0.0,0.06258531746031745,0.006,0.06361534155046433,0.1375296823959947,-0.12771256543516685,0.005060958157932962,0.0006001164911488928,-0.012712164306159155,-0.0020317800971893945,-0.0012449999999999991,-0.0005467800971893947,-0.0002400000000000002,0.0,0.0,0.0,0.0,0.0,0.0006001164911488928,0.007070116491148798,0.06258531746031745,0.0006001164911488928,0.0,0.0,0.051482277266484425,0.030002740469311492,-0.009531541298113273,0.0431808343917864,-0.0023828853245283182,0.0323856257938398,0.005060958157932962,0.005060958157932962,0.46194315348476583,0.1822639273524149,0.12544323983163091,0.0,0.0,0.02617027315588546,0.0,0.0,0.006469999999999906,0.0492308343917864,-0.006049999999999999,0.0415,0.097,-0.015060971317143412,-0.006730027148296358,-0.008330944168847054,0.245138327156504,0.19664375633001327,0.04849457082649072,0.8847391605377197,0.07817453145980835,7964,6013,0,0.4849951334297657,0.8941749821106593,5,8,13977,7964,6013,0.08052257806431101,cuda,62.80029296875
36,77,200,True,1021,1021,779,503,276,92,184,0.35430038510911427,0.11810012836970475,0.2362002567394095,0.38966202783300197,2.1749502982107356,0.7284143470509152,14.875579917407178,26.571468056077748,0.662128034172414,0.49731460290685087,0.19727052628964364,0.13078941791420193,0.11419135171023918,0.48966151155960963,0.20159824042549546,0.15275483503803486,0.1200751003255664,0.0076530913472412365,-0.004327714135851812,-0.02196541712383293,-0.005883748615327214,10.664955070603337,10.664955070603337,8.166880616174582,0.4749679075738126,0.11412050340000876,0.06753933973937225,-0.0976635125418277,-0.1249960690273572,779,242,0,242,1.0,1.9255631733594516,1.9255631733594516,1.6816431322207959,94.7176353769972,52.28609998530202,-5.089774140572106,57.37587412587413,0.9185188294394744,147.0037353622992,0.047358817688498596,0.02614304999265101,0.07350186768114961,0.8021201413427562,227,163,64,56,0,158,115.3095238095238,80.9011655011655,5,51,5.0,4.0,64,0,184,92,0,92,184,0,4538.696826274484,453.8696826274484,9917.465732158707,991.7465732158707,482.16301255166127,48.21630125516613,5717.76497353758,571.776497353758,3895.0,389.5,0,0,0.05765476190476188,-0.0027500000000000003,0.05765476190476188,-0.0027500000000000003,0.0,0.0,0.05765476190476188,0.0025,0.06761842983333985,0.11805671196619463,-0.08855502088115069,0.004149445123830023,0.00022504082344534015,-0.012110923687293383,-0.00222966990747219,-0.0013799999999999984,-0.0005946699074721885,-0.0002550000000000002,0.0,0.0,0.0,0.0,0.0,0.00022504082344534015,0.006175040823445257,0.05765476190476188,0.00022504082344534015,0.0,0.0,0.04735881768849913,0.026143049992650998,-0.010179548281144212,0.038250582750582754,-0.002544887070286053,0.028687937062937062,0.004149445123830023,0.004149445123830023,0.4640144928001951,0.1546871101881668,0.11040811289371692,0.0,0.0,0.013456061294572875,0.0,0.0,0.005949999999999917,0.04045058275058276,-0.0022,0.046,0.092,-0.015060971317143412,-0.006730027148296358,-0.008330944168847054,0.245138327156504,0.19664375633001327,0.04849457082649072,0.8847391605377197,0.07817453145980835,7964,6013,0,0.4849951334297657,0.8941749821106593,5,8,13977,7964,6013,0.08052257806431101,cuda,62.80029296875
37,78,200,True,1047,1047,766,461,305,66,239,0.3981723237597911,0.08616187989556136,0.31201044386422977,0.3557483731019523,2.193058568329718,0.697845266109692,16.64014994399925,28.806102868533188,0.6437347988808152,0.49812717402834694,0.16830709882872483,0.110297470428292,0.12646071040707918,0.48943655952455684,0.17563253308801938,0.14475174748829672,0.12973575148157726,0.008690614503790106,-0.00732543425929455,-0.03445427706000473,-0.0032750410744980807,9.317232375979112,9.317232375979112,6.973890339425587,0.4516971279373368,0.14528351086820568,0.033224260256673806,-0.05249247567114549,-0.1430947358188991,766,281,0,281,1.0,1.9025787965616046,1.9025787965616046,1.7924281984334203,105.15181840320676,68.73231102708148,-3.4230731720526824,72.1553841991342,0.9547083482368393,173.88412943028823,0.052575909201603384,0.03436615551354074,0.08694206471514411,0.7949640287769785,221,160,61,57,0,159,128.53571428571425,103.9071789321789,7,50,7.0,7.0,60,0,239,66,0,66,239,0,4332.63734883278,433.263734883278,9475.82691526302,947.582691526302,460.25089366860874,46.025089366860875,5462.141173042577,546.2141173042577,3830.0,383.0,0,0,0.06426785714285713,-0.0038499999999999997,0.06426785714285713,-0.0038499999999999997,0.0,0.0,0.06426785714285713,0.0035,0.06805210375526241,0.1047902819579995,-0.07659593830912888,0.005291816233750312,0.0005381174365881877,-0.010791336083773707,-0.0016930266065355928,-0.0009900000000000009,-0.0005080266065355927,-0.00019500000000000013,0.0,0.0,0.0,0.0,0.0,0.0005381174365881877,0.0058081174365881205,0.06426785714285713,0.0005381174365881877,0.0,0.0,0.05257590920160378,0.034366155513540754,-0.006846146344105365,0.048103589466089454,-0.0017115365860263412,0.0360776920995671,0.005291816233750312,0.005291816233750312,0.4217282322401396,0.11446912578513348,0.10315916498428311,0.0,0.0,0.014704851754082524,0.0,0.0,0.005269999999999932,0.051953589466089446,-0.0038499999999999997,0.033,0.1195,-0.015060971317143412,-0.006730027148296358,-0.008330944168847054,0.245138327156504,0.19664375633001327,0.04849457082649072,0.8847391605377197,0.07817453145980835,7964,6013,0,0.4849951334297657,0.8941749821106593,5,8,13977,7964,6013,0.08052257806431101,cuda,62.80029296875
38,79,200,True,961,961,718,398,320,71,249,0.4456824512534819,0.0988857938718663,0.3467966573816156,0.2989949748743719,2.369346733668342,0.7194689252792891,14.852270861965927,31.656997981083453,0.6569379066791615,0.5467260077820352,0.20277011391692726,0.14520085360457063,0.12615854988089908,0.5376469942567935,0.2135785384590377,0.17019935221096558,0.1277550850203963,0.009079013525241653,-0.01080842454211045,-0.024998498606394942,-0.0015965351394972016,11.214484679665738,11.214484679665738,8.93175487465181,0.49303621169916434,0.2002415060374369,0.06283444381809555,-0.06011423461379353,-0.19368433607704483,718,243,0,243,1.0,1.9656607700312174,1.9656607700312174,1.850974930362117,100.61676287155449,59.57622342757428,-3.8838498324989637,63.46007326007324,0.9423281321588565,160.19298629912876,0.05030838143577724,0.02978811171378714,0.08009649314956438,0.6344086021505376,177,150,27,102,0,149,125.17142857142856,96.713431013431,11,91,11.0,11.0,26,0,249,71,1,71,249,0,4487.878885907022,448.7878885907022,9447.335187675722,944.7335187675723,404.45822890007435,40.445822890007435,5649.707352909698,564.9707352909697,3590.0,359.0,0,1,0.06258571428571427,-0.00605,0.06258571428571427,-0.00605,0.0,0.0,0.06258571428571427,0.0055,0.06442765059686872,0.10299274576360373,-0.09603927314634964,0.0024200430068369513,0.0005090500360290466,-0.009507683169408974,-0.0018735606968410838,-0.0010650000000000004,-0.0006160606968410836,-0.00019250000000000015,0.0,0.0,0.0,-0.001,-0.001,0.0005090500360290466,0.0051990500360289855,0.06158571428571427,0.0005090500360290466,0.0,0.0,0.050308381435777566,0.02978811171378715,-0.007767699664997928,0.04230671550671551,-0.001941924916249482,0.031730036630036616,0.0024200430068369513,0.0024200430068369513,0.4369702750164776,0.14249487140202685,0.10086513258131251,0.0,0.0,0.023217202674394012,0.0,0.0,0.004689999999999944,0.04835671550671551,-0.00605,0.0355,0.1245,-0.015060971317143412,-0.006730027148296358,-0.008330944168847054,0.245138327156504,0.19664375633001327,0.04849457082649072,0.8847391605377197,0.07817453145980835,7964,6013,0,0.4849951334297657,0.8941749821106593,5,8,13977,7964,6013,0.08052257806431101,cuda,62.80029296875
39,80,200,True,1026,1026,780,543,237,72,165,0.3038461538461538,0.09230769230769231,0.21153846153846154,0.34990791896869244,2.285451197053407,0.7533619997964599,14.019116615941732,31.276084770100333,0.6576754855115093,0.5508808014197464,0.2699352048790257,0.17461206875810087,0.12019814600958789,0.5490217253318808,0.28908179959361174,0.2189354516036678,0.12128235741036483,0.0018590760878656187,-0.019146594714586018,-0.044323382845566944,-0.001084211400776941,16.162820512820513,16.157692307692308,13.371794871794872,0.5884615384615385,0.11456312030774125,0.019476894940345303,-0.16299169528221097,-0.15295295182443847,780,246,0,246,1.0,1.949317738791423,1.949317738791423,1.741025641025641,101.18587507870068,57.6280364192041,-5.485445931778243,63.113482350982345,0.9200359820613003,158.81391149790477,0.05059293753935034,0.02881401820960205,0.07940695574895239,0.7517482517482518,215,171,44,71,0,171,123.26825396825399,87.45130980130978,3,68,3.0,3.0,43,0,165,72,0,72,165,0,4458.642098203519,445.8642098203519,9804.934628400224,980.4934628400224,509.6965897634518,50.96965897634518,5618.388138970201,561.8388138970201,3900.0,390.0,0,0,0.061634126984127,-0.0016500000000000002,0.061634126984127,-0.0016500000000000002,0.0,0.0,0.061634126984127,0.0015,0.07306660197794766,0.14005379035181312,-0.14916404178216028,0.0031691800711097368,0.00027817976024368656,-0.0129861014005226,-0.001870315561961548,-0.0010800000000000002,-0.0005903155619615476,-0.00020000000000000015,0.0,0.0,0.0,0.0,0.0,0.00027817976024368656,0.006428179760243599,0.061634126984127,0.00027817976024368656,0.0,0.0,0.05059293753935092,0.02881401820960205,-0.010970891863556487,0.04207565490065489,-0.0027427229658891217,0.03155674117549117,0.0031691800711097368,0.0031691800711097368,0.5136757692352956,0.20982462547927958,0.17187008226780714,0.0,0.0,0.00978112832127309,0.0,0.0,0.006149999999999913,0.04372565490065489,-0.0016500000000000002,0.036,0.0825,-0.015060971317143412,-0.006730027148296358,-0.008330944168847054,0.245138327156504,0.19664375633001327,0.04849457082649072,0.8847391605377197,0.07817453145980835,7964,6013,0,0.4849951334297657,0.8941749821106593,5,8,13977,7964,6013,0.08052257806431101,cuda,62.80029296875
40,81,200,True,911,911,689,398,291,73,218,0.4223512336719884,0.10595065312046444,0.3164005805515239,0.32663316582914576,2.314070351758794,0.7005120163137589,15.604827425587716,32.219565633665674,0.6282002961252969,0.5392553104677392,0.19004287562290928,0.14293391324214674,0.13383041953097036,0.5259378149581315,0.1935497998334842,0.1679886586065568,0.1338619831809072,0.013317495509607702,-0.003506924210574913,-0.025054745364410047,-3.15636499368388e-05,11.525399129172714,11.515239477503629,9.09433962264151,0.4949201741654572,0.13765585807622502,-0.010347167380983102,-0.08589970920484583,-0.19691994816817962,689,222,0,222,1.0,1.9989023051591657,1.9989023051591657,1.8461538461538463,102.04818061590635,60.29705307591417,-3.4340696838640286,63.73112275977817,0.948871289444372,162.3452336918205,0.05102409030795317,0.030148526537957087,0.08117261684591026,0.6989247311827957,195,160,35,84,0,155,126.84523809523806,93.20052725052724,9,75,9.0,7.477906276505784,34,0,218,73,1,73,218,0,4527.357984841848,452.7357984841848,9522.746139524503,952.2746139524503,398.7889649569563,39.87889649569563,5702.783826144991,570.278382614499,3445.0,344.5,0,1,0.06342261904761902,-0.00495,0.06342261904761902,-0.00495,0.0,0.0,0.06342261904761902,0.0045,0.06628007597697459,0.09864348378227998,-0.08301252197987505,0.0038257733397352215,0.0007199753492896803,-0.009091771578462719,-0.001905514942354228,-0.0010950000000000003,-0.0006030149423542276,-0.00020750000000000016,0.0,0.0,0.0,-0.001,-0.001,0.0007199753492896803,0.005429975349289623,0.062422619047619025,0.0007199753492896803,0.0,0.0,0.05102409030795353,0.030148526537957056,-0.006868139367728057,0.04248741517318546,-0.0017170348419320142,0.031865561379889086,0.0038257733397352215,0.0038257733397352215,0.43370888669072244,0.1346244972809408,0.1027253325337402,0.0,0.0,0.017763128236266,0.0,0.0,0.004709999999999944,0.046600263625263635,-0.004112848452078181,0.0365,0.109,-0.015060971317143412,-0.006730027148296358,-0.008330944168847054,0.245138327156504,0.19664375633001327,0.04849457082649072,0.8847391605377197,0.07817453145980835,7964,6013,0,0.4849951334297657,0.8941749821106593,5,8,13977,7964,6013,0.08052257806431101,cuda,62.80029296875
41,82,200,True,1014,1014,829,578,251,70,181,0.3027744270205066,0.08443908323281062,0.218335343787696,0.3356401384083045,2.3217993079584773,0.7470983094616332,14.262801287495966,25.908888628029597,0.6303029222190634,0.49072901499828253,0.22847167220108444,0.14967064175732228,0.11911907040265914,0.4829998725064898,0.24224850881013335,0.17676653149320218,0.11761547171649327,0.00772914249179274,-0.01377683660904891,-0.027095889735879897,0.001503598686165869,10.17611580217129,10.17611580217129,7.370325693606755,0.5512665862484921,0.06944299343293421,0.1357925770397004,-0.16861239849950527,-0.11849940852754183,829,185,0,185,1.0,1.930966469428008,1.930966469428008,1.6537997587454765,88.00032532701488,46.522389378544176,-5.597288859884054,52.11967823842823,0.9030217778014928,134.52271470555905,0.04400016266350744,0.02326119468927209,0.06726135735277952,0.875886524822695,247,163,84,35,0,158,106.5666666666666,72.79290431790433,3,32,3.0,3.0,83,0,181,70,0,70,181,0,4741.9741416491,474.19741416490996,10334.685680000326,1033.4685680000325,485.63520337079495,48.563520337079495,5973.5431993347365,597.3543199334737,4145.0,414.5,0,0,0.0532833333333333,-0.0016500000000000002,0.0532833333333333,-0.0016500000000000002,0.0,0.0,0.0532833333333333,0.0015,0.06757121807738065,0.13067771717025106,-0.10975236206498333,0.003941707359833156,0.0003874799842038264,-0.013247821421774159,-0.0018038146820542507,-0.0010500000000000006,-0.0005638146820542508,-0.00019000000000000015,0.0,0.0,0.0,0.0,0.0,0.0003874799842038264,0.006867479984203727,0.0532833333333333,0.0003874799842038264,0.0,0.0,0.044000162663508036,0.023261194689272107,-0.011194577719768107,0.034746452158952175,-0.0027986444299420267,0.026059839119214116,0.003941707359833156,0.003941707359833156,0.48040990725073923,0.1621471872126928,0.1361463087258178,0.0,0.0,0.009479875082526483,0.0,0.0,0.006479999999999906,0.03639645215895218,-0.0016500000000000002,0.035,0.0905,-0.008302092854495322,-0.005983735144966178,-0.0023183577095291443,0.16631214932819444,0.1363592815068033,0.02995286782139114,0.9313569068908691,0.07929813861846924,8232,6710,0,0.4307312574651506,0.9020021438598633,6,8,14942,8232,6710,0.0731361429763733,cuda,67.7724609375
42,83,200,True,1006,1006,828,497,331,75,256,0.3997584541062802,0.09057971014492754,0.30917874396135264,0.2796780684104628,2.398390342052314,0.7405579094915563,14.226908154170998,30.113765809137817,0.616020212367236,0.5563770242380185,0.19157861065966503,0.1209250430949407,0.1486130916893902,0.5461451882567684,0.198006025343099,0.16015496375521746,0.13632398998548448,0.010231835981250104,-0.0064274146834339685,-0.03922992066027675,0.012289101703905708,11.964975845410628,11.964975845410628,9.506038647342995,0.5241545893719807,0.12790222531266893,0.03342462040073712,-0.06343054930109424,-0.044473634598873386,828,178,0,178,1.0,1.9324055666003976,1.9324055666003976,1.7294685990338163,96.70503308982745,52.64635926638481,-4.5429545448039965,57.18931381118878,0.9264087540311001,149.35139235621227,0.04835251654491372,0.026323179633192407,0.07467569617810614,0.7632508833922261,216,165,51,67,0,158,117.78095238095236,85.05241841491844,8,59,8.0,8.0,51,0,256,75,0,75,256,0,4654.67310547164,465.467310547164,10081.864540962453,1008.1864540962454,437.0910424394651,43.70910424394651,5864.074143482094,586.4074143482094,4140.0,414.0,0,0,0.05889047619047619,-0.004399999999999999,0.05889047619047619,-0.004399999999999999,0.0,0.0,0.05889047619047619,0.004,0.06759333930450993,0.1248311078798569,-0.10598425367735569,0.003372044905057544,0.00048067796266404667,-0.01113316530351987,-0.001900810270918396,-0.001125,-0.0005783102709183952,-0.00019750000000000014,0.0,0.0,0.0,0.0,0.0,0.00048067796266404667,0.0062006779626639676,0.05889047619047619,0.00048067796266404667,0.0,0.0,0.048352516544914216,0.026323179633192424,-0.009085909089607993,0.03812620920745923,-0.002271477272401998,0.02859465690559439,0.003372044905057544,0.003372044905057544,0.4767351268234823,0.14732668967196838,0.12273470543262059,0.0,0.0,0.012897116808904284,0.0,0.0,0.005719999999999922,0.042526209207459205,-0.004399999999999999,0.0375,0.128,-0.008302092854495322,-0.005983735144966178,-0.0023183577095291443,0.16631214932819444,0.1363592815068033,0.02995286782139114,0.9313569068908691,0.07929813861846924,8232,6710,0,0.4307312574651506,0.9020021438598633,6,8,14942,8232,6710,0.0731361429763733,cuda,67.7724609375
43,84,200,True,1016,1016,837,473,364,62,302,0.4348864994026284,0.07407407407407407,0.36081242532855434,0.3890063424947146,2.145877378435518,0.7542051935044706,14.112106532929564,30.461110186123193,0.6075722393224136,0.5205863903239212,0.1996454283925872,0.08337684215910843,0.13471409891501668,0.5060871958606591,0.19920307295062198,0.10698048628071209,0.1329292181375226,0.014499194463262088,0.0004423554419652198,-0.023603644121603665,0.0017848807774940856,9.611708482676224,9.611708482676224,7.4635603345280765,0.44802867383512546,0.13083205665695402,0.019244762074762296,-0.09154386918223348,-0.07094248182681154,837,179,0,179,1.0,1.9419291338582678,1.9419291338582678,1.7287933094384706,99.89476321469616,60.21749566025138,-4.171492434986712,64.38898809523806,0.9391560210382756,160.11225887494754,0.04994738160734808,0.03010874783012569,0.08005612943747377,0.7898550724637681,218,154,64,58,0,152,121.99999999999997,91.3519841269841,5,53,5.0,5.0,62,0,302,62,0,62,302,0,4607.548790129305,460.75487901293053,9943.338450206118,994.3338450206118,411.00480585808054,41.10048058580806,5803.581671808288,580.3581671808288,4185.0,418.5,0,0,0.060999999999999985,-0.00275,0.060999999999999985,-0.00275,0.0,0.0,0.060999999999999985,0.0025,0.06568793024838968,0.11044322303085324,-0.09172680189328389,0.003437819953993917,0.0003869080367402638,-0.010450242526649316,-0.0015695412179454792,-0.0009300000000000007,-0.000482041217945479,-0.00015750000000000011,0.0,0.0,0.0,0.0,0.0,0.0003869080367402638,0.005736908036740191,0.060999999999999985,0.0003869080367402638,0.0,0.0,0.04994738160734844,0.030108747830125678,-0.008342984869973424,0.042925992063492055,-0.002085746217493356,0.03219449404761903,0.003437819953993917,0.003437819953993917,0.4436287407719719,0.13213576793770074,0.07682861238846948,0.0,0.0,0.010115237358039856,0.0,0.0,0.00534999999999993,0.045675992063492044,-0.00275,0.031,0.151,-0.008302092854495322,-0.005983735144966178,-0.0023183577095291443,0.16631214932819444,0.1363592815068033,0.02995286782139114,0.9313569068908691,0.07929813861846924,8232,6710,0,0.4307312574651506,0.9020021438598633,6,8,14942,8232,6710,0.0731361429763733,cuda,67.7724609375
44,85,200,True,1086,1086,891,550,341,103,238,0.38271604938271603,0.11560044893378227,0.2671156004489338,0.3472727272727273,2.230909090909091,0.7768204100023617,13.497804548090155,29.9605154653029,0.63484773078641,0.5486804036660627,0.25054906600578264,0.14638684609735553,0.13252581779929726,0.5491033724221316,0.2638852241059596,0.19794742781055075,0.1298153303597461,-0.0004229687560688422,-0.013336158100176965,-0.05156058171319522,0.002710487439551157,12.950617283950617,12.950617283950617,10.361391694725029,0.5622895622895623,0.10548215817858837,0.03610939748439746,-0.07736046695318731,-0.14738559255871272,891,195,0,195,1.0,1.8342541436464088,1.8342541436464088,1.6083052749719415,81.32859306375309,44.884916683575646,-4.9557062351722845,49.84062291874791,0.9095613463220875,126.21350974732874,0.040664296531876545,0.022442458341787822,0.06310675487366438,0.8207885304659498,229,159,70,50,0,158,98.35000000000001,69.75416389166391,3,47,3.0,3.0,68,0,238,103,0,103,238,0,4308.822935796598,430.88229357965986,9423.719207366457,942.3719207366457,463.6801433136898,46.36801433136898,5426.144254763317,542.6144254763317,4455.0,445.5,0,0,0.049175,-0.0016500000000000002,0.049175,-0.0016500000000000002,0.0,0.0,0.049175,0.0015,0.06771477785285174,0.14875055307020615,-0.15760257121518295,0.004775376022214516,9.148265938277238e-05,-0.01269695460622707,-0.0026588988203700378,-0.0015449999999999973,-0.0008088988203700386,-0.0003050000000000002,0.0,0.0,0.0,0.0,0.0,9.148265938277238e-05,0.0066214826593826775,0.049175,9.148265938277238e-05,0.0,0.0,0.040664296531876934,0.0224424583417878,-0.009911412470344569,0.033227081945831974,-0.002477853117586142,0.024920311459373956,0.004775376022214516,0.004775376022214516,0.47973170666138987,0.18799173925975732,0.1401778828763327,0.0,0.0,0.006515912581114234,0.0,0.0,0.006529999999999905,0.034877081945831966,-0.0016500000000000002,0.0515,0.119,-0.008302092854495322,-0.005983735144966178,-0.0023183577095291443,0.16631214932819444,0.1363592815068033,0.02995286782139114,0.9313569068908691,0.07929813861846924,8232,6710,0,0.4307312574651506,0.9020021438598633,6,8,14942,8232,6710,0.0731361429763733,cuda,67.7724609375
45,86,200,True,1079,1079,881,637,244,103,141,0.27695800227014755,0.11691259931895573,0.16004540295119182,0.3987441130298273,2.141287284144427,0.742123506600666,14.25656501764031,26.92214244089471,0.6126320753312795,0.5134906147722172,0.25071081122620326,0.12966444643047673,0.13161924746022027,0.5045332715406523,0.25605597486646386,0.16791777971881958,0.13032896750646072,0.00895734323156494,-0.005345163640260608,-0.03825333328834285,0.0012902799537595488,12.986379114642451,12.986379114642451,10.238365493757094,0.5459704880817253,0.17196310430389575,0.07913583065223868,-0.1369814964460223,-0.07483853280186499,881,198,0,198,1.0,1.8063021316033365,1.8063021316033365,1.5777525539160044,92.6546144566151,44.42438592972371,-5.589258758920981,50.013644688644675,0.8994790125628649,137.0790003863388,0.04632730722830755,0.022212192964861856,0.0685395001931694,0.8109090909090909,223,158,65,52,0,152,112.03809523809525,71.08485958485959,6,46,6.0,4.0,65,0,141,103,0,103,141,0,4326.267442163808,432.62674421638076,9557.739888686398,955.7739888686398,523.4072605890015,52.340726058900145,5450.952584999764,545.0952584999765,4405.0,440.5,0,0,0.056019047619047635,-0.0033,0.056019047619047635,-0.0033,0.0,0.0,0.056019047619047635,0.003,0.06505054384573773,0.1595729571319101,-0.14808210245209322,0.005288882465632707,0.00016034566534716427,-0.014190786613616328,-0.0026112487040695653,-0.0015449999999999973,-0.0007712487040695629,-0.00029500000000000023,0.0,0.0,0.0,0.0,0.0,0.00016034566534716427,0.0075603456653470505,0.056019047619047635,0.00016034566534716427,0.0,0.0,0.04632730722830826,0.02221219296486188,-0.011178517517841963,0.0333424297924298,-0.0027946293794604907,0.025006822344322336,0.005288882465632707,0.005288882465632707,0.48890751286240447,0.1933987234600774,0.14751579130860182,0.0,0.0,0.00861815858075885,0.0,0.0,0.007399999999999887,0.03554242979242981,-0.0022,0.0515,0.0705,-0.008302092854495322,-0.005983735144966178,-0.0023183577095291443,0.16631214932819444,0.1363592815068033,0.02995286782139114,0.9313569068908691,0.07929813861846924,8232,6710,0,0.4307312574651506,0.9020021438598633,6,8,14942,8232,6710,0.0731361429763733,cuda,67.7724609375
46,87,200,True,1039,1039,834,533,301,79,222,0.3609112709832134,0.09472422062350119,0.26618705035971224,0.39587242026266417,2.148217636022514,0.710804680330892,15.325409651249927,26.91041251193006,0.6161723324441916,0.48437634261419354,0.17854688638789792,0.11538238005492465,0.12609720949999165,0.4749568730984128,0.18857705461186328,0.14439577484934976,0.12260229065385254,0.009419469515780765,-0.010030168223965352,-0.029013394794425107,0.003494918846139103,9.612709832134293,9.612709832134293,7.248201438848921,0.44244604316546765,0.1513507345204253,0.1222757167041399,-0.07763502544009238,-0.07332273155795042,834,205,0,205,1.0,1.9201154956689124,1.9201154956689124,1.7422062350119905,102.6673462165086,61.91818094297196,-4.607693182902181,66.52587412587411,0.9352247700034342,164.58552715948056,0.051333673108254305,0.03095909047148598,0.08229276357974027,0.7877697841726619,219,159,60,59,0,158,125.01190476190474,99.70116550116548,10,49,10.0,10.0,60,0,222,79,0,79,222,0,4432.935256588108,443.29352565881084,9706.377652127736,970.6377652127736,481.2216645525798,48.12216645525798,5585.264118579387,558.5264118579387,4170.0,417.0,0,0,0.06250595238095238,-0.0055,0.06250595238095238,-0.0055,0.0,0.0,0.06250595238095238,0.005,0.06778369257169312,0.12338760538295385,-0.08704208113330344,0.004378789279367317,0.0005245560174621054,-0.011942540142157308,-0.0019573352094199832,-0.0011849999999999996,-0.0005523352094199837,-0.00022000000000000017,0.0,0.0,0.0,0.0,0.0,0.0005245560174621054,0.006644556017462019,0.06250595238095238,0.0005245560174621054,0.0,0.0,0.051333673108254964,0.030959090471485956,-0.009215386365804362,0.04435058275058274,-0.0023038465914510904,0.03326293706293706,0.004378789279367317,0.004378789279367317,0.44774055443756433,0.13895750712509594,0.10757027768396722,0.0,0.0,0.01772706419257144,0.0,0.0,0.006119999999999914,0.04985058275058273,-0.0055,0.0395,0.111,-0.008302092854495322,-0.005983735144966178,-0.0023183577095291443,0.16631214932819444,0.1363592815068033,0.02995286782139114,0.9313569068908691,0.07929813861846924,8232,6710,0,0.4307312574651506,0.9020021438598633,6,8,14942,8232,6710,0.0731361429763733,cuda,67.7724609375
47,88,200,True,959,959,774,494,280,68,212,0.36175710594315247,0.08785529715762273,0.2739018087855297,0.3603238866396761,2.117408906882591,0.7185512267445263,15.153052499902394,25.577122845147784,0.6394199217128358,0.4882923350763707,0.2136510934243318,0.10041785066068806,0.1240931586268158,0.4762677989507976,0.21669999428606226,0.12711328021740834,0.12484446765952989,0.012024536125573082,-0.003048900861730458,-0.026695429556720274,-0.000751309032714087,9.689922480620154,9.585271317829458,7.174418604651163,0.4444444444444444,0.1294478072469817,0.09340503596863928,-0.10875885791541326,-0.04772953359325815,774,185,0,185,1.0,2.062565172054223,2.062565172054223,1.8527131782945736,111.07670192297482,67.18851346915368,-4.289760340370138,71.4782738095238,0.9433829795308719,178.26521539212848,0.05553835096148741,0.03359425673457684,0.08913260769606424,0.8133802816901409,231,174,57,53,0,171,135.80952380952374,98.60436507936507,5,48,5.0,3.0,57,0,212,68,0,68,212,0,4899.207578144654,489.9207578144654,10608.802962068501,1060.88029620685,457.95016019826915,45.79501601982692,6172.552025748112,617.2552025748112,3870.0,387.0,0,0,0.06790476190476188,-0.00275,0.06790476190476188,-0.00275,0.0,0.0,0.06790476190476188,0.0025,0.0735928852549314,0.11055443366514797,-0.07901061392201626,0.00434205155685225,0.00045270718838933506,-0.011486306931968341,-0.0018653895920080453,-0.0010200000000000007,-0.0006528895920080453,-0.00019250000000000015,0.0,0.0,0.0,0.0,0.0,0.00045270718838933506,0.00607270718838926,0.06790476190476188,0.00045270718838933506,0.0,0.0,0.05553835096148804,0.03359425673457686,-0.008579520680740275,0.047652182539682536,-0.0021448801701850688,0.0357391369047619,0.00434205155685225,0.00434205155685225,0.4551734758116228,0.14456752128765973,0.08618184554018518,0.0,0.0,0.011286958218823293,0.0,0.0,0.0056199999999999245,0.049302182539682535,-0.0016500000000000002,0.034,0.106,-0.008302092854495322,-0.005983735144966178,-0.0023183577095291443,0.16631214932819444,0.1363592815068033,0.02995286782139114,0.9313569068908691,0.07929813861846924,8232,6710,0,0.4307312574651506,0.9020021438598633,6,8,14942,8232,6710,0.0731361429763733,cuda,67.7724609375
48,89,200,True,1033,1033,836,556,280,75,205,0.3349282296650718,0.08971291866028708,0.2452153110047847,0.3920863309352518,2.172661870503597,0.7450062726094997,14.354409758135569,27.717591200372297,0.6480771166303554,0.531848104389237,0.2108633135237711,0.1350446351177374,0.12426875469529425,0.5280146883706823,0.2305906143980838,0.16356291100525183,0.12917756323247023,0.0038334160185546917,-0.01972730087431268,-0.028518275887514433,-0.004908808537175985,13.025119617224881,13.025119617224881,10.502392344497608,0.5251196172248804,0.22367128562387958,0.06690406283597941,-0.030052414477823433,-0.12641900963695163,836,197,0,197,1.0,1.9002904162633107,1.9002904162633107,1.694976076555024,79.738576608838,40.31009239113934,-5.79844386427196,46.108536255411224,0.8882916353272268,120.04866899997734,0.039869288304419,0.02015504619556967,0.06002433449998867,0.8070175438596491,230,166,64,55,0,161,96.39285714285711,68.07804834054835,6,49,6.0,6.0,64,0,205,75,0,75,205,0,4582.2183918754645,458.22183918754644,10007.312614786782,1000.7312614786782,481.78086031597076,48.178086031597076,5772.789571314317,577.2789571314318,4180.0,418.0,0,0,0.048196428571428536,-0.0033,0.048196428571428536,-0.0033,0.0,0.0,0.048196428571428536,0.003,0.06890105223258179,0.13415530690595076,-0.12351642938124181,0.003242772993604368,0.0002507272363806224,-0.013102940986144916,-0.001895990173812952,-0.001125,-0.0005659901738129527,-0.00020500000000000016,0.0,0.0,0.0,0.0,0.0,0.0002507272363806224,0.006560727236380531,0.048196428571428536,0.0002507272363806224,0.0,0.0,0.03986928830441945,0.02015504619556962,-0.01159688772854392,0.03073902417027421,-0.00289922193213598,0.023054268127705613,0.003242772993604368,0.003242772993604368,0.48309194713008047,0.1728812500870208,0.12315924032896342,0.0,0.0,0.010224500531186613,0.0,0.0,0.00630999999999991,0.034039024170274206,-0.0033,0.0375,0.1025,-0.008302092854495322,-0.005983735144966178,-0.0023183577095291443,0.16631214932819444,0.1363592815068033,0.02995286782139114,0.9313569068908691,0.07929813861846924,8232,6710,0,0.4307312574651506,0.9020021438598633,6,8,14942,8232,6710,0.0731361429763733,cuda,67.7724609375
49,90,200,True,989,989,849,564,285,67,218,0.33568904593639576,0.07891637220259129,0.25677267373380447,0.4308510638297872,2.0620567375886525,0.7310312199043044,14.767740811016543,24.312631494610024,0.6292874123717423,0.4708293461313484,0.2041132085038521,0.07117166971467462,0.12448745080210427,0.45731674269475836,0.21026414790164336,0.09801855977812075,0.12222216364181211,0.013512603436590054,-0.006150939397791266,-0.026846890063446135,0.0022652871602921593,9.237926972909305,9.237926972909305,6.878680800942285,0.44405182567726736,0.1452250527396181,0.08505548168839505,-0.08351946699233961,-0.10321276088693325,849,140,0,140,1.0,1.9797775530839232,1.9797775530839232,1.7267373380447586,105.3040472005203,60.050297218462696,-5.1473218291563425,65.19761904761903,0.9268274055674735,165.354344418983,0.05265202360026015,0.030025148609231347,0.0826771722094915,0.7689530685920578,213,166,47,64,0,161,128.24999999999997,93.53015873015873,6,58,6.0,6.0,47,0,218,67,0,67,218,0,4823.4568857437525,482.34568857437523,10448.07016181515,1044.807016181515,473.17812115300023,47.31781211530002,6072.657004803406,607.2657004803407,4245.0,424.5,0,0,0.064125,-0.0033000000000000004,0.064125,-0.0033000000000000004,0.0,0.0,0.064125,0.003,0.06892869363177881,0.12082308953690206,-0.08304457536987915,0.003752650909551835,0.0004501180013006078,-0.012906112749134276,-0.0017012789440354614,-0.0010050000000000007,-0.0005162789440354614,-0.00018000000000000012,0.0,0.0,0.0,0.0,0.0,0.0004501180013006078,0.006760118001300512,0.064125,0.0004501180013006078,0.0,0.0,0.05265202360026085,0.03002514860923133,-0.010294643658312685,0.04346507936507935,-0.002573660914578171,0.032598809523809516,0.003752650909551835,0.003752650909551835,0.45355714968517824,0.14910585480858138,0.07123400534385876,0.0,0.0,0.017736445086378217,0.0,0.0,0.00630999999999991,0.04676507936507936,-0.0033000000000000004,0.0335,0.109,-0.011593116421644236,-0.007278819175230132,-0.0043142972464141035,0.16472837820737846,0.13128668914238611,0.03344168906499233,0.9404944777488708,0.09298908710479736,8320,7107,0,0.3768039955033196,0.8226218215056829,7,8,15427,8320,7107,0.07735529925535728,cuda,70.70361328125
50,91,200,True,1033,1033,863,565,298,75,223,0.34530706836616454,0.08690614136732329,0.25840092699884126,0.3823008849557522,2.1415929203539825,0.7254515646833234,14.639224886261257,25.25118408082465,0.6069897150088708,0.5148898616565012,0.22117357509853566,0.10383326002124664,0.14022519233908537,0.5042173795731721,0.233146465902703,0.14583144387419839,0.13514387432024277,0.010672482083329049,-0.01197289080416733,-0.041998183852951745,0.0050813180188425955,11.952491309385863,11.952491309385863,9.369640787949015,0.5399768250289687,0.10580593290920803,0.03452012321948648,-0.13617817026834317,-0.05202254861452216,863,170,0,170,1.0,1.9264278799612777,1.9264278799612777,1.66396292004635,95.451888762823,57.34022808030405,-5.221186852802094,62.561414933106114,0.9229715780268622,152.79211684312705,0.0477259443814115,0.028670114040152024,0.07639605842156352,0.8629629629629629,233,166,67,37,0,165,115.9047619047619,86.71521991080817,4,33,4.0,3.0,67,0,223,75,0,75,223,0,4551.344849100972,455.1344849100972,9919.66812384858,991.966812384858,465.58704208668496,46.558704208668495,5734.20540928241,573.420540928241,4315.0,431.5,0,0,0.05795238095238095,-0.0022,0.05795238095238095,-0.0022,0.0,0.0,0.05795238095238095,0.002,0.07048036564511001,0.13759316159736754,-0.11433521117490061,0.0034700776575812063,0.0004201980975335667,-0.012470879611492269,-0.002002614477942195,-0.001125,-0.0006676144779421945,-0.00021000000000000017,0.0,0.0,0.0,0.0,0.0,0.0004201980975335667,0.006820198097533475,0.05795238095238095,0.0004201980975335667,0.0,0.0,0.047725944381412116,0.02867011404015202,-0.010442373705604188,0.04170760995540409,-0.002610593426401047,0.03128070746655306,0.0034700776575812063,0.0034700776575812063,0.4660609838715834,0.14777021633651274,0.11058589899475914,0.0,0.0,0.011757853543043446,0.0,0.0,0.006399999999999908,0.04335760995540409,-0.0016500000000000002,0.0375,0.1115,-0.011593116421644236,-0.007278819175230132,-0.0043142972464141035,0.16472837820737846,0.13128668914238611,0.03344168906499233,0.9404944777488708,0.09298908710479736,8320,7107,0,0.3768039955033196,0.8226218215056829,7,8,15427,8320,7107,0.07735529925535728,cuda,70.70361328125
51,92,200,True,1079,1079,922,601,321,81,240,0.3481561822125813,0.0878524945770065,0.2603036876355748,0.37104825291181365,2.1597337770382694,0.7165651394057393,15.10461002260992,28.40329239769109,0.6029635042751835,0.5251142149806618,0.24031749188267748,0.10389481722524455,0.13897509742435224,0.5131637476843328,0.25003597286751433,0.1443119004662048,0.130313125034537,0.011950467296328982,-0.009718480984836853,-0.040417083240960244,0.008661972389815253,12.959869848156183,12.949023861171366,10.399132321041215,0.5075921908893709,0.22063958870633776,0.09986670736742863,-0.11286596000529925,-0.05806105465392252,922,157,0,157,1.0,1.8211306765523634,1.8211306765523634,1.619305856832972,86.98591295534116,47.150099164155115,-5.190972264416285,52.341071428571425,0.9097725036135125,134.13601211949629,0.04349295647767058,0.023575049582077557,0.06706800605974814,0.7730496453900709,218,152,66,64,0,148,105.03571428571426,78.58809523809524,9,55,9.0,8.0,65,0,240,81,0,81,240,0,4361.121332726708,436.1121332726708,9541.951010821673,954.1951010821673,471.7279351102338,47.17279351102338,5491.991603288842,549.1991603288842,4610.0,461.0,0,0,0.05251785714285713,-0.0049499999999999995,0.05251785714285713,-0.0049499999999999995,0.0,0.0,0.05251785714285713,0.0045,0.06350923410013705,0.1558525310503204,-0.15227798596934786,0.0044477048668843285,0.0005733538169243998,-0.013177493310961023,-0.0021618063088448746,-0.0012149999999999995,-0.0007143063088448745,-0.00023250000000000018,0.0,0.0,0.0,0.0,0.0,0.0005733538169243998,0.007393353816924299,0.05251785714285713,0.0005733538169243998,0.0,0.0,0.0434929564776713,0.023575049582077564,-0.01038194452883257,0.03489404761904763,-0.0025954861322081426,0.026170535714285712,0.0044477048668843285,0.0044477048668843285,0.46663975077073094,0.15915968058806904,0.09926699365493437,0.0,0.0,0.013586363911302753,0.0,0.0,0.006819999999999899,0.03929404761904762,-0.004399999999999999,0.0405,0.12,-0.011593116421644236,-0.007278819175230132,-0.0043142972464141035,0.16472837820737846,0.13128668914238611,0.03344168906499233,0.9404944777488708,0.09298908710479736,8320,7107,0,0.3768039955033196,0.8226218215056829,7,8,15427,8320,7107,0.07735529925535728,cuda,70.70361328125
52,93,200,True,1014,1014,847,484,363,50,313,0.42857142857142855,0.0590318772136954,0.3695395513577332,0.44008264462809915,2.043388429752066,0.7374987770025888,14.504596450112082,29.33933966834683,0.6068616516035832,0.5160897471133835,0.21741691839781183,0.06594058920336841,0.1444073033726905,0.5046997436684025,0.22737812466076612,0.085246251338962,0.1362467884886548,0.011390003444980978,-0.009961206262954297,-0.019305662135593593,0.008160514884035713,10.14521841794569,10.14521841794569,8.149940968122786,0.39315230224321135,0.16440110718672696,0.09631472634105763,-0.07609367038726178,-0.12369918656721908,847,167,0,167,1.0,1.9635108481262327,1.9635108481262327,1.7355371900826446,109.70508422527509,66.19214177794436,-3.824822507769952,70.01696428571427,0.9482024653809237,175.89722600321943,0.05485254211263754,0.03309607088897218,0.08794861300160972,0.7295373665480427,205,153,52,76,0,152,134.0595238095238,106.55595238095236,13,63,13.0,12.0,51,0,313,50,0,50,313,0,4627.2885168203065,462.72885168203067,10012.814464531411,1001.2814464531411,435.7735590243378,43.57735590243378,5827.3778018105295,582.7377801810529,4235.0,423.5,0,0,0.0670297619047619,-0.007149999999999998,0.0670297619047619,-0.007149999999999998,0.0,0.0,0.0670297619047619,0.0065,0.0659152158995127,0.11709407660173118,-0.08146174326209256,0.004360921824833916,0.0008036629441398085,-0.01068076506096115,-0.0013614698118668772,-0.0007500000000000006,-0.0004764698118668773,-0.00013500000000000008,0.0,0.0,0.0,0.0,0.0,0.0008036629441398085,0.006143662944139738,0.0670297619047619,0.0008036629441398085,0.0,0.0,0.054852542112638035,0.03309607088897218,-0.0076496450155399045,0.046677976190476186,-0.0019124112538849761,0.035008482142857136,0.004360921824833916,0.004360921824833916,0.43169085688478814,0.13656336284383186,0.05585246643908355,0.0,0.0,0.027583408073800834,0.0,0.0,0.005339999999999931,0.05327797619047618,-0.006599999999999999,0.025,0.1565,-0.011593116421644236,-0.007278819175230132,-0.0043142972464141035,0.16472837820737846,0.13128668914238611,0.03344168906499233,0.9404944777488708,0.09298908710479736,8320,7107,0,0.3768039955033196,0.8226218215056829,7,8,15427,8320,7107,0.07735529925535728,cuda,70.70361328125
53,94,200,True,1119,1119,971,604,367,72,295,0.3779608650875386,0.07415036045314109,0.3038105046343975,0.3824503311258278,2.185430463576159,0.7415332274375767,14.97850369617639,29.916037958978816,0.6285432500789591,0.5259104195168082,0.22544388627843154,0.10199151841757066,0.1351517747828601,0.5187732504545063,0.24053063578071035,0.13914034237918624,0.1317050649833847,0.007137169062301885,-0.015086749502278812,-0.037148823961615576,0.0034467097994754226,12.018537590113285,12.018537590113285,9.699279093717816,0.4572605561277034,0.12969667516199665,0.0072994380997292545,-0.17059843805786495,-0.06849876974132382,971,148,0,148,1.0,1.773011617515639,1.773011617515639,1.5303810504634399,81.33112607416709,42.64836236552245,-5.741786379241771,48.39014874476418,0.8939297779381351,123.97948843968953,0.040665563037083546,0.021324181182761227,0.06198974421984477,0.855072463768116,236,148,88,40,0,146,98.16666666666663,66.084126984127,2,38,2.0,1.421753325249755,86,0,295,72,0,72,295,0,4278.107304878952,427.8107304878952,9366.806854091776,936.6806854091776,472.6003544932878,47.26003544932878,5385.382043305163,538.5382043305164,4855.0,485.5,0,0,0.04908333333333331,-0.0011,0.04908333333333331,-0.0011,0.0,0.0,0.04908333333333331,0.001,0.0628050318493363,0.15094434702544934,-0.1404930926702577,0.0037095407408997885,0.00023448185208427606,-0.013805095394911092,-0.001801390058718339,-0.0010800000000000002,-0.000516390058718339,-0.00020500000000000013,0.0,0.0,0.0,0.0,0.0,0.00023448185208427606,0.006994481852084176,0.04908333333333331,0.00023448185208427606,0.0,0.0,0.04066556303708401,0.021324181182761224,-0.01148357275848354,0.03226009916317613,-0.002870893189620885,0.02419507437238209,0.0037095407408997885,0.0037095407408997885,0.4568655671514633,0.1583026857618872,0.10122667822621262,0.0,0.0,0.0067614058243908514,0.0,0.0,0.006759999999999901,0.03304206349206349,-0.0007819643288873654,0.036,0.1475,-0.011593116421644236,-0.007278819175230132,-0.0043142972464141035,0.16472837820737846,0.13128668914238611,0.03344168906499233,0.9404944777488708,0.09298908710479736,8320,7107,0,0.3768039955033196,0.8226218215056829,7,8,15427,8320,7107,0.07735529925535728,cuda,70.70361328125
54,95,200,True,1089,1089,930,586,344,88,256,0.36989247311827955,0.09462365591397849,0.2752688172043011,0.3242320819112628,2.28839590443686,0.7583825483969047,13.811499633072993,30.788127838649846,0.6353190299875954,0.5598918851528558,0.22408069593278826,0.1044065499743415,0.13847788361158642,0.5495680291650645,0.23109386652015124,0.14334808294852058,0.13678887676695559,0.010323855987791286,-0.007013170587362977,-0.038941532974179086,0.0016890068446308304,13.396774193548387,13.396774193548387,10.794623655913979,0.5548387096774193,0.15902629276223057,0.06234921034825329,-0.053516535956642304,-0.11000019722618165,930,159,0,159,1.0,1.8255280073461893,1.8255280073461893,1.578494623655914,87.50212561412496,40.285356428523215,-5.69420858748398,45.97956501600723,0.8898046689762317,127.78748204264818,0.04375106280706248,0.02014267821426161,0.06389374102132409,0.8153310104529616,234,155,79,53,0,153,105.8690476190476,69.12689810189815,10,43,10.0,7.109828558080415,77,0,256,88,0,88,256,0,4270.92519372328,427.092519372328,9382.223672185157,938.2223672185157,483.9052277466899,48.39052277466899,5379.984686167932,537.9984686167932,4650.0,465.0,0,0,0.052934523809523806,-0.005500000000000002,0.052934523809523806,-0.005500000000000002,0.0,0.0,0.052934523809523806,0.005,0.06546491217487894,0.15779596238183188,-0.15478704125443593,0.004017519248474573,0.0002772187972172172,-0.013538070953958143,-0.002339361617420245,-0.0013199999999999987,-0.000779361617420245,-0.0002400000000000002,0.0,0.0,0.0,0.0,0.0,0.0002772187972172172,0.0070172187972171165,0.052934523809523806,0.0002772187972172172,0.0,0.0,0.04375106280706304,0.020142678214261606,-0.01138841717496796,0.030653043344004854,-0.00284710429374199,0.022989782508003615,0.004017519248474573,0.004017519248474573,0.4803924565188296,0.1695348264830394,0.10204443401916077,0.0,0.0,0.013409674193787998,0.0,0.0,0.006739999999999901,0.034563449050949074,-0.003910405706944228,0.044,0.128,-0.011593116421644236,-0.007278819175230132,-0.0043142972464141035,0.16472837820737846,0.13128668914238611,0.03344168906499233,0.9404944777488708,0.09298908710479736,8320,7107,0,0.3768039955033196,0.8226218215056829,7,8,15427,8320,7107,0.07735529925535728,cuda,70.70361328125
55,96,200,True,998,998,849,524,325,71,254,0.3828032979976443,0.08362779740871613,0.29917550058892817,0.41030534351145037,2.177480916030534,0.7351663064865666,14.676733708563651,29.444854384160223,0.6311409028314982,0.5474352385308451,0.23192282803783207,0.07019786171895942,0.1411534742743687,0.5253311668074768,0.230236460332126,0.0971099898380846,0.13954406449898282,0.022104071723368257,0.001686367705706071,-0.026912128119125175,0.0016094097753858727,11.66077738515901,11.66077738515901,9.341578327444052,0.48056537102473496,0.1539546821842073,-0.053387410379884565,-0.11552801509000582,-0.08885709249475957,849,149,0,149,1.0,1.9879759519038076,1.9879759519038076,1.7856301531213192,121.63362090691538,67.19293858808734,-4.719542680643904,71.91248126873126,0.9384129188110478,188.82655949500273,0.060816810453457694,0.033596469294043675,0.09441327974750137,0.7198581560283688,203,165,38,79,1,163,148.89285714285714,110.18330835830832,13,66,13.0,13.0,38,0,254,71,0,71,254,0,4588.615769127903,458.8615769127903,10019.731257175528,1001.9731257175529,481.1402341964224,48.11402341964224,5781.191412561112,578.1191412561112,4245.0,424.5,0,0,0.07444642857142857,-0.00715,0.07444642857142857,-0.00715,0.0,0.0,0.07444642857142857,0.0065,0.06981950544651735,0.129790132611861,-0.11882739673784307,0.004142466761109779,0.00034833798157411024,-0.012026103017072657,-0.0018351931864137127,-0.0010650000000000004,-0.0005776931864137132,-0.00019250000000000015,0.0,0.0,0.0,0.0,0.0,0.00034833798157411024,0.006298337981574028,0.07444642857142857,0.00034833798157411024,0.0,0.0,0.0608168104534582,0.03359646929404373,-0.009439085361287807,0.047941654179154164,-0.0023597713403219517,0.03595624063436563,0.004142466761109779,0.004142466761109779,0.45360400080639524,0.15591353782624004,0.06504924042596044,0.0,0.0,0.016215272782862868,0.0,0.0,0.005949999999999917,0.05509165417915417,-0.00715,0.0355,0.127,-0.011593116421644236,-0.007278819175230132,-0.0043142972464141035,0.16472837820737846,0.13128668914238611,0.03344168906499233,0.9404944777488708,0.09298908710479736,8320,7107,0,0.3768039955033196,0.8226218215056829,7,8,15427,8320,7107,0.07735529925535728,cuda,70.70361328125
56,97,200,True,999,999,876,555,321,79,242,0.3664383561643836,0.09018264840182648,0.2762557077625571,0.43243243243243246,2.1171171171171173,0.7412776925273844,14.3987180984772,28.448060000989887,0.5831975887941201,0.5062948473133483,0.20301599095130826,0.08312030457430057,0.14310770709705245,0.4972346067697078,0.20685637624816852,0.14309472560815445,0.1339506364284872,0.009060240543640463,-0.0038403852968602603,-0.05997442103385388,0.009157070668565248,10.852739726027398,10.852739726027398,8.407534246575343,0.4885844748858447,0.11205851559333763,0.06278428149452163,-0.037035489670102555,-0.12047343152496683,876,123,0,123,1.0,1.978978978978979,1.978978978978979,1.7168949771689497,104.94003273960183,63.97152598394826,-5.032210904163639,69.0037368881119,0.9320301683949177,168.9115587235501,0.05247001636980091,0.03198576299197413,0.08445577936177505,0.8256227758007118,232,165,67,49,0,163,127.7770202020202,96.40498251748248,4,45,4.0,4.0,66,0,242,79,0,79,242,0,4786.674754059352,478.66747540593525,10338.969615422604,1033.8969615422604,438.2365622599925,43.82365622599925,6026.115317509852,602.6115317509851,4380.0,438.0,0,0,0.0638885101010101,-0.0022,0.0638885101010101,-0.0022,0.0,0.0,0.0638885101010101,0.002,0.06998398452552401,0.12831161060936647,-0.11086765304255866,0.0035724828131999463,0.0004560414449640564,-0.011769987703228499,-0.0020534653928452936,-0.0011849999999999996,-0.0006534653928452944,-0.00021500000000000016,0.0,0.0,0.0,0.0,0.0,0.0004560414449640564,0.006796041444963963,0.0638885101010101,0.0004560414449640564,0.0,0.0,0.0524700163698016,0.0319857629919741,-0.010064421808327279,0.04600249125874125,-0.0025161054520818197,0.03450186844405595,0.0035724828131999463,0.0035724828131999463,0.46967179349929694,0.14356658812312129,0.11813679577960856,0.0,0.0,0.009207878794820714,0.0,0.0,0.006339999999999909,0.04820249125874125,-0.0022,0.0395,0.121,-0.011593116421644236,-0.007278819175230132,-0.0043142972464141035,0.16472837820737846,0.13128668914238611,0.03344168906499233,0.9404944777488708,0.09298908710479736,8320,7107,0,0.3768039955033196,0.8226218215056829,7,8,15427,8320,7107,0.07735529925535728,cuda,70.70361328125
57,98,200,True,989,989,870,567,303,71,232,0.3482758620689655,0.08160919540229886,0.26666666666666666,0.36860670194003525,2.1922398589065257,0.7665395149583328,13.677115835630493,26.159510328498467,0.6170857882294397,0.5188436245371635,0.2606516438265326,0.051500870727948726,0.1350236952639919,0.5039275352706775,0.26593182676486554,0.07735656486492361,0.12929519915352108,0.014916089266486021,-0.0052801829383329335,-0.02585569413697488,0.0057284961104708265,11.651724137931035,11.651724137931035,9.188505747126436,0.4942528735632184,0.17014321406663027,0.12716956395986728,-0.15704950644083943,-0.012688621348777433,870,119,0,119,1.0,1.9828109201213346,1.9828109201213346,1.710344827586207,109.09931191809514,59.73867862234818,-5.199370449812434,64.93804907216062,0.9258688089004536,168.83799054044331,0.05454965595904757,0.02986933931117409,0.08441899527022166,0.8489208633093526,236,168,68,42,0,163,133.0,91.27182539682535,5,37,5.0,4.261599970252601,68,0,232,71,0,71,232,0,4776.326687590398,477.6326687590398,10360.98805844832,1036.098805844832,461.1468337641052,46.114683376410525,6016.430028930931,601.6430028930931,4350.0,435.0,0,0,0.0665,-0.00275,0.0665,-0.00275,0.0,0.0,0.0665,0.0025,0.06996245876932713,0.13491951488671566,-0.10870344555820087,0.003914016013190967,0.00036827979523762223,-0.012723187005328429,-0.0018387496401555804,-0.0010650000000000004,-0.0005712496401555809,-0.00020250000000000015,0.0,0.0,0.0,0.0,0.0,0.00036827979523762223,0.006748279795237528,0.0665,0.00036827979523762223,0.0,0.0,0.05454965595904823,0.029869339311174088,-0.010398740899624868,0.04329203271477377,-0.002599685224906217,0.03246902453608031,0.003914016013190967,0.003914016013190967,0.4623093781537782,0.1650660939162472,0.06571759333198605,0.0,0.0,0.008556401778826956,0.0,0.0,0.006379999999999908,0.045635912698412696,-0.0023438799836389304,0.0355,0.116,-0.008213315748920043,-0.002122698072344065,-0.006090617676575979,0.13798694214473167,0.1109367827574412,0.027050159387290478,0.9436163902282715,0.08291447162628174,8334,7307,0,0.3335250437259674,0.9177673467000326,8,8,15641,8334,7307,0.07345375584831815,cuda,71.53662109375
58,99,200,True,1122,1122,991,661,330,67,263,0.3329969727547931,0.06760847628657922,0.26538849646821394,0.34795763993948564,2.2571860816944023,0.7622944512228381,13.98569001011697,31.375228024106164,0.6142194536685417,0.5568249219755181,0.22578809791880008,0.08454925874910359,0.14892543136436667,0.5465358958527469,0.24497284034743297,0.12253385680444459,0.14219452776775643,0.010289026122771272,-0.019184742428632884,-0.037984598055341004,0.006730903596610244,13.55196770938446,13.513622603430878,10.905146316851665,0.557013118062563,0.20319150112290874,0.055613471708776036,-0.0946703204679988,-0.0675761912651517,991,131,0,131,1.0,1.7664884135472372,1.7664884135472372,1.5812310797174571,92.25194574524878,48.1472400748024,-6.860254513942179,55.00749458874457,0.8891142054876495,140.39918582005117,0.04612597287262439,0.024073620037401197,0.07019959291002559,0.8362989323843416,235,150,85,46,0,148,111.48571428571427,75.54332611832612,2,44,2.0,2.0,85,0,263,67,0,67,263,0,4244.3744971991355,424.43744971991356,9320.68654456983,932.0686544569829,481.9582862095951,48.19582862095951,5343.470711674242,534.3470711674242,4955.0,495.5,0,0,0.05574285714285714,-0.0011,0.05574285714285714,-0.0011,0.0,0.0,0.05574285714285714,0.001,0.06356493957114462,0.17210657751879951,-0.16987298012034652,0.0023308043716131813,0.0003784357916933734,-0.014763602140952669,-0.0018434278855972647,-0.0010050000000000007,-0.0006584278855972648,-0.00018000000000000012,0.0,0.0,0.0,0.0,0.0,0.0003784357916933734,0.007658435791693262,0.05574285714285714,0.0003784357916933734,0.0,0.0,0.046125972872624856,0.024073620037401194,-0.013720509027884359,0.03667166305916308,-0.0034301272569710896,0.027503747294372285,0.0023308043716131813,0.0023308043716131813,0.48045167649881454,0.1702033299738516,0.08658593303442076,0.0,0.0,0.007755662818488547,0.0,0.0,0.007279999999999889,0.037771663059163074,-0.0011,0.0335,0.1315,-0.008213315748920043,-0.002122698072344065,-0.006090617676575979,0.13798694214473167,0.1109367827574412,0.027050159387290478,0.9436163902282715,0.08291447162628174,8334,7307,0,0.3335250437259674,0.9177673467000326,8,8,15641,8334,7307,0.07345375584831815,cuda,71.53662109375
59,100,200,True,1110,1110,953,709,244,93,151,0.25603357817418676,0.09758656873032528,0.1584470094438615,0.3906911142454161,2.145275035260931,0.7561231064485394,14.021316154383133,24.528663375650037,0.5913943468564902,0.4965443520561092,0.2307967565144571,0.10101564671602546,0.13308408705331123,0.4865069808635456,0.23982246112793013,0.135308787186613,0.12575622153572202,0.010037371192563593,-0.009025704613473018,-0.03429314047058753,0.0073278655175892105,11.921301154249738,11.921301154249738,9.113326337880379,0.5645330535152151,0.14384508529873852,0.1229762343758902,-0.1055084977796194,-0.07784751704023658,953,157,0,157,1.0,1.7882882882882882,1.7882882882882882,1.6190975865687303,90.08834121773621,50.52124646981519,-6.879971062652346,57.40121753246753,0.8929706930905341,140.6095876875514,0.04504417060886811,0.025260623234907596,0.07030479384377569,0.8880597014925373,238,158,80,30,0,156,108.41666666666666,76.53495670995675,0,30,0.0,0.0,79,0,151,93,0,93,151,0,4298.149373871882,429.8149373871882,9497.375043717657,949.7375043717657,517.8017421053177,51.78017421053177,5418.057665159538,541.8057665159538,4765.0,476.5,0,0,0.05420833333333332,0.0,0.05420833333333332,0.0,0.0,0.0,0.05420833333333332,0.0,0.06660991338617042,0.16550880517089453,-0.14407303394736168,0.0035688151967205955,0.00036751971100701847,-0.015247221519122816,-0.0023621063326177472,-0.0013949999999999982,-0.0007046063326177471,-0.0002625000000000002,0.0,0.0,0.0,0.0,0.0,0.00036751971100701847,0.008387519711006892,0.05420833333333332,0.00036751971100701847,0.0,0.0,0.045044170608868894,0.02526062323490758,-0.013759942125304691,0.038267478354978374,-0.0034399855313261727,0.028700608766233763,0.0035688151967205955,0.0035688151967205955,0.4795145135780122,0.18504759374013208,0.10678726677292459,0.0,0.0,0.005390891009447019,0.0,0.0,0.008019999999999873,0.038267478354978374,0.0,0.0465,0.0755,-0.008213315748920043,-0.002122698072344065,-0.006090617676575979,0.13798694214473167,0.1109367827574412,0.027050159387290478,0.9436163902282715,0.08291447162628174,8334,7307,0,0.3335250437259674,0.9177673467000326,8,8,15641,8334,7307,0.07345375584831815,cuda,71.53662109375
60,101,200,True,993,993,878,682,196,81,115,0.22323462414578588,0.09225512528473805,0.13097949886104784,0.3489736070381232,2.2111436950146626,0.7469917455158276,14.184748632816975,22.828556298685214,0.5901524127213335,0.4916150532990607,0.2467525237488432,0.10392486913842518,0.13383081192396515,0.4864440188467328,0.267442838638431,0.1426982087702108,0.12681340714343045,0.005171034452327916,-0.02069031488958778,-0.03877333963178563,0.007017404780534697,12.19248291571754,12.19248291571754,9.249430523917995,0.5728929384965832,0.0567480617837179,0.17983788790333108,-0.14285239595354532,-0.10863506586696518,878,115,0,115,1.0,1.9748237663645518,1.9748237663645518,1.7095671981776766,98.20348554195289,50.899462421104836,-6.029296320153881,56.928758741258726,0.9042331229217201,149.10294796305772,0.049101742770976446,0.02544973121055242,0.07455147398152885,0.7902097902097902,226,168,58,60,0,164,118.64087301587297,80.30501165501163,4,56,4.0,4.0,58,0,115,81,0,81,115,0,4862.188947397983,486.21889473979826,10596.57296945254,1059.657296945254,501.5823922477403,50.15823922477403,6123.969393057056,612.3969393057056,4390.0,439.0,0,0,0.05932043650793648,-0.0022,0.05932043650793648,-0.0022,0.0,0.0,0.05932043650793648,0.002,0.07004501253215023,0.1548474116030454,-0.12998666458880917,0.004271914308386106,0.0005969678231363098,-0.014635779834800786,-0.0020933151610951378,-0.0012149999999999995,-0.0006608151610951386,-0.00021750000000000016,0.0,0.0,0.0,0.0,0.0,0.0005969678231363098,0.008226967823136191,0.05932043650793648,0.0005969678231363098,0.0,0.0,0.0491017427709775,0.025449731210552395,-0.012058592640307762,0.03795250582750583,-0.0030146481600769404,0.028464379370629362,0.004271914308386106,0.004271914308386106,0.5237691052428295,0.1923470721064425,0.11234423818874542,0.0,0.0,0.014962194735415954,0.0,0.0,0.007629999999999882,0.040152505827505826,-0.0022,0.0405,0.0575,-0.008213315748920043,-0.002122698072344065,-0.006090617676575979,0.13798694214473167,0.1109367827574412,0.027050159387290478,0.9436163902282715,0.08291447162628174,8334,7307,0,0.3335250437259674,0.9177673467000326,8,8,15641,8334,7307,0.07345375584831815,cuda,71.53662109375
61,102,200,True,1076,1076,951,673,278,92,186,0.29232386961093587,0.09674027339642481,0.19558359621451105,0.31203566121842496,2.3060921248142643,0.7720953911365761,13.795484860265768,26.58625795051212,0.6380886870652941,0.5561256681916263,0.26747906979112535,0.08728597910291505,0.13630696601147194,0.5434296450855828,0.2739625691988382,0.12162571991752297,0.13510688034510365,0.012696023106043564,-0.006483499407712867,-0.034339740814607916,0.0012000856663682835,14.831756046267087,14.831756046267087,11.926393270241851,0.6203995793901157,0.05610543375411362,0.046901075900155124,-0.05620162293127456,-0.07740695922342382,951,125,0,125,1.0,1.8513011152416357,1.8513011152416357,1.6361724500525763,85.30664719975869,38.55691953137456,-6.534233066028019,45.09115259740258,0.873429844986967,123.86356673113325,0.04265332359987934,0.019278459765687282,0.06193178336556662,0.8596491228070176,245,163,82,40,0,162,102.67619047619047,63.421536796536834,3,37,3.0,3.0,82,0,186,92,0,92,186,0,4377.241275878194,437.7241275878194,9653.093693528017,965.3093693528017,517.2439333184233,51.72439333184233,5515.939648372615,551.5939648372615,4755.0,475.5,0,0,0.05133809523809523,-0.0016500000000000002,0.05133809523809523,-0.0016500000000000002,0.0,0.0,0.05133809523809523,0.0015,0.06896268274704842,0.17917956201506807,-0.17724972589859386,0.004631771881295674,0.00026423704701581665,-0.015615770450542948,-0.0025008039142695765,-0.0013799999999999984,-0.0008408039142695763,-0.0002800000000000002,0.0,0.0,0.0,0.0,0.0,0.00026423704701581665,0.0079142370470157,0.05133809523809523,0.00026423704701581665,0.0,0.0,0.042653323599879875,0.019278459765687272,-0.013068466132056039,0.030060768398268437,-0.0032671165330140097,0.02254557629870129,0.004631771881295674,0.004631771881295674,0.5070765332862833,0.19659846979689544,0.09840299293190423,0.0,0.0,0.004686731184168831,0.0,0.0,0.007649999999999882,0.03171076839826844,-0.0016500000000000002,0.046,0.093,-0.008213315748920043,-0.002122698072344065,-0.006090617676575979,0.13798694214473167,0.1109367827574412,0.027050159387290478,0.9436163902282715,0.08291447162628174,8334,7307,0,0.3335250437259674,0.9177673467000326,8,8,15641,8334,7307,0.07345375584831815,cuda,71.53662109375
62,103,200,True,1028,1028,880,613,267,74,193,0.3034090909090909,0.08409090909090909,0.21931818181818183,0.34910277324632955,2.2169657422512237,0.7554710114080015,14.102508969641432,24.638082388466373,0.586488818738011,0.5107918487676399,0.2667838734913417,0.1455160681846541,0.12929018900758582,0.5041543825561421,0.26976582282458295,0.20022659889554534,0.11766402517273707,0.0066374662114978555,-0.0029819493332412517,-0.05471053071089124,0.011626163834848754,11.757954545454545,11.757954545454545,9.097727272727273,0.5397727272727273,0.01190096607784261,0.17746210191012848,-0.13885571342083028,-0.08298073997037922,880,148,0,148,1.0,1.9221789883268483,1.9221789883268483,1.6954545454545455,78.42702257573333,41.12547972818973,-5.775448510238531,46.90092823842822,0.8903597994639084,119.55250230392306,0.03921351128786667,0.020562739864094865,0.05977625115196153,0.7909407665505227,227,158,69,60,0,155,94.47619047619048,64.73457098457102,2,58,2.0,2.0,69,0,193,74,0,74,193,0,4751.77920915248,475.17792091524797,10302.224070501854,1030.2224070501854,457.4875192182891,45.74875192182891,5981.402434402604,598.1402434402604,4400.0,440.0,0,0,0.04723809523809524,-0.0011,0.04723809523809524,-0.0011,0.0,0.0,0.04723809523809524,0.001,0.06670108587746391,0.1426313443246379,-0.15027302283484692,0.002741094042314322,0.00024517548695243875,-0.013073368951205871,-0.001879910510189961,-0.00111,-0.0005549105101899606,-0.00021500000000000016,0.0,0.0,0.0,0.0,0.0,0.00024517548695243875,0.007115175486952334,0.04723809523809524,0.00024517548695243875,0.0,0.0,0.03921351128786728,0.020562739864094844,-0.011550897020477062,0.03126728549228554,-0.0028877242551192655,0.02345046411921411,0.002741094042314322,0.002741094042314322,0.49659429696129215,0.19626091543372443,0.14645145766757728,0.0,0.0,0.005174234077771745,0.0,0.0,0.006869999999999898,0.032367285492285534,-0.0011,0.037,0.0965,-0.008213315748920043,-0.002122698072344065,-0.006090617676575979,0.13798694214473167,0.1109367827574412,0.027050159387290478,0.9436163902282715,0.08291447162628174,8334,7307,0,0.3335250437259674,0.9177673467000326,8,8,15641,8334,7307,0.07345375584831815,cuda,71.53662109375
63,104,200,True,983,983,874,612,262,77,185,0.2997711670480549,0.08810068649885583,0.2116704805491991,0.3888888888888889,2.09640522875817,0.7728628492335868,13.549854569964939,23.37787151395106,0.6035246081140988,0.49812207436736894,0.23572781731928485,0.08767036847341075,0.13582671069375732,0.4899802604580627,0.2510161735710925,0.13718701948433068,0.1269772783061794,0.00814181390930624,-0.015288356251807661,-0.049516651010919926,0.008849432387577932,10.62929061784897,10.62929061784897,7.974828375286041,0.5160183066361556,0.15455279830535384,0.11180394030115265,-0.08088951259709398,-0.09253311526699896,874,109,0,109,1.0,2.0020345879959307,2.0020345879959307,1.7322654462242564,109.84330253348745,60.940289349797155,-6.103835142364996,67.04412449216215,0.9165549500920886,170.7835918832846,0.054921651266743726,0.03047014467489858,0.0853917959416423,0.7659574468085106,216,165,51,66,0,161,133.63968253968252,95.99216598954956,9,57,9.0,6.0,49,0,185,77,0,77,185,0,4833.027309856648,483.30273098566477,10437.302545425204,1043.7302545425205,479.36981336815,47.936981336815,6085.313846712355,608.5313846712355,4370.0,437.0,0,0,0.06681984126984125,-0.00495,0.06681984126984125,-0.00495,0.0,0.0,0.06681984126984125,0.0045,0.068977473800406,0.13892800676973677,-0.12158546587378963,0.0028409184589501747,0.0004388912543533629,-0.013431165817258985,-0.00202311608829585,-0.0011549999999999998,-0.0006531160882958507,-0.00021500000000000016,0.0,0.0,0.0,0.0,0.0,0.0004388912543533629,0.007328891254353258,0.06681984126984125,0.0004388912543533629,0.0,0.0,0.0549216512667446,0.030470144674898617,-0.012207670284729993,0.044696082994774775,-0.0030519175711824983,0.03352206224608108,0.0028409184589501747,0.0028409184589501747,0.49399300287523534,0.18621334706281348,0.12555492682694422,0.0,0.0,0.015119568218733039,0.0,0.0,0.006889999999999898,0.04799608299477477,-0.0033,0.0385,0.0925,-0.008213315748920043,-0.002122698072344065,-0.006090617676575979,0.13798694214473167,0.1109367827574412,0.027050159387290478,0.9436163902282715,0.08291447162628174,8334,7307,0,0.3335250437259674,0.9177673467000326,8,8,15641,8334,7307,0.07345375584831815,cuda,71.53662109375
64,105,200,True,1033,1033,910,668,242,86,156,0.26593406593406593,0.0945054945054945,0.17142857142857143,0.36377245508982037,2.1706586826347305,0.7656862949450572,13.852180699388423,26.23902219177006,0.6104121122474038,0.5382723301024495,0.22277833108126582,0.10053517699135679,0.14212792208780742,0.5279111331942196,0.23892768458212296,0.1354899600334326,0.13696727301774847,0.010361196908229897,-0.01614935350085714,-0.03495478304207582,0.005160649070058948,14.254945054945056,14.254945054945056,11.44065934065934,0.5923076923076923,0.15827761040386046,0.03808194385325319,-0.07822611005926215,-0.12555095813809028,910,123,0,123,1.0,1.867376573088093,1.867376573088093,1.5923076923076922,104.2467713095895,57.86394933405624,-5.74796471616083,63.61191405021707,0.9171283915371092,162.11072064364575,0.052123385654794754,0.02893197466702812,0.08105536032182288,0.7887323943661971,224,164,60,60,0,157,126.39844877344876,90.31588540028942,6,54,6.0,5.0,60,0,156,86,0,86,156,0,4501.587270884434,450.15872708844336,9921.805241559417,992.1805241559417,528.9417335707244,52.89417335707244,5672.187276069978,567.2187276069978,4550.0,455.0,0,0,0.06319922438672439,-0.0033,0.06319922438672439,-0.0033,0.0,0.0,0.06319922438672439,0.003,0.06685317444993191,0.16865411510170933,-0.14740188103768306,0.005181976742383142,0.00028003072707607135,-0.014827465133723974,-0.002220791834659534,-0.0012899999999999988,-0.0006782918346595334,-0.0002525000000000002,0.0,0.0,0.0,0.0,0.0,0.00028003072707607135,0.007820030727075955,0.06319922438672439,0.00028003072707607135,0.0,0.0,0.05212338565479554,0.028931974667028078,-0.01149592943232166,0.042407942700144724,-0.002873982358080415,0.031805957025108536,0.005181976742383142,0.005181976742383142,0.5034128247866787,0.1772860687086617,0.116074580396864,0.0,0.0,0.009439892856488927,0.0,0.0,0.007539999999999884,0.045157942700144706,-0.00275,0.043,0.078,-0.008213315748920043,-0.002122698072344065,-0.006090617676575979,0.13798694214473167,0.1109367827574412,0.027050159387290478,0.9436163902282715,0.08291447162628174,8334,7307,0,0.3335250437259674,0.9177673467000326,8,8,15641,8334,7307,0.07345375584831815,cuda,71.53662109375
65,106,200,True,955,955,837,570,267,59,208,0.31899641577060933,0.07048984468339307,0.24850657108721624,0.38070175438596493,2.1333333333333333,0.7566819791208234,14.092450133541174,28.67485664957448,0.5954829801611803,0.5501342407182643,0.2007117593105425,0.13513779962892858,0.14974641066959551,0.5457113169002952,0.23027686422625393,0.18059312071643052,0.14272825580024928,0.00442292381796916,-0.029565104915711432,-0.04545532108750194,0.0070181548693462326,13.99641577060932,13.879330943847073,11.277180406212665,0.5531660692951016,0.15118769026525203,0.017310595412227337,-0.05688705158946101,-0.11070404237479178,837,118,0,118,1.0,1.9455497382198952,1.9455497382198952,1.7192353643966547,88.13128036017505,53.315093207994785,-4.986976903266482,58.30207011126127,0.9212031601278221,141.44637356816983,0.044065640180087524,0.02665754660399739,0.07072318678408492,0.775438596491228,221,157,64,64,0,154,108.69801587301588,82.13609348168175,4,60,4.0,4.0,62,0,208,59,1,59,208,0,4466.442889241139,446.6442889241139,9474.166257348264,947.4166257348264,451.08892538676633,45.108892538676635,5626.173947552297,562.6173947552297,4185.0,418.5,0,1,0.05434900793650794,-0.0022,0.05434900793650794,-0.0022,0.0,0.0,0.05434900793650794,0.002,0.0660101181503145,0.14256535997772848,-0.1272389409025481,0.0035740968521183413,0.0006421691544058455,-0.012342738119663877,-0.001526696407137394,-0.0008850000000000007,-0.00047919640713739437,-0.00016250000000000013,0.0,0.0,0.0,-0.001,-0.001,0.0006421691544058455,0.006932169154405755,0.053349007936507944,0.0006421691544058455,0.0,0.0,0.04406564018008802,0.026657546603997394,-0.009973953806532964,0.03886804674084089,-0.002493488451633241,0.029151035055630638,0.0035740968521183413,0.0035740968521183413,0.47539373937190715,0.16498694571293798,0.12882882348608493,0.0,0.0,0.01131339489189612,0.0,0.0,0.00628999999999991,0.04106804674084087,-0.0022,0.0295,0.104,-0.007710992236518197,-0.004465726349088881,-0.003245265887429317,0.14375953243424494,0.11454444229602814,0.029215090138216812,0.9447321891784668,0.09385710954666138,8280,7392,0,0.29383838971455895,0.8577376667658488,9,8,15672,8280,7392,0.07379561822706959,cuda,71.9228515625
66,107,200,True,1061,1061,950,709,241,60,181,0.2536842105263158,0.06315789473684211,0.19052631578947368,0.32863187588152326,2.2538787023977433,0.7816261553713902,13.466541715334097,27.4352919562327,0.5762697721508896,0.5324114015055308,0.2168345687430147,0.09797199960135985,0.1500673504554166,0.5280856679289566,0.24091505745165734,0.1471981210689939,0.135550135523291,0.0043257335765741756,-0.024080488708642628,-0.049226121467634054,0.0145172149321256,13.528421052631579,13.528421052631579,10.626315789473685,0.5863157894736842,0.09158702869255834,0.046431313940766855,-0.06103286529516732,0.0017040951049539367,950,111,0,111,1.0,1.878416588124411,1.878416588124411,1.62,94.48206765633226,46.07207497872172,-5.954746116849371,52.026821095571066,0.8972993245416487,140.55414263505398,0.04724103382816613,0.023036037489360863,0.07027707131752699,0.8292682926829268,238,168,70,49,0,167,114.14285714285714,78.16909479409482,8,41,8.0,8.0,66,0,181,60,0,60,181,0,4498.454847813898,449.84548478138976,9843.122989490357,984.3122989490357,494.94465716659295,49.49446571665929,5669.377830384261,566.9377830384261,4750.0,475.0,0,0,0.057071428571428565,-0.004399999999999999,0.057071428571428565,-0.004399999999999999,0.0,0.0,0.057071428571428565,0.004,0.07099830616021768,0.17051827654502733,-0.14994631640650832,0.003982376304591125,0.00022945485511627955,-0.014857282497898465,-0.0016028918750602146,-0.0009000000000000007,-0.0005453918750602145,-0.00015750000000000011,0.0,0.0,0.0,0.0,0.0,0.00022945485511627955,0.00791945485511616,0.057071428571428565,0.00022945485511627955,0.0,0.0,0.04724103382816679,0.023036037489360887,-0.011909492233698742,0.034684547397047405,-0.0029773730584246854,0.026013410547785533,0.003982376304591125,0.003982376304591125,0.5088519442725579,0.185208589965602,0.12168950313217376,0.0,0.0,0.00879038610218805,0.0,0.0,0.00768999999999988,0.03908454739704739,-0.004399999999999999,0.03,0.0905,-0.007710992236518197,-0.004465726349088881,-0.003245265887429317,0.14375953243424494,0.11454444229602814,0.029215090138216812,0.9447321891784668,0.09385710954666138,8280,7392,0,0.29383838971455895,0.8577376667658488,9,8,15672,8280,7392,0.07379561822706959,cuda,71.9228515625
67,108,200,True,1049,1049,948,702,246,78,168,0.25949367088607594,0.08227848101265822,0.17721518987341772,0.44017094017094016,2.07977207977208,0.7484964939349058,14.250797975436914,29.294096218469814,0.5809568145041728,0.523655779044173,0.2575145162472188,0.0978009049579013,0.1409743437968046,0.5165918173952999,0.2684185839778189,0.14780153397074702,0.130240907964225,0.007063961648873129,-0.010904067730600098,-0.05000062901284573,0.010733435832579602,13.809071729957806,13.809071729957806,11.126582278481013,0.5622362869198312,0.13349180921841994,0.08076457687467556,-0.040175204528334035,-0.05359544869749139,948,101,0,101,1.0,1.892278360343184,1.892278360343184,1.6529535864978904,94.57450518626528,45.31426668731615,-6.9788048245053655,52.293071511821495,0.8822577374654805,139.88877187358145,0.04728725259313264,0.022657133343658074,0.06994438593679073,0.8740740740740741,236,166,70,34,0,164,114.22142857142858,73.02409534909536,3,31,3.0,3.0,69,0,168,78,0,78,168,0,4582.871173374387,458.28711733743864,9999.65150650273,999.965150650273,488.54301252582746,48.854301252582744,5770.617743799785,577.0617743799785,4740.0,474.0,0,0,0.057110714285714265,-0.0016500000000000002,0.057110714285714265,-0.0016500000000000002,0.0,0.0,0.057110714285714265,0.0015,0.07033917434334175,0.1686199206659478,-0.1547133461701708,0.0021397838781070148,0.00019340582280573428,-0.014830243059021433,-0.0019954745583068046,-0.0011699999999999996,-0.0005904745583068054,-0.00023500000000000018,0.0,0.0,0.0,0.0,0.0,0.00019340582280573428,0.007993405822805612,0.057110714285714265,0.00019340582280573428,0.0,0.0,0.04728725259313341,0.022657133343658063,-0.013957609649010732,0.0348620476745477,-0.003489402412252683,0.026146535755910746,0.0021397838781070148,0.0021397838781070148,0.5020207662960487,0.20479983874375932,0.12353677491814628,0.0,0.0,0.006660008182531745,0.0,0.0,0.007799999999999878,0.036512047674547694,-0.0016500000000000002,0.039,0.084,-0.007710992236518197,-0.004465726349088881,-0.003245265887429317,0.14375953243424494,0.11454444229602814,0.029215090138216812,0.9447321891784668,0.09385710954666138,8280,7392,0,0.29383838971455895,0.8577376667658488,9,8,15672,8280,7392,0.07379561822706959,cuda,71.9228515625
68,109,200,True,993,993,884,663,221,48,173,0.25,0.05429864253393665,0.19570135746606335,0.48265460030165913,1.9396681749622926,0.7382899319828905,14.732891197837496,24.685266814822526,0.5584385137586503,0.48219414988074727,0.2247073125729104,0.06789393360314955,0.14548947620254746,0.47117888046425754,0.23393272275742857,0.09244656268378008,0.1314618013051885,0.011015269416489726,-0.009225410184518168,-0.024552629080630536,0.014027674897358955,10.414027149321267,10.414027149321267,7.9411764705882355,0.4683257918552036,0.11185973341085552,0.11364129374310113,-0.10717522498531178,-0.07807040479581302,884,109,0,109,1.0,1.9939577039274925,1.9939577039274925,1.7352941176470589,108.9002804635455,59.89639115011295,-5.343787421315633,65.24017857142857,0.9242917658967341,168.79667161365845,0.05445014023177275,0.029948195575056475,0.08439833580682922,0.7253521126760564,206,158,48,78,0,155,132.33333333333331,91.38690476190473,4,74,4.0,4.0,48,0,173,48,0,48,173,0,4762.7495490131805,476.27495490131804,10367.366545825676,1036.7366545825676,490.4424016608923,49.04424016608923,5996.008921872041,599.6008921872042,4420.0,442.0,0,0,0.06616666666666665,-0.0022,0.06616666666666665,-0.0022,0.0,0.0,0.06616666666666665,0.002,0.06701836638477732,0.14172951944730344,-0.10324082577777471,0.0037448300652033043,0.0004740344921971863,-0.013463444886101567,-0.0011501863323911596,-0.0007200000000000005,-0.00029768633239115954,-0.00013250000000000008,0.0,0.0,0.0,0.0,0.0,0.0004740344921971863,0.007584034492197079,0.06616666666666665,0.0004740344921971863,0.0,0.0,0.0544501402317737,0.029948195575056468,-0.010687574842631265,0.043493452380952355,-0.0026718937106578163,0.032620089285714284,0.0037448300652033043,0.0037448300652033043,0.4745674136485357,0.16798071732593098,0.0791856518839174,0.0,0.0,0.015859667206474873,0.0,0.0,0.0071099999999998924,0.045693452380952355,-0.0022,0.024,0.0865,-0.007710992236518197,-0.004465726349088881,-0.003245265887429317,0.14375953243424494,0.11454444229602814,0.029215090138216812,0.9447321891784668,0.09385710954666138,8280,7392,0,0.29383838971455895,0.8577376667658488,9,8,15672,8280,7392,0.07379561822706959,cuda,71.9228515625
69,110,200,True,1094,1094,987,709,278,91,187,0.281661600810537,0.09219858156028368,0.1894630192502533,0.39492242595204513,2.1960507757404795,0.7609718588662922,13.921616312142657,29.2176425108116,0.5862592754309061,0.5432552419529311,0.250368218159642,0.0993974653659822,0.15228576607981167,0.5371165164392994,0.26778561470843587,0.13915282782634827,0.13582090815143036,0.006138725513631704,-0.017417396548793873,-0.03975536246036608,0.016464857928381316,15.877406281661601,15.877406281661601,13.061803444782168,0.5916919959473151,0.16723741195502656,0.038918770312038824,-0.12493455991485737,-0.056894878084498675,987,107,0,107,1.0,1.8080438756855577,1.8080438756855577,1.6058763931104356,91.5755240879306,48.686805958853256,-7.0215898120425315,55.70839577089576,0.8880664526415528,140.26233004678386,0.0457877620439653,0.024343402979426627,0.07013116502339192,0.8556338028169014,243,161,82,41,0,158,110.23571428571428,77.57786102786102,3,38,3.0,3.0,80,0,187,91,0,91,187,0,4325.18986174113,432.51898617411297,9488.99929743441,948.8999297434409,499.40790120924805,49.9407901209248,5448.709658363117,544.8709658363117,4935.0,493.5,0,0,0.055117857142857135,-0.0016500000000000002,0.055117857142857135,-0.0016500000000000002,0.0,0.0,0.055117857142857135,0.0015,0.06755428887631149,0.18510330034750305,-0.19140238903600365,0.0030491519545941133,0.00046738164839793366,-0.015114830030777683,-0.0025703615543191537,-0.0013649999999999984,-0.0009103615543191541,-0.00029500000000000023,0.0,0.0,0.0,0.0,0.0,0.00046738164839793366,0.008467381648397807,0.055117857142857135,0.00046738164839793366,0.0,0.0,0.04578776204396599,0.024343402979426644,-0.014043179624085063,0.037138930513930524,-0.0035107949060212656,0.027854197885447882,0.0030491519545941133,0.0030491519545941133,0.5091612562563765,0.19520461556264426,0.10835156445051734,0.0,0.0,0.007413152431980893,0.0,0.0,0.007999999999999874,0.03878893051393052,-0.0016500000000000002,0.0455,0.0935,-0.007710992236518197,-0.004465726349088881,-0.003245265887429317,0.14375953243424494,0.11454444229602814,0.029215090138216812,0.9447321891784668,0.09385710954666138,8280,7392,0,0.29383838971455895,0.8577376667658488,9,8,15672,8280,7392,0.07379561822706959,cuda,71.9228515625
70,111,200,True,1029,1029,924,662,262,44,218,0.28354978354978355,0.047619047619047616,0.23593073593073594,0.39123867069486407,2.105740181268882,0.7500204605548404,14.131091237428326,25.176301419194733,0.5787314106811811,0.514726903728488,0.22827385207835102,0.03999121882038309,0.15023314989427966,0.49883792601143123,0.24207409116751838,0.06559796679414685,0.14035803609417916,0.015888977717056718,-0.01380023908916736,-0.025606747973763763,0.009875113800100505,11.797619047619047,11.797619047619047,9.174242424242424,0.5043290043290043,0.19007655872519874,0.15206976995136723,-0.13567921650327328,-0.06291930933556161,924,105,0,105,1.0,1.903790087463557,1.903790087463557,1.658008658008658,111.5609835182901,61.444198354715596,-5.445412034894807,66.88961038961038,0.924719563879612,173.0051818730057,0.055780491759145054,0.030722099177357798,0.08650259093650285,0.7535211267605634,214,162,52,70,0,158,135.70238095238096,99.08614718614719,10,60,10.0,9.0,52,0,218,44,0,44,218,0,4464.895801932863,446.4895801932863,9780.897276701853,978.0897276701853,502.69535478746764,50.26953547874676,5626.305109926225,562.6305109926225,4620.0,462.0,0,0,0.06785119047619048,-0.005499999999999999,0.06785119047619048,-0.005499999999999999,0.0,0.0,0.06785119047619048,0.005,0.0676300077337053,0.15196610425599713,-0.12037115165373949,0.004153922726855804,0.0004376968909633013,-0.013931643413936535,-0.0012555102330504143,-0.0006600000000000004,-0.00047551023305041426,-0.0001200000000000001,0.0,0.0,0.0,0.0,0.0,0.0004376968909633013,0.007497696890963193,0.06785119047619048,0.0004376968909633013,0.0,0.0,0.05578049175914586,0.03072209917735779,-0.010890824069789614,0.04459307359307359,-0.0027227060174474034,0.033444805194805194,0.004153922726855804,0.004153922726855804,0.4751339611713655,0.16312443763384954,0.05235789770073186,0.0,0.0,0.012907732917705342,0.0,0.0,0.007059999999999894,0.04954307359307358,-0.0049499999999999995,0.022,0.109,-0.007710992236518197,-0.004465726349088881,-0.003245265887429317,0.14375953243424494,0.11454444229602814,0.029215090138216812,0.9447321891784668,0.09385710954666138,8280,7392,0,0.29383838971455895,0.8577376667658488,9,8,15672,8280,7392,0.07379561822706959,cuda,71.9228515625
71,112,200,True,1036,1036,908,600,308,55,253,0.3392070484581498,0.0605726872246696,0.2786343612334802,0.415,2.09,0.7514907404283683,14.250209261576334,26.89927946706613,0.5734344969145604,0.4855397245287895,0.21712900508816044,0.07331297839914139,0.14551165012953182,0.4763739021619161,0.23551520956524957,0.12007406985833464,0.12979759504087268,0.00916582236687341,-0.018386204477089135,-0.04676109145919326,0.01571405508865914,9.210352422907489,9.210352422907489,6.779735682819383,0.473568281938326,0.11657707716418443,0.16290485426649712,-0.09056487298880467,-0.06415754577889546,908,128,0,128,1.0,1.885135135135135,1.885135135135135,1.618942731277533,81.66579079031182,39.51718969310002,-5.711084116423783,45.2282738095238,0.8878846465884749,121.18298048341184,0.04083289539515591,0.01975859484655001,0.06059149024170592,0.8220640569395018,231,149,82,50,0,144,98.58333333333329,66.9043650793651,6,44,6.0,6.0,80,0,253,55,0,55,253,0,4636.62993077204,463.662993077204,10049.147560430332,1004.9147560430332,442.1720852874769,44.21720852874769,5838.545310781223,583.8545310781222,4540.0,454.0,0,0,0.04929166666666664,-0.0033,0.04929166666666664,-0.0033,0.0,0.0,0.04929166666666664,0.003,0.06221327560624214,0.13115718779580762,-0.10475074194678666,0.002305676076442633,0.00044781030911296297,-0.012511298116497777,-0.0014160308216372597,-0.0008250000000000006,-0.00043853082163725977,-0.0001525000000000001,0.0,0.0,0.0,0.0,0.0,0.00044781030911296297,0.006997810309112867,0.04929166666666664,0.00044781030911296297,0.0,0.0,0.04083289539515649,0.01975859484655,-0.011422168232847566,0.030152182539682555,-0.0028555420582118914,0.0226141369047619,0.002305676076442633,0.002305676076442633,0.4484272381711098,0.14767710829738556,0.0839214287898134,0.0,0.0,0.010084766914088774,0.0,0.0,0.006549999999999905,0.03345218253968255,-0.0033,0.0275,0.1265,-0.007710992236518197,-0.004465726349088881,-0.003245265887429317,0.14375953243424494,0.11454444229602814,0.029215090138216812,0.9447321891784668,0.09385710954666138,8280,7392,0,0.29383838971455895,0.8577376667658488,9,8,15672,8280,7392,0.07379561822706959,cuda,71.9228515625
72,113,200,True,1063,1063,954,767,187,53,134,0.1960167714884696,0.05555555555555555,0.14046121593291405,0.4367666232073012,2.035202086049544,0.7362347125152254,14.695220819197235,25.848921748774302,0.5829710767617237,0.4980406490733757,0.24732949766858617,0.06721031660155782,0.13573113782513482,0.4860801760306414,0.2599480140242711,0.09401840580666178,0.12934483951042652,0.011960473042734288,-0.012618516355684922,-0.026808089205103955,0.0063862983147083,13.078616352201259,13.064989517819706,10.257861635220126,0.5262054507337526,0.15632872206882933,0.08557081715299801,-0.06286738248400187,-0.06277521406771754,954,109,0,109,1.0,1.865475070555033,1.865475070555033,1.631027253668763,99.18507003712655,56.408369502321875,-6.683445973868592,63.091815476190455,0.9042146767353613,155.5934395394484,0.049592535018563276,0.02820418475116094,0.0777967197697242,0.8285714285714286,232,149,83,48,0,147,119.6190476190476,89.62242063492063,5,43,5.0,5.0,82,0,134,53,0,53,134,0,4442.397610752356,444.2397610752356,9803.70167312308,980.370167312308,541.1279627199262,54.11279627199262,5592.502193312511,559.2502193312511,4770.0,477.0,0,0,0.05980952380952379,-0.00275,0.05980952380952379,-0.00275,0.0,0.0,0.05980952380952379,0.0025,0.063234978165174,0.17219698669457026,-0.14773598488691814,0.0040925495051559796,0.000524579854721259,-0.016259593296136056,-0.001300150812907137,-0.0007950000000000006,-0.00036515081290713707,-0.0001400000000000001,0.0,0.0,0.0,0.0,0.0,0.000524579854721259,0.00872457985472113,0.05980952380952379,0.000524579854721259,0.0,0.0,0.04959253501856439,0.0282041847511609,-0.013366891947737184,0.042061210317460324,-0.003341722986934296,0.03154590773809523,0.0040925495051559796,0.0040925495051559796,0.4927424718301017,0.19467806135527876,0.08048536464060274,0.0,0.0,0.014906798109011271,0.0,0.0,0.008199999999999869,0.04481121031746031,-0.00275,0.0265,0.067,-0.007710992236518197,-0.004465726349088881,-0.003245265887429317,0.14375953243424494,0.11454444229602814,0.029215090138216812,0.9447321891784668,0.09385710954666138,8280,7392,0,0.29383838971455895,0.8577376667658488,9,8,15672,8280,7392,0.07379561822706959,cuda,71.9228515625
73,114,200,True,942,942,858,662,196,51,145,0.22843822843822845,0.05944055944055944,0.168997668997669,0.39123867069486407,2.1419939577039275,0.745174186242311,14.13625324888892,27.185882408633333,0.5794352414520381,0.5353775954048439,0.2133889034210375,0.05164711472221011,0.15912349696279562,0.5244266384948056,0.22397441949605312,0.08711499552502018,0.14402589824872256,0.010950956910038223,-0.010585516075015622,-0.03546788080281007,0.015097598714073068,14.142191142191143,14.142191142191143,11.255244755244755,0.5955710955710956,0.16691066814979458,0.020595553840413523,-0.09690232040046991,-0.06618928470261778,858,84,0,84,1.0,1.9713375796178343,1.9713375796178343,1.7214452214452214,106.65167761449601,62.044068437284544,-6.196459049934101,68.24052748721866,0.9167556434214146,168.69574605178056,0.053325838807248005,0.03102203421864227,0.08434787302589028,0.8204225352112676,233,172,61,51,0,166,131.6595238095238,94.28736998295821,3,48,3.0,3.0,58,0,145,51,1,51,145,0,4619.033831065607,461.9033831065607,9822.605291167956,982.2605291167956,479.9422239907639,47.99422239907639,5822.325910537565,582.2325910537564,4290.0,429.0,0,1,0.06582976190476188,-0.0016500000000000002,0.06582976190476188,-0.0016500000000000002,0.0,0.0,0.06582976190476188,0.0015,0.07044260314439983,0.15488266085182478,-0.12313245103821158,0.002680168920879796,0.00018014641719254048,-0.013948586535067073,-0.0013165833477771474,-0.0007650000000000006,-0.00041658334777714757,-0.00013500000000000008,0.0,0.0,0.0,-0.001,-0.001,0.00018014641719254048,0.0073101464171924325,0.06482976190476188,0.00018014641719254048,0.0,0.0,0.053325838807248796,0.031022034218642285,-0.012392918099868203,0.0454936849914791,-0.003098229524967051,0.03412026374360933,0.002680168920879796,0.002680168920879796,0.4863647775382953,0.15877967327968745,0.07044563094497386,0.0,0.0,0.009498705006216902,0.0,0.0,0.0071299999999998925,0.0471436849914791,-0.0016500000000000002,0.0255,0.0725,-0.006671923014800995,-0.0014707876252941787,-0.0052011353895068165,0.17576213590800763,0.14383563660085202,0.03192649930715561,0.9367002248764038,0.10061180591583252,8064,7388,0,0.25273868851363657,0.8463815689086914,10,8,15452,8064,7388,0.08313097068281361,cuda,71.85986328125
74,115,200,True,990,990,901,664,237,46,191,0.2630410654827969,0.051054384017758046,0.21198668146503885,0.39156626506024095,2.091867469879518,0.7438028031309326,14.566745571343295,25.89463367464066,0.5867126332865287,0.5128999309143029,0.20737790782565632,0.03946329715678536,0.15236824356771286,0.5000078916684332,0.23005500611293703,0.06012598550085999,0.1396692161734429,0.01289203924586968,-0.022677098287280706,-0.020662688344074635,0.012699027394269952,12.365149833518313,12.365149833518313,9.69478357380688,0.5249722530521642,0.14788064386335842,0.0636972545562942,-0.15320155940400626,-0.056610625783229694,901,89,0,89,1.0,1.9878787878787878,1.9878787878787878,1.734739178690344,118.51546787924119,70.22449752038153,-5.412595211448061,75.63709273182955,0.9332188025790297,188.73996539962272,0.05925773393962059,0.03511224876019076,0.09436998269981135,0.7491039426523297,209,165,44,70,0,163,144.35,112.94945697577276,12,58,12.0,11.0,43,0,191,46,0,46,191,0,4738.390695760938,473.8390695760938,10300.95084578518,1030.095084578518,488.691469531764,48.869146953176404,5968.368609510212,596.8368609510212,4505.0,450.5,0,0,0.07217499999999999,-0.006600000000000002,0.07217499999999999,-0.006600000000000002,0.0,0.0,0.07217499999999999,0.006,0.06982513725148125,0.1495585638932957,-0.1085107608638285,0.004430528295358368,0.00048866969810298,-0.01416644319587882,-0.0011899641821091884,-0.0006900000000000005,-0.0003799641821091884,-0.00012000000000000008,0.0,0.0,0.0,0.0,0.0,0.00048866969810298,0.0075886696981028725,0.07217499999999999,0.00048866969810298,0.0,0.0,0.05925773393962137,0.035112248760190756,-0.010825190422896123,0.05042472848788639,-0.0027062976057240307,0.03781854636591478,0.004430528295358368,0.004430528295358368,0.47895562524747043,0.149042356176625,0.05402820879120072,0.0,0.0,0.01579443182529025,0.0,0.0,0.007099999999999893,0.05647472848788638,-0.0060500000000000016,0.023,0.0955,-0.006671923014800995,-0.0014707876252941787,-0.0052011353895068165,0.17576213590800763,0.14383563660085202,0.03192649930715561,0.9367002248764038,0.10061180591583252,8064,7388,0,0.25273868851363657,0.8463815689086914,10,8,15452,8064,7388,0.08313097068281361,cuda,71.85986328125
75,116,200,True,948,948,878,661,217,35,182,0.24715261958997722,0.03986332574031891,0.2072892938496583,0.4281391830559758,2.0711043872919817,0.7818297294282697,13.551866382766239,25.681367022592614,0.6008102477132501,0.5127092255180795,0.23355821967012222,0.03165849536352998,0.14877592165829012,0.49799259784723016,0.2511427727162996,0.06435102617361761,0.14240032396985164,0.014716627670849358,-0.01758455304617737,-0.03269253081008763,0.0063755976884384835,12.210706150341686,12.210706150341686,9.528473804100228,0.5159453302961275,0.12544632533685007,0.07715741743700169,-0.03067733852404709,-0.024203246266207613,878,70,0,70,1.0,2.0991561181434597,2.0991561181434597,1.7642369020501139,127.31906405529733,73.23009640470033,-6.135599149745182,79.36569555444554,0.9282396930833323,200.54916045999767,0.06365953202764867,0.03661504820235017,0.10027458022999883,0.7642857142857142,214,180,34,66,0,179,155.35973748473748,110.22092740592738,6,60,6.0,4.0,33,0,182,35,0,35,182,0,4909.878871304944,490.9878871304944,10651.777576159271,1065.177757615927,512.4597716659298,51.24597716659298,6186.334490409135,618.6334490409134,4390.0,439.0,0,0,0.07767986874236874,-0.0033,0.07767986874236874,-0.0033,0.0,0.0,0.07767986874236874,0.003,0.07627944853686768,0.1451127425182075,-0.11435423172648526,0.002844970968708724,0.0006181851687682973,-0.01444129363078075,-0.000975024003380392,-0.0005250000000000004,-0.00035502400338039195,-9.500000000000007e-05,0.0,0.0,0.0,0.0,0.0,0.0006181851687682973,0.007578185168768193,0.07767986874236874,0.0006181851687682973,0.0,0.0,0.0636595320276495,0.036615048202350155,-0.012271198299490364,0.0529104637029637,-0.003067799574872591,0.039682847777222766,0.002844970968708724,0.002844970968708724,0.5026113114383721,0.18830331458725108,0.07467391199562741,0.0,0.0,0.021437030267017383,0.0,0.0,0.006959999999999896,0.05511046370296369,-0.0022,0.0175,0.091,-0.006671923014800995,-0.0014707876252941787,-0.0052011353895068165,0.17576213590800763,0.14383563660085202,0.03192649930715561,0.9367002248764038,0.10061180591583252,8064,7388,0,0.25273868851363657,0.8463815689086914,10,8,15452,8064,7388,0.08313097068281361,cuda,71.85986328125
76,117,200,True,990,990,911,720,191,50,141,0.20965971459934138,0.054884742041712405,0.15477497255762898,0.39444444444444443,2.1180555555555554,0.7494827946441041,14.242227979501088,24.584208572573132,0.5806609673511249,0.4959537436771724,0.2345653962654372,0.038741657665620245,0.14322876333155565,0.48383659145070446,0.24903015499261932,0.06370002119801939,0.13575442116707565,0.01211715222646792,-0.014464758727182114,-0.024958363532399143,0.007474342164480008,11.773874862788144,11.773874862788144,8.917672886937432,0.5609220636663008,0.13787495803383035,0.13514348783815827,-0.07871179089003581,-0.04390187731823462,911,79,0,79,1.0,2.01010101010101,2.01010101010101,1.7508232711306257,128.8987027889968,68.82079448349053,-6.065405391196225,74.88619987468671,0.9250736860464398,197.71949727248733,0.0644493513944984,0.034410397241745265,0.09885974863624367,0.717391304347826,198,172,26,78,0,170,157.01666666666665,113.04826649958225,12,66,12.0,12.0,26,0,141,50,0,50,141,0,4711.87394731214,471.18739473121406,10332.099782909867,1033.2099782909868,527.214172382475,52.7214172382475,5936.810151179542,593.6810151179542,4555.0,455.5,0,0,0.07850833333333332,-0.006599999999999999,0.07850833333333332,-0.006599999999999999,0.0,0.0,0.07850833333333332,0.006,0.07258226047460256,0.15777882435370716,-0.11836889236754423,0.0042323068084737705,0.000513423639158673,-0.01520275984990104,-0.0012506770807061104,-0.0007500000000000006,-0.0003706770807061102,-0.0001300000000000001,0.0,0.0,0.0,0.0,0.0,0.000513423639158673,0.008213423639158553,0.07850833333333332,0.000513423639158673,0.0,0.0,0.06444935139449938,0.03441039724174524,-0.01213081078239245,0.049924133249791135,-0.0030327026955981125,0.037443099937343356,0.0042323068084737705,0.0042323068084737705,0.4992985729823621,0.1926085751734973,0.058841801207247135,0.0,0.0,0.01626761318832213,0.0,0.0,0.0076999999999998806,0.05652413324979112,-0.006599999999999999,0.025,0.0705,-0.006671923014800995,-0.0014707876252941787,-0.0052011353895068165,0.17576213590800763,0.14383563660085202,0.03192649930715561,0.9367002248764038,0.10061180591583252,8064,7388,0,0.25273868851363657,0.8463815689086914,10,8,15452,8064,7388,0.08313097068281361,cuda,71.85986328125
77,118,200,True,967,967,870,569,301,51,250,0.34597701149425286,0.05862068965517241,0.28735632183908044,0.43409490333919154,2.0,0.7552941154511825,14.098473607551025,30.728146920442214,0.572721664747167,0.4947063311122633,0.16007567115900595,0.08535831525057606,0.15051713770153965,0.48565003626794934,0.1783114852488486,0.12082916482225689,0.1393273193520119,0.009056294844313972,-0.01823581408984265,-0.035470849571680826,0.011189818349527758,10.057471264367816,10.057471264367816,7.732183908045977,0.42528735632183906,0.17497358261853718,0.08442068867037275,-0.08678777992543278,-0.051145563138511936,870,97,0,97,1.0,1.9007238883143744,1.9007238883143744,1.6402298850574712,86.01437336541545,48.04250850305131,-4.704001237208418,52.746509740259704,0.9181208111612217,134.05688186846675,0.043007186682707726,0.024021254251525653,0.06702844093423338,0.85,238,145,93,42,0,142,106.2,74.72867965367966,4,38,4.0,4.0,93,0,250,51,1,51,250,0,4417.439240480199,441.74392404801995,9316.437951532664,931.6437951532664,411.7306802756982,41.17306802756982,5560.909207975774,556.0909207975774,4350.0,435.0,0,1,0.0531,-0.0022,0.0531,-0.0022,0.0,0.0,0.0531,0.002,0.06132507638491532,0.1256615067025644,-0.0886048081307142,0.00372603345003143,0.000435933413538504,-0.011850131905584009,-0.0012759527135802252,-0.0007650000000000006,-0.0003734527135802249,-0.0001375000000000001,0.0,0.0,0.0,-0.001,-0.001,0.000435933413538504,0.0066359334135384146,0.0521,0.000435933413538504,0.0,0.0,0.04300718668270828,0.02402125425152563,-0.009408002474416836,0.03516433982683985,-0.002352000618604209,0.026373254870129852,0.00372603345003143,0.00372603345003143,0.41850270707246146,0.116921534377407,0.08023999713868842,0.0,0.0,0.011336751280000083,0.0,0.0,0.006199999999999912,0.03736433982683984,-0.0022,0.0255,0.125,-0.006671923014800995,-0.0014707876252941787,-0.0052011353895068165,0.17576213590800763,0.14383563660085202,0.03192649930715561,0.9367002248764038,0.10061180591583252,8064,7388,0,0.25273868851363657,0.8463815689086914,10,8,15452,8064,7388,0.08313097068281361,cuda,71.85986328125
78,119,200,True,1056,1056,971,754,217,86,131,0.223480947476828,0.08856848609680741,0.1349124613800206,0.4469496021220159,1.9854111405835544,0.7620824315740828,13.825883576977475,26.171849485891883,0.5649144587345392,0.5011572648897095,0.2707340310448756,0.09046567405082424,0.14353714506351822,0.49316717184269776,0.2848545592982292,0.1350402065073523,0.12558250480012806,0.007990093047011704,-0.014120528253353637,-0.04457453245652805,0.017954640263390165,13.285272914521112,13.285272914521112,10.423274974253347,0.548918640576725,0.13046742308883102,0.14842947219325076,-0.1169764362736854,-0.05703713266480886,971,85,0,85,1.0,1.865530303030303,1.865530303030303,1.6374871266735325,93.03334098860655,45.74595622100011,-7.1196329692214535,52.86558919022153,0.8813102175349589,138.77929720960665,0.046516670494303275,0.022872978110500052,0.06938964860480333,0.781021897810219,214,163,51,60,0,160,111.897619047619,79.28745225362871,8,52,8.0,8.0,51,0,131,86,0,86,131,0,4501.259167680075,450.12591676800747,9887.665275769286,988.7665275769286,513.3697016099405,51.336970160994056,5668.913625074636,566.8913625074636,4855.0,485.5,0,0,0.05594880952380949,-0.0044,0.05594880952380949,-0.0044,0.0,0.0,0.05594880952380949,0.004,0.06839755409456429,0.17523121356060767,-0.17170921019610377,0.0027573156406767055,0.00038811437627811056,-0.015488927323194701,-0.0021529674704860993,-0.0012899999999999988,-0.0006329674704860999,-0.00023000000000000017,0.0,0.0,0.0,0.0,0.0,0.00038811437627811056,0.008788114376277975,0.05594880952380949,0.00038811437627811056,0.0,0.0,0.046516670494304184,0.022872978110500045,-0.014239265938442908,0.03524372612681438,-0.003559816484610727,0.026432794595110765,0.0027573156406767055,0.0027573156406767055,0.4988872784986555,0.216844553476124,0.10685901290910035,0.0,0.0,0.008278370447491783,0.0,0.0,0.008399999999999866,0.03964372612681437,-0.0044,0.043,0.0655,-0.006671923014800995,-0.0014707876252941787,-0.0052011353895068165,0.17576213590800763,0.14383563660085202,0.03192649930715561,0.9367002248764038,0.10061180591583252,8064,7388,0,0.25273868851363657,0.8463815689086914,10,8,15452,8064,7388,0.08313097068281361,cuda,71.85986328125
79,120,200,True,1141,1141,1044,816,228,84,144,0.21839080459770116,0.08045977011494253,0.13793103448275862,0.38112745098039214,2.136029411764706,0.7914403151611195,13.400487358663597,26.44982733372964,0.5320312489380811,0.5071822222614405,0.2881166753906976,0.09660889226349764,0.1533718412746584,0.49972557775018844,0.3022622778856506,0.14660470254716976,0.13255580791098742,0.007456644511252053,-0.014145602494953002,-0.049995810283672115,0.020816033363670966,13.110153256704981,13.110153256704981,10.130268199233717,0.5833333333333334,0.07681217202444743,0.13338614834529233,-0.1249086002448382,-0.12220209369099053,1044,97,0,97,1.0,1.7353198948290973,1.7353198948290973,1.510536398467433,80.82392359086236,39.633120802460525,-6.90386512827543,46.536985930735916,0.870812964399614,120.45704439332289,0.04041196179543118,0.01981656040123026,0.060228522196661444,0.8731884057971014,241,145,96,35,0,143,96.39285714285714,63.149314574314616,1,34,1.0,1.0,96,0,144,84,0,84,144,0,4181.951936974987,418.19519369749867,9212.342456182585,921.2342456182585,502.39595059182625,50.239595059182626,5263.493427855979,526.3493427855979,5220.0,522.0,0,0,0.048196428571428564,-0.00055,0.048196428571428564,-0.00055,0.0,0.0,0.048196428571428564,0.0005,0.06109985562847787,0.19753009821345766,-0.1917712884450763,0.0035969939085522223,0.0002740946914415063,-0.015786818164264593,-0.0021053131309217163,-0.0012599999999999992,-0.0006178131309217162,-0.00022750000000000016,0.0,0.0,0.0,0.0,0.0,0.0002740946914415063,0.009274094691441359,0.048196428571428564,0.0002740946914415063,0.0,0.0,0.040411961795431925,0.019816560401230296,-0.01380773025655086,0.031024657287157316,-0.003451932564137715,0.023268492965367957,0.0035969939085522223,0.0035969939085522223,0.49951183166092833,0.2279150205777883,0.11514919659272486,0.0,0.0,0.004484221888675004,0.0,0.0,0.008999999999999852,0.03157465728715732,-0.00055,0.042,0.072,-0.006671923014800995,-0.0014707876252941787,-0.0052011353895068165,0.17576213590800763,0.14383563660085202,0.03192649930715561,0.9367002248764038,0.10061180591583252,8064,7388,0,0.25273868851363657,0.8463815689086914,10,8,15452,8064,7388,0.08313097068281361,cuda,71.85986328125
80,121,200,True,1030,1030,955,661,294,59,235,0.3078534031413613,0.061780104712041886,0.24607329842931938,0.45537065052950076,2.0211800302571863,0.7593808061191065,13.975748581532812,27.95537253028506,0.547263440883756,0.5061864931807035,0.244112304430145,0.058534413760699865,0.15656430586191872,0.4940950313692915,0.2500876526062274,0.09393141886646297,0.13866720716335137,0.012091461811412019,-0.00597534817608239,-0.03539700510576311,0.017897098698567343,11.603141361256544,11.603141361256544,9.146596858638743,0.49947643979057593,0.09900731052982216,0.07571399950767366,-0.0835994889364493,-0.11789267414157034,955,75,0,75,1.0,1.9262135922330097,1.9262135922330097,1.675392670157068,113.55602302627001,67.54191524346328,-5.5916699213718735,73.13358516483517,0.928972349276623,181.09793826973328,0.056778011513135,0.03377095762173164,0.09054896913486664,0.7256317689530686,201,159,42,76,0,157,138.08333333333334,104.11144688644687,6,70,6.0,6.0,40,0,235,59,0,59,235,0,4564.651042803917,456.46510428039176,9904.178071254337,990.4178071254337,456.8529717046776,45.68529717046776,5747.481202848264,574.7481202848264,4775.0,477.5,0,0,0.06904166666666667,-0.0033,0.06904166666666667,-0.0033,0.0,0.0,0.06904166666666667,0.003,0.06747098037635077,0.15156723854414775,-0.14096216585101587,0.002904449225879209,0.0005233908990083284,-0.013154223069485767,-0.0015751705843947295,-0.0008850000000000007,-0.0005201705843947299,-0.00017000000000000012,0.0,0.0,0.0,0.0,0.0,0.0005233908990083284,0.007723390899008219,0.06904166666666667,0.0005233908990083284,0.0,0.0,0.056778011513135815,0.03377095762173164,-0.011183339842743747,0.04875572344322343,-0.0027958349606859367,0.03656679258241759,0.002904449225879209,0.002904449225879209,0.4700761980243407,0.17518353976378165,0.06441530628880172,0.0,0.0,0.013350664143644086,0.0,0.0,0.0071999999999998905,0.052055723443223435,-0.0033,0.0295,0.1175,-0.006671923014800995,-0.0014707876252941787,-0.0052011353895068165,0.17576213590800763,0.14383563660085202,0.03192649930715561,0.9367002248764038,0.10061180591583252,8064,7388,0,0.25273868851363657,0.8463815689086914,10,8,15452,8064,7388,0.08313097068281361,cuda,71.85986328125
81,122,200,True,1003,1003,907,617,290,44,246,0.3197353914002205,0.04851157662624035,0.27122381477398017,0.41166936790923825,2.0777957860615883,0.7526435507174636,14.020441775576995,29.423373022960497,0.5709677684598948,0.5016036328996986,0.187390596386969,0.04746735054619212,0.15526636137145555,0.493851071190409,0.20429390840491995,0.09103655377142524,0.13996173867976935,0.007752561709289563,-0.01690331201795095,-0.04356920322523312,0.015304622691686198,11.587651598676956,11.587651598676956,9.243660418963616,0.4564498346196251,0.21225969515558554,0.07967794423742812,-0.038111771963858954,-0.06150368606065491,907,96,0,96,1.0,1.975074775672981,1.975074775672981,1.7221609702315326,110.10843661380294,59.51106003615673,-5.112108462011756,64.62316849816848,0.9266926484721522,169.61949664995967,0.05505421830690147,0.029755530018078364,0.08480974832497984,0.8237410071942446,229,157,72,49,0,155,134.05238095238093,96.06422466422467,9,40,9.0,9.0,70,0,246,44,0,44,246,0,4749.484093610669,474.9484093610669,10268.986164323844,1026.8986164323844,441.501942062994,44.150194206299396,5981.228140330647,598.1228140330647,4535.0,453.5,0,0,0.06702619047619046,-0.0049499999999999995,0.06702619047619046,-0.0049499999999999995,0.0,0.0,0.06702619047619046,0.0045,0.06706525086401689,0.13525882925890603,-0.10581675500426009,0.003380525260436833,0.0005563296297455093,-0.012810440481077446,-0.0010600503178627312,-0.0006600000000000004,-0.00028755031786273095,-0.00011250000000000009,0.0,0.0,0.0,0.0,0.0,0.0005563296297455093,0.007166329629745414,0.06702619047619046,0.0005563296297455093,0.0,0.0,0.05505421830690228,0.029755530018078385,-0.010224216924023512,0.04308211233211233,-0.002556054231005878,0.032311584249084244,0.003380525260436833,0.003380525260436833,0.4670149483680979,0.14935295642931978,0.08167929523692578,0.0,0.0,0.014959655183781928,0.0,0.0,0.006609999999999903,0.04803211233211232,-0.0049499999999999995,0.022,0.123,-0.004109806813713577,-0.001680813678022888,-0.002428993135690689,0.14911158369647132,0.11709930019246208,0.03201228350400925,0.9505729079246521,0.11217111349105835,8257,7543,0,0.2468805299864875,0.7546783598264059,11,8,15800,8257,7543,0.07829077422590713,cuda,73.86279296875
82,123,200,True,1057,1057,988,739,249,70,179,0.2520242914979757,0.0708502024291498,0.1811740890688259,0.39648173207036536,2.081190798376184,0.7579258583556654,13.95608129488438,25.415669461992017,0.5842610281463027,0.4952361654686831,0.22227826896495362,0.07415508105027639,0.13973645937499238,0.49324463811956337,0.23759998270236107,0.1358675103425395,0.13148891693170162,0.001991527349119726,-0.015321713737407455,-0.0617124292922631,0.008247542443290762,11.678137651821862,11.678137651821862,8.878542510121457,0.541497975708502,0.11172613818142887,0.11162326391770333,-0.08944507012628504,-0.05797226802731333,988,69,0,69,1.0,1.8741721854304636,1.8741721854304636,1.625506072874494,98.12871056893465,49.899013632278695,-6.913364185981506,56.812377818260146,0.8915137906825573,148.02772420121335,0.04906435528446733,0.024949506816139347,0.07401386210060668,0.7634408602150538,213,159,54,66,1,157,118.43015873015871,82.34983709101357,6,60,6.0,6.0,51,0,179,70,0,70,179,0,4527.847232442522,452.7847232442522,9873.466208055685,987.3466208055685,508.08235443134527,50.80823544313453,5701.4073429576065,570.1407342957607,4940.0,494.0,0,0,0.05921507936507936,-0.0033,0.05921507936507936,-0.0033,0.0,0.0,0.05921507936507936,0.003,0.06738979181431466,0.16693959970096237,-0.14200400242140102,0.0036246081708761584,0.00037145896201914866,-0.015700687267281264,-0.0018428663945437276,-0.0010500000000000006,-0.0005978663945437277,-0.00019500000000000013,0.0,0.0,0.0,0.0,0.0,0.00037145896201914866,0.008461458962019022,0.05921507936507936,0.00037145896201914866,0.0,0.0,0.04906435528446827,0.024949506816139354,-0.013826728371963012,0.03787491854550679,-0.003456682092990753,0.028406188909130072,0.0036246081708761584,0.0036246081708761584,0.49569678702419445,0.18425639393387694,0.11557652835608188,0.0,0.0,0.013892647921046554,0.0,0.0,0.008089999999999872,0.041174918545506804,-0.0033,0.035,0.0895,-0.004109806813713577,-0.001680813678022888,-0.002428993135690689,0.14911158369647132,0.11709930019246208,0.03201228350400925,0.9505729079246521,0.11217111349105835,8257,7543,0,0.2468805299864875,0.7546783598264059,11,8,15800,8257,7543,0.07829077422590713,cuda,73.86279296875
83,124,200,True,1037,1037,953,687,266,70,196,0.27911857292759706,0.07345225603357818,0.20566631689401887,0.37700145560407566,2.1790393013100435,0.7682604436400676,13.842469691536138,25.74047326946189,0.5623319130616257,0.5377154616853209,0.2414164809236273,0.06797417900436917,0.16732217419724452,0.5295294481377067,0.2596387426115388,0.11850264487690475,0.14034677880343044,0.008186013547614168,-0.018222261687911495,-0.05052846587253558,0.026975395393814078,13.760755508919203,13.756558237145855,10.99685204616999,0.6075550891920252,0.13145910711337078,0.11032293868968253,-0.12041055202817802,-0.0702457321402361,953,84,0,84,1.0,1.8977820636451301,1.8977820636451301,1.620146904512067,104.7107193089355,52.179278413453694,-6.645537247216249,58.82481566066993,0.8984954723466021,156.88999772238918,0.05235535965446775,0.02608963920672685,0.07844499886119459,0.8175438596491228,233,168,65,52,0,164,126.83333333333329,87.71165223665226,10,42,10.0,8.435058808265756,63,0,196,70,0,70,196,0,4523.135718522045,452.3135718522045,9849.986305205392,984.9986305205391,479.2054828753872,47.92054828753872,5700.12823326319,570.012823326319,4765.0,476.5,0,0,0.06341666666666665,-0.005499999999999998,0.06341666666666665,-0.005499999999999998,0.0,0.0,0.06341666666666665,0.005,0.06998730903432018,0.16893652980488089,-0.15587146395542198,0.002117095157155719,0.0005401316056721874,-0.014048073617095699,-0.0018713569459729877,-0.0010500000000000006,-0.0006138569459729875,-0.00020750000000000016,0.0,0.0,0.0,0.0,0.0,0.0005401316056721874,0.008110131605672071,0.06341666666666665,0.0005401316056721874,0.0,0.0,0.05235535965446865,0.02608963920672688,-0.013291074494432498,0.03921654377377997,-0.0033227686236081246,0.029412407830334962,0.002117095157155719,0.002117095157155719,0.5093958832166253,0.18572224590050584,0.08100047332010021,0.0,0.0,0.012892397774966029,0.0,0.0,0.007569999999999883,0.04385582611832613,-0.004639282344546165,0.035,0.098,-0.004109806813713577,-0.001680813678022888,-0.002428993135690689,0.14911158369647132,0.11709930019246208,0.03201228350400925,0.9505729079246521,0.11217111349105835,8257,7543,0,0.2468805299864875,0.7546783598264059,11,8,15800,8257,7543,0.07829077422590713,cuda,73.86279296875
84,125,200,True,1044,1044,964,672,292,68,224,0.3029045643153527,0.07053941908713693,0.23236514522821577,0.375,2.1666666666666665,0.7322095033402244,14.605833524749393,28.744197034432243,0.602030575006817,0.5315490777692979,0.21734174249494181,0.04864671044578288,0.15080686059081927,0.5214612035169488,0.23790932328778408,0.09401679949500942,0.14008405510823996,0.010087874252349138,-0.020567580792842266,-0.04537008904922654,0.010722805482579312,13.995850622406639,13.994813278008298,11.33091286307054,0.5425311203319502,0.16464767266830727,0.09451151562458389,-0.02198056122312079,0.004041781187369632,964,80,0,80,1.0,1.89272030651341,1.89272030651341,1.6628630705394192,103.13771997360237,53.120459739606225,-6.48160486245839,59.60206460206459,0.9019182058899129,156.2581797132086,0.051568859986801184,0.026560229869803113,0.0781290898566043,0.8175438596491228,233,167,66,52,0,165,124.9523809523809,86.06941946941949,8,44,8.0,6.0,66,0,224,68,0,68,224,0,4515.846959575498,451.5846959575498,9882.677193789315,988.2677193789316,492.79230757671365,49.279230757671364,5690.031022711065,569.0031022711065,4820.0,482.0,0,0,0.06247619047619045,-0.004399999999999999,0.06247619047619045,-0.004399999999999999,0.0,0.0,0.06247619047619045,0.004,0.07040238025629061,0.16453416074073185,-0.14158133291008362,0.0035104061225515646,0.0005395380292438848,-0.014711438059417662,-0.0018175341111679895,-0.0010200000000000007,-0.000610034111167989,-0.00018750000000000014,0.0,0.0,0.0,0.0,0.0,0.0005395380292438848,0.00793953802924377,0.06247619047619045,0.0005395380292438848,0.0,0.0,0.0515688599868019,0.02656022986980313,-0.01296320972491678,0.039734709734709765,-0.003240802431229195,0.029801032301032294,0.0035104061225515646,0.0035104061225515646,0.49029766695935234,0.16435270136236585,0.08001742156666536,0.0,0.0,0.01242911849939081,0.0,0.0,0.007399999999999887,0.043034709734709756,-0.0033,0.034,0.112,-0.004109806813713577,-0.001680813678022888,-0.002428993135690689,0.14911158369647132,0.11709930019246208,0.03201228350400925,0.9505729079246521,0.11217111349105835,8257,7543,0,0.2468805299864875,0.7546783598264059,11,8,15800,8257,7543,0.07829077422590713,cuda,73.86279296875
85,126,200,True,1001,1001,915,637,278,46,232,0.3038251366120219,0.05027322404371585,0.253551912568306,0.42229199372056514,2.061224489795918,0.7700395032038307,13.976374379132569,26.943930528601822,0.5401246986069367,0.5037886127244734,0.23114139945765305,0.049145225181099574,0.15994344723777879,0.4955246310265884,0.24522983331344378,0.0785149542236148,0.15099835731059874,0.008263981697885003,-0.014088433855790727,-0.02936972904251523,0.008945089927180044,10.901639344262295,10.901639344262295,8.453551912568306,0.4786885245901639,0.08395999846141533,0.0767644980212148,-0.11942181863722072,-0.05766020816238518,915,86,0,86,1.0,1.962037962037962,1.962037962037962,1.7169398907103826,108.07284717815088,67.1052980394805,-4.805416246233806,71.91071428571426,0.9373610710953075,175.17814521763137,0.05403642358907544,0.03355264901974025,0.08758907260881568,0.8098591549295775,230,163,67,54,0,159,131.33333333333331,99.18095238095239,3,51,3.0,3.0,64,0,232,46,0,46,232,0,4761.634481913042,476.16344819130416,10244.69328184058,1024.469328184058,443.7967888056635,44.379678880566345,5999.188155248414,599.9188155248414,4575.0,457.5,0,0,0.06566666666666664,-0.0016500000000000002,0.06566666666666664,-0.0016500000000000002,0.0,0.0,0.06566666666666664,0.0015,0.06825725989550141,0.14204992605592878,-0.11352960071213537,0.004049930866722363,0.0006854512787104649,-0.01251125211155867,-0.001155058813059909,-0.0006900000000000005,-0.00033255881305990835,-0.00013250000000000008,0.0,0.0,0.0,0.0,0.0,0.0006854512787104649,0.007515451278710363,0.06566666666666664,0.0006854512787104649,0.0,0.0,0.05403642358907626,0.033552649019740234,-0.009610832492467612,0.0479404761904762,-0.002402708123116903,0.03595535714285713,0.004049930866722363,0.004049930866722363,0.4780821865942063,0.16483478384116992,0.05932056644214901,0.0,0.0,0.013780993788144855,0.0,0.0,0.006829999999999899,0.04959047619047619,-0.0016500000000000002,0.023,0.116,-0.004109806813713577,-0.001680813678022888,-0.002428993135690689,0.14911158369647132,0.11709930019246208,0.03201228350400925,0.9505729079246521,0.11217111349105835,8257,7543,0,0.2468805299864875,0.7546783598264059,11,8,15800,8257,7543,0.07829077422590713,cuda,73.86279296875
86,127,200,True,1020,1020,930,636,294,44,250,0.3161290322580645,0.047311827956989246,0.26881720430107525,0.4166666666666667,2.0455974842767297,0.7302830424511207,14.714190850467801,24.899233393183668,0.5672914160597955,0.4736893713333697,0.21661863176140395,0.06366732527074292,0.14100733918354572,0.462425023832786,0.23068481217776923,0.10485005596141571,0.12789699274742003,0.011264347500583693,-0.014066180416365287,-0.041182730690672784,0.013110346436125686,9.936559139784947,9.936559139784947,7.537634408602151,0.44193548387096776,0.14397447709947486,0.14447024755775068,-0.13934801906458957,-0.09022131805962506,930,90,0,90,1.0,1.9519607843137254,1.9519607843137254,1.6870967741935483,102.72118952619812,57.36821062776186,-5.34934889604766,62.71755952380951,0.9214104324666655,160.08940015395999,0.05136059476309906,0.02868410531388093,0.08004470007697999,0.8345323741007195,232,157,75,46,0,156,124.74285714285716,86.92341269841266,3,43,3.0,3.0,75,0,250,44,0,44,250,0,4744.633754947023,474.4633754947023,10247.998652872058,1024.7998652872059,450.68235671118845,45.06823567111884,5974.8164955800585,597.4816495580059,4650.0,465.0,0,0,0.06237142857142857,-0.0016500000000000002,0.06237142857142857,-0.0016500000000000002,0.0,0.0,0.06237142857142857,0.0015,0.06741702531442019,0.1320820833109565,-0.09322338377522972,0.003501028758207238,0.0005172595297809216,-0.013119903311312527,-0.001223668415034819,-0.0006600000000000004,-0.00044366841503481943,-0.0001200000000000001,0.0,0.0,0.0,0.0,0.0,0.0005172595297809216,0.00731725952978082,0.06237142857142857,0.0005172595297809216,0.0,0.0,0.0513605947630999,0.02868410531388095,-0.01069869779209532,0.04181170634920635,-0.00267467444802383,0.03135877976190476,0.003501028758207238,0.003501028758207238,0.46442220012128443,0.15328613248724,0.07829017629584586,0.0,0.0,0.017547462474496078,0.0,0.0,0.0067999999999999,0.04346170634920634,-0.0016500000000000002,0.022,0.125,-0.004109806813713577,-0.001680813678022888,-0.002428993135690689,0.14911158369647132,0.11709930019246208,0.03201228350400925,0.9505729079246521,0.11217111349105835,8257,7543,0,0.2468805299864875,0.7546783598264059,11,8,15800,8257,7543,0.07829077422590713,cuda,73.86279296875
87,128,200,True,1020,1020,912,538,374,38,336,0.4100877192982456,0.041666666666666664,0.3684210526315789,0.395910780669145,2.1356877323420074,0.7837761562442248,13.502050318239347,29.06044718171695,0.594999020819396,0.5480937694639079,0.2158358906600001,0.08673177277980905,0.15037880320669772,0.5384467076302462,0.2387078716835097,0.12199808976900345,0.1424000794448817,0.009647061833661708,-0.022871981023509597,-0.0352663169891944,0.00797872376181602,11.887061403508772,11.887061403508772,9.755482456140351,0.45614035087719296,0.12203009366781009,0.04224160632854832,-0.11458823694041619,-0.11495186619585995,912,108,0,108,1.0,1.9323529411764706,1.9323529411764706,1.6962719298245614,104.38206040731585,62.35301298296802,-5.21366200870694,67.56667499167497,0.9283644151210845,166.73507339028387,0.05219103020365792,0.03117650649148401,0.08336753669514194,0.7553191489361702,213,164,49,69,0,162,127.33571428571429,95.58889998889998,5,64,5.0,5.0,48,0,336,38,0,38,336,0,4681.688753641661,468.16887536416607,10089.456033648006,1008.9456033648006,414.74158944447527,41.474158944447524,5896.831554755453,589.6831554755453,4560.0,456.0,0,0,0.06366785714285715,-0.00275,0.06366785714285715,-0.00275,0.0,0.0,0.06366785714285715,0.0025,0.06938264056998637,0.12745816119818626,-0.11670357512812896,0.00231624540278242,0.0005237224468609323,-0.011640344484620615,-0.0009294928049687997,-0.0005700000000000004,-0.0002594928049687998,-0.00010000000000000007,0.0,0.0,0.0,0.0,0.0,0.0005237224468609323,0.006283722446860853,0.06366785714285715,0.0005237224468609323,0.0,0.0,0.052191030203658506,0.031176506491484006,-0.010427324017413881,0.04504444999445,-0.0026068310043534703,0.033783337495837486,0.00231624540278242,0.00231624540278242,0.4573385839994398,0.1575118510976733,0.08915646802450919,0.0,0.0,0.012462230051316693,0.0,0.0,0.005759999999999921,0.04779444999444999,-0.00275,0.019,0.168,-0.004109806813713577,-0.001680813678022888,-0.002428993135690689,0.14911158369647132,0.11709930019246208,0.03201228350400925,0.9505729079246521,0.11217111349105835,8257,7543,0,0.2468805299864875,0.7546783598264059,11,8,15800,8257,7543,0.07829077422590713,cuda,73.86279296875
88,129,200,True,1075,1075,974,666,308,69,239,0.3162217659137577,0.07084188911704312,0.24537987679671458,0.47297297297297297,1.9984984984984986,0.7732190317040807,13.710977182016,25.984042425995117,0.5424627346525828,0.4742657234584605,0.21744586462462628,0.10967078154442368,0.14458746152339844,0.4670789573151428,0.23152026218745309,0.16092190949362353,0.12920523154641594,0.007186766143317702,-0.014074397562826801,-0.05125112794919985,0.015382229976982492,9.826488706365502,9.826488706365502,7.524640657084189,0.44455852156057496,0.1807471996954477,0.12600537744621607,-0.12392082189080611,-0.06976215282776423,974,101,0,101,1.0,1.8232558139534885,1.8232558139534885,1.5646817248459959,78.24806544231582,41.60630512355226,-5.699904598098632,47.30620972165089,0.8924670357137476,119.85437056586808,0.03912403272115791,0.02080315256177613,0.05992718528293404,0.8763250883392226,248,147,101,35,0,142,93.92142857142854,68.57494629553455,6,29,6.0,5.0,99,0,239,69,0,69,239,0,4547.376790621989,454.73767906219894,9858.6900841744,985.8690084174401,440.75781446301966,44.07578144630197,5721.3911309081595,572.139113090816,4870.0,487.0,0,0,0.046960714285714265,-0.0033,0.046960714285714265,-0.0033,0.0,0.0,0.046960714285714265,0.003,0.06138675661785138,0.14445995322096816,-0.12369204715477794,0.003074020360949621,0.0004273064629323546,-0.01313746111198196,-0.0017357908890734868,-0.0010350000000000005,-0.0004957908890734871,-0.00020500000000000013,0.0,0.0,0.0,0.0,0.0,0.0004273064629323546,0.007777306462932243,0.046960714285714265,0.0004273064629323546,0.0,0.0,0.0391240327211586,0.020803152561776166,-0.011399809196197264,0.03153747314776729,-0.002849952299049316,0.023653104860825443,0.003074020360949621,0.003074020360949621,0.45541897217440647,0.15904692809995666,0.11996867213450592,0.0,0.0,0.00850882683340228,0.0,0.0,0.007349999999999888,0.03428747314776728,-0.00275,0.0345,0.1195,-0.004109806813713577,-0.001680813678022888,-0.002428993135690689,0.14911158369647132,0.11709930019246208,0.03201228350400925,0.9505729079246521,0.11217111349105835,8257,7543,0,0.2468805299864875,0.7546783598264059,11,8,15800,8257,7543,0.07829077422590713,cuda,73.86279296875
89,130,200,True,1061,1061,988,689,299,59,240,0.3026315789473684,0.0597165991902834,0.242914979757085,0.42670537010159654,2.088534107402032,0.7586186917496004,13.948991631561855,27.26418092193728,0.5560809514114933,0.5219185781842219,0.18820723045092883,0.06738408271855903,0.16247259660560437,0.5163278490824,0.21827208977571116,0.108995200161003,0.14391648769378662,0.005590729101821901,-0.03006485932478234,-0.04161111744244397,0.018556108911817748,12.762145748987853,12.762145748987853,10.186234817813766,0.5273279352226721,0.10889795974945984,0.06726056345365934,-0.08262940311382838,-0.05339524421395316,988,73,0,73,1.0,1.8708765315739868,1.8708765315739868,1.6133603238866396,102.2067559572394,57.01230216144185,-6.437697838558148,63.44999999999998,0.9078851065686934,159.21905811868123,0.0511033779786197,0.028506151080720927,0.07960952905934061,0.8327402135231317,234,168,66,47,0,166,123.70952380952379,87.9,3,44,3.0,3.0,65,0,240,59,0,59,240,0,4490.673245242536,449.0673245242536,9779.333829120538,977.9333829120538,460.4473878162102,46.04473878162102,5660.756137713216,566.0756137713216,4940.0,494.0,0,0,0.06185476190476188,-0.0016500000000000002,0.06185476190476188,-0.0016500000000000002,0.0,0.0,0.06185476190476188,0.0015,0.07058890278359418,0.16313961626483403,-0.13485750244294814,0.0027495416085408526,0.0006178422740508395,-0.013932355469009047,-0.0015915360664455586,-0.0008850000000000007,-0.0005465360664455584,-0.00016000000000000012,0.0,0.0,0.0,0.0,0.0,0.0006178422740508395,0.008097842274050726,0.06185476190476188,0.0006178422740508395,0.0,0.0,0.05110337797862035,0.028506151080720934,-0.012875395677116297,0.04229999999999999,-0.003218848919279074,0.03172499999999999,0.0027495416085408526,0.0027495416085408526,0.4836629796420232,0.15992156143445907,0.08341176974083443,0.0,0.0,0.013963499555692383,0.0,0.0,0.007479999999999885,0.04394999999999999,-0.0016500000000000002,0.0295,0.12,-0.006757225492037833,-0.0033342745775977773,-0.0034229509144400555,0.17751930055518944,0.1441718767086665,0.033347423846522964,0.9410145878791809,0.12040960788726807,8280,7674,0,0.22366539306110805,0.7564439598719279,12,8,15954,8280,7674,0.08489919361089213,cuda,74.53515625
90,131,200,True,1157,1157,1074,841,233,71,162,0.2169459962756052,0.06610800744878957,0.15083798882681565,0.4351961950059453,2.0677764565992867,0.7530030875724788,14.042663702358105,26.63794795080397,0.5476221316458231,0.4967024582709484,0.24704952493274537,0.07064898927418092,0.1512269281829828,0.49038436845848593,0.2623146434993385,0.1188205380699244,0.13040642932225704,0.006318089812462457,-0.0152651185665931,-0.04817154879574348,0.02082049886072576,12.222532588454376,12.222532588454376,9.405959031657355,0.5502793296089385,0.12765970744526547,0.08198742620945855,-0.1405453945865636,-0.011392973431002205,1074,83,0,83,1.0,1.7130509939498704,1.7130509939498704,1.5251396648044693,85.16270584960081,42.05131196467076,-7.579965091606327,49.63127705627703,0.8675091676560153,127.21401781427157,0.042581352924800406,0.02102565598233538,0.06360700890713579,0.8315412186379928,232,145,87,47,0,143,101.74999999999999,68.37503607503608,3,44,3.0,2.0,84,0,162,71,0,71,162,0,4071.6759318033833,407.1675931803383,9007.919849614236,900.7919849614236,524.1255389706579,52.41255389706579,5127.931720787259,512.7931720787259,5370.0,537.0,0,0,0.05087499999999998,-0.0016500000000000002,0.05087499999999998,-0.0016500000000000002,0.0,0.0,0.05087499999999998,0.0015,0.06121766087248301,0.19229944925384612,-0.17628215280549672,0.0035208523946898686,0.00028676462400188294,-0.016747280459870468,-0.001782675799249847,-0.0010650000000000004,-0.0005326757992498472,-0.00018500000000000013,0.0,0.0,0.0,0.0,0.0,0.00028676462400188294,0.009406764624001734,0.05087499999999998,0.00028676462400188294,0.0,0.0,0.042581352924801336,0.021025655982335367,-0.015159930183212654,0.03308751803751806,-0.0037899825458031634,0.024815638528138513,0.0035208523946898686,0.0035208523946898686,0.47458227457954877,0.19175628055768795,0.09175264622336574,0.0,0.0,0.0057151497209768885,0.0,0.0,0.00911999999999985,0.03418751803751806,-0.0011,0.0355,0.081,-0.006757225492037833,-0.0033342745775977773,-0.0034229509144400555,0.17751930055518944,0.1441718767086665,0.033347423846522964,0.9410145878791809,0.12040960788726807,8280,7674,0,0.22366539306110805,0.7564439598719279,12,8,15954,8280,7674,0.08489919361089213,cuda,74.53515625
91,132,200,True,955,955,883,643,240,49,191,0.2718006795016987,0.05549263873159683,0.21630804077010193,0.40435458786936235,2.1275272161741836,0.7328988745878124,14.58924497304771,28.66205958055671,0.5927345975738763,0.5253905402510941,0.1903439737207504,0.07551906717880331,0.15327725049056123,0.516996699349135,0.21377704945475465,0.12033397246378114,0.13637098658128902,0.00839384090195916,-0.023433075734004244,-0.04481490528497782,0.016906263909272218,13.911664779161947,13.911664779161947,11.189127972819932,0.5662514156285391,0.20988901703191748,0.08239112042890438,-0.11585892193522404,-0.07951224654983112,883,72,0,72,1.0,1.9717277486910996,1.9717277486910996,1.7066817667044167,105.82347271855605,61.20371198338783,-7.057876428200575,68.2615884115884,0.906294124059255,167.02718470194387,0.052911736359278025,0.030601855991693912,0.08351359235097193,0.8063380281690141,229,161,68,55,0,160,130.53333333333333,97.6154512154512,6,49,6.0,6.0,67,0,191,49,1,49,191,0,4452.961619313191,445.29616193131903,9486.789101068349,948.6789101068349,472.1878312675098,47.21878312675098,5608.3635265610055,560.8363526561005,4415.0,441.5,0,1,0.06526666666666667,-0.0033,0.06526666666666667,-0.0033,0.0,0.0,0.06526666666666667,0.003,0.06863942421079233,0.1497592035732523,-0.13470776597026327,0.0014303537384648712,0.0005720151297234426,-0.0138592125903786,-0.0013036047520153503,-0.0007350000000000005,-0.00042860475201535045,-0.0001400000000000001,0.0,0.0,0.0,-0.001,-0.001,0.0005720151297234426,0.00749201512972334,0.06426666666666667,0.0005720151297234426,0.0,0.0,0.05291173635927872,0.030601855991693933,-0.01411575285640115,0.0455077256077256,-0.0035289382141002875,0.0341307942057942,0.0014303537384648712,0.0014303537384648712,0.46563310766830984,0.14572933340813513,0.09860133962104177,0.0,0.0,0.015246715952079173,0.0,0.0,0.006919999999999897,0.048807725607725595,-0.0033,0.0245,0.0955,-0.006757225492037833,-0.0033342745775977773,-0.0034229509144400555,0.17751930055518944,0.1441718767086665,0.033347423846522964,0.9410145878791809,0.12040960788726807,8280,7674,0,0.22366539306110805,0.7564439598719279,12,8,15954,8280,7674,0.08489919361089213,cuda,74.53515625
92,133,200,True,1003,1003,925,649,276,54,222,0.2983783783783784,0.05837837837837838,0.24,0.45454545454545453,1.992295839753467,0.7639238873413421,13.770828157433744,28.24785423076759,0.5638736954578346,0.5128605470451625,0.2613190418720613,0.05793922166634231,0.15347360152871747,0.5006122098452137,0.27357435351286447,0.09631900421023737,0.13367724149431948,0.012248337199948778,-0.01225531164080318,-0.03837978254389506,0.019796360034397997,12.833513513513514,12.833513513513514,10.421621621621622,0.492972972972973,0.14785268014280437,0.08616222384162363,-0.13335841607641116,-0.09466907838031922,925,78,0,78,1.0,1.9820538384845463,1.9820538384845463,1.7535135135135136,122.44780954935776,70.58199399705143,-6.2195515613633185,76.80154555841476,0.9250846859757815,193.0298035464092,0.06122390477467888,0.03529099699852571,0.0965149017732046,0.7272727272727273,208,171,37,78,0,169,149.26071428571427,112.30206074455299,9,69,9.0,9.0,37,0,222,54,0,54,222,0,4612.861567578582,461.28615675785824,9972.275875927277,997.2275875927277,480.2871783255455,48.02871783255455,5810.66278997809,581.0662789978089,4625.0,462.5,0,0,0.07463035714285712,-0.00495,0.07463035714285712,-0.00495,0.0,0.0,0.07463035714285712,0.0045,0.07244483353824914,0.14807206033682355,-0.13847335503699232,0.0020874450260204664,0.0005680953019658113,-0.013307419184048763,-0.0013514673096715975,-0.0008100000000000006,-0.0003964673096715977,-0.0001450000000000001,0.0,0.0,0.0,0.0,0.0,0.0005680953019658113,0.007598095301965708,0.07463035714285712,0.0005680953019658113,0.0,0.0,0.0612239047746796,0.03529099699852577,-0.012439103122726638,0.05120103037227648,-0.0031097757806816595,0.03840077277920738,0.0020874450260204664,0.0020874450260204664,0.4806802273342714,0.1885354235164004,0.07854201009257723,0.0,0.0,0.017712136220229924,0.0,0.0,0.007029999999999895,0.056151030372276485,-0.00495,0.027,0.111,-0.006757225492037833,-0.0033342745775977773,-0.0034229509144400555,0.17751930055518944,0.1441718767086665,0.033347423846522964,0.9410145878791809,0.12040960788726807,8280,7674,0,0.22366539306110805,0.7564439598719279,12,8,15954,8280,7674,0.08489919361089213,cuda,74.53515625
93,134,200,True,1041,1041,963,685,278,58,220,0.28868120456905505,0.060228452751817235,0.2284527518172378,0.4306569343065693,2.0452554744525546,0.7482139655273327,14.47498385854011,25.775257908340787,0.531621356444611,0.4878791078816365,0.20692727303091626,0.08745116714768819,0.15390622079318023,0.4784633355419131,0.22368047095318563,0.12650154366440064,0.1361316207850719,0.009415772339723405,-0.01675319792226937,-0.03905037651671245,0.01777460000810832,10.755970924195223,10.755970924195223,8.217030114226375,0.4683281412253375,0.16419859114461702,0.1466458205160071,-0.08438982020804651,-0.09740777223149279,963,78,0,78,1.0,1.899135446685879,1.899135446685879,1.6666666666666667,100.96256155667055,62.77360599391003,-5.653531451977452,68.42713744588742,0.9236841198103652,163.73616755058057,0.050481280778335275,0.03138680299695502,0.08186808377529028,0.8480565371024735,240,159,81,43,0,156,122.09999999999997,92.33618326118325,1,42,1.0,1.0,80,0,220,58,0,58,220,0,4627.280593797965,462.7280593797965,10030.60279891307,1003.0602798913071,446.5886931440246,44.65886931440246,5826.983708117958,582.6983708117957,4815.0,481.5,0,0,0.06104999999999999,-0.00055,0.06104999999999999,-0.00055,0.0,0.0,0.06104999999999999,0.0005,0.06704188150873333,0.15111926406428902,-0.10980561517519481,0.0030298081189987767,0.0007764038916763048,-0.01324220470322525,-0.0014824042093535912,-0.0008700000000000007,-0.0004424042093535905,-0.00017000000000000012,0.0,0.0,0.0,0.0,0.0,0.0007764038916763048,0.008206403891676192,0.06104999999999999,0.0007764038916763048,0.0,0.0,0.05048128077833614,0.031386802996954996,-0.011307062903954904,0.04561809163059163,-0.002826765725988726,0.03421356872294371,0.0030298081189987767,0.0030298081189987767,0.46670980004657076,0.15327691347495034,0.08627716868269902,0.0,0.0,0.015986061885621235,0.0,0.0,0.007429999999999886,0.04616809163059163,-0.00055,0.029,0.11,-0.006757225492037833,-0.0033342745775977773,-0.0034229509144400555,0.17751930055518944,0.1441718767086665,0.033347423846522964,0.9410145878791809,0.12040960788726807,8280,7674,0,0.22366539306110805,0.7564439598719279,12,8,15954,8280,7674,0.08489919361089213,cuda,74.53515625
94,135,200,True,1036,1036,966,731,235,55,180,0.2432712215320911,0.056935817805383024,0.18633540372670807,0.47058823529411764,1.984952120383037,0.7256001868424109,15.01265202012173,26.087070922335425,0.5576528799806504,0.4795154406703122,0.1824586898567494,0.03542670619415397,0.15336620934032383,0.46716329314721755,0.19572165989343754,0.05873824183165991,0.14069929668519304,0.012352147523094659,-0.013262970036688138,-0.023311535637505938,0.012666912655130785,11.041407867494824,11.041407867494824,8.455486542443063,0.4927536231884058,0.1360028865300377,0.09911970969444209,-0.1075522709298222,-0.06863230495907313,966,70,0,70,1.0,1.9305019305019304,1.9305019305019304,1.6987577639751552,115.62504134843527,72.28107152687346,-6.3433332350312615,78.62440476190476,0.9253442143503925,187.90611287530874,0.05781252067421764,0.03614053576343673,0.09395305643765436,0.8133802816901409,231,163,68,53,0,163,140.31666666666666,109.23253968253964,4,49,4.0,4.0,67,0,180,55,0,55,180,0,4617.5321368645955,461.75321368645956,10066.594322094857,1006.6594322094858,496.8430078543312,49.684300785433116,5816.354483626157,581.6354483626158,4830.0,483.0,0,0,0.07015833333333334,-0.0022,0.07015833333333334,-0.0022,0.0,0.0,0.07015833333333334,0.002,0.0698282470859618,0.1549791417326086,-0.10270857669661877,0.003477005814152952,0.0005692700377547984,-0.014823427462992981,-0.0013288358535161243,-0.0008250000000000006,-0.0003538358535161242,-0.0001500000000000001,0.0,0.0,0.0,0.0,0.0,0.0005692700377547984,0.008429270037754677,0.07015833333333334,0.0005692700377547984,0.0,0.0,0.0578125206742186,0.03614053576343673,-0.012686666470062523,0.05241626984126982,-0.0031716666175156307,0.03931220238095238,0.003477005814152952,0.003477005814152952,0.45769819930129685,0.13905845686217835,0.05198624826174093,0.0,0.0,0.01645100075676413,0.0,0.0,0.007859999999999878,0.05461626984126982,-0.0022,0.0275,0.09,-0.006757225492037833,-0.0033342745775977773,-0.0034229509144400555,0.17751930055518944,0.1441718767086665,0.033347423846522964,0.9410145878791809,0.12040960788726807,8280,7674,0,0.22366539306110805,0.7564439598719279,12,8,15954,8280,7674,0.08489919361089213,cuda,74.53515625
95,136,200,True,969,969,902,691,211,34,177,0.23392461197339245,0.037694013303769404,0.19623059866962306,0.4442836468885673,2.040520984081042,0.7561347388410361,14.025041135796245,24.626084921199574,0.5873030929147841,0.5078179724352749,0.21864430675911145,0.031122934129816923,0.1492873294799226,0.4910763148892288,0.23429047106866294,0.04697611070421353,0.139045300423107,0.016741657546046118,-0.015646164309551486,-0.015853176574396607,0.010242029056815594,12.012195121951219,12.01108647450111,9.332594235033259,0.49667405764966743,0.14305599992517262,0.1150543393823398,-0.12186664112696495,-0.055405100425910916,902,67,0,67,1.0,2.0392156862745097,2.0392156862745097,1.7815964523281596,134.1749326970495,78.36355287302752,-5.846135303436442,84.20968817646397,0.9350832064209458,212.53848557007703,0.06708746634852476,0.03918177643651376,0.10626924278503852,0.7852112676056338,223,177,46,61,0,174,163.58333333333334,119.13650793650793,7,54,7.0,6.233567001111513,45,0,177,34,0,34,177,0,4891.858256806223,489.1858256806223,10626.282050869268,1062.6282050869268,505.19496286125127,50.519496286125126,6163.274515022875,616.3274515022874,4510.0,451.0,0,0,0.08179166666666667,-0.0038499999999999997,0.08179166666666667,-0.0038499999999999997,0.0,0.0,0.08179166666666667,0.0035,0.07403862790060715,0.14955983907985557,-0.10980563097778533,0.003916952718043586,0.0010206650759571397,-0.014757324994266524,-0.0008586468313472908,-0.0005100000000000004,-0.0002611468313472906,-8.750000000000007e-05,0.0,0.0,0.0,0.0,0.0,0.0010206650759571397,0.008270665075957027,0.08179166666666667,0.0010206650759571397,0.0,0.0,0.0670874663485251,0.03918177643651374,-0.011692270606872883,0.056139792117642605,-0.0029230676517182207,0.04210484408823199,0.003916952718043586,0.003916952718043586,0.4817461574799372,0.15973277895108456,0.038819640230160116,0.0,0.0,0.0226050905502433,0.0,0.0,0.00724999999999989,0.05956825396825396,-0.003428461850611332,0.017,0.0885,-0.006757225492037833,-0.0033342745775977773,-0.0034229509144400555,0.17751930055518944,0.1441718767086665,0.033347423846522964,0.9410145878791809,0.12040960788726807,8280,7674,0,0.22366539306110805,0.7564439598719279,12,8,15954,8280,7674,0.08489919361089213,cuda,74.53515625
96,137,200,True,1058,1058,973,720,253,56,197,0.26002055498458376,0.05755395683453238,0.20246659815005139,0.39861111111111114,2.0930555555555554,0.7324167651227779,14.861963146262699,24.152369108713337,0.5428275863814229,0.48087244722992184,0.2280464887412058,0.09682917336855705,0.1484475070481292,0.4793755747170912,0.2530450756648659,0.14968473173988361,0.1277630175748426,0.0014968725128306493,-0.024998586923660082,-0.052855558371326564,0.020684489473286605,10.837615621788284,10.837615621788284,8.221993833504625,0.4850976361767729,0.11548149940921773,0.15179045230045637,-0.07461876274188059,-0.06956190574457521,973,85,0,85,1.0,1.8733459357277882,1.8733459357277882,1.6557040082219938,95.00144103686205,52.71482656013969,-6.421201681912621,59.13602824205228,0.9020519675806908,147.71626759700175,0.047500720518431024,0.026357413280069845,0.07385813379850087,0.7717391304347826,213,158,55,63,0,156,114.62142857142857,86.39465395715396,7,56,7.0,6.86056027371292,53,0,197,56,0,56,197,0,4583.326483471584,458.3326483471584,9888.108396522915,988.8108396522915,469.157023767504,46.915702376750396,5771.238515003789,577.1238515003789,4865.0,486.5,0,0,0.05731071428571427,-0.0038499999999999997,0.05731071428571427,-0.0038499999999999997,0.0,0.0,0.05731071428571427,0.0035,0.06701911883563934,0.15266959588889026,-0.1280910259013588,0.0024157044441304324,0.0005007454492980952,-0.014212213154449585,-0.001350776387559407,-0.0008400000000000007,-0.0003657763875594067,-0.0001450000000000001,0.0,0.0,0.0,0.0,0.0,0.0005007454492980952,0.008260745449297974,0.05731071428571427,0.0005007454492980952,0.0,0.0,0.047500720518432,0.026357413280069783,-0.012842403363825243,0.03942401882803488,-0.0032106008409563108,0.029568014121026137,0.0024157044441304324,0.0024157044441304324,0.4840468173366671,0.17642547588528662,0.11403060406607368,0.0,0.0,0.009079504078709735,0.0,0.0,0.007759999999999879,0.04319732697857697,-0.003773308150542106,0.028,0.0985,-0.006757225492037833,-0.0033342745775977773,-0.0034229509144400555,0.17751930055518944,0.1441718767086665,0.033347423846522964,0.9410145878791809,0.12040960788726807,8280,7674,0,0.22366539306110805,0.7564439598719279,12,8,15954,8280,7674,0.08489919361089213,cuda,74.53515625
97,138,200,True,938,938,865,617,248,36,212,0.28670520231213875,0.04161849710982659,0.24508670520231213,0.4554294975688817,1.9659643435980552,0.7514011039243138,14.072968952852865,28.408688172722172,0.4986271590495941,0.5048176570156985,0.1420108661888774,0.041111563445586634,0.1876769127502337,0.49507896384794864,0.15776278687613854,0.07323815225400152,0.1619679430949485,0.009738693167749835,-0.01575192068726114,-0.03212658880841488,0.025708969655285213,11.532947976878612,11.532947976878612,9.07514450867052,0.4624277456647399,0.19870792944179932,0.050177323727891,0.00607841119422919,-0.030248587997681528,865,73,0,73,1.0,1.9840085287846483,1.9840085287846483,1.7271676300578034,117.36247886976984,65.92066585055363,-4.309691292303557,70.23035714285712,0.9421828750748348,183.2831447203235,0.05868123943488492,0.032960332925276815,0.09164157236016175,0.7797202797202797,223,163,60,63,0,160,144.98333333333335,109.04047619047616,14,49,14.0,14.0,60,0,212,36,1,36,212,0,4570.514022509547,457.05140225095477,9568.547658667927,956.8547658667927,398.88508273340705,39.888508273340705,5758.2107397413465,575.8210739741346,4325.0,432.5,0,1,0.07249166666666668,-0.0077,0.07249166666666668,-0.0077,0.0,0.0,0.07249166666666668,0.007,0.06863162058921234,0.13591338867076838,-0.09204729846351543,0.0033682881197282214,0.0009095305077579406,-0.011187380263354453,-0.0010400039377658347,-0.0005400000000000003,-0.0004000039377658348,-0.00010000000000000007,0.0,0.0,0.0,-0.001,-0.001,0.0009095305077579406,0.007439530507757844,0.07149166666666668,0.0009095305077579406,0.0,0.0,0.05868123943488555,0.0329603329252768,-0.008619382584607115,0.04682023809523809,-0.0021548456461517786,0.03511517857142856,0.0033682881197282214,0.0033682881197282214,0.4445374531721682,0.10096493247474853,0.0507418985447701,0.0,0.0,0.026306771199520015,0.0,0.0,0.006529999999999905,0.05452023809523808,-0.0077,0.018,0.106,-0.006058071293712905,-0.0012572942185215652,-0.004800777075191339,0.20402361559371152,0.1680777981877327,0.03594581740597884,0.9361824989318848,0.120877206325531,8150,7556,0,0.2260930322110653,0.7190897067387899,13,8,15706,8150,7556,0.0893937544339716,cuda,73.9140625
98,139,200,True,1101,1101,1020,744,276,58,218,0.27058823529411763,0.056862745098039215,0.21372549019607842,0.44623655913978494,2.0228494623655915,0.7643314307375301,13.943974148842596,27.482043196757633,0.5773639791300753,0.513016416120433,0.20294806239525637,0.09351666400557064,0.1504723661797001,0.5107241740790747,0.22301949084466022,0.14724054039482237,0.13250317538572695,0.002292242041358361,-0.02007142844940385,-0.05372387638925173,0.01796919079397316,12.354901960784314,12.354901960784314,9.740196078431373,0.557843137254902,0.13413663450014132,0.07054751683721368,-0.14142274882989783,-0.10743447498326292,1020,81,0,81,1.0,1.8001816530426884,1.8001816530426884,1.5931372549019607,88.93477844955058,45.0174651718149,-7.409680476654325,52.42714564846917,0.876168557784798,133.95224362136548,0.04446738922477529,0.022508732585907448,0.06697612181068274,0.8526315789473684,243,160,83,42,0,158,107.01904761904758,74.30286086462557,4,38,4.0,4.0,79,0,218,58,0,58,218,0,4361.769130620731,436.1769130620731,9559.015103434329,955.9015103434328,490.9260667708634,49.09260667708634,5495.714305801428,549.5714305801428,5100.0,510.0,0,0,0.05350952380952379,-0.0022,0.05350952380952379,-0.0022,0.0,0.0,0.05350952380952379,0.002,0.06748093485997418,0.17271969544014917,-0.1579552244872878,0.0026730160841755253,0.0002788508857808816,-0.015620320009005532,-0.0013873713671243204,-0.0008700000000000007,-0.0003273713671243208,-0.0001900000000000001,0.0,0.0,0.0,0.0,0.0,0.0002788508857808816,0.008298850885780756,0.05350952380952379,0.0002788508857808816,0.0,0.0,0.04446738922477584,0.022508732585907448,-0.01481936095330865,0.034951430432312816,-0.0037048402383271623,0.026213572824234584,0.0026730160841755253,0.0026730160841755253,0.47095027390084265,0.16057811019203133,0.11211193720428878,0.0,0.0,0.004652354067214437,0.0,0.0,0.008019999999999873,0.03715143043231282,-0.0022,0.029,0.109,-0.006058071293712905,-0.0012572942185215652,-0.004800777075191339,0.20402361559371152,0.1680777981877327,0.03594581740597884,0.9361824989318848,0.120877206325531,8150,7556,0,0.2260930322110653,0.7190897067387899,13,8,15706,8150,7556,0.0893937544339716,cuda,73.9140625
99,140,200,True,1071,1071,1000,718,282,45,237,0.282,0.045,0.237,0.4025069637883008,2.105849582172702,0.7560695393379352,14.226429531501196,29.19405984139708,0.5657441744940488,0.5391763895750046,0.22931412027365317,0.03950975964580011,0.16662861552338498,0.5262544117764179,0.25122348398935246,0.06847461447503007,0.1469014958169799,0.012921977798586726,-0.021909363715699293,-0.02896485482922996,0.01972711970640509,12.952,12.952,10.263,0.574,0.1563953662499612,0.09176882764797993,-0.13257118180147517,-0.03656869049116747,1000,71,0,71,1.0,1.8534080298786182,1.8534080298786182,1.64,107.0901263279957,57.583076743598724,-6.70748061570866,64.29055735930731,0.9055258313184794,164.67320307159443,0.053545063163997854,0.02879153837179936,0.08233660153579722,0.8327402135231317,234,160,74,47,0,158,129.8,93.42074314574312,7,40,7.0,7.0,73,0,237,45,0,45,237,0,4437.898343654204,443.7898343654204,9687.570595656982,968.7570595656982,480.8818341017452,48.08818341017452,5593.246826609216,559.3246826609217,5000.0,500.0,0,0,0.0649,-0.00385,0.0649,-0.00385,0.0,0.0,0.0649,0.0035,0.06768601766543127,0.1728116667036124,-0.1492643615268571,0.0028594228597586964,0.0004953158199894833,-0.014771066064473742,-0.0011596555868806128,-0.0006750000000000005,-0.0003646555868806132,-0.00012000000000000008,0.0,0.0,0.0,0.0,0.0,0.0004953158199894833,0.008125315819989367,0.0649,0.0004953158199894833,0.0,0.0,0.05354506316399869,0.02879153837179936,-0.01341496123141732,0.04286037157287157,-0.00335374030785433,0.03214527867965366,0.0028594228597586964,0.0028594228597586964,0.4790219305834717,0.16850974804023688,0.059954666133180685,0.0,0.0,0.014158510506246452,0.0,0.0,0.007629999999999882,0.04671037157287157,-0.00385,0.0225,0.1185,-0.006058071293712905,-0.0012572942185215652,-0.004800777075191339,0.20402361559371152,0.1680777981877327,0.03594581740597884,0.9361824989318848,0.120877206325531,8150,7556,0,0.2260930322110653,0.7190897067387899,13,8,15706,8150,7556,0.0893937544339716,cuda,73.9140625
100,141,200,True,1004,1004,915,591,324,26,298,0.3540983606557377,0.02841530054644809,0.3256830601092896,0.3993231810490694,2.0981387478849407,0.758868429866539,14.108137488970296,29.221701794671123,0.5923967172873132,0.5331019232973028,0.19914084680491898,0.02690034183829569,0.15581954531875863,0.5200582821357068,0.21723305546976437,0.04827634410443361,0.14845156507935317,0.013043641161595954,-0.0180922086648454,-0.021376002266137922,0.007367980239405464,11.668852459016394,11.66448087431694,9.359562841530055,0.453551912568306,0.16613623306789457,0.06474530426382866,-0.13221136630388503,-0.028421228130303344,915,89,0,89,1.0,1.956175298804781,1.956175298804781,1.7333333333333334,125.68521257965293,81.63421481273656,-5.204475663453926,86.83869047619046,0.9434561425716507,207.31942739238949,0.06284260628982646,0.04081710740636828,0.10365971369619474,0.8210526315789474,234,171,63,51,0,167,153.58333333333331,121.28492063492061,5,46,5.0,5.0,63,0,298,26,0,26,298,0,4808.879153518731,480.8879153518731,10323.984847791937,1032.3984847791937,427.47913811451434,42.74791381145143,6056.7347390005925,605.6734739000592,4575.0,457.5,0,0,0.07679166666666666,-0.0027500000000000003,0.07679166666666666,-0.0027500000000000003,0.0,0.0,0.07679166666666666,0.0025,0.07148273833420071,0.13501649236364946,-0.106770938182405,0.0028620683211226985,0.0008763647824656476,-0.012731143960111227,-0.0007027116996454895,-0.0003900000000000002,-0.0002352116996454894,-7.750000000000004e-05,0.0,0.0,0.0,0.0,0.0,0.0008763647824656476,0.007046364782465561,0.07679166666666666,0.0008763647824656476,0.0,0.0,0.06284260628982713,0.040817107406368264,-0.010408951326907851,0.05789246031746031,-0.0026022378317269628,0.04341934523809523,0.0028620683211226985,0.0028620683211226985,0.45361409645136025,0.12009504927430371,0.03932684306686129,0.0,0.0,0.023884882495762136,0.0,0.0,0.0061699999999999125,0.0606424603174603,-0.0027500000000000003,0.013,0.149,-0.006058071293712905,-0.0012572942185215652,-0.004800777075191339,0.20402361559371152,0.1680777981877327,0.03594581740597884,0.9361824989318848,0.120877206325531,8150,7556,0,0.2260930322110653,0.7190897067387899,13,8,15706,8150,7556,0.0893937544339716,cuda,73.9140625
101,142,200,True,944,944,876,695,181,40,141,0.20662100456621005,0.045662100456621,0.16095890410958905,0.4892086330935252,1.912230215827338,0.7430532091384311,14.444054047838389,22.542352807285976,0.5678566486482582,0.463021071994905,0.22789216944210822,0.04153489145926006,0.14337779034545525,0.4528224579293093,0.24743770612470753,0.07373764134588377,0.12409270748013644,0.01019861406559569,-0.019545536682599313,-0.032202749886623715,0.01928508286531881,10.719178082191782,10.64041095890411,7.934931506849315,0.4897260273972603,0.19622059732490532,0.18857728986468536,-0.1914285516942509,-0.058302701182365226,876,68,0,68,1.0,2.0635593220338984,2.0635593220338984,1.8013698630136987,126.98057919769775,76.88001274566518,-6.256026215373791,83.13603896103898,0.9300158665869538,203.86059194336292,0.06349028959884888,0.03844000637283259,0.10193029597168146,0.782608695652174,216,174,42,60,0,169,154.58333333333334,120.74805194805194,9,51,9.0,9.0,41,0,141,40,0,40,141,0,5061.907400852613,506.1907400852613,10898.212274853111,1089.821227485311,485.2298600110136,48.52298600110136,6372.111745228227,637.2111745228227,4380.0,438.0,0,0,0.07729166666666668,-0.00495,0.07729166666666668,-0.00495,0.0,0.0,0.07729166666666668,0.0045,0.07239379363225397,0.13795281433941012,-0.10088972564713224,0.002985807371956813,0.0009347813275776787,-0.01435128621748911,-0.0009977751809914501,-0.0006000000000000004,-0.0002927751809914502,-0.00010500000000000009,0.0,0.0,0.0,0.0,0.0,0.0009347813275776787,0.008284781327577564,0.07729166666666668,0.0009347813275776787,0.0,0.0,0.06349028959884999,0.03844000637283257,-0.012512052430747583,0.05542402597402597,-0.0031280131076868957,0.04156801948051949,0.002985807371956813,0.002985807371956813,0.4793649442485587,0.16021834537505947,0.06449662921252569,0.0,0.0,0.02269509551603849,0.0,0.0,0.007349999999999888,0.06037402597402596,-0.00495,0.02,0.0705,-0.006058071293712905,-0.0012572942185215652,-0.004800777075191339,0.20402361559371152,0.1680777981877327,0.03594581740597884,0.9361824989318848,0.120877206325531,8150,7556,0,0.2260930322110653,0.7190897067387899,13,8,15706,8150,7556,0.0893937544339716,cuda,73.9140625
102,143,200,True,1026,1026,968,861,107,40,67,0.11053719008264463,0.04132231404958678,0.06921487603305786,0.4332171893147503,2.0441347270615564,0.7733293124123041,13.743924519741578,25.574017984613032,0.5627071773837189,0.49694692200692275,0.28282732242646946,0.03477322170997642,0.150571921050687,0.4851119186162395,0.30033534741987505,0.07114858274038721,0.13212018329152592,0.011835003390683274,-0.01750802499340559,-0.036375361030410794,0.01845173775916109,13.357438016528926,13.357438016528926,10.232438016528926,0.6446280991735537,0.10288385843612484,0.12536973008257854,-0.14138999149348622,-0.01648586984726658,968,58,0,58,1.0,1.932748538011696,1.932748538011696,1.6911157024793388,116.11502040714112,57.093362309538925,-8.051280547603932,65.14464285714284,0.8900037027597385,173.20838271668003,0.058057510203570556,0.028546681154769462,0.08660419135834002,0.7608695652173914,210,164,46,66,0,162,140.39285714285714,91.2595238095238,4,62,4.0,4.0,46,0,67,40,0,40,67,0,4689.784803444412,468.9784803444412,10253.329181139981,1025.3329181139982,548.3812217907052,54.838122179070524,5905.058044835244,590.5058044835243,4840.0,484.0,0,0,0.07019642857142858,-0.0022,0.07019642857142858,-0.0022,0.0,0.0,0.07019642857142858,0.002,0.06951372870992717,0.19114071132996924,-0.16538847773117207,0.002500498463786488,0.0004918367321383871,-0.017617850184427436,-0.0010247863995717723,-0.0006000000000000004,-0.00032228639957177256,-0.00010250000000000008,0.0,0.0,0.0,0.0,0.0,0.0004918367321383871,0.00950183673213824,0.07019642857142858,0.0004918367321383871,0.0,0.0,0.05805751020357177,0.028546681154769472,-0.016102561095207864,0.043429761904761895,-0.004025640273801966,0.03257232142857142,0.002500498463786488,0.002500498463786488,0.5156829899879549,0.2223424172860004,0.05987427053094012,0.0,0.0,0.014322749834219915,0.0,0.0,0.009009999999999853,0.0456297619047619,-0.0022,0.02,0.0335,-0.006058071293712905,-0.0012572942185215652,-0.004800777075191339,0.20402361559371152,0.1680777981877327,0.03594581740597884,0.9361824989318848,0.120877206325531,8150,7556,0,0.2260930322110653,0.7190897067387899,13,8,15706,8150,7556,0.0893937544339716,cuda,73.9140625
103,144,200,True,1027,1027,946,599,347,42,305,0.3668076109936575,0.04439746300211417,0.3224101479915433,0.44741235392320533,2.008347245409015,0.7646244296645481,13.998725176255572,28.65423208595143,0.5603341512375811,0.5262465450620413,0.20317613742996835,0.032929451041582826,0.16371429350867694,0.5154721270469274,0.22302085798675308,0.057944675793409506,0.1513066130421297,0.010774418015113918,-0.01984472055678474,-0.02501522475182668,0.01240768046654725,12.429175475687103,12.290697674418604,10.09830866807611,0.4154334038054968,0.16398386877455925,0.09880562899684951,-0.12429095838089341,-0.06646936765753136,946,81,0,81,1.0,1.9279454722492697,1.9279454722492697,1.7315010570824525,123.93853806242173,74.13513022143331,-5.183276371973261,79.31840659340659,0.9386606728992979,198.07366828385506,0.06196926903121086,0.037067565110716655,0.09903683414192753,0.7935943060498221,223,167,56,58,0,164,151.33333333333331,112.35787545787547,6,52,6.0,6.0,55,0,305,42,0,42,305,0,4718.036564173669,471.8036564173669,10157.3713329985,1015.73713329985,414.202714923388,41.4202714923388,5943.248427397413,594.3248427397414,4730.0,473.0,0,0,0.07566666666666667,-0.0033000000000000004,0.07566666666666667,-0.0033000000000000004,0.0,0.0,0.07566666666666667,0.003,0.07051840538206786,0.1413768534277735,-0.109159038073421,0.002947338390880533,0.0007696784893877135,-0.01220509659898444,-0.0011414482531580884,-0.0006300000000000005,-0.00039644825315808795,-0.00011500000000000008,0.0,0.0,0.0,0.0,0.0,0.0007696784893877135,0.007179678489387621,0.07566666666666667,0.0007696784893877135,0.0,0.0,0.0619692690312115,0.03706756511071664,-0.010366552743946522,0.05287893772893772,-0.0025916381859866305,0.0396592032967033,0.002947338390880533,0.002947338390880533,0.4556613550416351,0.15023355373676137,0.03558256063622153,0.0,0.0,0.01746150379469617,0.0,0.0,0.006409999999999908,0.05617893772893772,-0.0033000000000000004,0.021,0.1525,-0.006058071293712905,-0.0012572942185215652,-0.004800777075191339,0.20402361559371152,0.1680777981877327,0.03594581740597884,0.9361824989318848,0.120877206325531,8150,7556,0,0.2260930322110653,0.7190897067387899,13,8,15706,8150,7556,0.0893937544339716,cuda,73.9140625
104,145,200,True,1039,1039,966,638,328,44,284,0.33954451345755693,0.045548654244306416,0.2939958592132505,0.4122257053291536,2.105015673981191,0.7888194664518662,13.34742539355,27.90649589559875,0.525889377023216,0.5162597749627496,0.21354746679573972,0.04353130907973502,0.16920808794671746,0.5049074068899065,0.22819660837414638,0.08135595320005752,0.14572907200077298,0.011352368072843011,-0.01464914157840666,-0.0378246441203225,0.02347901594594448,11.592132505175984,11.592132505175984,9.228778467908903,0.4658385093167702,0.11781754357951021,0.1199741232985064,-0.10740186174590526,-0.05741026989771121,966,73,0,73,1.0,1.9114533205004813,1.9114533205004813,1.6687370600414078,105.12889509345565,60.80051410051913,-5.116133834878813,65.91664793539792,0.9279750319869969,165.92940919397478,0.05256444754672783,0.030400257050259564,0.08296470459698739,0.8647686832740213,243,166,77,38,0,164,127.83571428571425,92.28886391386392,4,34,4.0,4.0,76,0,284,44,0,44,284,0,4635.344300923161,463.53443009231614,9916.764426721731,991.6764426721732,415.5873845131215,41.55873845131215,5840.914063005153,584.0914063005154,4830.0,483.0,0,0,0.06391785714285712,-0.0022,0.06391785714285712,-0.0022,0.0,0.0,0.06391785714285712,0.002,0.07031825992647585,0.14370881863207333,-0.1216704933316895,0.002871208931891697,0.0003308091622103696,-0.012200633544144945,-0.001175250182506763,-0.0006600000000000004,-0.00040525018250676286,-0.00011000000000000009,0.0,0.0,0.0,0.0,0.0,0.0003308091622103696,0.007150809162210267,0.06391785714285712,0.0003308091622103696,0.0,0.0,0.05256444754672859,0.030400257050259557,-0.010232267669757626,0.043944431956931956,-0.0025580669174394065,0.03295832396769896,0.002871208931891697,0.002871208931891697,0.47109444202142514,0.1560843816972737,0.07529764374254225,0.0,0.0,0.00514061387323772,0.0,0.0,0.006819999999999899,0.04614443195693197,-0.0022,0.022,0.142,-0.006058071293712905,-0.0012572942185215652,-0.004800777075191339,0.20402361559371152,0.1680777981877327,0.03594581740597884,0.9361824989318848,0.120877206325531,8150,7556,0,0.2260930322110653,0.7190897067387899,13,8,15706,8150,7556,0.0893937544339716,cuda,73.9140625
105,146,200,True,939,939,877,663,214,35,179,0.24401368301026224,0.039908779931584946,0.20410490307867732,0.46907993966817496,1.9773755656108598,0.7232595689561032,14.923126531402449,28.03858186639452,0.5403517409445343,0.49200396410570246,0.14423365782536174,0.07596546942354103,0.16502846595529203,0.4908757595454945,0.16962825690380678,0.12155924396618195,0.13937616111853948,0.0011282045602079571,-0.025394599078445046,-0.04559377454264092,0.025652304836752543,12.209806157354619,12.209806157354619,9.65678449258837,0.49942987457240595,0.21849278870175182,0.08521693862878586,-0.1191629563816324,-0.0790044592230102,877,62,0,62,1.0,1.928647497337593,1.928647497337593,1.677309007981756,86.50506746805841,51.40673368702919,-5.91331501426954,57.320048701298674,0.906484256620154,137.9118011550876,0.04325253373402921,0.025703366843514593,0.0689559005775438,0.8013937282229965,230,157,73,57,0,153,106.42142857142856,80.82673160173158,4,53,4.0,4.0,73,0,179,35,1,35,179,0,4503.107188463738,450.3107188463738,9449.800627972458,944.9800627972458,418.72843714596866,41.87284371459687,5670.008412951614,567.0008412951614,4385.0,438.5,0,1,0.05321071428571428,-0.0022,0.05321071428571428,-0.0022,0.0,0.0,0.05321071428571428,0.002,0.06560085450647568,0.14143438463002891,-0.10131662616809059,0.002348094058827981,0.00043981152728883995,-0.013027389262594637,-0.0008877050839598293,-0.0005250000000000004,-0.0002652050839598294,-9.750000000000005e-05,0.0,0.0,0.0,-0.001,-0.001,0.00043981152728883995,0.007419811527288735,0.05221071428571428,0.00043981152728883995,0.0,0.0,0.04325253373402975,0.025703366843514555,-0.01182663002853908,0.03821336580086581,-0.00295665750713477,0.02866002435064934,0.002348094058827981,0.002348094058827981,0.44462923922539593,0.11462614887053908,0.09793577215839398,0.0,0.0,0.006564062332040431,0.0,0.0,0.006979999999999896,0.0404133658008658,-0.0022,0.0175,0.0895,-0.0030498863842027884,-0.0010014162748120726,-0.002048470109390716,0.1852982669447859,0.15560730397701264,0.02969096296777328,0.9329667091369629,0.11512190103530884,8052,7480,0,0.20752045027911664,0.6286379766464233,14,8,15532,8052,7480,0.07785265520184398,cuda,72.4638671875
106,147,200,True,945,945,869,624,245,23,222,0.2819332566168009,0.026467203682393557,0.2554660529344074,0.40705128205128205,2.02724358974359,0.7711706999928142,13.749205019229498,26.142794156685852,0.5724715938955715,0.5211638583061404,0.19884273247458997,0.028934125962386575,0.16171698801470205,0.507719725322647,0.21701148096083975,0.053794623050355136,0.14699680878756902,0.013444132983493451,-0.018168748486249775,-0.024860497087968562,0.014720179227133035,12.133486766398159,12.133486766398159,9.49597238204833,0.525891829689298,0.1714794878928946,0.07704639471256286,-0.05725372297459252,-0.0224651704272022,869,76,0,76,1.0,2.0825396825396827,2.0825396825396827,1.805523590333717,125.16177304617996,70.8748037328764,-5.573683067506755,76.44848680038321,0.9320466274364105,196.03657677905636,0.06258088652308998,0.0354374018664382,0.09801828838952818,0.8321428571428572,233,175,58,47,0,171,152.90238095238098,110.01468253968252,8,39,8.0,7.34851527803479,58,0,222,23,0,23,222,0,5051.00819478481,505.100819478481,10847.041680957382,1084.7041680957382,451.54300379292584,45.154300379292586,6358.123039906412,635.8123039906411,4345.0,434.5,0,0,0.07645119047619049,-0.004399999999999999,0.07645119047619049,-0.004399999999999999,0.0,0.0,0.07645119047619049,0.004,0.07356708352580854,0.1350238271353978,-0.10254866583203873,0.002474556082017072,0.0006296707106879058,-0.012989900871116884,-0.0006661513400827129,-0.0003450000000000002,-0.0002636513400827131,-5.7500000000000036e-05,0.0,0.0,0.0,0.0,0.0,0.0006296707106879058,0.007099670710687813,0.07645119047619049,0.0006296707106879058,0.0,0.0,0.06258088652309073,0.03543740186643817,-0.01114736613501351,0.05096565786692213,-0.0027868415337533774,0.03822424340019161,0.002474556082017072,0.002474556082017072,0.48045073600829663,0.1454903595250324,0.05494355934250279,0.0,0.0,0.014559581497357407,0.0,0.0,0.006469999999999906,0.055007341269841255,-0.004041683402919135,0.0115,0.111,-0.0030498863842027884,-0.0010014162748120726,-0.002048470109390716,0.1852982669447859,0.15560730397701264,0.02969096296777328,0.9329667091369629,0.11512190103530884,8052,7480,0,0.20752045027911664,0.6286379766464233,14,8,15532,8052,7480,0.07785265520184398,cuda,72.4638671875
107,148,200,True,1117,1117,1028,768,260,49,211,0.2529182879377432,0.047665369649805445,0.20525291828793774,0.4088541666666667,2.0911458333333335,0.7548300843336619,14.078382654736439,26.539796268121183,0.5121665054866563,0.5021209334954619,0.19825339401722886,0.12927077515875376,0.16924125159615264,0.5045166644073712,0.213555163849378,0.21082257900222126,0.13365391726256348,-0.002395730911909255,-0.015301769832149148,-0.0815518038434675,0.035587334333589155,12.009727626459144,12.009727626459144,9.357003891050583,0.5379377431906615,0.06170614392589766,0.06720732218506227,-0.09237122229118512,-0.08660609616697186,1028,89,0,89,1.0,1.7717099373321397,1.7717099373321397,1.5379377431906616,75.5080738483886,39.61698477615408,-6.089082706274888,45.706067482428935,0.8824391340870583,115.12505862454267,0.0377540369241943,0.01980849238807704,0.057562529312271335,0.8381294964028777,233,158,75,45,0,155,90.23697691197691,66.44142330990532,5,40,5.0,5.0,75,0,211,49,0,49,211,0,4265.116758498846,426.5116758498846,9308.116600533862,930.8116600533862,455.6214293530479,45.56214293530479,5371.7066679037125,537.1706667903712,5140.0,514.0,0,0,0.04511848845598847,-0.00275,0.04511848845598847,-0.00275,0.0,0.0,0.04511848845598847,0.0025,0.0661455003753255,0.17338990222354153,-0.15253756150091335,0.003414693393565423,0.00012623079701769825,-0.0143034137001839,-0.0012875168340472183,-0.0007350000000000005,-0.00041751683404721795,-0.00013500000000000008,0.0,0.0,0.0,0.0,0.0,0.00012623079701769825,0.008296230797017568,0.04511848845598847,0.00012623079701769825,0.0,0.0,0.03775403692419469,0.019808492388076998,-0.012178165412549775,0.03047071165495266,-0.0030445413531374438,0.022853033741214467,0.003414693393565423,0.003414693393565423,0.47737259663087833,0.15770739658182317,0.17162758160501296,0.0,0.0,0.006261069218284341,0.0,0.0,0.00816999999999987,0.03322071165495266,-0.00275,0.0245,0.1055,-0.0030498863842027884,-0.0010014162748120726,-0.002048470109390716,0.1852982669447859,0.15560730397701264,0.02969096296777328,0.9329667091369629,0.11512190103530884,8052,7480,0,0.20752045027911664,0.6286379766464233,14,8,15532,8052,7480,0.07785265520184398,cuda,72.4638671875
108,149,200,True,900,900,832,612,220,11,209,0.2644230769230769,0.013221153846153846,0.2512019230769231,0.43137254901960786,2.0686274509803924,0.7665108535317035,14.20361641809052,28.328997661864836,0.56631465978731,0.49559398002776445,0.16025239427032228,0.0776510663494906,0.15535944246753952,0.4910772832877496,0.19202576249417866,0.12270312922515182,0.13857257696404274,0.004516696740014869,-0.031773368223856374,-0.04505206287566123,0.016786865503496784,11.242788461538462,11.242788461538462,8.787259615384615,0.4723557692307692,0.1994461263465787,0.05268026089927045,-0.09820228145923461,-0.11544256607441873,832,68,0,68,1.0,2.0533333333333332,2.0533333333333332,1.8016826923076923,109.33460334979758,69.63408936001044,-5.503048502127449,75.13713786213785,0.9317579887865182,178.968692709808,0.05466730167489879,0.03481704468000522,0.089484346354904,0.8450704225352113,240,167,73,44,0,165,135.2619047619048,103.48285048285047,4,40,4.0,3.0,73,0,209,11,1,11,209,0,4786.809950716047,478.6809950716047,10032.474922980944,1003.2474922980944,417.1431130507403,41.71431130507403,6028.838330851205,602.8838330851205,4160.0,416.0,0,1,0.06763095238095239,-0.0022,0.06763095238095239,-0.0022,0.0,0.0,0.06763095238095239,0.002,0.07084733396756586,0.12494342330536506,-0.09614127095758676,0.0019789156221660174,0.000582698850684348,-0.012603075320078249,-0.00030152349149558825,-0.00016500000000000003,-0.00010152349149558831,-3.500000000000002e-05,0.0,0.0,0.0,-0.001,-0.001,0.000582698850684348,0.006812698850684258,0.06663095238095239,0.000582698850684348,0.0,0.0,0.05466730167489943,0.034817044680005176,-0.011006097004254898,0.050091425241425236,-0.0027515242510637245,0.03756856893106893,0.0019789156221660174,0.0019789156221660174,0.4471412278749765,0.12271091875913301,0.08038973886756694,0.0,0.0,0.013886039586067744,0.0,0.0,0.006229999999999912,0.051741425241425235,-0.0016500000000000002,0.0055,0.1045,-0.0030498863842027884,-0.0010014162748120726,-0.002048470109390716,0.1852982669447859,0.15560730397701264,0.02969096296777328,0.9329667091369629,0.11512190103530884,8052,7480,0,0.20752045027911664,0.6286379766464233,14,8,15532,8052,7480,0.07785265520184398,cuda,72.4638671875
109,150,200,True,1186,1186,1113,792,321,63,258,0.2884097035040431,0.05660377358490566,0.23180592991913745,0.4595959595959596,1.97979797979798,0.7776423825910597,13.501172441424746,28.822812605047165,0.5399479243101131,0.5094677469495571,0.22481105597031237,0.10094345899150622,0.1597900627877074,0.5107129365770202,0.23973268026608335,0.16775418473895629,0.13372453641748488,-0.001245189627463117,-0.014921624295770985,-0.06681072574745006,0.026065526370222525,13.091644204851752,13.091644204851752,10.519317160826596,0.5300988319856245,0.1662111440017469,0.09832744208560007,-0.16107877412691768,-0.08359389246014495,1113,73,0,73,1.0,1.6568296795952782,1.6568296795952782,1.462713387241689,75.65992408972463,38.027459590095084,-7.2598376254365,45.287297215531574,0.8618414182351117,113.6873836798197,0.03782996204486231,0.019013729795047542,0.05684369183990985,0.8339350180505415,231,144,87,46,0,141,90.24047619047619,66.14858931917756,6,40,6.0,5.241387604668591,85,0,258,63,0,63,258,0,3947.643021971048,394.76430219710477,8727.541891959621,872.7541891959621,484.1642280628747,48.41642280628747,4973.93035990986,497.39303599098605,5565.0,556.5,0,0,0.045120238095238095,-0.003300000000000001,0.045120238095238095,-0.003300000000000001,0.0,0.0,0.045120238095238095,0.0029999999999999996,0.06025649413480103,0.1895668955880189,-0.1904074202157856,0.0022412815131599376,0.00011885784335904085,-0.015550500208913132,-0.001607824691818225,-0.0009450000000000007,-0.00045532469181822516,-0.00020750000000000016,0.0,0.0,0.0,0.0,0.0,0.00011885784335904085,0.008668857843358904,0.045120238095238095,0.00011885784335904085,0.0,0.0,0.037829962044862574,0.01901372979504756,-0.014519675250873,0.030191531477021073,-0.00362991881271825,0.022643648607765788,0.0022412815131599376,0.0022412815131599376,0.46138326505005206,0.16750689371468966,0.13076452014108148,0.0,0.0,0.0019749382408828188,0.0,0.0,0.008549999999999862,0.0330742946595888,-0.002882763182567726,0.0315,0.129,-0.0030498863842027884,-0.0010014162748120726,-0.002048470109390716,0.1852982669447859,0.15560730397701264,0.02969096296777328,0.9329667091369629,0.11512190103530884,8052,7480,0,0.20752045027911664,0.6286379766464233,14,8,15532,8052,7480,0.07785265520184398,cuda,72.4638671875
110,151,200,True,968,968,888,567,321,19,302,0.3614864864864865,0.021396396396396396,0.3400900900900901,0.582010582010582,1.781305114638448,0.758742857678437,14.289219321397246,27.45505768378681,0.5193204863402542,0.4776711322275209,0.16059845605145687,0.047286760318216194,0.16912625523734134,0.465756382418688,0.18684999208332317,0.0632103762607463,0.1457891118642094,0.011914749808832892,-0.026251536031866307,-0.015923615942530105,0.023337143373131947,9.45945945945946,9.45945945945946,7.55518018018018,0.3355855855855856,0.12266149621253203,0.05482399143501551,-0.040994008306837415,-0.06775398067750164,888,80,0,80,1.0,2.040289256198347,2.040289256198347,1.8018018018018018,130.30605882110225,78.15549748946607,-4.103431081962516,82.25892857142857,0.9524858850727177,208.4615563105683,0.06515302941055112,0.039077748744733035,0.10423077815528416,0.7142857142857143,200,171,29,80,0,168,159.5,125.07857142857141,14,66,14.0,14.0,29,0,302,19,0,19,302,0,4918.311321860965,491.8311321860965,10483.903306471633,1048.3903306471634,394.7176623390156,39.47176623390156,6193.774626005458,619.3774626005459,4440.0,444.0,0,0,0.07975,-0.0076999999999999985,0.07975,-0.0076999999999999985,0.0,0.0,0.07975,0.007,0.07223994777890576,0.11499505730392541,-0.0785178892372527,0.0031112324674017187,0.0009051470527553969,-0.010707444223501613,-0.000478419026890391,-0.00028500000000000015,-0.0001409190268903909,-5.2500000000000036e-05,0.0,0.0,0.0,0.0,0.0,0.0009051470527553969,0.0067651470527553175,0.07975,0.0009051470527553969,0.0,0.0,0.0651530294105514,0.03907774874473305,-0.008206862163925032,0.05483928571428571,-0.002051715540981258,0.04112946428571428,0.0031112324674017187,0.0031112324674017187,0.43270054496195914,0.1275083772647097,0.04199152781142304,0.0,0.0,0.032027420122640045,0.0,0.0,0.005859999999999919,0.06253928571428571,-0.0076999999999999985,0.0095,0.151,-0.0030498863842027884,-0.0010014162748120726,-0.002048470109390716,0.1852982669447859,0.15560730397701264,0.02969096296777328,0.9329667091369629,0.11512190103530884,8052,7480,0,0.20752045027911664,0.6286379766464233,14,8,15532,8052,7480,0.07785265520184398,cuda,72.4638671875
111,152,200,True,966,966,906,734,172,27,145,0.18984547461368653,0.029801324503311258,0.1600441501103753,0.49591280653950953,1.922343324250681,0.7557066275004795,13.991602054408851,25.40978587209691,0.5467531259156756,0.4674757094571636,0.21788795579387235,0.040371808006456095,0.14973927372990414,0.45774196618178237,0.23815449786420698,0.07511573984339702,0.13304832855833323,0.009733743275381235,-0.020266542070334626,-0.034743931836940925,0.01669094517157091,10.91280353200883,10.91280353200883,8.239514348785871,0.4900662251655629,0.10587237136366333,0.12494767228962697,-0.16989231859465728,-0.05533367830090153,906,60,0,60,1.0,1.9265010351966874,1.9265010351966874,1.661147902869757,97.50905597162534,54.52085781330401,-6.31889410144791,60.83975191475192,0.9059109366212701,152.02991378492936,0.04875452798581267,0.027260428906652007,0.07601495689246468,0.7889273356401384,228,155,73,61,0,150,119.85714285714285,85.51966921966924,4,57,4.0,4.0,73,0,145,27,1,27,145,0,4656.867412837716,465.6867412837716,9788.55313467571,978.855313467571,462.2710871756913,46.22710871756913,5862.169789991555,586.2169789991556,4530.0,453.0,0,1,0.05992857142857142,-0.0022000000000000006,0.05992857142857142,-0.0022000000000000006,0.0,0.0,0.05992857142857142,0.002,0.06453849733771806,0.14638605293834203,-0.09841818334177357,0.002780840474508922,0.00044835421477765176,-0.014593337967349095,-0.0007007922310094687,-0.00040500000000000025,-0.00022329223100946873,-7.250000000000004e-05,0.0,0.0,0.0,-0.001,-0.001,0.00044835421477765176,0.008058354214777531,0.05892857142857142,0.00044835421477765176,0.0,0.0,0.04875452798581359,0.02726042890665203,-0.01263778820289582,0.040559834609834616,-0.003159447050723955,0.030419875957375962,0.002780840474508922,0.002780840474508922,0.4513373427391465,0.16284481747620186,0.07756366301453176,0.0,0.0,0.01052712036231549,0.0,0.0,0.0076099999999998825,0.04275983460983461,-0.0022000000000000006,0.0135,0.0725,-0.0030498863842027884,-0.0010014162748120726,-0.002048470109390716,0.1852982669447859,0.15560730397701264,0.02969096296777328,0.9329667091369629,0.11512190103530884,8052,7480,0,0.20752045027911664,0.6286379766464233,14,8,15532,8052,7480,0.07785265520184398,cuda,72.4638671875
112,153,200,True,1031,1031,967,710,257,25,232,0.265770423991727,0.025853154084798345,0.23991726990692863,0.4676056338028169,1.9577464788732395,0.765914261341095,13.821672508078562,25.34492470181324,0.533078066361691,0.46413955050455014,0.16599415088413466,0.07150190093449618,0.15698252941914637,0.4637153749524707,0.1952463972290427,0.1140720875081147,0.13432464349464002,0.0004241755520794088,-0.02925224634490803,-0.042570186573618524,0.02265788592450635,9.304033092037228,9.304033092037228,6.8717683557394,0.45398138572905894,0.12492777211240151,0.15997650861526255,-0.12065924054340485,-0.08590434560444214,967,64,0,64,1.0,1.8962172647914646,1.8962172647914646,1.6318510858324715,91.83954128899246,51.58195889669912,-5.395655155914917,56.977614052614015,0.913494110147154,143.42150018569157,0.04591977064449623,0.02579097944834956,0.07171075009284579,0.8286713286713286,237,156,81,49,0,151,110.94285714285714,80.37015207015209,4,45,4.0,4.0,79,0,232,25,0,25,232,0,4700.072029125861,470.00720291258614,10071.8395768945,1007.1839576894499,453.00328685276486,45.30032868527648,5918.6554914433045,591.8655491443304,4835.0,483.5,0,0,0.055471428571428574,-0.0022,0.055471428571428574,-0.0022,0.0,0.0,0.055471428571428574,0.002,0.06500099543266875,0.13931545115871782,-0.09190556736420712,0.0033119200569571355,0.0003631389367668406,-0.013763106459310021,-0.0006603726167690083,-0.0003750000000000002,-0.00021787261676900816,-6.750000000000004e-05,0.0,0.0,0.0,0.0,0.0,0.0003631389367668406,0.007713138936766726,0.055471428571428574,0.0003631389367668406,0.0,0.0,0.04591977064449701,0.02579097944834956,-0.010791310311829835,0.03798507603507606,-0.0026978275779574587,0.028488807026307007,0.0033119200569571355,0.0033119200569571355,0.4680284892272585,0.13770287681679907,0.09835757012523129,0.0,0.0,0.007574298366029766,0.0,0.0,0.007349999999999888,0.04018507603507605,-0.0022,0.0125,0.116,-0.0030498863842027884,-0.0010014162748120726,-0.002048470109390716,0.1852982669447859,0.15560730397701264,0.02969096296777328,0.9329667091369629,0.11512190103530884,8052,7480,0,0.20752045027911664,0.6286379766464233,14,8,15532,8052,7480,0.07785265520184398,cuda,72.4638671875
113,154,200,True,1067,1067,1007,832,175,34,141,0.17378351539225423,0.033763654419066536,0.1400198609731877,0.47716346153846156,1.9423076923076923,0.768622457049787,13.8113882289483,24.96444208644187,0.5306093654376477,0.4807567640673369,0.3133089381556671,0.04289833263241095,0.14623556043191527,0.4693041594627385,0.33222250757703126,0.07994433999668288,0.12704015495658566,0.011452604604598404,-0.01891356942136413,-0.03704600736427193,0.019195405475329608,11.44687189672294,11.44687189672294,8.66832174776564,0.5173783515392254,0.13583183778592275,0.13161188404482935,-0.12980185634930744,-0.06364650372260995,1007,60,0,60,1.0,1.8481724461105904,1.8481724461105904,1.621648460774578,111.42075755804801,53.99465940750141,-7.056912978445962,61.05157238594735,0.8963871690775365,165.4154169655494,0.055710378779024,0.026997329703750704,0.0827077084827747,0.776595744680851,219,157,62,63,0,153,134.60476190476186,90.2020965145965,8,55,8.0,8.0,60,0,141,34,0,34,141,0,4538.040018933687,453.8040018933687,9823.878943202571,982.3878943202571,501.93149512489646,50.19314951248965,5712.502909277274,571.2502909277274,5035.0,503.5,0,0,0.06730238095238093,-0.004399999999999999,0.06730238095238093,-0.004399999999999999,0.0,0.0,0.06730238095238093,0.004,0.06575397843260217,0.1746656569447725,-0.17137382665335094,0.0027638425855837897,0.0006823700855961236,-0.01605334515603485,-0.0008053673035638738,-0.0005100000000000004,-0.00020536730356387385,-9.000000000000006e-05,0.0,0.0,0.0,0.0,0.0,0.0006823700855961236,0.009342370085595984,0.06730238095238093,0.0006823700855961236,0.0,0.0,0.055710378779025134,0.02699732970375068,-0.014113825956891925,0.040701048257298256,-0.0035284564892229813,0.030525786192973678,0.0027638425855837897,0.0027638425855837897,0.48146590527417615,0.23005238628260785,0.06625302989959793,0.0,0.0,0.01313266608126046,0.0,0.0,0.00865999999999986,0.04510104825729825,-0.004399999999999999,0.017,0.0705,-0.0009050700522493571,-0.001235047134105116,0.000329977081855759,0.15531988912262024,0.1270881460979581,0.028231743024662137,0.946524977684021,0.11300957202911377,8187,7730,0,0.1767835047096014,0.6559282578527927,15,8,15917,8187,7730,0.08378258078507955,cuda,74.15380859375
114,155,200,True,964,964,915,645,270,20,250,0.29508196721311475,0.02185792349726776,0.273224043715847,0.3953488372093023,2.0651162790697675,0.77869142966215,13.498784640408301,28.478228336526442,0.5668702316623747,0.5304993878039279,0.1510087670397389,0.024663960787850294,0.1710879823842714,0.5212075378543647,0.19034782404209985,0.05457300566851573,0.15438694631637528,0.009291849949563225,-0.039339057002360955,-0.029909044880665436,0.016701036067896108,12.61311475409836,12.608743169398908,10.050273224043716,0.5180327868852459,0.1274528115776024,0.06227380721846874,-0.056535644382703476,-0.03239992824928983,915,49,0,49,1.0,2.0404564315352696,2.0404564315352696,1.7628415300546447,127.61755837473218,74.67138320268558,-6.326235844933458,80.99761904761904,0.9275543223244374,202.28894157741775,0.06380877918736609,0.037335691601342785,0.10114447078870888,0.7746478873239436,220,180,40,64,0,176,155.83333333333334,116.79682539682538,8,56,8.0,8.0,38,0,250,20,0,20,250,0,4997.929139256911,499.7929139256911,10649.69642235997,1064.969642235997,447.71519576684193,44.77151957668419,6296.197796717593,629.6197796717593,4575.0,457.5,0,0,0.07791666666666669,-0.004399999999999999,0.07791666666666669,-0.004399999999999999,0.0,0.0,0.07791666666666669,0.004,0.07546100707038808,0.14110570011377216,-0.10746157769245643,0.0012567255343209362,0.0007272292701635404,-0.013295683611050095,-0.0005475590442575645,-0.00030000000000000014,-0.00019755904425756447,-5.000000000000003e-05,0.0,0.0,0.0,0.0,0.0,0.0007272292701635404,0.007377229270163443,0.07791666666666669,0.0007272292701635404,0.0,0.0,0.06380877918736676,0.03733569160134277,-0.012652471689866916,0.053998412698412684,-0.003163117922466729,0.04049880952380952,0.0012567255343209362,0.0012567255343209362,0.4854843612630294,0.14227966735725187,0.05097867389450335,0.0,0.0,0.01574249548592748,0.0,0.0,0.0066499999999999025,0.058398412698412686,-0.004399999999999999,0.01,0.125,-0.0009050700522493571,-0.001235047134105116,0.000329977081855759,0.15531988912262024,0.1270881460979581,0.028231743024662137,0.946524977684021,0.11300957202911377,8187,7730,0,0.1767835047096014,0.6559282578527927,15,8,15917,8187,7730,0.08378258078507955,cuda,74.15380859375
115,156,200,True,1093,1093,1031,730,301,43,258,0.29194956353055285,0.041707080504364696,0.2502424830261882,0.4602739726027397,2.021917808219178,0.7595084331827621,13.929711929739337,27.028753627816293,0.5408891698855856,0.5088066186194551,0.21944503355516146,0.05648247089479374,0.15568383198792804,0.4988599002565423,0.23876689744934643,0.103357508432994,0.1378922371653049,0.009946718362912776,-0.01932186389418497,-0.046875037538200263,0.01779159482262313,13.034917555771097,13.034917555771097,10.566440349175558,0.49369544131910764,0.11607794082541094,0.0870112153670025,-0.058826007844402735,-0.03315523263979838,1031,62,0,62,1.0,1.7749313815187557,1.7749313815187557,1.5557710960232785,91.40669279500278,45.19021358006881,-6.414813990399912,51.605027570468735,0.8894375817336535,136.5969063750716,0.04570334639750139,0.022595106790034403,0.0682984531875358,0.8551236749116607,242,158,84,41,0,152,110.16825396825399,72.10670342729168,3,38,3.0,3.0,84,0,258,43,0,43,258,0,4448.968580504929,444.89685805049294,9643.610207667189,964.3610207667189,456.42483361483124,45.64248336148312,5604.969370656496,560.4969370656496,5155.0,515.5,0,0,0.055084126984127,-0.0016500000000000002,0.055084126984127,-0.0016500000000000002,0.0,0.0,0.055084126984127,0.0015,0.06502926084247701,0.16731745933532077,-0.1526419940682147,0.003141405988368572,0.0004502240509989823,-0.014358148868324575,-0.001113102497956992,-0.0006450000000000005,-0.0003431024979569919,-0.00012500000000000008,0.0,0.0,0.0,0.0,0.0,0.0004502240509989823,0.008180224050998861,0.055084126984127,0.0004502240509989823,0.0,0.0,0.045703346397502155,0.02259510679003443,-0.012829627980799825,0.03440335171364587,-0.003207406995199956,0.025802513785234366,0.003141405988368572,0.003141405988368572,0.4788411973716886,0.17860224925341198,0.09043060425817175,0.0,0.0,0.008378445546143367,0.0,0.0,0.007729999999999879,0.03605335171364586,-0.0016500000000000002,0.0215,0.129,-0.0009050700522493571,-0.001235047134105116,0.000329977081855759,0.15531988912262024,0.1270881460979581,0.028231743024662137,0.946524977684021,0.11300957202911377,8187,7730,0,0.1767835047096014,0.6559282578527927,15,8,15917,8187,7730,0.08378258078507955,cuda,74.15380859375
116,157,200,True,959,959,912,678,234,22,212,0.2565789473684211,0.02412280701754386,0.2324561403508772,0.4616519174041298,1.9837758112094395,0.7445251657943458,14.310516905995597,24.637351809349735,0.5633514095612033,0.4574936976474998,0.2075162075053362,0.044864719666287876,0.14611398219611704,0.45205926747888237,0.23532875297195485,0.07978701630743237,0.1328922767730589,0.0054344301686174434,-0.027812545466618654,-0.0349222966411445,0.013221705423058144,9.244517543859649,9.244517543859649,6.801535087719298,0.4342105263157895,0.13391363950535462,0.11866649093431145,-0.16190335762218877,-0.06746610816739725,912,47,0,47,1.0,2.070907194994786,2.070907194994786,1.763157894736842,122.0942834657996,66.63017570842756,-6.00281421831235,72.63298992673991,0.9236630910871145,188.72445917422715,0.0610471417328998,0.033315087854213776,0.09436222958711357,0.8297101449275363,229,179,50,47,0,177,148.8095238095238,103.44398656898655,7,40,7.0,6.0,49,0,212,22,0,22,212,0,5077.423072035952,507.7423072035952,10834.96187516739,1083.496187516739,453.3158296927001,45.33158296927001,6394.537403157243,639.4537403157243,4560.0,456.0,0,0,0.07440476190476188,-0.0038499999999999997,0.07440476190476188,-0.0038499999999999997,0.0,0.0,0.07440476190476188,0.0035,0.07588384182315866,0.1292002122889196,-0.08471633083138488,0.00261495544425835,0.0006166610454514464,-0.013889172929279133,-0.0006655089689828408,-0.00033000000000000016,-0.0002780089689828406,-5.750000000000003e-05,0.0,0.0,0.0,0.0,0.0,0.0006166610454514464,0.007616661045451339,0.07440476190476188,0.0006166610454514464,0.0,0.0,0.06104714173290063,0.0333150878542138,-0.0120056284366247,0.04842199328449327,-0.003001407109156175,0.03631649496336996,0.00261495544425835,0.00261495544425835,0.4673285889323867,0.14969305290636997,0.06323563899414446,0.0,0.0,0.019328493785509878,0.0,0.0,0.006999999999999895,0.05172199328449326,-0.0033,0.011,0.106,-0.0009050700522493571,-0.001235047134105116,0.000329977081855759,0.15531988912262024,0.1270881460979581,0.028231743024662137,0.946524977684021,0.11300957202911377,8187,7730,0,0.1767835047096014,0.6559282578527927,15,8,15917,8187,7730,0.08378258078507955,cuda,74.15380859375
117,158,200,True,981,981,921,704,217,21,196,0.23561346362649294,0.02280130293159609,0.21281216069489686,0.45170454545454547,2.0,0.77861631013961,13.545631878755309,27.582756901244547,0.5731144192206391,0.5115817332724956,0.19596663809286177,0.03163494717128659,0.16133968325712802,0.49991229034706275,0.22237399348589612,0.06054472815958434,0.14453186581588603,0.011669442925432816,-0.02640735539303435,-0.028909780988297745,0.01680781744124199,11.905537459283387,11.888165038002171,9.201954397394136,0.5352877307274702,0.13147645910787295,0.11388499586186086,-0.12647385714452952,-0.0050481123409179375,921,60,0,60,1.0,2.0336391437308867,2.0336391437308867,1.8002171552660151,126.68100000115616,72.68121721090851,-6.189020884329604,78.87023809523811,0.9272387161776675,199.36221721206468,0.06334050000057809,0.03634060860545426,0.09968110860603234,0.8207885304659498,229,175,54,50,0,174,154.33333333333334,111.76031746031745,7,43,7.0,6.0,53,0,196,21,0,21,196,0,4887.733176293718,488.77331762937183,10581.867096723352,1058.1867096723352,483.00967489795784,48.30096748979578,6155.339615917417,615.5339615917417,4605.0,460.5,0,0,0.07716666666666668,-0.0038499999999999997,0.07716666666666668,-0.0038499999999999997,0.0,0.0,0.07716666666666668,0.0035,0.07434007472032399,0.15095997277440065,-0.10357343417097609,0.0029045288508095747,0.0007858333362236244,-0.014671729136753728,-0.0005539905061601414,-0.0003150000000000002,-0.00018149050616014133,-5.7500000000000036e-05,0.0,0.0,0.0,0.0,0.0,0.0007858333362236244,0.008035833336223512,0.07716666666666668,0.0007858333362236244,0.0,0.0,0.063340500000579,0.036340608605454294,-0.012378041768659209,0.05258015873015873,-0.003094510442164802,0.03943511904761905,0.0029045288508095747,0.0029045288508095747,0.4854132838522842,0.15356152634685322,0.05286050544778345,0.0,0.0,0.01363809175553883,0.0,0.0,0.00724999999999989,0.05588015873015873,-0.0033,0.0105,0.098,-0.0009050700522493571,-0.001235047134105116,0.000329977081855759,0.15531988912262024,0.1270881460979581,0.028231743024662137,0.946524977684021,0.11300957202911377,8187,7730,0,0.1767835047096014,0.6559282578527927,15,8,15917,8187,7730,0.08378258078507955,cuda,74.15380859375
118,159,200,True,1108,1108,1052,823,229,54,175,0.217680608365019,0.051330798479087454,0.16634980988593157,0.4993924665856622,1.8955042527339003,0.7399353568565512,14.540189668880199,26.36511015949968,0.5280233431240557,0.47363301528615476,0.20720221611918974,0.05567861588803071,0.1609597168229113,0.4730757967742072,0.23523279633667243,0.10995012642034892,0.13162876417314948,0.0005572185119475659,-0.028030580217482698,-0.054271510532318205,0.02933095264976182,12.04657794676806,12.04657794676806,9.393536121673003,0.4866920152091255,0.1808427835626775,0.13923774556634855,-0.14729938150522504,-0.05551810354105393,1052,56,0,56,1.0,1.7653429602888087,1.7653429602888087,1.5399239543726235,93.08622402292305,50.790616967627095,-7.627099690714529,58.41771665834163,0.8845163010159006,143.87684099055014,0.046543112011461524,0.025395308483813547,0.07193842049527507,0.8095238095238095,221,149,72,52,0,144,111.78809523809524,83.39028887778892,6,46,6.0,5.0,71,0,175,54,0,54,175,0,4279.49213397785,427.949213397785,9363.418067156334,936.3418067156333,494.32206437369655,49.43220643736966,5389.060743435531,538.9060743435531,5260.0,526.0,0,0,0.055894047619047614,-0.003300000000000001,0.055894047619047614,-0.003300000000000001,0.0,0.0,0.055894047619047614,0.003,0.06176952905709222,0.17714330611311047,-0.14263897107356954,0.0019060389371518434,0.0003693695811170539,-0.015802298632543028,-0.0013484340479520238,-0.0008100000000000006,-0.00038593404795202364,-0.0001525000000000001,0.0,0.0,0.0,0.0,0.0,0.0003693695811170539,0.009139369581116911,0.055894047619047614,0.0003693695811170539,0.0,0.0,0.04654311201146261,0.02539530848381355,-0.015254199381429058,0.03894514443889445,-0.0038135498453572645,0.029208858329170816,0.0019060389371518434,0.0019060389371518434,0.4672329582100518,0.1727185505517098,0.09019339747878095,0.0,0.0,0.01079843057017487,0.0,0.0,0.008769999999999858,0.041695144438894445,-0.00275,0.027,0.0875,-0.0009050700522493571,-0.001235047134105116,0.000329977081855759,0.15531988912262024,0.1270881460979581,0.028231743024662137,0.946524977684021,0.11300957202911377,8187,7730,0,0.1767835047096014,0.6559282578527927,15,8,15917,8187,7730,0.08378258078507955,cuda,74.15380859375
119,160,200,True,910,910,858,711,147,29,118,0.17132867132867133,0.0337995337995338,0.13752913752913754,0.510548523206751,1.909985935302391,0.7675012667387011,13.682414015972498,26.508455659685925,0.5275605908310046,0.49716448907526906,0.21786032341494005,0.04475295775256915,0.1736409608510476,0.48693500786139493,0.24313608392596286,0.08203399439460864,0.1438291995811018,0.010229481213874125,-0.025275760511022816,-0.03728103664203949,0.029811761269945808,12.862470862470863,12.862470862470863,10.102564102564102,0.5372960372960373,0.15514466725800333,0.07206734941285997,-0.12590069318842523,-0.06709701094233125,858,52,0,52,1.0,2.0703296703296705,2.0703296703296705,1.7925407925407926,119.43377802521356,66.62167827758759,-5.942039254879957,72.56371753246754,0.9243107830808451,186.05545630280113,0.05971688901260678,0.0333108391387938,0.09302772815140056,0.7859649122807018,224,179,45,61,0,174,147.25952380952378,107.75162337662339,10,51,10.0,10.0,43,0,118,29,1,29,118,0,4885.919197815709,488.5919197815709,10313.455818311244,1031.3455818311245,457.8147333163765,45.78147333163765,6154.831994242618,615.4831994242618,4290.0,429.0,0,1,0.07362976190476189,-0.0055,0.07362976190476189,-0.0055,0.0,0.0,0.07362976190476189,0.005,0.07414063075323107,0.14924661273961567,-0.10503164690381331,0.002241421714048195,0.0006653974439862589,-0.013639839280518755,-0.0007833190110016137,-0.0004350000000000003,-0.00026331901100161393,-8.500000000000005e-05,0.0,0.0,0.0,-0.001,-0.001,0.0006653974439862589,0.008065397443986145,0.07262976190476189,0.0006653974439862589,0.0,0.0,0.059716889012607625,0.033310839138793846,-0.011884078509759914,0.04837581168831168,-0.0029710196274399785,0.03628185876623377,0.002241421714048195,0.002241421714048195,0.49463252381845707,0.16493903717561767,0.06262005517915235,0.0,0.0,0.013967493728125311,0.0,0.0,0.007399999999999887,0.053875811688311695,-0.0055,0.0145,0.059,-0.0009050700522493571,-0.001235047134105116,0.000329977081855759,0.15531988912262024,0.1270881460979581,0.028231743024662137,0.946524977684021,0.11300957202911377,8187,7730,0,0.1767835047096014,0.6559282578527927,15,8,15917,8187,7730,0.08378258078507955,cuda,74.15380859375
120,161,200,True,1105,1105,1034,796,238,46,192,0.23017408123791103,0.04448742746615087,0.18568665377176016,0.4635678391959799,1.9748743718592965,0.7784704782780091,13.531639026038011,25.8761191727528,0.5341241283332974,0.4882918402327964,0.2676728388069937,0.06082140921846725,0.15505858275094,0.4823544868010672,0.2806198419476555,0.12585575316316594,0.12569928016214066,0.005937353431729242,-0.012947003140661772,-0.06503434394469869,0.029359302588799346,12.000967117988395,12.000967117988395,9.26982591876209,0.5241779497098646,0.15646569437469654,0.1595076384722603,-0.1469972507261918,0.013167808479543831,1034,71,0,71,1.0,1.7746606334841628,1.7746606334841628,1.5377176015473888,82.90865000541991,35.29240395817096,-6.8463027515163315,42.13870670968728,0.8602367780098391,118.20105396359088,0.04145432500270996,0.01764620197908548,0.05910052698179544,0.8722627737226277,239,150,89,35,0,146,99.36666666666666,58.311219336219416,3,32,3.0,1.9329791423966172,88,0,192,46,0,46,192,0,4357.343139799729,435.7343139799729,9519.409892824464,951.9409892824464,483.67676773794136,48.36767677379414,5486.5442845542175,548.6544284554218,5170.0,517.0,0,0,0.04968333333333333,-0.0016500000000000002,0.04968333333333333,-0.0016500000000000002,0.0,0.0,0.04968333333333333,0.0015,0.06257778377403254,0.17620017317017167,-0.16708880916203728,0.003226629404993413,0.00011829168021632527,-0.015460465683025025,-0.0011939002215823143,-0.0006900000000000005,-0.000378900221582314,-0.00012500000000000008,0.0,0.0,0.0,0.0,0.0,0.00011829168021632527,0.00853829168021619,0.04968333333333333,0.00011829168021632527,0.0,0.0,0.041454325002710624,0.017646201979085487,-0.013692605503032662,0.028092471139791554,-0.0034231513757581656,0.02106935335484364,0.003226629404993413,0.003226629404993413,0.4821251140742274,0.20549855015772853,0.09245843820318639,0.0,0.0,0.005963251712046586,0.0,0.0,0.008419999999999865,0.029155609668109702,-0.0010631385283181394,0.023,0.096,-0.0009050700522493571,-0.001235047134105116,0.000329977081855759,0.15531988912262024,0.1270881460979581,0.028231743024662137,0.946524977684021,0.11300957202911377,8187,7730,0,0.1767835047096014,0.6559282578527927,15,8,15917,8187,7730,0.08378258078507955,cuda,74.15380859375
121,162,200,True,1037,1037,975,885,90,41,49,0.09230769230769231,0.04205128205128205,0.050256410256410255,0.4937853107344633,1.8745762711864407,0.7525225991751514,14.127711407074147,21.70693162268838,0.5193768438331386,0.4621860090622121,0.26685037157461466,0.07242276920637085,0.15120362779599125,0.4526576620374022,0.2936755198227652,0.09832857663580084,0.13114529711925715,0.009528347024809869,-0.02682514824815052,-0.025905807429429994,0.0200583306767341,12.417435897435897,12.417435897435897,9.525128205128205,0.4758974358974359,0.17458024407871178,0.1445617666732342,-0.15326384203575255,-0.10960548454248173,975,62,0,62,1.0,1.9026036644165862,1.9026036644165862,1.638974358974359,111.6133452741753,62.35710553565461,-6.926236122687062,69.28334165834164,0.9091159362857506,173.9704508098299,0.05580667263708765,0.031178552767827307,0.08698522540491496,0.7950530035335689,225,165,60,58,0,162,134.6428571428571,96.77778887778886,4,54,4.0,4.0,58,0,49,41,0,41,49,0,4700.478011262412,470.0478011262412,10281.20266776791,1028.120266776791,519.7915581410349,51.97915581410349,5921.379830529555,592.1379830529555,4875.0,487.5,0,0,0.06732142857142856,-0.0022,0.06732142857142856,-0.0022,0.0,0.0,0.06732142857142856,0.002,0.06930536800475307,0.17945244730352525,-0.12391682837524187,0.003641090425273873,0.0004876488997239537,-0.016714491128783635,-0.0009287658085698051,-0.0006150000000000004,-0.00020626580856980477,-0.00010750000000000008,0.0,0.0,0.0,0.0,0.0,0.0004876488997239537,0.009747648899723802,0.06732142857142856,0.0004876488997239537,0.0,0.0,0.055806672637088994,0.031178552767827307,-0.013852472245374123,0.04618889443889443,-0.003463118061343531,0.03464167082917082,0.003641090425273873,0.003641090425273873,0.5075664743325113,0.2185803693342314,0.08514307038766218,0.0,0.0,0.0094843071659714,0.0,0.0,0.009259999999999846,0.04838889443889443,-0.0022,0.0205,0.0245,-0.0058796836839367945,-0.0020533718479176363,-0.003826311836019158,0.16404664150128762,0.1379473606745402,0.026099280826747416,0.9359408020973206,0.09622049331665039,8313,7780,0,0.19340079029401144,0.621907764673233,16,8,16093,8313,7780,0.07370952845640384,cuda,74.52783203125
122,163,200,True,1073,1073,996,819,177,46,131,0.17771084337349397,0.04618473895582329,0.13152610441767068,0.46764346764346765,1.9523809523809523,0.7745884768619351,13.581995587936978,23.42592101971254,0.5168276677959711,0.4864918689660828,0.2419557461312657,0.08979643274141846,0.15071079294596398,0.48152007591957285,0.2611164616498191,0.1339461474899164,0.1292174540219035,0.004971793046509965,-0.019160715518553417,-0.04414971474849794,0.021493338924060496,13.013052208835342,13.013052208835342,10.200803212851406,0.5481927710843374,0.0954969744506903,0.11856555694417592,-0.17840438669257985,-0.06067116777032612,996,77,0,77,1.0,1.8164026095060577,1.8164026095060577,1.5943775100401607,88.09312478722413,48.22988784917087,-7.043028817495818,55.27291666666666,0.8869787056462812,136.323012636395,0.044046562393612064,0.024114943924585436,0.06816150631819749,0.8428571428571429,236,158,78,44,0,153,105.61666666666663,75.89722222222224,2,42,2.0,2.0,78,0,131,46,0,46,131,0,4555.943885137749,455.5943885137749,9942.273469044198,994.2273469044197,483.3568138807847,48.33568138807847,5737.240812412529,573.7240812412529,4980.0,498.0,0,0,0.05280833333333332,-0.0011,0.05280833333333332,-0.0011,0.0,0.0,0.05280833333333332,0.001,0.06554934397082922,0.1775143749663075,-0.1515243303534688,0.0026221738982845706,0.0003494786347270349,-0.015392067624876408,-0.0011012705036738543,-0.0006900000000000005,-0.00027377050367385404,-0.0001375000000000001,0.0,0.0,0.0,0.0,0.0,0.0003494786347270349,0.008999478634726894,0.05280833333333332,0.0003494786347270349,0.0,0.0,0.04404656239361305,0.0241149439245854,-0.014086057634991636,0.036848611111111124,-0.003521514408747909,0.02763645833333333,0.0026221738982845706,0.0026221738982845706,0.4937827218009322,0.19514123795882773,0.10714062478319793,0.0,0.0,0.005138271968966725,0.0,0.0,0.00864999999999986,0.03794861111111112,-0.0011,0.023,0.0655,-0.0058796836839367945,-0.0020533718479176363,-0.003826311836019158,0.16404664150128762,0.1379473606745402,0.026099280826747416,0.9359408020973206,0.09622049331665039,8313,7780,0,0.19340079029401144,0.621907764673233,16,8,16093,8313,7780,0.07370952845640384,cuda,74.52783203125
123,164,200,True,927,927,872,675,197,26,171,0.22591743119266056,0.02981651376146789,0.19610091743119265,0.48148148148148145,1.9362962962962964,0.8036091644234128,12.982065247429741,29.13716628520577,0.5185111820002741,0.5148470504195601,0.2121226626303461,0.05814163431180296,0.17747789635012548,0.5066410281702324,0.24030369985158798,0.08966839338394089,0.15097571567114856,0.00820602224932776,-0.028181037221241878,-0.03152675907213793,0.026502180678976917,13.020642201834862,13.020642201834862,10.417431192660551,0.5114678899082569,0.15611603980751165,0.07095078394196158,-0.13504158366532,-0.10846141228769395,872,55,0,55,1.0,1.9946062567421792,1.9946062567421792,1.7591743119266054,111.16843523055113,70.87093593441166,-4.80299452656539,75.67393046097709,0.9403183642105004,182.0393711649628,0.055584217615275565,0.03543546796720583,0.0910196855824814,0.7572463768115942,209,163,46,67,0,159,137.1373015873016,105.78565323565321,5,62,5.0,4.442799352439829,46,0,171,26,1,26,171,0,4702.483505179393,470.24835051793934,9881.396044845002,988.1396044845002,423.03001551123083,42.30300155112308,5922.901217828692,592.2901217828692,4360.0,436.0,0,1,0.06856865079365079,-0.00275,0.06856865079365079,-0.00275,0.0,0.0,0.06856865079365079,0.0025,0.06835420381563384,0.14902964289475132,-0.12697521608370116,0.0037918637681332583,0.0006364849017744007,-0.012727092652491391,-0.0006353496337432663,-0.0003900000000000002,-0.00017784963374326644,-6.750000000000004e-05,0.0,0.0,0.0,-0.001,-0.001,0.0006364849017744007,0.007646484901774295,0.06756865079365079,0.0006364849017744007,0.0,0.0,0.055584217615276175,0.03543546796720582,-0.009605989053130782,0.0504492869739847,-0.0024014972632826954,0.037836965230488545,0.0037918637681332583,0.0037918637681332583,0.4673483104093462,0.1592428430400606,0.07551374604795948,0.0,0.0,0.012687724396686315,0.0,0.0,0.007009999999999895,0.0528928266178266,-0.0024435396438419062,0.013,0.0855,-0.0058796836839367945,-0.0020533718479176363,-0.003826311836019158,0.16404664150128762,0.1379473606745402,0.026099280826747416,0.9359408020973206,0.09622049331665039,8313,7780,0,0.19340079029401144,0.621907764673233,16,8,16093,8313,7780,0.07370952845640384,cuda,74.52783203125
124,165,200,True,991,991,925,679,246,36,210,0.26594594594594595,0.03891891891891892,0.22702702702702704,0.43888070692194403,1.9911634756995582,0.7690672688789677,14.175433844284035,25.084161633639344,0.5209942384210565,0.47465363651821296,0.2739451252615329,0.058938331338981596,0.14951677767858898,0.47219792978401914,0.29316890606758167,0.12142581721001054,0.12592045422808015,0.002455706734193819,-0.01922378080604875,-0.062487485871028946,0.023596323450508827,10.0,10.0,7.366486486486487,0.4681081081081081,0.11364896462668354,0.18518656705745035,-0.1411161135202243,-0.058126787863237966,925,66,0,66,1.0,1.875882946518668,1.875882946518668,1.6421621621621623,83.8213234155305,47.53974251928053,-5.788321076812862,53.32806359609338,0.9020860103533069,131.36106593481102,0.04191066170776525,0.023769871259640266,0.06568053296740552,0.8129496402877698,226,147,79,52,0,142,102.96746031746028,75.13035971166778,4,48,4.0,3.660249924433228,77,0,210,36,1,36,210,0,4471.690382228972,447.16903822289726,9415.513860136805,941.5513860136805,404.49588001383273,40.449588001383276,5629.868359008037,562.9868359008037,4625.0,462.5,0,1,0.05148373015873014,-0.0022,0.05148373015873014,-0.0022,0.0,0.0,0.05148373015873014,0.002,0.0612167539613558,0.13976092599633688,-0.12718145683493343,0.002023451172789435,0.00046838790390563644,-0.012863821380283589,-0.0008597784250505686,-0.0005400000000000003,-0.0002172784250505685,-0.00010250000000000007,0.0,0.0,0.0,-0.001,-0.001,0.00046838790390563644,0.007618387903905526,0.05048373015873014,0.00046838790390563644,0.0,0.0,0.041910661707766035,0.023769871259640238,-0.011576642153625723,0.03555204239739562,-0.0028941605384064308,0.02666403179804669,0.002023451172789435,0.002023451172789435,0.4519064484502934,0.1879949391262557,0.10778257509622916,0.0,0.0,0.00825155039236686,0.0,0.0,0.007149999999999892,0.037565179855833894,-0.002013137458438275,0.018,0.105,-0.0058796836839367945,-0.0020533718479176363,-0.003826311836019158,0.16404664150128762,0.1379473606745402,0.026099280826747416,0.9359408020973206,0.09622049331665039,8313,7780,0,0.19340079029401144,0.621907764673233,16,8,16093,8313,7780,0.07370952845640384,cuda,74.52783203125
125,166,200,True,1115,1115,1033,747,286,53,233,0.27686350435624396,0.051306873184898356,0.22555663117134558,0.46318607764390896,1.9906291834002678,0.8112367922203289,12.927658221488656,28.508241814143528,0.5020915275522061,0.5155978940098161,0.2245693010049891,0.09877251759121616,0.16379365398906362,0.5124866947671336,0.2408324657282337,0.1669195588002383,0.13600581117383287,0.0031111992426825497,-0.0162631647232446,-0.06814704120902212,0.02778784281523075,12.912875121006776,12.912875121006776,10.323330106485963,0.5121006776379478,0.13624644547540266,0.07181718215910574,-0.12714957586231115,-0.06172998896733701,1033,82,0,82,1.0,1.7650224215246637,1.7650224215246637,1.5827686350435624,81.88697690163038,46.1131745137822,-6.339383820308683,52.45255833409084,0.8921725735193408,128.00015141541257,0.04094348845081519,0.0230565872568911,0.06400007570770629,0.8374558303886925,237,158,79,46,0,154,98.21626984126979,75.9614517190756,7,39,7.0,5.477006612382806,79,0,233,53,0,53,233,0,4376.301380268145,437.6301380268145,9450.910728036284,945.0910728036284,435.41081622165837,43.541081622165834,5511.750418647728,551.1750418647728,5165.0,516.5,0,0,0.049108134920634906,-0.0038499999999999997,0.049108134920634906,-0.0038499999999999997,0.0,0.0,0.049108134920634906,0.0035,0.06582599304840546,0.17260627425773056,-0.16480303445217684,0.0025585756180094388,0.00028490257153616715,-0.01363863166830254,-0.0012745477704882448,-0.0007950000000000006,-0.00033954777048824476,-0.0001400000000000001,0.0,0.0,0.0,0.0,0.0,0.00028490257153616715,0.008284902571536041,0.049108134920634906,0.00028490257153616715,0.0,0.0,0.040943488450815725,0.023056587256891106,-0.012678767640617365,0.03496837222272728,-0.0031696919101543413,0.02622627916704542,0.0025585756180094388,0.0025585756180094388,0.4819730397795873,0.17091491397573835,0.12332664077282982,0.0,0.0,0.008634301962102233,0.0,0.0,0.007999999999999874,0.0379807258595378,-0.003012353636810543,0.0265,0.1165,-0.0058796836839367945,-0.0020533718479176363,-0.003826311836019158,0.16404664150128762,0.1379473606745402,0.026099280826747416,0.9359408020973206,0.09622049331665039,8313,7780,0,0.19340079029401144,0.621907764673233,16,8,16093,8313,7780,0.07370952845640384,cuda,74.52783203125
126,167,200,True,1109,1109,1039,785,254,37,217,0.24446583253128007,0.0356111645813282,0.2088546679499519,0.445859872611465,2.0,0.7992317303920248,13.167773918589209,27.151005669763894,0.5059635061602914,0.5204305210880413,0.29804503750649225,0.06296113777348096,0.1703434518307068,0.5162914392484981,0.30682462003722694,0.12333962750460976,0.14018754205031758,0.004139081839543257,-0.008779582530734686,-0.060378489731128804,0.030155909780389206,12.531280076997113,12.531280076997113,9.798845043310877,0.5726660250240616,0.064441244254199,0.1737439794209591,-0.13369064118134846,-0.06135537579883474,1039,70,0,70,1.0,1.7844905320108206,1.7844905320108206,1.577478344562079,84.15654587088277,39.86644559016096,-6.044314080333379,45.910759670494315,0.8836626792347285,124.02299146104372,0.042078272935441384,0.019933222795080478,0.06201149573052186,0.8280701754385965,236,155,81,49,0,152,100.83007270507272,65.61434622732581,4,45,4.0,4.0,79,0,217,37,0,37,217,0,4410.229368335504,441.0229368335504,9481.344937754548,948.1344937754548,449.90341615501734,44.990341615501734,5553.484649714641,555.3484649714641,5195.0,519.5,0,0,0.050415036352536365,-0.0022,0.050415036352536365,-0.0022,0.0,0.0,0.050415036352536365,0.002,0.06510755595516185,0.18208277338514775,-0.19690448780848904,0.0032401687250341277,0.0005112192670614132,-0.014442958271679775,-0.0009305664618310639,-0.0005550000000000004,-0.000275566461831064,-0.00010000000000000006,0.0,0.0,0.0,0.0,0.0,0.0005112192670614132,0.008731219267061283,0.050415036352536365,0.0005112192670614132,0.0,0.0,0.0420782729354419,0.019933222795080453,-0.012088628160666758,0.030607173113662935,-0.0030221570401666896,0.022955379835247158,0.0032401687250341277,0.0032401687250341277,0.49675808630699847,0.21738520159459193,0.11320327069739476,0.0,0.0,0.00522300752354945,0.0,0.0,0.00821999999999987,0.03280717311366293,-0.0022,0.0185,0.1085,-0.0058796836839367945,-0.0020533718479176363,-0.003826311836019158,0.16404664150128762,0.1379473606745402,0.026099280826747416,0.9359408020973206,0.09622049331665039,8313,7780,0,0.19340079029401144,0.621907764673233,16,8,16093,8313,7780,0.07370952845640384,cuda,74.52783203125
127,168,200,True,1099,1099,1024,753,271,35,236,0.2646484375,0.0341796875,0.23046875,0.45683930942895085,2.0132802124833997,0.7593321977146118,14.320278594535027,29.37759221846839,0.5301161624499351,0.5373138006860675,0.20208909381354156,0.04673771326928579,0.17931714419963193,0.5280804236334159,0.23821182903842344,0.08140311123117443,0.15042807447265186,0.009233377052651592,-0.03612273522488188,-0.03466539796188864,0.028889069726980077,13.994140625,13.994140625,11.3212890625,0.580078125,0.14893594527858248,0.04647318373889679,-0.054184151641890284,-0.035041317588440396,1024,75,0,75,1.0,1.799818016378526,1.799818016378526,1.59765625,94.50674089001508,44.35844931954415,-5.793336394741552,50.151785714285694,0.8964460854433144,138.86519020955922,0.04725337044500754,0.022179224659772075,0.0694325951047796,0.8794326241134752,248,153,95,34,0,150,113.99999999999997,69.06904761904764,3,31,3.0,2.0,95,0,236,35,0,35,236,0,4388.479030124479,438.84790301244794,9557.100550893454,955.7100550893454,448.6557409844986,44.86557409844986,5524.532053511614,552.4532053511614,5120.0,512.0,0,0,0.056999999999999995,-0.0016500000000000002,0.056999999999999995,-0.0016500000000000002,0.0,0.0,0.056999999999999995,0.0015,0.06442903811028457,0.1810612458951954,-0.16867316350935802,0.003442698142948773,0.0003868522250376908,-0.014515544391386814,-0.0009570734869822284,-0.0005250000000000004,-0.0003270734869822284,-0.00010500000000000007,0.0,0.0,0.0,0.0,0.0,0.0003868522250376908,0.008266852225037565,0.056999999999999995,0.0003868522250376908,0.0,0.0,0.04725337044500834,0.022179224659772102,-0.011586672789483105,0.03343452380952383,-0.0028966681973707762,0.02507589285714285,0.003442698142948773,0.003442698142948773,0.4814575628818917,0.17248315856564594,0.06322688963915964,0.0,0.0,0.005741908295634504,0.0,0.0,0.007879999999999877,0.03453452380952384,-0.0011,0.0175,0.118,-0.0058796836839367945,-0.0020533718479176363,-0.003826311836019158,0.16404664150128762,0.1379473606745402,0.026099280826747416,0.9359408020973206,0.09622049331665039,8313,7780,0,0.19340079029401144,0.621907764673233,16,8,16093,8313,7780,0.07370952845640384,cuda,74.52783203125
128,169,200,True,962,962,916,679,237,32,205,0.2587336244541485,0.034934497816593885,0.22379912663755458,0.4948453608247423,1.8895434462444771,0.7812741263186633,13.60933632773398,26.49515887440919,0.5148395311465698,0.4836281865659624,0.18499832499953361,0.05487835490513752,0.17586048896834583,0.4765244745628823,0.21057721027975493,0.10170612903363284,0.14263874247933522,0.007103712003080076,-0.025578885280221314,-0.04682777412849532,0.033221746489010606,9.860262008733624,9.860262008733624,7.3395196506550215,0.47707423580786024,0.11039925317115298,0.07441902198188162,-0.1281386549012411,-0.05930273015814779,916,46,0,46,1.0,1.9033264033264032,1.9033264033264032,1.6812227074235808,101.51006155934253,63.26016011110479,-5.3993636984190765,68.6595238095238,0.9270936429089622,164.7702216704473,0.050755030779671265,0.031630080055552394,0.08238511083522365,0.7956989247311828,222,155,67,57,0,152,125.08333333333331,97.0460317460317,5,52,5.0,5.0,64,0,205,32,1,32,205,0,4403.568350501212,440.3568350501212,9174.045083891215,917.4045083891215,405.4435298055938,40.54435298055938,5549.116280433998,554.9116280433998,4580.0,458.0,0,1,0.06254166666666665,-0.00275,0.06254166666666665,-0.00275,0.0,0.0,0.06254166666666665,0.0025,0.06526600156000274,0.1421542568975663,-0.1062815526186827,0.0028279284213672718,0.0004984872316897755,-0.01271185607365406,-0.0007514754561297132,-0.00048000000000000034,-0.00018647545612971342,-8.500000000000006e-05,0.0,0.0,0.0,-0.001,-0.001,0.0004984872316897755,0.007608487231689669,0.06154166666666665,0.0004984872316897755,0.0,0.0,0.05075503077967214,0.03163008005555239,-0.010798727396838154,0.04577301587301586,-0.0026996818492095384,0.034329761904761905,0.0028279284213672718,0.0028279284213672718,0.42823009456555355,0.1402550712625024,0.0635307869461093,0.0,0.0,0.01643731864265442,0.0,0.0,0.0071099999999998924,0.048523015873015864,-0.00275,0.016,0.1025,-0.0058796836839367945,-0.0020533718479176363,-0.003826311836019158,0.16404664150128762,0.1379473606745402,0.026099280826747416,0.9359408020973206,0.09622049331665039,8313,7780,0,0.19340079029401144,0.621907764673233,16,8,16093,8313,7780,0.07370952845640384,cuda,74.52783203125
129,170,200,True,1096,1096,1043,866,177,31,146,0.16970278044103548,0.029721955896452542,0.13998082454458294,0.4214780600461894,2.0369515011547343,0.773675519258954,13.752577041643596,23.502926699696733,0.508441051927924,0.5182074434005636,0.27220229258197287,0.03127020865939041,0.17178860092083933,0.5077865499202979,0.29144131214041735,0.07279385827166109,0.14035789235161647,0.010420893480265647,-0.01923901955844448,-0.041523649612270674,0.031430708569222865,13.158197507190796,13.158197507190796,10.193672099712368,0.6088207094918504,0.10895139289931957,0.05892948121265753,-0.12204351852057234,-0.0191931981272975,1043,53,0,53,1.0,1.8038321167883211,1.8038321167883211,1.594439117929051,107.43869286298576,52.5980590736296,-7.18649179217127,59.78455086580085,0.8926925502881387,160.03675193661536,0.05371934643149288,0.0262990295368148,0.08001837596830769,0.855072463768116,236,162,74,40,0,159,129.5333333333333,89.6127344877345,9,31,9.0,9.0,74,0,146,31,0,31,146,0,4420.211075657243,442.02110756572426,9644.939347515256,964.4939347515256,491.21312237593565,49.121312237593564,5566.722718367738,556.6722718367738,5215.0,521.5,0,0,0.06476666666666665,-0.00495,0.06476666666666665,-0.00495,0.0,0.0,0.06476666666666665,0.0045000000000000005,0.06773715649755788,0.19652099837004086,-0.1782626348331839,0.002468752626246106,0.0005600654907975385,-0.016011270957995028,-0.0007545661724228399,-0.0004650000000000003,-0.00020956617242283976,-8.000000000000006e-05,0.0,0.0,0.0,0.0,0.0,0.0005600654907975385,0.009530065490797391,0.06476666666666665,0.0005600654907975385,0.0,0.0,0.05371934643149386,0.026299029536814778,-0.01437298358434254,0.03985636724386726,-0.003593245896085635,0.029892275432900427,0.002468752626246106,0.002468752626246106,0.49527863103614334,0.2089787889980227,0.05866704972097826,0.0,0.0,0.007476793400891768,0.0,0.0,0.008969999999999853,0.04480636724386725,-0.00495,0.0155,0.073,-0.0034456789089987675,-0.0004031360615044832,-0.0030425428474942845,0.19448411596318088,0.1580884087830782,0.03639570718010267,0.933049201965332,0.14180022478103638,7844,7385,0,0.17895548455417157,0.5938487903277079,17,8,15229,7844,7385,0.0876552825006007,cuda,71.806640625
130,171,200,True,879,879,811,582,229,18,211,0.28236744759556104,0.02219482120838471,0.2601726263871763,0.5154639175257731,1.8075601374570447,0.7629532565673193,13.915466680559506,26.464970527645647,0.5417578304281976,0.4821705887049334,0.1368857085884027,0.024764780341599558,0.16450499965972507,0.47092345776836486,0.16688299620415234,0.04728604047687219,0.14790677331400798,0.011247130936568539,-0.02999728761574963,-0.02252126013527263,0.016598226345717088,10.1442663378545,10.1442663378545,7.787916152897657,0.42909987669543775,0.22592093081189818,0.13577450863329577,-0.08348747024735391,-0.07171385188184136,811,68,0,68,1.0,2.1035267349260525,2.1035267349260525,1.8520345252774353,128.75099813067425,85.03180111241473,-5.014925078061418,90.04672619047619,0.94724555053336,213.78279924308896,0.06437549906533713,0.04251590055620736,0.10689139962154448,0.8597122302158273,239,178,61,39,0,173,159.54285714285714,124.46230158730155,4,35,4.0,4.0,61,0,211,18,1,18,211,0,5029.290949154094,502.9290949154094,10496.150787407958,1049.6150787407958,391.12250603250476,39.11225060325047,6335.589687310856,633.5589687310855,4055.0,405.5,0,1,0.07977142857142858,-0.0022,0.07977142857142858,-0.0022,0.0,0.0,0.07977142857142858,0.002,0.07404835587638892,0.11720102482262895,-0.0646896344835512,0.002059650662352184,0.0007917810409713529,-0.011465565721903126,-0.00046955759130995527,-0.0002700000000000001,-0.0001370575913099553,-6.250000000000003e-05,0.0,0.0,0.0,-0.001,-0.001,0.0007917810409713529,0.00679178104097127,0.07877142857142858,0.0007917810409713529,0.0,0.0,0.06437549906533784,0.0425159005562074,-0.010029850156122835,0.060031150793650775,-0.0025074625390307088,0.0450233630952381,0.002059650662352184,0.002059650662352184,0.42267006005908386,0.09371957243070438,0.035760796708346844,0.0,0.0,0.021532773358677287,0.0,0.0,0.005999999999999917,0.062231150793650776,-0.0022,0.009,0.1055,-0.0034456789089987675,-0.0004031360615044832,-0.0030425428474942845,0.19448411596318088,0.1580884087830782,0.03639570718010267,0.933049201965332,0.14180022478103638,7844,7385,0,0.17895548455417157,0.5938487903277079,17,8,15229,7844,7385,0.0876552825006007,cuda,71.806640625
131,172,200,True,1048,1048,981,790,191,30,161,0.1946992864424057,0.03058103975535168,0.16411824668705402,0.5126582278481012,1.8670886075949367,0.7515466390719897,13.947290700598607,26.53617282011841,0.5067477654327699,0.457722650921043,0.22746180790134624,0.061085374875560025,0.15530481331663418,0.45168265038276023,0.24527746054897956,0.10810941824147219,0.12968600464253863,0.0060400005382827415,-0.017815652647633323,-0.04702404336591216,0.02561880867409555,10.043832823649337,10.043832823649337,7.379204892966361,0.47196738022426094,0.1521016751106044,0.09914572469962245,-0.09551974959543834,-0.07513888898017158,981,67,0,67,1.0,1.8921755725190839,1.8921755725190839,1.6452599388379205,93.57470283704725,49.61558897221452,-7.030149235656027,56.645738207870544,0.8895947976870996,143.19029180926177,0.04678735141852363,0.02480779448610726,0.07159514590463088,0.8333333333333334,235,159,76,47,0,157,112.53571428571428,78.82765094382744,3,44,3.0,3.0,74,0,161,30,0,30,161,0,4744.041988569281,474.4041988569281,10269.185839498248,1026.9185839498248,455.20150728499374,45.520150728499374,5973.230320436422,597.3230320436421,4905.0,490.5,0,0,0.056267857142857154,-0.0016500000000000002,0.056267857142857154,-0.0016500000000000002,0.0,0.0,0.056267857142857154,0.0015,0.06778963766215057,0.15804312540200707,-0.13271520071016044,0.001459268043411068,0.0006653285211897157,-0.014557481260458418,-0.0007456637322936421,-0.0004500000000000003,-0.00021816373229364226,-7.750000000000004e-05,0.0,0.0,0.0,0.0,0.0,0.0006653285211897157,0.008865328521189585,0.056267857142857154,0.0006653285211897157,0.0,0.0,0.04678735141852466,0.02480779448610723,-0.014060298471312054,0.037763825471913724,-0.0035150746178280136,0.02832286910393527,0.001459268043411068,0.001459268043411068,0.47093378357595733,0.17446222981797005,0.10832135648836828,0.0,0.0,0.011104203678660192,0.0,0.0,0.008199999999999869,0.03941382547191372,-0.0016500000000000002,0.015,0.0805,-0.0034456789089987675,-0.0004031360615044832,-0.0030425428474942845,0.19448411596318088,0.1580884087830782,0.03639570718010267,0.933049201965332,0.14180022478103638,7844,7385,0,0.17895548455417157,0.5938487903277079,17,8,15229,7844,7385,0.0876552825006007,cuda,71.806640625
132,173,200,True,956,956,908,646,262,17,245,0.28854625550660795,0.018722466960352423,0.2698237885462555,0.4055727554179567,2.111455108359133,0.7609538782399505,14.012171835353131,30.68292493360469,0.5330518516053225,0.5505817631726664,0.2668464334779664,0.04432558122122712,0.17209839548673422,0.53988322908572,0.2844463977789731,0.09824643567335668,0.14514677201169932,0.010698534086946432,-0.017599964301006743,-0.05392085445212956,0.026951623475034908,12.907488986784141,12.907488986784141,10.237885462555067,0.5825991189427313,0.1416524672411327,0.07976025674487285,-0.14777687339752624,-0.060519261182989594,908,48,0,48,1.0,1.8964435146443515,1.8964435146443515,1.6883259911894273,99.59765173926446,60.1898937662396,-4.885591165495353,65.07548493173493,0.9301670094567231,159.78754550550406,0.04979882586963223,0.0300949468831198,0.07989377275275203,0.7420494699646644,210,153,57,73,0,148,122.87380952380947,90.06731324231323,5,68,5.0,3.0,56,0,245,17,1,17,245,0,4504.065554666258,450.40655546662583,9340.694025107878,934.0694025107878,403.63495740956415,40.36349574095642,5673.257152184378,567.3257152184378,4540.0,454.0,0,1,0.061436904761904734,-0.00275,0.061436904761904734,-0.00275,0.0,0.0,0.061436904761904734,0.0025,0.06348674123013447,0.15221919028810274,-0.1578107639415101,0.0031195352641797463,0.0006165103005423513,-0.012521872567798265,-0.0004415975479437836,-0.0002550000000000001,-0.00014409754794378365,-4.250000000000002e-05,0.0,0.0,0.0,-0.001,-0.001,0.0006165103005423513,0.007246510300542255,0.06043690476190474,0.0006165103005423513,0.0,0.0,0.04979882586963293,0.0300949468831198,-0.009771182330990707,0.04338365662115662,-0.0024427955827476767,0.032537742465867464,0.0031195352641797463,0.0031195352641797463,0.4607137605166521,0.16010129673376616,0.08072874563758695,0.0,0.0,0.0152198424644526,0.0,0.0,0.006629999999999903,0.04503365662115662,-0.0016500000000000002,0.0085,0.1225,-0.0034456789089987675,-0.0004031360615044832,-0.0030425428474942845,0.19448411596318088,0.1580884087830782,0.03639570718010267,0.933049201965332,0.14180022478103638,7844,7385,0,0.17895548455417157,0.5938487903277079,17,8,15229,7844,7385,0.0876552825006007,cuda,71.806640625
133,174,200,True,927,927,876,687,189,16,173,0.21575342465753425,0.0182648401826484,0.19748858447488585,0.5181950509461426,1.8719068413391557,0.7728909186183799,13.712383879671277,25.57436266311565,0.496627414410924,0.47178781295013567,0.18504739439405035,0.034490435755658445,0.1699042192686029,0.46545636480378616,0.21612386828223365,0.0667125347215788,0.1428326783102586,0.006331448146349505,-0.031076473888183298,-0.032222098965920355,0.027071540958344326,11.329908675799087,11.269406392694064,8.751141552511415,0.4463470319634703,0.15973162848878955,0.10102423555926211,-0.15368894979890305,-0.036290650665126115,876,51,0,51,1.0,2.004314994606257,2.004314994606257,1.7146118721461188,112.28202695989367,62.00130815955693,-5.154300814802015,67.15560897435898,0.9287193023773538,174.2833351194506,0.056141013479946836,0.031000654079778464,0.0871416675597253,0.8156028368794326,230,165,65,52,0,164,138.59285714285713,96.14081196581196,6,46,6.0,6.0,64,0,173,16,1,16,173,0,4699.9690377200595,469.99690377200596,9753.465769436501,975.3465769436501,402.3337865172066,40.233378651720656,5918.454578196977,591.8454578196977,4380.0,438.0,0,1,0.06929642857142856,-0.0033,0.06929642857142856,-0.0033,0.0,0.0,0.06929642857142856,0.0029999999999999996,0.07037413479448609,0.13570351588411164,-0.09717919097234826,0.002541359454139885,0.0004893531140196727,-0.012406655774595968,-0.0003885848043284143,-0.00024000000000000011,-0.00010608480432841436,-4.250000000000002e-05,0.0,0.0,0.0,-0.001,-0.001,0.0004893531140196727,0.007519353114019566,0.06829642857142856,0.0004893531140196727,0.0,0.0,0.056141013479947696,0.031000654079778478,-0.010308601629604031,0.044770405982905985,-0.0025771504074010077,0.033577804487179494,0.002541359454139885,0.002541359454139885,0.4455883369881402,0.1348055719077952,0.05164500745682794,0.0,0.0,0.015432868696293308,0.0,0.0,0.007029999999999895,0.04807040598290598,-0.0033,0.008,0.0865,-0.0034456789089987675,-0.0004031360615044832,-0.0030425428474942845,0.19448411596318088,0.1580884087830782,0.03639570718010267,0.933049201965332,0.14180022478103638,7844,7385,0,0.17895548455417157,0.5938487903277079,17,8,15229,7844,7385,0.0876552825006007,cuda,71.806640625
134,175,200,True,979,979,920,731,189,14,175,0.20543478260869566,0.015217391304347827,0.19021739130434784,0.5321477428180574,1.811217510259918,0.7750433066964313,13.622228328897917,26.7772344395661,0.5226318187898655,0.46290460893458774,0.24894897758491877,0.0413848333960213,0.15451326347230113,0.45158040878221534,0.2717665433807225,0.06455536934699374,0.13008927783346574,0.011324200152372399,-0.022817565795803713,-0.02317053595097244,0.024423985638835383,9.652173913043478,9.652173913043478,7.103260869565218,0.4423913043478261,0.11049858152933742,0.10645684491254011,-0.15930872339552968,-0.040251480982550776,920,59,0,59,1.0,2.0265577119509706,2.0265577119509706,1.751086956521739,121.46643235555406,71.57016985907826,-6.172687283778849,77.74285714285715,0.9264416703013185,193.03660221463232,0.06073321617777703,0.03578508492953913,0.09651830110731616,0.8642857142857143,242,169,73,38,0,167,147.58333333333334,111.35714285714285,7,31,7.0,7.0,71,0,175,14,0,14,175,0,4959.860971523121,495.98609715231214,10678.243032570603,1067.8243032570604,462.57234640498734,46.25723464049874,6246.576716700941,624.657671670094,4600.0,460.0,0,0,0.07379166666666667,-0.0038499999999999997,0.07379166666666667,-0.0038499999999999997,0.0,0.0,0.07379166666666667,0.0035,0.07191666518209401,0.1424608402926821,-0.10662208959331115,0.001891068348562322,0.0010494142222185027,-0.013892503994249527,-0.0003123992111371518,-0.00021000000000000006,-6.489921113715178e-05,-3.750000000000001e-05,0.0,0.0,0.0,0.0,0.0,0.0010494142222185027,0.008499414222218386,0.07379166666666667,0.0010494142222185027,0.0,0.0,0.060733216177778056,0.0357850849295391,-0.012345374567557698,0.051828571428571404,-0.0030863436418894245,0.03887142857142857,0.001891068348562322,0.001891068348562322,0.4577015656726943,0.16244388914280586,0.049820683380955265,0.0,0.0,0.018076995177710452,0.0,0.0,0.0074499999999998855,0.05567857142857141,-0.0038499999999999997,0.007,0.0875,-0.0034456789089987675,-0.0004031360615044832,-0.0030425428474942845,0.19448411596318088,0.1580884087830782,0.03639570718010267,0.933049201965332,0.14180022478103638,7844,7385,0,0.17895548455417157,0.5938487903277079,17,8,15229,7844,7385,0.0876552825006007,cuda,71.806640625
135,176,200,True,1055,1055,997,766,231,23,208,0.2316950852557673,0.023069207622868605,0.2086258776328987,0.47780678851174935,1.943864229765013,0.7771858408191186,13.601669831935792,27.196496830402094,0.5376232319281454,0.492884125142278,0.19562486026134565,0.02787764278525005,0.165302146552009,0.48358777303530714,0.21986033455784829,0.06733529119601585,0.14162160538370397,0.009296352106970829,-0.024235474296502635,-0.039457648410765794,0.023680541168305036,11.198595787362086,11.198595787362086,8.530591775325979,0.5095285857572718,0.10246600232142485,0.08646457839617358,-0.10660993160339166,-0.050784149158128906,997,58,0,58,1.0,1.8815165876777251,1.8815165876777251,1.6720160481444333,121.58491104130569,71.38312414736315,-6.355863947874946,77.73898809523807,0.9244202969211899,192.96803518866884,0.06079245552065284,0.03569156207368157,0.09648401759433442,0.8597785977859779,233,165,68,38,0,163,147.6916666666667,106.95198412698413,4,34,4.0,3.0,67,0,208,23,0,23,208,0,4554.112897873778,455.41128978737777,9920.474689208466,992.0474689208465,470.8838007436872,47.088380074368715,5736.862748293342,573.6862748293341,4985.0,498.5,0,0,0.07384583333333335,-0.0022,0.07384583333333335,-0.0022,0.0,0.0,0.07384583333333335,0.002,0.06979845947517026,0.159792556675482,-0.11706750852874792,0.0028923936504787156,0.0006889442699309161,-0.0149752507492381,-0.0005905817801934977,-0.0003450000000000002,-0.00018308178019349778,-6.250000000000004e-05,0.0,0.0,0.0,0.0,0.0,0.0006889442699309161,0.008578944269930793,0.07384583333333335,0.0006889442699309161,0.0,0.0,0.06079245552065379,0.03569156207368151,-0.012711727895749892,0.05182599206349206,-0.003177931973937473,0.03886949404761904,0.0028923936504787156,0.0028923936504787156,0.4727573655988663,0.16032413688347996,0.05985113701896504,0.0,0.0,0.00966138648049923,0.0,0.0,0.007889999999999876,0.05347599206349206,-0.0016500000000000002,0.0115,0.104,-0.0034456789089987675,-0.0004031360615044832,-0.0030425428474942845,0.19448411596318088,0.1580884087830782,0.03639570718010267,0.933049201965332,0.14180022478103638,7844,7385,0,0.17895548455417157,0.5938487903277079,17,8,15229,7844,7385,0.0876552825006007,cuda,71.806640625
136,177,200,True,904,904,849,665,184,17,167,0.21672555948174324,0.020023557126030624,0.1967020023557126,0.4616541353383459,1.9518796992481202,0.7835498460701533,13.37121084973328,31.9748891529284,0.5108966389440763,0.5231814733573369,0.1978207692055774,0.030886605389668306,0.18963708993243544,0.5156036488991931,0.21831526355327743,0.06795931937929271,0.16187701855779144,0.0075778244581438114,-0.020494494347700037,-0.0370727139896244,0.027760071374644008,13.407538280329799,13.407538280329799,10.68080094228504,0.5512367491166078,0.10637685535884567,0.024454788535007536,-0.12662966303066767,0.007504689794720543,849,55,0,55,1.0,1.9491150442477876,1.9491150442477876,1.7220259128386337,104.47355591299994,60.92560307938942,-5.463961522675213,66.38956460206458,0.9239569466195768,165.39915899238935,0.05223677795649997,0.03046280153969471,0.08269957949619468,0.7717391304347826,213,157,56,63,0,155,130.8928571428571,101.71941946941944,12,51,12.0,12.0,54,0,167,17,2,17,167,0,4318.318178124094,431.8318178124094,8877.496527859648,887.7496527859648,406.34327989496643,40.63432798949664,5440.253428003066,544.0253428003066,4245.0,424.5,0,2,0.06544642857142856,-0.006600000000000001,0.06544642857142856,-0.006600000000000001,0.0,0.0,0.06544642857142856,0.006,0.06651834972495291,0.15201728954466337,-0.12459712812849341,0.0017171683151580974,0.0005781754967857133,-0.01235440963998526,-0.0004955665709968359,-0.0002550000000000001,-0.00019806657099683597,-4.250000000000002e-05,0.0,0.0,0.0,-0.002,-0.002,0.0005781754967857133,0.007398175496785611,0.06344642857142854,0.0005781754967857133,0.0,0.0,0.052236777956500655,0.03046280153969469,-0.010927923045350426,0.04425970973470973,-0.0027319807613376064,0.03319478230103229,0.0017171683151580974,0.0017171683151580974,0.4366228722889287,0.14211214130811622,0.04861467041478073,0.0,0.0,0.019159000909889177,0.0,0.0,0.006819999999999899,0.05085970973470972,-0.006600000000000001,0.0085,0.0835,-0.0034456789089987675,-0.0004031360615044832,-0.0030425428474942845,0.19448411596318088,0.1580884087830782,0.03639570718010267,0.933049201965332,0.14180022478103638,7844,7385,0,0.17895548455417157,0.5938487903277079,17,8,15229,7844,7385,0.0876552825006007,cuda,71.806640625
137,178,200,True,969,969,910,680,230,8,222,0.25274725274725274,0.008791208791208791,0.24395604395604395,0.45588235294117646,1.9220588235294118,0.7857642721165629,13.515695595741272,26.52521386339384,0.5408471294501342,0.5089137562057551,0.18488538516685366,0.03410435826106764,0.16840331650284282,0.4979710414786549,0.21954034142168788,0.05889015100101995,0.14651925098972723,0.010942714727100178,-0.034654956254834224,-0.02478579273995231,0.021884065513115586,11.896703296703297,11.896703296703297,9.412087912087912,0.4758241758241758,0.17528872932824555,0.11142120475230177,-0.0934673154814027,-0.08259387449025013,910,59,0,59,1.0,2.022703818369453,2.022703818369453,1.7626373626373626,128.90515503063637,74.41111892243318,-5.3858590995448825,79.79697802197802,0.9367729547225416,203.31627395306953,0.06445257751531819,0.037205559461216585,0.10165813697653477,0.8505338078291815,239,176,63,42,0,172,157.3928571428571,110.79597069597068,4,38,4.0,4.0,60,0,222,8,0,8,222,0,5008.053072322687,500.80530723226866,10695.886385646,1069.5886385646,443.6875615077664,44.36875615077664,6306.163904242843,630.6163904242843,4550.0,455.0,0,0,0.07869642857142856,-0.0022,0.07869642857142856,-0.0022,0.0,0.0,0.07869642857142856,0.002,0.07371939599920783,0.1416428299845718,-0.10453506133085538,0.0030021441305287597,0.0005971732908767415,-0.013373674486642558,-0.00019262470749727137,-0.00011999999999999999,-5.262470749727139e-05,-2.0000000000000005e-05,0.0,0.0,0.0,0.0,0.0,0.0005971732908767415,0.007477173290876636,0.07869642857142856,0.0005971732908767415,0.0,0.0,0.06445257751531891,0.03720555946121657,-0.010771718199089765,0.053197985347985324,-0.0026929295497724413,0.03989848901098901,0.0030021441305287597,0.0030021441305287597,0.48345049990680367,0.15585213506211276,0.05104999047099263,0.0,0.0,0.01720030229608357,0.0,0.0,0.0068799999999998975,0.055397985347985325,-0.0022,0.004,0.111,-0.0033953191588322325,-0.00018643466755747796,-0.0032088844912747543,0.1951404210180044,0.16142066158354282,0.033719759434461594,0.9363293647766113,0.1295141577720642,7972,7499,0,0.1710475567728281,0.5476931631565094,18,8,15471,7972,7499,0.08638228968366995,cuda,72.57763671875
138,179,200,True,816,816,757,570,187,10,177,0.24702774108322326,0.013210039630118891,0.23381770145310435,0.5701754385964912,1.787719298245614,0.787417979564583,13.697017385248552,29.60705712518671,0.5144577018848188,0.5018110200501325,0.17108980832915557,0.040729366960167365,0.18361916695966532,0.4889204711767665,0.18626114451734904,0.06899636974394845,0.14748025322823147,0.012890548873365937,-0.015171336188193468,-0.02826700278378108,0.03613891373143385,12.062087186261559,12.062087186261559,9.634081902245708,0.43989431968295906,0.15249116752921243,0.10122948744361715,-0.021347155484499832,-0.06645686005783133,757,59,0,59,1.0,2.161764705882353,2.161764705882353,1.9207397622192866,122.76880318544292,77.69506881692173,-4.141538325935366,81.83660714285712,0.9518303366122426,200.46387200236467,0.06138440159272146,0.038847534408460865,0.10023193600118234,0.7943262411347518,224,170,54,58,1,168,154.16666666666669,121.2154761904762,11,47,11.0,11.0,54,0,177,10,2,10,177,0,4848.175393234435,484.81753932344355,9853.685552985327,985.3685552985328,366.32075868713235,36.63207586871324,6106.156363836846,610.6156363836847,3785.0,378.5,0,2,0.07708333333333332,-0.00605,0.07708333333333332,-0.00605,0.0,0.0,0.07708333333333332,0.0055,0.07217847025978227,0.11693585013582007,-0.08328241710397466,0.0026044672037298447,0.0007886746302738762,-0.010663305068163906,-0.0002310904793493762,-0.00015000000000000001,-5.6090479349376185e-05,-2.5000000000000008e-05,0.0,0.0,0.0,-0.002,-0.002,0.0007886746302738762,0.0065886746302737985,0.07508333333333334,0.0007886746302738762,0.0,0.0,0.06138440159272206,0.03884753440846087,-0.008283076651870733,0.05455773809523809,-0.0020707691629676833,0.04091830357142856,0.0026044672037298447,0.0026044672037298447,0.4327015794287734,0.11585179029122111,0.044470083194257555,0.0,0.0,0.025910583920479256,0.0,0.0,0.005799999999999921,0.06060773809523808,-0.00605,0.005,0.0885,-0.0033953191588322325,-0.00018643466755747796,-0.0032088844912747543,0.1951404210180044,0.16142066158354282,0.033719759434461594,0.9363293647766113,0.1295141577720642,7972,7499,0,0.1710475567728281,0.5476931631565094,18,8,15471,7972,7499,0.08638228968366995,cuda,72.57763671875
139,180,200,True,1146,1146,1083,888,195,28,167,0.18005540166204986,0.02585410895660203,0.15420129270544783,0.48986486486486486,1.912162162162162,0.7725762296300214,13.64156101952802,26.388464492787648,0.4832826535260923,0.49938085186924486,0.2208277814946062,0.05834524175267549,0.18096443787028357,0.49522788641420573,0.2465041691347168,0.1035911647051254,0.14285316216436358,0.004152965455039126,-0.0256763876401106,-0.04524592295244991,0.03811127570591999,12.947368421052632,12.947368421052632,10.193905817174516,0.5512465373961218,0.15622547889557825,0.07578245268116457,-0.10766627434008799,-0.024579052673198105,1083,63,0,63,1.0,1.7242582897033158,1.7242582897033158,1.5466297322253002,92.21536870525384,45.136566373087426,-6.888937289916232,52.025503663003654,0.8830687828231898,137.35193507834126,0.04610768435262692,0.022568283186543713,0.06867596753917063,0.9068100358422939,253,158,95,26,0,155,110.56904761904761,73.76733821733824,4,22,4.0,4.0,95,0,167,28,0,28,167,0,4146.362847423354,414.63628474233536,9001.5293689131,900.15293689131,481.0937328910392,48.10937328910392,5227.056125679837,522.7056125679837,5415.0,541.5,0,0,0.0552845238095238,-0.0022,0.0552845238095238,-0.0022,0.0,0.0,0.0552845238095238,0.0019999999999999996,0.06589223433450449,0.19120826995870613,-0.16466110688825736,0.0024041609147407287,0.00024032652503925048,-0.015605636243003847,-0.000669456557494094,-0.0004200000000000003,-0.00017695655749409386,-7.250000000000005e-05,0.0,0.0,0.0,0.0,0.0,0.00024032652503925048,0.0094003265250391,0.0552845238095238,0.00024032652503925048,0.0,0.0,0.04610768435262775,0.022568283186543706,-0.013777874579832464,0.03468366910866913,-0.003444468644958116,0.026012751831501826,0.0024041609147407287,0.0024041609147407287,0.48696531196566134,0.18325312098332816,0.08173518355679259,0.0,0.0,0.0033536178591437138,0.0,0.0,0.009159999999999849,0.03688366910866912,-0.0022,0.014,0.0835,-0.0033953191588322325,-0.00018643466755747796,-0.0032088844912747543,0.1951404210180044,0.16142066158354282,0.033719759434461594,0.9363293647766113,0.1295141577720642,7972,7499,0,0.1710475567728281,0.5476931631565094,18,8,15471,7972,7499,0.08638228968366995,cuda,72.57763671875
140,181,200,True,1010,1010,955,707,248,32,216,0.25968586387434556,0.033507853403141365,0.2261780104712042,0.5148514851485149,1.8415841584158417,0.7623068930994841,13.834509266822307,27.34937999149866,0.5168964882970583,0.48167776538762547,0.21848368319080777,0.05487886327351779,0.16662946863487216,0.4751449281289183,0.2415438894632956,0.0930820669912334,0.13422706930817777,0.00653283725870718,-0.023060206272487838,-0.038203203717715614,0.03240239932669439,11.303664921465968,11.303664921465968,8.886910994764397,0.4680628272251309,0.1737191057101407,0.08850927364917272,-0.16789337120959655,-0.07653649480266735,955,55,0,55,1.0,1.9386138613861386,1.9386138613861386,1.7172774869109948,108.58792679311614,66.5258272656625,-5.3961049687696985,71.92193223443223,0.930208976275639,175.11375405877862,0.05429396339655807,0.03326291363283125,0.08755687702938932,0.8434163701067615,237,170,67,44,0,165,131.7619047619047,101.39590964590964,6,38,6.0,5.0,65,0,216,32,0,32,216,0,4915.162173844557,491.51621738445573,10532.798803241201,1053.27988032412,420.0168947895138,42.00168947895138,6187.448324031782,618.7448324031782,4775.0,477.5,0,0,0.06588095238095235,-0.0033,0.06588095238095235,-0.0033,0.0,0.0,0.06588095238095235,0.003,0.07090116884651304,0.14637368122736832,-0.12239755390691388,0.0033875383429460507,0.0005560074589807764,-0.013288938797435238,-0.0007593407649395245,-0.00048000000000000034,-0.00019184076493952435,-8.750000000000005e-05,0.0,0.0,0.0,0.0,0.0,0.0005560074589807764,0.007946007458980662,0.06588095238095235,0.0005560074589807764,0.0,0.0,0.05429396339655898,0.03326291363283124,-0.010792209937539397,0.04794795482295482,-0.0026980524843848493,0.035960966117216116,0.0033875383429460507,0.0033875383429460507,0.465984189881117,0.16166901584918764,0.07470060894973808,0.0,0.0,0.012328509789623047,0.0,0.0,0.007389999999999887,0.05069795482295481,-0.00275,0.016,0.108,-0.0033953191588322325,-0.00018643466755747796,-0.0032088844912747543,0.1951404210180044,0.16142066158354282,0.033719759434461594,0.9363293647766113,0.1295141577720642,7972,7499,0,0.1710475567728281,0.5476931631565094,18,8,15471,7972,7499,0.08638228968366995,cuda,72.57763671875
141,182,200,True,1069,1069,1006,773,233,37,196,0.23161033797216699,0.036779324055666,0.19483101391650098,0.4644243208279431,1.9314359637774903,0.797811711397393,13.05202954059122,28.26006951677537,0.5139927633849101,0.5404782465828961,0.26605021112139443,0.04992180673301914,0.18322329257613706,0.5314741290209364,0.2867571130240719,0.09837022268082007,0.14186618391323214,0.009004117561959735,-0.020706901902677488,-0.04844841594780094,0.04135710866290493,14.79920477137177,14.79920477137177,12.002982107355864,0.6023856858846919,0.14209238812369948,0.06366156369392158,-0.1359508363449258,0.010985016689694552,1006,63,0,63,1.0,1.8550046772684752,1.8550046772684752,1.628230616302187,105.30752186380208,53.06168708283219,-6.723367445972325,59.785054528804515,0.8989095328630389,158.36920894663427,0.05265376093190104,0.026530843541416094,0.07918460447331714,0.8368055555555556,241,165,76,47,0,163,127.4535714285714,83.01340603840605,3,44,3.0,3.0,75,0,196,37,0,37,196,0,4529.488249144852,452.94882491448516,9789.067208984246,978.9067208984246,457.2673332323421,45.72673332323421,5704.674791995527,570.4674791995527,5030.0,503.0,0,0,0.06372678571428568,-0.0016500000000000002,0.06372678571428568,-0.0016500000000000002,0.0,0.0,0.06372678571428568,0.0015,0.06975533763201536,0.18586496890122678,-0.18598752946194624,0.0023591045210093796,0.0002616618023623283,-0.014447869302142497,-0.0009110145012996821,-0.0005550000000000004,-0.00025601450129968204,-0.00010000000000000007,0.0,0.0,0.0,0.0,0.0,0.0002616618023623283,0.0083616618023622,0.06372678571428568,0.0002616618023623283,0.0,0.0,0.05265376093190196,0.0265308435414161,-0.01344673489194465,0.03985670301920303,-0.0033616837229861626,0.02989252726440226,0.0023591045210093796,0.0023591045210093796,0.5082214586646481,0.19310058380698833,0.08934530775480047,0.0,0.0,0.00927846993472857,0.0,0.0,0.008099999999999871,0.041506703019203034,-0.0016500000000000002,0.0185,0.098,-0.0033953191588322325,-0.00018643466755747796,-0.0032088844912747543,0.1951404210180044,0.16142066158354282,0.033719759434461594,0.9363293647766113,0.1295141577720642,7972,7499,0,0.1710475567728281,0.5476931631565094,18,8,15471,7972,7499,0.08638228968366995,cuda,72.57763671875
142,183,200,True,1096,1096,1027,794,233,32,201,0.22687439143135346,0.0311587147030185,0.19571567672833495,0.43828715365239296,2.0075566750629723,0.7785736976252395,13.579417544588335,24.414008452127728,0.5238507343786042,0.5185609981229984,0.22054429302550382,0.06393524630860864,0.18183355976097867,0.5141158303062922,0.2381010999591078,0.11939600559000761,0.14033198151244813,0.00444516781670623,-0.01755680693360398,-0.05546075928139897,0.04150157824853054,12.920155793573516,12.920155793573516,10.152872444011685,0.555014605647517,0.13224879230539088,0.10521255499361967,-0.10299150193275029,-0.022757400844664967,1027,69,0,69,1.0,1.8047445255474452,1.8047445255474452,1.5569620253164558,81.83477162239257,39.78827206235882,-6.539869587657801,46.32814165001664,0.8762981728543365,121.6230436847514,0.040917385811196284,0.01989413603117941,0.0608115218423757,0.8374558303886925,237,161,76,46,0,158,98.03095238095237,65.07085553335558,3,43,3.0,3.0,76,0,201,32,0,32,201,0,4449.989661587649,444.99896615876486,9658.071464777822,965.8071464777822,468.787261307046,46.8787261307046,5604.336901654957,560.4336901654957,5135.0,513.5,0,0,0.049015476190476186,-0.0016500000000000002,0.049015476190476186,-0.0016500000000000002,0.0,0.0,0.049015476190476186,0.0015,0.06724076657006403,0.18024858900814086,-0.16127772086309372,0.002977816092162724,0.0002650242940765839,-0.01512499940009614,-0.0007397096460577139,-0.00048000000000000034,-0.0001722096460577141,-8.750000000000005e-05,0.0,0.0,0.0,0.0,0.0,0.0002650242940765839,0.008525024294076453,0.049015476190476186,0.0002650242940765839,0.0,0.0,0.040917385811196964,0.01989413603117942,-0.013079739175315602,0.030885427766677815,-0.0032699347938289006,0.02316407082500832,0.002977816092162724,0.002977816092162724,0.49650202662851944,0.18056862926966719,0.10828114642372456,0.0,0.0,0.004659333613536911,0.0,0.0,0.008259999999999868,0.03253542776667781,-0.0016500000000000002,0.016,0.1005,-0.0033953191588322325,-0.00018643466755747796,-0.0032088844912747543,0.1951404210180044,0.16142066158354282,0.033719759434461594,0.9363293647766113,0.1295141577720642,7972,7499,0,0.1710475567728281,0.5476931631565094,18,8,15471,7972,7499,0.08638228968366995,cuda,72.57763671875
143,184,200,True,861,861,816,619,197,21,176,0.24142156862745098,0.025735294117647058,0.21568627450980393,0.45395799676898224,1.9822294022617124,0.7891887499558136,13.36460843802654,30.148227043798936,0.5537950109179536,0.5474595366127079,0.17640061201663126,0.049429022699522276,0.17950786493104764,0.5372633592907177,0.21141804582311474,0.0806330786457493,0.1536090022888823,0.010196177321990185,-0.03501743380648348,-0.03120405594622702,0.025898862642165343,14.627450980392156,14.627450980392156,11.903186274509803,0.5625,0.10337426331231511,0.06967689998263846,-0.09542066581216489,-0.08590646315365977,816,45,0,45,1.0,2.0058072009291523,2.0058072009291523,1.7830882352941178,103.44105572267063,63.13121144126974,-5.508669511111173,68.63988095238093,0.9257076574433719,166.57226716394035,0.05172052786133531,0.03156560572063487,0.08328613358197018,0.75,207,151,56,69,0,150,129.76190476190476,97.01984126984128,5,64,5.0,5.0,55,0,176,21,2,21,176,0,4374.6866288979545,437.46866288979544,8900.007099867247,890.0007099867247,408.590726650482,40.8590726650482,5509.9135997599415,550.9913599759941,4080.0,408.0,0,2,0.06488095238095239,-0.00275,0.06488095238095239,-0.00275,0.0,0.0,0.06488095238095239,0.0025,0.06448726469940413,0.1414466030807791,-0.1138725698812932,0.0022673509882052915,0.0006788297828672372,-0.012465422239964667,-0.0004957347712156136,-0.0003150000000000002,-0.00012323477121561368,-5.7500000000000036e-05,0.0,0.0,0.0,-0.002,-0.002,0.0006788297828672372,0.007078829782867146,0.06288095238095237,0.0006788297828672372,0.0,0.0,0.05172052786133591,0.031565605720634916,-0.011017339022222346,0.04575992063492064,-0.0027543347555555866,0.03431994047619047,0.0022673509882052915,0.0022673509882052915,0.44287281602344747,0.12869554170456224,0.05734064381673208,0.0,0.0,0.013489734310252834,0.0,0.0,0.006399999999999908,0.048509920634920635,-0.00275,0.0105,0.088,-0.0033953191588322325,-0.00018643466755747796,-0.0032088844912747543,0.1951404210180044,0.16142066158354282,0.033719759434461594,0.9363293647766113,0.1295141577720642,7972,7499,0,0.1710475567728281,0.5476931631565094,18,8,15471,7972,7499,0.08638228968366995,cuda,72.57763671875
144,185,200,True,1005,1005,945,773,172,27,145,0.182010582010582,0.02857142857142857,0.15343915343915343,0.5756791720569211,1.725743855109961,0.7520808169249575,14.20698106797824,28.08538683676396,0.4912786232906196,0.48220107329462353,0.24352038624716915,0.02426896491997609,0.17180544373375709,0.47255226144661105,0.2773008187329168,0.04083090169803465,0.1453475361547757,0.009648811848012473,-0.033780432485747636,-0.016561936778058558,0.026457907578981393,12.56931216931217,12.56931216931217,10.033862433862433,0.46455026455026455,0.20485705084792988,0.04304878609162629,-0.1489086220451566,-0.04574665883424445,945,60,0,60,1.0,1.982089552238806,1.982089552238806,1.7682539682539682,135.879680900967,83.42659914987223,-5.9174484691753575,89.34404761904764,0.9378820540074752,219.30628005083923,0.0679398404504835,0.041713299574936115,0.10965314002541962,0.8205128205128205,224,178,46,49,0,177,165.50000000000003,127.92539682539677,8,41,8.0,8.0,46,0,145,27,0,27,145,0,4812.263109778058,481.2263109778058,10389.558552822393,1038.9558552822393,452.40953999828196,45.24095399982819,6064.604803584885,606.4604803584886,4725.0,472.5,0,0,0.08275000000000002,-0.0044,0.08275000000000002,-0.0044,0.0,0.0,0.08275000000000002,0.004,0.07579203531206116,0.1562603215037479,-0.11080407065700926,0.002552722624471581,0.0006992022524174626,-0.013809395471188098,-0.0005923860327210494,-0.00040500000000000025,-0.00010988603272104964,-7.750000000000005e-05,0.0,0.0,0.0,0.0,0.0,0.0006992022524174626,0.008699202252417337,0.08275000000000002,0.0006992022524174626,0.0,0.0,0.0679398404504825,0.04171329957493613,-0.011834896938350716,0.059562698412698394,-0.002958724234587679,0.04467202380952382,0.002552722624471581,0.002552722624471581,0.46709011881789947,0.1763387950232067,0.04053234640773456,0.0,0.0,0.015207923358497492,0.0,0.0,0.007999999999999874,0.06396269841269839,-0.0044,0.0135,0.0725,-0.0033953191588322325,-0.00018643466755747796,-0.0032088844912747543,0.1951404210180044,0.16142066158354282,0.033719759434461594,0.9363293647766113,0.1295141577720642,7972,7499,0,0.1710475567728281,0.5476931631565094,18,8,15471,7972,7499,0.08638228968366995,cuda,72.57763671875
145,186,200,True,1070,1070,997,717,280,17,263,0.28084252758274825,0.017051153460381142,0.2637913741223671,0.45327754532775455,1.9567642956764295,0.8003165771979501,13.057654799776596,29.330798994380892,0.5301275907826026,0.5228936013816291,0.2199290191320861,0.03389292108180778,0.17300069409797963,0.5130133252887048,0.2465021990244816,0.07510156256589659,0.1383830555682194,0.0098802760929243,-0.026573179892395493,-0.04120864148408881,0.03461763852976024,11.168505516549649,11.168505516549649,8.561685055165496,0.5546639919759278,0.17297153441629068,0.1537020135968246,-0.11480084792664748,-0.04074935452882834,997,73,0,73,1.0,1.8289719626168224,1.8289719626168224,1.6308926780341022,105.91353553531884,57.105917283255096,-6.383258124670268,63.489175407925394,0.9086441132511512,163.01945281857394,0.052956767767659424,0.02855295864162755,0.08150972640928697,0.8315018315018315,227,158,69,46,0,153,128.51190476190476,90.15223387723388,5,41,5.0,5.0,68,0,263,17,0,17,263,0,4528.808358792773,452.8808358792773,9760.183094612725,976.0183094612725,438.8026203101631,43.88026203101631,5705.807905496966,570.5807905496965,4985.0,498.5,0,0,0.06425595238095239,-0.0027500000000000003,0.06425595238095239,-0.0027500000000000003,0.0,0.0,0.06425595238095239,0.0025,0.06533342728960453,0.15959655562546654,-0.14852952862712387,0.0017422910322545803,0.00042002931448766116,-0.01382187211216959,-0.00043211194764533937,-0.0002550000000000001,-0.00013211194764533937,-4.500000000000002e-05,0.0,0.0,0.0,0.0,0.0,0.00042002931448766116,0.007760029314487546,0.06425595238095239,0.00042002931448766116,0.0,0.0,0.05295676776766024,0.028552958641627588,-0.012766516249340536,0.04232611693861694,-0.003191629062335134,0.0317445877039627,0.0017422910322545803,0.0017422910322545803,0.4541678487316346,0.1533067492051589,0.058346974538249274,0.0,0.0,0.009909406714652385,0.0,0.0,0.007339999999999888,0.04507611693861693,-0.0027500000000000003,0.0085,0.1315,-9.187148418277505e-05,0.00015960356686264276,-0.0002514750510454178,0.1831482473636667,0.14984399862587452,0.033304248737792176,0.943973958492279,0.13058364391326904,7840,7327,0,0.18572899885475636,0.5136930692195892,19,8,15167,7840,7327,0.0852493980650405,cuda,71.537109375
146,187,200,True,911,911,837,541,296,12,284,0.3536439665471924,0.014336917562724014,0.33930704898446834,0.44731977818853974,1.966728280961183,0.8172267548698594,12.673438299605674,29.694379096551216,0.5304548617358993,0.551461225489151,0.22652252540405488,0.031626366216572284,0.1895207561614498,0.5385944555184757,0.258851410271927,0.06187506662354617,0.15225600797593483,0.012866769970675263,-0.03232888486787211,-0.03024870040697389,0.03726474818551498,12.579450418160096,12.579450418160096,10.242532855436082,0.4743130227001195,0.1202347981109341,0.08967852824391713,-0.12616347219678503,-0.027315359673663196,837,74,0,74,1.0,2.0186608122941823,2.0186608122941823,1.7562724014336917,111.71659941533918,63.60763719818164,-4.37535272855827,67.98298992673992,0.9395321594166184,175.3242366135208,0.05585829970766959,0.03180381859909082,0.0876621183067604,0.8131487889273357,235,166,69,54,0,161,138.70238095238093,96.14398656898656,5,49,5.0,5.0,68,0,284,12,1,12,284,0,4770.663107684275,477.0663107684275,9942.980828627695,994.2980828627694,357.8641601630319,35.78641601630319,6006.390010647999,600.6390010647999,4185.0,418.5,0,1,0.06935119047619047,-0.00275,0.06935119047619047,-0.00275,0.0,0.0,0.06935119047619047,0.0025,0.06922047530417863,0.11903822101791771,-0.1082500214469569,0.0020305580167225036,0.0003567366335859146,-0.010435493827236044,-0.00026641155713822215,-0.00018000000000000004,-5.6411557138222126e-05,-3.0000000000000014e-05,0.0,0.0,0.0,-0.001,-0.001,0.0003567366335859146,0.005886736633585841,0.06835119047619047,0.0003567366335859146,0.0,0.0,0.05585829970767012,0.03180381859909084,-0.00875070545711654,0.04532199328449326,-0.002187676364279135,0.03399149496336996,0.0020305580167225036,0.0020305580167225036,0.4456169345258513,0.14289855703676005,0.05386762294208989,0.0,0.0,0.0094627659353438,0.0,0.0,0.0055299999999999265,0.04807199328449326,-0.00275,0.006,0.142,-9.187148418277505e-05,0.00015960356686264276,-0.0002514750510454178,0.1831482473636667,0.14984399862587452,0.033304248737792176,0.943973958492279,0.13058364391326904,7840,7327,0,0.18572899885475636,0.5136930692195892,19,8,15167,7840,7327,0.0852493980650405,cuda,71.537109375
147,188,200,True,970,970,899,603,296,4,292,0.3292547274749722,0.004449388209121246,0.3248053392658509,0.48258706467661694,1.900497512437811,0.7887657993962713,13.424289469299822,30.22008061685768,0.5637595520254802,0.5224602887434746,0.15313259220587871,0.029933180678543166,0.17247582295875546,0.5131283379708159,0.19230776508284692,0.04687907813143164,0.15184156482368955,0.009331950772658693,-0.0391751728769682,-0.016945897452888475,0.02063425813506592,10.449388209121246,10.449388209121246,8.14349276974416,0.4682981090100111,0.1664014835326453,0.04036709641622002,-0.08388561138192868,-0.06759875715119654,899,71,0,71,1.0,2.045360824742268,2.045360824742268,1.7908787541713014,130.141670882947,82.5144874903323,-4.47528932212254,86.98977681245483,0.951071053558986,212.6561583732793,0.0650708354414735,0.04125724374516615,0.10632807918663965,0.7263157894736842,207,173,34,78,0,171,159.3480158730159,120.38636908327307,4,74,4.0,4.0,33,0,292,4,0,4,292,0,4930.1219108428595,493.012191084286,10530.995601335719,1053.099560133572,437.62416514863753,43.76241651486375,6209.293866180128,620.9293866180128,4495.0,449.5,0,0,0.07967400793650795,-0.0022,0.07967400793650795,-0.0022,0.0,0.0,0.07967400793650795,0.002,0.07326173402835791,0.12599749726365736,-0.08122467298656484,0.0036440249434434003,0.0005881454613359679,-0.01236170944352867,-8.688389661746626e-05,-5.9999999999999995e-05,-1.6883896617466255e-05,-1.0000000000000003e-05,0.0,0.0,0.0,0.0,0.0,0.0005881454613359679,0.006658145461335882,0.07967400793650795,0.0005881454613359679,0.0,0.0,0.06507083544147413,0.0412572437451662,-0.00895057864424508,0.057993184541636544,-0.00223764466106127,0.043494888406227415,0.0036440249434434003,0.0036440249434434003,0.451452717908279,0.11963615918758783,0.05207751982168619,0.0,0.0,0.01789406055755765,0.0,0.0,0.006069999999999915,0.06019318454163653,-0.0022,0.002,0.146,-9.187148418277505e-05,0.00015960356686264276,-0.0002514750510454178,0.1831482473636667,0.14984399862587452,0.033304248737792176,0.943973958492279,0.13058364391326904,7840,7327,0,0.18572899885475636,0.5136930692195892,19,8,15167,7840,7327,0.0852493980650405,cuda,71.537109375
148,189,200,True,1011,1011,951,773,178,19,159,0.1871713985278654,0.019978969505783387,0.167192429022082,0.6222509702457956,1.6558861578266495,0.7536311651186061,13.82300435494328,24.513751093659643,0.4402478698189331,0.43917240229414783,0.2508936188681314,0.07044071938726873,0.16138617806666727,0.43559868248206063,0.2693335922907214,0.10638199260706542,0.1389544816473246,0.003573719812087206,-0.018439973422590017,-0.03594127321979669,0.022431696419342673,10.256572029442692,10.256572029442692,7.935856992639327,0.40063091482649843,0.20649867904035027,0.1103914054887687,-0.12175864646416788,-0.0975180640073905,951,60,0,60,1.0,1.9545004945598417,1.9545004945598417,1.6887486855941114,107.62121653723113,66.89207254240891,-5.46575504666863,72.35782758907759,0.9297673679165975,174.51328907964006,0.05381060826861557,0.03344603627120445,0.08725664453982003,0.8175438596491228,233,166,67,52,0,163,130.26904761904757,101.97710345210345,5,47,5.0,5.0,67,0,159,19,0,19,159,0,4864.108593951633,486.41085939516336,10428.726943511598,1042.8726943511597,413.7084693827709,41.37084693827709,6126.050543856513,612.6050543856513,4755.0,475.5,0,0,0.06513452380952378,-0.00275,0.06513452380952378,-0.00275,0.0,0.0,0.06513452380952378,0.0025,0.07019583425522792,0.14225475022715314,-0.10260845080894049,0.0019893539136567025,0.0005949461049825118,-0.0123749674074854,-0.0004472391522366075,-0.00028500000000000015,-0.00010973915223660745,-5.2500000000000036e-05,0.0,0.0,0.0,0.0,0.0,0.0005949461049825118,0.008514946104982388,0.06513452380952378,0.0005949461049825118,0.0,0.0,0.05381060826861661,0.0334460362712045,-0.010931510093337262,0.04823855172605172,-0.0027328775233343154,0.036178913794538796,0.0019893539136567025,0.0019893539136567025,0.47280093111216104,0.17993508149191528,0.0879855624769513,0.0,0.0,0.014064462656863551,0.0,0.0,0.007919999999999875,0.050988551726051726,-0.00275,0.0095,0.0795,-9.187148418277505e-05,0.00015960356686264276,-0.0002514750510454178,0.1831482473636667,0.14984399862587452,0.033304248737792176,0.943973958492279,0.13058364391326904,7840,7327,0,0.18572899885475636,0.5136930692195892,19,8,15167,7840,7327,0.0852493980650405,cuda,71.537109375
149,190,200,True,1043,1043,971,721,250,20,230,0.25746652935118436,0.02059732234809475,0.2368692070030896,0.5117891816920943,1.8224687933425798,0.7548261185624894,13.971034719279338,28.380224763437713,0.5094634815145728,0.48723906171139997,0.19313216065256836,0.05246364433659388,0.17347190833434814,0.4807409758004005,0.22400780419732513,0.08173923270296352,0.1388675737531853,0.006498085910999485,-0.030875643544756776,-0.029275588366369634,0.03460433458116283,11.5437693099897,11.5437693099897,9.16065911431514,0.4387229660144181,0.15562078028474208,0.09596981990294493,-0.17180523297905617,0.007930421043632944,971,72,0,72,1.0,1.897411313518696,1.897411313518696,1.663233779608651,104.28549865074187,66.78124300572169,-5.830894856416172,72.61213786213786,0.9256671414357875,171.06674165646356,0.052142749325370934,0.033390621502860846,0.08553337082823179,0.8267148014440433,229,160,69,48,0,157,126.37619047619047,97.91618381618383,1,47,1.0,1.0,68,0,230,20,0,20,230,0,4728.236526498476,472.82365264984765,10188.002484250459,1018.8002484250459,427.44282287016347,42.74428228701635,5953.649812887351,595.3649812887351,4855.0,485.5,0,0,0.06318809523809524,-0.00055,0.06318809523809524,-0.00055,0.0,0.0,0.06318809523809524,0.0005,0.0676516366044879,0.15122322923651751,-0.12571383694749014,0.0021979662575384693,0.0005513656744738348,-0.013357206209372242,-0.0004750537096537893,-0.00030000000000000014,-0.0001175537096537893,-5.750000000000003e-05,0.0,0.0,0.0,0.0,0.0,0.0005513656744738348,0.007961365674473721,0.06318809523809524,0.0005513656744738348,0.0,0.0,0.05214274932537175,0.033390621502860894,-0.011661789712832342,0.048408091908091914,-0.0029154474282080856,0.03630606893106893,0.0021979662575384693,0.0021979662575384693,0.45877841718960805,0.14885464925717065,0.07293918711373014,0.0,0.0,0.011165580250527003,0.0,0.0,0.007409999999999886,0.048958091908091916,-0.00055,0.01,0.115,-9.187148418277505e-05,0.00015960356686264276,-0.0002514750510454178,0.1831482473636667,0.14984399862587452,0.033304248737792176,0.943973958492279,0.13058364391326904,7840,7327,0,0.18572899885475636,0.5136930692195892,19,8,15167,7840,7327,0.0852493980650405,cuda,71.537109375
150,191,200,True,866,866,822,632,190,18,172,0.23114355231143552,0.021897810218978103,0.20924574209245742,0.47151898734177217,1.9240506329113924,0.7686828640584327,13.83776312689238,29.342820708321618,0.503105607983447,0.5145817997900746,0.1840217196694988,0.04323951528949922,0.18692160253059356,0.5076745447431561,0.22363670966425864,0.06954669982491096,0.14577452289058437,0.00690725504691847,-0.03961498999475985,-0.02630718453541174,0.04114707964000919,13.0,13.0,10.30778588807786,0.5462287104622872,0.17151418078245922,0.07769541598932643,-0.1361438378759729,-0.055460502856239706,822,44,0,44,1.0,1.9942263279445727,1.9942263279445727,1.7311435523114356,101.99683970166163,61.38057732547803,-4.660818778418104,66.04139610389609,0.9340781786514586,163.37741702713964,0.05099841985083081,0.030690288662739016,0.08168870851356982,0.8315412186379928,232,154,78,47,0,151,127.99999999999999,93.55519480519483,5,42,5.0,5.0,77,0,172,18,2,18,172,0,4432.169079922611,443.2169079922611,8972.605830490664,897.2605830490663,377.5238871409805,37.752388714098046,5583.557875900671,558.3557875900672,4110.0,411.0,0,2,0.06399999999999997,-0.00275,0.06399999999999997,-0.00275,0.0,0.0,0.06399999999999997,0.0025,0.06483932939905457,0.13839436950115647,-0.11436970638812342,0.002894570617663953,0.0004920992541541454,-0.011562281639834658,-0.0004295920039696651,-0.0002700000000000001,-0.00011209200396966512,-4.750000000000003e-05,0.0,0.0,0.0,-0.002,-0.002,0.0004920992541541454,0.006992099254154051,0.06199999999999998,0.0004920992541541454,0.0,0.0,0.05099841985083152,0.030690288662739013,-0.009321637556836208,0.0440275974025974,-0.002330409389209052,0.033020698051948044,0.002894570617663953,0.002894570617663953,0.4319731199489951,0.13082218960033964,0.05413568134787486,0.0,0.0,0.013933917942869087,0.0,0.0,0.006499999999999906,0.04677759740259741,-0.00275,0.009,0.086,-9.187148418277505e-05,0.00015960356686264276,-0.0002514750510454178,0.1831482473636667,0.14984399862587452,0.033304248737792176,0.943973958492279,0.13058364391326904,7840,7327,0,0.18572899885475636,0.5136930692195892,19,8,15167,7840,7327,0.0852493980650405,cuda,71.537109375
151,192,200,True,1068,1068,1003,771,232,21,211,0.2313060817547358,0.020937188434695914,0.21036889332003988,0.4915693904020752,1.9208819714656291,0.7781918722793131,13.486741009080147,26.57672626730997,0.5191525877574747,0.5012852115273939,0.150776118856653,0.05617676064343072,0.17199650885665307,0.49833139282410865,0.17846316940739423,0.10266116463525483,0.14920309023634468,0.0029538187032852603,-0.02768705055074122,-0.046484403991824116,0.022793418620308398,12.690927218344966,12.690927218344966,10.152542372881356,0.5194416749750748,0.1396211319793074,0.09498314894884143,-0.0688028571940023,-0.060345780691256096,1003,65,0,65,1.0,1.8604868913857677,1.8604868913857677,1.6281156530408774,107.12519647731243,56.974010508379614,-6.020957024087882,62.99496753246751,0.9127598874785199,164.09920698569204,0.053562598238656216,0.028487005254189807,0.08204960349284601,0.8664259927797834,240,169,71,37,0,167,129.66666666666663,92.79329004329009,8,29,8.0,8.0,69,0,211,21,0,21,211,0,4543.74385120563,454.374385120563,9801.53698913263,980.153698913263,458.9726317897291,45.89726317897291,5727.831976935354,572.7831976935354,5015.0,501.5,0,0,0.0648333333333333,-0.0044,0.0648333333333333,-0.0044,0.0,0.0,0.0648333333333333,0.004,0.07153210613576154,0.16542704477388925,-0.1297126848232062,0.003335550620215139,0.0005596578599476326,-0.01455515071077398,-0.0004875985486758906,-0.0003150000000000002,-0.00011259854867589051,-6.000000000000003e-05,0.0,0.0,0.0,0.0,0.0,0.0005596578599476326,0.008479657859947507,0.0648333333333333,0.0005596578599476326,0.0,0.0,0.05356259823865707,0.028487005254189828,-0.012041914048175765,0.041996645021645046,-0.003010478512043941,0.03149748376623376,0.003335550620215139,0.003335550620215139,0.47983713202749667,0.15091324620922125,0.08237884648096169,0.0,0.0,0.007844233661937036,0.0,0.0,0.007919999999999875,0.04639664502164504,-0.0044,0.0105,0.1055,-9.187148418277505e-05,0.00015960356686264276,-0.0002514750510454178,0.1831482473636667,0.14984399862587452,0.033304248737792176,0.943973958492279,0.13058364391326904,7840,7327,0,0.18572899885475636,0.5136930692195892,19,8,15167,7840,7327,0.0852493980650405,cuda,71.537109375
152,193,200,True,901,901,847,660,187,26,161,0.22077922077922077,0.030696576151121605,0.19008264462809918,0.45606060606060606,1.9515151515151514,0.7726284185368003,13.598342363762134,31.85800375071439,0.5440309458462941,0.5308515802025795,0.18038159374599205,0.037095261267104156,0.17852984706617214,0.5260645198776867,0.21236424987684144,0.07917951101888761,0.14752758204598318,0.0047870603248928445,-0.031982656130849385,-0.04208424975178345,0.031002265020188963,14.81582054309327,14.81582054309327,12.037780401416764,0.5548996458087367,0.13937632903677674,-0.02408305114033957,-0.11933250432111692,0.029521009178627353,847,54,0,54,1.0,1.9123196448390678,1.9123196448390678,1.6446280991735538,91.0325004535413,48.90136603279747,-5.663766751085288,54.56513278388278,0.905962639284203,139.9338664863388,0.04551625022677065,0.024450683016398734,0.0699669332431694,0.8079710144927537,223,154,69,53,0,148,114.14285714285712,80.45351037851037,7,46,7.0,7.0,69,0,161,26,2,26,161,0,4406.550915532866,440.65509155328664,8972.541789795705,897.2541789795705,412.0092745546091,41.200927455460906,5549.622326385269,554.9622326385269,4235.0,423.5,0,2,0.05707142857142856,-0.0038499999999999997,0.05707142857142856,-0.0038499999999999997,0.0,0.0,0.05707142857142856,0.0035,0.06333351196595823,0.1566002050277914,-0.12151235979152944,0.0028056480527497776,0.00043553684813904363,-0.013056742721089299,-0.0006149725444366487,-0.0003900000000000002,-0.00015247254443664872,-7.250000000000005e-05,0.0,0.0,0.0,-0.002,-0.002,0.00043553684813904363,0.007295536848138943,0.055071428571428556,0.00043553684813904363,0.0,0.0,0.04551625022677123,0.024450683016398776,-0.011327533502170577,0.036376755189255185,-0.002831883375542644,0.02728256639194139,0.0028056480527497776,0.0028056480527497776,0.45778768877085113,0.14056693710538523,0.058675603629467714,0.0,0.0,0.013644367671682544,0.0,0.0,0.006859999999999898,0.04022675518925518,-0.0038499999999999997,0.013,0.0805,-9.187148418277505e-05,0.00015960356686264276,-0.0002514750510454178,0.1831482473636667,0.14984399862587452,0.033304248737792176,0.943973958492279,0.13058364391326904,7840,7327,0,0.18572899885475636,0.5136930692195892,19,8,15167,7840,7327,0.0852493980650405,cuda,71.537109375
153,194,200,True,932,932,858,586,272,30,242,0.317016317016317,0.03496503496503497,0.28205128205128205,0.46245733788395904,1.953924914675768,0.7695258426076316,13.799936159478927,29.617647098294704,0.5620668197070358,0.543622142829179,0.15644107290794723,0.05281347663733002,0.1732660475498504,0.5338165431757023,0.1948252891654422,0.08615911289661767,0.14748063542222153,0.009805599653476715,-0.03838421625749497,-0.033345636259287645,0.02578541212762886,14.12004662004662,14.12004662004662,11.660839160839162,0.5093240093240093,0.21958629214032852,0.030128961922480307,-0.07110181889783214,-0.09622744470013966,858,74,0,74,1.0,2.03862660944206,2.03862660944206,1.7727272727272727,120.53076092443956,72.72111131310209,-5.21485480411408,77.93596611721613,0.9372843858144478,193.25187223754165,0.060265380462219784,0.036360555656551045,0.09662593611877082,0.8807017543859649,251,177,74,34,0,175,149.34285714285718,108.31462148962149,4,30,4.0,4.0,71,0,242,30,1,30,242,0,4802.114705817144,480.21147058171437,10082.623399020798,1008.2623399020798,407.8036573628641,40.78036573628641,6051.232902088781,605.1232902088781,4290.0,429.0,0,1,0.0746714285714286,-0.0022,0.0746714285714286,-0.0022,0.0,0.0,0.0746714285714286,0.002,0.07507670131330348,0.1373219270943042,-0.11606825079845767,0.0027390278076752784,0.00048118802538446337,-0.011977132947898579,-0.0007650863144781418,-0.0004500000000000003,-0.00022758631447814171,-8.750000000000005e-05,0.0,0.0,0.0,-0.001,-0.001,0.00048118802538446337,0.006641188025384378,0.07367142857142858,0.00048118802538446337,0.0,0.0,0.060265380462220276,0.036360555656551045,-0.01042970960822816,0.05195731074481075,-0.00260742740205704,0.03896798305860806,0.0027390278076752784,0.0027390278076752784,0.4505999068447984,0.12851632603690577,0.0648215236997814,0.0,0.0,0.011125082024527791,0.0,0.0,0.006159999999999913,0.05415731074481074,-0.0022,0.015,0.121,-0.007062954482777665,-0.006200738569411139,-0.0008622159133665263,0.13376826738628247,0.10884689191977183,0.024921375466510652,0.9533764123916626,0.1452850103378296,8371,7872,0,0.17327289349502986,0.5004345536231994,20,8,16243,8371,7872,0.07737082754670689,cuda,76.75048828125
154,195,200,True,1080,1080,1022,813,209,42,167,0.2045009784735812,0.0410958904109589,0.1634050880626223,0.44772447724477243,1.970479704797048,0.7700861319258058,13.580568501283615,24.553206127801356,0.5087125453479611,0.4902587774018373,0.2714974143545786,0.07006176311790778,0.1625505153875601,0.48419273042590855,0.2841580153899989,0.1341035396498164,0.12477274430940916,0.006066046975928774,-0.012660601035420327,-0.06404177653190861,0.037777771078150946,11.631115459882583,11.631115459882583,8.91682974559687,0.5088062622309197,0.17868284321233918,0.13844253245072285,-0.14121486653204007,-0.0835815765868312,1022,58,0,58,1.0,1.8296296296296297,1.8296296296296297,1.5782778864970646,92.08474134430408,46.51931291311816,-6.716698991643731,53.23601190476189,0.8879667175809656,138.60405425742223,0.04604237067215204,0.023259656456559082,0.06930202712871111,0.8439716312056738,238,156,82,44,0,154,110.72619047619042,74.2813492063492,3,41,3.0,3.0,82,0,167,42,0,42,167,0,4487.170664969921,448.71706649699206,9742.532432076061,974.2532432076061,470.8107858394698,47.08107858394698,5652.099570073419,565.2099570073419,5110.0,511.0,0,0,0.05536309523809521,-0.0016500000000000002,0.05536309523809521,-0.0016500000000000002,0.0,0.0,0.05536309523809521,0.0015,0.0662049335435579,0.17695543843070424,-0.16495793511900664,0.002648941662130413,0.0002094724083789701,-0.015039392721366668,-0.00094629246160635,-0.0006300000000000005,-0.00019629246160634994,-0.00012000000000000008,0.0,0.0,0.0,0.0,0.0,0.0002094724083789701,0.008759472408378833,0.05536309523809521,0.0002094724083789701,0.0,0.0,0.04604237067215295,0.023259656456559117,-0.013433397983287462,0.03549067460317463,-0.0033583494958218654,0.026618005952380945,0.002648941662130413,0.002648941662130413,0.48964072316822416,0.20745422009353107,0.0928017505532732,0.0,0.0,0.0065734909583453705,0.0,0.0,0.008549999999999862,0.03714067460317462,-0.0016500000000000002,0.021,0.0835,-0.007062954482777665,-0.006200738569411139,-0.0008622159133665263,0.13376826738628247,0.10884689191977183,0.024921375466510652,0.9533764123916626,0.1452850103378296,8371,7872,0,0.17327289349502986,0.5004345536231994,20,8,16243,8371,7872,0.07737082754670689,cuda,76.75048828125
155,196,200,True,1064,1064,987,700,287,46,241,0.2907801418439716,0.04660587639311044,0.24417426545086118,0.53,1.7871428571428571,0.7654779053160122,13.8874202810015,29.319932748590197,0.49044383178754025,0.5084910403617791,0.20359542910009623,0.07134675185927855,0.18938232207670808,0.506963301386152,0.23138889540385987,0.11704692547691853,0.14282941015437245,0.0015277389756270798,-0.027793466303763642,-0.04570017361763998,0.04655291192233563,12.782168186423506,12.782168186423506,10.355623100303951,0.47619047619047616,0.19832525816780738,0.04598648805556701,-0.13818472610063154,-0.07290705874286728,987,77,0,77,1.0,1.843045112781955,1.843045112781955,1.5957446808510638,91.19923901104424,50.2345754075629,-5.503519830532325,55.73809523809523,0.9101343126832128,141.43381441860714,0.04559961950552212,0.025117287703781452,0.07071690720930357,0.8591549295774648,244,159,85,40,0,153,110.10952380952378,75.41746031746032,1,39,1.0,1.0,84,0,241,46,0,46,241,0,4591.902430265189,459.1902430265189,9876.178924811213,987.6178924811213,409.4681346403143,40.94681346403143,5781.649474495169,578.1649474495168,4935.0,493.5,0,0,0.05505476190476189,-0.00055,0.05505476190476189,-0.00055,0.0,0.0,0.05505476190476189,0.0005,0.06597465316189091,0.16051141419631518,-0.1422135190578235,0.002750190715571944,0.00031904990856285826,-0.012484024816606654,-0.0010596847343442462,-0.0006900000000000005,-0.0002396847343442461,-0.0001300000000000001,0.0,0.0,0.0,0.0,0.0,0.00031904990856285826,0.007779049908562744,0.05505476190476189,0.00031904990856285826,0.0,0.0,0.045599619505522854,0.025117287703781473,-0.01100703966106465,0.037158730158730176,-0.0027517599152661627,0.027869047619047613,0.002750190715571944,0.002750190715571944,0.47453470181124147,0.1590755433872325,0.09345492876188392,0.0,0.0,0.008749129343425227,0.0,0.0,0.007459999999999885,0.03770873015873017,-0.00055,0.023,0.1205,-0.007062954482777665,-0.006200738569411139,-0.0008622159133665263,0.13376826738628247,0.10884689191977183,0.024921375466510652,0.9533764123916626,0.1452850103378296,8371,7872,0,0.17327289349502986,0.5004345536231994,20,8,16243,8371,7872,0.07737082754670689,cuda,76.75048828125
156,197,200,True,1093,1093,1035,754,281,20,261,0.2714975845410628,0.01932367149758454,0.25217391304347825,0.46684350132625996,1.9005305039787799,0.7814826473237981,13.468077353520481,30.07050475090821,0.4784734280693032,0.5119784049867635,0.19287971795020276,0.04166089674329449,0.19842264651807534,0.5057368748463117,0.22212102061102973,0.07857148122614921,0.14793316714356922,0.006241530140451812,-0.029241302660826973,-0.03691058448285472,0.050489479374506124,12.230917874396136,12.230917874396136,9.631884057971014,0.5159420289855072,0.19935111304158662,0.09750449429100985,-0.13544637169662385,-0.05145643080179021,1035,58,0,58,1.0,1.829826166514181,1.829826166514181,1.6154589371980677,103.56902467325762,61.430806376276266,-5.550470680000774,66.98127705627705,0.923475293878454,164.9998310495339,0.051784512336628806,0.030715403188138132,0.08249991552476695,0.8243727598566308,230,155,75,49,0,155,125.3428571428571,90.4083694083694,1,48,1.0,1.0,74,0,261,20,0,20,261,0,4423.913242017324,442.39132420173235,9498.554629870112,949.8554629870112,420.10709051567295,42.0107090515673,5571.331430070233,557.1331430070234,5175.0,517.5,0,0,0.06267142857142856,-0.00055,0.06267142857142856,-0.00055,0.0,0.0,0.06267142857142856,0.0005,0.06653964503513507,0.16539227536268247,-0.1339144090547566,0.0025414445449032717,0.0004968473974297611,-0.013118871454235936,-0.0004847678728140477,-0.00030000000000000014,-0.00013226787281404777,-5.2500000000000036e-05,0.0,0.0,0.0,0.0,0.0,0.0004968473974297611,0.00823684739742964,0.06267142857142856,0.0004968473974297611,0.0,0.0,0.051784512336629625,0.03071540318813813,-0.011100941360001547,0.04465418470418471,-0.002775235340000387,0.03349063852813852,0.0025414445449032717,0.0025414445449032717,0.45734955300932756,0.1406401758320253,0.0630208095486355,0.0,0.0,0.009867060349095312,0.0,0.0,0.00773999999999988,0.045204184704184705,-0.00055,0.01,0.1305,-0.007062954482777665,-0.006200738569411139,-0.0008622159133665263,0.13376826738628247,0.10884689191977183,0.024921375466510652,0.9533764123916626,0.1452850103378296,8371,7872,0,0.17327289349502986,0.5004345536231994,20,8,16243,8371,7872,0.07737082754670689,cuda,76.75048828125
157,198,200,True,912,912,855,633,222,6,216,0.2596491228070175,0.007017543859649123,0.25263157894736843,0.4849921011058452,1.900473933649289,0.7837802392282004,13.430488169099105,30.648638638934063,0.5175569215165061,0.5185761779876306,0.16270507921539776,0.049067148198719365,0.18554731662051185,0.5077642557839458,0.1969877378941524,0.07640254691958216,0.1474989883448652,0.010811922203684765,-0.03428265867875463,-0.027335398720862797,0.038048328275646665,12.421052631578947,12.421052631578947,9.88888888888889,0.4935672514619883,0.23200848520348227,0.0497527034232216,-0.06945228772182835,-0.08446896631849482,855,57,0,57,1.0,2.030701754385965,2.030701754385965,1.776608187134503,111.88849120038664,68.5156322832413,-4.410855811996812,72.92648809523807,0.9429660292279035,180.40412348362793,0.05594424560019332,0.03425781614162065,0.09020206174181396,0.7746478873239436,220,163,57,64,0,157,138.39999999999998,104.93531746031746,7,57,7.0,7.0,55,0,216,6,1,6,216,0,4864.895819225869,486.48958192258686,10203.986958175365,1020.3986958175365,404.2532660592496,40.42532660592496,6125.130571609617,612.5130571609617,4275.0,427.5,0,1,0.06919999999999997,-0.0038500000000000006,0.06919999999999997,-0.0038500000000000006,0.0,0.0,0.06919999999999997,0.0035,0.0675634872324721,0.13371272980692298,-0.10459987594710578,0.0033899773294191254,0.0005312280009667656,-0.011913219311004232,-0.0001340235517632891,-8.999999999999999e-05,-2.9023551763289084e-05,-1.5000000000000002e-05,0.0,0.0,0.0,-0.001,-0.001,0.0005312280009667656,0.0069212280009666735,0.06819999999999997,0.0005312280009667656,0.0,0.0,0.055944245600194016,0.03425781614162066,-0.008821711623993624,0.04861765873015874,-0.002205427905998406,0.03646324404761903,0.0033899773294191254,0.0033899773294191254,0.45435770243338347,0.12398772600619339,0.06191220417559989,0.0,0.0,0.015401856061125105,0.0,0.0,0.006389999999999908,0.05246765873015873,-0.0038500000000000006,0.003,0.108,-0.007062954482777665,-0.006200738569411139,-0.0008622159133665263,0.13376826738628247,0.10884689191977183,0.024921375466510652,0.9533764123916626,0.1452850103378296,8371,7872,0,0.17327289349502986,0.5004345536231994,20,8,16243,8371,7872,0.07737082754670689,cuda,76.75048828125
158,199,200,True,1042,1042,982,760,222,25,197,0.22606924643584522,0.025458248472505093,0.20061099796334012,0.5092105263157894,1.831578947368421,0.7723835250852924,13.565197533055356,28.278235834209543,0.4918223248548824,0.5118446485188447,0.22057739064391507,0.04266520338010435,0.18516605349110538,0.5038555221338021,0.24554825451862264,0.07814421090971384,0.14544932353310286,0.007989126385042566,-0.024970863874707566,-0.03547900752960949,0.03971672995800252,13.734215885947046,13.734215885947046,10.9969450101833,0.5254582484725051,0.16849974070138654,0.05886220657899182,-0.11704376788936881,-0.056058621966918645,982,60,0,60,1.0,1.8742802303262955,1.8742802303262955,1.6283095723014256,105.15345338155674,54.455028132782815,-6.2105594046797306,60.665587537462514,0.9071334146978776,159.60848151433956,0.05257672669077837,0.027227514066391408,0.07980424075716978,0.8391608391608392,240,164,76,46,0,159,127.21190476190473,84.18745004995004,3,43,3.0,3.0,74,0,197,25,0,25,197,0,4677.611365024913,467.76113650249124,10048.213181948267,1004.8213181948267,445.280700642687,44.528070064268704,5889.711098507344,588.9711098507344,4910.0,491.0,0,0,0.06360595238095236,-0.0016500000000000002,0.06360595238095236,-0.0016500000000000002,0.0,0.0,0.06360595238095236,0.0015,0.06816873251258601,0.17037949130607313,-0.14581807028084856,0.001860859161582279,0.0006098239300825314,-0.013592180622498926,-0.0006641352269298797,-0.0003750000000000002,-0.00020913522692987989,-8.000000000000003e-05,0.0,0.0,0.0,0.0,0.0,0.0006098239300825314,0.008459823930082409,0.06360595238095236,0.0006098239300825314,0.0,0.0,0.052576726690779306,0.0272275140663914,-0.012421118809359461,0.04044372502497503,-0.0031052797023398654,0.030332793768731256,0.001860859161582279,0.001860859161582279,0.49166776314848354,0.17548606239626094,0.07214618253485534,0.0,0.0,0.014888763083141063,0.0,0.0,0.007849999999999878,0.04209372502497502,-0.0016500000000000002,0.0125,0.0985,-0.007062954482777665,-0.006200738569411139,-0.0008622159133665263,0.13376826738628247,0.10884689191977183,0.024921375466510652,0.9533764123916626,0.1452850103378296,8371,7872,0,0.17327289349502986,0.5004345536231994,20,8,16243,8371,7872,0.07737082754670689,cuda,76.75048828125
159,200,200,True,1129,1129,1079,883,196,27,169,0.18164967562557924,0.025023169601482854,0.1566265060240964,0.49150622876557193,1.8867497168742922,0.7551376726963512,14.325440882016416,26.83720957571356,0.4662923572087222,0.48800077786329515,0.18320938430532457,0.061077599497016265,0.1840915153961152,0.4887647321816884,0.21174907600159082,0.10739065614494148,0.1403820501199564,-0.0007639543183932673,-0.028539691696266245,-0.04631305664792521,0.04370946527615882,12.357738646895273,12.357738646895273,9.486561631139944,0.5486561631139945,0.18336236274792792,0.10638082299390507,-0.059596480304167025,-0.016723473288314205,1079,50,0,50,1.0,1.7643932683790966,1.7643932683790966,1.541241890639481,87.55634271472171,42.56492915411858,-6.957557733993266,49.522486888111864,0.87681387682066,130.1212718688403,0.043778171357360854,0.02128246457705929,0.06506063593442014,0.8469750889679716,238,147,91,43,0,146,104.7952380952381,73.72998251748253,7,36,7.0,7.0,89,0,169,27,0,27,169,0,4225.236112116988,422.5236112116988,9159.359698460206,915.9359698460206,464.7967651425764,46.47967651425764,5320.692768554282,532.0692768554283,5395.0,539.5,0,0,0.052397619047619054,-0.0038499999999999997,0.052397619047619054,-0.0038499999999999997,0.0,0.0,0.052397619047619054,0.0035,0.06264028497571991,0.19361200403460294,-0.16110826854454605,0.002045246100476844,0.00020038059632817627,-0.014972223694201295,-0.0006432616877252617,-0.00040500000000000025,-0.00017076168772526155,-6.750000000000004e-05,0.0,0.0,0.0,0.0,0.0,0.00020038059632817627,0.009300380596328026,0.052397619047619054,0.00020038059632817627,0.0,0.0,0.04377817135736178,0.02128246457705932,-0.013915115467986532,0.03301499125874128,-0.003478778866996633,0.024761243444055933,0.002045246100476844,0.002045246100476844,0.4884639506519004,0.16697715543034689,0.09809658268394937,0.0,0.0,0.006641276153478785,0.0,0.0,0.009099999999999851,0.03686499125874127,-0.0038499999999999997,0.0135,0.0845,-0.007062954482777665,-0.006200738569411139,-0.0008622159133665263,0.13376826738628247,0.10884689191977183,0.024921375466510652,0.9533764123916626,0.1452850103378296,8371,7872,0,0.17327289349502986,0.5004345536231994,20,8,16243,8371,7872,0.07737082754670689,cuda,76.75048828125
160,201,200,True,1119,1119,1054,722,332,34,298,0.31499051233396586,0.03225806451612903,0.2827324478178368,0.46537396121883656,1.9141274238227146,0.7896169845087047,13.262843224480541,27.308063043131806,0.5081443635941403,0.5070646959369863,0.1810864470073556,0.07064570416760865,0.17728197243621888,0.5064761710464128,0.20871771521443228,0.12382246125063799,0.14091120235405222,0.000588524890573483,-0.027631268207076676,-0.05317675708302934,0.03637077008216666,11.446869070208729,11.446869070208729,9.006641366223908,0.4648956356736243,0.17344623328379477,0.13269882490646293,-0.11155395104906933,-0.07239548529035016,1054,65,0,65,1.0,1.773011617515639,1.773011617515639,1.555977229601518,85.09792414557049,44.41186777182711,-6.064755459044061,50.476623230871155,0.8927377506603711,129.5097919173976,0.042548962072785246,0.022205933885913555,0.0647548959586988,0.8204225352112676,233,146,87,51,0,144,102.40238095238092,75.69760517260518,8,43,8.0,7.6322189679790275,86,0,298,34,0,34,298,0,4290.62336730651,429.062336730651,9313.712683101989,931.3712683101988,429.54628396929587,42.954628396929586,5402.917453093957,540.2917453093958,5270.0,527.0,0,0,0.051201190476190456,-0.0044,0.051201190476190456,-0.0044,0.0,0.0,0.051201190476190456,0.004,0.06194864550536749,0.16022115117609156,-0.14060029630789905,0.001955140404151527,0.00038004845916425107,-0.013341099323221256,-0.0008149036630236299,-0.0005100000000000004,-0.00020240366302362987,-0.00010250000000000007,0.0,0.0,0.0,0.0,0.0,0.00038004845916425107,0.007940048459164134,0.051201190476190456,0.00038004845916425107,0.0,0.0,0.04254896207278594,0.02220593388591355,-0.012129510918088122,0.03365108215391414,-0.0030323777295220306,0.025238311615435577,0.001955140404151527,0.001955140404151527,0.45309263303632574,0.15275870890244367,0.08837351933300366,0.0,0.0,0.0070864955877882165,0.0,0.0,0.007559999999999884,0.03784880258630259,-0.004197720432388465,0.017,0.149,-0.007062954482777665,-0.006200738569411139,-0.0008622159133665263,0.13376826738628247,0.10884689191977183,0.024921375466510652,0.9533764123916626,0.1452850103378296,8371,7872,0,0.17327289349502986,0.5004345536231994,20,8,16243,8371,7872,0.07737082754670689,cuda,76.75048828125
161,202,200,True,1110,1110,1051,811,240,41,199,0.22835394862036157,0.0390104662226451,0.18934348239771645,0.5413070283600493,1.8236744759556103,0.7858943386892209,13.273234510833326,26.52349869846269,0.4590284098128492,0.4886092581452042,0.2642576662931504,0.06106943787338554,0.18188740119668764,0.48336177700544847,0.2749672038124647,0.11994052081929839,0.13864392491170055,0.005247481139755705,-0.010709537519314305,-0.058871082945912846,0.04324347628498709,12.100856327307326,12.100856327307326,9.62511893434824,0.4900095147478592,0.14003462743965941,0.12417006997938149,-0.17279064888521653,-0.07787603813760641,1051,59,0,59,1.0,1.7774774774774775,1.7774774774774775,1.5642245480494767,90.37902460419235,49.98388009848506,-5.470565455960491,55.45444555444551,0.9102082155549202,140.3629047026774,0.045189512302096176,0.02499194004924253,0.0701814523513387,0.8637992831541219,241,156,85,38,0,153,108.58571428571427,77.23926073926074,6,32,6.0,3.0,82,0,199,41,0,41,199,0,4367.234425772682,436.7234425772682,9412.775518559669,941.2775518559669,424.81631290838436,42.481631290838436,5501.08667724311,550.108667724311,5255.0,525.5,0,0,0.05429285714285713,-0.0033,0.05429285714285713,-0.0033,0.0,0.0,0.05429285714285713,0.003,0.06564368124373618,0.17491439696681424,-0.1566972268494133,0.0036865391251114125,0.0002561329390522479,-0.01353716509776982,-0.0009508061698147761,-0.0006150000000000004,-0.0002133061698147761,-0.00012250000000000008,0.0,0.0,0.0,0.0,0.0,0.0002561329390522479,0.008776132939052111,0.05429285714285713,0.0002561329390522479,0.0,0.0,0.045189512302096974,0.024991940049242548,-0.010941130911920982,0.03696963036963038,-0.0027352827279802454,0.027727222777222758,0.0036865391251114125,0.0036865391251114125,0.47451252761804447,0.18934723143146096,0.09590729938014567,0.0,0.0,0.006502619246259033,0.0,0.0,0.008519999999999863,0.03861963036963038,-0.0016500000000000002,0.0205,0.0995,0.0010590998507622215,-0.00034104049619701173,0.0014001403469592333,0.16172982938328964,0.13247399611605537,0.029255833267234264,0.9484797716140747,0.1666860580444336,8314,7835,0,0.17228979302777184,0.49085186906158923,21,8,16149,8314,7835,0.08632614973550184,cuda,76.66162109375
162,203,200,True,1005,1005,946,739,207,18,189,0.21881606765327696,0.019027484143763214,0.19978858350951373,0.5561569688768606,1.7577807848443843,0.7843869330515235,13.462529092099572,27.156193357036628,0.49134430319144223,0.4829949983401937,0.21762428285002064,0.05444922293656088,0.17446825321617565,0.478437455686084,0.24352104893188636,0.0859824735595667,0.13890217030887192,0.004557542654109736,-0.025896766081865724,-0.03153325062300582,0.03556608290730373,11.544397463002115,11.513742071881607,9.041226215644821,0.46405919661733613,0.18306621413361895,0.15553971267191274,-0.12527911246019083,-0.05852811458437046,946,59,0,59,1.0,1.964179104477612,1.964179104477612,1.7463002114164905,112.47787288973836,66.33475588215587,-5.724822039922046,72.0595779220779,0.9264014115591456,178.81262877189425,0.05623893644486918,0.033167377941077936,0.08940631438594712,0.8592057761732852,238,163,75,39,0,160,136.58333333333331,100.47943722943722,4,35,4.0,4.0,73,0,189,18,0,18,189,0,4880.7715020020005,488.07715020020004,10502.00675777479,1050.200675777479,424.0211696181175,42.40211696181175,6144.232528013497,614.4232528013497,4730.0,473.0,0,0,0.06829166666666665,-0.0022,0.06829166666666665,-0.0022,0.0,0.0,0.06829166666666665,0.002,0.06914205980291634,0.15011845331994259,-0.10694193886653203,0.0019521126899383688,0.0004580155576791283,-0.013203761471174249,-0.00039147381761752597,-0.0002700000000000001,-7.397381761752599e-05,-4.750000000000003e-05,0.0,0.0,0.0,0.0,0.0,0.0004580155576791283,0.00802801555767901,0.06829166666666665,0.0004580155576791283,0.0,0.0,0.05623893644487012,0.033167377941077936,-0.011449644079844092,0.048039718614718604,-0.002862411019961023,0.03602978896103895,0.0019521126899383688,0.0019521126899383688,0.48453062821452036,0.17476515137780352,0.06231529778120436,0.0,0.0,0.011579231880488513,0.0,0.0,0.007569999999999883,0.050239718614718605,-0.0022,0.009,0.0945,0.0010590998507622215,-0.00034104049619701173,0.0014001403469592333,0.16172982938328964,0.13247399611605537,0.029255833267234264,0.9484797716140747,0.1666860580444336,8314,7835,0,0.17228979302777184,0.49085186906158923,21,8,16149,8314,7835,0.08632614973550184,cuda,76.66162109375
163,204,200,True,1075,1075,1011,795,216,20,196,0.21364985163204747,0.019782393669634024,0.19386745796241345,0.4188679245283019,2.0125786163522013,0.7925529998053544,13.221729744005502,29.1958991385106,0.49213119820272844,0.5619522832662055,0.19654215496478591,0.021496326214510877,0.21015221679922919,0.5508041986691877,0.23214888027019845,0.05269902283223287,0.1614730854899441,0.011148084597017771,-0.035606725305412534,-0.031202696617721994,0.048679131309285084,15.209693372898121,15.209693372898121,12.270029673590505,0.6251236399604352,0.21588593702659867,-0.009112831600926713,-0.12016974900156409,-0.004807062412379634,1011,64,0,64,1.0,1.84,1.84,1.619188921859545,114.39358589274399,67.55258962422869,-5.518197921558858,73.07078754578757,0.9297840799350737,181.9461755169727,0.05719679294637199,0.033776294812114346,0.09097308775848634,0.8666666666666667,247,175,72,38,0,172,138.8190476190476,100.7277167277167,3,35,3.0,3.0,71,0,196,20,0,20,196,0,4441.4755014593065,444.14755014593067,9636.091828511746,963.6091828511746,449.9455749157699,44.99455749157699,5596.942873803327,559.6942873803326,5055.0,505.5,0,0,0.06940952380952381,-0.0016500000000000002,0.06940952380952381,-0.0016500000000000002,0.0,0.0,0.06940952380952381,0.0014999999999999998,0.07291247343544707,0.19340211559360615,-0.16987608843182453,0.0038260553292012124,0.00019586949376476282,-0.014227065562427246,-0.0005143333827579578,-0.00030000000000000014,-0.00015433338275795797,-6.000000000000003e-05,0.0,0.0,0.0,0.0,0.0,0.00019586949376476282,0.008345869493764632,0.06940952380952381,0.00019586949376476282,0.0,0.0,0.05719679294637282,0.03377629481211437,-0.011036395843117717,0.04871385836385835,-0.0027590989607794293,0.03653539377289378,0.0038260553292012124,0.0038260553292012124,0.5037177168388794,0.15906080022712482,0.056642411600462635,0.0,0.0,0.007757516842431006,0.0,0.0,0.008149999999999871,0.05036385836385835,-0.0016500000000000002,0.01,0.098,0.0010590998507622215,-0.00034104049619701173,0.0014001403469592333,0.16172982938328964,0.13247399611605537,0.029255833267234264,0.9484797716140747,0.1666860580444336,8314,7835,0,0.17228979302777184,0.49085186906158923,21,8,16149,8314,7835,0.08632614973550184,cuda,76.66162109375
164,205,200,True,1068,1068,1011,760,251,20,231,0.24826904055390703,0.019782393669634024,0.228486646884273,0.48289473684210527,1.8447368421052632,0.7710572500958255,13.971635869929665,29.07876647444148,0.5257308514441416,0.5061023384528724,0.21554953089768164,0.030551643094268482,0.1744493253185953,0.5031459892070607,0.2366967661048923,0.08086300453379457,0.13386661082898316,0.0029563492458117846,-0.021147235207210652,-0.05031136143952608,0.04058271448961215,12.440158259149356,12.440158259149356,9.687438180019782,0.5380811078140455,0.1603308340277862,0.052127782816620324,-0.11080689413747298,-0.04415396604681984,1011,57,0,57,1.0,1.8567415730337078,1.8567415730337078,1.6073194856577646,108.93652184417162,56.81284066589859,-6.659091568533649,63.471932234432224,0.9050478489057502,165.74936251007023,0.05446826092208581,0.028406420332949295,0.08287468125503511,0.8159722222222222,235,169,66,53,0,167,131.98571428571424,89.02924297924297,5,48,5.0,4.0,65,0,231,20,0,20,231,0,4495.635104805623,449.5635104805623,9722.317261862117,972.2317261862117,459.5529036777058,45.95529036777058,5663.69435895744,566.369435895744,5055.0,505.5,0,0,0.06599285714285713,-0.00275,0.06599285714285713,-0.00275,0.0,0.0,0.06599285714285713,0.0025,0.0713417285039449,0.16328083324909418,-0.12414637332640428,0.0018439391985804901,0.0005698760390005896,-0.014529288984706288,-0.0004857055967090875,-0.00030000000000000014,-0.00011570559670908742,-7.000000000000003e-05,0.0,0.0,0.0,0.0,0.0,0.0005698760390005896,0.008369876039000468,0.06599285714285713,0.0005698760390005896,0.0,0.0,0.054468260922086696,0.028406420332949288,-0.013318183137067298,0.04231462148962149,-0.0033295457842668244,0.03173596611721611,0.0018439391985804901,0.0018439391985804901,0.48197412431778547,0.15736238657935928,0.058464871566669484,0.0,0.0,0.011559775182243812,0.0,0.0,0.007799999999999878,0.0445146214896215,-0.0022,0.01,0.1155,0.0010590998507622215,-0.00034104049619701173,0.0014001403469592333,0.16172982938328964,0.13247399611605537,0.029255833267234264,0.9484797716140747,0.1666860580444336,8314,7835,0,0.17228979302777184,0.49085186906158923,21,8,16149,8314,7835,0.08632614973550184,cuda,76.66162109375
165,206,200,True,1143,1143,1087,810,277,31,246,0.2548298068077277,0.028518859245630176,0.22631094756209752,0.5024691358024691,1.9148148148148147,0.7717123607610479,13.560613775841984,28.766670760135224,0.5085180796126628,0.4922886805033978,0.2047770678307171,0.0844252403193142,0.17155699482486572,0.4952344370660958,0.2191004628798476,0.1508158175809378,0.13426181871765924,-0.002945756562698021,-0.014323395049130494,-0.06639057726162359,0.03729517610720648,11.18951241950322,11.18951241950322,8.621895124195031,0.5096596136154554,0.1630672026570323,0.083395357924386,-0.10848037146415142,-0.009911535817579023,1087,56,0,56,1.0,1.7384076990376203,1.7384076990376203,1.5436982520699172,81.28035003497675,41.42621787734055,-7.209988898339915,48.63620677568045,0.8708956122915639,122.7065679123173,0.04064017501748837,0.020713108938670274,0.06135328395615865,0.8709677419354839,243,142,101,36,0,140,97.23293650793651,69.24827570090729,4,32,4.0,4.0,96,0,246,31,0,31,246,0,4214.858779223524,421.4858779223524,9157.895405975358,915.7895405975357,453.285159331135,45.3285159331135,5307.4433605319155,530.7443360531915,5435.0,543.5,0,0,0.048616468253968266,-0.0022,0.048616468253968266,-0.0022,0.0,0.0,0.048616468253968266,0.002,0.06044727832260302,0.17662290186039448,-0.15269284607158165,0.001562106647078269,0.0003250020715688223,-0.01497816890853081,-0.0006460880465432882,-0.0004650000000000003,-9.858804654328822e-05,-8.250000000000005e-05,0.0,0.0,0.0,0.0,0.0,0.0003250020715688223,0.008735002071568687,0.048616468253968266,0.0003250020715688223,0.0,0.0,0.04064017501748916,0.020713108938670236,-0.01441997779667983,0.03242413785045367,-0.0036049944491699576,0.024318103387840226,0.001562106647078269,0.001562106647078269,0.4718991533892422,0.16705895387329564,0.1260179313365635,0.0,0.0,0.0038380272650060943,0.0,0.0,0.008409999999999865,0.03462413785045366,-0.0022,0.0155,0.123,0.0010590998507622215,-0.00034104049619701173,0.0014001403469592333,0.16172982938328964,0.13247399611605537,0.029255833267234264,0.9484797716140747,0.1666860580444336,8314,7835,0,0.17228979302777184,0.49085186906158923,21,8,16149,8314,7835,0.08632614973550184,cuda,76.66162109375
166,207,200,True,1046,1046,989,822,167,12,155,0.16885743174924167,0.012133468149646108,0.15672396359959556,0.5218978102189781,1.7834549878345498,0.775080827647172,13.449175403065926,25.515694671394325,0.4419384688102883,0.4783597170508981,0.18715224950970888,0.0344802228509564,0.19641304569241846,0.4743384299595861,0.2128484327167073,0.07205048305834497,0.14786018169238038,0.004021287091311998,-0.02569618320699843,-0.037570260207388566,0.04855286400003808,11.336703741152679,11.336703741152679,8.580384226491406,0.5207280080889788,0.17149348286004687,0.10847516193332263,-0.08897428282758595,-0.04371715210790842,989,57,0,57,1.0,1.895793499043977,1.895793499043977,1.6420626895854398,109.35611788989812,59.19888513381293,-5.441553594125765,64.6404387279387,0.9223544677622906,168.55500302371104,0.05467805894494906,0.029599442566906466,0.08427750151185552,0.8525179856115108,237,164,73,41,0,162,132.26190476190473,93.88725163725162,7,34,7.0,7.0,71,0,155,12,0,12,155,0,4650.841392710701,465.0841392710701,9974.147114583006,997.4147114583005,430.08325039910034,43.008325039910034,5857.406017936723,585.7406017936723,4945.0,494.5,0,0,0.06613095238095236,-0.0038499999999999997,0.06613095238095236,-0.0038499999999999997,0.0,0.0,0.06613095238095236,0.0035,0.06933038633379449,0.17266832810429597,-0.12133628081286361,0.0028309826266109494,0.000526485200935631,-0.013209942578712308,-0.000265657372706803,-0.00018000000000000004,-5.065737270680303e-05,-3.500000000000002e-05,0.0,0.0,0.0,0.0,0.0,0.000526485200935631,0.008866485200935496,0.06613095238095236,0.000526485200935631,0.0,0.0,0.054678058944950106,0.029599442566906463,-0.01088310718825153,0.04309362581862581,-0.0027207767970628825,0.03232021936396935,0.0028309826266109494,0.0028309826266109494,0.48861309052660873,0.15499165132728393,0.06536997540526766,0.0,0.0,0.01777614460703857,0.0,0.0,0.008339999999999867,0.0469436258186258,-0.0038499999999999997,0.006,0.0775,0.0010590998507622215,-0.00034104049619701173,0.0014001403469592333,0.16172982938328964,0.13247399611605537,0.029255833267234264,0.9484797716140747,0.1666860580444336,8314,7835,0,0.17228979302777184,0.49085186906158923,21,8,16149,8314,7835,0.08632614973550184,cuda,76.66162109375
167,208,200,True,988,988,929,699,230,15,215,0.24757804090419805,0.016146393972012917,0.23143164693218515,0.48068669527896996,1.8855507868383405,0.8012849004227716,13.048441582653826,26.472329782314056,0.4885914102725892,0.508499007666742,0.20434725344266333,0.05003998368626756,0.18186752477631463,0.5036954157512757,0.23111739339512136,0.07805107875150204,0.15296709059187355,0.00480359191546631,-0.026770139952458027,-0.028011095065234477,0.028900434184441076,12.52529601722282,12.52529601722282,9.948331539289558,0.49192680301399355,0.2007339579673824,0.13851337660689025,-0.11342879298534835,-0.05869234068177663,929,59,0,59,1.0,2.0151821862348176,2.0151821862348176,1.7782561894510227,123.2527349720108,74.90809005179386,-5.271698909245041,80.17978896103897,0.9383076990157558,198.16082502380465,0.0616263674860054,0.03745404502589693,0.09908041251190232,0.8063380281690141,229,176,53,55,0,175,150.14285714285714,112.40638528138528,5,50,5.0,5.0,51,0,215,15,0,15,215,0,4964.287650292364,496.4287650292364,10552.324198047167,1055.2324198047168,410.18735172933134,41.018735172933134,6252.25631893537,625.225631893537,4645.0,464.5,0,0,0.07507142857142855,-0.00275,0.07507142857142855,-0.00275,0.0,0.0,0.07507142857142855,0.0025,0.07513708482249908,0.14631381673445645,-0.1153761320951448,0.0023254418416415227,0.0007061231443125927,-0.012419105296209276,-0.0003660702704854951,-0.0002250000000000001,-0.00010107027048549516,-4.0000000000000024e-05,0.0,0.0,0.0,0.0,0.0,0.0007061231443125927,0.007846123144312484,0.07507142857142855,0.0007061231443125927,0.0,0.0,0.061626367486006264,0.03745404502589693,-0.01054339781849008,0.05345319264069264,-0.00263584945462252,0.040089894480519486,0.0023254418416415227,0.0023254418416415227,0.4853866173062026,0.1605597196643996,0.0677430162928811,0.0,0.0,0.01326115175690078,0.0,0.0,0.007139999999999892,0.056203192640692644,-0.00275,0.0075,0.1075,0.0010590998507622215,-0.00034104049619701173,0.0014001403469592333,0.16172982938328964,0.13247399611605537,0.029255833267234264,0.9484797716140747,0.1666860580444336,8314,7835,0,0.17228979302777184,0.49085186906158923,21,8,16149,8314,7835,0.08632614973550184,cuda,76.66162109375
168,209,200,True,879,879,811,519,292,11,281,0.3600493218249075,0.013563501849568433,0.34648581997533906,0.5838150289017341,1.69364161849711,0.7774040181627623,13.649449488101437,24.195524422878933,0.5658641294268927,0.4670054397773651,0.15036998139353386,0.0466048330362879,0.1539506057388578,0.4565390445478619,0.17264135746439643,0.07107288407983693,0.1289861873976585,0.010466395229503156,-0.022271376070862575,-0.02446805104354903,0.024964418341199307,7.789149198520345,7.789149198520345,5.821208384710235,0.36744759556103573,0.1022520741069006,0.16483112358691968,-0.1381780007175621,-0.11343553516696409,811,68,0,68,1.0,2.2252559726962455,2.2252559726962455,1.9445129469790383,134.2881558330763,90.63677247350583,-3.940635535152125,94.577408008658,0.96000087503362,224.92492830658213,0.06714407791653815,0.04531838623675291,0.11246246415329107,0.8398576512455516,236,181,55,45,0,177,164.83333333333334,131.60321067821067,5,40,5.0,5.0,54,0,281,11,0,11,281,0,5464.717365439543,546.4717365439543,11604.25742262973,1160.425742262973,382.2031088576056,38.22031088576056,6879.869112410499,687.9869112410499,4055.0,405.5,0,0,0.08241666666666665,-0.00275,0.08241666666666665,-0.00275,0.0,0.0,0.08241666666666665,0.0025,0.0763490332373506,0.08788154163746242,-0.04356050533921228,0.003006666606473072,0.0007537229160237901,-0.010679399399553898,-0.00022890376291722457,-0.00016500000000000003,-3.640376291722454e-05,-2.750000000000001e-05,0.0,0.0,0.0,0.0,0.0,0.0007537229160237901,0.006053722916023712,0.08241666666666665,0.0007537229160237901,0.0,0.0,0.06714407791653786,0.045318386236752946,-0.00788127107030425,0.06305160533910532,-0.0019703177675760627,0.047288704004328996,0.003006666606473072,0.003006666606473072,0.4548587727827279,0.111146891395201,0.05398783806651865,0.0,0.0,0.015605118314313247,0.0,0.0,0.0052999999999999315,0.06580160533910534,-0.00275,0.0055,0.1405,0.0010590998507622215,-0.00034104049619701173,0.0014001403469592333,0.16172982938328964,0.13247399611605537,0.029255833267234264,0.9484797716140747,0.1666860580444336,8314,7835,0,0.17228979302777184,0.49085186906158923,21,8,16149,8314,7835,0.08632614973550184,cuda,76.66162109375
169,210,200,True,1011,1011,936,645,291,7,284,0.3108974358974359,0.007478632478632479,0.3034188034188034,0.4945736434108527,1.875968992248062,0.7949881123248921,13.08328857126162,28.222984223495157,0.48144631463806,0.5263445520585821,0.15694682186599387,0.040263450635207254,0.20721760285628396,0.5179913768472597,0.19832761849514965,0.07021041352648374,0.16002633865027466,0.008353175211322394,-0.04138079662915578,-0.02994696289127649,0.047191264206009303,12.478632478632479,12.478632478632479,10.10576923076923,0.4636752136752137,0.12043322521170385,0.07120669253966438,-0.11637695042740348,-0.041285018646742264,936,75,0,75,1.0,1.9188921859545005,1.9188921859545005,1.6976495726495726,118.34425773792591,74.08215271602822,-4.752027686902198,78.8341804029304,0.9431481844254133,192.42641045395413,0.059172128868962955,0.03704107635801411,0.09621320522697707,0.851063829787234,240,175,65,42,0,168,144.34523809523807,108.4122405372405,3,39,3.0,3.0,63,0,284,7,0,7,284,0,4759.9025760334935,475.99025760334933,10186.36291003154,1018.6362910031539,386.119342222351,38.6119342222351,5996.644788017196,599.6644788017196,4680.0,468.0,0,0,0.07217261904761904,-0.0016500000000000002,0.07217261904761904,-0.0016500000000000002,0.0,0.0,0.07217261904761904,0.0015,0.07162665110250599,0.13810723240077447,-0.10985306106838905,0.0020964547356165006,0.0006501681543385661,-0.01129210447135836,-0.0001456556257080284,-0.00010499999999999999,-2.315562570802839e-05,-1.7500000000000002e-05,0.0,0.0,0.0,0.0,0.0,0.0006501681543385661,0.007170168154338471,0.07217261904761904,0.0006501681543385661,0.0,0.0,0.05917212886896366,0.037041076358014124,-0.009504055373804396,0.052556120268620256,-0.002376013843451099,0.0394170902014652,0.0020964547356165006,0.0020964547356165006,0.4508369298730225,0.1154401435473186,0.05517249190034424,0.0,0.0,0.01654916119463212,0.0,0.0,0.006519999999999905,0.054206120268620255,-0.0016500000000000002,0.0035,0.142,-0.0021881604140313966,-0.0005335966008715332,-0.0016545638131598632,0.1597096470867594,0.1295308792963624,0.030178767790397007,0.9502508044242859,0.14736759662628174,8143,7603,0,0.1766632840037346,0.46202759941418964,22,8,15746,8143,7603,0.08621143916630056,cuda,74.1513671875
170,211,200,True,1131,1131,1046,758,288,28,260,0.27533460803059273,0.02676864244741874,0.248565965583174,0.5026385224274407,1.8443271767810026,0.770988188959206,13.855746479336378,30.33349377844768,0.4745838868222664,0.501710787808675,0.2262048273049983,0.07067240515323282,0.1889341065222717,0.4988733184447704,0.23820469895559596,0.13840222330336976,0.13622156395712046,0.0028374693639045545,-0.011999871650597654,-0.06772981815013694,0.05271254256515123,10.988527724665392,10.988527724665392,8.429254302103251,0.511472275334608,0.13695854705991561,0.01148298468968719,-0.15166773740911052,-0.0910796777628445,1046,85,0,85,1.0,1.762157382847038,1.762157382847038,1.560229445506692,85.96095891769093,45.75861161083508,-6.2142374151389745,51.97284902597402,0.893202464752588,131.71957052852602,0.042980479458845464,0.02287930580541754,0.065859785264263,0.8613138686131386,236,155,81,38,0,154,103.37619047619046,73.69713203463205,4,34,4.0,4.0,79,0,260,28,0,28,260,0,4312.240507019556,431.22405070195566,9346.691081472896,934.6691081472896,410.85467590150284,41.08546759015029,5432.8441464356065,543.2844146435607,5230.0,523.0,0,0,0.0516880952380952,-0.0022,0.0516880952380952,-0.0022,0.0,0.0,0.0516880952380952,0.002,0.06600779222810475,0.16558044956604637,-0.16264791724316843,0.001671865127770995,0.0002900163418463025,-0.013081257691645901,-0.0006765292740936253,-0.0004200000000000003,-0.00017652927409362524,-8.000000000000005e-05,0.0,0.0,0.0,0.0,0.0,0.0002900163418463025,0.00815001634184618,0.0516880952380952,0.0002900163418463025,0.0,0.0,0.04298047945884609,0.022879305805417506,-0.012428474830277949,0.03464856601731604,-0.0031071187075694872,0.02598642451298701,0.001671865127770995,0.001671865127770995,0.4522763273811239,0.16592215092132112,0.09863932040185053,0.0,0.0,0.006371222729749074,0.0,0.0,0.007859999999999878,0.03684856601731603,-0.0022,0.014,0.13,-0.0021881604140313966,-0.0005335966008715332,-0.0016545638131598632,0.1597096470867594,0.1295308792963624,0.030178767790397007,0.9502508044242859,0.14736759662628174,8143,7603,0,0.1766632840037346,0.46202759941418964,22,8,15746,8143,7603,0.08621143916630056,cuda,74.1513671875
171,212,200,True,924,924,857,634,223,5,218,0.2602100350058343,0.005834305717619603,0.2543757292882147,0.5362776025236593,1.7917981072555205,0.7949661132571073,13.214722746178179,27.75464314478523,0.5075806862120142,0.5011179297692392,0.12640173752624717,0.026581557908268758,0.18828716387602057,0.49384512157658295,0.16929557687993682,0.049395392982330324,0.1530134986839272,0.007272808192656244,-0.04289383935368965,-0.022813835074061567,0.03527366519209338,11.369894982497083,11.369894982497083,8.897316219369895,0.47841306884480744,0.18588458965857896,0.08919141932900446,-0.07907247650849539,-0.009552536576432857,857,67,0,67,1.0,2.1525974025974026,2.1525974025974026,1.882147024504084,135.87964470385288,89.04900848281179,-4.820840418287124,93.8698489010989,0.9511520240507617,224.92865318666466,0.06793982235192644,0.044524504241405895,0.11246432659333233,0.7985865724381626,226,185,41,57,0,184,166.27142857142857,133.95979853479852,9,48,9.0,8.0,40,0,218,5,0,5,218,0,5243.693502351977,524.3693502351978,11085.999155783198,1108.5999155783197,402.6454600521116,40.26454600521116,6604.303993649554,660.4303993649554,4285.0,428.5,0,0,0.08313571428571429,-0.0049499999999999995,0.08313571428571429,-0.0049499999999999995,0.0,0.0,0.08313571428571429,0.0045,0.07880447494104546,0.12711275959316146,-0.08213553155015156,0.0022187219226277445,0.0007662546167749221,-0.011702041985560536,-0.00010413781429549674,-7.5e-05,-1.6637814295496737e-05,-1.2500000000000002e-05,0.0,0.0,0.0,0.0,0.0,0.0007662546167749221,0.007156254616774831,0.08313571428571429,0.0007662546167749221,0.0,0.0,0.06793982235192655,0.04452450424140584,-0.009641680836574247,0.06257989926739926,-0.0024104202091435618,0.046934924450549455,0.0022187219226277445,0.0022187219226277445,0.4661171536327309,0.1048727783255141,0.05045978750614761,0.0,0.0,0.018568591130749993,0.0,0.0,0.006389999999999908,0.06697989926739926,-0.0044,0.0025,0.109,-0.0021881604140313966,-0.0005335966008715332,-0.0016545638131598632,0.1597096470867594,0.1295308792963624,0.030178767790397007,0.9502508044242859,0.14736759662628174,8143,7603,0,0.1766632840037346,0.46202759941418964,22,8,15746,8143,7603,0.08621143916630056,cuda,74.1513671875
172,213,200,True,994,994,929,662,267,14,253,0.2874058127018299,0.015069967707212056,0.2723358449946179,0.5438066465256798,1.744712990936556,0.7798370703649665,13.733255144332471,26.976153049404168,0.5219047194849025,0.47397758969277415,0.1672111362770335,0.02568818114098623,0.17453962027340048,0.4652394892090757,0.18356806253226546,0.057519673829682996,0.14509743058159272,0.008738100483698441,-0.01635692625523197,-0.03183149268869677,0.029442189691807757,9.981700753498385,9.981700753498385,7.659849300322928,0.4058127018299246,0.15884516665421008,0.1373774749579192,-0.016854958068385065,-0.026532314846841015,929,65,0,65,1.0,1.9748490945674044,1.9748490945674044,1.7384284176533908,109.65679263666306,59.859041327294364,-5.314722408969352,65.1737637362637,0.9246015526845192,169.51583396395742,0.05482839631833153,0.029929520663647183,0.08475791698197871,0.8391608391608392,240,168,72,46,0,164,133.50952380952378,92.39835164835165,7,39,7.0,5.0,70,0,253,14,0,14,253,0,4977.945668600221,497.79456686002214,10620.175046752702,1062.0175046752702,410.82548242421524,41.082548242421524,6270.024296148336,627.0024296148337,4645.0,464.5,0,0,0.06675476190476189,-0.0038499999999999997,0.06675476190476189,-0.0038499999999999997,0.0,0.0,0.06675476190476189,0.0035,0.07061826282968356,0.1290299528136606,-0.07360989948026954,0.0023248475882860385,0.00036293397260979854,-0.012563669955685704,-0.00035017527921758047,-0.00021000000000000006,-0.0001026752792175805,-3.750000000000002e-05,0.0,0.0,0.0,0.0,0.0,0.00036293397260979854,0.0071229339726096965,0.06675476190476189,0.00036293397260979854,0.0,0.0,0.054828396318332306,0.029929520663647204,-0.010629444817938705,0.04344917582417582,-0.002657361204484676,0.03258688186813185,0.0023248475882860385,0.0023248475882860385,0.4628153828361429,0.13819130712524305,0.051401924807777145,0.0,0.0,0.01187811355113698,0.0,0.0,0.006759999999999901,0.04619917582417582,-0.00275,0.007,0.1265,-0.0021881604140313966,-0.0005335966008715332,-0.0016545638131598632,0.1597096470867594,0.1295308792963624,0.030178767790397007,0.9502508044242859,0.14736759662628174,8143,7603,0,0.1766632840037346,0.46202759941418964,22,8,15746,8143,7603,0.08621143916630056,cuda,74.1513671875
173,214,200,True,1100,1100,1046,830,216,16,200,0.20650095602294455,0.015296367112810707,0.19120458891013384,0.4746987951807229,1.9373493975903615,0.7864965572414628,13.412727531754827,24.043059254626193,0.4852272308667377,0.4951715292162206,0.22076540531433492,0.028853823140218674,0.18026145229183407,0.4934548987143011,0.24260778539668185,0.08487333480187366,0.1421202461336212,0.0017166305019195027,-0.02184238008234693,-0.05601951166165499,0.03814120615821287,10.979923518164435,10.979923518164435,8.199808795411089,0.5573613766730402,0.17838235815858067,0.09906251739739984,-0.07539814948904087,-0.06745199667614915,1046,54,0,54,1.0,1.7918181818181818,1.7918181818181818,1.5726577437858509,96.08175449856637,43.01539711439316,-6.223419737214496,49.238816851607616,0.8877899608818017,139.09715161295952,0.04804087724928319,0.02150769855719658,0.06954857580647976,0.8480565371024735,240,156,84,43,0,152,115.66666666666667,73.73383838383842,8,35,8.0,7.347347801540794,83,0,200,16,0,16,200,0,4411.053322652812,441.1053322652812,9548.421350964047,954.8421350964047,453.7835995320455,45.37835995320455,5556.563601979178,555.6563601979178,5230.0,523.0,0,0,0.05783333333333332,-0.004399999999999999,0.05783333333333332,-0.004399999999999999,0.0,0.0,0.05783333333333332,0.004,0.0648996665558807,0.17693300848090796,-0.14780772709917941,0.002631739323833421,0.00041105291308265893,-0.014645040082489895,-0.0003707498790430862,-0.00024000000000000011,-8.824987904308617e-05,-4.250000000000002e-05,0.0,0.0,0.0,0.0,0.0,0.00041105291308265893,0.008871052913082524,0.05783333333333332,0.00041105291308265893,0.0,0.0,0.048040877249284145,0.021507698557196562,-0.012446839474428992,0.032825877901071776,-0.003111709868607248,0.024619408425803808,0.002631739323833421,0.002631739323833421,0.47399515629581623,0.17415656999300802,0.05944640128557936,0.0,0.0,0.008080047485698778,0.0,0.0,0.008459999999999863,0.036866919191919215,-0.004041041290847437,0.008,0.1,-0.0021881604140313966,-0.0005335966008715332,-0.0016545638131598632,0.1597096470867594,0.1295308792963624,0.030178767790397007,0.9502508044242859,0.14736759662628174,8143,7603,0,0.1766632840037346,0.46202759941418964,22,8,15746,8143,7603,0.08621143916630056,cuda,74.1513671875
174,215,200,True,1005,1005,927,662,265,19,246,0.2858683926645092,0.020496224379719527,0.26537216828478966,0.5422960725075529,1.809667673716012,0.7887461000428819,13.282824264192149,29.588834307345017,0.5493894109723879,0.4757191668914524,0.23028139473752224,0.079202673279081,0.14861071739188222,0.4706277655735837,0.24795753232504486,0.12244792132243779,0.13161694956239978,0.005091401317868671,-0.017676137587522622,-0.04324524804335679,0.016993767829482448,10.09277238403452,10.09277238403452,7.792880258899676,0.418554476806904,0.0951929345326681,0.09802483776547549,-0.17152864929603356,-0.09480739965857159,927,78,0,78,1.0,1.954228855721393,1.954228855721393,1.6903991370010787,92.18015215577687,50.27134515208424,-6.017289130300049,56.28863428238426,0.9034234820589299,142.4514973078611,0.04609007607788843,0.025135672576042118,0.07122574865393055,0.8628158844765343,239,158,81,38,0,154,111.6190476190476,78.35151237651236,3,35,3.0,3.0,79,0,246,19,0,19,246,0,4924.873121738232,492.48731217382317,10594.3199051013,1059.43199051013,428.52046940233305,42.85204694023331,6198.818372622199,619.8818372622198,4635.0,463.5,0,0,0.0558095238095238,-0.0016500000000000002,0.0558095238095238,-0.0016500000000000002,0.0,0.0,0.0558095238095238,0.0015,0.0668395807818156,0.13000948455261332,-0.10574881796320659,0.0017229911290359125,0.0004022851513468194,-0.013225301456380305,-0.00042643039528524073,-0.00028500000000000015,-9.143039528524075e-05,-5.000000000000003e-05,0.0,0.0,0.0,0.0,0.0,0.0004022851513468194,0.007212285151346717,0.0558095238095238,0.0004022851513468194,0.0,0.0,0.04609007607788922,0.025135672576042115,-0.012034578260600098,0.037525756188256196,-0.0030086445651500244,0.02814431714119213,0.0017229911290359125,0.0017229911290359125,0.4486540016278308,0.15158018599285925,0.09686196818121501,0.0,0.0,0.005177405811094831,0.0,0.0,0.0068099999999998995,0.0391757561882562,-0.0016500000000000002,0.0095,0.123,-0.0021881604140313966,-0.0005335966008715332,-0.0016545638131598632,0.1597096470867594,0.1295308792963624,0.030178767790397007,0.9502508044242859,0.14736759662628174,8143,7603,0,0.1766632840037346,0.46202759941418964,22,8,15746,8143,7603,0.08621143916630056,cuda,74.1513671875
175,216,200,True,1003,1003,938,784,154,20,134,0.16417910447761194,0.021321961620469083,0.14285714285714285,0.5331632653061225,1.8354591836734695,0.7734178267039207,13.510329782962799,25.18488924767898,0.4742611143644391,0.48569781492863384,0.23178717446019304,0.07563224267119503,0.17269493333581948,0.4819701143293356,0.2605827311469641,0.1003156596316887,0.14139670491033252,0.0037277005992982226,-0.028795556686771084,-0.02468341696049367,0.03129822842548696,12.074626865671641,12.074626865671641,9.349680170575693,0.523454157782516,0.19422660761462185,0.09666119219560465,-0.12428259890177529,-0.10694212647359816,938,65,0,65,1.0,1.9611166500498505,1.9611166500498505,1.6908315565031984,121.0789288053484,60.37665067116051,-5.368459043686007,65.74510971484654,0.9245086537294351,181.45557947650892,0.0605394644026742,0.030188325335580257,0.09072778973825446,0.7692307692307693,220,173,47,66,0,169,146.94285714285715,99.76014628646203,12,54,12.0,11.0,45,0,134,20,0,20,134,0,4801.847872264062,480.18478722640623,10359.539541585196,1035.9539541585195,458.4972755364688,45.84972755364688,6049.128418051287,604.9128418051287,4690.0,469.0,0,0,0.07347142857142858,-0.006599999999999999,0.07347142857142858,-0.006599999999999999,0.0,0.0,0.07347142857142858,0.006,0.07207261226119746,0.16162317789010322,-0.1266630608661024,0.003234723306195325,0.000771607727656934,-0.013520753198815976,-0.00043342647089055387,-0.00030000000000000014,-7.092647089055386e-05,-6.250000000000001e-05,0.0,0.0,0.0,0.0,0.0,0.000771607727656934,0.008811607727656807,0.07347142857142858,0.000771607727656934,0.0,0.0,0.06053946440267531,0.030188325335580277,-0.010736918087372014,0.04383007314323102,-0.0026842295218430035,0.03287255485742327,0.003234723306195325,0.003234723306195325,0.4919789246500022,0.18903435036784766,0.08171236504375735,0.0,0.0,0.013198782680716878,0.0,0.0,0.008039999999999874,0.04988007314323101,-0.006049999999999999,0.01,0.067,-0.0021881604140313966,-0.0005335966008715332,-0.0016545638131598632,0.1597096470867594,0.1295308792963624,0.030178767790397007,0.9502508044242859,0.14736759662628174,8143,7603,0,0.1766632840037346,0.46202759941418964,22,8,15746,8143,7603,0.08621143916630056,cuda,74.1513671875
176,217,200,True,975,975,924,753,171,24,147,0.18506493506493507,0.025974025974025976,0.1590909090909091,0.5776892430278885,1.750332005312085,0.7654363061406539,13.734594511004241,24.494575317479068,0.5357249503079367,0.45239634738658685,0.23916055710310954,0.0394680302238876,0.14783127312047548,0.44660570253809767,0.2637070055029406,0.06401688673386319,0.1270695004023483,0.005790644848489179,-0.024546448399831028,-0.02454885650997559,0.02076177271812718,10.41125541125541,10.41125541125541,7.893939393939394,0.41774891774891776,0.16130294590811647,0.14496560272818107,-0.14178898282305347,-0.07058971552703738,924,51,0,51,1.0,2.001025641025641,2.001025641025641,1.7272727272727273,123.06899188851709,74.71933824185994,-6.646137948616298,81.3654761904762,0.9244856714238552,197.78833013037703,0.06153449594425855,0.03735966912092997,0.09889416506518851,0.8280701754385965,236,171,65,49,0,165,149.6261904761905,111.78730158730157,3,46,3.0,3.0,64,0,147,24,0,24,147,0,5009.918399756977,500.9918399756977,10816.976682215176,1081.6976682215177,475.88348847910333,47.58834884791033,6309.386106450926,630.9386106450926,4620.0,462.0,0,0,0.07481309523809523,-0.0016500000000000002,0.07481309523809523,-0.0016500000000000002,0.0,0.0,0.07481309523809523,0.0015,0.0708159359256771,0.14587944178452952,-0.10661019449061215,0.0020465728247412323,0.0006500987689118027,-0.014669123189779218,-0.0005369577395203008,-0.0003600000000000002,-0.00010945773952030078,-6.750000000000003e-05,0.0,0.0,0.0,0.0,0.0,0.0006500987689118027,0.008420098768911678,0.07481309523809523,0.0006500987689118027,0.0,0.0,0.06153449594425962,0.037359669120929966,-0.013292275897232596,0.054243650793650795,-0.003323068974308149,0.0406827380952381,0.0020465728247412323,0.0020465728247412323,0.4675773869835807,0.170777744967486,0.06144130996848175,0.0,0.0,0.016461321749120388,0.0,0.0,0.0077699999999998786,0.055893650793650794,-0.0016500000000000002,0.012,0.0735,-0.0021881604140313966,-0.0005335966008715332,-0.0016545638131598632,0.1597096470867594,0.1295308792963624,0.030178767790397007,0.9502508044242859,0.14736759662628174,8143,7603,0,0.1766632840037346,0.46202759941418964,22,8,15746,8143,7603,0.08621143916630056,cuda,74.1513671875
177,218,200,True,1002,1002,928,622,306,10,296,0.3297413793103448,0.010775862068965518,0.31896551724137934,0.5080385852090032,1.8295819935691318,0.8023363958888499,13.059689112414885,28.60475704842921,0.4594690182808786,0.5121171548243888,0.1903306677745853,0.02352863265249363,0.20307645155865567,0.5068616606175325,0.2245952942905726,0.055261997974678345,0.14875543894923002,0.005255494206856337,-0.0342646265159873,-0.031733365322184716,0.05432101260942565,10.917025862068966,10.917025862068966,8.548491379310345,0.47521551724137934,0.2080624959852177,0.11777350741911467,-0.12550428619749573,0.03106468203220986,928,74,0,74,1.0,1.9720558882235528,1.9720558882235528,1.7219827586206897,118.84076582576479,64.57029489775364,-3.9570893363063644,68.52738423405997,0.9454077660857272,183.41106072351843,0.059420382912882395,0.03228514744887682,0.09170553036175921,0.7667844522968198,217,166,51,66,0,163,145.05952380952382,96.02424242424239,5,61,5.0,4.231269798935564,51,0,296,10,0,10,296,0,4878.530055056991,487.8530055056991,10419.820253187063,1041.9820253187063,368.4654985312389,36.84654985312389,6143.921872018745,614.3921872018744,4640.0,464.0,0,0,0.07252976190476192,-0.00275,0.07252976190476192,-0.00275,0.0,0.0,0.07252976190476192,0.0025,0.07022970817854599,0.1309839894586239,-0.10752903177627335,0.002951925112431495,0.0006628669453643068,-0.010392353779232486,-0.00024543499017733866,-0.00015000000000000001,-7.043499017733865e-05,-2.5000000000000008e-05,0.0,0.0,0.0,0.0,0.0,0.0006628669453643068,0.0069828669453642165,0.07252976190476192,0.0006628669453643068,0.0,0.0,0.0594203829128831,0.032285147448876804,-0.007914178672612729,0.045684922822706635,-0.001978544668153182,0.03426369211702998,0.002951925112431495,0.002951925112431495,0.4516905535395152,0.12891227256799148,0.04695041103109241,0.0,0.0,0.015402949224618474,0.0,0.0,0.00631999999999991,0.04801212121212117,-0.002327198389414561,0.005,0.148,0.004461433549618555,0.0026939227452708616,0.0017675108043476938,0.1505141164299049,0.12482547279861238,0.02568864363129251,0.9499169588088989,0.13875740766525269,8337,7803,0,0.16182324720753563,0.4130077712237835,23,8,16140,8337,7803,0.08083383186252124,cuda,76.59521484375
178,219,200,True,970,970,881,562,319,12,307,0.3620885357548241,0.01362088535754824,0.34846765039727584,0.4875444839857651,1.893238434163701,0.790444321956923,13.739937658411753,31.8343070232147,0.47341081993901907,0.5375366991790164,0.15732081597041192,0.03582935186444361,0.2144681327707827,0.5336439989215539,0.18912253090349487,0.08115613219072194,0.16293546718833604,0.003892700257462467,-0.03180171493308295,-0.045326780326278335,0.05153266558244665,10.969353007945516,10.969353007945516,8.611804767309875,0.49375709421112374,0.17629804044124564,0.04366062815224034,-0.09392461409899147,0.01642833573630283,881,89,0,89,1.0,2.02680412371134,2.02680412371134,1.775255391600454,114.7112774629338,71.55533895866357,-4.1430903532526,75.69842931191614,0.9481085734511633,186.26661642159735,0.057355638731466894,0.03577766947933179,0.09313330821079867,0.7864768683274022,221,175,46,60,0,171,140.18730158730153,107.53123908255485,6,54,6.0,6.0,44,0,307,12,0,12,307,0,5038.9163717892425,503.89163717892427,10695.518699461478,1069.5518699461477,352.94172560248177,35.29417256024818,6345.346060207985,634.5346060207985,4405.0,440.5,0,0,0.07009365079365078,-0.0033,0.07009365079365078,-0.0033,0.0,0.0,0.07009365079365078,0.003,0.07348905905894643,0.12315056429332613,-0.09964609687649303,0.0019221575142153251,0.0006635904827311391,-0.009674795680324682,-0.00029134567261558593,-0.00018000000000000004,-7.884567261558589e-05,-3.250000000000002e-05,0.0,0.0,0.0,0.0,0.0,0.0006635904827311391,0.0064035904827310615,0.07009365079365078,0.0006635904827311391,0.0,0.0,0.05735563873146742,0.03577766947933177,-0.0082861807065052,0.05046561954127743,-0.0020715451766263,0.03784921465595807,0.0019221575142153251,0.0019221575142153251,0.45298899306165596,0.11680335269773447,0.05859666157428095,0.0,0.0,0.014964156326746254,0.0,0.0,0.005739999999999922,0.053765619541277426,-0.0033,0.006,0.1535,0.004461433549618555,0.0026939227452708616,0.0017675108043476938,0.1505141164299049,0.12482547279861238,0.02568864363129251,0.9499169588088989,0.13875740766525269,8337,7803,0,0.16182324720753563,0.4130077712237835,23,8,16140,8337,7803,0.08083383186252124,cuda,76.59521484375
179,220,200,True,1092,1092,1026,721,305,37,268,0.297270955165692,0.036062378167641324,0.26120857699805067,0.5492371705963939,1.782246879334258,0.8084354298124697,12.933053834097725,32.379496404764225,0.47817879676279235,0.5506175540687307,0.23383413520273488,0.049747953902485674,0.19883403270124314,0.5431822056619866,0.23425262900335447,0.1045410983621604,0.15085919832761674,0.007435348406744091,-0.0004184938006195904,-0.054793144459674724,0.0479748343736264,13.925925925925926,13.925925925925926,11.421052631578947,0.5253411306042886,0.1074623372783774,0.01854056599156786,-0.14231237032501462,-0.04139040025809507,1026,66,0,66,1.0,1.8067765567765568,1.8067765567765568,1.5750487329434697,96.53852984141514,53.20176222642327,-5.370262623726637,58.57202485014984,0.9160139113584159,149.74029206783842,0.04826926492070757,0.026600881113211634,0.07487014603391921,0.8469750889679716,238,156,82,43,0,153,116.79047619047618,81.39603313353312,3,40,3.0,3.0,81,0,268,37,0,37,268,0,4459.024217777455,445.90242177774553,9577.235684641259,957.7235684641258,402.20029815680334,40.220029815680334,5616.012894997584,561.6012894997584,5130.0,513.0,0,0,0.05839523809523809,-0.0016500000000000002,0.05839523809523809,-0.0016500000000000002,0.0,0.0,0.05839523809523809,0.0015,0.06552576184139187,0.17186158234985627,-0.15348537295030135,0.0027312125228223945,0.00018537222258551615,-0.01253697865619874,-0.0008011187942297608,-0.0005550000000000004,-0.00014111879422976087,-0.00010500000000000009,0.0,0.0,0.0,0.0,0.0,0.00018537222258551615,0.0077653722225853984,0.05839523809523809,0.00018537222258551615,0.0,0.0,0.048269264920708176,0.02660088111321161,-0.010740525247453274,0.03904801656676657,-0.0026851313118633185,0.02928601242507492,0.0027312125228223945,0.0027312125228223945,0.4749309488461614,0.16398529844025705,0.09363311192914957,0.0,0.0,0.0069160126828497395,0.0,0.0,0.007579999999999883,0.040698016566766575,-0.0016500000000000002,0.0185,0.134,0.004461433549618555,0.0026939227452708616,0.0017675108043476938,0.1505141164299049,0.12482547279861238,0.02568864363129251,0.9499169588088989,0.13875740766525269,8337,7803,0,0.16182324720753563,0.4130077712237835,23,8,16140,8337,7803,0.08083383186252124,cuda,76.59521484375
180,221,200,True,1009,1009,950,668,282,25,257,0.2968421052631579,0.02631578947368421,0.27052631578947367,0.5449101796407185,1.781437125748503,0.7842144863958844,13.565852924735246,29.87279188998802,0.5007317236160304,0.5042261273382667,0.1607546920324871,0.038679141282176456,0.19824897917405798,0.49572949171690883,0.18808059465602978,0.07221907232978665,0.1479983949172171,0.008496635621357829,-0.027325902623542675,-0.033539931047610196,0.05025058425684087,10.9,10.9,8.502105263157894,0.4936842105263158,0.11826421860946074,0.04184788430134794,-0.06450391641798014,-0.040172403749884344,950,59,0,59,1.0,1.9435084241823588,1.9435084241823588,1.6863157894736842,118.40587860451186,66.52090704474742,-5.789807240966858,72.3107142857143,0.9258672397086503,184.92678564925927,0.059202939302255925,0.03326045352237371,0.09246339282462963,0.8411552346570397,233,173,60,44,0,169,144.25,100.81428571428569,4,40,4.0,4.0,56,0,257,25,0,25,257,0,4809.028010220898,480.9028010220898,10301.816798366905,1030.1816798366904,409.5848777207257,40.958487772072566,6055.452687412392,605.5452687412392,4750.0,475.0,0,0,0.072125,-0.0022,0.072125,-0.0022,0.0,0.0,0.072125,0.002,0.07229692638779053,0.1370634389403269,-0.08819930802859015,0.001311146800899881,0.0005846965112795486,-0.012163228786814908,-0.0005277120202920536,-0.0003750000000000002,-7.521202029205338e-05,-7.750000000000004e-05,0.0,0.0,0.0,0.0,0.0,0.0005846965112795486,0.007514696511279445,0.072125,0.0005846965112795486,0.0,0.0,0.05920293930225664,0.03326045352237373,-0.011579614481933715,0.048207142857142844,-0.002894903620483429,0.03615535714285715,0.001311146800899881,0.001311146800899881,0.47523344623411357,0.13699683320704462,0.0546397034813022,0.0,0.0,0.011132388141103594,0.0,0.0,0.006929999999999896,0.05040714285714283,-0.0022,0.0125,0.1285,0.004461433549618555,0.0026939227452708616,0.0017675108043476938,0.1505141164299049,0.12482547279861238,0.02568864363129251,0.9499169588088989,0.13875740766525269,8337,7803,0,0.16182324720753563,0.4130077712237835,23,8,16140,8337,7803,0.08083383186252124,cuda,76.59521484375
181,222,200,True,1015,1015,956,722,234,28,206,0.24476987447698745,0.029288702928870293,0.21548117154811716,0.4445983379501385,1.9445983379501386,0.7674526742290592,13.68239049171807,28.631228278053104,0.4817509973149842,0.5149140143122038,0.2677232229777733,0.052410247304200755,0.1849882478420713,0.5097789148338283,0.2729462576408321,0.1124688005864935,0.13918848023840183,0.005135099478375538,-0.00522303466305879,-0.060058553282292745,0.04579976760366947,12.215481171548117,12.215481171548117,9.505230125523013,0.5062761506276151,0.21110697359115657,0.08728954931374491,-0.19406592964104522,0.02218585269662738,956,59,0,59,1.0,1.8,1.8,1.5784518828451883,90.14005496274456,51.78172867922191,-5.933701723708451,57.7154304029304,0.9067748211884096,141.92178364196647,0.04507002748137228,0.025890864339610953,0.07096089182098324,0.8243727598566308,230,152,78,49,0,148,110.84285714285713,80.25390720390719,4,45,4.0,3.0,78,0,206,28,1,28,206,0,4169.168361059697,416.91683610596976,8789.622012018854,878.9622012018854,403.2212595517638,40.32212595517638,5254.93400013607,525.493400013607,4780.0,478.0,0,1,0.05542142857142855,-0.0022,0.05542142857142855,-0.0022,0.0,0.0,0.05542142857142855,0.002,0.06307103405233563,0.15850395564078637,-0.13900789583601342,0.0014418970769241137,0.00016442312114703123,-0.012648153469760018,-0.0006356710117084781,-0.0004200000000000003,-0.0001381710117084783,-7.750000000000005e-05,0.0,0.0,0.0,-0.001,-0.001,0.00016442312114703123,0.0076644231211469155,0.05442142857142855,0.00016442312114703123,0.0,0.0,0.045070027481373,0.025890864339610988,-0.0118674034474169,0.038476953601953606,-0.002966850861854225,0.0288577152014652,0.0014418970769241137,0.0014418970769241137,0.4470098602330729,0.1704579661553925,0.07843578006596619,0.0,0.0,0.005446640389363512,0.0,0.0,0.007499999999999884,0.04012695360195361,-0.0016500000000000002,0.014,0.103,0.004461433549618555,0.0026939227452708616,0.0017675108043476938,0.1505141164299049,0.12482547279861238,0.02568864363129251,0.9499169588088989,0.13875740766525269,8337,7803,0,0.16182324720753563,0.4130077712237835,23,8,16140,8337,7803,0.08083383186252124,cuda,76.59521484375
182,223,200,True,1111,1111,1036,775,261,31,230,0.2519305019305019,0.029922779922779922,0.222007722007722,0.5225806451612903,1.7729032258064517,0.7808800626377905,13.711328476936586,28.603199228240598,0.45249223409770734,0.4694220446386645,0.2074895762531988,0.05092922974858553,0.1909286673631399,0.46784822214034294,0.2284297818618436,0.09890596966769907,0.14515055997958107,0.0015738224983215532,-0.02094020560864479,-0.04797673991911354,0.045778107383558836,9.725868725868725,9.725868725868725,7.307915057915058,0.44305019305019305,0.14188430069724609,0.1069863400977485,-0.10900837928128411,-0.027937268576373665,1036,75,0,75,1.0,1.7767776777677768,1.7767776777677768,1.5704633204633205,84.32202008762265,42.63173815530428,-5.523803178362049,48.15554133366632,0.8970962997298843,126.95375824292692,0.04216101004381132,0.02131586907765214,0.06347687912146346,0.8172043010752689,228,148,80,51,0,144,101.13809523809527,70.80738844488846,8,43,8.0,6.0,80,0,230,31,0,31,230,0,4372.349210186341,437.2349210186341,9438.043471718678,943.8043471718678,405.21030038348624,40.52103003834863,5504.267698299582,550.4267698299582,5180.0,518.0,0,0,0.05056904761904764,-0.0044,0.05056904761904764,-0.0044,0.0,0.0,0.05056904761904764,0.004,0.062090510543241155,0.1582489509614253,-0.12359932960298037,0.0028016591980600486,0.00046885974286605856,-0.01275205386140412,-0.0006802315059015325,-0.0004650000000000003,-0.00012773150590153246,-8.750000000000005e-05,0.0,0.0,0.0,0.0,0.0,0.00046885974286605856,0.008528859742865933,0.05056904761904764,0.00046885974286605856,0.0,0.0,0.04216101004381197,0.02131586907765213,-0.011047606356724098,0.03210369422244425,-0.0027619015891810245,0.02407777066683316,0.0028016591980600486,0.0028016591980600486,0.44677165691143733,0.15682859133014915,0.09556006574212147,0.0,0.0,0.009488657941090177,0.0,0.0,0.008059999999999873,0.035403694222444236,-0.0033,0.0155,0.115,0.004461433549618555,0.0026939227452708616,0.0017675108043476938,0.1505141164299049,0.12482547279861238,0.02568864363129251,0.9499169588088989,0.13875740766525269,8337,7803,0,0.16182324720753563,0.4130077712237835,23,8,16140,8337,7803,0.08083383186252124,cuda,76.59521484375
183,224,200,True,1011,1011,952,729,223,35,188,0.2342436974789916,0.03676470588235294,0.19747899159663865,0.5637860082304527,1.755829903978052,0.8008351094192929,13.0318801445562,29.023680075778227,0.4789495844870569,0.5098128774610894,0.21865739022344555,0.03569619617053143,0.19073287824830565,0.5010458559247528,0.23737839510120115,0.08090949118289387,0.14381908400262744,0.008767021536336572,-0.018721004877755604,-0.04521329501236244,0.04691379424567821,13.614495798319327,13.614495798319327,11.108193277310924,0.5073529411764706,0.18771320010716444,0.058944620494769076,-0.07694361995736576,-0.07955366900915498,952,59,0,59,1.0,1.9545004945598417,1.9545004945598417,1.6796218487394958,114.37119297622397,62.68682455952189,-5.813244121796761,68.50006868131868,0.9217738531291388,177.05801753574585,0.05718559648811199,0.031343412279760945,0.08852900876787292,0.8591549295774648,244,172,72,40,0,170,138.93809523809523,94.63342490842491,4,36,4.0,3.0,71,0,188,35,0,35,188,0,4844.1167148866225,484.41167148866225,10374.149315908495,1037.4149315908494,418.3629755898517,41.83629755898517,6099.212935421352,609.9212935421352,4760.0,476.0,0,0,0.06946904761904761,-0.0022,0.06946904761904761,-0.0022,0.0,0.0,0.06946904761904761,0.002,0.07294045880022546,0.15908307197554586,-0.1342792759185873,0.002363065017534444,0.0004117919643693079,-0.01269651805919021,-0.0008198927753493468,-0.0005250000000000004,-0.00014989277534934657,-0.00014500000000000008,0.0,0.0,0.0,0.0,0.0,0.0004117919643693079,0.008051791964369191,0.06946904761904761,0.0004117919643693079,0.0,0.0,0.057185596488112875,0.03134341227976097,-0.011626488243593523,0.04566671245421247,-0.0029066220608983807,0.03425003434065934,0.002363065017534444,0.002363065017534444,0.4956001925599029,0.17767788975061877,0.0679392930392101,0.0,0.0,0.014315319474113174,0.0,0.0,0.007639999999999881,0.04731671245421247,-0.0016500000000000002,0.0175,0.094,0.004461433549618555,0.0026939227452708616,0.0017675108043476938,0.1505141164299049,0.12482547279861238,0.02568864363129251,0.9499169588088989,0.13875740766525269,8337,7803,0,0.16182324720753563,0.4130077712237835,23,8,16140,8337,7803,0.08083383186252124,cuda,76.59521484375
184,225,200,True,1127,1127,1074,906,168,38,130,0.1564245810055866,0.035381750465549346,0.12104283054003724,0.5540838852097131,1.7538631346578366,0.777278345875919,13.61615084654448,27.514742634549044,0.4826704124317049,0.5015401097947925,0.24427211866045892,0.044581759849534455,0.18597232959712248,0.49537505349247135,0.25579013585505667,0.09037111202451743,0.1411112577985421,0.006165056302321115,-0.011518017194597746,-0.04578935217498298,0.04486107179858037,13.538175046554935,13.538175046554935,10.688081936685288,0.5595903165735568,0.17800935131188408,0.08766170367460577,-0.09805614211656422,-0.04563201580467558,1074,53,0,53,1.0,1.756876663708962,1.756876663708962,1.5754189944134078,97.09340040744638,45.96959511004083,-7.64517241410166,53.61476752414251,0.8752011114962124,143.0629955174872,0.04854670020372319,0.022984797555020413,0.0715314977587436,0.8333333333333334,235,152,83,47,0,149,116.46190476190473,78.08635669885672,7,40,7.0,6.0,80,0,130,38,0,38,130,0,4210.3032222415195,421.030322224152,9234.504944128928,923.4504944128928,491.66519733275624,49.16651973327562,5304.102290879493,530.4102290879493,5370.0,537.0,0,0,0.05823095238095237,-0.0038499999999999997,0.05823095238095237,-0.0038499999999999997,0.0,0.0,0.05823095238095237,0.0035,0.0638494763223097,0.20244231601540832,-0.17805333658813577,0.0018298899124981865,0.000369691494806335,-0.015901796118905017,-0.0008103438976743808,-0.0005700000000000004,-0.0001428438976743809,-9.750000000000007e-05,0.0,0.0,0.0,0.0,0.0,0.000369691494806335,0.00980969149480618,0.05823095238095237,0.000369691494806335,0.0,0.0,0.04854670020372425,0.022984797555020444,-0.015290344828203321,0.03574317834942837,-0.0038225862070508303,0.026807383762071254,0.0018298899124981865,0.0018298899124981865,0.5050953713571684,0.2132856690322821,0.07403764173379687,0.0,0.0,0.015395438642034152,0.0,0.0,0.009439999999999843,0.039043178349428366,-0.0033,0.019,0.065,0.004461433549618555,0.0026939227452708616,0.0017675108043476938,0.1505141164299049,0.12482547279861238,0.02568864363129251,0.9499169588088989,0.13875740766525269,8337,7803,0,0.16182324720753563,0.4130077712237835,23,8,16140,8337,7803,0.08083383186252124,cuda,76.59521484375
185,226,200,True,1030,1030,962,716,246,18,228,0.25571725571725573,0.018711018711018712,0.23700623700623702,0.5740223463687151,1.6941340782122905,0.7846135506666573,13.348882031840319,28.893316954873793,0.49770048961279156,0.5003143675500454,0.18356304948462704,0.036884150804702046,0.1906722349962792,0.4920685293995801,0.209135839118565,0.06196785585170445,0.14352765312293472,0.008245838150465312,-0.02557278963393797,-0.025083705047002407,0.04714458187334447,11.814968814968815,11.814968814968815,9.441787941787942,0.46673596673596673,0.198472255918941,0.0708329498922194,-0.13469267476147367,-0.08749067381892259,962,68,0,68,1.0,1.9,1.9,1.6694386694386694,117.58856147182036,70.66134848475312,-5.7220119048573395,76.38336038961039,0.9303089219992138,188.24990995657348,0.05879428073591018,0.03533067424237656,0.09412495497828674,0.8483754512635379,235,167,68,42,0,162,143.06111111111113,105.1444805194805,3,39,3.0,3.0,66,0,228,18,0,18,228,0,4741.216709651414,474.1216709651414,10174.014969166037,1017.4014969166037,419.6794141187192,41.96794141187192,5969.521206381824,596.9521206381825,4810.0,481.0,0,0,0.07153055555555556,-0.00165,0.07153055555555556,-0.00165,0.0,0.0,0.07153055555555556,0.0014999999999999998,0.06945876579766307,0.14951325078760783,-0.12009077639277345,0.0022778071564493337,0.0005091814573288497,-0.012958310953493077,-0.00036120586019044515,-0.0002700000000000001,-4.370586019044509e-05,-4.750000000000003e-05,0.0,0.0,0.0,0.0,0.0,0.0005091814573288497,0.007849181457328738,0.07153055555555556,0.0005091814573288497,0.0,0.0,0.05879428073591108,0.03533067424237651,-0.011444023809714678,0.05092224025974024,-0.0028610059524286696,0.03819168019480519,0.0022778071564493337,0.0022778071564493337,0.46127409217779947,0.1445123186890968,0.052758691358642466,0.0,0.0,0.013138807913190068,0.0,0.0,0.007339999999999888,0.052572240259740236,-0.00165,0.009,0.114,-0.0005224058544263244,-0.0002808803459629416,-0.00024152550846338273,0.153753734814624,0.12232163846492768,0.03143209634969632,0.9519687294960022,0.14370298385620117,8112,7617,0,0.1579452060163021,0.4202357852458954,24,8,15729,8112,7617,0.08658491862733506,cuda,74.21923828125
186,227,200,True,962,962,904,634,270,7,263,0.29867256637168144,0.007743362831858407,0.290929203539823,0.5757097791798107,1.7444794952681388,0.7806119707762631,13.581112092977818,30.451635319481042,0.49326697038053946,0.49610502214085794,0.13163919723959938,0.04977281771861722,0.1897438589941816,0.49012901941872544,0.15558846748495703,0.08541280711058685,0.14874056386776058,0.005976002722132501,-0.023949270245357646,-0.035639989391969634,0.041003295126421035,10.68141592920354,10.68141592920354,8.380530973451327,0.459070796460177,0.1758795755222072,0.07053220839510436,-0.08321482264860725,-0.09252542002597558,904,58,0,58,1.0,1.9792099792099793,1.9792099792099793,1.741150442477876,109.04745178740858,65.31693577129059,-5.098242800138026,70.41517857142856,0.9324856070942418,174.36438755869915,0.054523725893704286,0.0326584678856453,0.08718219377934958,0.7849462365591398,219,162,57,60,0,160,134.83333333333331,99.38690476190473,5,55,5.0,5.0,55,0,263,7,1,7,263,0,4827.5368521506225,482.75368521506226,10029.165835530766,1002.9165835530766,374.7754507913139,37.47754507913139,6077.4864327098585,607.7486432709859,4520.0,452.0,0,1,0.06741666666666665,-0.00275,0.06741666666666665,-0.00275,0.0,0.0,0.06741666666666665,0.0025,0.06906944655448634,0.12945179088517902,-0.09069320613818795,0.0015196074907929949,0.0005419628018546015,-0.011372045784691798,-0.00015814291634880568,-0.00010499999999999999,-3.564291634880564e-05,-1.7500000000000002e-05,0.0,0.0,0.0,-0.001,-0.001,0.0005419628018546015,0.006951962801854509,0.06641666666666665,0.0005419628018546015,0.0,0.0,0.05452372589370496,0.032658467885645255,-0.010196485600276053,0.04694345238095238,-0.002549121400069013,0.035207589285714276,0.0015196074907929949,0.0015196074907929949,0.4353111504448115,0.10410859096144988,0.05810698265126065,0.0,0.0,0.015630536941208185,0.0,0.0,0.006409999999999908,0.04969345238095238,-0.00275,0.0035,0.1315,-0.0005224058544263244,-0.0002808803459629416,-0.00024152550846338273,0.153753734814624,0.12232163846492768,0.03143209634969632,0.9519687294960022,0.14370298385620117,8112,7617,0,0.1579452060163021,0.4202357852458954,24,8,15729,8112,7617,0.08658491862733506,cuda,74.21923828125
187,228,200,True,1065,1065,992,765,227,27,200,0.2288306451612903,0.02721774193548387,0.20161290322580644,0.5660130718954248,1.7241830065359478,0.7839193370217591,13.40910377751768,31.28488030799853,0.497613425835894,0.5083801090912102,0.19567383470780708,0.06449936567531789,0.18775166573088153,0.5009246604115355,0.22402138858911844,0.11333858357024154,0.14391580954973215,0.007455448679674737,-0.028347553881311355,-0.04883921789492365,0.04383585618114938,13.182459677419354,13.182459677419354,10.606854838709678,0.4949596774193548,0.13422798863091298,0.01189876959322933,-0.10738713554975508,-0.05688757734676054,992,73,0,73,1.0,1.8657276995305165,1.8657276995305165,1.6360887096774193,105.99393714755307,61.609076952172735,-6.496006812102176,68.10508376427494,0.9129234336668105,167.6030140997258,0.05299696857377653,0.030804538476086368,0.0838015070498629,0.8333333333333334,240,163,77,48,0,161,128.27301587301588,93.0067783523666,2,46,2.0,2.0,77,0,200,27,0,27,200,0,4565.9409298209575,456.59409298209573,9908.418762115585,990.8418762115585,446.89218584241337,44.68921858424134,5753.551854964386,575.3551854964386,4960.0,496.0,0,0,0.06413650793650792,-0.0011,0.06413650793650792,-0.0011,0.0,0.0,0.06413650793650792,0.001,0.06908224794676303,0.1673306389903248,-0.14390749665170027,0.0015701121900671322,0.0005188111228510777,-0.01384270073635879,-0.0005609652870428156,-0.00040500000000000025,-7.596528704281555e-05,-8.000000000000005e-05,0.0,0.0,0.0,0.0,0.0,0.0005188111228510777,0.008438811122850954,0.06413650793650792,0.0005188111228510777,0.0,0.0,0.05299696857377746,0.030804538476086378,-0.012992013624204352,0.0454033891761833,-0.003248003406051088,0.034052541882137466,0.0015701121900671322,0.0015701121900671322,0.47695858024156623,0.1559941538946386,0.09011520992970978,0.0,0.0,0.009720692230045527,0.0,0.0,0.007919999999999875,0.046503389176183296,-0.0011,0.0135,0.1,-0.0005224058544263244,-0.0002808803459629416,-0.00024152550846338273,0.153753734814624,0.12232163846492768,0.03143209634969632,0.9519687294960022,0.14370298385620117,8112,7617,0,0.1579452060163021,0.4202357852458954,24,8,15729,8112,7617,0.08658491862733506,cuda,74.21923828125
188,229,200,True,1050,1050,998,778,220,9,211,0.22044088176352705,0.009018036072144289,0.21142284569138275,0.5668380462724936,1.7480719794344473,0.7806947818337185,13.53953484214057,27.645842821095474,0.510911562084774,0.5178467942578934,0.22314597963616442,0.025889132267635097,0.192294753446294,0.5070964659930501,0.2511140258017937,0.041583093914208134,0.1467088934986979,0.010750328264843234,-0.027968046165629284,-0.015693961646573037,0.04558585994759609,13.348697394789578,13.348697394789578,10.72244488977956,0.5420841683366734,0.16291481015649883,0.10121081285248201,-0.17606292704167895,-0.03570972911821558,998,52,0,52,1.0,1.880952380952381,1.880952380952381,1.6452905811623246,125.82643739010882,76.27409398754527,-6.265841077389817,82.5399350649351,0.9294433160817395,202.10053137765408,0.06291321869505441,0.038137046993772634,0.10105026568882704,0.7545126353790613,209,170,39,68,0,167,153.0595238095238,115.55324675324678,5,63,5.0,5.0,37,0,211,9,0,9,211,0,4484.289278337887,448.42892783378863,9749.06294260081,974.906294260081,478.20964486326477,47.820964486326474,5650.183423650781,565.0183423650781,4990.0,499.0,0,0,0.07652976190476189,-0.00275,0.07652976190476189,-0.00275,0.0,0.0,0.07652976190476189,0.0025,0.07111558581921787,0.17022149931351635,-0.1437952408266047,0.0022799546676480907,0.0005770458562245411,-0.01445415256460991,-0.00019117733675428684,-0.000135,-3.117733675428683e-05,-2.5e-05,0.0,0.0,0.0,0.0,0.0,0.0005770458562245411,0.008447045856224416,0.07652976190476189,0.0005770458562245411,0.0,0.0,0.06291321869505535,0.038137046993772544,-0.012531682154779634,0.05502662337662339,-0.0031329205386949085,0.04126996753246755,0.0022799546676480907,0.0022799546676480907,0.4687127532053057,0.1601369403156936,0.04778124648660933,0.0,0.0,0.013632869946457179,0.0,0.0,0.007869999999999877,0.05777662337662339,-0.00275,0.0045,0.1055,-0.0005224058544263244,-0.0002808803459629416,-0.00024152550846338273,0.153753734814624,0.12232163846492768,0.03143209634969632,0.9519687294960022,0.14370298385620117,8112,7617,0,0.1579452060163021,0.4202357852458954,24,8,15729,8112,7617,0.08658491862733506,cuda,74.21923828125
189,230,200,True,1072,1072,1003,768,235,32,203,0.23429710867397807,0.031904287138584245,0.2023928215353938,0.5182291666666666,1.8463541666666667,0.7812483626573036,13.47456697622935,28.473090833906706,0.501102472692177,0.49689549021422863,0.2064043996409358,0.06597857342785574,0.1849031825804559,0.4953996690455824,0.22570928221102804,0.11703579981925334,0.14350341969475267,0.0014958211686462164,-0.019304882570092247,-0.051057226391397606,0.04139976288570324,11.50049850448654,11.50049850448654,8.977068793619143,0.5004985044865404,0.15052436271624983,0.07069623869908301,-0.1321757188085962,-0.06775323025653986,1003,69,0,69,1.0,1.8367537313432836,1.8367537313432836,1.6191425722831505,99.94270729065555,56.55371384131129,-6.117677267579808,62.671391108891086,0.9110661415837354,156.49642113196683,0.04997135364532777,0.028276856920655645,0.07824821056598341,0.8464285714285714,237,160,77,43,0,156,120.7285714285714,84.66185481185481,1,42,1.0,1.0,76,0,203,32,0,32,203,0,4495.93425034604,449.593425034604,9728.075235794682,972.8075235794682,446.134755532058,44.6134755532058,5662.178735869106,566.2178735869106,5015.0,501.5,0,0,0.060364285714285704,-0.00055,0.060364285714285704,-0.00055,0.0,0.0,0.060364285714285704,0.0005,0.06684675735659645,0.16673398883294424,-0.13846131833899553,0.0024401813875942016,0.00039962536949598136,-0.01399442542036313,-0.000710081872303202,-0.00048000000000000034,-0.00011508187230320197,-0.00011500000000000007,0.0,0.0,0.0,0.0,0.0,0.00039962536949598136,0.008399625369495855,0.060364285714285704,0.00039962536949598136,0.0,0.0,0.04997135364532862,0.02827685692065565,-0.012235354535159615,0.041780927405927426,-0.0030588386337899037,0.03133569555444554,0.0024401813875942016,0.0024401813875942016,0.4657682814421637,0.15802785038793354,0.09202826307021689,0.0,0.0,0.00937994609523207,0.0,0.0,0.007999999999999874,0.04233092740592743,-0.00055,0.016,0.1015,-0.0005224058544263244,-0.0002808803459629416,-0.00024152550846338273,0.153753734814624,0.12232163846492768,0.03143209634969632,0.9519687294960022,0.14370298385620117,8112,7617,0,0.1579452060163021,0.4202357852458954,24,8,15729,8112,7617,0.08658491862733506,cuda,74.21923828125
190,231,200,True,853,853,800,601,199,33,166,0.24875,0.04125,0.2075,0.5757071547420965,1.6772046589018303,0.7540924375049286,14.05045138341615,26.185579394738806,0.49002543826793404,0.45876069327261604,0.195206243073732,0.05426233974494623,0.17324310423381714,0.4533842201290432,0.21625984759812247,0.08801834446807297,0.13756621643876077,0.005376473143572813,-0.02105360452439048,-0.03375600472312674,0.03567688779505637,9.6925,9.6925,7.32875,0.41875,0.23620548506787614,0.1482990475537531,-0.12612207030665087,-0.07993165430226995,800,53,0,53,1.0,2.1395076201641268,2.1395076201641268,1.85375,117.7819994628098,75.16051842313117,-4.476413395050693,79.63693181818185,0.9467811750477559,192.94251788594096,0.058890999731404894,0.03758025921156558,0.09647125894297048,0.8070175438596491,230,174,56,55,0,171,145.75,113.88257575757574,7,48,7.0,7.0,55,0,166,33,1,33,166,0,5003.42601464292,500.342601464292,10375.91146574022,1037.591146574022,361.80913882185644,36.18091388218564,6299.343578176145,629.9343578176145,4000.0,400.0,0,1,0.072875,-0.0038499999999999997,0.072875,-0.0038499999999999997,0.0,0.0,0.072875,0.0035,0.07349423302359227,0.11304167786989004,-0.07452165408292759,0.0025994575969870305,0.0006149986570244618,-0.010709283236401529,-0.0006925985219009968,-0.0004950000000000003,-8.7598521900997e-05,-0.00011000000000000007,0.0,0.0,0.0,-0.001,-0.001,0.0006149986570244618,0.006954998657024367,0.07187499999999998,0.0006149986570244618,0.0,0.0,0.05889099973140574,0.03758025921156554,-0.008952826790101386,0.05309128787878787,-0.0022382066975253465,0.039818465909090925,0.0025994575969870305,0.0025994575969870305,0.435804916992445,0.1271623345087179,0.0642948687547265,0.0,0.0,0.02118914429293688,0.0,0.0,0.006339999999999909,0.05694128787878787,-0.0038499999999999997,0.0165,0.083,-0.0005224058544263244,-0.0002808803459629416,-0.00024152550846338273,0.153753734814624,0.12232163846492768,0.03143209634969632,0.9519687294960022,0.14370298385620117,8112,7617,0,0.1579452060163021,0.4202357852458954,24,8,15729,8112,7617,0.08658491862733506,cuda,74.21923828125
191,232,200,True,999,999,929,735,194,27,167,0.20882669537136705,0.02906350914962325,0.1797631862217438,0.5564625850340136,1.7564625850340136,0.7996507470705071,12.970414506821406,26.98490920942657,0.5081363273772639,0.48602029360881466,0.14515368279551163,0.05456822896312897,0.1825741335901679,0.48476768389445585,0.17381636668883618,0.10703817084906812,0.1483408645276918,0.00125260971435881,-0.028662683893324548,-0.052469941885939154,0.03423326906247609,11.21205597416577,11.21205597416577,8.653390742734123,0.5026910656620022,0.1356414934032482,0.09145646525564192,-0.07533846757707642,0.011452904741204953,929,70,0,70,1.0,1.962962962962963,1.962962962962963,1.6835306781485468,99.94447939043498,56.16702010536241,-6.457942432100116,62.62496253746252,0.9065189508903045,156.11149949579737,0.04997223969521749,0.028083510052681206,0.07805574974789868,0.8645833333333334,249,173,76,39,0,168,120.99285714285715,90.09995004995001,6,33,6.0,6.0,73,0,167,27,0,27,167,0,4877.7220795286885,487.7722079528688,10509.911170681293,1050.9911170681294,442.0702132001997,44.20702132001997,6146.128517677027,614.6128517677028,4645.0,464.5,0,0,0.060496428571428576,-0.0033,0.060496428571428576,-0.0033,0.0,0.0,0.060496428571428576,0.003,0.07204137918834565,0.14940349842467524,-0.10176214924754522,0.0012371279298859976,0.00025548419037299785,-0.01358109823550257,-0.0005693772411388054,-0.00040500000000000025,-8.687724113880543e-05,-7.750000000000004e-05,0.0,0.0,0.0,0.0,0.0,0.00025548419037299785,0.007875484190372881,0.060496428571428576,0.00025548419037299785,0.0,0.0,0.0499722396952182,0.02808351005268117,-0.012915884864200231,0.04174997502497501,-0.003228971216050058,0.03131248126873126,0.0012371279298859976,0.0012371279298859976,0.4803528627701733,0.1291126317477501,0.09683481377721484,0.0,0.0,0.0109027878405316,0.0,0.0,0.007619999999999882,0.045049975024975,-0.0033,0.0135,0.0835,-0.0005224058544263244,-0.0002808803459629416,-0.00024152550846338273,0.153753734814624,0.12232163846492768,0.03143209634969632,0.9519687294960022,0.14370298385620117,8112,7617,0,0.1579452060163021,0.4202357852458954,24,8,15729,8112,7617,0.08658491862733506,cuda,74.21923828125
192,233,200,True,1081,1081,1029,803,226,38,188,0.2196307094266278,0.0369290573372206,0.1827016520894072,0.49066002490660027,1.850560398505604,0.7653013191477003,13.812741526631015,26.08239693436795,0.48054646329643763,0.482977546705107,0.21856109593365142,0.07368798151839603,0.16965717396665259,0.4805257724943672,0.24116987582634797,0.13194640446280315,0.1334029845846991,0.002451774210739832,-0.02260877989269655,-0.05825842294440711,0.03625418938195349,10.582118561710399,10.582118561710399,7.871720116618076,0.5228377065111759,0.20026567603297263,0.09143603083886225,-0.11698185574761752,-0.026649857794269424,1029,52,0,52,1.0,1.8122109158186863,1.8122109158186863,1.5908649173955296,93.65519485522557,53.83522167577775,-6.565671181365122,60.40089285714284,0.9019559794408797,147.49041653100332,0.046827597427612784,0.026917610837888878,0.07374520826550165,0.8514492753623188,235,162,73,41,0,157,112.75,80.53452380952379,1,40,1.0,0.0,73,0,188,38,0,38,188,0,4533.73320502485,453.37332050248494,9798.629940067744,979.8629940067743,430.0367358665271,43.00367358665271,5709.208720589071,570.9208720589071,5145.0,514.5,0,0,0.056375,-0.00055,0.056375,-0.00055,0.0,0.0,0.056375,0.0005,0.0671243028760674,0.16963255250586093,-0.1399641162161109,0.0018740748647449108,0.00022798713806379547,-0.014031956732561983,-0.0008267343003757981,-0.0005700000000000004,-0.00015173430037579796,-0.00010500000000000009,0.0,0.0,0.0,0.0,0.0,0.00022798713806379547,0.00863798713806366,0.056375,0.00022798713806379547,0.0,0.0,0.04682759742761374,0.026917610837888874,-0.013131342362730244,0.0402672619047619,-0.003282835590682561,0.03020044642857142,0.0018740748647449108,0.0018740748647449108,0.4818646849553973,0.17337103086582908,0.1006476560004855,0.0,0.0,0.005274135084849456,0.0,0.0,0.008409999999999865,0.0402672619047619,0.0,0.019,0.094,-0.0005224058544263244,-0.0002808803459629416,-0.00024152550846338273,0.153753734814624,0.12232163846492768,0.03143209634969632,0.9519687294960022,0.14370298385620117,8112,7617,0,0.1579452060163021,0.4202357852458954,24,8,15729,8112,7617,0.08658491862733506,cuda,74.21923828125
193,234,200,True,879,879,829,625,204,2,202,0.24607961399276237,0.0024125452352231603,0.2436670687575392,0.5104,1.8048,0.765902930855751,14.373998710632325,26.449395525360107,0.4763770649034064,0.48891717240810395,0.1577242156803608,0.027141243386268617,0.18654738546609878,0.47479085960388184,0.18895126355439423,0.04452835804522037,0.15104939404129983,0.014126312804222108,-0.031227047874033437,-0.017387114658951756,0.03549799142479895,9.925211097708083,9.925211097708083,7.303980699638118,0.4873341375150784,0.170348156042452,0.12816866950081335,-0.11661015605356122,-0.08460373414099466,829,50,0,50,1.0,2.1274175199089873,2.1274175199089873,1.8854041013268998,140.6873280398994,95.27611240066517,-3.563173313620544,98.83928571428571,0.9652042211930719,235.96344044056457,0.0703436640199497,0.04763805620033258,0.11798172022028229,0.776595744680851,219,179,40,63,0,178,174.30952380952382,139.4857142857143,7,56,7.0,7.0,39,0,202,2,1,2,202,0,4890.298964355588,489.02989643555884,10092.476536890332,1009.2476536890332,382.43014877418295,38.2430148774183,6160.693023102117,616.0693023102117,4145.0,414.5,0,1,0.08715476190476192,-0.0038499999999999997,0.08715476190476192,-0.0038499999999999997,0.0,0.0,0.08715476190476192,0.0035,0.07605537889096572,0.12130985852516364,-0.07115804562240806,0.003938094729671555,0.00082927248070066,-0.010826751490712027,-4.36785634073631e-05,-2.9999999999999997e-05,-8.678563407363097e-06,-5.000000000000001e-06,0.0,0.0,0.0,-0.001,-0.001,0.00082927248070066,0.007099272480700571,0.08615476190476191,0.00082927248070066,0.0,0.0,0.07034366401994968,0.04763805620033256,-0.0071263466272410885,0.06589285714285716,-0.0017815866568102721,0.049419642857142856,0.003938094729671555,0.003938094729671555,0.43439558313769927,0.11499739114095862,0.03999209566592552,0.0,0.0,0.023112164976755438,0.0,0.0,0.006269999999999911,0.06974285714285715,-0.0038499999999999997,0.001,0.101,-0.0013115036190720275,-1.4006838318891823e-05,-0.0012974967807531357,0.1878501854588588,0.1540324442088604,0.03381774124999841,0.9415152072906494,0.14482825994491577,8126,7640,0,0.15925046801567078,0.4097858695189158,25,8,15766,8126,7640,0.08784859665979869,cuda,74.337890625
194,235,200,True,1104,1104,1034,800,234,27,207,0.2263056092843327,0.02611218568665377,0.20019342359767892,0.5375,1.77125,0.776193250566721,13.697748931646347,28.294129957817496,0.4177765131027627,0.4956227733194828,0.1348155039176345,0.0888683999737259,0.2185642505506985,0.499238178152591,0.15205831066472456,0.15741581284150016,0.157119669849053,-0.0036154048331081823,-0.017242806747090056,-0.06854741286777426,0.06144458070164549,10.941972920696324,10.941972920696324,8.210831721470019,0.5338491295938105,0.15635235028104277,0.05320050545791553,-0.06772139861398775,-0.04253383344819749,1034,70,0,70,1.0,1.7835144927536233,1.7835144927536233,1.581237911025145,77.7209203896801,48.57951047645797,-5.4457356675301565,54.02524614398813,0.9084303722311268,126.30043086613807,0.03886046019484005,0.024289755238228985,0.06315021543306903,0.8692579505300353,246,158,88,37,1,154,92.7734126984127,72.03366152531757,1,36,1.0,0.0,85,0,207,27,0,27,207,0,4345.760000040412,434.5760000040412,9387.182276621652,938.7182276621652,390.0869553680524,39.008695536805234,5476.901876372557,547.6901876372557,5170.0,517.0,0,0,0.04638670634920635,-0.00055,0.04638670634920635,-0.00055,0.0,0.0,0.04638670634920635,0.0005,0.06574977597809846,0.17458219671549058,-0.12769677848922614,0.0024573181004136947,0.0004854755773747877,-0.012153498584343763,-0.0005835170866192201,-0.00040500000000000025,-0.00010351708661922027,-7.500000000000003e-05,0.0,0.0,0.0,0.0,0.0,0.0004854755773747877,0.008755475577374655,0.04638670634920635,0.0004854755773747877,0.0,0.0,0.03886046019484029,0.02428975523822903,-0.010891471335060313,0.03601683076265878,-0.002722867833765078,0.027012623071994063,0.0024573181004136947,0.0024573181004136947,0.4711808736362057,0.11941036234128867,0.1300244476977166,0.0,0.0,0.0071659424491793055,0.0,0.0,0.008269999999999868,0.03601683076265878,0.0,0.0135,0.1035,-0.0013115036190720275,-1.4006838318891823e-05,-0.0012974967807531357,0.1878501854588588,0.1540324442088604,0.03381774124999841,0.9415152072906494,0.14482825994491577,8126,7640,0,0.15925046801567078,0.4097858695189158,25,8,15766,8126,7640,0.08784859665979869,cuda,74.337890625
195,236,200,True,1114,1114,1058,858,200,13,187,0.1890359168241966,0.012287334593572778,0.1767485822306238,0.5571095571095571,1.7121212121212122,0.7805936606405498,13.495382795800696,25.615608485081257,0.4783988713394447,0.46883989148067706,0.19628648266699902,0.036352686439629966,0.18053424735455872,0.4645579469092798,0.21991300924696325,0.07546592525535943,0.13993910466492315,0.004281944571397245,-0.023626526579964224,-0.039113238815729465,0.04059514268963557,10.77788279773157,10.77788279773157,8.195652173913043,0.47448015122873344,0.17670720090705114,0.10711935031310602,-0.13010242878591885,-0.0178073727838686,1058,56,0,56,1.0,1.7881508078994615,1.7881508078994615,1.5850661625708884,99.88366982908146,52.35869948376171,-6.442380686068442,58.801080169830165,0.9012563006076955,152.24236931284315,0.049941834914540725,0.026179349741880856,0.07612118465642158,0.8162544169611308,231,153,78,52,0,152,120.35476190476189,85.00144022644024,6,46,6.0,6.0,72,0,187,13,0,13,187,0,4291.1576892722105,429.11576892722104,9332.304554976494,933.2304554976494,462.24671517567987,46.224671517567984,5405.4199866347835,540.5419986634784,5290.0,529.0,0,0,0.06017738095238095,-0.0033,0.06017738095238095,-0.0033,0.0,0.0,0.06017738095238095,0.003,0.06506836078523134,0.1703019835214753,-0.12490547241278233,0.002548086161983348,0.00028965076317972083,-0.014926044782295542,-0.00029164269013099857,-0.00019500000000000005,-5.914269013099855e-05,-3.750000000000002e-05,0.0,0.0,0.0,0.0,0.0,0.00028965076317972083,0.008999650763179578,0.06017738095238095,0.00028965076317972083,0.0,0.0,0.049941834914541766,0.02617934974188084,-0.012884761372136884,0.03920072011322012,-0.003221190343034221,0.02940054008491508,0.002548086161983348,0.002548086161983348,0.4590260386770125,0.1610684980449167,0.07104716303038862,0.0,0.0,0.008616030605721282,0.0,0.0,0.008709999999999858,0.04250072011322012,-0.0033,0.0065,0.0935,-0.0013115036190720275,-1.4006838318891823e-05,-0.0012974967807531357,0.1878501854588588,0.1540324442088604,0.03381774124999841,0.9415152072906494,0.14482825994491577,8126,7640,0,0.15925046801567078,0.4097858695189158,25,8,15766,8126,7640,0.08784859665979869,cuda,74.337890625
196,237,200,True,1071,1071,1002,701,301,26,275,0.3003992015968064,0.02594810379241517,0.2744510978043912,0.5320970042796006,1.7917261055634808,0.7751449153528744,13.665964593220709,29.256825034866658,0.49326838941510787,0.5037327329501956,0.18509180736482228,0.08103954646080073,0.18406945661496843,0.5007107882161284,0.20716902622408345,0.1397795635290489,0.13965478088286906,0.00302194473406725,-0.022077218859261172,-0.058740017068248176,0.04441467573209937,10.92315369261477,10.92315369261477,8.594810379241517,0.47105788423153694,0.10602686559266651,0.10608181128228729,-0.12981765621992775,-0.044269307972789815,1002,69,0,69,1.0,1.8515406162464987,1.8515406162464987,1.6367265469061876,88.00337572447494,48.6817284535271,-4.748339395290749,53.430067848817835,0.9183831318143969,136.68510417800204,0.04400168786223747,0.02434086422676355,0.06834255208900102,0.8432055749128919,242,158,84,45,0,156,106.17619047619047,74.54009046509047,3,42,3.0,3.0,84,0,275,26,0,26,275,0,4664.020546137571,466.40205461375706,10007.767523017803,1000.7767523017803,394.18990208743946,39.41899020874395,5871.289200215286,587.1289200215285,5010.0,501.0,0,0,0.053088095238095205,-0.0016500000000000002,0.053088095238095205,-0.0016500000000000002,0.0,0.0,0.053088095238095205,0.0015,0.06722870215312612,0.14773128727653212,-0.12977106549270861,0.0037836837531405364,0.00038605835880603355,-0.012573859679370265,-0.0005251365791497328,-0.0003900000000000002,-6.013657914973276e-05,-7.500000000000005e-05,0.0,0.0,0.0,0.0,0.0,0.00038605835880603355,0.007656058358805923,0.053088095238095205,0.00038605835880603355,0.0,0.0,0.04400168786223812,0.02434086422676356,-0.009496678790581498,0.035620045232545264,-0.0023741696976453744,0.026715033924408917,0.0037836837531405364,0.0037836837531405364,0.4501142539261803,0.14214532795681203,0.09652939126764717,0.0,0.0,0.008919003359508026,0.0,0.0,0.007269999999999889,0.037270045232545256,-0.0016500000000000002,0.013,0.1375,-0.0013115036190720275,-1.4006838318891823e-05,-0.0012974967807531357,0.1878501854588588,0.1540324442088604,0.03381774124999841,0.9415152072906494,0.14482825994491577,8126,7640,0,0.15925046801567078,0.4097858695189158,25,8,15766,8126,7640,0.08784859665979869,cuda,74.337890625
197,238,200,True,971,971,908,680,228,6,222,0.2511013215859031,0.006607929515418502,0.2444933920704846,0.5147058823529411,1.8,0.7630101952701807,14.740885219854468,28.783127257403205,0.5092773878479527,0.48783050275900786,0.1882594133288983,0.026547547221622045,0.16552695075378698,0.4816118789727197,0.21869991771767244,0.054738397533005544,0.14071177179815578,0.00621862378628818,-0.03044050438877413,-0.0281908503113835,0.024815178955631206,10.862334801762115,10.862334801762115,8.368942731277533,0.4647577092511013,0.2204133933831916,0.05416143296210762,-0.14208301014561503,-0.07566055487826066,908,63,0,63,1.0,2.038105046343975,2.038105046343975,1.7984581497797356,137.48033526868107,86.12998243152254,-4.94283291102964,91.07281534255216,0.9485205484633569,223.6103177002036,0.06874016763434054,0.04306499121576127,0.11180515885010181,0.7607142857142857,213,179,34,67,0,177,168.02063492063493,130.23042045673623,8,59,8.0,8.0,32,0,222,6,0,6,222,0,4970.643280086,497.0643280086,10656.612103695254,1065.6612103695254,427.61021216336707,42.76102121633671,6259.939783195918,625.9939783195917,4540.0,454.0,0,0,0.08401031746031747,-0.0044,0.08401031746031747,-0.0044,0.0,0.0,0.08401031746031747,0.004,0.07597540573741321,0.13201563684032033,-0.09108992287683475,0.0028830762479339967,0.0007995683304325884,-0.012593040842132693,-0.00012511093488280827,-8.999999999999999e-05,-2.0110934882808265e-05,-1.5000000000000002e-05,0.0,0.0,0.0,0.0,0.0,0.0007995683304325884,0.007659568330432485,0.08401031746031747,0.0007995683304325884,0.0,0.0,0.06874016763434064,0.04306499121576127,-0.00988566582205928,0.06071521022836812,-0.00247141645551482,0.04553640767127608,0.0028830762479339967,0.0028830762479339967,0.4532246668153011,0.13208042636332906,0.046908991823314226,0.0,0.0,0.02038543374456424,0.0,0.0,0.006859999999999898,0.06511521022836811,-0.0044,0.003,0.111,-0.0013115036190720275,-1.4006838318891823e-05,-0.0012974967807531357,0.1878501854588588,0.1540324442088604,0.03381774124999841,0.9415152072906494,0.14482825994491577,8126,7640,0,0.15925046801567078,0.4097858695189158,25,8,15766,8126,7640,0.08784859665979869,cuda,74.337890625
198,239,200,True,1041,1041,981,816,165,26,139,0.16819571865443425,0.026503567787971458,0.14169215086646278,0.5171568627450981,1.8026960784313726,0.778541362643534,13.435354001381818,27.816682089923642,0.4525986440529974,0.4900439212500465,0.2637014729838234,0.04416080313910475,0.18081279083579668,0.48492011904497356,0.2843687935371646,0.08319263767214793,0.14267250520574368,0.005123802205072914,-0.020667320553341195,-0.03903183453304319,0.038140285630053006,12.580020387359838,12.580020387359838,9.902140672782874,0.5107033639143731,0.21573618517938986,0.07986080269154334,-0.16233344449700962,-0.03648849382888784,981,60,0,60,1.0,1.8731988472622478,1.8731988472622478,1.6503567787971458,111.51131689840697,61.94796906252182,-5.872223245170474,67.8201923076923,0.9203144149758794,173.4592859609288,0.055755658449203487,0.03097398453126091,0.0867296429804644,0.8127208480565371,230,165,65,53,0,159,134.97619047619048,99.22692307692304,8,45,8.0,8.0,62,0,139,26,0,26,139,0,4680.82683228623,468.08268322862295,10022.356315575906,1002.2356315575905,434.1315999640488,43.41315999640488,5897.861577640657,589.7861577640657,4905.0,490.5,0,0,0.06748809523809524,-0.004399999999999999,0.06748809523809524,-0.004399999999999999,0.0,0.0,0.06748809523809524,0.004,0.06819844623738508,0.1726741703520386,-0.15779496903367335,0.002463529813781208,0.0004059112936362074,-0.013429836118714386,-0.0005245999240548117,-0.0003900000000000002,-6.959992405481149e-05,-6.500000000000005e-05,0.0,0.0,0.0,0.0,0.0,0.0004059112936362074,0.00882591129363607,0.06748809523809524,0.0004059112936362074,0.0,0.0,0.05575565844920443,0.03097398453126089,-0.011744446490340949,0.045213461538461536,-0.002936111622585237,0.033910096153846145,0.002463529813781208,0.002463529813781208,0.4827885893720942,0.19655690565239475,0.06309727029881912,0.0,0.0,0.015016011864115768,0.0,0.0,0.008419999999999865,0.04961346153846153,-0.004399999999999999,0.013,0.0695,-0.0013115036190720275,-1.4006838318891823e-05,-0.0012974967807531357,0.1878501854588588,0.1540324442088604,0.03381774124999841,0.9415152072906494,0.14482825994491577,8126,7640,0,0.15925046801567078,0.4097858695189158,25,8,15766,8126,7640,0.08784859665979869,cuda,74.337890625
199,240,200,True,955,955,891,685,206,24,182,0.23120089786756454,0.026936026936026935,0.20426487093153758,0.5605839416058395,1.7445255474452555,0.7951028882151973,13.168725815654671,27.928277309597842,0.4938635446904924,0.49468716269862045,0.23766853899633797,0.08013481887560474,0.17103387325675817,0.4905178262587011,0.2536893474917016,0.14160009946650315,0.13703378723920698,0.004169336439919347,-0.01602080849536361,-0.06146528059089841,0.034000086017551195,11.681257014590347,11.681257014590347,9.200897867564533,0.4792368125701459,0.18338397848027135,0.12495533941830672,-0.15125207995462095,-0.07191541514391621,891,64,0,64,1.0,1.9769633507853404,1.9769633507853404,1.7485970819304153,99.83555906685987,64.58038912605709,-5.930941505553896,70.51133063161095,0.9224128045944047,164.41594819291697,0.049917779533429935,0.03229019456302854,0.08220797409645848,0.7824561403508772,223,162,61,62,0,158,122.94880952380953,98.41510750881459,4,58,4.0,4.0,61,0,182,24,1,24,182,0,4746.862858630896,474.6862858630896,9973.916829701648,997.3916829701648,406.00231858647635,40.60023185864763,5977.222000897954,597.7222000897954,4455.0,445.5,0,1,0.06147440476190477,-0.0022,0.06147440476190477,-0.0022,0.0,0.0,0.06147440476190477,0.002,0.06783739296867163,0.14247946547479312,-0.1194071220400158,0.0011347807032196463,0.0006012786195305531,-0.012301691943439311,-0.000508698979457899,-0.0003600000000000002,-6.869897945789897e-05,-8.000000000000005e-05,0.0,0.0,0.0,-0.001,-0.001,0.0006012786195305531,0.007691278619530445,0.06047440476190477,0.0006012786195305531,0.0,0.0,0.04991777953343077,0.032290194563028445,-0.011861883011107792,0.0470075537544073,-0.002965470752776948,0.03525566531580547,0.0011347807032196463,0.0011347807032196463,0.4607365043381711,0.1602826164114161,0.10897688614148676,0.0,0.0,0.011185823070895114,0.0,0.0,0.007089999999999893,0.0492075537544073,-0.0022,0.012,0.091,-0.0013115036190720275,-1.4006838318891823e-05,-0.0012974967807531357,0.1878501854588588,0.1540324442088604,0.03381774124999841,0.9415152072906494,0.14482825994491577,8126,7640,0,0.15925046801567078,0.4097858695189158,25,8,15766,8126,7640,0.08784859665979869,cuda,74.337890625
200,241,200,True,991,991,937,732,205,9,196,0.21878335112059766,0.0096051227321238,0.20917822838847386,0.5191256830601093,1.8046448087431695,0.7826129135782601,13.3796198850121,26.429253286676982,0.5199969791032086,0.4967146917078339,0.22766385990566487,0.024480307441016487,0.17122412860759947,0.4855804082637276,0.2508147087035945,0.05090095755158124,0.13834810871478231,0.011134283444106274,-0.02315084879792964,-0.026420650110564756,0.03287601989281716,11.295624332977589,11.295624332977589,8.652081109925293,0.5112059765208111,0.14830276841474552,0.1451650826407464,-0.13303198085262058,0.0010402325760479618,937,54,0,54,1.0,1.9939455095862766,1.9939455095862766,1.7556029882604056,124.58802404050917,68.3126258646727,-5.801362230565397,74.11398809523808,0.9274061590556247,192.90064990518187,0.062294012020254586,0.03415631293233635,0.09645032495259093,0.8439716312056738,238,175,63,44,0,172,151.58333333333331,109.8186507936508,10,34,10.0,10.0,60,0,196,9,0,9,196,0,4979.2104316110745,497.92104316110743,10662.82319298377,1066.282319298377,436.8184927151177,43.68184927151177,6270.0099725367945,627.0009972536794,4685.0,468.5,0,0,0.07579166666666666,-0.005499999999999999,0.07579166666666666,-0.005499999999999999,0.0,0.0,0.07579166666666666,0.005,0.07391677859560941,0.15143245918296133,-0.1178234730952477,0.0025860182595125493,0.0008933934346062293,-0.013841374138825815,-0.00019714870565464698,-0.000135,-3.714870565464697e-05,-2.5e-05,0.0,0.0,0.0,0.0,0.0,0.0008933934346062293,0.008303393434606114,0.07579166666666666,0.0008933934346062293,0.0,0.0,0.0622940120202555,0.0341563129323364,-0.011602724461130795,0.049409325396825396,-0.0029006811152826988,0.037056994047619043,0.0025860182595125493,0.0025860182595125493,0.47011768877583743,0.16253979045222558,0.0436848589201946,0.0,0.0,0.0177852265759995,0.0,0.0,0.007409999999999886,0.054909325396825394,-0.005499999999999999,0.0045,0.098,-0.0013115036190720275,-1.4006838318891823e-05,-0.0012974967807531357,0.1878501854588588,0.1540324442088604,0.03381774124999841,0.9415152072906494,0.14482825994491577,8126,7640,0,0.15925046801567078,0.4097858695189158,25,8,15766,8126,7640,0.08784859665979869,cuda,74.337890625
201,242,200,True,1041,1041,973,762,211,10,201,0.21685508735868447,0.010277492291880781,0.2065775950668037,0.5616797900262467,1.7152230971128608,0.8224427725464654,12.591123907584844,28.31396684339979,0.4627599681602283,0.5404339709619838,0.2351126610460322,0.029079012416322714,0.2059689908168643,0.5299089078906327,0.2667646861935812,0.049449937587073486,0.15774085331375753,0.010525063071351037,-0.03165202514754897,-0.020370925170750773,0.048228137503106755,13.78006166495375,13.78006166495375,11.062692702980472,0.5734840698869476,0.1494276585718053,0.07126797917227048,-0.10000222269481922,-0.03986826718259761,973,68,0,68,1.0,1.8981748318924112,1.8981748318924112,1.6536485097636178,118.26557442163923,62.28878049135966,-5.092171889592743,67.38095238095238,0.9297370999132939,180.5543549129989,0.05913278721081962,0.031144390245679828,0.09027717745649945,0.8035714285714286,225,169,56,55,0,166,143.66666666666669,100.84126984126985,10,45,10.0,10.0,56,0,201,10,0,10,201,0,4671.442013524609,467.1442013524609,10086.051042595096,1008.6051042595096,423.1126331066938,42.31126331066938,5884.479785403019,588.447978540302,4865.0,486.5,0,0,0.07183333333333333,-0.005499999999999999,0.07183333333333333,-0.005499999999999999,0.0,0.0,0.07183333333333333,0.005,0.07092576024713439,0.1743587353721463,-0.1550281827709683,0.0030008583089665094,0.0006106027207646184,-0.01282265802135043,-0.00020193925996765403,-0.00015000000000000001,-2.6939259967654063e-05,-2.5000000000000008e-05,0.0,0.0,0.0,0.0,0.0,0.0006106027207646184,0.008330602720764496,0.07183333333333333,0.0006106027207646184,0.0,0.0,0.0591327872108205,0.0311443902456798,-0.010184343779185485,0.044920634920634916,-0.0025460859447963714,0.03369047619047619,0.0030008583089665094,0.0030008583089665094,0.48050416529538537,0.17605640248175708,0.046556775617864594,0.0,0.0,0.015521540911719773,0.0,0.0,0.00771999999999988,0.05042063492063491,-0.005499999999999999,0.005,0.1005,-0.0035576795473591318,-0.004157419119858079,0.0005997395724989474,0.16467794003223796,0.13522768931256401,0.029450250719673932,0.940851092338562,0.12362796068191528,8292,7731,0,0.15961326989862654,0.360108221322298,26,8,16023,8292,7731,0.08132562620626868,cuda,74.1796875
202,243,200,True,1035,1035,957,728,229,11,218,0.2392894461859979,0.011494252873563218,0.2277951933124347,0.5315934065934066,1.7678571428571428,0.7952912015083072,13.266815579854525,27.556180920247193,0.4724624268015799,0.49388961248345425,0.19488684874498746,0.054384635541342444,0.1815384713815177,0.48551603453745557,0.21300822228275157,0.0977581411340737,0.13983802910853219,0.00837357794599869,-0.018121373537764107,-0.04337350559273126,0.04170044227298553,10.766980146290491,10.766980146290491,8.19226750261233,0.5026123301985371,0.12513966444085042,0.1087667572419079,-0.12320520445317878,-0.07438381709256307,957,78,0,78,1.0,1.9043478260869566,1.9043478260869566,1.6802507836990597,109.3198376454552,59.959023686865365,-4.823310261457502,64.78233394832284,0.9307051846697831,169.27886133232056,0.054659918822727596,0.02997951184343268,0.08463943066616028,0.8175182481751825,224,163,61,50,0,159,132.7833333333333,95.81230158730156,9,41,9.0,8.578051202610062,60,0,218,11,0,11,218,0,4746.294939954523,474.6294939954523,10173.864669437064,1017.3864669437064,412.57200356408856,41.25720035640886,5976.426869913179,597.6426869913179,4785.0,478.5,0,0,0.06639166666666665,-0.00495,0.06639166666666665,-0.00495,0.0,0.0,0.06639166666666665,0.0045,0.06835361081769094,0.1512371546514059,-0.12392268580386392,0.003152862930450985,0.00034292744697138875,-0.012507368993404006,-0.00023489858883085106,-0.00016500000000000003,-4.239858883085107e-05,-2.750000000000001e-05,0.0,0.0,0.0,0.0,0.0,0.00034292744697138875,0.007732927446971275,0.06639166666666665,0.00034292744697138875,0.0,0.0,0.05465991882272855,0.029979511843432703,-0.009646620522915005,0.04318822263221525,-0.002411655130728751,0.032391166974161424,0.003152862930450985,0.003152862930450985,0.4656851048464641,0.15379819891112273,0.06918272085945487,0.0,0.0,0.014017790837399664,0.0,0.0,0.007389999999999887,0.04790615079365077,-0.004717928161435534,0.0055,0.109,-0.0035576795473591318,-0.004157419119858079,0.0005997395724989474,0.16467794003223796,0.13522768931256401,0.029450250719673932,0.940851092338562,0.12362796068191528,8292,7731,0,0.15961326989862654,0.360108221322298,26,8,16023,8292,7731,0.08132562620626868,cuda,74.1796875
203,244,200,True,1001,1001,923,606,317,8,309,0.3434452871072589,0.00866738894907909,0.3347778981581798,0.6122112211221122,1.5957095709570956,0.8006387933498562,13.206427966013994,27.972461582017022,0.4731125863856907,0.4780300366308036,0.1256099174493807,0.04384441222847983,0.1991920693079778,0.466033262879935,0.15006654505332065,0.06859250853442135,0.15695993676966075,0.011996773750868606,-0.024456627603939962,-0.02474809630594152,0.04223213253831706,8.107258938244854,8.107258938244854,5.967497291440953,0.40411700975081255,0.14993928004914192,0.09124835931534579,-0.07416003454815895,-0.06895780891059257,923,78,0,78,1.0,1.99000999000999,1.99000999000999,1.7659804983748646,123.26605337808306,79.05744228217081,-3.6086291464006544,82.66607142857143,0.9581728001099837,202.32349566025385,0.061633026689041526,0.0395287211410854,0.10116174783012692,0.7157894736842105,204,167,37,81,0,166,150.58333333333331,121.22142857142855,10,71,10.0,10.0,37,0,309,8,0,8,309,0,4831.67167511687,483.16716751168696,10286.798769972145,1028.6798769972145,377.6464006564363,37.76464006564363,6083.960368097172,608.3960368097172,4615.0,461.5,0,0,0.07529166666666666,-0.005499999999999999,0.07529166666666666,-0.005499999999999999,0.0,0.0,0.07529166666666666,0.005,0.07117209759441262,0.11501290283392145,-0.05129168997032279,0.0036323998794202074,0.0008584667785407978,-0.010425680990281756,-0.00015847285539418617,-0.00011999999999999999,-1.847285539418618e-05,-2.0000000000000005e-05,0.0,0.0,0.0,0.0,0.0,0.0008584667785407978,0.00699846677854071,0.07529166666666666,0.0008584667785407978,0.0,0.0,0.06163302668904227,0.039528721141085396,-0.007217258292801309,0.05511071428571429,-0.0018043145732003273,0.04133303571428571,0.0036323998794202074,0.0036323998794202074,0.4268057326204964,0.10303084896944459,0.05125503544439833,0.0,0.0,0.01771200732356812,0.0,0.0,0.006139999999999914,0.060610714285714275,-0.005499999999999999,0.004,0.1545,-0.0035576795473591318,-0.004157419119858079,0.0005997395724989474,0.16467794003223796,0.13522768931256401,0.029450250719673932,0.940851092338562,0.12362796068191528,8292,7731,0,0.15961326989862654,0.360108221322298,26,8,16023,8292,7731,0.08132562620626868,cuda,74.1796875
204,245,200,True,1081,1081,1018,814,204,12,192,0.20039292730844793,0.011787819253438114,0.18860510805500982,0.6167076167076168,1.6535626535626535,0.8168652513835588,12.876809035823738,24.951808549848177,0.45710523933475705,0.45168739235078964,0.20048393102257492,0.04522743125283674,0.1737662027258179,0.4416980683913395,0.21174414764348354,0.0808114673806748,0.13630409830041615,0.009989323959450125,-0.01126021662090862,-0.03558403612783805,0.03746210442540174,8.997053045186641,8.997053045186641,6.3762278978389,0.48919449901768175,0.10874843635743411,0.16215336247414724,-0.12565201910844534,-0.025788447281358116,1018,63,0,63,1.0,1.839962997224792,1.839962997224792,1.6355599214145382,97.13215532347053,55.99493385617706,-5.4151664601732685,61.410100316350295,0.9189652848183515,153.12708917964758,0.04856607766173526,0.027997466928088532,0.0765635445898238,0.7906137184115524,219,159,60,58,0,157,117.0595238095238,87.38013375513378,5,53,5.0,5.0,55,0,192,12,0,12,192,0,4440.845868093939,444.08458680939395,9583.098032947493,958.3098032947494,441.195315446409,44.1195315446409,5595.172030272698,559.5172030272698,5090.0,509.0,0,0,0.0585297619047619,-0.00275,0.0585297619047619,-0.00275,0.0,0.0,0.0585297619047619,0.0025,0.06716270548116247,0.15310510603336303,-0.10700789812165801,0.0030460830985826713,0.0004513406896287269,-0.013530315095288131,-0.00026375836979688734,-0.00018000000000000004,-5.375836979688737e-05,-3.0000000000000014e-05,0.0,0.0,0.0,0.0,0.0,0.0004513406896287269,0.008711340689628595,0.0585297619047619,0.0004513406896287269,0.0,0.0,0.04856607766173624,0.02799746692808849,-0.010830332920346537,0.0409400668775669,-0.002707583230086634,0.030705050158175148,0.0030460830985826713,0.0030460830985826713,0.45256629887825,0.16187897645201896,0.07270825500231257,0.0,0.0,0.00916827173035562,0.0,0.0,0.008259999999999868,0.0436900668775669,-0.00275,0.006,0.096,-0.0035576795473591318,-0.004157419119858079,0.0005997395724989474,0.16467794003223796,0.13522768931256401,0.029450250719673932,0.940851092338562,0.12362796068191528,8292,7731,0,0.15961326989862654,0.360108221322298,26,8,16023,8292,7731,0.08132562620626868,cuda,74.1796875
205,246,200,True,937,937,885,693,192,13,179,0.21694915254237288,0.014689265536723164,0.20225988700564973,0.5930735930735931,1.6248196248196247,0.8201286585687043,12.867308207920619,25.010020903006605,0.4328830907342666,0.4754459061491885,0.25647840997228377,0.0589951918027693,0.17899923046182675,0.46759451629021465,0.2559219313769307,0.11202410718444251,0.13714369229735837,0.007851389858973878,0.0005564785953530715,-0.05302891538167322,0.04185553816446838,10.168361581920903,10.168361581920903,7.553672316384181,0.480225988700565,0.10256661482890969,0.13699189622577038,-0.1741727148025363,-0.09725153635246661,885,52,0,52,1.0,1.9274279615795091,1.9274279615795091,1.6983050847457628,90.60848179157225,50.9051880472802,-5.0111622690700806,55.91635031635032,0.9177520621403273,141.51366983885245,0.04530424089578612,0.0254525940236401,0.07075683491942622,0.7992700729927007,219,152,67,55,0,146,111.49999999999997,83.35513375513379,9,46,9.0,8.0,66,0,179,13,1,13,179,0,4603.1215723986825,460.31215723986827,9533.932417256161,953.3932417256161,355.1497852533993,35.51497852533993,5792.234621572572,579.2234621572572,4425.0,442.5,0,1,0.05574999999999999,-0.00495,0.05574999999999999,-0.00495,0.0,0.0,0.05574999999999999,0.0045,0.06290819022542826,0.13620153672252297,-0.10413274588674665,0.0013422285125754077,0.0004612044789304567,-0.01090865385700694,-0.0002829056071925677,-0.00019500000000000005,-5.290560719256771e-05,-3.500000000000002e-05,0.0,0.0,0.0,-0.001,-0.001,0.0004612044789304567,0.007521204478930348,0.05474999999999999,0.0004612044789304567,0.0,0.0,0.045304240895786864,0.025452594023640078,-0.010022324538140162,0.037277566877566906,-0.0025055811345350404,0.02795817515817516,0.0013422285125754077,0.0013422285125754077,0.43257915147672193,0.15348341920225672,0.076159905392996,0.0,0.0,0.00852954448637704,0.0,0.0,0.007059999999999894,0.04167756687756689,-0.0044,0.0065,0.0895,-0.0035576795473591318,-0.004157419119858079,0.0005997395724989474,0.16467794003223796,0.13522768931256401,0.029450250719673932,0.940851092338562,0.12362796068191528,8292,7731,0,0.15961326989862654,0.360108221322298,26,8,16023,8292,7731,0.08132562620626868,cuda,74.1796875
206,247,200,True,1090,1090,1005,701,304,35,269,0.3024875621890547,0.03482587064676617,0.2676616915422886,0.5320970042796006,1.7945791726105564,0.7972369414253344,13.101564698484587,29.483978240194062,0.5082256126125334,0.4997159288119998,0.202569490513856,0.10442402820566539,0.17565713215024129,0.4993251911158568,0.2211284026803818,0.15808141028698527,0.13033632861155373,0.00039073769614295095,-0.018558912166525804,-0.053657382081319885,0.04532080353868756,11.56318407960199,11.56318407960199,9.196019900497513,0.4616915422885572,0.13160429903356108,0.02346860395509098,-0.06782693726297176,-0.08610542558477967,1005,85,0,85,1.0,1.8229357798165138,1.8229357798165138,1.56318407960199,85.57370182707423,47.0768953220564,-6.412784339818482,53.489679661874874,0.8929462344046949,132.65059714913065,0.042786850913537115,0.0235384476610282,0.06632529857456532,0.8229166666666666,237,156,81,51,0,154,103.08968253968253,72.7701029964188,5,46,5.0,1.3186637399263033,80,0,269,35,0,35,269,0,4486.72498749256,448.672498749256,9586.51540868464,958.6515408684639,416.9498089846511,41.69498089846511,5650.412652755441,565.0412652755441,5025.0,502.5,0,0,0.051544841269841254,-0.00275,0.051544841269841254,-0.00275,0.0,0.0,0.051544841269841254,0.0025,0.0663090460111416,0.15596275856748185,-0.14755308191928496,0.0012440261080475835,0.0003948894883204027,-0.01295513289111282,-0.0007467812414587113,-0.0005250000000000004,-0.00011928124145871165,-0.00010250000000000007,0.0,0.0,0.0,0.0,0.0,0.0003948894883204027,0.0077548894883202905,0.051544841269841254,0.0003948894883204027,0.0,0.0,0.042786850913537795,0.023538447661028146,-0.012825568679636964,0.035659786441249924,-0.003206392169909241,0.026744839830937436,0.0012440261080475835,0.0012440261080475835,0.4577516688854408,0.15634352069055532,0.11446923631754795,0.0,0.0,0.010837658015610352,0.0,0.0,0.0073599999999998875,0.03638505149820939,-0.0007252650569594669,0.0175,0.1345,-0.0035576795473591318,-0.004157419119858079,0.0005997395724989474,0.16467794003223796,0.13522768931256401,0.029450250719673932,0.940851092338562,0.12362796068191528,8292,7731,0,0.15961326989862654,0.360108221322298,26,8,16023,8292,7731,0.08132562620626868,cuda,74.1796875
207,248,200,True,977,977,899,576,323,8,315,0.3592880978865406,0.008898776418242492,0.3503893214682981,0.5416666666666666,1.75,0.7814605778548867,13.797484263777733,29.530163345237572,0.5326818711055239,0.4790572642555667,0.17362352147594923,0.04622238386542045,0.1634727236556096,0.4734147553746071,0.19360025058429325,0.08692505234810394,0.13348229271812467,0.005642508880959629,-0.019976729108344027,-0.04070266848268349,0.029990430937484935,8.740823136818687,8.740823136818687,6.655172413793103,0.40155728587319245,0.21948621324418555,0.1679038899910658,-0.11208007643781139,-0.03835944198512701,899,78,0,78,1.0,2.022517911975435,2.022517911975435,1.7730812013348165,107.93861866078883,68.00422105176364,-4.546443640723391,72.55066469248705,0.9410296476869942,175.94283971255248,0.05396930933039441,0.03400211052588182,0.08797141985627624,0.782608695652174,216,165,51,60,0,162,131.6785714285714,101.28128815628817,5,55,5.0,4.133698696641296,51,0,315,8,0,8,315,0,5061.627331837951,506.16273318379507,10808.911504632144,1080.8911504632144,381.0950988272808,38.109509882728084,6374.474943297205,637.4474943297205,4495.0,449.5,0,0,0.0658392857142857,-0.0027500000000000003,0.0658392857142857,-0.0027500000000000003,0.0,0.0,0.0658392857142857,0.0025,0.07009421431895793,0.10641367640713525,-0.07960680614141957,0.0023101934978377275,0.0006494037948293721,-0.011157263908457586,-0.0001603538403317069,-0.00011999999999999999,-2.0353840331706916e-05,-2.0000000000000005e-05,0.0,0.0,0.0,0.0,0.0,0.0006494037948293721,0.006489403794829288,0.0658392857142857,0.0006494037948293721,0.0,0.0,0.05396930933039512,0.034002110525881875,-0.009092887281446782,0.04836710979499135,-0.0022732218203616954,0.03627533234624352,0.0023101934978377275,0.0023101934978377275,0.4359422194740413,0.12114766911990336,0.06581066627651404,0.0,0.0,0.01139413272942644,0.0,0.0,0.00583999999999992,0.050640644078144066,-0.0022735342831527124,0.004,0.1575,-0.0035576795473591318,-0.004157419119858079,0.0005997395724989474,0.16467794003223796,0.13522768931256401,0.029450250719673932,0.940851092338562,0.12362796068191528,8292,7731,0,0.15961326989862654,0.360108221322298,26,8,16023,8292,7731,0.08132562620626868,cuda,74.1796875
208,249,200,True,1130,1130,1071,869,202,43,159,0.18860877684407096,0.040149393090569564,0.1484593837535014,0.5903337169159953,1.661680092059839,0.7596170746896017,13.97185017242256,27.683615872925802,0.460423272202674,0.48194126928840325,0.23095713842175772,0.06534533496995396,0.18319959020385704,0.4765448898454256,0.24323633163245728,0.10564816686468385,0.13796149041949501,0.005396379442977661,-0.012279193210699563,-0.0403028318947299,0.045238099784362024,13.974789915966387,13.974789915966387,11.436974789915967,0.4649859943977591,0.1500723346134148,0.06662806569145772,-0.07801491573359562,-0.05478301610108234,1071,59,0,59,1.0,1.7628318584070797,1.7628318584070797,1.5406162464985995,95.07241039273474,50.74670112180768,-6.6388778825213,57.385579004328996,0.8963071581496721,145.8191115145424,0.04753620519636737,0.02537335056090384,0.0729095557572712,0.8683274021352313,244,153,91,37,0,152,114.06666666666668,77.61410533910534,1,36,1.0,1.0,91,0,159,43,0,43,159,0,4286.6705025957235,428.66705025957236,9302.677336013892,930.2677336013892,449.6669775428216,44.96669775428216,5402.179664344437,540.2179664344437,5355.0,535.5,0,0,0.05703333333333334,-0.00055,0.05703333333333334,-0.00055,0.0,0.0,0.05703333333333334,0.0005,0.06524348447534724,0.190066494857908,-0.15397126233233274,0.0024862550384531605,0.00042769264850358934,-0.014549375370901785,-0.0009075709153701326,-0.0006450000000000005,-0.00014507091537013285,-0.00011750000000000009,0.0,0.0,0.0,0.0,0.0,0.00042769264850358934,0.009547692648503438,0.05703333333333334,0.00042769264850358934,0.0,0.0,0.04753620519636838,0.025373350560903885,-0.013277755765042601,0.03825705266955268,-0.0033194389412606502,0.028692789502164497,0.0024862550384531605,0.0024862550384531605,0.4749570449746034,0.17894775805232033,0.08856370251046054,0.0,0.0,0.008384062805210445,0.0,0.0,0.00911999999999985,0.03880705266955267,-0.00055,0.0215,0.0795,-0.0035576795473591318,-0.004157419119858079,0.0005997395724989474,0.16467794003223796,0.13522768931256401,0.029450250719673932,0.940851092338562,0.12362796068191528,8292,7731,0,0.15961326989862654,0.360108221322298,26,8,16023,8292,7731,0.08132562620626868,cuda,74.1796875
209,250,200,True,1017,1017,945,729,216,13,203,0.22857142857142856,0.013756613756613757,0.21481481481481482,0.5500685871056241,1.7640603566529491,0.7967921965161469,13.194030034362207,26.896226511994794,0.5222131099058828,0.4938639685286743,0.19106861373054473,0.060117278925803666,0.1714546027221552,0.48949758360987666,0.21810955336810547,0.09931157921397463,0.13875058510267932,0.00436638491879765,-0.02704093963756074,-0.03919430028817096,0.03270401761947589,10.81904761904762,10.81904761904762,8.19047619047619,0.5047619047619047,0.13503634200469092,0.1187220833782074,-0.10003620924808425,-0.1022689347751543,945,72,0,72,1.0,1.9223205506391348,1.9223205506391348,1.6772486772486772,100.25941012286404,55.76824622397192,-6.207227260876582,61.97547348484848,0.9089618452629898,156.02765634683595,0.05012970506143202,0.027884123111985962,0.07801382817341798,0.8767605633802817,249,166,83,35,0,160,121.41666666666663,85.93396464646466,3,32,3.0,3.0,83,0,203,13,0,13,203,0,4890.824896267664,489.08248962676646,10493.765049717147,1049.3765049717147,436.6065845618447,43.66065845618447,6159.293570292379,615.9293570292378,4725.0,472.5,0,0,0.06070833333333332,-0.0016500000000000002,0.06070833333333332,-0.0016500000000000002,0.0,0.0,0.06070833333333332,0.0015,0.06873993309980149,0.14799875660310488,-0.10978017345551234,0.001784687781678198,0.000395191973826762,-0.013843394802347503,-0.000270842466623262,-0.00019500000000000005,-4.3342466623262015e-05,-3.250000000000002e-05,0.0,0.0,0.0,0.0,0.0,0.000395191973826762,0.007815191973826647,0.06070833333333332,0.000395191973826762,0.0,0.0,0.050129705061432925,0.027884123111985945,-0.012414454521753165,0.04131698232323233,-0.0031036136304382913,0.03098773674242424,0.001784687781678198,0.001784687781678198,0.4861727311215586,0.1622527506296906,0.08549036746972241,0.0,0.0,0.009150125262765828,0.0,0.0,0.007419999999999886,0.04296698232323233,-0.0016500000000000002,0.0065,0.1015,-0.003461785156590243,-0.0018847369899352392,-0.001577048166655004,0.13267113953802942,0.10582431985272302,0.0268468196853064,0.9549834132194519,0.1370924711227417,8567,8020,0,0.1467754453420639,0.3707508884370327,27,8,16587,8567,8020,0.0795906932455464,cuda,77.10595703125
210,251,200,True,1109,1109,1055,849,206,14,192,0.195260663507109,0.013270142180094787,0.1819905213270142,0.5005889281507656,1.8339222614840989,0.8010532872836919,13.14772217124876,28.958650759589123,0.47449926485326915,0.5183393454137483,0.23080836551525005,0.02657572451695905,0.20026978445365515,0.5120870111898483,0.26639856672566053,0.05726053490255739,0.150652134227177,0.006252334223899925,-0.03559020121041048,-0.03068481038559834,0.049617650226478155,13.05781990521327,13.044549763033176,10.2739336492891,0.5639810426540285,0.1464687419642414,0.09051772201419775,-0.12990284710271108,-0.04605824931353689,1055,54,0,54,1.0,1.7844905320108206,1.7844905320108206,1.5943127962085308,116.40724962006917,63.45174478376055,-5.925636168620406,69.37738095238093,0.9213094455551663,179.8589944038297,0.058203624810034583,0.031725872391880273,0.08992949720191486,0.8165467625899281,227,161,66,51,0,158,140.91666666666666,98.00317460317457,5,46,5.0,5.0,63,0,192,14,0,14,192,0,4341.011506442844,434.10115064428436,9320.637289877503,932.0637289877502,452.61460558495634,45.261460558495635,5468.402987581871,546.840298758187,5275.0,527.5,0,0,0.07045833333333333,-0.00275,0.07045833333333333,-0.00275,0.0,0.0,0.07045833333333333,0.0025,0.06742159782642475,0.1883672707343209,-0.1562204879749483,0.0031222053397734224,0.0005547907168396022,-0.014649086393361346,-0.00033153983855839487,-0.00021000000000000006,-8.653983855839489e-05,-3.500000000000002e-05,0.0,0.0,0.0,0.0,0.0,0.0005547907168396022,0.009184790716839464,0.07045833333333333,0.0005547907168396022,0.0,0.0,0.05820362481003561,0.03172587239188029,-0.011851272337240813,0.04625158730158729,-0.0029628180843102032,0.03468869047619046,0.0031222053397734224,0.0031222053397734224,0.47993708554919,0.17926999446799163,0.04630792262806147,0.0,0.0,0.012723315997964568,0.0,0.0,0.00862999999999986,0.049001587301587275,-0.00275,0.007,0.096,-0.003461785156590243,-0.0018847369899352392,-0.001577048166655004,0.13267113953802942,0.10582431985272302,0.0268468196853064,0.9549834132194519,0.1370924711227417,8567,8020,0,0.1467754453420639,0.3707508884370327,27,8,16587,8567,8020,0.0795906932455464,cuda,77.10595703125
211,252,200,True,1069,1069,992,811,181,12,169,0.18245967741935484,0.012096774193548387,0.17036290322580644,0.6214549938347719,1.6387176325524044,0.7770177993909645,13.515451739366487,29.31869248309059,0.45200845300181985,0.4786173303493295,0.17438288455146897,0.05613333375208107,0.20695992097552549,0.4718136107399784,0.19329611276553166,0.09128460037762026,0.1545434631223523,0.006803719609351111,-0.01891322821406269,-0.03515126662553919,0.0524164578531732,10.856854838709678,10.856854838709678,8.274193548387096,0.49798387096774194,0.19563108684434768,0.0942216870096392,-0.061463846239846055,-0.07397126461002701,992,77,0,77,1.0,1.8372310570626753,1.8372310570626753,1.654233870967742,108.52586054533047,63.95790822839183,-5.677005815897191,69.63491404428905,0.9246200890053482,172.48376877372232,0.05426293027266524,0.031978954114195914,0.08624188438686116,0.8561151079136691,238,160,78,40,0,156,131.22023809523807,98.34655205905204,5,35,5.0,5.0,76,0,169,12,0,12,169,0,4499.96384072213,449.996384072213,9708.905303764044,970.8905303764044,433.7496540780335,43.374965407803344,5669.393028432634,566.9393028432635,4960.0,496.0,0,0,0.06561011904761904,-0.0027500000000000007,0.06561011904761904,-0.0027500000000000007,0.0,0.0,0.06561011904761904,0.0024999999999999996,0.06696247036279566,0.1672328071877547,-0.10988206202643848,0.0023455053677490984,0.0006441751728500526,-0.013330140212159457,-0.00024375395716469102,-0.00018000000000000004,-3.3753957164691074e-05,-3.0000000000000014e-05,0.0,0.0,0.0,0.0,0.0,0.0006441751728500526,0.00887417517284992,0.06561011904761904,0.0006441751728500526,0.0,0.0,0.054262930272666175,0.031978954114195934,-0.011354011631794381,0.046423276029526034,-0.0028385029079485953,0.034817457022144525,0.0023455053677490984,0.0023455053677490984,0.46550958526242375,0.14470577916738667,0.07655088896601626,0.0,0.0,0.01386225653192458,0.0,0.0,0.00822999999999987,0.04917327602952602,-0.0027500000000000007,0.006,0.0845,-0.003461785156590243,-0.0018847369899352392,-0.001577048166655004,0.13267113953802942,0.10582431985272302,0.0268468196853064,0.9549834132194519,0.1370924711227417,8567,8020,0,0.1467754453420639,0.3707508884370327,27,8,16587,8567,8020,0.0795906932455464,cuda,77.10595703125
212,253,200,True,1094,1094,1012,776,236,21,215,0.233201581027668,0.020750988142292492,0.2124505928853755,0.538659793814433,1.7706185567010309,0.7891988521537829,13.238332430111994,29.173754176182538,0.4818972351867788,0.5095966075806274,0.21024410867314672,0.04672545769021453,0.1880152922666142,0.5045466942078981,0.2367854180035287,0.0944199465191503,0.14375836780227566,0.005049913372729309,-0.026541309330381985,-0.04769448882893577,0.04425692446433854,12.75,12.75,10.162055335968379,0.5197628458498024,0.14524132437861167,0.05349191721560315,-0.09537763409324847,-0.04669575679934763,1012,82,0,82,1.0,1.803473491773309,1.803473491773309,1.608695652173913,99.72818712075612,50.52725571131327,-6.000106509798942,56.5273622211122,0.9040404700273318,150.25544283206938,0.04986409356037806,0.025263627855656636,0.07512772141603469,0.8633093525179856,240,159,81,38,0,156,120.54285714285712,79.76981629481628,4,34,4.0,4.0,80,0,215,21,0,21,215,0,4490.218826036714,449.0218826036714,9663.270582207968,966.3270582207967,420.0526235702796,42.00526235702796,5652.892747985398,565.2892747985399,5060.0,506.0,0,0,0.060271428571428545,-0.0022,0.060271428571428545,-0.0022,0.0,0.0,0.060271428571428545,0.002,0.06667258514897197,0.1699933719367246,-0.14500984890208363,0.0027260103512078892,0.0002647535161759089,-0.013598263763962993,-0.0004730925574942475,-0.0003150000000000002,-9.559255749424756e-05,-6.250000000000004e-05,0.0,0.0,0.0,0.0,0.0,0.0002647535161759089,0.008234753516175784,0.060271428571428545,0.0002647535161759089,0.0,0.0,0.04986409356037896,0.025263627855656612,-0.012000213019597885,0.03768490814740815,-0.0030000532548994712,0.028263681110556098,0.0027260103512078892,0.0027260103512078892,0.46883885105346035,0.16423476624963748,0.08230969319140122,0.0,0.0,0.006752693164396542,0.0,0.0,0.007969999999999875,0.03988490814740814,-0.0022,0.0105,0.1075,-0.003461785156590243,-0.0018847369899352392,-0.001577048166655004,0.13267113953802942,0.10582431985272302,0.0268468196853064,0.9549834132194519,0.1370924711227417,8567,8020,0,0.1467754453420639,0.3707508884370327,27,8,16587,8567,8020,0.0795906932455464,cuda,77.10595703125
213,254,200,True,1060,1060,994,677,317,11,306,0.31891348088531185,0.011066398390342052,0.30784708249496984,0.55096011816839,1.7090103397341212,0.7915654363361032,13.319548694210532,32.53801152788026,0.4443698877279036,0.5183913741189232,0.18592018177361397,0.03673147909312978,0.21851161723761123,0.5165656231222688,0.20889771126617884,0.08772432655605049,0.15765807367145926,0.001825750996654385,-0.022977529492564874,-0.05099284746292071,0.06085354356615197,10.795774647887324,10.795774647887324,8.40241448692153,0.4818913480885312,0.18091938521124168,0.058460066578672046,-0.10748189662819058,0.0050797163354818296,994,66,0,66,1.0,1.868867924528302,1.868867924528302,1.6670020120724347,103.90708179079651,56.87726721976311,-4.543547382301436,61.4208146020646,0.931121180503826,160.78434901055962,0.051953540895398255,0.028438633609881556,0.08039217450527981,0.8960573476702509,250,162,88,29,0,159,126.20238095238093,90.69441946941944,8,21,8.0,8.0,88,0,306,11,0,11,306,0,4634.278042527414,463.4278042527414,9876.835498393499,987.6835498393499,357.77999784188484,35.77799978418848,5835.487763862448,583.5487763862449,4970.0,497.0,0,0,0.06310119047619046,-0.004399999999999999,0.06310119047619046,-0.004399999999999999,0.0,0.0,0.06310119047619046,0.004,0.0683430327629052,0.14571244637784772,-0.11826359026549832,0.002204197572095815,0.00048294257222964077,-0.010939578675673719,-0.00024350220926761763,-0.00016500000000000003,-4.8502209267617616e-05,-3.000000000000001e-05,0.0,0.0,0.0,0.0,0.0,0.00048294257222964077,0.007362942572229538,0.06310119047619046,0.00048294257222964077,0.0,0.0,0.05195354089539903,0.028438633609881553,-0.009087094764602873,0.04094720973470973,-0.002271773691150718,0.030710407301032302,0.002204197572095815,0.002204197572095815,0.45634844070196046,0.1376247936316198,0.06043950295945811,0.0,0.0,0.015095596531854502,0.0,0.0,0.0068799999999998975,0.04534720973470973,-0.004399999999999999,0.0055,0.153,-0.003461785156590243,-0.0018847369899352392,-0.001577048166655004,0.13267113953802942,0.10582431985272302,0.0268468196853064,0.9549834132194519,0.1370924711227417,8567,8020,0,0.1467754453420639,0.3707508884370327,27,8,16587,8567,8020,0.0795906932455464,cuda,77.10595703125
214,255,200,True,1089,1089,1033,862,171,17,154,0.16553727008712488,0.016456921587608905,0.14908034849951599,0.5452436194895591,1.8109048723897911,0.8108397572541182,12.769965499293777,26.46125292050244,0.4634508371985516,0.4977711724363734,0.24062292703930852,0.06561698294849742,0.18866455346224895,0.5028982997597509,0.2675647629876545,0.12610912829121088,0.13759172035990555,-0.005127127323377445,-0.02694183594834601,-0.06049214534271345,0.051072833102343396,12.197483059051306,12.197483059051306,9.351403678606001,0.5818005808325266,0.13561788003712538,0.16285128176351185,-0.12653534740903571,-0.061847982251641384,1033,56,0,56,1.0,1.8025711662075299,1.8025711662075299,1.579864472410455,93.74567008352177,50.8291516613884,-5.920464347602583,56.749616008991005,0.9055296512480109,144.57482174491017,0.04687283504176089,0.0254145758306942,0.07228741087245508,0.8494623655913979,237,162,75,42,0,158,112.56904761904761,77.86615467865471,2,40,2.0,2.0,74,0,154,17,0,17,154,0,4479.78024193015,447.97802419301496,9679.86700825369,967.986700825369,443.5129978077462,44.351299780774625,5641.76026022794,564.1760260227941,5165.0,516.5,0,0,0.0562845238095238,-0.0011,0.0562845238095238,-0.0011,0.0,0.0,0.0562845238095238,0.001,0.06751026501250944,0.18766019135098386,-0.1692918960850366,0.0029719210941705,0.0004360799707090639,-0.014527077171701167,-0.0003536684432996993,-0.0002550000000000001,-5.6168443299699285e-05,-4.250000000000002e-05,0.0,0.0,0.0,0.0,0.0,0.0004360799707090639,0.009226079970708921,0.0562845238095238,0.0004360799707090639,0.0,0.0,0.04687283504176192,0.025414575830694206,-0.011840928695205167,0.037833077339327364,-0.0029602321738012916,0.028374808004495503,0.0029719210941705,0.0029719210941705,0.49975031932621233,0.1866082740969265,0.09273814901579568,0.0,0.0,0.009465700299915216,0.0,0.0,0.008789999999999857,0.03893307733932737,-0.0011,0.0085,0.077,-0.003461785156590243,-0.0018847369899352392,-0.001577048166655004,0.13267113953802942,0.10582431985272302,0.0268468196853064,0.9549834132194519,0.1370924711227417,8567,8020,0,0.1467754453420639,0.3707508884370327,27,8,16587,8567,8020,0.0795906932455464,cuda,77.10595703125
215,256,200,True,1006,1006,942,715,227,18,209,0.24097664543524416,0.01910828025477707,0.2218683651804671,0.6321678321678321,1.5944055944055944,0.7903555369877315,13.396279392375813,25.120257025915425,0.46508012811756705,0.4556687273762443,0.1573501711854568,0.0619378240375252,0.18013176985241316,0.45041434625228804,0.18517210964712646,0.08900471838594942,0.14282067956572228,0.005254381123956264,-0.027821938461669665,-0.02706689434842422,0.037311090286690884,9.387473460721868,9.387473460721868,7.024416135881104,0.4171974522292994,0.18763699469274747,0.11219463044483005,-0.09337715175638354,-0.06289843789716595,942,64,0,64,1.0,1.9413518886679921,1.9413518886679921,1.6932059447983014,106.80394900232358,60.36023380570704,-5.412961748738515,65.77319555444554,0.9239604727407249,167.1641828080306,0.05340197450116179,0.03018011690285352,0.0835820914040153,0.8327402135231317,234,169,65,47,0,164,129.49999999999997,92.09759407259409,4,43,4.0,4.0,62,0,209,18,0,18,209,0,4894.792526393873,489.4792526393873,10422.331259271888,1042.233125927189,403.2478050584007,40.32478050584007,6162.555707930729,616.2555707930729,4710.0,471.0,0,0,0.06474999999999997,-0.0022,0.06474999999999997,-0.0022,0.0,0.0,0.06474999999999997,0.002,0.07035094458339283,0.13794287712559522,-0.08561930323156723,0.0017110330332979484,0.0006798725058088931,-0.012092083326315662,-0.00039194084027815854,-0.0002700000000000001,-6.94408402781587e-05,-5.2500000000000036e-05,0.0,0.0,0.0,0.0,0.0,0.0006798725058088931,0.008009872505808781,0.06474999999999997,0.0006798725058088931,0.0,0.0,0.053401974501162734,0.030180116902853507,-0.01082592349747703,0.043848797036297044,-0.0027064808743692574,0.03288659777722277,0.0017110330332979484,0.0017110330332979484,0.4660753261617813,0.1383274714996998,0.07732029944409659,0.0,0.0,0.014406688637567755,0.0,0.0,0.007329999999999888,0.04604879703629704,-0.0022,0.009,0.1045,-0.003461785156590243,-0.0018847369899352392,-0.001577048166655004,0.13267113953802942,0.10582431985272302,0.0268468196853064,0.9549834132194519,0.1370924711227417,8567,8020,0,0.1467754453420639,0.3707508884370327,27,8,16587,8567,8020,0.0795906932455464,cuda,77.10595703125
216,257,200,True,1123,1123,1047,848,199,15,184,0.19006685768863418,0.014326647564469915,0.17574021012416427,0.5306603773584906,1.7771226415094339,0.7967055259659043,13.166793121481842,27.785428197035248,0.4066175371574188,0.49247252809340664,0.23874657975843633,0.05600377475790117,0.21293719952161652,0.49094529903300527,0.2563020157878164,0.11528422575573577,0.14632906297327214,0.0015272290604013694,-0.01755543602938009,-0.0592804509978346,0.06660813654834438,11.669531996179561,11.669531996179561,8.954154727793696,0.5463228271251194,0.18761268805254064,0.08393000801966888,-0.1024703934423987,-0.03592169534064631,1047,76,0,76,1.0,1.7649154051647373,1.7649154051647373,1.5577841451766954,89.93403318704897,52.36784282173581,-5.194827102175151,57.56266992391095,0.9172238003689688,142.30187600878477,0.044967016593524485,0.026183921410867908,0.07115093800439239,0.8759124087591241,240,151,89,34,0,148,107.86428571428569,77.13391885891888,1,33,1.0,0.3488111760947514,88,0,184,15,0,15,184,0,4332.666825739715,433.2666825739715,9339.759003792022,933.9759003792021,399.55887687470187,39.95588768747019,5455.284096773565,545.5284096773564,5235.0,523.5,0,0,0.05393214285714285,-0.00055,0.05393214285714285,-0.00055,0.0,0.0,0.05393214285714285,0.0005,0.06345882985888884,0.18181810479519936,-0.15816677602821957,0.0025853160510328974,0.00047651153905111044,-0.012538606247777483,-0.0003261543115491417,-0.0002250000000000001,-5.8654311549141646e-05,-4.250000000000002e-05,0.0,0.0,0.0,0.0,0.0,0.00047651153905111044,0.009106511539050973,0.05393214285714285,0.00047651153905111044,0.0,0.0,0.04496701659352538,0.026183921410867922,-0.010389654204350302,0.03837511328260733,-0.0025974135510875756,0.028781334961955476,0.0025853160510328974,0.0025853160510328974,0.47990955672763586,0.18198689188619097,0.08430969616669345,0.0,0.0,0.008272998035332275,0.0,0.0,0.00862999999999986,0.038566959429459445,-0.00019184614685211325,0.0075,0.092,-0.003461785156590243,-0.0018847369899352392,-0.001577048166655004,0.13267113953802942,0.10582431985272302,0.0268468196853064,0.9549834132194519,0.1370924711227417,8567,8020,0,0.1467754453420639,0.3707508884370327,27,8,16587,8567,8020,0.0795906932455464,cuda,77.10595703125
217,258,200,True,1051,1051,984,786,198,9,189,0.20121951219512196,0.009146341463414634,0.19207317073170732,0.5343511450381679,1.7951653944020356,0.8096526678054388,12.882766988137902,25.99292558916956,0.5031806325314206,0.4804928890659306,0.18293242333527968,0.08192468850942135,0.1690755335106953,0.48159716098211497,0.19844454286250335,0.1403338934285104,0.13262176229772527,-0.0011042719161843961,-0.015512119527223672,-0.05840920491908906,0.036453771212970026,10.68191056910569,10.68191056910569,7.967479674796748,0.5152439024390244,0.12783197536919375,0.13868208682857666,-0.13728915456944868,-0.05180300942228224,984,67,0,67,1.0,1.8744053282588011,1.8744053282588011,1.6595528455284554,91.90106240927871,49.2474024921821,-6.345571200791592,55.592973692973686,0.8975505283232714,141.1484649014608,0.04595053120463936,0.024623701246091048,0.07057423245073041,0.8291814946619217,233,160,73,48,0,157,110.64523809523807,77.42396492396496,3,45,3.0,3.0,71,0,189,9,0,9,189,0,4650.1604697491575,465.01604697491575,10077.416445218845,1007.7416445218845,450.24500464874757,45.024500464874755,5855.98842598999,585.598842598999,4920.0,492.0,0,0,0.05532261904761904,-0.0016500000000000002,0.05532261904761904,-0.0016500000000000002,0.0,0.0,0.05532261904761904,0.0015,0.06732770381505307,0.15761874830195055,-0.12074903812375903,0.001975932776094334,0.0005121798327207096,-0.0143818173561577,-0.00019184034171476524,-0.000135,-3.434034171476526e-05,-2.2500000000000005e-05,0.0,0.0,0.0,0.0,0.0,0.0005121798327207096,0.008462179832720584,0.05532261904761904,0.0005121798327207096,0.0,0.0,0.04595053120464026,0.024623701246091083,-0.012691142401583184,0.0370619824619825,-0.003172785600395796,0.027796486846486845,0.001975932776094334,0.001975932776094334,0.4735515796202004,0.1545020666387924,0.10875947198131944,0.0,0.0,0.009850853151825248,0.0,0.0,0.007949999999999876,0.03871198246198249,-0.0016500000000000002,0.0045,0.0945,-0.0035773046663962306,-0.00024088240461423994,-0.0033364222617819905,0.16437109641265124,0.1352105423808098,0.02916055403184146,0.9427279829978943,0.16014009714126587,8158,7749,0,0.1371384909376502,0.36336703300476075,28,8,15907,8158,7749,0.08388060907607829,cuda,74.28515625
218,259,200,True,1009,1009,961,671,290,12,278,0.3017689906347555,0.012486992715920915,0.2892819979188345,0.5365126676602087,1.751117734724292,0.801817189030427,12.999878998484945,28.595626951862908,0.500403352910042,0.5041164658108696,0.21901000917357588,0.03117364598646338,0.18233137385955778,0.4977636601104111,0.24758917033178218,0.06495006709365138,0.1450881848025695,0.00635280570045843,-0.0285791611582063,-0.033776421107187996,0.037243189056988285,10.953173777315296,10.953173777315296,8.619146722164412,0.44016649323621226,0.14964188848811957,0.09707467568883289,-0.14009154667746354,-0.019796971486049055,961,48,0,48,1.0,1.9444995044598612,1.9444995044598612,1.672216441207076,109.50143118653853,62.734619549019236,-5.229070927171204,67.96369047619048,0.9285575400229258,172.23605073555777,0.054750715593269265,0.03136730977450962,0.08611802536777888,0.8216783216783217,235,163,72,51,1,158,133.1666666666666,100.518253968254,11,40,11.0,9.0,72,0,278,12,0,12,278,0,4968.66262235162,496.86626223516197,10464.03534181268,1046.403534181268,394.7108093199201,39.471080931992006,6253.62286775161,625.362286775161,4805.0,480.5,0,0,0.0665833333333333,-0.006049999999999999,0.0665833333333333,-0.006049999999999999,0.0,0.0,0.0665833333333333,0.0055,0.06839593443205363,0.141709060694582,-0.11706418263901584,0.002204545293036663,0.0005902446330129914,-0.012209841811364327,-0.0002581213865847235,-0.00018000000000000004,-4.8121386584723545e-05,-3.0000000000000014e-05,0.0,0.0,0.0,0.0,0.0,0.0005902446330129914,0.007420244633012889,0.0665833333333333,0.0005902446330129914,0.0,0.0,0.054750715593270154,0.03136730977450968,-0.010458141854342408,0.045309126984127,-0.002614535463585602,0.03398184523809524,0.002204545293036663,0.002204545293036663,0.4675783264721365,0.14931985553530766,0.05188092710140945,0.0,0.0,0.017729211297661317,0.0,0.0,0.006829999999999899,0.050259126984126996,-0.0049499999999999995,0.006,0.139,-0.0035773046663962306,-0.00024088240461423994,-0.0033364222617819905,0.16437109641265124,0.1352105423808098,0.02916055403184146,0.9427279829978943,0.16014009714126587,8158,7749,0,0.1371384909376502,0.36336703300476075,28,8,15907,8158,7749,0.08388060907607829,cuda,74.28515625
219,260,200,True,1029,1029,976,718,258,10,248,0.26434426229508196,0.010245901639344262,0.2540983606557377,0.5501392757660167,1.722841225626741,0.7928991441441113,13.243795097372326,25.163706274666826,0.45311063119499173,0.5015615057563383,0.19397070225131047,0.035398305731651716,0.20015391609618507,0.4901976532051158,0.22864818179974733,0.05244945656993974,0.15655557176456228,0.011363852551222464,-0.03467747954843686,-0.017051150838288023,0.043598344331622796,10.95389344262295,10.95389344262295,8.466188524590164,0.45286885245901637,0.1956117194999097,0.09879939333072746,-0.13894443917883045,-0.0875433477027634,976,53,0,53,1.0,1.903790087463557,1.903790087463557,1.6915983606557377,125.28546166726684,75.2140618375399,-4.290700067221979,79.50476190476189,0.9487955556751209,200.49952350480675,0.06264273083363342,0.03760703091876995,0.10024976175240337,0.8057553956834532,224,168,56,54,0,163,152.5,119.2063492063492,12,42,12.0,12.0,54,0,248,10,0,10,248,0,4749.441296966501,474.94412969665007,10131.916341373137,1013.1916341373137,400.0709911755417,40.00709911755417,5982.4707273023005,598.24707273023,4880.0,488.0,0,0,0.07625,-0.0066,0.07625,-0.0066,0.0,0.0,0.07625,0.006,0.06972781179098336,0.15155013085809718,-0.10349635907111593,0.0036447585814474923,0.0009336541681670878,-0.011830306643706833,-0.00022667305095027678,-0.00015000000000000001,-5.167305095027679e-05,-2.5000000000000008e-05,0.0,0.0,0.0,0.0,0.0,0.0009336541681670878,0.008213654168166978,0.07625,0.0009336541681670878,0.0,0.0,0.06264273083363428,0.03760703091876996,-0.008581400134443959,0.0530031746031746,-0.0021453500336109897,0.03975238095238095,0.0036447585814474923,0.0036447585814474923,0.4560705563568024,0.14346608667279473,0.04392562364471309,0.0,0.0,0.02197425182164163,0.0,0.0,0.007279999999999889,0.0596031746031746,-0.0066,0.005,0.124,-0.0035773046663962306,-0.00024088240461423994,-0.0033364222617819905,0.16437109641265124,0.1352105423808098,0.02916055403184146,0.9427279829978943,0.16014009714126587,8158,7749,0,0.1371384909376502,0.36336703300476075,28,8,15907,8158,7749,0.08388060907607829,cuda,74.28515625
220,261,200,True,1093,1093,1051,772,279,8,271,0.2654614652711703,0.007611798287345386,0.25784966698382494,0.46113989637305697,1.91580310880829,0.8094479773058484,12.920418434192479,29.387151537163888,0.5143238938287041,0.5324922325041319,0.2636945601794,0.05364011933030609,0.17688407740492973,0.5272487177093721,0.28144141964957003,0.11233167948594577,0.1377602732677611,0.005243514794759818,-0.017746859470170018,-0.058691560155639685,0.03912380413716862,12.07231208372978,12.07231208372978,9.404376784015223,0.5547098001902949,0.10365619825497174,0.08968398213447758,-0.14304604334515664,-0.0510771085065089,1051,42,0,42,1.0,1.8023787740164685,1.8023787740164685,1.5718363463368221,91.25312210791685,43.86623362244271,-6.268818090550175,50.13505171299287,0.8888583688958803,135.11935573035956,0.045626561053958424,0.021933116811221353,0.06755967786517977,0.8374558303886925,237,157,80,46,0,153,109.9642857142857,71.2467356173239,6,40,6.0,4.0,79,0,271,8,0,8,271,0,4470.143756837155,447.01437568371546,9626.278992179343,962.6278992179343,439.77364120808073,43.977364120808076,5630.445539931131,563.0445539931131,5255.0,525.5,0,0,0.05498214285714284,-0.0033000000000000004,0.05498214285714284,-0.0033000000000000004,0.0,0.0,0.05498214285714284,0.0029999999999999996,0.06557150553858068,0.17247056717195489,-0.16952829258087335,0.002255929652263854,0.0004042338412206818,-0.014438474399556188,-0.00017358976762249102,-0.00011999999999999999,-3.358976762249103e-05,-2.0000000000000005e-05,0.0,0.0,0.0,0.0,0.0,0.0004042338412206818,0.00820423384122056,0.05498214285714284,0.0004042338412206818,0.0,0.0,0.04562656105395913,0.021933116811221356,-0.01253763618110035,0.033423367808661966,-0.0031344090452750874,0.025067525856496433,0.002255929652263854,0.002255929652263854,0.48797384234535646,0.1983239061021023,0.07892276090509252,0.0,0.0,0.009725082237069856,0.0,0.0,0.007799999999999878,0.03562336780866196,-0.0022,0.004,0.1355,-0.0035773046663962306,-0.00024088240461423994,-0.0033364222617819905,0.16437109641265124,0.1352105423808098,0.02916055403184146,0.9427279829978943,0.16014009714126587,8158,7749,0,0.1371384909376502,0.36336703300476075,28,8,15907,8158,7749,0.08388060907607829,cuda,74.28515625
221,262,200,True,964,964,917,710,207,9,198,0.2257360959651036,0.009814612868047983,0.2159214830970556,0.6507042253521127,1.564788732394366,0.799964050990595,13.104944581045231,24.53608092640487,0.5113191686500139,0.45721858536273663,0.2365421931613499,0.030389765198801606,0.16147184671283188,0.4463265531289745,0.2593984734096473,0.050652559909930214,0.13282090714857192,0.010892032233762117,-0.02285628024829739,-0.020262794711128608,0.02865093956425996,9.97928026172301,9.97928026172301,7.66412213740458,0.38495092693565974,0.1158463108239787,0.1403849147884384,-0.1686625464313123,-0.06658206352839084,917,47,0,47,1.0,2.0394190871369293,2.0394190871369293,1.7764449291166848,124.7754299160142,69.44955441737115,-6.338838439771712,75.7883928571429,0.9228168496651872,194.22498433338535,0.0623877149580071,0.034724777208685574,0.09711249216669268,0.8214285714285714,230,170,60,50,0,166,151.91666666666666,113.15119047619048,12,38,12.0,11.0,59,0,198,9,0,9,198,0,5087.245498174844,508.72454981748444,10894.319698691435,1089.4319698691436,432.1260731689192,43.21260731689192,6401.935033638393,640.1935033638393,4585.0,458.5,0,0,0.07595833333333332,-0.006600000000000001,0.07595833333333332,-0.006600000000000001,0.0,0.0,0.07595833333333332,0.005999999999999999,0.07138908804118745,0.13342146765239166,-0.08198005691220565,0.0012923727203997452,0.000915241456702198,-0.013201331251246149,-0.0001786215727275928,-0.000135,-2.1121572727592802e-05,-2.2500000000000005e-05,0.0,0.0,0.0,0.0,0.0,0.000915241456702198,0.008105241456702087,0.07595833333333332,0.000915241456702198,0.0,0.0,0.06238771495800815,0.03472477720868565,-0.012677676879543425,0.05052559523809524,-0.003169419219885856,0.03789419642857145,0.0012923727203997452,0.0012923727203997452,0.4582745020681114,0.15471498830434224,0.042102250665753745,0.0,0.0,0.028371776769192045,0.0,0.0,0.007189999999999891,0.05657559523809524,-0.006050000000000001,0.0045,0.099,-0.0035773046663962306,-0.00024088240461423994,-0.0033364222617819905,0.16437109641265124,0.1352105423808098,0.02916055403184146,0.9427279829978943,0.16014009714126587,8158,7749,0,0.1371384909376502,0.36336703300476075,28,8,15907,8158,7749,0.08388060907607829,cuda,74.28515625
222,263,200,True,995,995,942,740,202,7,195,0.21443736730360935,0.0074309978768577496,0.2070063694267516,0.5689189189189189,1.6797297297297298,0.8170503493901845,12.744847764195622,23.395706336159964,0.39814749825950335,0.4748384429796322,0.2747979010128089,0.019953910229928994,0.20014802298785464,0.4647479507770087,0.2852442443213501,0.043886435603112534,0.14744110842159874,0.01009049220262348,-0.010446343308541217,-0.02393252537318354,0.0527069145662559,10.227176220806793,10.227176220806793,7.699575371549894,0.44904458598726116,0.044287726216923146,0.1624868327615724,-0.1831206929016315,0.0019450077428261438,942,53,0,53,1.0,1.964824120603015,1.964824120603015,1.6847133757961783,116.82218722516211,64.08966305083521,-3.7642059967838484,67.85386904761903,0.9474405589029019,180.91185027599732,0.05841109361258105,0.03204483152541761,0.09045592513799866,0.7617328519855595,211,169,42,66,0,164,141.9166666666666,99.27182539682538,8,58,8.0,8.0,42,0,195,7,0,7,195,0,4882.146102433013,488.2146102433013,10363.115779181217,1036.3115779181217,371.9930549479019,37.19930549479019,6149.248886325422,614.9248886325422,4710.0,471.0,0,0,0.07095833333333333,-0.004399999999999999,0.07095833333333333,-0.004399999999999999,0.0,0.0,0.07095833333333333,0.004,0.07011457160492283,0.1479069855883742,-0.10542921006324792,0.003508795920664518,0.0007521347295719666,-0.010713787225983703,-0.00014684159927344284,-0.00010499999999999999,-2.4341599273442823e-05,-1.7500000000000002e-05,0.0,0.0,0.0,0.0,0.0,0.0007521347295719666,0.008222134729571852,0.07095833333333333,0.0007521347295719666,0.0,0.0,0.05841109361258212,0.03204483152541758,-0.0075284119935676965,0.045235912698412706,-0.0018821029983919241,0.033926934523809515,0.003508795920664518,0.003508795920664518,0.45685892877404916,0.1687010637506368,0.03710568025217993,0.0,0.0,0.02251498682901088,0.0,0.0,0.007469999999999886,0.04963591269841269,-0.004399999999999999,0.0035,0.0975,-0.0035773046663962306,-0.00024088240461423994,-0.0033364222617819905,0.16437109641265124,0.1352105423808098,0.02916055403184146,0.9427279829978943,0.16014009714126587,8158,7749,0,0.1371384909376502,0.36336703300476075,28,8,15907,8158,7749,0.08388060907607829,cuda,74.28515625
223,264,200,True,1100,1100,1043,897,146,19,127,0.13998082454458294,0.01821668264621285,0.12176414189837009,0.5875139353400223,1.6878483835005573,0.8359870393506128,12.47934567463172,25.830056106366442,0.3958773828509406,0.5011914757515409,0.3370012054894713,0.04251988155615735,0.20447780101361748,0.4979114970368818,0.33116353873097015,0.09908542567809552,0.13827653276581428,0.003279978714659071,0.00583766675850117,-0.05656554412193816,0.0662012682478032,12.563758389261745,12.563758389261745,9.534036433365292,0.5915627996164909,0.090082846798001,0.13098670426347572,-0.16348060787178487,-0.02350715783868445,1043,57,0,57,1.0,1.798181818181818,1.798181818181818,1.6001917545541706,89.80622816267268,45.1585629593278,-5.2897595514947,50.44832251082249,0.9050961325583368,134.9647911220005,0.04490311408133634,0.022579281479663902,0.06748239556100025,0.8480565371024735,240,154,86,43,0,151,107.4785714285714,72.76443001443005,6,37,6.0,5.0,85,0,127,19,0,19,127,0,4447.54950089286,444.754950089286,9590.247035357608,959.0247035357609,403.8889546210556,40.38889546210556,5600.76151595057,560.076151595057,5215.0,521.5,0,0,0.0537392857142857,-0.003300000000000001,0.0537392857142857,-0.003300000000000001,0.0,0.0,0.0537392857142857,0.003,0.06503278332938477,0.19354362113940135,-0.2082345233226035,0.0026647264167019733,0.0003984275495387963,-0.01291280046235375,-0.00041288960816081337,-0.00028500000000000015,-7.288960816081332e-05,-5.500000000000002e-05,0.0,0.0,0.0,0.0,0.0,0.0003984275495387963,0.009558427549538645,0.0537392857142857,0.0003984275495387963,0.0,0.0,0.04490311408133738,0.022579281479663937,-0.010579519102989399,0.033632215007215034,-0.0026448797757473498,0.025224161255411246,0.0026647264167019733,0.0026647264167019733,0.4939889882366232,0.24421017431205494,0.08126398662564852,0.0,0.0,0.007359824201995028,0.0,0.0,0.009159999999999849,0.03638221500721504,-0.00275,0.0095,0.0635,-0.0035773046663962306,-0.00024088240461423994,-0.0033364222617819905,0.16437109641265124,0.1352105423808098,0.02916055403184146,0.9427279829978943,0.16014009714126587,8158,7749,0,0.1371384909376502,0.36336703300476075,28,8,15907,8158,7749,0.08388060907607829,cuda,74.28515625
224,265,200,True,917,917,875,679,196,10,186,0.224,0.011428571428571429,0.21257142857142858,0.561119293078056,1.7216494845360826,0.8056898612161448,13.04599004782001,28.720556537954025,0.4882568030833131,0.5251902486904029,0.22926640556096503,0.02942949456652415,0.19996853328319555,0.5136871861077198,0.24460176980762094,0.06634850829149787,0.15215418558287955,0.011503062582683077,-0.015335364246655908,-0.03691901372497372,0.04781434770031601,12.918857142857142,12.918857142857142,10.234285714285715,0.5451428571428572,0.1521333064380634,0.04759713191230704,-0.15912559010635263,-0.05947984534325893,875,42,0,42,1.0,2.0174482006543077,2.0174482006543077,1.7702857142857142,117.76189047862151,65.222834135063,-4.912336209298563,70.1351703443615,0.9345436452870534,182.9847246136845,0.058880945239310756,0.0326114170675315,0.09149236230684225,0.8007246376811594,221,171,50,55,0,169,145.3785714285714,101.2135604591487,7,48,7.0,7.0,49,0,186,10,1,10,186,0,4675.290520970391,467.52905209703914,9767.966964664467,976.7966964664467,396.4918213103451,39.64918213103451,5893.061373062738,589.3061373062739,4375.0,437.5,0,1,0.0726892857142857,-0.0038499999999999997,0.0726892857142857,-0.0038499999999999997,0.0,0.0,0.0726892857142857,0.0035,0.07225486224938149,0.14668530942292726,-0.11972776939888163,0.0026224746557229604,0.0007575833394110848,-0.012055504358503156,-0.00021573033530586735,-0.00015000000000000001,-4.073033530586735e-05,-2.5000000000000008e-05,0.0,0.0,0.0,-0.001,-0.001,0.0007575833394110848,0.0076475833394109806,0.0716892857142857,0.0007575833394110848,0.0,0.0,0.05888094523931148,0.03261141706753148,-0.009824672418597127,0.04675678022957434,-0.0024561681046492818,0.03506758517218075,0.0026224746557229604,0.0026224746557229604,0.45687711499698236,0.14891177865187116,0.05033035719218967,0.0,0.0,0.01850158887699816,0.0,0.0,0.006889999999999898,0.050606780229574336,-0.0038499999999999997,0.005,0.093,-0.0035773046663962306,-0.00024088240461423994,-0.0033364222617819905,0.16437109641265124,0.1352105423808098,0.02916055403184146,0.9427279829978943,0.16014009714126587,8158,7749,0,0.1371384909376502,0.36336703300476075,28,8,15907,8158,7749,0.08388060907607829,cuda,74.28515625
225,266,200,True,1088,1088,1037,823,214,4,210,0.2063645130183221,0.003857280617164899,0.20250723240115717,0.5382746051032807,1.732685297691373,0.7481037893424202,14.66667875890164,27.92063917188859,0.43677518908223695,0.4806991794926283,0.16368865445346764,0.042437671647516884,0.20131905917372478,0.47305066251667854,0.18650950209202555,0.07965552593275275,0.15658293336738502,0.0076485169759497595,-0.022820847638557906,-0.03721785428523587,0.04473612580633976,10.753134040501447,10.753134040501447,8.106075216972036,0.4918032786885246,0.16484329538677012,0.06992161487781434,-0.09868927255535548,-0.07506890340218506,1037,51,0,51,1.0,1.8299632352941178,1.8299632352941178,1.5998071359691417,99.04633972757996,53.868055309030375,-5.735795007319956,59.60385031635029,0.9122157003009921,152.91439503661033,0.04952316986378998,0.026934027654515188,0.07645719751830517,0.8172043010752689,228,158,70,51,0,157,119.39285714285714,86.0718004218004,6,45,6.0,6.0,67,0,210,4,0,4,210,0,4391.355658000845,439.1355658000845,9503.45881355328,950.345881355328,423.7528508623195,42.375285086231955,5532.125366331536,553.2125366331536,5185.0,518.5,0,0,0.05969642857142854,-0.0033,0.05969642857142854,-0.0033,0.0,0.0,0.05969642857142854,0.003,0.06710905981179897,0.165150080887927,-0.10520368788829697,0.0018357280203812325,0.0005601350332356967,-0.013071490202359311,-0.00010055830383542865,-5.9999999999999995e-05,-3.055830383542867e-05,-1.0000000000000003e-05,0.0,0.0,0.0,0.0,0.0,0.0005601350332356967,0.008830135033235566,0.05969642857142854,0.0005601350332356967,0.0,0.0,0.049523169863790836,0.02693402765451518,-0.011471590014639911,0.03973590021090022,-0.0028678975036599778,0.029801925158175143,0.0018357280203812325,0.0018357280203812325,0.4660290651751342,0.13622400758433842,0.06016318262213555,0.0,0.0,0.009620868353203953,0.0,0.0,0.008269999999999868,0.04303590021090022,-0.0033,0.002,0.105,-0.0028623022152654207,-0.0008462096477160231,-0.0020160925675493974,0.17440523855388163,0.14564670920372008,0.028758529350161554,0.9407768845558167,0.15909570455551147,8118,7643,0,0.15103170089423656,0.382549600203832,29,8,15761,8118,7643,0.08654247174758375,cuda,74.3515625
226,267,200,True,1167,1167,1082,864,218,11,207,0.20147874306839186,0.010166358595194085,0.1913123844731978,0.5798611111111112,1.6875,0.8091242294931026,12.9906681963691,29.036402699917,0.4450816807101024,0.49406206769937716,0.25243612405999255,0.057470381158054806,0.194034370186273,0.4918787436283849,0.2651347401810603,0.10546344299884233,0.1428545688309155,0.002183324070992254,-0.012698616121067763,-0.047993061840787526,0.05117980135535752,12.131238447319777,12.131238447319777,9.480591497227357,0.49722735674676527,0.1648240905407207,0.04033732646627251,-0.12559807495651612,-0.03634470510178841,1082,85,0,85,1.0,1.702656383890317,1.702656383890317,1.521256931608133,95.66939530171453,46.33099576642218,-5.697918071042521,52.028913837464685,0.9012951536977933,142.0003910681367,0.047834697650857266,0.023165497883211088,0.07100019553406835,0.8165467625899281,227,155,72,51,0,153,115.0833333333333,75.40487012987012,6,45,6.0,5.484531830227755,71,0,207,11,0,11,207,0,4039.731329209709,403.9731329209709,8844.586861708898,884.4586861708898,438.1654598854674,43.816545988546736,5090.876318025903,509.0876318025903,5410.0,541.0,0,0,0.057541666666666644,-0.0033,0.057541666666666644,-0.0033,0.0,0.0,0.057541666666666644,0.0030000000000000005,0.06504591630794847,0.18346777024244323,-0.17209500049585552,0.002933275763773051,0.00025682158761964295,-0.013983657154405875,-0.00021418556246418055,-0.00016500000000000003,-2.1685562464180595e-05,-2.750000000000001e-05,0.0,0.0,0.0,0.0,0.0,0.00025682158761964295,0.009006821587619502,0.057541666666666644,0.00025682158761964295,0.0,0.0,0.047834697650857974,0.02316549788321107,-0.011395836142085041,0.03468594255830981,-0.0028489590355212603,0.026014456918732342,0.002933275763773051,0.002933275763773051,0.4598176277127935,0.2006152220190963,0.07736819793090327,0.0,0.0,0.009071978502893737,0.0,0.0,0.008749999999999859,0.03770243506493507,-0.0030164925066252647,0.0055,0.1035,-0.0028623022152654207,-0.0008462096477160231,-0.0020160925675493974,0.17440523855388163,0.14564670920372008,0.028758529350161554,0.9407768845558167,0.15909570455551147,8118,7643,0,0.15103170089423656,0.382549600203832,29,8,15761,8118,7643,0.08654247174758375,cuda,74.3515625
227,268,200,True,988,988,922,680,242,10,232,0.26247288503253796,0.010845986984815618,0.25162689804772237,0.5338235294117647,1.8044117647058824,0.8069000114632003,12.929211507124059,27.673276006298906,0.49266216972064286,0.5045719199759119,0.1607883514261202,0.039828517079106805,0.1906662107883569,0.5007348423714146,0.19122936531819185,0.080622222903527,0.15088689449955436,0.003837077604497252,-0.030441013892071656,-0.04079370582442019,0.039779316288802546,10.570498915401302,10.570498915401302,8.003253796095445,0.5075921908893709,0.18102138535681717,0.10857290660186979,-0.07804091491098018,-0.04154179213785561,922,66,0,66,1.0,2.0,2.0,1.7462039045553146,122.44136662078759,75.61040216273246,-5.337243941163647,80.9476461038961,0.9381439329832091,198.05176878352006,0.06122068331039379,0.03780520108136623,0.09902588439176004,0.8315789473684211,237,176,61,48,0,173,149.33333333333337,114.5301948051948,6,42,6.0,6.0,59,0,232,10,0,10,232,0,4969.298585715633,496.9298585715633,10587.186830016546,1058.7186830016547,400.87842954389964,40.08784295438996,6260.8122046546605,626.081220465466,4610.0,461.0,0,0,0.07466666666666667,-0.0033,0.07466666666666667,-0.0033,0.0,0.0,0.07466666666666667,0.003,0.07403128275263844,0.13923544849231767,-0.08373240678321672,0.0018661084164735982,0.0005367498853024454,-0.012182191806701033,-0.00018743734366739938,-0.00015000000000000001,-1.2437343667399385e-05,-2.5000000000000008e-05,0.0,0.0,0.0,0.0,0.0,0.0005367498853024454,0.007436749885302344,0.07466666666666667,0.0005367498853024454,0.0,0.0,0.06122068331039465,0.03780520108136624,-0.010674487882327294,0.0539650974025974,-0.0026686219705818236,0.04047382305194805,0.0018661084164735982,0.0018661084164735982,0.46705749274910685,0.12827264509580275,0.06214947728441465,0.0,0.0,0.016992323872564406,0.0,0.0,0.0068999999999998975,0.0572650974025974,-0.0033,0.005,0.116,-0.0028623022152654207,-0.0008462096477160231,-0.0020160925675493974,0.17440523855388163,0.14564670920372008,0.028758529350161554,0.9407768845558167,0.15909570455551147,8118,7643,0,0.15103170089423656,0.382549600203832,29,8,15761,8118,7643,0.08654247174758375,cuda,74.3515625
228,269,200,True,1036,1036,969,729,240,15,225,0.2476780185758514,0.015479876160990712,0.23219814241486067,0.5212620027434842,1.842249657064472,0.7953934172993661,13.073239344791784,28.966357655976534,0.49750395899967337,0.5214661846885302,0.24959759786725044,0.060823711608146896,0.18282181804358386,0.5148204592438556,0.26610488465390536,0.1132094580873359,0.14052970106975368,0.006645725444674677,-0.016507286786654918,-0.052385746479189005,0.042292116973830174,12.086687306501547,12.086687306501547,9.524251805985552,0.542827657378741,0.1982999818679788,0.09065314170012287,-0.12000760441698174,-0.08086045363003104,969,67,0,67,1.0,1.8832046332046333,1.8832046332046333,1.6367389060887514,94.65686815694494,42.75094650001508,-5.745072401913989,48.49601890192903,0.8940826546108421,137.40781465696003,0.04732843407847247,0.02137547325000754,0.06870390732848002,0.833922261484099,236,162,74,47,0,156,114.24761904761904,70.63785381285383,6,41,6.0,5.4331775244985705,73,0,225,15,0,15,225,0,4777.468848282197,477.74688482821966,10233.2881699715,1023.3288169971499,414.4515751594232,41.44515751594232,6015.545620972694,601.5545620972695,4845.0,484.5,0,0,0.05712380952380952,-0.0033,0.05712380952380952,-0.0033,0.0,0.0,0.05712380952380952,0.003,0.067187304041413,0.16105475782012948,-0.14938611878845034,0.0021768778317249314,0.0007069322971243063,-0.013188377684279483,-0.000332150726936569,-0.0002250000000000001,-6.715072693656896e-05,-4.0000000000000024e-05,0.0,0.0,0.0,0.0,0.0,0.0007069322971243063,0.008146932297124192,0.05712380952380952,0.0007069322971243063,0.0,0.0,0.04732843407847327,0.0213754732500075,-0.011490144803827977,0.032330679267952724,-0.0028725362009569943,0.024248009450964513,0.0021768778317249314,0.0021768778317249314,0.48304808204248373,0.18363256994075933,0.08696328515391329,0.0,0.0,0.010026489631112679,0.0,0.0,0.007439999999999886,0.03531892690642693,-0.0029882476384742135,0.0075,0.1125,-0.0028623022152654207,-0.0008462096477160231,-0.0020160925675493974,0.17440523855388163,0.14564670920372008,0.028758529350161554,0.9407768845558167,0.15909570455551147,8118,7643,0,0.15103170089423656,0.382549600203832,29,8,15761,8118,7643,0.08654247174758375,cuda,74.3515625
229,270,200,True,1016,1016,959,807,152,10,142,0.15849843587069865,0.010427528675703858,0.1480709071949948,0.5712515489467163,1.6530359355638167,0.8007180142358333,12.9548420380187,24.97208528248351,0.4246945497773177,0.4995180269636334,0.21065512535426548,0.040544806567598894,0.21114585296132013,0.48939146369215575,0.2382663742857241,0.06142646176861703,0.1568306356349953,0.010126563271477651,-0.02761124893145861,-0.02088165520101814,0.05431521732632483,13.088633993743482,13.088633993743482,10.35349322210636,0.5286757038581856,0.16776991914367687,0.13067601077883412,-0.12519871566847274,-0.06710719770567021,959,57,0,57,1.0,1.936023622047244,1.936023622047244,1.7184567257559957,125.25203370542862,71.49303580975628,-4.988763640793159,76.48179945054946,0.938766059156853,196.7450695151849,0.06262601685271431,0.035746517904878136,0.09837253475759244,0.8333333333333334,230,173,57,46,0,168,152.11904761904762,107.47573260073256,5,41,5.0,5.0,56,0,142,10,0,10,142,0,4857.487971887645,485.74879718876446,10385.472206239441,1038.5472206239442,406.64152739622483,40.66415273962248,6116.488709563349,611.6488709563349,4795.0,479.5,0,0,0.0760595238095238,-0.00275,0.0760595238095238,-0.00275,0.0,0.0,0.0760595238095238,0.0025,0.07179869337445485,0.16911564395490683,-0.12153339959035886,0.002859022163529519,0.0007219890254762822,-0.012462854612502516,-0.00021573750173095845,-0.00015000000000000001,-3.573750173095844e-05,-3e-05,0.0,0.0,0.0,0.0,0.0,0.0007219890254762822,0.008891989025476154,0.0760595238095238,0.0007219890254762822,0.0,0.0,0.06262601685271539,0.03574651790487811,-0.009977527281586317,0.050987866300366266,-0.002494381820396579,0.03824089972527473,0.002859022163529519,0.002859022163529519,0.4915468009987108,0.16487307298437323,0.050146479579023025,0.0,0.0,0.015732484745110464,0.0,0.0,0.00816999999999987,0.05373786630036627,-0.00275,0.005,0.071,-0.0028623022152654207,-0.0008462096477160231,-0.0020160925675493974,0.17440523855388163,0.14564670920372008,0.028758529350161554,0.9407768845558167,0.15909570455551147,8118,7643,0,0.15103170089423656,0.382549600203832,29,8,15761,8118,7643,0.08654247174758375,cuda,74.3515625
230,271,200,True,1002,1002,961,794,167,14,153,0.17377731529656607,0.014568158168574402,0.15920915712799166,0.5793450881612091,1.685138539042821,0.8036732645118867,12.983897658379313,27.402516578922345,0.4994058951045142,0.49565826883769454,0.22099737766707875,0.040052605794639484,0.1782095907115253,0.49131281923512066,0.24156281638243035,0.0844647196920293,0.1384350342854332,0.004345449602573881,-0.020565438715351603,-0.04441211389738982,0.03977455642609212,13.081165452653487,13.081165452653487,10.330905306971903,0.5078043704474505,0.17874703472251818,0.05110867368072022,-0.1183110398275551,-0.06600150603038733,961,41,0,41,1.0,1.941117764471058,1.941117764471058,1.6930280957336108,120.21903826604094,64.08445709595986,-5.93637623737347,70.02083333333334,0.9218457830280425,184.3034953620008,0.06010951913302047,0.03204222854797993,0.0921517476810004,0.800711743772242,225,178,47,56,0,170,145.89285714285714,99.96111111111108,6,50,6.0,6.0,46,0,153,14,0,14,153,0,4882.446454009928,488.2446454009928,10440.470007729326,1044.0470007729325,457.3827792490817,45.73827792490817,6149.876124232184,614.9876124232185,4805.0,480.5,0,0,0.07294642857142856,-0.0033,0.07294642857142856,-0.0033,0.0,0.0,0.07294642857142856,0.003,0.07252152060585802,0.16592517821671404,-0.12893438907128837,0.003083365980457255,0.0006818813793881008,-0.014419210212338574,-0.00031772200738669693,-0.00021000000000000006,-7.022200738669688e-05,-3.750000000000002e-05,0.0,0.0,0.0,0.0,0.0,0.0006818813793881008,0.008761881379387975,0.07294642857142856,0.0006818813793881008,0.0,0.0,0.06010951913302143,0.032042228547979924,-0.01187275247474694,0.04668055555555555,-0.002968188118686735,0.03501041666666667,0.003083365980457255,0.003083365980457255,0.49630271204206144,0.1846600761432407,0.07260157391758382,0.0,0.0,0.010114726046877185,0.0,0.0,0.008079999999999872,0.049980555555555556,-0.0033,0.007,0.0765,-0.0028623022152654207,-0.0008462096477160231,-0.0020160925675493974,0.17440523855388163,0.14564670920372008,0.028758529350161554,0.9407768845558167,0.15909570455551147,8118,7643,0,0.15103170089423656,0.382549600203832,29,8,15761,8118,7643,0.08654247174758375,cuda,74.3515625
231,272,200,True,927,927,886,799,87,8,79,0.0981941309255079,0.009029345372460496,0.08916478555304741,0.6145181476846058,1.6382978723404256,0.7932677491287117,13.163135505886341,22.966099961006893,0.5251606241757638,0.46676226980396746,0.26644916498616283,0.0342458161421689,0.1515897642751137,0.4589729736534615,0.28909583100687725,0.05894806551151397,0.12575949016767315,0.007789296150505942,-0.022646666020714412,-0.02470224936934507,0.025830274107440543,12.753950338600452,12.753950338600452,9.998871331828443,0.5033860045146726,0.11860036230239548,0.15284299037185747,-0.15381786883286616,-0.011046948123461178,886,41,0,41,1.0,1.95361380798274,1.95361380798274,1.7313769751693002,111.75373943681407,59.51366796347891,-6.550626075815141,66.06429403929401,0.9097895299556745,171.267407400293,0.05587686971840704,0.029756833981739454,0.0856337037001465,0.8086642599277978,224,160,64,53,0,155,137.28571428571428,95.78572538572539,7,46,7.0,7.0,64,0,79,8,1,8,79,0,4614.337898735252,461.43378987352514,9615.11092747261,961.5110927472609,466.1327559183574,46.613275591835745,5811.984336068626,581.1984336068626,4430.0,443.0,0,1,0.06864285714285714,-0.0038499999999999997,0.06864285714285714,-0.0038499999999999997,0.0,0.0,0.06864285714285714,0.0035,0.06622832574648338,0.15565340825521878,-0.12382570061472088,0.0025182095634061178,0.0007429200206066116,-0.015258303202722314,-0.00016149102554942856,-0.00011999999999999999,-2.1491025549428585e-05,-2.0000000000000005e-05,0.0,0.0,0.0,-0.001,-0.001,0.0007429200206066116,0.008812920020606484,0.06764285714285714,0.0007429200206066116,0.0,0.0,0.05587686971840823,0.02975683398173947,-0.013101252151630282,0.04404286269286269,-0.0032753130379075705,0.033032147019647004,0.0025182095634061178,0.0025182095634061178,0.4693025938146788,0.18901212874073928,0.04774937486525254,0.0,0.0,0.013349027433885548,0.0,0.0,0.008069999999999872,0.04789286269286269,-0.0038499999999999997,0.004,0.0395,-0.0028623022152654207,-0.0008462096477160231,-0.0020160925675493974,0.17440523855388163,0.14564670920372008,0.028758529350161554,0.9407768845558167,0.15909570455551147,8118,7643,0,0.15103170089423656,0.382549600203832,29,8,15761,8118,7643,0.08654247174758375,cuda,74.3515625
232,273,200,True,894,894,827,580,247,5,242,0.29866989117291415,0.006045949214026602,0.2926239419588875,0.5672413793103448,1.7189655172413794,0.7982172362763306,13.248767438428155,28.733997976368872,0.5366604013284186,0.4958070490380813,0.12907099310822528,0.03575158085641933,0.17423758882033671,0.48965631040005847,0.16103928199615972,0.05752294525777086,0.15007747893928197,0.006150738638022846,-0.03196828888793443,-0.02177136440135153,0.024160109881054742,9.794437726723096,9.794437726723096,7.4159613059250304,0.46311970979443773,0.1617740643638474,0.10112960149222829,-0.07500695533516115,-0.060963274558216575,827,67,0,67,1.0,2.076062639821029,2.076062639821029,1.8282950423216444,125.72197121825349,76.2672349203808,-4.297943651047806,80.56517857142858,0.9493544010815398,201.9892061386343,0.06286098560912674,0.0381336174601904,0.10099460306931715,0.8035714285714286,225,173,52,55,0,168,155.83333333333331,115.1202380952381,10,45,10.0,7.0,49,0,242,5,1,5,242,0,5075.4047162865645,507.54047162865646,10499.654740405595,1049.9654740405595,375.3101388384841,37.53101388384841,6390.236302566003,639.0236302566003,4135.0,413.5,0,1,0.07791666666666666,-0.0055000000000000005,0.07791666666666666,-0.0055000000000000005,0.0,0.0,0.07791666666666666,0.004999999999999999,0.07218630312116601,0.11454620669109822,-0.06620855986840003,0.0030257711197239196,0.0007882613789669831,-0.011318655758250374,-0.00011371923806668449,-7.5e-05,-2.6219238066684514e-05,-1.2500000000000002e-05,0.0,0.0,0.0,-0.001,-0.001,0.0007882613789669831,0.006638261378966899,0.07691666666666666,0.0007882613789669831,0.0,0.0,0.06286098560912744,0.03813361746019038,-0.008595887302095612,0.05371011904761905,-0.002148971825523903,0.040282589285714286,0.0030257711197239196,0.0030257711197239196,0.4341225027433307,0.10238496501058356,0.042025840149482394,0.0,0.0,0.01915998015495062,0.0,0.0,0.0058499999999999195,0.057560119047619034,-0.0038499999999999997,0.0025,0.121,-0.0028623022152654207,-0.0008462096477160231,-0.0020160925675493974,0.17440523855388163,0.14564670920372008,0.028758529350161554,0.9407768845558167,0.15909570455551147,8118,7643,0,0.15103170089423656,0.382549600203832,29,8,15761,8118,7643,0.08654247174758375,cuda,74.3515625
233,274,200,True,1070,1070,999,823,176,11,165,0.17617617617617617,0.011011011011011011,0.16516516516516516,0.6172539489671932,1.5759416767922236,0.7997426368196564,13.02202285451414,26.035103682903877,0.49010843502715545,0.46094799633811195,0.27328439973937496,0.058817935870442074,0.17160687465469646,0.45565586787889534,0.2882411424613774,0.10650324979135009,0.12952393272106297,0.005292128459216616,-0.014956742722002425,-0.047685313920908017,0.04208294193363349,10.42042042042042,10.42042042042042,7.774774774774775,0.4744744744744745,0.16537925658880712,0.1441082282380465,-0.1752956649840274,-0.10796182949469245,999,71,0,71,1.0,1.8383177570093459,1.8383177570093459,1.6216216216216217,105.63223018762729,60.55596825893029,-6.2783550158341646,66.83432327476446,0.914127683971858,166.18819844655758,0.05281611509381364,0.030277984129465148,0.08309409922327879,0.8398576512455516,236,159,77,45,0,155,127.46349206349207,92.41243103301922,4,41,4.0,3.0,76,0,165,11,0,11,165,0,4568.441735675604,456.8441735675604,9924.46845076002,992.446845076002,450.77860855251413,45.077860855251416,5752.014097483159,575.2014097483159,4995.0,499.5,0,0,0.06373174603174603,-0.0022,0.06373174603174603,-0.0022,0.0,0.0,0.06373174603174603,0.002,0.06639839658101733,0.15951318821321622,-0.12479985426490024,0.0024573842226882528,0.0008135913420840562,-0.014667608800284485,-0.0002416317596290755,-0.00016500000000000003,-3.913175962907549e-05,-3.750000000000001e-05,0.0,0.0,0.0,0.0,0.0,0.0008135913420840562,0.009153591342083925,0.06373174603174603,0.0008135913420840562,0.0,0.0,0.05281611509381469,0.030277984129465176,-0.01255671003166833,0.044556215516509616,-0.0031391775079170825,0.03341716163738223,0.0024573842226882528,0.0024573842226882528,0.47107567096271824,0.19863708660827942,0.07784527904657038,0.0,0.0,0.011432213863562,0.0,0.0,0.008339999999999867,0.046206215516509615,-0.0016500000000000002,0.0055,0.0825,-0.003072965806738163,-0.0018909009794394174,-0.0011820648272987456,0.1441367779056438,0.11815140628152423,0.02598537162411958,0.9538443088531494,0.1336597204208374,8481,7946,0,0.16196946534845563,0.3583068270236254,30,8,16427,8481,7946,0.08413852224366775,cuda,76.93310546875
234,275,200,True,1130,1130,1089,930,159,10,149,0.14600550964187328,0.009182736455463728,0.13682277318640956,0.556989247311828,1.718279569892473,0.7852684073550726,13.556034890041557,29.61961466650809,0.4862766459316512,0.5132394047514085,0.2633243418228562,0.030926757589763692,0.18847696304882086,0.509315234727116,0.2861216375924727,0.07747752622110389,0.14373384209810405,0.0039241700242924615,-0.022797295769616532,-0.046550768631340195,0.04474312095071681,14.044995408631772,14.044995408631772,11.211202938475665,0.5730027548209367,0.18990725370334863,0.06484032123505495,-0.09697883635717579,-0.039059393329106185,1089,41,0,41,1.0,1.7469026548672566,1.7469026548672566,1.539026629935721,100.5335042302948,45.05686832672084,-7.344780024927565,52.401648351648326,0.8770674628676691,145.59037255701563,0.050266752115147396,0.02252843416336042,0.07279518627850781,0.8388278388278388,229,155,74,44,0,152,120.82142857142856,77.56886446886449,7,37,7.0,7.0,73,0,149,10,0,10,149,0,4286.699190489068,428.6699190489068,9307.09356166409,930.7093561664091,486.3347426242654,48.63347426242654,5400.633963405447,540.0633963405446,5445.0,544.5,0,0,0.06041071428571427,-0.0038500000000000006,0.06041071428571427,-0.0038500000000000006,0.0,0.0,0.06041071428571427,0.0035,0.06534989878601381,0.20714944141417596,-0.18802810821858326,0.0022252439559921977,0.0002909034328798485,-0.01644499205364279,-0.00020863283860455463,-0.00015000000000000001,-3.113283860455464e-05,-2.750000000000001e-05,0.0,0.0,0.0,0.0,0.0,0.0002909034328798485,0.009690903432879691,0.06041071428571427,0.0002909034328798485,0.0,0.0,0.05026675211514842,0.02252843416336034,-0.01468956004985513,0.03493443223443227,-0.0036723900124637824,0.026200824175824162,0.0022252439559921977,0.0022252439559921977,0.49830219477476584,0.2048317325989517,0.06255384612812986,0.0,0.0,0.009878030327864535,0.0,0.0,0.009399999999999844,0.038784432234432245,-0.0038500000000000006,0.005,0.0745,-0.003072965806738163,-0.0018909009794394174,-0.0011820648272987456,0.1441367779056438,0.11815140628152423,0.02598537162411958,0.9538443088531494,0.1336597204208374,8481,7946,0,0.16196946534845563,0.3583068270236254,30,8,16427,8481,7946,0.08413852224366775,cuda,76.93310546875
235,276,200,True,1072,1072,1015,888,127,11,116,0.12512315270935961,0.01083743842364532,0.11428571428571428,0.5945945945945946,1.6509009009009008,0.7859589515237121,13.511791453705177,25.659734005158818,0.4576354803559035,0.4726633437917576,0.24909058415335142,0.053781686567802085,0.18314316795157218,0.4636828763292985,0.25567347302651117,0.10312405319439734,0.1375948105066142,0.008980467462459119,-0.006582888873159748,-0.04934236662659525,0.04554835744495797,11.918226600985221,11.918226600985221,9.036453201970444,0.5467980295566502,0.09485504807572495,0.12453841965298602,-0.1414067432361008,-0.024848900449342282,1015,57,0,57,1.0,1.8442164179104477,1.8442164179104477,1.619704433497537,106.54833740553524,58.00040686448722,-6.580927426222092,64.5813342907093,0.9075222278291316,164.54874427002244,0.05327416870276762,0.029000203432243608,0.08227437213501122,0.8178571428571428,229,163,66,51,0,160,128.39761904761906,92.70844572094573,6,45,6.0,6.0,61,0,116,11,0,11,116,0,4542.439399565095,454.2439399565095,9854.783357400776,985.4783357400777,462.7581185066406,46.275811850664056,5722.315311729528,572.2315311729528,5075.0,507.5,0,0,0.06419880952380953,-0.0033,0.06419880952380953,-0.0033,0.0,0.0,0.06419880952380953,0.003,0.0684575553472271,0.1799584473142805,-0.15746095680521377,0.001952720981852868,0.0005856054185999817,-0.014777465685780406,-0.0002123134615511139,-0.00016500000000000003,-1.98134615511139e-05,-2.750000000000001e-05,0.0,0.0,0.0,0.0,0.0,0.0005856054185999817,0.009575605418599833,0.06419880952380953,0.0005856054185999817,0.0,0.0,0.05327416870276885,0.02900020343224366,-0.013161854852444185,0.04305422286047288,-0.0032904637131110463,0.03229066714535465,0.001952720981852868,0.001952720981852868,0.48656188174724607,0.18581061317365694,0.09668730307139264,0.0,0.0,0.009923798084462292,0.0,0.0,0.008989999999999852,0.046354222860472874,-0.0033,0.0055,0.058,-0.003072965806738163,-0.0018909009794394174,-0.0011820648272987456,0.1441367779056438,0.11815140628152423,0.02598537162411958,0.9538443088531494,0.1336597204208374,8481,7946,0,0.16196946534845563,0.3583068270236254,30,8,16427,8481,7946,0.08413852224366775,cuda,76.93310546875
236,277,200,True,1006,1006,933,707,226,2,224,0.2422293676312969,0.0021436227224008574,0.24008574490889603,0.6407355021216408,1.5572842998585572,0.8078013351648161,13.203806020582919,29.917174682252984,0.5270541717272271,0.5075424354433845,0.16025735728727203,0.02438581236565678,0.181220303809921,0.4964660967804249,0.18333515679118614,0.03645844151834988,0.1564289991292033,0.011076338662959595,-0.023077799503914115,-0.0120726291526931,0.02479130468071769,11.557341907824222,11.557341907824222,9.046087888531618,0.5016077170418006,0.14898836169664031,0.059379027732236876,-0.05526638524803687,-0.05092090538811624,933,73,0,73,1.0,1.9532803180914513,1.9532803180914513,1.720257234726688,130.45427247492782,77.00029331294553,-5.249409068006897,82.24970238095236,0.9400061442787447,207.45456578787335,0.06522713623746391,0.038500146656472764,0.10372728289393668,0.7709090909090909,212,172,40,63,0,168,159.3095238095238,116.2662698412698,6,57,6.0,6.0,37,0,224,2,0,2,224,0,4656.977556412614,465.6977556412614,10115.68444611845,1011.568444611845,457.82549799326955,45.78254979932696,5868.08477779513,586.808477779513,4665.0,466.5,0,0,0.0796547619047619,-0.0033,0.0796547619047619,-0.0033,0.0,0.0,0.0796547619047619,0.0030000000000000005,0.07182064197757382,0.14717774236415135,-0.08793265395150036,0.0032855936214701616,0.00042663356827187454,-0.013550083626027068,-4.138566619585486e-05,-2.9999999999999997e-05,-6.385666195854862e-06,-5.000000000000001e-06,0.0,0.0,0.0,0.0,0.0,0.00042663356827187454,0.0075166335682717664,0.0796547619047619,0.00042663356827187454,0.0,0.0,0.06522713623746433,0.03850014665647275,-0.010498818136013794,0.054833134920634914,-0.0026247045340034485,0.04112485119047618,0.0032855936214701616,0.0032855936214701616,0.4446368052465572,0.12941674015558743,0.04084129243151854,0.0,0.0,0.01599984852392227,0.0,0.0,0.007089999999999893,0.058133134920634905,-0.0033,0.001,0.112,-0.003072965806738163,-0.0018909009794394174,-0.0011820648272987456,0.1441367779056438,0.11815140628152423,0.02598537162411958,0.9538443088531494,0.1336597204208374,8481,7946,0,0.16196946534845563,0.3583068270236254,30,8,16427,8481,7946,0.08413852224366775,cuda,76.93310546875
237,278,200,True,1039,1039,975,703,272,14,258,0.27897435897435896,0.014358974358974359,0.26461538461538464,0.5547652916073968,1.701280227596017,0.7666262620543348,14.004253344040677,27.363905704854478,0.5243724591229051,0.507916314333974,0.16715592078620814,0.027017375335076116,0.18661582628384255,0.4983810445619681,0.20274743758629515,0.04099529341742884,0.15043958421176562,0.009535269772005917,-0.035591516800087014,-0.01397791808235272,0.036176242072076925,11.338461538461539,11.338461538461539,8.893333333333333,0.48307692307692307,0.16989066715116155,0.0739567282174225,-0.12734760922442298,-0.0692213008187283,975,64,0,64,1.0,1.9153031761308952,1.9153031761308952,1.6871794871794872,125.30145172684944,74.18067405153525,-5.2499619791007754,79.43063603063602,0.9380027762853408,199.48212577838467,0.06265072586342471,0.037090337025767625,0.09974106288919234,0.6974169741697417,189,167,22,82,0,166,152.65952380952382,115.80751470751468,9,73,9.0,9.0,22,0,258,14,0,14,258,0,4592.62592041991,459.26259204199096,9901.524445124214,990.1524445124214,450.9917483559186,45.09917483559186,5785.43468826106,578.5434688261059,4875.0,487.5,0,0,0.07632976190476191,-0.00495,0.07632976190476191,-0.00495,0.0,0.0,0.07632976190476191,0.0045,0.07118945137570516,0.14688715918105735,-0.0979655471792484,0.0032771866270709603,0.0007645816980759381,-0.01340486687381084,-0.00029424275322018095,-0.00021000000000000006,-4.924275322018098e-05,-3.500000000000002e-05,0.0,0.0,0.0,0.0,0.0,0.0007645816980759381,0.00793458169807583,0.07632976190476191,0.0007645816980759381,0.0,0.0,0.06265072586342549,0.03709033702576762,-0.01049992395820155,0.05295375735375735,-0.0026249809895503877,0.03971531801531801,0.0032771866270709603,0.0032771866270709603,0.4437368610905693,0.12598983235328048,0.0353547227737053,0.0,0.0,0.017131195825703903,0.0,0.0,0.007169999999999892,0.05790375735375734,-0.00495,0.007,0.129,-0.003072965806738163,-0.0018909009794394174,-0.0011820648272987456,0.1441367779056438,0.11815140628152423,0.02598537162411958,0.9538443088531494,0.1336597204208374,8481,7946,0,0.16196946534845563,0.3583068270236254,30,8,16427,8481,7946,0.08413852224366775,cuda,76.93310546875
238,279,200,True,927,927,864,758,106,6,100,0.12268518518518519,0.006944444444444444,0.11574074074074074,0.633245382585752,1.5738786279683377,0.7845659207228306,13.309585666908124,22.438679519185605,0.5552600331349227,0.42975607789600745,0.25390360322056,0.03779013741805678,0.14333859274758512,0.42351536116609473,0.2694057981903839,0.06984081818850583,0.11717214078536764,0.006240716729912721,-0.015502194969823913,-0.03205068077044906,0.02616645196221748,10.06712962962963,10.06712962962963,7.564814814814815,0.40162037037037035,0.1865054085050995,0.15552710292035296,-0.20620767164512327,-0.02859791351371691,864,63,0,63,1.0,2.1057173678532903,2.1057173678532903,1.7569444444444444,117.49197381718659,66.53917372744274,-6.990496602227634,73.52967032967032,0.9131832822932417,184.03114754462933,0.0587459869085933,0.03326958686372137,0.09201557377231467,0.8439716312056738,238,181,57,44,0,175,142.70238095238096,101.33956043956043,3,41,3.0,3.0,55,0,100,6,0,6,100,0,5280.466116947869,528.0466116947869,11276.368335633804,1127.6368335633804,490.39636249711555,49.039636249711556,6652.922336464484,665.2922336464484,4320.0,432.0,0,0,0.07135119047619046,-0.0016500000000000002,0.07135119047619046,-0.0016500000000000002,0.0,0.0,0.07135119047619046,0.0015,0.07501674729049711,0.13277046521599026,-0.09103917053184805,0.0015964901132342756,0.0006851726382042634,-0.01530498563598649,-0.00012165934207857881,-8.999999999999999e-05,-1.665934207857879e-05,-1.5000000000000002e-05,0.0,0.0,0.0,0.0,0.0,0.0006851726382042634,0.008325172638204138,0.07135119047619046,0.0006851726382042634,0.0,0.0,0.05874598690859436,0.03326958686372123,-0.01398099320445527,0.049019780219780214,-0.0034952483011138173,0.03676483516483516,0.0015964901132342756,0.0015964901132342756,0.47407459246423217,0.1699230839007221,0.05982509277653307,0.0,0.0,0.01399284277984042,0.0,0.0,0.007639999999999881,0.05066978021978021,-0.0016500000000000002,0.003,0.05,-0.003072965806738163,-0.0018909009794394174,-0.0011820648272987456,0.1441367779056438,0.11815140628152423,0.02598537162411958,0.9538443088531494,0.1336597204208374,8481,7946,0,0.16196946534845563,0.3583068270236254,30,8,16427,8481,7946,0.08413852224366775,cuda,76.93310546875
239,280,200,True,1144,1144,1053,829,224,11,213,0.2127255460588794,0.010446343779677113,0.2022792022792023,0.5271411338962606,1.7985524728588662,0.7897127958776292,13.335975835636816,30.88078254105386,0.47340665446792785,0.5405415993619742,0.31752466727205436,0.042112055735660334,0.18654738865855663,0.528797978622922,0.3192295724283387,0.09531069483773151,0.14257417834477343,0.011743620739052218,-0.0017049051562843531,-0.05319863910207118,0.043973210313783206,14.837606837606838,14.837606837606838,12.128205128205128,0.5716999050332384,0.11173826411161873,0.024022587791125077,-0.1753987258056639,-0.0540249894388468,1053,91,0,91,1.0,1.7211538461538463,1.7211538461538463,1.5422602089268755,87.98806138781688,40.60261256858139,-6.026508310539465,46.62912087912086,0.8855486411750474,128.5906739563983,0.04399403069390844,0.020301306284290697,0.06429533697819914,0.8487084870848709,230,149,81,41,0,145,105.65238095238092,67.67216117216121,6,35,6.0,5.0,79,0,213,11,0,11,213,0,4246.916686710914,424.6916686710914,9222.67723746346,922.2677237463461,435.88511227686195,43.5885112276862,5348.39731258019,534.839731258019,5265.0,526.5,0,0,0.05282619047619046,-0.0033,0.05282619047619046,-0.0033,0.0,0.0,0.05282619047619046,0.003,0.062285629595183245,0.19490867819582994,-0.1953670932825254,0.0026334735157137862,0.0002653915647801187,-0.014271058808841162,-0.00024703592132960207,-0.00016500000000000003,-5.2035921329602094e-05,-3.0000000000000004e-05,0.0,0.0,0.0,0.0,0.0,0.0002653915647801187,0.008665391564779986,0.05282619047619046,0.0002653915647801187,0.0,0.0,0.04399403069390907,0.02030130628429075,-0.01205301662107893,0.031086080586080624,-0.0030132541552697323,0.02331456043956043,0.0026334735157137862,0.0026334735157137862,0.4855498797070203,0.2323028729627327,0.06430685897660973,0.0,0.0,0.008671171415495475,0.0,0.0,0.008399999999999866,0.03383608058608062,-0.00275,0.0055,0.1065,-0.003072965806738163,-0.0018909009794394174,-0.0011820648272987456,0.1441367779056438,0.11815140628152423,0.02598537162411958,0.9538443088531494,0.1336597204208374,8481,7946,0,0.16196946534845563,0.3583068270236254,30,8,16427,8481,7946,0.08413852224366775,cuda,76.93310546875
240,281,200,True,1093,1093,1018,812,206,11,195,0.20235756385068762,0.010805500982318271,0.19155206286836934,0.5985221674876847,1.666256157635468,0.7790268322663941,13.605034774160151,26.938679164743483,0.44831967756012797,0.4862381394383649,0.15913643490688262,0.05074457359371771,0.20383263648868413,0.4814746161106185,0.1845002768221747,0.08820583700980036,0.15700376274871636,0.004763523327746433,-0.02536384191529209,-0.037461263416082656,0.046828873739967775,11.55992141453831,11.55992141453831,8.948919449901767,0.4960707269155206,0.1666862287427537,0.11481608154095395,-0.08826064950043103,-0.07553198949349683,1018,75,0,75,1.0,1.8014638609332114,1.8014638609332114,1.5864440078585462,94.7989789356554,55.53154862214735,-5.580783837060114,61.11233245920744,0.9163214414472872,150.33052755780275,0.047399489467827696,0.027765774311073674,0.07516526377890137,0.8535714285714285,239,156,83,41,0,152,114.10476190476187,82.58310994560993,1,40,1.0,1.0,81,0,195,11,0,11,195,0,4418.103759125134,441.81037591251345,9555.878865589792,955.5878865589791,426.4795961647233,42.647959616472335,5565.293089859312,556.5293089859313,5090.0,509.0,0,0,0.05705238095238093,-0.00055,0.05705238095238093,-0.00055,0.0,0.0,0.05705238095238093,0.0005,0.06528634610057345,0.17037423485534228,-0.12631697530137231,0.002513436096488289,0.0005579235296145798,-0.013237657424114646,-0.00023696643628086966,-0.00016500000000000003,-3.6966436280869604e-05,-3.500000000000001e-05,0.0,0.0,0.0,0.0,0.0,0.0005579235296145798,0.008787923529614447,0.05705238095238093,0.0005579235296145798,0.0,0.0,0.04739948946782846,0.02776577431107366,-0.011161567674120227,0.040741554972804954,-0.002790391918530057,0.030556166229603717,0.002513436096488289,0.002513436096488289,0.4541201278224976,0.13140350181206928,0.07214243253830746,0.0,0.0,0.012619422459105543,0.0,0.0,0.00822999999999987,0.04129155497280496,-0.00055,0.0055,0.0975,-0.003072965806738163,-0.0018909009794394174,-0.0011820648272987456,0.1441367779056438,0.11815140628152423,0.02598537162411958,0.9538443088531494,0.1336597204208374,8481,7946,0,0.16196946534845563,0.3583068270236254,30,8,16427,8481,7946,0.08413852224366775,cuda,76.93310546875
241,282,200,True,937,937,881,726,155,8,147,0.17593643586833144,0.009080590238365494,0.16685584562996594,0.546831955922865,1.7617079889807163,0.8236073234603425,12.63637980285098,26.905241114603093,0.5365015483493912,0.5186534000370785,0.26051027812679445,0.03055804916054585,0.17018437548989518,0.5098419067329283,0.2784632912775394,0.058252453254330545,0.14079339175482508,0.008811493304150209,-0.017953013150744934,-0.027694404093784694,0.029390983735070098,13.090805902383655,13.090805902383655,10.261066969353008,0.58683314415437,0.1267163700162116,0.15382094975587607,-0.16083071546324382,-0.04917996617644053,881,56,0,56,1.0,2.0181430096051227,2.0181430096051227,1.7979568671963677,115.89388588201835,62.06434530531747,-5.648452313730177,67.71279761904759,0.9230049608082475,177.95823118733583,0.057946942941009175,0.031032172652658733,0.08897911559366792,0.8869257950530035,251,168,83,32,0,166,142.86666666666667,92.48373015873011,3,29,3.0,2.0,83,0,147,8,1,8,147,0,4800.356822821454,480.03568228214544,10102.302606483909,1010.2302606483909,443.6819834308716,44.36819834308716,6043.122484245581,604.3122484245581,4405.0,440.5,0,1,0.07143333333333333,-0.0016500000000000002,0.07143333333333333,-0.0016500000000000002,0.0,0.0,0.07143333333333333,0.0015,0.07129238605196273,0.15296137994523015,-0.11705504824134615,0.003057031063508511,0.0006613813717125179,-0.014163640860010093,-0.00016152594850249612,-0.00011999999999999999,-2.152594850249609e-05,-2.0000000000000005e-05,0.0,0.0,0.0,-0.001,-0.001,0.0006613813717125179,0.008001381371712406,0.07043333333333333,0.0006613813717125179,0.0,0.0,0.05794694294100999,0.031032172652658712,-0.011296904627460353,0.045141865079365046,-0.002824226156865088,0.0338563988095238,0.003057031063508511,0.003057031063508511,0.47500881733624106,0.18426880017215644,0.04679798659130639,0.0,0.0,0.009190131374950406,0.0,0.0,0.007339999999999888,0.04624186507936504,-0.0011,0.004,0.0735,-0.000693366297831138,-0.0003068692982196808,-0.0003864969996114572,0.16205935931454102,0.13230179343372583,0.029757565880815188,0.9479101896286011,0.16837537288665771,8163,7664,0,0.14072229005396367,0.36823390364646913,31,8,15827,8163,7664,0.08971256364643554,cuda,74.46435546875
242,283,200,True,1012,1012,930,730,200,1,199,0.21505376344086022,0.001075268817204301,0.21397849462365592,0.5712328767123288,1.7904109589041095,0.8027645679777615,13.015417244009775,28.037260202246987,0.5052016052557993,0.5132892820320717,0.20293430648233793,0.024547095881290223,0.18676216964648196,0.5041855075792091,0.23519071785299336,0.046282323352093105,0.14655652071208985,0.00910377445286259,-0.032256411370655436,-0.021735227470802882,0.0402056489343921,12.23010752688172,12.23010752688172,9.51720430107527,0.5559139784946237,0.06943136608461908,0.07508896057633303,-0.15978636279145905,-0.003641267060674477,930,82,0,82,1.0,1.9476284584980237,1.9476284584980237,1.721505376344086,126.46889102028254,74.76389194011493,-5.145929488456537,79.90982142857145,0.9394993350481804,201.23278296039746,0.06323444551014128,0.037381945970057465,0.10061639148019873,0.8226950354609929,232,172,60,50,0,169,154.08333333333334,110.94642857142857,4,46,4.0,4.0,58,0,199,1,0,1,199,0,4841.291583521647,484.1291583521647,10378.546842617738,1037.8546842617739,428.08096673870347,42.808096673870345,6097.949654812142,609.7949654812143,4650.0,465.0,0,0,0.07704166666666667,-0.0022,0.07704166666666667,-0.0022,0.0,0.0,0.07704166666666667,0.002,0.07221057683598048,0.15376323930933578,-0.12554448808937,0.0032817926166334426,0.0006955608840395566,-0.013410806257472888,-1.942859273051921e-05,-1.4999999999999999e-05,-1.9285927305192114e-06,-2.5000000000000006e-06,0.0,0.0,0.0,0.0,0.0,0.0006955608840395566,0.008005560884039446,0.07704166666666667,0.0006955608840395566,0.0,0.0,0.06323444551014218,0.03738194597005745,-0.010291858976913074,0.05327321428571427,-0.0025729647442282685,0.039954910714285724,0.0032817926166334426,0.0032817926166334426,0.4748473442755118,0.1588894930784154,0.03861268698829726,0.0,0.0,0.01751425101775991,0.0,0.0,0.007309999999999889,0.05547321428571427,-0.0022,0.0005,0.0995,-0.000693366297831138,-0.0003068692982196808,-0.0003864969996114572,0.16205935931454102,0.13230179343372583,0.029757565880815188,0.9479101896286011,0.16837537288665771,8163,7664,0,0.14072229005396367,0.36823390364646913,31,8,15827,8163,7664,0.08971256364643554,cuda,74.46435546875
243,284,200,True,1045,1045,991,872,119,6,113,0.12008072653884964,0.006054490413723511,0.11402623612512613,0.6032110091743119,1.6341743119266054,0.8031297454935148,13.027134247876088,24.561462450554647,0.45062521865229677,0.4693257411207081,0.23213950327571925,0.03160759301988596,0.18292341423925831,0.4605853233247175,0.253581896544981,0.06914824830411416,0.14170759845708727,0.008740417795990552,-0.021442393269261728,-0.0375406552842282,0.04121581578217104,11.659939455095863,11.659939455095863,8.904137235116044,0.4954591321897074,0.19509595770161645,0.15588410512700604,-0.1931558321960684,-0.03684046855625271,991,54,0,54,1.0,1.8803827751196172,1.8803827751196172,1.661957618567104,113.27084523912812,71.80093009417652,-5.407609283112826,77.20853937728936,0.9345453719303586,185.07177533330463,0.05663542261956406,0.03590046504708826,0.09253588766665231,0.8475177304964538,239,163,76,43,0,159,136.8690476190476,106.24471916971915,3,40,3.0,3.0,75,0,113,6,0,6,113,0,4684.727881888799,468.4727881888799,10089.488917619736,1008.9488917619735,447.10952114032654,44.71095211403265,5899.00067658805,589.900067658805,4955.0,495.5,0,0,0.06843452380952379,-0.0016500000000000002,0.06843452380952379,-0.0016500000000000002,0.0,0.0,0.06843452380952379,0.0015,0.06814120704351609,0.1707013814801493,-0.13533409053612333,0.003719833507707135,0.0006590178597250488,-0.014288916020517448,-0.00011918946889072845,-8.999999999999999e-05,-1.1689468890728463e-05,-1.7500000000000002e-05,0.0,0.0,0.0,0.0,0.0,0.0006590178597250488,0.009439017859724909,0.06843452380952379,0.0006590178597250488,0.0,0.0,0.0566354226195652,0.03590046504708826,-0.010815218566225653,0.05147235958485958,-0.0027038046415564132,0.03860426968864468,0.003719833507707135,0.003719833507707135,0.48094310245560146,0.1761029723193451,0.06118436217693162,0.0,0.0,0.011257596320646063,0.0,0.0,0.008779999999999857,0.05312235958485958,-0.0016500000000000002,0.003,0.0565,-0.000693366297831138,-0.0003068692982196808,-0.0003864969996114572,0.16205935931454102,0.13230179343372583,0.029757565880815188,0.9479101896286011,0.16837537288665771,8163,7664,0,0.14072229005396367,0.36823390364646913,31,8,15827,8163,7664,0.08971256364643554,cuda,74.46435546875
244,285,200,True,1104,1104,1033,871,162,18,144,0.15682478218780252,0.017424975798644726,0.1393998063891578,0.5901262916188289,1.634902411021814,0.7739676374313341,13.540645738419927,26.06081723681,0.4843148883416462,0.4542096106487355,0.2669738834909881,0.07590221355794304,0.16150379100927803,0.45089367107326755,0.27959065733158833,0.11771860985292804,0.12726667695534422,0.003315939575467941,-0.012616773840600226,-0.041816396294985,0.034237114053933815,10.785091965150048,10.785091965150048,8.089060987415296,0.4443368828654405,0.1981224745275185,0.14625852344382012,-0.1386505728678389,-0.06816519924335102,1033,71,0,71,1.0,1.776268115942029,1.776268115942029,1.5672797676669894,80.23296141111324,38.53880183458804,-6.87818455444921,45.41698638903721,0.8684738106720747,118.77176324570128,0.040116480705556616,0.01926940091729402,0.05938588162285064,0.8303249097472925,230,145,85,47,0,140,95.68968253968255,67.15598185204966,6,41,6.0,6.0,83,0,144,18,0,18,144,0,4451.071319511783,445.1071319511783,9698.490444414507,969.8490444414507,473.84865650133054,47.38486565013305,5604.096921653138,560.4096921653138,5165.0,516.5,0,0,0.047844841269841266,-0.0033000000000000004,0.047844841269841266,-0.0033000000000000004,0.0,0.0,0.047844841269841266,0.0030000000000000005,0.060442677692472704,0.17017378525335142,-0.14769281786305208,0.0020181063110278332,0.00031303844841794705,-0.015339573365890072,-0.00036320234331548956,-0.0002700000000000001,-4.0702343315489547e-05,-5.250000000000002e-05,0.0,0.0,0.0,0.0,0.0,0.00031303844841794705,0.009203038448417801,0.047844841269841266,0.00031303844841794705,0.0,0.0,0.04011648070555753,0.01926940091729397,-0.01375636910889842,0.030277990926024855,-0.003439092277224605,0.022708493194518606,0.0020181063110278332,0.0020181063110278332,0.45686860734281975,0.18933712536588174,0.10476370845237598,0.0,0.0,0.007840289634919098,0.0,0.0,0.008889999999999855,0.03357799092602485,-0.0033000000000000004,0.009,0.072,-0.000693366297831138,-0.0003068692982196808,-0.0003864969996114572,0.16205935931454102,0.13230179343372583,0.029757565880815188,0.9479101896286011,0.16837537288665771,8163,7664,0,0.14072229005396367,0.36823390364646913,31,8,15827,8163,7664,0.08971256364643554,cuda,74.46435546875
245,286,200,True,1067,1067,994,856,138,15,123,0.13883299798792756,0.015090543259557344,0.12374245472837023,0.5992990654205608,1.6518691588785046,0.7881147893337167,13.314004356616012,21.48134712507365,0.4499573187466046,0.45643574251819435,0.2879699441456349,0.06047360885346517,0.175711701700255,0.44956357672671293,0.287726603102409,0.10751082159665296,0.1306971486148677,0.006872165791481422,0.00024334104322593086,-0.047037212743187784,0.04501455308538729,11.010060362173038,11.010060362173038,8.321931589537224,0.45271629778672035,0.19450019737033533,0.20205546801660731,-0.1647112827178875,-0.027214152754392013,994,73,0,73,1.0,1.8472352389878164,1.8472352389878164,1.5764587525150906,98.96545373202865,52.416589061841165,-5.755227585778529,58.17181664761963,0.9099719429422367,151.3820427938698,0.04948272686601433,0.026208294530920582,0.0756910213969349,0.8385964912280702,239,158,81,46,0,155,119.15595238095237,80.86242219682623,3,43,3.0,3.0,81,0,123,15,0,15,123,0,4562.3026628036,456.23026628035996,9900.27960486699,990.0279604866989,441.92949188515945,44.192949188515946,5746.239724472297,574.6239724472297,4970.0,497.0,0,0,0.05957797619047617,-0.00165,0.05957797619047617,-0.00165,0.0,0.0,0.05957797619047617,0.0015,0.06641369473317638,0.16808737242502683,-0.13864983868264008,0.002898929449353102,0.0003917295681667395,-0.01400594417246624,-0.00030860921666820025,-0.0002250000000000001,-4.610921666820023e-05,-3.750000000000002e-05,0.0,0.0,0.0,0.0,0.0,0.0003917295681667395,0.009101729568166598,0.05957797619047617,0.0003917295681667395,0.0,0.0,0.04948272686601554,0.02620829453092051,-0.01151045517155706,0.03878121109841313,-0.002877613792889265,0.029085908323809813,0.002898929449353102,0.002898929449353102,0.47553891539486315,0.21087282763018836,0.09250262844618369,0.0,0.0,0.013055016051082334,0.0,0.0,0.008709999999999858,0.040431211098413126,-0.00165,0.0075,0.0615,-0.000693366297831138,-0.0003068692982196808,-0.0003864969996114572,0.16205935931454102,0.13230179343372583,0.029757565880815188,0.9479101896286011,0.16837537288665771,8163,7664,0,0.14072229005396367,0.36823390364646913,31,8,15827,8163,7664,0.08971256364643554,cuda,74.46435546875
246,287,200,True,964,964,907,694,213,2,211,0.2348401323042999,0.002205071664829107,0.2326350606394708,0.6138328530259366,1.5778097982708934,0.8067144614990576,13.24449359717905,26.239441165319437,0.4674060114311234,0.49238599789589216,0.24058742481968245,0.024262626368219638,0.1888435016458677,0.4825717001638083,0.2521312346947661,0.047143904032636574,0.1446365229436532,0.009814297732083865,-0.01154380987508366,-0.022881277664416937,0.04420697870221449,10.96141124586549,10.96141124586549,8.439911797133407,0.4729878721058434,0.18493460817859877,0.0787130016272511,-0.18825929343440156,-0.03274158945673552,907,57,0,57,1.0,2.0497925311203318,2.0497925311203318,1.8015435501653805,132.88255962439808,82.75896163802867,-4.421349717282678,87.18031135531137,0.9517328652612667,215.64152126242675,0.06644127981219904,0.04137948081901433,0.10782076063121337,0.8028169014084507,228,179,49,56,0,176,162.2357142857143,125.04041514041509,8,48,8.0,8.0,49,0,211,2,0,2,211,0,5072.109554559618,507.2109554559618,10795.292021539915,1079.5292021539915,399.94339194723966,39.99433919472396,6389.321754206377,638.9321754206377,4535.0,453.5,0,0,0.08111785714285714,-0.004399999999999999,0.08111785714285714,-0.004399999999999999,0.0,0.0,0.08111785714285714,0.004,0.07549775787079072,0.13732011637327,-0.09607054875594633,0.0031616659568256813,0.0007749704895666558,-0.011795628066232014,-3.778878515501091e-05,-2.9999999999999997e-05,-2.7887851550109148e-06,-5.000000000000001e-06,0.0,0.0,0.0,0.0,0.0,0.0007749704895666558,0.007734970489566551,0.08111785714285714,0.0007749704895666558,0.0,0.0,0.06644127981219952,0.0413794808190144,-0.008842699434565355,0.05812020757020754,-0.0022106748586413387,0.04359015567765569,0.0031616659568256813,0.0031616659568256813,0.46861030180385793,0.1572160960806741,0.04757936191373027,0.0,0.0,0.018814991093852016,0.0,0.0,0.006959999999999896,0.06252020757020753,-0.004399999999999999,0.001,0.1055,-0.000693366297831138,-0.0003068692982196808,-0.0003864969996114572,0.16205935931454102,0.13230179343372583,0.029757565880815188,0.9479101896286011,0.16837537288665771,8163,7664,0,0.14072229005396367,0.36823390364646913,31,8,15827,8163,7664,0.08971256364643554,cuda,74.46435546875
247,288,200,True,981,981,940,804,136,5,131,0.14468085106382977,0.005319148936170213,0.13936170212765958,0.5932835820895522,1.6753731343283582,0.7987440368948291,13.222076625966315,30.65552684686967,0.48000612809973336,0.5225213703083161,0.23915191139303035,0.020464454800706005,0.1975815498608336,0.5103589936497792,0.2702310357870655,0.04123788479419045,0.15084527743591078,0.012162376658536922,-0.031079124394035124,-0.020773429993484447,0.046736272424922815,14.912765957446808,14.912765957446808,12.097872340425532,0.5414893617021277,0.16094564119335314,0.0483580875212005,-0.14735103063594118,-0.05815790904838384,940,41,0,41,1.0,1.9418960244648318,1.9418960244648318,1.7234042553191489,128.83010566031652,75.2902190476595,-6.16576038956992,81.45597943722944,0.9296320707422873,204.120324707976,0.06441505283015826,0.03764510952382975,0.102060162353988,0.7935943060498221,223,170,53,58,0,168,158.59285714285713,116.30797258297255,7,51,7.0,7.0,51,0,131,5,1,5,131,0,4590.177327099104,459.01773270991043,9571.936774633616,957.1936774633616,443.1030946307192,44.310309463071924,5781.648137211035,578.1648137211034,4700.0,470.0,0,1,0.07929642857142856,-0.0038499999999999997,0.07929642857142856,-0.0038499999999999997,0.0,0.0,0.07929642857142856,0.0035,0.07183754353157325,0.17674488975074917,-0.14407901327273026,0.0019716570337464058,0.0007995498650770251,-0.014033633712657883,-0.00010175644570729001,-7.5e-05,-1.4256445707290005e-05,-1.2500000000000002e-05,0.0,0.0,0.0,-0.001,-0.001,0.0007995498650770251,0.008889549865076896,0.07829642857142856,0.0007995498650770251,0.0,0.0,0.0644150528301591,0.03764510952382973,-0.01233152077913984,0.05430398629148628,-0.00308288019478496,0.04072798971861472,0.0019716570337464058,0.0019716570337464058,0.4743045582908425,0.16540499204635337,0.04180685436674823,0.0,0.0,0.013744099843442489,0.0,0.0,0.008089999999999872,0.05815398629148627,-0.0038499999999999997,0.0025,0.0655,-0.000693366297831138,-0.0003068692982196808,-0.0003864969996114572,0.16205935931454102,0.13230179343372583,0.029757565880815188,0.9479101896286011,0.16837537288665771,8163,7664,0,0.14072229005396367,0.36823390364646913,31,8,15827,8163,7664,0.08971256364643554,cuda,74.46435546875
248,289,200,True,1053,1053,988,793,195,13,182,0.19736842105263158,0.013157894736842105,0.18421052631578946,0.5800756620428752,1.6708701134930644,0.7978102647867359,13.086966829672738,27.850221091418668,0.50310791726359,0.4845722572311928,0.22466986829328056,0.028569720664342296,0.1769186430792753,0.4782307755300707,0.2551663024409722,0.055160353437781307,0.14196613181528048,0.006341481701122087,-0.030496434147691653,-0.02659063277343901,0.03495251126399482,11.531376518218623,11.531376518218623,8.911943319838057,0.4716599190283401,0.1393890106660611,0.04839140265022441,-0.1368628884053537,-0.03381722872385922,988,65,0,65,1.0,1.8850902184235518,1.8850902184235518,1.6578947368421053,115.23387003397941,65.98870681797742,-6.145519372498788,72.1342261904762,0.9214928545270399,181.22257685195683,0.05761693501698971,0.03299435340898871,0.09061128842597842,0.8327272727272728,229,165,64,46,0,163,139.70396825396824,103.87896825396827,8,38,8.0,7.0,64,0,182,13,0,13,182,0,4611.031430606955,461.1031430606955,9975.026473474532,997.5026473474533,456.6810380841052,45.66810380841052,5809.706172564791,580.970617256479,4940.0,494.0,0,0,0.06985198412698412,-0.004399999999999999,0.06985198412698412,-0.004399999999999999,0.0,0.0,0.06985198412698412,0.004,0.06983631455090376,0.16113199314978244,-0.11548520587430532,0.0027904188642227374,0.00061673857701209,-0.014507802859159903,-0.0002781472718673925,-0.00019500000000000005,-4.564727186739251e-05,-3.750000000000001e-05,0.0,0.0,0.0,0.0,0.0,0.00061673857701209,0.008676738577011962,0.06985198412698412,0.00061673857701209,0.0,0.0,0.05761693501699071,0.03299435340898866,-0.012291038744997576,0.048089484126984126,-0.003072759686249394,0.0360671130952381,0.0027904188642227374,0.0027904188642227374,0.45592959288545315,0.16525349617178833,0.057962101259630326,0.0,0.0,0.008214133554442843,0.0,0.0,0.008059999999999873,0.05193948412698412,-0.0038499999999999997,0.0065,0.091,-0.000693366297831138,-0.0003068692982196808,-0.0003864969996114572,0.16205935931454102,0.13230179343372583,0.029757565880815188,0.9479101896286011,0.16837537288665771,8163,7664,0,0.14072229005396367,0.36823390364646913,31,8,15827,8163,7664,0.08971256364643554,cuda,74.46435546875
249,290,200,True,798,798,754,626,128,1,127,0.16976127320954906,0.001326259946949602,0.16843501326259946,0.6661341853035144,1.5447284345047922,0.8099980644239023,12.775815729135141,29.724241519126647,0.502224168240543,0.48590967221001086,0.19651658643191805,0.047450221551302525,0.1801567921569696,0.47645240598402844,0.21513379174031722,0.0831493456243945,0.14203570735530732,0.00945726622598242,-0.018617205308399165,-0.03569912407309197,0.038121084801662264,12.10477453580902,12.10477453580902,9.490716180371352,0.4986737400530504,0.14407433602458072,0.11653727414003648,-0.07979001959470329,-0.03593498824084778,754,44,0,44,1.0,2.199248120300752,2.199248120300752,1.9442970822281167,124.17963628279914,74.7792632111886,-4.075282243356802,78.85454545454544,0.9508586674241953,198.95889949398776,0.06208981814139957,0.0373896316055943,0.09947944974699388,0.7075812274368231,196,163,33,81,0,163,155.57738095238093,117.2393939393939,11,70,11.0,11.0,33,0,127,1,2,1,127,0,4760.005834999802,476.00058349998017,9684.275477915837,968.4275477915837,386.91677612044407,38.69167761204441,5991.761827555025,599.1761827555025,3770.0,377.0,0,2,0.07778869047619047,-0.006049999999999999,0.07778869047619047,-0.006049999999999999,0.0,0.0,0.07778869047619047,0.0055,0.07031179466621856,0.12049274076029408,-0.08157078229011062,0.003324312953655145,0.0010243288022357454,-0.01143244831286707,-1.8842656357977792e-05,-1.4999999999999999e-05,-1.3426563579777956e-06,-2.5000000000000006e-06,0.0,0.0,0.0,-0.002,-0.002,0.0010243288022357454,0.007294328802235658,0.07578869047619047,0.0010243288022357454,0.0,0.0,0.06208981814140029,0.037389631605594324,-0.008150564486713604,0.05256969696969696,-0.002037641121678401,0.03942727272727272,0.003324312953655145,0.003324312953655145,0.4390698845229837,0.14411995265230362,0.0701274845348885,0.0,0.0,0.015861041932152188,0.0,0.0,0.006269999999999911,0.05861969696969694,-0.006049999999999999,0.0005,0.0635,-0.0002869696750227983,5.585549806710333e-05,-0.0003428251730899016,0.17694771447529398,0.14724847935140134,0.029699235123892626,0.9423221349716187,0.12262076139450073,8101,7637,0,0.13981721829622984,0.3277059415976206,32,8,15738,8101,7637,0.0856093482602577,cuda,74.31884765625
250,291,200,True,921,921,864,662,202,4,198,0.2337962962962963,0.004629629629629629,0.22916666666666666,0.5181268882175226,1.7643504531722054,0.7951283029018932,13.526874429869867,27.35584477742633,0.509608134060433,0.49917310615860805,0.18374731406862102,0.05312368046813096,0.1728588210396311,0.4902901229226337,0.20341853638604462,0.10418680157238798,0.13994942591708504,0.008882983235974362,-0.019671222317423603,-0.05106312110425702,0.032909395122546065,12.104166666666666,12.104166666666666,9.466435185185185,0.4849537037037037,0.1485285574718656,0.04255397905696002,-0.08782217241054444,-0.0506885870426942,864,57,0,57,1.0,1.9695982627578719,1.9695982627578719,1.712962962962963,102.62704302329038,62.65530196045113,-5.2691298577306735,67.92443181818182,0.9280110198618097,165.28234498374152,0.05131352151164519,0.031327650980225566,0.08264117249187077,0.8908450704225352,253,164,89,31,0,159,126.75952380952377,91.66590909090907,3,28,3.0,1.0,87,0,198,4,1,4,198,0,4712.025642296664,471.2025642296664,9822.56353972447,982.256353972447,391.91185881925827,39.191185881925826,5934.07307531527,593.4073075315271,4320.0,432.0,0,1,0.06337976190476188,-0.0016500000000000002,0.06337976190476188,-0.0016500000000000002,0.0,0.0,0.06337976190476188,0.0015,0.06800481654261332,0.13675725080285092,-0.11024280690861638,0.0019409044355262366,0.00038855993917845356,-0.012267657626249427,-8.76105328601838e-05,-5.9999999999999995e-05,-1.761053286018382e-05,-1.0000000000000003e-05,0.0,0.0,0.0,-0.001,-0.001,0.00038855993917845356,0.007048559939178357,0.06237976190476188,0.00038855993917845356,0.0,0.0,0.051313521511645935,0.03132765098022557,-0.010538259715461348,0.04528295454545453,-0.002634564928865337,0.03396221590909091,0.0019409044355262366,0.0019409044355262366,0.4426716233064144,0.13517604313566625,0.06658883948451232,0.0,0.0,0.011979981294190785,0.0,0.0,0.006659999999999902,0.045832954545454524,-0.00055,0.002,0.099,-0.0002869696750227983,5.585549806710333e-05,-0.0003428251730899016,0.17694771447529398,0.14724847935140134,0.029699235123892626,0.9423221349716187,0.12262076139450073,8101,7637,0,0.13981721829622984,0.3277059415976206,32,8,15738,8101,7637,0.0856093482602577,cuda,74.31884765625
251,292,200,True,1128,1128,1068,844,224,6,218,0.20973782771535582,0.0056179775280898875,0.20411985018726592,0.5343601895734598,1.7665876777251184,0.7935227806110517,13.225189229323401,27.264259928916868,0.491075212222188,0.5034616252857644,0.1946654427063903,0.06097784501961675,0.18029878352508302,0.4989890978093396,0.21181418919732786,0.10910627661136053,0.1403062459063756,0.004472527476424848,-0.01714874649093756,-0.048128431591743785,0.03999253761870741,12.27621722846442,12.27621722846442,9.570224719101123,0.5552434456928839,0.17051380326204588,0.06660733068391576,-0.10259249382212866,-0.057908823015896366,1068,60,0,60,1.0,1.7437943262411348,1.7437943262411348,1.5646067415730338,96.42174263000015,52.834382770899715,-6.48590943689248,59.32029220779217,0.901439237111532,149.25612540089986,0.04821087131500008,0.02641719138544986,0.07462806270044993,0.8612099644128114,242,161,81,39,0,157,116.12619047619044,81.29372294372297,2,37,2.0,2.0,79,0,218,6,0,6,218,0,4276.844676109498,427.6844676109498,9289.905269345789,928.9905269345788,457.45216120464244,45.74521612046424,5388.395823580947,538.8395823580947,5340.0,534.0,0,0,0.05806309523809522,-0.0011,0.05806309523809522,-0.0011,0.0,0.0,0.05806309523809522,0.001,0.06672168528759133,0.17741207009035154,-0.15401558396122084,0.0024638616339352133,0.00030197562261922956,-0.015071544697524974,-0.00012815239684924653,-8.999999999999999e-05,-2.3152396849246547e-05,-1.5000000000000002e-05,0.0,0.0,0.0,0.0,0.0,0.00030197562261922956,0.008801975622619094,0.05806309523809522,0.00030197562261922956,0.0,0.0,0.048210871315000806,0.026417191385449883,-0.01297181887378496,0.039546861471861476,-0.00324295471844624,0.029660146103896085,0.0024638616339352133,0.0024638616339352133,0.46624559960192524,0.15638449192418843,0.08477107041605059,0.0,0.0,0.006113258879868936,0.0,0.0,0.008499999999999864,0.04064686147186148,-0.0011,0.003,0.109,-0.0002869696750227983,5.585549806710333e-05,-0.0003428251730899016,0.17694771447529398,0.14724847935140134,0.029699235123892626,0.9423221349716187,0.12262076139450073,8101,7637,0,0.13981721829622984,0.3277059415976206,32,8,15738,8101,7637,0.0856093482602577,cuda,74.31884765625
252,293,200,True,1124,1124,1058,870,188,6,182,0.1776937618147448,0.005671077504725898,0.1720226843100189,0.5770114942528736,1.6827586206896552,0.8420393581362976,12.3968283762877,30.959172388602948,0.4320434343626277,0.4940850407570258,0.2929203978514877,0.06995171236848437,0.1814835065825917,0.48692864354314475,0.2936463969813167,0.11103713057838895,0.13938835185106802,0.0071563972138810605,-0.0007259991298290136,-0.04108541820990458,0.0420951547315237,12.0,12.0,9.324196597353497,0.5075614366729678,0.051877962602982775,0.0860211207886281,-0.1391213088337788,-0.09768861655330129,1058,66,0,66,1.0,1.7677935943060499,1.7677935943060499,1.5945179584120983,100.47144451469244,47.78781438229295,-6.102269492165935,53.89008387445885,0.898282545195822,148.2592588969854,0.05023572225734622,0.023893907191146476,0.07412962944849269,0.8380281690140845,238,154,84,46,0,152,120.98571428571428,79.55344516594518,7,39,7.0,7.0,81,0,182,6,0,6,182,0,4298.034077956444,429.8034077956444,9326.375808025476,932.6375808025475,425.79712821611554,42.57971282161155,5411.715180505053,541.1715180505053,5290.0,529.0,0,0,0.06049285714285713,-0.0038499999999999997,0.06049285714285713,-0.0038499999999999997,0.0,0.0,0.06049285714285713,0.0035,0.06529545764820259,0.18001614109611924,-0.1860308440668698,0.0017350470741276523,0.00044718271530247075,-0.01366828317563437,-0.00011536900202333822,-8.999999999999999e-05,-1.0369002023338213e-05,-1.5000000000000002e-05,0.0,0.0,0.0,0.0,0.0,0.00044718271530247075,0.009207182715302329,0.06049285714285713,0.00044718271530247075,0.0,0.0,0.05023572225734724,0.02389390719114648,-0.01220453898433187,0.03592672258297259,-0.0030511347460829676,0.026945041937229425,0.0017350470741276523,0.0017350470741276523,0.47201770146616545,0.21618609307067052,0.08059574534339115,0.0,0.0,0.008112685021565685,0.0,0.0,0.008759999999999858,0.03977672258297258,-0.0038499999999999997,0.003,0.091,-0.0002869696750227983,5.585549806710333e-05,-0.0003428251730899016,0.17694771447529398,0.14724847935140134,0.029699235123892626,0.9423221349716187,0.12262076139450073,8101,7637,0,0.13981721829622984,0.3277059415976206,32,8,15738,8101,7637,0.0856093482602577,cuda,74.31884765625
253,294,200,True,1110,1110,1031,757,274,2,272,0.26576139670223087,0.0019398642095053346,0.2638215324927255,0.5521796565389696,1.7225891677675034,0.7987138471877402,13.16219215821401,30.295198091939387,0.47147373750607396,0.5272631368832356,0.2327057942994126,0.04152357471304671,0.19796109256116842,0.5187299316515224,0.24925925117601178,0.08612272308498395,0.14694133754253702,0.008533205231713192,-0.016553456876599176,-0.044599148371937236,0.0510197550186314,13.073714839961204,13.073714839961204,10.549951503394762,0.483996120271581,0.1909406866235238,0.052534833221989936,-0.11421414948906027,-0.045595239119108864,1031,79,0,79,1.0,1.7855855855855856,1.7855855855855856,1.6120271580989332,91.48402328365945,51.52104698750462,-5.484012536304899,57.00505952380952,0.9122404549225936,143.00507027116407,0.04574201164182973,0.02576052349375231,0.07150253513558204,0.8450704225352113,240,150,90,44,0,148,110.28333333333327,78.20674603174604,2,42,2.0,2.0,90,0,272,2,0,2,272,0,4338.828739298328,433.88287392983284,9385.803650396756,938.5803650396756,411.75014397956204,41.175014397956204,5462.684022166677,546.2684022166677,5155.0,515.5,0,0,0.05514166666666664,-0.0011,0.05514166666666664,-0.0011,0.0,0.0,0.05514166666666664,0.001,0.06362567744046466,0.16588338528393165,-0.15342029801632534,0.002200451362984266,0.0005533915424817939,-0.012978386140698114,-5.129398469605684e-05,-2.9999999999999997e-05,-1.6293984696056846e-05,-5.000000000000001e-06,0.0,0.0,0.0,0.0,0.0,0.0005533915424817939,0.008143391542481677,0.05514166666666664,0.0005533915424817939,0.0,0.0,0.04574201164183044,0.02576052349375233,-0.010968025072609798,0.03800337301587303,-0.0027420062681524494,0.02850252976190476,0.002200451362984266,0.002200451362984266,0.46126731149576483,0.17147389139190555,0.06610091658394279,0.0,0.0,0.004949129097304531,0.0,0.0,0.007589999999999882,0.03910337301587303,-0.0011,0.001,0.136,-0.0002869696750227983,5.585549806710333e-05,-0.0003428251730899016,0.17694771447529398,0.14724847935140134,0.029699235123892626,0.9423221349716187,0.12262076139450073,8101,7637,0,0.13981721829622984,0.3277059415976206,32,8,15738,8101,7637,0.0856093482602577,cuda,74.31884765625
254,295,200,True,989,989,931,792,139,2,137,0.14930182599355532,0.0021482277121374865,0.14715359828141783,0.5694444444444444,1.6830808080808082,0.8003216147272274,12.927718771828545,23.940329760764584,0.4292302513312821,0.4714456901067134,0.28116584421286,0.01678022775784925,0.18686463546732235,0.4637392185477897,0.3054235651924491,0.03716763710477295,0.13975558304839364,0.007706471558923678,-0.024257720979589115,-0.0203874093469237,0.04710905241892871,10.951664876476906,10.951664876476906,8.140708915145005,0.48120300751879697,0.050003635320677066,0.15347101410292452,-0.1985590640716638,0.03893032606352727,931,58,0,58,1.0,1.9959555106167846,1.9959555106167846,1.7722878625134264,126.81822925575192,77.23430161184982,-4.829686483388235,82.0639880952381,0.944418434289851,204.05253086760172,0.06340911462787596,0.038617150805924906,0.10202626543380086,0.8515901060070671,241,170,71,42,0,167,154.16666666666669,117.11865079365077,8,34,8.0,7.0,70,0,137,2,0,2,137,0,4964.899131228771,496.48991312287706,10620.275631164597,1062.0275631164598,411.0615248052068,41.10615248052068,6250.111274231452,625.0111274231451,4655.0,465.5,0,0,0.07708333333333334,-0.004399999999999999,0.07708333333333334,-0.004399999999999999,0.0,0.0,0.07708333333333334,0.004,0.07175475061221942,0.15520454324829222,-0.11410001641056984,0.0028013017798792362,0.0007722398060464908,-0.012361831250403061,-3.977113897832377e-05,-2.9999999999999997e-05,-4.771138978323771e-06,-5.000000000000001e-06,0.0,0.0,0.0,0.0,0.0,0.0007722398060464908,0.008712239806046365,0.07708333333333334,0.0007722398060464908,0.0,0.0,0.06340911462787711,0.038617150805924934,-0.009659372966776469,0.054709325396825374,-0.0024148432416941173,0.04103199404761905,0.0028013017798792362,0.0028013017798792362,0.47313962246933217,0.18150036717689125,0.03695151702725148,0.0,0.0,0.021758747129107088,0.0,0.0,0.007939999999999876,0.058559325396825374,-0.0038499999999999997,0.001,0.0685,-0.0002869696750227983,5.585549806710333e-05,-0.0003428251730899016,0.17694771447529398,0.14724847935140134,0.029699235123892626,0.9423221349716187,0.12262076139450073,8101,7637,0,0.13981721829622984,0.3277059415976206,32,8,15738,8101,7637,0.0856093482602577,cuda,74.31884765625
255,296,200,True,1012,1012,973,805,168,5,163,0.17266187050359713,0.0051387461459403904,0.16752312435765673,0.6347826086956522,1.5888198757763976,0.8436713368626114,12.327609308610052,24.67926410458843,0.42519654954111336,0.4806738179477846,0.25532662881457285,0.023428243491220177,0.19584316916486122,0.46939615299983056,0.2690228634484991,0.04438337341922781,0.1489777267673371,0.011277664947954014,-0.013696234633926274,-0.020955129928007632,0.04686544239752413,11.06988694758479,11.06988694758479,8.427543679342241,0.49640287769784175,0.07641193099581646,0.054838117738916496,-0.1415927524240212,-0.017204839099942516,973,39,0,39,1.0,1.9466403162055337,1.9466403162055337,1.7101747173689619,129.88430587832252,73.36205849965656,-4.491215309867251,77.85327380952378,0.9454582163554933,203.2463643779791,0.06494215293916127,0.03668102924982828,0.10162318218898955,0.7686832740213523,216,176,40,65,0,172,157.90000000000003,115.90436507936506,11,54,11.0,11.0,40,0,163,5,0,5,163,0,4765.2162553886365,476.52162553886365,10169.67449461562,1016.967449461562,413.7459912941018,41.374599129410186,6005.30036727209,600.530036727209,4865.0,486.5,0,0,0.07895,-0.00605,0.07895,-0.00605,0.0,0.0,0.07895,0.0055,0.07295742407099239,0.16014745770812083,-0.12046819072672837,0.0037004828516155512,0.0008107646958063066,-0.012446662643558322,-0.00010980090646528623,-7.5e-05,-2.2300906465286235e-05,-1.2500000000000002e-05,0.0,0.0,0.0,0.0,0.0,0.0008107646958063066,0.008910764695806178,0.07895,0.0008107646958063066,0.0,0.0,0.06494215293916192,0.03668102924982836,-0.008982430619734503,0.05190218253968254,-0.0022456076549336257,0.03892663690476189,0.0037004828516155512,0.0037004828516155512,0.47939275764414874,0.18217619798543647,0.044590018177066586,0.0,0.0,0.018438407432608987,0.0,0.0,0.008099999999999871,0.05795218253968253,-0.00605,0.0025,0.0815,-0.0002869696750227983,5.585549806710333e-05,-0.0003428251730899016,0.17694771447529398,0.14724847935140134,0.029699235123892626,0.9423221349716187,0.12262076139450073,8101,7637,0,0.13981721829622984,0.3277059415976206,32,8,15738,8101,7637,0.0856093482602577,cuda,74.31884765625
256,297,200,True,1019,1019,958,709,249,4,245,0.2599164926931106,0.0041753653444676405,0.255741127348643,0.5669957686882934,1.7404795486600846,0.8094141204829612,13.142946173341048,28.00013849025721,0.5019362931946301,0.49819910490546476,0.24373080533612598,0.04595582375082231,0.17133946367637984,0.48936287484989516,0.25932291588169354,0.08018692339769182,0.1344259224979178,0.008836230055569605,-0.015592110545567556,-0.03423109964686951,0.036913541178462045,10.48956158663883,10.48956158663883,7.964509394572025,0.49582463465553234,0.11973466319269403,0.18093994873488123,-0.10651642409075002,-0.04581655884707505,958,61,0,61,1.0,1.9479882237487733,1.9479882237487733,1.6837160751565763,105.33354251812104,52.3554353536428,-5.271656304698835,57.62709165834162,0.9161882155778922,157.68897787176383,0.05266677125906052,0.026177717676821397,0.07884448893588192,0.8812949640287769,245,161,84,33,0,159,127.86904761904759,82.33612221112222,5,28,5.0,5.0,83,0,245,4,0,4,245,0,4878.487738299754,487.84877382997536,10371.810667425845,1037.1810667425846,411.90509551295276,41.19050955129528,6138.356016718629,613.8356016718628,4790.0,479.0,0,0,0.06393452380952379,-0.00275,0.06393452380952379,-0.00275,0.0,0.0,0.06393452380952379,0.0025,0.06861754828399352,0.1441632545576945,-0.1155080256076063,0.002615002669050453,0.0004657610572073994,-0.012940830260363757,-7.439033127693976e-05,-5.9999999999999995e-05,-4.39033127693976e-06,-1.0000000000000003e-05,0.0,0.0,0.0,0.0,0.0,0.0004657610572073994,0.0075957610572072905,0.06393452380952379,0.0004657610572073994,0.0,0.0,0.05266677125906136,0.026177717676821387,-0.01054331260939767,0.0384180611055611,-0.0026358281523494176,0.02881354582917081,0.002615002669050453,0.002615002669050453,0.47014811921218913,0.1719333617750088,0.060317335119932855,0.0,0.0,0.010194072465336804,0.0,0.0,0.0071299999999998925,0.0411680611055611,-0.00275,0.002,0.1225,-0.0002869696750227983,5.585549806710333e-05,-0.0003428251730899016,0.17694771447529398,0.14724847935140134,0.029699235123892626,0.9423221349716187,0.12262076139450073,8101,7637,0,0.13981721829622984,0.3277059415976206,32,8,15738,8101,7637,0.0856093482602577,cuda,74.31884765625
257,298,200,True,1031,1031,969,805,164,6,158,0.1692466460268318,0.006191950464396285,0.16305469556243551,0.5875776397515527,1.698136645962733,0.8176186629704066,12.616511953839604,25.947431058015514,0.4920905995674566,0.49370387972141644,0.29931943349031187,0.05184818582366342,0.17120877270881804,0.48789565494712095,0.31422334666138296,0.08903814179487295,0.13481248746516172,0.0058082247742954896,-0.014903913171071093,-0.037189955971209526,0.03639628524365632,11.637770897832818,11.637770897832818,8.854489164086687,0.52218782249742,0.10248190588996248,0.18575870016858897,-0.20348723512552247,-0.06902704383227488,969,62,0,62,1.0,1.9321047526673132,1.9321047526673132,1.716202270381837,109.36469660663364,59.58753750180728,-6.890803319354697,66.47834082116195,0.9060803638903375,168.95223410844093,0.05468234830331682,0.029793768750903643,0.08447611705422046,0.8222996515679443,236,161,75,51,0,160,132.30952380952377,90.1348706848707,2,49,2.0,1.3609844757467333,75,0,158,6,0,6,158,0,4757.026128895256,475.7026128895256,10277.753592100256,1027.7753592100257,451.7892168181868,45.17892168181868,5991.364681669539,599.1364681669539,4845.0,484.5,0,0,0.06615476190476188,-0.0011,0.06615476190476188,-0.0011,0.0,0.0,0.06615476190476188,0.001,0.06915382339449641,0.16410323715839437,-0.15423226744620847,0.0008377679164088409,0.0006826938975365128,-0.014404833938420042,-0.0001146806887764231,-8.999999999999999e-05,-9.680688776423086e-06,-1.5000000000000002e-05,0.0,0.0,0.0,0.0,0.0,0.0006826938975365128,0.008792693897536383,0.06615476190476188,0.0006826938975365128,0.0,0.0,0.05468234830331793,0.029793768750903598,-0.013781606638709394,0.04431889388077464,-0.0034454016596773486,0.03323917041058098,0.0008377679164088409,0.0008377679164088409,0.4956549499368137,0.2058017661704778,0.07186429460951158,0.0,0.0,0.014446245317524812,0.0,0.0,0.00810999999999987,0.04506743534243533,-0.0007485414616607033,0.003,0.079,0.0019478872069157661,-9.830382186919451e-05,0.0020461910287849607,0.15005657893198077,0.12476654350757599,0.025290035424404778,0.9466897249221802,0.14853036403656006,8169,7691,0,0.14874843023717405,0.34992210008203983,33,8,15860,8169,7691,0.07671184710323796,cuda,73.87841796875
258,299,200,True,989,989,944,783,161,11,150,0.1705508474576271,0.011652542372881356,0.15889830508474576,0.6283524904214559,1.6040868454661559,0.7866298480204391,13.271243686115756,27.13960607382225,0.47644280875138856,0.4740223565815661,0.26235398039754626,0.048356280057294955,0.178582479232877,0.4667611161525222,0.27465874209671753,0.09121469555837179,0.1336213542531467,0.007261240429043914,-0.012304761699171274,-0.04285841550107684,0.044961124979730316,12.236228813559322,12.236228813559322,9.662076271186441,0.4724576271186441,0.18003172132697745,0.1284068632390211,-0.13250213522771334,-0.04981795490998852,944,45,0,45,1.0,1.8422649140546006,1.8422649140546006,1.625,94.5849411700094,53.833038045024615,-6.204081743082018,60.03711978810662,0.9063410445512388,148.41797921503402,0.0472924705850047,0.026916519022512308,0.07420898960751701,0.8237410071942446,229,143,86,49,0,137,115.98333333333333,89.94949305080885,10,39,10.0,9.0,86,0,150,11,1,11,150,0,4390.410718340334,439.0410718340334,9216.0216567738,921.6021656773801,424.9552250009034,42.49552250009034,5523.768279712235,552.3768279712235,4720.0,472.0,0,1,0.05799166666666665,-0.005499999999999999,0.05799166666666665,-0.005499999999999999,0.0,0.0,0.05799166666666665,0.005,0.05901292653660188,0.15893749199625135,-0.1321790519961167,0.0014364602254165306,0.0005556862583568462,-0.013565626133201341,-0.00021675378093855916,-0.00016500000000000003,-2.4253780938559153e-05,-2.750000000000001e-05,0.0,0.0,0.0,-0.001,-0.001,0.0005556862583568462,0.008495686258356722,0.056991666666666656,0.0005556862583568462,0.0,0.0,0.047292470585005755,0.02691651902251231,-0.012408163486164036,0.040024746525404414,-0.003102040871541009,0.03001855989405331,0.0014364602254165306,0.0014364602254165306,0.4507845892789452,0.17781937034729536,0.07482459803568355,0.0,0.0,0.012356881615940837,0.0,0.0,0.007939999999999876,0.04497474652540442,-0.0049499999999999995,0.0055,0.075,0.0019478872069157661,-9.830382186919451e-05,0.0020461910287849607,0.15005657893198077,0.12476654350757599,0.025290035424404778,0.9466897249221802,0.14853036403656006,8169,7691,0,0.14874843023717405,0.34992210008203983,33,8,15860,8169,7691,0.07671184710323796,cuda,73.87841796875
259,300,200,True,1146,1146,1083,881,202,12,190,0.18651892890120036,0.0110803324099723,0.17543859649122806,0.5119182746878547,1.8002270147559591,0.7945032650171425,13.008628785677855,30.293438690745194,0.49164935900045414,0.507959548734915,0.23495193791156052,0.08536343346164899,0.1774551762874734,0.5111466230957786,0.25100072915692234,0.16898021667656066,0.1342621801799495,-0.0031870743608636287,-0.01604879124536182,-0.08361678321491167,0.04319299610752389,12.607571560480148,12.607571560480148,9.857802400738688,0.5530932594644506,0.15777693644788804,0.08546032670355648,-0.11110200007913928,-0.025930298795830514,1083,63,0,63,1.0,1.737347294938918,1.737347294938918,1.5364727608494921,73.86919865413797,31.344836097799845,-7.493036597745053,38.837872695544895,0.8382713244345873,105.21403475193782,0.03693459932706899,0.015672418048899923,0.05260701737596891,0.85,238,146,92,42,0,145,87.75364357864358,61.68383026072658,10,32,10.0,9.0,92,0,190,12,0,12,190,0,4202.114663204546,420.2114663204546,9183.789628926295,918.3789628926295,473.56539590856806,47.356539590856805,5291.905844365507,529.1905844365507,5415.0,541.5,0,0,0.043876821789321785,-0.0055,0.043876821789321785,-0.0055,0.0,0.0,0.043876821789321785,0.005,0.062366955413841185,0.19360605928482896,-0.1932162836784432,0.0010490874034725524,0.00023570947805762744,-0.01575065762360119,-0.00023535405976696233,-0.00018000000000000004,-2.5354059766962302e-05,-3.0000000000000014e-05,0.0,0.0,0.0,0.0,0.0,0.00023570947805762744,0.009165709478057482,0.043876821789321785,0.00023570947805762744,0.0,0.0,0.03693459932706936,0.015672418048899916,-0.014986073195490106,0.025891915130363305,-0.0037465182988725265,0.019418936347772447,0.0010490874034725524,0.0010490874034725524,0.4875851646001882,0.18819072388324373,0.14248627415816176,0.0,0.0,0.003998339259737562,0.0,0.0,0.008929999999999855,0.030841915130363304,-0.00495,0.006,0.095,0.0019478872069157661,-9.830382186919451e-05,0.0020461910287849607,0.15005657893198077,0.12476654350757599,0.025290035424404778,0.9466897249221802,0.14853036403656006,8169,7691,0,0.14874843023717405,0.34992210008203983,33,8,15860,8169,7691,0.07671184710323796,cuda,73.87841796875
260,301,200,True,1010,1010,944,706,238,7,231,0.2521186440677966,0.007415254237288136,0.24470338983050846,0.5750708215297451,1.7152974504249292,0.8270389483476496,12.701856907636518,29.334588515859824,0.4996917963866606,0.5131714108265493,0.25193838763021714,0.03535427329613281,0.18414106260636878,0.50375548900018,0.27077017790603614,0.0714872238332097,0.1443671146196659,0.0094159218263693,-0.018831790275818994,-0.03613295053707689,0.03977394798670289,11.973516949152541,11.973516949152541,9.473516949152541,0.4798728813559322,0.13186231635809909,0.09719324079435981,-0.147088813064295,-0.05881729829550051,944,66,0,66,1.0,1.9445544554455445,1.9445544554455445,1.7266949152542372,114.2180350213749,59.92379694501325,-4.974566150224863,64.89836309523808,0.9288055302111458,174.14183196638817,0.05710901751068745,0.029961898472506625,0.08707091598319408,0.7836879432624113,221,165,56,61,0,162,138.98571428571427,95.33115079365078,8,53,8.0,8.0,56,0,231,7,0,7,231,0,4914.646419919957,491.46464199199573,10485.05044619707,1048.505044619707,412.0301341143259,41.20301341143259,6185.879183807344,618.5879183807344,4720.0,472.0,0,0,0.06949285714285713,-0.004399999999999999,0.06949285714285713,-0.004399999999999999,0.0,0.0,0.06949285714285713,0.004,0.06983344486231839,0.14845036540889675,-0.13281788326529118,0.003145103681513308,0.00044365898200870264,-0.012828451200769536,-0.00014701103747910766,-0.00010499999999999999,-2.201103747910764e-05,-2.0000000000000005e-05,0.0,0.0,0.0,0.0,0.0,0.00044365898200870264,0.007573658982008596,0.06949285714285713,0.00044365898200870264,0.0,0.0,0.05710901751068834,0.029961898472506656,-0.009949132300449725,0.0432655753968254,-0.0024872830751124313,0.03244918154761904,0.003145103681513308,0.003145103681513308,0.47697213697704555,0.1769019046783588,0.05767584066040132,0.0,0.0,0.015286393681875503,0.0,0.0,0.0071299999999998925,0.04766557539682539,-0.004399999999999999,0.0035,0.1155,0.0019478872069157661,-9.830382186919451e-05,0.0020461910287849607,0.15005657893198077,0.12476654350757599,0.025290035424404778,0.9466897249221802,0.14853036403656006,8169,7691,0,0.14874843023717405,0.34992210008203983,33,8,15860,8169,7691,0.07671184710323796,cuda,73.87841796875
261,302,200,True,1115,1115,1049,832,217,4,213,0.20686367969494757,0.0038131553860819827,0.20305052430886558,0.5276442307692307,1.7463942307692308,0.8194519565440714,12.67529089634235,26.703272385451083,0.426620700816644,0.4920075446940385,0.2763012683851859,0.05257437820546329,0.19395955338348778,0.49258378909256023,0.2728648566497633,0.10903371864976809,0.14173037108356276,-0.0005762443985217192,0.0034364117354226398,-0.0564593404443048,0.052229182299925014,11.1534795042898,11.1534795042898,8.489990467111534,0.5300285986653956,0.08421830429703718,0.13079655153938066,-0.17798770412067078,-0.03879118040440057,1049,66,0,66,1.0,1.7497757847533633,1.7497757847533633,1.5548141086749285,79.66955122500345,42.43883422759614,-5.673716758436617,48.11255098603274,0.8945136556901175,122.10838545259958,0.039834775612501726,0.02121941711379807,0.06105419272629979,0.8243727598566308,230,148,82,49,0,142,95.25357142857145,68.04886779886783,4,45,4.0,3.544363470446185,81,0,213,4,0,4,213,0,4408.553954893668,440.85539548936674,9456.389574607732,945.6389574607732,404.7227155142515,40.47227155142515,5550.02739811164,555.002739811164,5245.0,524.5,0,0,0.04762678571428572,-0.0022,0.04762678571428572,-0.0022,0.0,0.0,0.04762678571428572,0.002,0.06109403536566085,0.17499240577225095,-0.16742273357355478,0.0016943859797810996,0.00030673520536591366,-0.012907215357275272,-8.375991764561905e-05,-5.9999999999999995e-05,-1.3759917645619058e-05,-1.0000000000000003e-05,0.0,0.0,0.0,0.0,0.0,0.00030673520536591366,0.00866673520536578,0.04762678571428572,0.00030673520536591366,0.0,0.0,0.039834775612502496,0.021219417113798055,-0.011347433516873234,0.03207503399068854,-0.0028368583792183085,0.02405627549301637,0.0016943859797810996,0.0016943859797810996,0.4649376374975657,0.19074700373907086,0.09061678394318111,0.0,0.0,0.005568250447508698,0.0,0.0,0.008359999999999866,0.03402443389943394,-0.001949399908745402,0.002,0.1065,0.0019478872069157661,-9.830382186919451e-05,0.0020461910287849607,0.15005657893198077,0.12476654350757599,0.025290035424404778,0.9466897249221802,0.14853036403656006,8169,7691,0,0.14874843023717405,0.34992210008203983,33,8,15860,8169,7691,0.07671184710323796,cuda,73.87841796875
262,303,200,True,918,918,850,650,200,5,195,0.23529411764705882,0.0058823529411764705,0.22941176470588234,0.5707692307692308,1.7138461538461538,0.7930217151458446,13.197558491046612,30.897240336124714,0.500848132086058,0.513473482636305,0.1989079112559557,0.03602907153276297,0.1853821285068989,0.5155024924874305,0.22558176452580553,0.0855669296808684,0.145382023639977,-0.0020290098511255295,-0.026673853269849834,-0.049537858148105435,0.040000104866921904,12.508235294117647,12.508235294117647,9.947058823529412,0.5164705882352941,0.15576981237360094,0.06807405591174108,-0.12882272968910818,-0.008382721865330695,850,68,0,68,1.0,1.9978213507625273,1.9978213507625273,1.7811764705882354,110.90137075575419,65.02581706928923,-4.925925227860294,69.95174229714947,0.9342136929383519,175.9271878250434,0.05545068537787709,0.03251290853464461,0.0879635939125217,0.7597173144876325,215,159,56,68,0,157,137.0,102.77103174603174,10,58,10.0,8.638220014999206,56,0,195,5,1,5,195,0,4588.232007711742,458.8232007711742,9587.872316883044,958.7872316883044,384.44360498088645,38.44436049808864,5776.995876286083,577.6995876286084,4250.0,425.0,0,1,0.06849999999999999,-0.0055,0.06849999999999999,-0.0055,0.0,0.0,0.06849999999999999,0.005,0.06744892160938694,0.1389825812601637,-0.11430248286027073,0.002259124263150683,0.0007034268893854543,-0.011838228573896853,-0.00010191858475232429,-7.5e-05,-1.4418584752324288e-05,-1.2500000000000002e-05,0.0,0.0,0.0,-0.001,-0.001,0.0007034268893854543,0.007253426889385359,0.06749999999999999,0.0007034268893854543,0.0,0.0,0.05545068537787782,0.03251290853464462,-0.009851850455720587,0.0466344948647663,-0.0024629626139301467,0.034975871148574735,0.002259124263150683,0.002259124263150683,0.44154595874461194,0.13671155875948288,0.05098955691904489,0.0,0.0,0.020095864662751227,0.0,0.0,0.006549999999999905,0.05138551587301586,-0.004751021008249564,0.0025,0.0975,0.0019478872069157661,-9.830382186919451e-05,0.0020461910287849607,0.15005657893198077,0.12476654350757599,0.025290035424404778,0.9466897249221802,0.14853036403656006,8169,7691,0,0.14874843023717405,0.34992210008203983,33,8,15860,8169,7691,0.07671184710323796,cuda,73.87841796875
263,304,200,True,1081,1081,1023,871,152,11,141,0.14858260019550343,0.010752688172043012,0.1378299120234604,0.6061997703788748,1.6417910447761195,0.8180860116068449,12.57332140925831,26.846448259430282,0.4408276611764984,0.4636572524477502,0.313299262466339,0.10412796548846788,0.17214666313174193,0.4633034153079056,0.32610337351086355,0.14940483677313246,0.13212204544487421,0.00035383713984460385,-0.012804111044524558,-0.04527687128466458,0.040024617686867714,11.185728250244379,11.185728250244379,8.556207233626589,0.4555229716520039,0.1485133775833643,0.061836718559517535,-0.20288616090854628,-0.1004293172182287,1023,58,0,58,1.0,1.827937095282146,1.827937095282146,1.587487781036168,95.74614902101915,52.061664855138304,-5.965408289893165,58.02707314503148,0.9067795441569254,147.80781387615747,0.047873074510509574,0.02603083242756915,0.07390390693807873,0.8,224,156,68,56,0,153,115.05515873015874,82.869430860042,5,51,5.0,5.0,67,0,141,11,0,11,141,0,4470.4664610905065,447.04664610905064,9689.711177541843,968.9711177541843,445.1990458503605,44.51990458503605,5628.832832857079,562.8832832857079,5115.0,511.5,0,0,0.05752757936507938,-0.00275,0.05752757936507938,-0.00275,0.0,0.0,0.05752757936507938,0.0025000000000000005,0.0658333528669138,0.17098023369192372,-0.1800581019599875,0.0022763479826209713,0.0004350550922303585,-0.013962214307373409,-0.0002181772359754154,-0.00016500000000000003,-2.5677235975415455e-05,-2.750000000000001e-05,0.0,0.0,0.0,0.0,0.0,0.0004350550922303585,0.009255055092230215,0.05752757936507938,0.0004350550922303585,0.0,0.0,0.04787307451051071,0.02603083242756922,-0.011930816579786329,0.038684715430021006,-0.002982704144946582,0.02901353657251574,0.0022763479826209713,0.0022763479826209713,0.48303097212511187,0.2272556240583088,0.12235021147823819,0.0,0.0,0.01183376048979943,0.0,0.0,0.008819999999999856,0.041434715430021016,-0.00275,0.0055,0.0705,0.0019478872069157661,-9.830382186919451e-05,0.0020461910287849607,0.15005657893198077,0.12476654350757599,0.025290035424404778,0.9466897249221802,0.14853036403656006,8169,7691,0,0.14874843023717405,0.34992210008203983,33,8,15860,8169,7691,0.07671184710323796,cuda,73.87841796875
264,305,200,True,879,879,829,681,148,7,141,0.17852834740651388,0.008443908323281062,0.1700844390832328,0.5154185022026432,1.7944199706314243,0.7975016387723791,13.17576643093742,31.38497922881322,0.5034939575053665,0.5543017010594254,0.1900135480283203,0.04720694856190296,0.2018586056219433,0.5456088238919534,0.22302353468815223,0.07762339916531538,0.15487889867691698,0.008692877167472024,-0.03300998665983193,-0.030416450603412422,0.04697970694502632,16.401688781664657,16.401688781664657,13.44993968636912,0.6067551266586249,0.14201854818823373,0.04708207558397939,-0.10338930985298547,-0.07344120834879282,829,50,0,50,1.0,2.0568828213879407,2.0568828213879407,1.8214716525934862,112.86182082345216,71.95826563275398,-5.300623317562978,77.25888895031696,0.9357963344022175,184.82008645620613,0.056430910411726085,0.03597913281637699,0.09241004322810306,0.7942238267148014,220,167,53,57,0,165,141.4246031746032,105.21185193375594,2,55,2.0,2.0,51,0,141,7,2,7,141,0,4726.912919095783,472.6912919095783,9591.138444055163,959.1138444055163,401.3647495665556,40.13647495665556,5953.284891838921,595.3284891838921,4145.0,414.5,0,2,0.07071230158730159,-0.0011,0.07071230158730159,-0.0011,0.0,0.0,0.07071230158730159,0.001,0.07087873336779218,0.15811009563533768,-0.1392747807657267,0.00219037708037943,0.00042534570942404277,-0.012468341264061976,-0.00016157804007592487,-0.00010499999999999999,-3.6578040075924846e-05,-2.0000000000000005e-05,0.0,0.0,0.0,-0.002,-0.002,0.00042534570942404277,0.007305345709423941,0.06871230158730159,0.00042534570942404277,0.0,0.0,0.05643091041172665,0.03597913281637699,-0.010601246635125957,0.05150592596687797,-0.0026503116587814892,0.03862944447515848,0.00219037708037943,0.00219037708037943,0.46705415930562066,0.13615608784875113,0.07537107698146651,0.0,0.0,0.012013410918221541,0.0,0.0,0.0068799999999998975,0.05260592596687797,-0.0011,0.0035,0.0705,0.0019478872069157661,-9.830382186919451e-05,0.0020461910287849607,0.15005657893198077,0.12476654350757599,0.025290035424404778,0.9466897249221802,0.14853036403656006,8169,7691,0,0.14874843023717405,0.34992210008203983,33,8,15860,8169,7691,0.07671184710323796,cuda,73.87841796875
265,306,200,True,976,976,896,627,269,6,263,0.3002232142857143,0.006696428571428571,0.2935267857142857,0.5741626794258373,1.7065390749601277,0.819359128602574,12.697877829154713,28.632193866338838,0.5117577092659488,0.516361405642219,0.24578710572357382,0.025037854861622553,0.17945750575791897,0.5033957187733962,0.26211116516716076,0.04276447920381215,0.14811286747313002,0.012965686868822823,-0.016324059443586947,-0.017726624342189596,0.03134463828478895,10.878348214285714,10.878348214285714,8.5625,0.45200892857142855,0.20882099247843472,0.09932684510772827,-0.18571058087362136,-0.04322136875945877,896,80,0,80,1.0,2.019467213114754,2.019467213114754,1.8046875,125.25925889034333,76.81440154383368,-4.399640663958478,81.21404220779222,0.9486105431237067,202.07366043417701,0.06262962944517167,0.03840720077191684,0.10103683021708851,0.7670250896057348,214,170,44,65,0,166,153.08333333333334,113.7853896103896,5,60,5.0,5.0,42,0,263,6,0,6,263,0,4969.004840940472,496.90048409404716,10625.469600567523,1062.5469600567524,396.85395082785084,39.685395082785085,6258.240367070258,625.8240367070258,4480.0,448.0,0,0,0.07654166666666667,-0.00275,0.07654166666666667,-0.00275,0.0,0.0,0.07654166666666667,0.0025,0.0714112288911431,0.12753238304063713,-0.0968646902681365,0.003079831693368523,0.0006514805591914818,-0.011668075780579185,-0.00011458443325896446,-8.999999999999999e-05,-9.584433258964465e-06,-1.5000000000000002e-05,0.0,0.0,0.0,0.0,0.0,0.0006514805591914818,0.006981480559191391,0.07654166666666667,0.0006514805591914818,0.0,0.0,0.06262962944517235,0.0384072007719169,-0.008799281327916957,0.0541426948051948,-0.002199820331979239,0.04060702110389611,0.003079831693368523,0.003079831693368523,0.4507085445801117,0.16434196328703832,0.041152071671833,0.0,0.0,0.011931771216846559,0.0,0.0,0.0063299999999999095,0.05689269480519479,-0.00275,0.003,0.1315,0.0006925942900124938,0.0021063728258013726,-0.0014137785357888788,0.14383501606579457,0.11817243877384398,0.025662577291950584,0.9494194984436035,0.16229456663131714,8544,7958,0,0.1563164661327998,0.3242859486490488,34,8,16502,8544,7958,0.07923616279650866,cuda,76.96875
266,307,200,True,1093,1093,1019,830,189,17,172,0.18547595682041218,0.016683022571148183,0.16879293424926398,0.5987951807228916,1.6698795180722892,0.8012212724929832,12.993357071244573,27.404030163891345,0.43046119067094185,0.4725427969572056,0.2590420519955546,0.10579811485360814,0.17689195955508805,0.47648861433368134,0.2731452775905919,0.16554746110586965,0.13643170237002603,-0.003945817376475758,-0.014103225595037294,-0.05974934625226151,0.04046025718506202,10.746810598626103,10.746810598626103,8.117762512266928,0.5161923454367027,0.17832329217337814,0.08748934511406418,-0.14292000406072508,-0.07378891571942997,1019,74,0,74,1.0,1.829826166514181,1.829826166514181,1.620215897939156,89.91772895307457,48.59664671200748,-5.687973513781191,54.28462022578867,0.9051571199591412,138.51437566508204,0.04495886447653728,0.024298323356003737,0.06925718783254102,0.8844765342960289,245,159,86,32,0,159,107.91706349206348,75.67949363438498,3,29,3.0,3.0,85,0,172,17,0,17,172,0,4419.257742553432,441.9257742553432,9553.13214194861,955.3132141948611,416.8514143010546,41.68514143010546,5564.526831809847,556.4526831809846,5095.0,509.5,0,0,0.05395853174603175,-0.0016500000000000002,0.05395853174603175,-0.0016500000000000002,0.0,0.0,0.05395853174603175,0.0015,0.06819087838771543,0.1691965085827646,-0.15433329205661198,0.0022487720450340212,0.0004901953985593314,-0.01299210135642026,-0.00036246959110250736,-0.0002550000000000001,-4.7469591102507316e-05,-6.000000000000003e-05,0.0,0.0,0.0,0.0,0.0,0.0004901953985593314,0.008960195398559197,0.05395853174603175,0.0004901953985593314,0.0,0.0,0.044958864476537984,0.024298323356003772,-0.011375947027562382,0.0361897468171925,-0.0028439867568905955,0.027142310112894336,0.0022487720450340212,0.0022487720450340212,0.4733332057454809,0.19156620102130617,0.1359864626461578,0.0,0.0,0.007791955237984703,0.0,0.0,0.008469999999999863,0.03783974681719251,-0.0016500000000000002,0.0085,0.086,0.0006925942900124938,0.0021063728258013726,-0.0014137785357888788,0.14383501606579457,0.11817243877384398,0.025662577291950584,0.9494194984436035,0.16229456663131714,8544,7958,0,0.1563164661327998,0.3242859486490488,34,8,16502,8544,7958,0.07923616279650866,cuda,76.96875
267,308,200,True,1061,1061,992,835,157,23,134,0.15826612903225806,0.023185483870967742,0.1350806451612903,0.6538922155688622,1.5389221556886228,0.7631513987829586,14.153637322979773,26.520117778835182,0.4265431231370859,0.4598156722362884,0.2815164712642481,0.05443065836244893,0.18926122077032478,0.4564164148654766,0.2861485884965448,0.09642673302874036,0.13505497749694093,0.003399257370811759,-0.004632117232296673,-0.041996074666291426,0.05420624327338386,11.506048387096774,11.506048387096774,8.931451612903226,0.46774193548387094,0.17974080658647185,0.08082055040980941,-0.16886575704465862,-0.06688757306154064,992,69,0,69,1.0,1.8520263901979266,1.8520263901979266,1.6451612903225807,103.92080703091636,60.82767717019684,-5.704519799500083,66.53219696969695,0.921030189983211,164.7484842011132,0.051960403515458185,0.03041383858509842,0.0823742421005566,0.8201438848920863,228,163,65,50,0,159,125.3333333333333,92.00959595959597,4,46,4.0,3.0,64,0,134,23,0,23,134,0,4613.51178746515,461.35117874651496,9935.539907975039,993.5539907975038,411.7067519354173,41.170675193541726,5811.021859990904,581.1021859990904,4960.0,496.0,0,0,0.06266666666666666,-0.0022,0.06266666666666666,-0.0022,0.0,0.0,0.06266666666666666,0.002,0.0682785374455114,0.16387092759021749,-0.12545557798205803,0.001927049169138446,0.0005553509106241151,-0.01295140029131376,-0.00047354738619949285,-0.0003450000000000002,-6.604738619949285e-05,-6.250000000000004e-05,0.0,0.0,0.0,0.0,0.0,0.0005553509106241151,0.009135350910623978,0.06266666666666666,0.0005553509106241151,0.0,0.0,0.05196040351545908,0.030413838585098444,-0.011409039599000166,0.04435479797979798,-0.0028522598997500416,0.033266098484848475,0.001927049169138446,0.001927049169138446,0.4704777650819099,0.2088392190359727,0.07795768498445528,0.0,0.0,0.01301170628272145,0.0,0.0,0.008579999999999862,0.04600479797979798,-0.0016500000000000002,0.0115,0.067,0.0006925942900124938,0.0021063728258013726,-0.0014137785357888788,0.14383501606579457,0.11817243877384398,0.025662577291950584,0.9494194984436035,0.16229456663131714,8544,7958,0,0.1563164661327998,0.3242859486490488,34,8,16502,8544,7958,0.07923616279650866,cuda,76.96875
268,309,200,True,1095,1095,1037,850,187,6,181,0.18032786885245902,0.0057859209257473485,0.17454194792671165,0.52,1.8047058823529412,0.8024161715191953,13.151338443756103,28.35759234687861,0.478315407061155,0.5176845093334422,0.2436789367172648,0.031529473250950964,0.1892305626347661,0.5079073959238389,0.2582333371349994,0.08172987052527092,0.14721479488427147,0.0097771134096033,-0.01455440041773462,-0.050200397274319956,0.04201576775049462,12.943105110896818,12.943105110896818,10.117647058823529,0.5564127290260367,0.16912728797470078,0.10760792064482622,-0.14637477217120812,-0.027281459895223875,1037,58,0,58,1.0,1.8136986301369864,1.8136986301369864,1.618129218900675,108.50473097034117,58.23648514759163,-6.20932945447295,64.44581460206462,0.912117800658586,166.7412161179328,0.05425236548517059,0.029118242573795815,0.0833706080589664,0.8298611111111112,239,160,79,49,0,158,131.22619047619045,87.0277528027528,1,48,1.0,1.0,77,0,181,6,0,6,181,0,4462.495545668737,446.24955456687366,9670.871322907242,967.0871322907242,456.13506292722013,45.613506292722015,5618.868690054917,561.8868690054917,5185.0,518.5,0,0,0.06561309523809522,-0.00055,0.06561309523809522,-0.00055,0.0,0.0,0.06561309523809522,0.0005,0.06745699849979589,0.1843600779877586,-0.1549553533282443,0.0026024427053935573,0.00024944647347206376,-0.014784294380854369,-0.0001243783618250399,-8.999999999999999e-05,-1.9378361825039914e-05,-1.5000000000000002e-05,0.0,0.0,0.0,0.0,0.0,0.00024944647347206376,0.008809446473471925,0.06561309523809522,0.00024944647347206376,0.0,0.0,0.054252365485171525,0.029118242573795795,-0.0124186589089459,0.04296387640137639,-0.003104664727236475,0.032222907301032305,0.0026024427053935573,0.0026024427053935573,0.49361784223743466,0.19635036010824974,0.059312736780346285,0.0,0.0,0.006029087059700835,0.0,0.0,0.008559999999999861,0.04351387640137638,-0.00055,0.003,0.0905,0.0006925942900124938,0.0021063728258013726,-0.0014137785357888788,0.14383501606579457,0.11817243877384398,0.025662577291950584,0.9494194984436035,0.16229456663131714,8544,7958,0,0.1563164661327998,0.3242859486490488,34,8,16502,8544,7958,0.07923616279650866,cuda,76.96875
269,310,200,True,1036,1036,954,727,227,11,216,0.2379454926624738,0.011530398322851153,0.22641509433962265,0.5240715268225584,1.874828060522696,0.8072586635119977,12.82779826881797,26.26456536387479,0.46698655121128824,0.4949169927769875,0.29448259165805174,0.07400317087403128,0.1779355860021903,0.48859281216887696,0.30904165900823505,0.11763648834480472,0.13134597333857823,0.006324180608110519,-0.014559067350183308,-0.04363331747077344,0.046589612663612084,11.221174004192871,11.221174004192871,8.781970649895179,0.46540880503144655,0.1770606931494953,0.1465484174246719,-0.20331210520339385,-0.09165713731050863,954,82,0,82,1.0,1.9092664092664093,1.9092664092664093,1.6949685534591195,96.06721218658937,51.34598584973448,-5.461219444970836,56.80720529470528,0.9122955258977177,147.41319803632385,0.048033606093294684,0.02567299292486724,0.07370659901816193,0.8285714285714286,232,162,70,48,0,159,116.06904761904757,81.2429403929404,5,43,5.0,5.0,69,0,216,11,0,11,216,0,4796.354502546088,479.6354502546088,10280.748053614067,1028.0748053614066,399.0272792569206,39.90272792569206,6036.031847366356,603.6031847366355,4770.0,477.0,0,0,0.05803452380952379,-0.00275,0.05803452380952379,-0.00275,0.0,0.0,0.05803452380952379,0.0025,0.06869772685283718,0.14584519988440375,-0.1384275549771433,0.0016710521558842384,0.00064993522837807,-0.01234542628728241,-0.00022190933608982094,-0.00016500000000000003,-2.190933608982095e-05,-3.500000000000002e-05,0.0,0.0,0.0,0.0,0.0,0.00064993522837807,0.008029935228377957,0.05803452380952379,0.00064993522837807,0.0,0.0,0.048033606093295475,0.02567299292486723,-0.010922438889941672,0.03787147019647019,-0.002730609722485418,0.028403602647352637,0.0016710521558842384,0.0016710521558842384,0.47051945222602454,0.20449001103265377,0.08423696577361414,0.0,0.0,0.010455996940682957,0.0,0.0,0.0073799999999998875,0.04062147019647019,-0.00275,0.0055,0.108,0.0006925942900124938,0.0021063728258013726,-0.0014137785357888788,0.14383501606579457,0.11817243877384398,0.025662577291950584,0.9494194984436035,0.16229456663131714,8544,7958,0,0.1563164661327998,0.3242859486490488,34,8,16502,8544,7958,0.07923616279650866,cuda,76.96875
270,311,200,True,1047,1047,957,720,237,1,236,0.2476489028213166,0.0010449320794148381,0.24660397074190177,0.6041666666666666,1.6194444444444445,0.8461208480099837,12.17003463904063,29.181762717664242,0.3947214186647721,0.5278117423463199,0.314058672497049,0.05355593303166744,0.21331028163226115,0.5243645305848784,0.3026481410824797,0.09802063646913868,0.14883096053058076,0.003447211761441471,0.01141053141456927,-0.04446470343747124,0.06447932110168039,13.908045977011493,13.908045977011493,11.342737722048067,0.5151515151515151,0.10315413618671254,0.10121406631323787,-0.1810590503751794,-0.02482078867830949,957,90,0,90,1.0,1.8701050620821393,1.8701050620821393,1.6698014629049112,100.36358204309812,57.35803483649514,-4.126191353981045,61.48422619047617,0.9371107286249906,157.72161687959326,0.05018179102154906,0.028679017418247573,0.07886080843979663,0.818815331010453,235,163,72,52,0,158,121.62301587301585,86.37896825396822,4,48,4.0,4.0,72,0,236,1,0,1,236,0,4688.283188380289,468.8283188380289,10011.306662307561,1001.1306662307561,352.8026040867815,35.28026040867815,5905.6439427826135,590.5643942782614,4785.0,478.5,0,0,0.06081150793650792,-0.0022,0.06081150793650792,-0.0022,0.0,0.0,0.06081150793650792,0.002,0.06789795410240446,0.1579351652604068,-0.1662621325583704,0.00230210026964895,0.00045292336171332096,-0.010334524417245966,-2.4544230549264647e-05,-1.4999999999999999e-05,-7.044230549264649e-06,-2.5000000000000006e-06,0.0,0.0,0.0,0.0,0.0,0.00045292336171332096,0.007662923361713212,0.06081150793650792,0.00045292336171332096,0.0,0.0,0.05018179102154979,0.028679017418247597,-0.008252382707962089,0.04098948412698411,-0.0020630956769905223,0.030742113095238086,0.00230210026964895,0.00230210026964895,0.47921604898505465,0.19286900558407655,0.07498643091002917,0.0,0.0,0.010950627733964945,0.0,0.0,0.007209999999999891,0.043189484126984104,-0.0022,0.0005,0.118,0.0006925942900124938,0.0021063728258013726,-0.0014137785357888788,0.14383501606579457,0.11817243877384398,0.025662577291950584,0.9494194984436035,0.16229456663131714,8544,7958,0,0.1563164661327998,0.3242859486490488,34,8,16502,8544,7958,0.07923616279650866,cuda,76.96875
271,312,200,True,1074,1074,1015,807,208,2,206,0.20492610837438424,0.0019704433497536944,0.20295566502463055,0.6332094175960347,1.6245353159851301,0.7960700501481249,13.318466818761058,29.220203766518512,0.5025610201693123,0.5046516249170977,0.20831284530765506,0.03550851133408526,0.1852575232709909,0.49596241917899697,0.23065272052547303,0.06143497339913753,0.14422176400017192,0.008689205738100725,-0.022339875217817967,-0.025926462065052273,0.04103575927081898,13.03743842364532,13.03743842364532,10.452216748768473,0.4995073891625616,0.14503932829581512,0.027453124153523373,-0.10179282389593576,0.008677625407935156,1015,59,0,59,1.0,1.8398510242085662,1.8398510242085662,1.6285714285714286,113.79254702327032,64.31801023145339,-6.48375675156362,70.80176698301699,0.916106452563735,178.1105572547237,0.056896273511635155,0.03215900511572669,0.08905527862736184,0.7902097902097902,226,159,67,60,0,155,137.7857142857143,101.00235597735598,6,54,6.0,6.0,66,0,206,2,0,2,206,0,4465.3210298222575,446.53210298222575,9638.8071132279,963.88071132279,465.3995766523783,46.53995766523783,5622.912287903131,562.2912287903131,5075.0,507.5,0,0,0.06889285714285716,-0.0033,0.06889285714285716,-0.0033,0.0,0.0,0.06889285714285716,0.003,0.06642582015509274,0.17314282338534087,-0.13526758007903184,0.002023636524131309,0.0008199389867472198,-0.014747881574644548,-3.668770213662713e-05,-2.9999999999999997e-05,-1.687702136627129e-06,-5.000000000000001e-06,0.0,0.0,0.0,0.0,0.0,0.0008199389867472198,0.008909938986747093,0.06889285714285716,0.0008199389867472198,0.0,0.0,0.05689627351163604,0.03215900511572673,-0.01296751350312724,0.047201177988677984,-0.00324187837578181,0.035400883491508495,0.002023636524131309,0.002023636524131309,0.4674625205608951,0.151566477206948,0.0617850971602619,0.0,0.0,0.014986122051232611,0.0,0.0,0.008089999999999872,0.05050117798867798,-0.0033,0.001,0.103,0.0006925942900124938,0.0021063728258013726,-0.0014137785357888788,0.14383501606579457,0.11817243877384398,0.025662577291950584,0.9494194984436035,0.16229456663131714,8544,7958,0,0.1563164661327998,0.3242859486490488,34,8,16502,8544,7958,0.07923616279650866,cuda,76.96875
272,313,200,True,1162,1162,1088,867,221,3,218,0.203125,0.0027573529411764708,0.20036764705882354,0.52479815455594,1.8258362168396771,0.7824241173858598,13.463806930022805,29.56650414461358,0.5007597409653536,0.5118644294063662,0.2528646697377251,0.07268403897721497,0.1687606255939572,0.5113648656742795,0.26046571105228783,0.14204047373769915,0.13128492033760028,0.0004995637320867052,-0.00760104131456274,-0.06935643476048418,0.037475705256356906,13.257352941176471,13.257352941176471,10.572610294117647,0.5431985294117647,0.10962529818091063,0.06597847803230455,-0.08409845051832093,0.010568784593517224,1088,74,0,74,1.0,1.7005163511187606,1.7005163511187606,1.4963235294117647,78.55252658746598,33.90296956772695,-7.177395900138523,41.08036546786546,0.8512696052059866,112.45549615519292,0.03927626329373299,0.016951484783863473,0.05622774807759646,0.8409893992932862,238,149,89,45,0,146,93.78809523809524,58.07382062382065,3,42,3.0,3.0,87,0,218,3,0,3,218,0,4143.6886719294325,414.36886719294324,9053.481990373582,905.3481990373582,474.7798359612013,47.477983596120126,5216.748049392044,521.6748049392044,5440.0,544.0,0,0,0.04689404761904761,-0.0016500000000000002,0.04689404761904761,-0.0016500000000000002,0.0,0.0,0.04689404761904761,0.0015,0.06264854219046588,0.19177169853846487,-0.20672423394955455,0.001684768949863822,0.00010512599247430503,-0.015787588906480937,-6.37614109693996e-05,-4.4999999999999996e-05,-1.1261410969399588e-05,-7.500000000000001e-06,0.0,0.0,0.0,0.0,0.0,0.00010512599247430503,0.008805125992474164,0.04689404761904761,0.00010512599247430503,0.0,0.0,0.03927626329373345,0.01695148478386348,-0.014354791800277045,0.027386910311910335,-0.003588697950069261,0.02054018273393273,0.001684768949863822,0.001684768949863822,0.47164532239680157,0.1935520863421946,0.09862598304991176,0.0,0.0,0.0030604538052888676,0.0,0.0,0.008699999999999859,0.029036910311910337,-0.0016500000000000002,0.0015,0.109,0.0006925942900124938,0.0021063728258013726,-0.0014137785357888788,0.14383501606579457,0.11817243877384398,0.025662577291950584,0.9494194984436035,0.16229456663131714,8544,7958,0,0.1563164661327998,0.3242859486490488,34,8,16502,8544,7958,0.07923616279650866,cuda,76.96875
273,314,200,True,1096,1096,1030,766,264,7,257,0.2563106796116505,0.006796116504854369,0.24951456310679612,0.5613577023498695,1.7898172323759791,0.8277246385968385,12.577672825158421,32.91037254949774,0.5063793265381427,0.5253301940800005,0.2189897343360724,0.04844931761829022,0.18490944521418984,0.5184305021174582,0.23528995761385202,0.08964470365448239,0.141975158453474,0.006899691962542254,-0.016300223277779607,-0.04119538603619217,0.04293428676071584,12.119417475728156,12.119417475728156,9.53495145631068,0.5533980582524272,0.17667555237656607,0.02921383707772574,-0.09715256102246764,-0.030200494390812394,1030,66,0,66,1.0,1.8248175182481752,1.8248175182481752,1.6485436893203884,100.17780375128228,53.2539924549293,-5.65315872722189,58.90715118215116,0.9124360038674296,153.43179620621157,0.05008890187564114,0.02662699622746465,0.07671589810310579,0.8525179856115108,237,159,78,41,0,159,121.20238095238093,86.24286824286823,7,34,7.0,7.0,74,0,257,7,0,7,257,0,4463.112247572574,446.31122475725743,9641.731594154317,964.1731594154317,442.81920262726834,44.281920262726835,5623.028477655646,562.3028477655646,5150.0,515.0,0,0,0.06060119047619046,-0.0038499999999999997,0.06060119047619046,-0.0038499999999999997,0.0,0.0,0.06060119047619046,0.0035,0.06827667056830986,0.16664988612872697,-0.1569808371005162,0.0031772423031130224,0.00030974747344396516,-0.014104965973428306,-0.0001467002275169739,-0.00010499999999999999,-2.1700227516973877e-05,-2.0000000000000005e-05,0.0,0.0,0.0,0.0,0.0,0.00030974747344396516,0.008039747473443845,0.06060119047619046,0.00030974747344396516,0.0,0.0,0.05008890187564189,0.026626996227464617,-0.011306317454443781,0.039271434121434134,-0.0028265793636109452,0.02945357559107558,0.0031772423031130224,0.0031772423031130224,0.46257380657115565,0.1695934834608081,0.06581382725986429,0.0,0.0,0.006239212779253778,0.0,0.0,0.007729999999999879,0.04312143412143412,-0.0038499999999999997,0.0035,0.1285,-0.005272689298726618,0.005543232476338744,-0.010815921775065362,0.14087234616227862,0.11176306870248583,0.029109277459792793,0.9527295827865601,0.13864105939865112,8251,7732,0,0.15262085696061453,0.32208944112062454,35,8,15983,8251,7732,0.08245115822732202,cuda,74.18115234375
274,315,200,True,1062,1062,994,798,196,10,186,0.19718309859154928,0.01006036217303823,0.18712273641851107,0.506265664160401,1.7857142857142858,0.7831405004425754,13.44488541165689,24.971719699321234,0.4806664941042389,0.48409098685534674,0.22772841216216708,0.03924246412003996,0.179892444065807,0.4802634757861756,0.2421125053687203,0.078818132902757,0.14360845469423852,0.003827511069171119,-0.014384093206553233,-0.03957566878271703,0.03628398937156849,11.161971830985916,11.161971830985916,8.408450704225352,0.5050301810865191,0.15803999619834574,0.14422769777441108,-0.11089071008361825,-0.040573470870373024,994,68,0,68,1.0,1.8436911487758945,1.8436911487758945,1.6126760563380282,96.04521849725309,49.88648227266994,-5.7858932684555695,55.67237554112551,0.9058565530639618,145.93170076992303,0.048022609248626544,0.02494324113633497,0.07296585038496152,0.8098591549295775,230,153,77,54,0,149,115.78333333333332,78.07983405483405,5,49,5.0,3.5,74,0,186,10,0,10,186,0,4578.733433284434,457.8733433284434,9919.39671448467,991.939671448467,441.4497737623065,44.14497737623065,5763.392865457522,576.3392865457522,4970.0,497.0,0,0,0.05789166666666666,-0.00275,0.05789166666666666,-0.00275,0.0,0.0,0.05789166666666666,0.0025,0.06410071847253289,0.1635662038430169,-0.131159540214366,0.002607111018799627,0.0004663795764659934,-0.013948067715540928,-0.00020654628688819492,-0.00015000000000000001,-3.1546286888194894e-05,-2.5000000000000008e-05,0.0,0.0,0.0,0.0,0.0,0.0004663795764659934,0.008546379576465864,0.05789166666666666,0.0004663795764659934,0.0,0.0,0.04802260924862754,0.024943241136334993,-0.01157178653691114,0.03711491702741704,-0.002892946634227785,0.027836187770562754,0.002607111018799627,0.002607111018799627,0.459142909197732,0.17015695957883278,0.06773551067489454,0.0,0.0,0.009866320157970128,0.0,0.0,0.008079999999999872,0.039039917027417034,-0.0019250000000000003,0.005,0.093,-0.005272689298726618,0.005543232476338744,-0.010815921775065362,0.14087234616227862,0.11176306870248583,0.029109277459792793,0.9527295827865601,0.13864105939865112,8251,7732,0,0.15262085696061453,0.32208944112062454,35,8,15983,8251,7732,0.08245115822732202,cuda,74.18115234375
275,316,200,True,1087,1087,1011,700,311,8,303,0.3076162215628091,0.00791295746785361,0.2997032640949555,0.5585714285714286,1.75,0.8100291367088045,12.9595631980896,32.06972550077098,0.5133999565978593,0.540884072716747,0.18305545239044088,0.08429180299996265,0.19314388173233185,0.5389422100995268,0.21207570961011307,0.13279350934067874,0.15047804676262397,0.0019418626172201803,-0.02902025721967219,-0.048501706340716086,0.04266583496970788,11.52324431256182,11.52324431256182,9.024727992087042,0.5192878338278932,0.21225085985970515,0.061379793781569034,-0.13985548165118816,-0.08605450363693991,1011,76,0,76,1.0,1.8187672493100275,1.8187672493100275,1.596439169139466,86.0389555010351,45.511900147328866,-5.461998870320145,50.973899017648996,0.9032176491430551,131.55085564836398,0.04301947775051755,0.022755950073664433,0.06577542782418198,0.8551724137931035,248,155,93,42,0,152,103.77619047619045,73.46519869019872,5,37,5.0,5.0,92,0,303,8,0,8,303,0,4478.541447448941,447.8541447448941,9631.254395607979,963.1254395607979,414.8919665551663,41.48919665551663,5639.903904423575,563.9903904423575,5055.0,505.5,0,0,0.051888095238095226,-0.00275,0.051888095238095226,-0.00275,0.0,0.0,0.051888095238095226,0.0025,0.06549022076831885,0.160667778876624,-0.15287984815146263,0.002420543225124102,0.0004650078002067234,-0.013068362524502278,-0.00016437686838591413,-0.00011999999999999999,-2.1876868385914153e-05,-2.25e-05,0.0,0.0,0.0,0.0,0.0,0.0004650078002067234,0.0075450078002066165,0.051888095238095226,0.0004650078002067234,0.0,0.0,0.04301947775051794,0.022755950073664426,-0.01092399774064029,0.033982599345099375,-0.0027309994351600725,0.025486949508824498,0.002420543225124102,0.002420543225124102,0.46149284055605505,0.14103816169066707,0.09493808757732478,0.0,0.0,0.006970547301612089,0.0,0.0,0.007079999999999894,0.03673259934509937,-0.00275,0.004,0.1515,-0.005272689298726618,0.005543232476338744,-0.010815921775065362,0.14087234616227862,0.11176306870248583,0.029109277459792793,0.9527295827865601,0.13864105939865112,8251,7732,0,0.15262085696061453,0.32208944112062454,35,8,15983,8251,7732,0.08245115822732202,cuda,74.18115234375
276,317,200,True,1061,1061,1006,861,145,21,124,0.1441351888667992,0.020874751491053677,0.12326043737574553,0.59465737514518,1.619047619047619,0.8032400611351037,12.96993839893053,29.563202015337353,0.5127206645207463,0.5126331104841797,0.26854601054604876,0.06746936536477349,0.16883899693557955,0.5047707246501825,0.2818826887568375,0.10292996084625843,0.13896363659715333,0.007862385833997232,-0.01333667821078871,-0.03546059548148493,0.02987536033842622,14.599403578528827,14.599403578528827,11.789264413518886,0.5536779324055666,0.20445105673588554,0.08124784649595414,-0.12973720177553594,-0.09588985824713067,1006,55,0,55,1.0,1.8539114043355325,1.8539114043355325,1.6232604373757455,109.87220662177653,52.88898990469342,-6.767260095306576,59.65624999999997,0.898119504892218,162.76119652646994,0.05493610331088827,0.026444494952346707,0.08138059826323497,0.8496503496503497,243,163,80,43,0,159,132.61904761904756,83.94166666666666,4,39,4.0,4.0,79,0,124,21,0,21,124,0,4542.995229082736,454.2995229082736,9927.10905919167,992.7109059191671,495.1598970733766,49.51598970733766,5722.013050253007,572.2013050253007,5030.0,503.0,0,0,0.06630952380952378,-0.0022,0.06630952380952378,-0.0022,0.0,0.0,0.06630952380952378,0.002,0.06793035109667125,0.1896857572223565,-0.17398904785850983,0.0030272505834178422,0.0006224213163460817,-0.016052817903248424,-0.00041538200051110743,-0.0003150000000000002,-3.5382000511107433e-05,-6.500000000000003e-05,0.0,0.0,0.0,0.0,0.0,0.0006224213163460817,0.009442421316345938,0.06630952380952378,0.0006224213163460817,0.0,0.0,0.054936103310889293,0.02644449495234671,-0.013534520190613153,0.03977083333333334,-0.0033836300476532883,0.029828124999999987,0.0030272505834178422,0.0030272505834178422,0.5005414531772502,0.21751969424090897,0.07755682525106948,0.0,0.0,0.008644924595599957,0.0,0.0,0.008819999999999856,0.04197083333333333,-0.0022,0.0105,0.062,-0.005272689298726618,0.005543232476338744,-0.010815921775065362,0.14087234616227862,0.11176306870248583,0.029109277459792793,0.9527295827865601,0.13864105939865112,8251,7732,0,0.15262085696061453,0.32208944112062454,35,8,15983,8251,7732,0.08245115822732202,cuda,74.18115234375
277,318,200,True,1024,1024,951,715,236,5,231,0.24815983175604628,0.005257623554153523,0.24290220820189273,0.6041958041958042,1.6797202797202797,0.8206554706280048,12.720480756159429,30.812484746712904,0.4625940835117029,0.512398167527639,0.2450624943873682,0.03786984443456143,0.19216115881356743,0.5007700668973523,0.2506560901023604,0.07419830783517783,0.14534272419979105,0.011628100630286742,-0.005593595714992183,-0.036328463400616406,0.04681843461377638,12.172450052576236,12.172450052576236,9.617245005257624,0.5005257623554153,0.14874003306054162,0.03223918614563377,-0.13731059174212706,-0.06432223275950931,951,73,0,73,1.0,1.9189453125,1.9189453125,1.683491062039958,107.48852364129718,63.32393559053107,-5.135542431446952,68.459478021978,0.9302188870958055,170.81245923182826,0.05374426182064859,0.03166196779526553,0.08540622961591413,0.8526315789473684,243,164,79,42,0,160,130.47619047619042,94.57930402930403,4,38,4.0,3.0,75,0,231,5,0,5,231,0,4827.24117865354,482.72411786535406,10323.495032987455,1032.3495032987455,387.1628750160391,38.71628750160391,6078.75279183467,607.875279183467,4755.0,475.5,0,0,0.0652380952380952,-0.0022,0.0652380952380952,-0.0022,0.0,0.0,0.0652380952380952,0.002,0.06894578020741855,0.1532639280232922,-0.14717367266787243,0.0019051337873448222,0.0005689281508620235,-0.012027446168928571,-0.00010023770385909741,-7.5e-05,-1.273770385909741e-05,-1.2500000000000002e-05,0.0,0.0,0.0,0.0,0.0,0.0005689281508620235,0.007768928150861915,0.0652380952380952,0.0005689281508620235,0.0,0.0,0.05374426182064943,0.03166196779526552,-0.010271084862893904,0.04563965201465202,-0.002567771215723476,0.034229739010989,0.0019051337873448222,0.0019051337873448222,0.46950413137924113,0.16335234571312893,0.05663621183585263,0.0,0.0,0.014319044110887767,0.0,0.0,0.0071999999999998905,0.04728965201465201,-0.0016500000000000002,0.0025,0.1155,-0.005272689298726618,0.005543232476338744,-0.010815921775065362,0.14087234616227862,0.11176306870248583,0.029109277459792793,0.9527295827865601,0.13864105939865112,8251,7732,0,0.15262085696061453,0.32208944112062454,35,8,15983,8251,7732,0.08245115822732202,cuda,74.18115234375
278,319,200,True,982,982,934,771,163,5,158,0.1745182012847966,0.0053533190578158455,0.16916488222698073,0.5239948119325551,1.787289234760052,0.7820560161782919,13.572873726583795,24.631084781753724,0.4856735406633992,0.4952603296392468,0.2752393864423771,0.040487553799904194,0.16662732325011112,0.4852266146592438,0.2924018924241709,0.0789293278940022,0.13562560327418738,0.010033714980002995,-0.017162505981793807,-0.038441774094098005,0.03100171997592374,11.548179871520343,11.548179871520343,8.737687366167023,0.5321199143468951,0.1809445775366199,0.15392014677699667,-0.14830262229305163,-0.02452164473806022,934,48,0,48,1.0,2.0173116089613035,2.0173116089613035,1.7558886509635974,123.5588561587784,72.77943749669133,-5.685199949196144,78.46463744588745,0.9324395610831174,196.33829365546973,0.0617794280793892,0.036389718748345665,0.09816914682773487,0.7887323943661971,224,179,45,60,0,177,150.25,107.9195165945166,3,57,3.0,3.0,45,0,158,5,0,5,158,0,4915.674403013319,491.5674403013319,10497.134417019091,1049.7134417019092,450.0626912943541,45.00626912943541,6195.609239175002,619.5609239175002,4670.0,467.0,0,0,0.07512499999999998,-0.00165,0.07512499999999998,-0.00165,0.0,0.0,0.07512499999999998,0.0015,0.0755049334171206,0.156515825518623,-0.14117447562436297,0.0025644531052209023,0.0006371403969460025,-0.013616520005361904,-0.00010694330260704757,-7.5e-05,-1.9443302607047577e-05,-1.2500000000000002e-05,0.0,0.0,0.0,0.0,0.0,0.0006371403969460025,0.008397140396945883,0.07512499999999998,0.0006371403969460025,0.0,0.0,0.06177942807939031,0.03638971874834563,-0.011370399898392287,0.05230975829725829,-0.002842599974598072,0.03923231872294372,0.0025644531052209023,0.0025644531052209023,0.5015192256288036,0.197424026472964,0.07486825149065489,0.0,0.0,0.014856157249730263,0.0,0.0,0.007759999999999879,0.05395975829725829,-0.00165,0.0025,0.079,-0.005272689298726618,0.005543232476338744,-0.010815921775065362,0.14087234616227862,0.11176306870248583,0.029109277459792793,0.9527295827865601,0.13864105939865112,8251,7732,0,0.15262085696061453,0.32208944112062454,35,8,15983,8251,7732,0.08245115822732202,cuda,74.18115234375
279,320,200,True,1027,1027,965,784,181,3,178,0.18756476683937823,0.0031088082901554403,0.1844559585492228,0.5714285714285714,1.6938775510204083,0.8242532030812332,12.622402821268354,27.251479622812905,0.5217111406960352,0.4962569718268149,0.19296459753389414,0.028061863282643144,0.17719881945498744,0.4917512965787734,0.2297509368259593,0.05895993885571109,0.14454605303733248,0.004505675248041463,-0.03678633929206515,-0.030898075573067944,0.032652766417654966,11.506735751295336,11.506735751295336,8.797927461139896,0.5450777202072539,0.15877694706130097,0.11118162609176697,-0.13688626151525748,-0.004937189320882895,965,62,0,62,1.0,1.934761441090555,1.934761441090555,1.695336787564767,116.90376374481298,72.93572489617326,-5.782635909687515,78.7183608058608,0.9315672461337547,189.83948864098625,0.05845188187240649,0.03646786244808663,0.09491974432049312,0.797153024911032,224,169,55,57,0,167,141.92857142857144,108.25781440781438,5,52,5.0,3.0,54,0,178,3,0,3,178,0,4640.533484874569,464.0533484874569,10098.482032670961,1009.8482032670961,478.01743435546217,47.801743435546214,5847.318645641809,584.7318645641809,4825.0,482.5,0,0,0.07096428571428572,-0.00275,0.07096428571428572,-0.00275,0.0,0.0,0.07096428571428572,0.0025,0.0713677601055945,0.16093824675136711,-0.12882995110813414,0.003655199784267254,0.000532266504889647,-0.014873510348684794,-6.52782563684323e-05,-4.4999999999999996e-05,-1.2778256368432295e-05,-7.500000000000001e-06,0.0,0.0,0.0,0.0,0.0,0.000532266504889647,0.008402266504889523,0.07096428571428572,0.000532266504889647,0.0,0.0,0.058451881872407414,0.03646786244808659,-0.01156527181937503,0.05247890720390719,-0.0028913179548437575,0.0393591804029304,0.003655199784267254,0.003655199784267254,0.47681170824404795,0.16361128264185293,0.05586939801990579,0.0,0.0,0.012922959989219981,0.0,0.0,0.007869999999999877,0.05412890720390718,-0.0016500000000000002,0.0015,0.089,-0.005272689298726618,0.005543232476338744,-0.010815921775065362,0.14087234616227862,0.11176306870248583,0.029109277459792793,0.9527295827865601,0.13864105939865112,8251,7732,0,0.15262085696061453,0.32208944112062454,35,8,15983,8251,7732,0.08245115822732202,cuda,74.18115234375
280,321,200,True,912,912,841,610,231,11,220,0.2746730083234245,0.013079667063020214,0.2615933412604043,0.6491803278688525,1.5721311475409836,0.7912887745704807,14.129386853390052,29.17396743493002,0.45377136134727647,0.49836956023192797,0.1511042483700592,0.029760987664282812,0.2165697685000105,0.4887327305606154,0.16320765200452728,0.05639580502938174,0.1617164867975917,0.009636829671312575,-0.012103403634468074,-0.02663481736509893,0.054853281702418794,12.007134363852556,12.007134363852556,9.702734839476813,0.4340071343638526,0.22108816841144927,0.09376665413201586,-0.045265878209948554,-0.048888920602851195,841,71,0,71,1.0,1.9956140350877194,1.9956140350877194,1.7776456599286563,103.13331904445184,65.41942191344792,-3.835069428543445,69.25449134199134,0.947529176696195,168.55274095789974,0.051566659522225916,0.03270971095672396,0.08427637047894987,0.8838028169014085,251,162,89,33,0,159,127.50238095238096,95.63932178932178,3,30,3.0,3.0,87,0,220,11,1,11,220,0,4632.723886359239,463.2723886359239,9626.884059921858,962.6884059921858,344.23363487767244,34.42336348776725,5834.363673161652,583.4363673161652,4205.0,420.5,0,1,0.06375119047619048,-0.0016500000000000002,0.06375119047619048,-0.0016500000000000002,0.0,0.0,0.06375119047619048,0.0015,0.06833980689556851,0.12071997733308781,-0.07890054083564003,0.002689045146638846,0.0006185357063676034,-0.01006547383804219,-0.00023602994974466395,-0.00016500000000000003,-3.8529949744663946e-05,-3.250000000000002e-05,0.0,0.0,0.0,-0.001,-0.001,0.0006185357063676034,0.006828535706367516,0.06275119047619047,0.0006185357063676034,0.0,0.0,0.051566659522226464,0.032709710956723946,-0.00767013885708689,0.046169660894660895,-0.0019175347142717225,0.03462724567099567,0.002689045146638846,0.002689045146638846,0.4259444755788751,0.11555178988216777,0.046925966030299325,0.0,0.0,0.013181016455743762,0.0,0.0,0.006209999999999912,0.047819660894660894,-0.0016500000000000002,0.0055,0.11,-0.005272689298726618,0.005543232476338744,-0.010815921775065362,0.14087234616227862,0.11176306870248583,0.029109277459792793,0.9527295827865601,0.13864105939865112,8251,7732,0,0.15262085696061453,0.32208944112062454,35,8,15983,8251,7732,0.08245115822732202,cuda,74.18115234375
281,322,200,True,1031,1031,975,682,293,6,287,0.3005128205128205,0.006153846153846154,0.29435897435897435,0.533724340175953,1.812316715542522,0.8374583753934703,12.353410799132764,26.830079749882046,0.4762286744863983,0.5364475620369757,0.28897068534275827,0.03539890366267751,0.19424868770533643,0.5269297535293612,0.30441629710877616,0.0669979576777279,0.14874928084111982,0.009517808507614522,-0.015445611766017886,-0.031599054015050386,0.04549940686421661,11.625641025641025,11.625641025641025,9.156923076923077,0.5333333333333333,0.12441976169951069,0.13293366340058474,-0.14371303887592726,-0.05658097560508078,975,56,0,56,1.0,1.9233753637245392,1.9233753637245392,1.682051282051282,107.02631694835982,51.055742836449234,-4.68354287783649,55.73928571428569,0.9224871958667767,158.08205978480905,0.05351315847417991,0.025527871418224615,0.07904102989240452,0.8404255319148937,237,163,74,45,0,161,130.08333333333331,80.9190476190476,6,39,6.0,6.0,72,0,287,6,0,6,287,0,4791.021017360357,479.1021017360357,10181.321554836875,1018.1321554836875,388.26336089194155,38.82633608919416,6032.657188707935,603.2657188707935,4875.0,487.5,0,0,0.06504166666666664,-0.0033,0.06504166666666664,-0.0033,0.0,0.0,0.06504166666666664,0.003,0.06937196534838799,0.1492941268342136,-0.1472474020263278,0.002695587418648488,0.0005191257042329003,-0.011810471121594508,-0.00013432040389107472,-8.999999999999999e-05,-2.6820403891074727e-05,-1.7500000000000002e-05,0.0,0.0,0.0,0.0,0.0,0.0005191257042329003,0.007399125704232798,0.06504166666666664,0.0005191257042329003,0.0,0.0,0.053513158474180776,0.025527871418224598,-0.00936708575567298,0.03715952380952381,-0.002341771438918245,0.027869642857142846,0.002695587418648488,0.002695587418648488,0.4777926057217699,0.19259871349099672,0.05384823218254694,0.0,0.0,0.009444627860069867,0.0,0.0,0.0068799999999998975,0.0404595238095238,-0.0033,0.003,0.1435,-0.005297823983710259,-7.765942136757076e-05,-0.005220164562342688,0.1712837516795844,0.14312538020312787,0.02815837147645652,0.94350665807724,0.14300554990768433,8182,7719,0,0.14129921309649945,0.32039315104484556,36,8,15901,8182,7719,0.08632733561856418,cuda,74.076171875
282,323,200,True,969,969,901,613,288,3,285,0.3196448390677026,0.003329633740288568,0.316315205327414,0.6101141924959217,1.6117455138662315,0.8217031451072817,12.722815204016731,32.53508290517194,0.5571407782443538,0.5379741529753314,0.1887027779214242,0.023756789186358648,0.18515521325140608,0.5261946772916476,0.22180818976624755,0.04654807475855845,0.15346443979297483,0.01177947568368376,-0.03310541184482335,-0.0227912855721998,0.03169077345843124,12.457269700332963,12.457269700332963,10.152053274139845,0.4816870144284129,0.12382604529712499,0.06953381986596265,-0.12458066532971826,-0.010271660518588136,901,68,0,68,1.0,2.048503611971104,2.048503611971104,1.781354051054384,125.83854338955716,76.65161413418635,-5.000338692398825,81.65195282658517,0.9422942128275588,202.4901575237435,0.06291927169477858,0.038325807067093175,0.10124507876187175,0.7661870503597122,213,175,38,65,0,173,153.84126984126985,116.5692704354469,7,58,7.0,7.0,38,0,285,3,0,3,285,0,5043.659556376893,504.36595563768935,10824.392309883451,1082.4392309883451,418.7754928282278,41.877549282822784,6351.896434707307,635.1896434707307,4505.0,450.5,0,0,0.07692063492063492,-0.0038500000000000006,0.07692063492063492,-0.0038500000000000006,0.0,0.0,0.07692063492063492,0.0035000000000000005,0.0744865769580947,0.13012678235279382,-0.10385120001883892,0.002627636343445326,0.0007538187913530666,-0.01241917443181251,-6.088224818556914e-05,-4.4999999999999996e-05,-8.382248185569136e-06,-7.500000000000001e-06,0.0,0.0,0.0,0.0,0.0,0.0007538187913530666,0.00691381879135298,0.07692063492063492,0.0007538187913530666,0.0,0.0,0.06291927169477915,0.038325807067093196,-0.01000067738479765,0.05443463521772343,-0.0025001693461994125,0.04082597641329259,0.002627636343445326,0.002627636343445326,0.46293258191100645,0.13402461953344358,0.05621120994508839,0.0,0.0,0.016156489979539515,0.0,0.0,0.006159999999999913,0.05828463521772344,-0.0038500000000000006,0.0015,0.1425,-0.005297823983710259,-7.765942136757076e-05,-0.005220164562342688,0.1712837516795844,0.14312538020312787,0.02815837147645652,0.94350665807724,0.14300554990768433,8182,7719,0,0.14129921309649945,0.32039315104484556,36,8,15901,8182,7719,0.08632733561856418,cuda,74.076171875
283,324,200,True,901,901,830,629,201,8,193,0.2421686746987952,0.00963855421686747,0.2325301204819277,0.5643879173290938,1.7360890302066774,0.8045568736729068,13.021988459346025,30.81365711539273,0.5326550820025164,0.531089157695232,0.19196311800795443,0.05122685433396498,0.18427972291967876,0.5213563901347082,0.21514482276339458,0.0899245484453731,0.1510728286395652,0.00973276756052377,-0.023181704755440152,-0.038697694111408124,0.03320689428011356,13.022891566265061,13.022891566265061,10.487951807228916,0.5385542168674698,0.16260052809598116,0.10215829913261729,-0.1280492516737076,-0.09391767503998165,830,71,0,71,1.0,2.059933407325194,2.059933407325194,1.7674698795180723,108.581475351087,61.77532332323405,-4.554392392835573,66.32971571606961,0.9357487522331766,170.35679867432106,0.054290737675543495,0.030887661661617025,0.08517839933716052,0.8156028368794326,230,166,64,52,0,163,134.22142857142856,94.54620518370517,6,46,6.0,5.55144020813243,64,0,193,8,1,8,193,0,4862.542795705634,486.25427957056337,10201.083422336842,1020.1083422336842,401.2900789142668,40.12900789142668,6123.903894957246,612.3903894957245,4150.0,415.0,0,1,0.06711071428571426,-0.0033,0.06711071428571426,-0.0033,0.0,0.0,0.06711071428571426,0.003,0.07022318805244068,0.1355044580269185,-0.1094375821017683,0.003482542667410711,0.0006408312348603555,-0.01218327442767895,-0.0001538842564729713,-0.00011999999999999999,-1.1384256472971292e-05,-2.2500000000000005e-05,0.0,0.0,0.0,-0.001,-0.001,0.0006408312348603555,0.007010831234860266,0.06611071428571427,0.0006408312348603555,0.0,0.0,0.05429073767554407,0.030887661661616998,-0.009108784785671146,0.044219810477379745,-0.0022771961964177865,0.03316485785803481,0.003482542667410711,0.003482542667410711,0.45868501191114236,0.14037618775988359,0.06710815189359183,0.0,0.0,0.014727601033788123,0.0,0.0,0.006369999999999909,0.04727310259185259,-0.0030532921144728374,0.004,0.0965,-0.005297823983710259,-7.765942136757076e-05,-0.005220164562342688,0.1712837516795844,0.14312538020312787,0.02815837147645652,0.94350665807724,0.14300554990768433,8182,7719,0,0.14129921309649945,0.32039315104484556,36,8,15901,8182,7719,0.08632733561856418,cuda,74.076171875
284,325,200,True,1075,1075,1040,880,160,3,157,0.15384615384615385,0.0028846153846153848,0.15096153846153845,0.571590909090909,1.6772727272727272,0.825231482850557,12.560883591391823,25.457033263790336,0.43448439897434915,0.5360357735814019,0.25118522456931797,0.01108830182559111,0.23184315910647538,0.5234350776299834,0.27601370358183475,0.034152838359163565,0.16790701542472974,0.012600695951418439,-0.02482847901251678,-0.023064536533572454,0.06393614368174563,16.049038461538462,16.049038461538462,13.185576923076923,0.5798076923076924,0.1958482853590979,0.0833416600295982,-0.14553194026197,-0.026870486614148103,1040,35,0,35,1.0,1.8604651162790697,1.8604651162790697,1.648076923076923,136.74285762619272,77.58180307585259,-5.750094850782173,83.33189792663475,0.9354516589548064,214.32466070204532,0.06837142881309635,0.038790901537926296,0.10716233035102266,0.6829268292682927,196,171,25,91,0,171,166.08333333333331,124.30919723551298,12,79,12.0,12.0,25,0,157,3,0,3,157,0,4373.096577539552,437.30965775395515,9370.318394283477,937.0318394283477,457.3050959459898,45.730509594598985,5513.2687889210865,551.3268788921087,5200.0,520.0,0,0,0.08304166666666665,-0.006599999999999999,0.08304166666666665,-0.006599999999999999,0.0,0.0,0.08304166666666665,0.006,0.07271933971395808,0.20239211893824632,-0.1691516823482436,0.0025913400593920695,0.0008604773988153721,-0.013903500747218807,-5.989080722208841e-05,-4.4999999999999996e-05,-7.3908072220884164e-06,-7.500000000000001e-06,0.0,0.0,0.0,0.0,0.0,0.0008604773988153721,0.009690477398815225,0.08304166666666665,0.0008604773988153721,0.0,0.0,0.06837142881309664,0.03879090153792623,-0.011500189701564347,0.05555459861775651,-0.002875047425391087,0.04166594896331738,0.0025913400593920695,0.0025913400593920695,0.5009528216052568,0.19559581404015652,0.0452795509805146,0.0,0.0,0.019987391545901685,0.0,0.0,0.008829999999999855,0.06215459861775649,-0.006599999999999999,0.0015,0.0785,-0.005297823983710259,-7.765942136757076e-05,-0.005220164562342688,0.1712837516795844,0.14312538020312787,0.02815837147645652,0.94350665807724,0.14300554990768433,8182,7719,0,0.14129921309649945,0.32039315104484556,36,8,15901,8182,7719,0.08632733561856418,cuda,74.076171875
285,326,200,True,1035,1035,975,734,241,7,234,0.24717948717948718,0.0071794871794871795,0.24,0.5871934604904632,1.6893732970027249,0.8189389023533958,12.74653506733741,29.850894769953122,0.5448311420084753,0.5346530022388908,0.20836659854313497,0.03463378284958874,0.17458769379625202,0.522465617459379,0.2303345577958819,0.06477950197550639,0.1492988506601032,0.012187384779511756,-0.021967959252746944,-0.030145719125917646,0.02528884313614882,13.135384615384615,13.135384615384615,10.577435897435898,0.5261538461538462,0.22714393648756778,0.06762761315784035,-0.07299243800306893,-0.06563067937785885,975,60,0,60,1.0,1.9053140096618357,1.9053140096618357,1.675897435897436,124.12288630506862,69.07865481027527,-6.097535665915187,75.1761904761905,0.9249753154512228,193.2015411153439,0.06206144315253431,0.03453932740513763,0.09660077055767195,0.823321554770318,233,170,63,50,0,167,151.20000000000002,104.63492063492065,4,46,4.0,4.0,63,0,234,7,0,7,234,0,4649.812371102838,464.9812371102838,10080.746710256843,1008.0746710256842,465.3976637747635,46.53976637747635,5857.551157885811,585.7551157885812,4875.0,487.5,0,0,0.07560000000000001,-0.0022,0.07560000000000001,-0.0022,0.0,0.0,0.07560000000000001,0.002,0.0711684034817932,0.16111675574481035,-0.12824414251211372,0.0026608256595113673,0.0004972157626713079,-0.0145420384749712,-0.00013422497848093956,-0.00010499999999999999,-9.224978480939533e-06,-2.0000000000000005e-05,0.0,0.0,0.0,0.0,0.0,0.0004972157626713079,0.007907215762671194,0.07560000000000001,0.0004972157626713079,0.0,0.0,0.06206144315253496,0.03453932740513759,-0.012195071331830374,0.05011746031746031,-0.0030487678329575935,0.03758809523809525,0.0026608256595113673,0.0026608256595113673,0.4708269059858478,0.1608866595584873,0.048475159595319284,0.0,0.0,0.013629083341802553,0.0,0.0,0.007409999999999886,0.05231746031746032,-0.0022,0.0035,0.117,-0.005297823983710259,-7.765942136757076e-05,-0.005220164562342688,0.1712837516795844,0.14312538020312787,0.02815837147645652,0.94350665807724,0.14300554990768433,8182,7719,0,0.14129921309649945,0.32039315104484556,36,8,15901,8182,7719,0.08632733561856418,cuda,74.076171875
286,327,200,True,1138,1138,1068,907,161,13,148,0.150749063670412,0.012172284644194757,0.13857677902621723,0.6361631753031973,1.6163175303197355,0.801624746937736,13.004805334610607,24.90494284740225,0.4972654792455848,0.46180874133911787,0.23755405952100453,0.09616968788251758,0.15849550005845323,0.46046878755618353,0.25618409205745607,0.13833163316244035,0.13226570271041815,0.0013399537829343333,-0.01863003253645154,-0.04216194527992277,0.026229797348035072,11.346441947565543,11.346441947565543,8.785580524344569,0.47191011235955055,0.18111251235561576,0.12905109475066856,-0.11457163386683528,-0.11112469296730919,1068,70,0,70,1.0,1.7407732864674867,1.7407732864674867,1.5561797752808988,84.13808777445925,48.07743433607854,-6.897428301284095,54.97486263736261,0.8885215304517547,132.2155221105378,0.042069043887229624,0.02403871716803927,0.0661077610552689,0.8597785977859779,233,151,82,38,0,148,100.4857142857143,74.39981684981686,2,36,2.0,1.0,79,0,148,13,0,13,148,0,4268.673170109199,426.8673170109199,9377.015588582059,937.7015588582059,491.7983969058986,49.17983969058986,5375.519956348603,537.5519956348603,5340.0,534.0,0,0,0.050242857142857145,-0.0011,0.050242857142857145,-0.0011,0.0,0.0,0.050242857142857145,0.001,0.06335099610204914,0.17946449890124921,-0.1420799375793388,0.002988444056879174,0.00017379086471957806,-0.01640071962092767,-0.00025425958242877465,-0.00019500000000000005,-2.4259582428774676e-05,-3.500000000000001e-05,0.0,0.0,0.0,0.0,0.0,0.00017379086471957806,0.009373790864719426,0.050242857142857145,0.00017379086471957806,0.0,0.0,0.04206904388723047,0.024038717168039236,-0.013794856602568191,0.03664990842490845,-0.0034487141506420477,0.027487431318681307,0.002988444056879174,0.002988444056879174,0.46244940025892367,0.18782674145122485,0.10712521650357283,0.0,0.0,0.004528779073001024,0.0,0.0,0.009199999999999849,0.03719990842490845,-0.00055,0.0065,0.074,-0.005297823983710259,-7.765942136757076e-05,-0.005220164562342688,0.1712837516795844,0.14312538020312787,0.02815837147645652,0.94350665807724,0.14300554990768433,8182,7719,0,0.14129921309649945,0.32039315104484556,36,8,15901,8182,7719,0.08632733561856418,cuda,74.076171875
287,328,200,True,930,930,879,633,246,2,244,0.27986348122866894,0.0022753128555176336,0.2775881683731513,0.5703001579778831,1.6872037914691944,0.8213446021174179,12.61187821880901,31.161871435894597,0.5045207988283296,0.5109919907074969,0.1707541378623972,0.03319447751761683,0.19978978876818979,0.5070996391594316,0.18254922364954654,0.07728840932408186,0.15266890067895536,0.0038923515480653315,-0.011795085787149329,-0.04409393180646503,0.047120888089234425,11.059158134243459,11.059158134243459,8.639362912400456,0.49032992036405004,0.16597374202473797,0.06494381263078856,-0.1199381059589511,0.01656249827556763,879,51,0,51,1.0,1.9387096774193548,1.9387096774193548,1.6882821387940843,93.74927550759236,58.20516692595763,-4.416856883566129,62.622023809523775,0.9341149965825518,151.95444243354999,0.04687463775379618,0.029102583462978813,0.075977221216775,0.8194945848375451,227,157,70,50,0,151,115.75,86.79603174603172,6,44,6.0,3.0,67,0,244,2,1,2,244,0,4652.465451003056,465.2465451003056,9679.421179145693,967.9421179145693,374.6540872220018,37.46540872220018,5857.537893636593,585.7537893636593,4395.0,439.5,0,1,0.057874999999999996,-0.0033000000000000004,0.057874999999999996,-0.0033000000000000004,0.0,0.0,0.057874999999999996,0.003,0.06490840664800407,0.13117005419059258,-0.09880844006153983,0.002944445226433006,0.0005231887689809669,-0.011613151474492708,-4.566951513250781e-05,-2.9999999999999997e-05,-1.0669515132507814e-05,-5.000000000000001e-06,0.0,0.0,0.0,-0.001,-0.001,0.0005231887689809669,0.006873188768980873,0.056874999999999995,0.0005231887689809669,0.0,0.0,0.04687463775379666,0.02910258346297886,-0.008833713767132257,0.04174801587301587,-0.0022084284417830643,0.03131101190476189,0.002944445226433006,0.002944445226433006,0.4335037921670594,0.1217430543017401,0.05764583417856683,0.0,0.0,0.00912294446991173,0.0,0.0,0.006349999999999909,0.04339801587301587,-0.0016500000000000004,0.001,0.122,-0.005297823983710259,-7.765942136757076e-05,-0.005220164562342688,0.1712837516795844,0.14312538020312787,0.02815837147645652,0.94350665807724,0.14300554990768433,8182,7719,0,0.14129921309649945,0.32039315104484556,36,8,15901,8182,7719,0.08632733561856418,cuda,74.076171875
288,329,200,True,1103,1103,1051,840,211,1,210,0.20076117982873454,0.0009514747859181732,0.19980970504281637,0.5619047619047619,1.75,0.8108993541626703,12.900993548120772,28.911231657720748,0.5302008243355626,0.5436733872585353,0.23139134120816987,0.02289827732768442,0.1823052691938799,0.5361539633501143,0.2533050891898927,0.06162206899191785,0.1477620737848892,0.007519423908420975,-0.021913747981722825,-0.038723791664233426,0.0345431954089907,15.373929590865842,15.373929590865842,12.595623215984777,0.5623215984776403,0.13673906768631997,0.031012880557163402,-0.11338487794430611,-0.037385822416175093,1051,52,0,52,1.0,1.7769718948322757,1.7769718948322757,1.5870599429115129,108.42929376174243,50.18289379093392,-7.02956042152033,57.21245421245419,0.8905768995326194,158.61218755267635,0.054214646880871215,0.025091446895466957,0.07930609377633817,0.84,231,163,68,44,0,159,131.01904761904763,82.88327228327228,8,36,8.0,6.0,66,0,210,1,0,1,210,0,4361.638608374893,436.1638608374893,9489.069240057244,948.9069240057245,494.00334779023456,49.40033477902345,5495.219476541534,549.5219476541535,5255.0,525.5,0,0,0.0655095238095238,-0.004399999999999999,0.0655095238095238,-0.004399999999999999,0.0,0.0,0.0655095238095238,0.004,0.06787561201671291,0.1894585718749497,-0.1692661578079879,0.0023712040502092383,0.0006251391662609189,-0.016195225179034028,-2.1713710099150532e-05,-1.4999999999999999e-05,-4.213710099150531e-06,-2.5000000000000006e-06,0.0,0.0,0.0,0.0,0.0,0.0006251391662609189,0.009035139166260784,0.0655095238095238,0.0006251391662609189,0.0,0.0,0.05421464688087197,0.02509144689546696,-0.01405912084304066,0.038141636141636154,-0.003514780210760165,0.028606227106227095,0.0023712040502092383,0.0023712040502092383,0.49240419969067006,0.18157352375469168,0.05616267234519737,0.0,0.0,0.009262449858845835,0.0,0.0,0.008409999999999865,0.041441636141636144,-0.0033,0.0005,0.105,-0.005297823983710259,-7.765942136757076e-05,-0.005220164562342688,0.1712837516795844,0.14312538020312787,0.02815837147645652,0.94350665807724,0.14300554990768433,8182,7719,0,0.14129921309649945,0.32039315104484556,36,8,15901,8182,7719,0.08632733561856418,cuda,74.076171875
289,330,200,True,976,976,926,761,165,5,160,0.17818574514038876,0.005399568034557235,0.17278617710583152,0.5847568988173456,1.674113009198423,0.794500970437085,13.236888619822679,28.660007739975637,0.501970242079881,0.4895831557595307,0.1872572906207631,0.07497660797358577,0.1745346821428481,0.481001698195386,0.20371179320481111,0.12104059685555221,0.13775544918329502,0.00858145756414469,-0.016454502584048014,-0.046063988881966444,0.03677923295955307,11.543196544276459,11.543196544276459,8.874730021598273,0.5086393088552916,0.1315142153098937,0.05469858642959549,-0.11007900719768016,-0.05756854227186694,926,50,0,50,1.0,1.8709016393442623,1.8709016393442623,1.623110151187905,87.74991231987009,46.78623094112462,-5.754505405861734,52.54073634698632,0.9012868763756247,134.53614326099472,0.043874956159935044,0.02339311547056231,0.06726807163049736,0.8280701754385965,236,157,79,49,0,152,107.75238095238096,74.45431512931515,4,45,4.0,4.0,77,0,160,5,1,5,160,0,4461.61766142682,446.161766142682,9406.747582039457,940.6747582039458,429.7174511369304,42.97174511369304,5618.43238977182,561.8432389771821,4630.0,463.0,0,1,0.05387619047619047,-0.0022,0.05387619047619047,-0.0022,0.0,0.0,0.05387619047619047,0.002,0.06514171945820334,0.15621316866752152,-0.13098299859709692,0.002474373733997826,0.00021001889491338894,-0.013890885601087553,-0.000101406159025898,-7.5e-05,-1.3906159025898004e-05,-1.2500000000000002e-05,0.0,0.0,0.0,-0.001,-0.001,0.00021001889491338894,0.007870018894913268,0.05287619047619048,0.00021001889491338894,0.0,0.0,0.043874956159935696,0.023393115470562324,-0.011509010811723468,0.035027157564657595,-0.002877252702930867,0.02627036817349316,0.002474373733997826,0.002474373733997826,0.45355885535077173,0.14629397740179198,0.09459760635528817,0.0,0.0,0.010607785284209501,0.0,0.0,0.007659999999999881,0.03722715756465758,-0.0022,0.0025,0.08,0.0017287398174327486,0.0028204055658231177,-0.0010916657483903691,0.16214610825991257,0.13754426687955856,0.02460184138035402,0.9402787089347839,0.15090030431747437,8293,7843,0,0.137919582426548,0.31282072998583316,37,8,16136,8293,7843,0.07847568269987955,cuda,76.67578125
290,331,200,True,1112,1112,1052,803,249,4,245,0.23669201520912547,0.0038022813688212928,0.23288973384030418,0.6226650062266501,1.5828144458281446,0.8251091187093801,12.732526887249977,26.13483219644795,0.47055063905867955,0.5109098088251401,0.1807795404450757,0.05477255942464654,0.20396996432031558,0.5105742451225687,0.20266817174364776,0.10040022928562307,0.15656883034688115,0.00033556370257148416,-0.021888631298572075,-0.045627669860976536,0.04740113397343443,11.673954372623575,11.673954372623575,9.072243346007605,0.526615969581749,0.1104863728767368,0.11781438175976616,-0.10772225199738238,-0.07525296445252817,1052,60,0,60,1.0,1.7760791366906474,1.7760791366906474,1.5817490494296578,107.07394991606277,56.47421330889819,-5.349000976816094,61.82321428571428,0.9203688466144745,163.54816322496097,0.053536974958031384,0.028237106654449097,0.08177408161248048,0.7870036101083032,218,156,62,59,0,153,129.65000000000003,91.23095238095236,8,51,8.0,8.0,60,0,245,4,0,4,245,0,4203.075516391235,420.3075516391235,9195.406114968435,919.5406114968434,453.3219873947615,45.33219873947615,5298.107104398087,529.8107104398088,5260.0,526.0,0,0,0.06482500000000001,-0.0044,0.06482500000000001,-0.0044,0.0,0.0,0.06482500000000001,0.003999999999999999,0.06499866670607213,0.17105205824013595,-0.1268012690962183,0.0032365918393382734,0.00031487479015678325,-0.013740078641553974,-8.380416087721564e-05,-5.9999999999999995e-05,-1.380416087721563e-05,-1.0000000000000003e-05,0.0,0.0,0.0,0.0,0.0,0.00031487479015678325,0.008384874790156654,0.06482500000000001,0.00031487479015678325,0.0,0.0,0.05353697495803212,0.028237106654449083,-0.010698001953632187,0.041215476190476184,-0.002674500488408047,0.03091160714285714,0.0032365918393382734,0.0032365918393382734,0.4599049577486355,0.14452439178568646,0.06414430557484345,0.0,0.0,0.008616375009584442,0.0,0.0,0.008069999999999872,0.04561547619047617,-0.0044,0.002,0.1225,0.0017287398174327486,0.0028204055658231177,-0.0010916657483903691,0.16214610825991257,0.13754426687955856,0.02460184138035402,0.9402787089347839,0.15090030431747437,8293,7843,0,0.137919582426548,0.31282072998583316,37,8,16136,8293,7843,0.07847568269987955,cuda,76.67578125
291,332,200,True,1000,1000,946,799,147,3,144,0.1553911205073996,0.003171247357293869,0.1522198731501057,0.6320400500625782,1.6007509386733416,0.8031212967052328,13.011031956487663,26.786810226076387,0.5107840655768728,0.497271883043837,0.22224526222240418,0.032735398635431394,0.17965427797068567,0.48483748775026825,0.2398038135173594,0.05875048933224927,0.14205370981418744,0.012434395293568767,-0.017558551294955232,-0.02601509069681788,0.03760056815649823,12.556025369978858,12.556025369978858,9.86892177589852,0.5221987315010571,0.18427830543449808,0.06780295749687701,-0.11173882031545851,-0.02936823922905709,946,54,0,54,1.0,1.977,1.977,1.7283298097251585,125.3541311506131,65.81207960092944,-6.232860875261038,72.04494047619048,0.9203751157077502,191.16621075154254,0.06267706557530656,0.03290603980046472,0.09558310537577126,0.8321428571428572,233,175,58,47,0,172,152.33333333333334,105.95992063492056,9,38,9.0,9.0,58,0,144,3,0,3,144,0,4847.2869839206605,484.72869839206606,10484.772242634957,1048.4772242634958,475.7581885863318,47.575818858633184,6103.930686885585,610.3930686885585,4730.0,473.0,0,0,0.07616666666666667,-0.0049499999999999995,0.07616666666666667,-0.0049499999999999995,0.0,0.0,0.07616666666666667,0.0045,0.0733908127422795,0.16331554356173064,-0.12966962103320018,0.0025311863779371186,0.0006986612098662455,-0.014840598838697252,-6.165860149696903e-05,-4.4999999999999996e-05,-6.658601496969022e-06,-1.0000000000000003e-05,0.0,0.0,0.0,0.0,0.0,0.0006986612098662455,0.008718661209866118,0.07616666666666667,0.0006986612098662455,0.0,0.0,0.06267706557530765,0.03290603980046469,-0.012465721750522078,0.04802996031746027,-0.0031164304376305194,0.03602247023809524,0.0025311863779371186,0.0025311863779371186,0.48282960995845026,0.16440707598771098,0.04344612709853198,0.0,0.0,0.020268660167310167,0.0,0.0,0.008019999999999873,0.05297996031746027,-0.0049499999999999995,0.0015,0.072,0.0017287398174327486,0.0028204055658231177,-0.0010916657483903691,0.16214610825991257,0.13754426687955856,0.02460184138035402,0.9402787089347839,0.15090030431747437,8293,7843,0,0.137919582426548,0.31282072998583316,37,8,16136,8293,7843,0.07847568269987955,cuda,76.67578125
292,333,200,True,1085,1085,1028,766,262,5,257,0.25486381322957197,0.0048638132295719845,0.25,0.6449086161879896,1.6018276762402088,0.7658459651758092,13.806508761473175,28.556261058420176,0.5161935454043368,0.45485300098013315,0.15764051263388393,0.05330291570422018,0.16380607372504846,0.4464260653128201,0.18347611882925696,0.08472513914908898,0.13886291748666577,0.008426935667313062,-0.025835606195373034,-0.0314222234448688,0.024943156238382697,9.22373540856031,9.22373540856031,6.8949416342412455,0.41050583657587547,0.25142572959212944,0.05904190436262892,-0.0809032434269374,-0.046388382637085515,1028,57,0,57,1.0,1.8129032258064517,1.8129032258064517,1.6011673151750974,107.6759147737982,57.84885967985196,-6.105902224909988,63.954761904761895,0.9128483536266675,165.52477445365017,0.0538379573868991,0.02892442983992598,0.08276238722682508,0.8122743682310469,225,149,76,52,0,145,130.36666666666667,94.07301587301583,9,43,9.0,8.0,76,0,257,5,0,5,257,0,4421.112470566,442.11124705660006,9602.771290018125,960.2771290018125,460.31282216873467,46.031282216873464,5568.570963931258,556.8570963931259,5140.0,514.0,0,0,0.06518333333333334,-0.0049499999999999995,0.06518333333333334,-0.0049499999999999995,0.0,0.0,0.06518333333333334,0.0045,0.0622568702851707,0.14486645453588684,-0.09783593722486994,0.0023458419157292424,0.0007464536011620467,-0.014378336563716497,-9.241690681023365e-05,-7.5e-05,-4.916906810233653e-06,-1.2500000000000002e-05,0.0,0.0,0.0,0.0,0.0,0.0007464536011620467,0.008456453601161927,0.06518333333333334,0.0007464536011620467,0.0,0.0,0.0538379573869,0.028924429839925967,-0.012211804449819976,0.04263650793650793,-0.003052951112454994,0.031977380952380945,0.0023458419157292424,0.0023458419157292424,0.42123920513604923,0.12061250099253568,0.054091174930998596,0.0,0.0,0.01605484647972003,0.0,0.0,0.00770999999999988,0.04703650793650792,-0.004399999999999999,0.0025,0.1285,0.0017287398174327486,0.0028204055658231177,-0.0010916657483903691,0.16214610825991257,0.13754426687955856,0.02460184138035402,0.9402787089347839,0.15090030431747437,8293,7843,0,0.137919582426548,0.31282072998583316,37,8,16136,8293,7843,0.07847568269987955,cuda,76.67578125
293,334,200,True,1008,1008,963,710,253,5,248,0.26272066458982346,0.005192107995846314,0.25752855659397716,0.5802816901408451,1.6985915492957746,0.8121303314894018,12.772846549665424,32.50056114784429,0.5015420892376914,0.5180823621405682,0.20689622872627117,0.0602805405986351,0.18174753712988656,0.5170563174175544,0.22392469661008618,0.12462125715675017,0.13892492574810142,0.0010260447230138192,-0.017028467883815013,-0.06434071655811507,0.04282261138178514,12.118380062305295,12.118380062305295,9.581516095534788,0.5181723779854621,0.13177711802753012,0.035046563081211804,-0.1670130641667975,-0.02484989048947345,963,45,0,45,1.0,1.8293650793650793,1.8293650793650793,1.5991692627206646,81.88525649930246,45.2611841782339,-5.454075562025836,50.71525974025972,0.902899410636182,127.14644067753636,0.04094262824965123,0.022630592089116948,0.06357322033876818,0.8461538461538461,231,144,87,42,0,141,100.62619047619047,69.82034632034635,2,40,2.0,2.0,87,0,248,5,1,5,248,0,4281.105093616923,428.1105093616923,9005.214711234301,900.52147112343,405.60759717046886,40.560759717046885,5389.9578050539485,538.9957805053948,4815.0,481.5,0,1,0.05031309523809523,-0.0011,0.05031309523809523,-0.0011,0.0,0.0,0.05031309523809523,0.001,0.06067173506351999,0.15687215449059225,-0.14352172746613714,0.0022926104158651826,0.0003107602958751441,-0.012948904848053017,-9.923086728460498e-05,-7.5e-05,-1.1730867284604976e-05,-1.2500000000000002e-05,0.0,0.0,0.0,-0.001,-0.001,0.0003107602958751441,0.007460760295875035,0.04931309523809524,0.0003107602958751441,0.0,0.0,0.04094262824965161,0.022630592089117017,-0.010908151124051673,0.03381017316017319,-0.0027270377810129183,0.02535762987012986,0.0022926104158651826,0.0022926104158651826,0.44253145098795127,0.1374463463402165,0.08790045099162562,0.0,0.0,0.007088546781500209,0.0,0.0,0.007149999999999892,0.03491017316017319,-0.0011,0.0025,0.124,0.0017287398174327486,0.0028204055658231177,-0.0010916657483903691,0.16214610825991257,0.13754426687955856,0.02460184138035402,0.9402787089347839,0.15090030431747437,8293,7843,0,0.137919582426548,0.31282072998583316,37,8,16136,8293,7843,0.07847568269987955,cuda,76.67578125
294,335,200,True,1037,1037,979,828,151,7,144,0.15423901940755874,0.007150153217568948,0.1470888661899898,0.6219806763285024,1.5978260869565217,0.7993080969449978,13.131595525188722,26.339457590492884,0.5144008394649687,0.46638668132361005,0.26591793138191894,0.08315116081078613,0.15810176444010457,0.46500697935332996,0.28023433482953786,0.13382707729768054,0.12659153284208066,0.0013797019702800895,-0.01431640344761892,-0.0506759164868944,0.03151023159802391,10.930541368743617,10.930541368743617,8.27885597548519,0.49948927477017363,0.1978203173437826,0.1197343103573088,-0.19377371187932396,-0.07589702625056709,979,58,0,58,1.0,1.9122468659594984,1.9122468659594984,1.644535240040858,93.70636743047875,51.30410451076954,-6.875124593459534,58.17922910422911,0.8943172254787337,145.01047194124828,0.046853183715239374,0.02565205225538477,0.07250523597062414,0.85,238,160,78,42,0,158,112.72142857142855,80.87230547230544,4,38,4.0,3.0,76,0,144,7,0,7,144,0,4769.938348270827,476.9938348270827,10348.732410316594,1034.8732410316593,478.94134215908974,47.89413421590898,6009.7134829519455,600.9713482951945,4895.0,489.5,0,0,0.05636071428571427,-0.0022,0.05636071428571427,-0.0022,0.0,0.0,0.05636071428571427,0.002,0.06793325333570051,0.16313548501217312,-0.13629796491786708,0.0021126597498686245,0.00047306143333976006,-0.015488141639576394,-0.000142080872879528,-0.00010499999999999999,-1.9580872879528002e-05,-1.7500000000000002e-05,0.0,0.0,0.0,0.0,0.0,0.00047306143333976006,0.008823061433339626,0.05636071428571427,0.00047306143333976006,0.0,0.0,0.04685318371524046,0.025652052255384743,-0.01375024918691907,0.03878615273615273,-0.0034375622967297674,0.029089614552114555,0.0021126597498686245,0.0021126597498686245,0.48386409758914073,0.2006794508426984,0.10434297224294242,0.0,0.0,0.008130789656756097,0.0,0.0,0.008349999999999866,0.04043615273615274,-0.0016500000000000002,0.0035,0.072,0.0017287398174327486,0.0028204055658231177,-0.0010916657483903691,0.16214610825991257,0.13754426687955856,0.02460184138035402,0.9402787089347839,0.15090030431747437,8293,7843,0,0.137919582426548,0.31282072998583316,37,8,16136,8293,7843,0.07847568269987955,cuda,76.67578125
295,336,200,True,1026,1026,964,704,260,6,254,0.2697095435684647,0.006224066390041493,0.26348547717842324,0.5568181818181818,1.7088068181818181,0.7963248383761807,13.156054569916291,32.204014692963526,0.5540362754952639,0.5229683812199668,0.22822972952218895,0.039316724475198,0.16885611495341768,0.5158730242401361,0.2613158865781522,0.06825077535309405,0.14455316719514402,0.007095356979830658,-0.03308615705596324,-0.02893405087789605,0.024302947758273657,12.609958506224066,12.609958506224066,10.108921161825727,0.48132780082987553,0.1946781766974422,0.011092578167850644,-0.10156222048011189,-0.036430372062644024,964,62,0,62,1.0,1.922027290448343,1.922027290448343,1.6307053941908713,116.71604839544037,61.53853068689001,-5.971180435321133,67.5097111222111,0.9187383235457076,178.2545790823304,0.05835802419772018,0.030769265343445006,0.0891272895411652,0.7907801418439716,223,168,55,59,0,165,141.92976190476188,94.41294816294817,4,55,4.0,4.0,54,0,254,6,0,6,254,0,4694.887295871617,469.48872958716174,10158.658527275433,1015.8658527275433,455.48306877228345,45.54830687722834,5912.8036036179465,591.2803603617947,4820.0,482.0,0,0,0.07096488095238095,-0.0022,0.07096488095238095,-0.0022,0.0,0.0,0.07096488095238095,0.002,0.07078461459368396,0.15520469310981633,-0.13335470280491968,0.002491890424490643,0.0008305971790768447,-0.01418332865622926,-0.00011722038538907634,-8.999999999999999e-05,-1.2220385389076325e-05,-1.5000000000000002e-05,0.0,0.0,0.0,0.0,0.0,0.0008305971790768447,0.007930597179076735,0.07096488095238095,0.0008305971790768447,0.0,0.0,0.05835802419772082,0.03076926534344499,-0.011942360870642267,0.04500647408147407,-0.002985590217660567,0.03375485556110555,0.002491890424490643,0.002491890424490643,0.46696580009856653,0.1681819347238666,0.05720222385663132,0.0,0.0,0.015355106055986808,0.0,0.0,0.007099999999999893,0.04720647408147407,-0.0022,0.003,0.127,0.0017287398174327486,0.0028204055658231177,-0.0010916657483903691,0.16214610825991257,0.13754426687955856,0.02460184138035402,0.9402787089347839,0.15090030431747437,8293,7843,0,0.137919582426548,0.31282072998583316,37,8,16136,8293,7843,0.07847568269987955,cuda,76.67578125
296,337,200,True,1049,1049,985,784,201,6,195,0.20406091370558377,0.006091370558375634,0.19796954314720813,0.6479591836734694,1.5420918367346939,0.8237537981904283,12.875948740511525,27.3834561687343,0.4663614247883928,0.4756038303163891,0.20912980823302452,0.08704313667186973,0.17807020323008907,0.4768816914257346,0.20687891147218226,0.13791856037575173,0.13589949628138648,-0.0012778611093455239,0.0022508967608422525,-0.050875423703882,0.04217070694870259,11.623350253807107,11.623350253807107,9.09746192893401,0.46091370558375633,0.18715170172708248,0.10360770579129959,-0.12009779725698,-0.05452207800681734,985,64,0,64,1.0,1.8779790276453765,1.8779790276453765,1.6436548223350254,96.33817151968806,54.08596828612123,-5.457862882709926,59.54383116883113,0.9160350670494481,150.4241398058093,0.04816908575984403,0.027042984143060615,0.07521206990290465,0.8321678321678322,238,158,80,48,0,154,116.14999999999999,83.7917748917749,4,44,4.0,4.0,78,0,195,6,0,6,195,0,4681.418452429712,468.14184524297116,10076.538748258132,1007.6538748258132,422.15455202941564,42.21545520294156,5895.398032743968,589.5398032743967,4925.0,492.5,0,0,0.058074999999999995,-0.0022,0.058074999999999995,-0.0022,0.0,0.0,0.058074999999999995,0.002,0.06636191072772422,0.15684421747506452,-0.12949596732137963,0.0026561108564575817,0.0006454287992200745,-0.013295540246188705,-0.00013256579364229564,-8.999999999999999e-05,-2.7565793642295645e-05,-1.5000000000000002e-05,0.0,0.0,0.0,0.0,0.0,0.0006454287992200745,0.008545428799219951,0.058074999999999995,0.0006454287992200745,0.0,0.0,0.048169085759844854,0.02704298414306064,-0.010915725765419852,0.03969588744588746,-0.002728931441354963,0.029771915584415568,0.0026561108564575817,0.0026561108564575817,0.47152282017003955,0.15955396993183485,0.10060132140918868,0.0,0.0,0.009657276517340795,0.0,0.0,0.007899999999999876,0.04189588744588745,-0.0022,0.003,0.0975,0.0017287398174327486,0.0028204055658231177,-0.0010916657483903691,0.16214610825991257,0.13754426687955856,0.02460184138035402,0.9402787089347839,0.15090030431747437,8293,7843,0,0.137919582426548,0.31282072998583316,37,8,16136,8293,7843,0.07847568269987955,cuda,76.67578125
297,338,200,True,1091,1091,1036,919,117,3,114,0.11293436293436293,0.0028957528957528956,0.11003861003861004,0.5712731229597389,1.662676822633297,0.8016853097733009,13.018799864817755,26.874787178535065,0.4773996737970109,0.4979022852873776,0.23808065749567014,0.042902721717378065,0.1770391769107265,0.4946734612246203,0.2621065372372121,0.0781949248516545,0.14397973754727997,0.0032288240627573184,-0.024025879741541967,-0.03529220313427643,0.03305943936344652,13.624517374517374,13.624517374517374,10.70945945945946,0.5366795366795367,0.14271299091613182,0.0580682386585346,-0.16238196830704502,-0.04431588557810161,1036,55,0,55,1.0,1.8267644362969753,1.8267644362969753,1.6052123552123552,114.17014050347228,63.82015507606796,-7.0665332356203665,70.88668831168832,0.909349054530969,177.99029557954026,0.05708507025173614,0.03191007753803398,0.08899514778977013,0.8357142857142857,234,164,70,46,0,163,137.91666666666666,97.8155844155844,3,43,3.0,3.0,69,0,114,3,0,3,114,0,4414.711082754932,441.47110827549324,9674.42062260974,967.4420622609739,491.07653402084645,49.107653402084644,5558.4589532023465,555.8458953202346,5180.0,518.0,0,0,0.06895833333333333,-0.0016500000000000002,0.06895833333333333,-0.0016500000000000002,0.0,0.0,0.06895833333333333,0.0015,0.0696021761446284,0.19368356349178972,-0.15703162036835286,0.0018830439557691804,0.00037201792534761736,-0.015953829120288844,-6.012102961808441e-05,-4.4999999999999996e-05,-7.621029618084404e-06,-7.500000000000001e-06,0.0,0.0,0.0,0.0,0.0,0.00037201792534761736,0.009592017925347465,0.06895833333333333,0.00037201792534761736,0.0,0.0,0.05708507025173727,0.03191007753803398,-0.014133066471240734,0.0472577922077922,-0.0035332666178101834,0.03544334415584416,0.0018830439557691804,0.0018830439557691804,0.49248994432587784,0.19415512511159172,0.062336014772083184,0.0,0.0,0.01124440876558607,0.0,0.0,0.009219999999999848,0.04890779220779219,-0.0016500000000000002,0.0015,0.057,-0.002801816849969327,-0.0016195824462920427,-0.0011822344036772846,0.1103886869782582,0.08916179060935975,0.021226896368898452,0.9600975513458252,0.1679326295852661,4327,4066,0,0.15321582973003386,0.33932173773646357,38,4,8393,4327,4066,0.08074135033858096,cuda,47.82666015625
298,339,200,True,1094,1094,1028,780,248,4,244,0.24124513618677043,0.0038910505836575876,0.23735408560311283,0.6525641025641026,1.5384615384615385,0.8113364138282262,12.96105773632343,26.726977423979687,0.45295083643024836,0.4349315533080162,0.1836560210499626,0.06695830718948483,0.17597741833529792,0.42980012586101507,0.20226656637894802,0.0942769621922754,0.14243494875203722,0.0051314274470011245,-0.01861054532898543,-0.02731865500279057,0.03354246958326071,8.014591439688717,8.014591439688717,5.707198443579767,0.3443579766536965,0.1851824912409721,0.20550375649293862,-0.11343325378802585,-0.0628284689032237,1028,66,0,66,1.0,1.8281535648994516,1.8281535648994516,1.6293774319066148,94.04920089493002,57.26863753787683,-5.403962778473444,62.672600316350305,0.9206193360415937,151.31783843280687,0.04702460044746501,0.028634318768938415,0.07565891921640343,0.8908450704225352,253,150,103,31,0,150,113.37619047619044,84.66346708846709,1,30,1.0,1.0,102,0,244,4,0,4,244,0,4512.964255980198,451.29642559801977,9719.704537028358,971.9704537028358,402.83058927929847,40.283058927929844,5682.764934006574,568.2764934006574,5140.0,514.0,0,0,0.056688095238095225,-0.00055,0.056688095238095225,-0.00055,0.0,0.0,0.056688095238095225,0.0005,0.06492003825168137,0.13870371926366595,-0.09347619006049494,0.0022812164568045495,0.000530621284943927,-0.012847332806030393,-8.152008844031436e-05,-5.9999999999999995e-05,-1.1520088440314362e-05,-1.0000000000000003e-05,0.0,0.0,0.0,0.0,0.0,0.000530621284943927,0.008370621284943803,0.056688095238095225,0.000530621284943927,0.0,0.0,0.04702460044746583,0.02863431876893845,-0.010807925556946887,0.041781733544233556,-0.002701981389236722,0.03133630015817515,0.0022812164568045495,0.0022812164568045495,0.4418405807397794,0.1327393006648705,0.07380368531327669,0.0,0.0,0.010819529444271721,0.0,0.0,0.007839999999999877,0.04233173354423356,-0.00055,0.002,0.122,-0.002801816849969327,-0.0016195824462920427,-0.0011822344036772846,0.1103886869782582,0.08916179060935975,0.021226896368898452,0.9600975513458252,0.1679326295852661,4327,4066,0,0.15321582973003386,0.33932173773646357,38,4,8393,4327,4066,0.08074135033858096,cuda,47.82666015625
299,340,200,True,1098,1098,1019,763,256,4,252,0.2512266928361138,0.003925417075564278,0.24730127576054955,0.5701179554390564,1.727391874180865,0.7975877841365759,13.118265928165942,26.907504619495896,0.48250308831332667,0.49193692080393375,0.20093520673121257,0.06771434475222253,0.187337432402097,0.4909408503208373,0.2166482504935713,0.1164015001659483,0.1417790093443321,0.0009960704830964673,-0.01571304376235874,-0.04868715541372577,0.04555842305776489,10.782139352306183,10.782139352306183,8.269872423945044,0.478900883218842,0.1787961922443146,0.1255543751377879,-0.12445416351860972,-0.09699893953174453,1019,79,0,79,1.0,1.814207650273224,1.814207650273224,1.6447497546614327,96.82373619339415,52.32948503347113,-5.5687954689212145,57.898280502392325,0.9122569397802689,149.1532212268653,0.04841186809669708,0.026164742516735565,0.07457661061343265,0.7985865724381626,226,158,68,57,0,157,117.00952380952378,82.6977073365231,6,51,6.0,5.0,67,0,252,4,0,4,252,0,4378.625936372451,437.86259363724514,9478.80468907248,947.880468907248,426.9194079791595,42.69194079791595,5516.409374818178,551.6409374818178,5095.0,509.5,0,0,0.05850476190476188,-0.0033,0.05850476190476188,-0.0033,0.0,0.0,0.05850476190476188,0.003,0.06730486942695486,0.155732180954347,-0.12675624156599608,0.002523535789529804,0.00037029286443767453,-0.013387267502323557,-7.575815524196356e-05,-5.9999999999999995e-05,-5.75815524196355e-06,-1.0000000000000003e-05,0.0,0.0,0.0,0.0,0.0,0.00037029286443767453,0.008040292864437554,0.05850476190476188,0.00037029286443767453,0.0,0.0,0.04841186809669787,0.02616474251673558,-0.01113759093784243,0.038598853668261546,-0.0027843977344606074,0.028949140251196163,0.002523535789529804,0.002523535789529804,0.454355166253637,0.15638093866200023,0.07445641536320433,0.0,0.0,0.007538852194951446,0.0,0.0,0.007669999999999881,0.04134885366826154,-0.00275,0.002,0.126,-0.002801816849969327,-0.0016195824462920427,-0.0011822344036772846,0.1103886869782582,0.08916179060935975,0.021226896368898452,0.9600975513458252,0.1679326295852661,4327,4066,0,0.15321582973003386,0.33932173773646357,38,4,8393,4327,4066,0.08074135033858096,cuda,47.82666015625
300,341,200,True,1044,1044,983,830,153,3,150,0.15564598168870802,0.003051881993896236,0.1525940996948118,0.5987951807228916,1.6722891566265061,0.817019369174917,12.774759574108813,28.283779896598265,0.505984572485841,0.5191101491451263,0.27443197089056653,0.08321882135694825,0.1724068609503917,0.5115249443485076,0.29035382243546554,0.1317226569222971,0.13470854183142802,0.0075852047966187275,-0.015921851544899,-0.048503835565348846,0.03769831911896368,13.970498474059003,13.970498474059003,11.104781281790437,0.5808748728382502,0.1217139588947898,0.09236521891420507,-0.13715551505683232,-0.12049661774061683,983,61,0,61,1.0,1.8879310344827587,1.8879310344827587,1.6602238046795523,111.68078666273288,55.78866080670237,-5.879845686804182,61.668506493506484,0.9129535288868516,167.46944746943524,0.05584039333136644,0.027894330403351184,0.08373472373471762,0.8035087719298246,229,170,59,56,0,166,135.28333333333333,84.42467532467532,3,53,3.0,2.0,58,0,150,3,0,3,150,0,4625.803588687657,462.5803588687657,10080.148340250033,1008.0148340250032,485.0766434495203,48.50766434495203,5825.511807328094,582.5511807328094,4915.0,491.5,0,0,0.06764166666666667,-0.0016500000000000002,0.06764166666666667,-0.0016500000000000002,0.0,0.0,0.06764166666666667,0.0015,0.0710795749760752,0.17619394570424965,-0.16637786345657662,0.0036240485687269947,0.0003052999901653547,-0.01527153436722703,-6.371683005066732e-05,-4.4999999999999996e-05,-1.1216830050667317e-05,-7.500000000000001e-06,0.0,0.0,0.0,0.0,0.0,0.0003052999901653547,0.008635299990165223,0.06764166666666667,0.0003052999901653547,0.0,0.0,0.05584039333136728,0.027894330403351195,-0.011759691373608364,0.04111233766233768,-0.002939922843402091,0.030834253246753242,0.0036240485687269947,0.0036240485687269947,0.5101433900538966,0.21946130122718183,0.0938932673193549,0.0,0.0,0.007706111040627616,0.0,0.0,0.008329999999999867,0.04221233766233769,-0.0011,0.0015,0.075,-0.002801816849969327,-0.0016195824462920427,-0.0011822344036772846,0.1103886869782582,0.08916179060935975,0.021226896368898452,0.9600975513458252,0.1679326295852661,4327,4066,0,0.15321582973003386,0.33932173773646357,38,4,8393,4327,4066,0.08074135033858096,cuda,47.82666015625
