step,mcs_id,state,is_agent,longitude,latitude,remain_kwh,remain_change_kwh,energy_used_kwh,moved_distance_km,action_mode,action_target_longitude,action_target_latitude,reward,reward_service,reward_recharge,reward_movement,reward_wait,reward_recharge_match_failure,reward_broken,reward_battery_potential,total_reward,event_mode,event_requested_mode,event_recharge_matched,event_waited,event_movement_energy_kwh,event_service_kwh,event_recharged_kwh,event_newly_broken,is_idle,is_task,is_recharging,is_broken,is_arrive,current_target_type,current_target_id,charge_power_kwh,charge_time_remain_min,total_energy_consumed,total_charged_kwh,total_cost,total_profit,total_idle_time_min,near_quasi_count,near_iev_count,near_idle_mcs_count,near_task_mcs_count,near_available_fcs_count,near_busy_fcs_count,obs_self,obs_tgt,obs_mask,high_state,high_action_mask,low_self_state,low_candidates,low_candidate_mask,candidate_ids,high_remain_ratio,high_nearest_fcs_distance_ratio,high_recharge_margin_ratio,high_local_available_slot_ratio,high_local_need_supply_ratio,high_near_quasi_count_ratio,high_near_iev_demand_ratio,mask_serve_valid,mask_recharge_valid,mask_wait_valid
0,7,idle,True,103.98941061808382,30.637390157453762,300.0,0.0,0.0,0.0,,,,0.0,0.0,0.0,0.0,0.0,0.0,0.0,0.0,0.0,,,False,False,0.0,0.0,0.0,False,True,False,False,False,False,,-1,0.0,0.0,0.0,0.0,0.0,0.0,0.0,17,0,2,0,1,0,"[1.0, 0.4290311336517334, 1.0]","[[0.552605152130127, 0.1323147565126419, 0.8493062853813171, 0.3900792896747589, 0.5222204327583313], [1.0, 0.33321648836135864, 0.8293489217758179, 0.0, 0.0], [0.7784866690635681, 0.35523802042007446, 0.8287049531936646, 0.0, 0.0], [0.09547838568687439, 0.3836691379547119, 0.8467869162559509, 0.0, 0.0], [0.8709726929664612, 0.3843899369239807, 0.8270772099494934, 0.0, 0.0]]","[false, false, false, false, false]","[1.0, 0.7075192928314209, 0.9978774189949036, 1.0, 0.4290311336517334, 1.0, 0.0]","[true, true, true]","[1.0, 0.4290311336517334, 1.0]","[[0.552605152130127, 0.1323147565126419, 0.8493062853813171, 0.3900792896747589, 0.5222204327583313], [1.0, 0.33321648836135864, 0.8293489217758179, 0.0, 0.0], [0.7784866690635681, 0.35523802042007446, 0.8287049531936646, 0.0, 0.0], [0.09547838568687439, 0.3836691379547119, 0.8467869162559509, 0.0, 0.0], [0.8709726929664612, 0.3843899369239807, 0.8270772099494934, 0.0, 0.0]]","[true, true, true, true, true]","[110, 127, 89, 257, 31]",1.0,0.7075192928314209,0.9978774189949036,1.0,0.4290311336517334,1.0,0.0,True,True,True
1,7,idle,True,103.992956,30.635536,299.8809167210289,-0.11908327897111803,0.11908327897111803,0.3969442632370451,Serve,103.992956,30.635536,-0.012028614037486217,0.0,0.0,-0.012028614037486217,0.0,0.0,0.0,0.0,-0.012028614037486217,Serve,Serve,False,False,0.11908327897111354,0.0,0.0,False,True,False,False,False,False,,-1,0.0,0.0,0.11908327897111354,0.0,0.09526662317689083,0.0,0.0,16,0,0,0,1,0,"[0.9996030330657959, 0.6361168622970581, 1.0]","[[0.5277774333953857, 0.1008625254034996, 0.842806339263916, 0.0, 0.5064619183540344], [1.0, 0.348656564950943, 0.8137996792793274, 0.2402014583349228, 0.5697861909866333], [1.0, 0.4207550585269928, 0.8705618977546692, 0.0, 0.4621252715587616], [0.3842298984527588, 0.44566109776496887, 0.863305389881134, 0.20293213427066803, 0.6766652464866638], [1.0, 0.450493723154068, 0.8466458916664124, 0.20591799914836884, 0.68202143907547]]","[false, false, false, false, false]","[0.9996030330657959, 0.5815668106079102, 0.9978583455085754, 1.0, 0.6361168622970581, 1.0, 0.0]","[true, true, true]","[0.9996030330657959, 0.6361168622970581, 1.0]","[[0.5277774333953857, 0.1008625254034996, 0.842806339263916, 0.0, 0.5064619183540344], [1.0, 0.348656564950943, 0.8137996792793274, 0.2402014583349228, 0.5697861909866333], [1.0, 0.4207550585269928, 0.8705618977546692, 0.0, 0.4621252715587616], [0.3842298984527588, 0.44566109776496887, 0.863305389881134, 0.20293213427066803, 0.6766652464866638], [1.0, 0.450493723154068, 0.8466458916664124, 0.20591799914836884, 0.68202143907547]]","[true, true, true, true, true]","[218, 101, 68, 40, 238]",0.9996030330657959,0.5815668106079102,0.9978583455085754,1.0,0.6361168622970581,1.0,0.0,True,True,True
2,7,idle,True,103.982783,30.645876,299.42900544733,-0.4519112736988973,0.4519112736988973,1.506370912329672,Serve,103.982783,30.645876,-0.04564760340392947,0.0,0.0,-0.04564760340392947,0.0,0.0,0.0,0.0,-0.057676217441415684,Serve,Serve,False,False,0.4519112736989016,0.0,0.0,False,True,False,False,False,False,,-1,0.0,0.0,0.5709945526700151,0.0,0.45679564213601215,0.0,0.0,19,0,1,0,0,0,"[0.9980967044830322, 0.8529545068740845, 1.0]","[[1.0, 0.0, 0.8470622897148132, 0.20655159652233124, 0.0], [1.0, 0.01673824153840542, 0.845603346824646, 0.20572352409362793, 0.0], [1.0, 0.14103905856609344, 0.8252593874931335, 0.0, 0.0], [0.5277774333953857, 0.4570537209510803, 0.8455650210380554, 0.2855603098869324, 0.5061160326004028], [1.0, 0.46454888582229614, 0.8783133029937744, 0.21728146076202393, 0.0]]","[false, false, false, false, false]","[0.9980967044830322, 1.0, 0.0, 0.0, 0.8529545068740845, 1.0, 0.0]","[true, false, true]","[0.9980967044830322, 0.8529545068740845, 1.0]","[[1.0, 0.0, 0.8470622897148132, 0.20655159652233124, 0.0], [1.0, 0.01673824153840542, 0.845603346824646, 0.20572352409362793, 0.0], [1.0, 0.14103905856609344, 0.8252593874931335, 0.0, 0.0], [0.5277774333953857, 0.4570537209510803, 0.8455650210380554, 0.2855603098869324, 0.5061160326004028], [1.0, 0.46454888582229614, 0.8783133029937744, 0.21728146076202393, 0.0]]","[true, true, true, true, true]","[27, 220, 68, 218, 164]",0.9980967044830322,1.0,0.0,0.0,0.8529545068740845,1.0,0.0,True,False,True
3,7,idle,True,103.996633,30.649763,299.01091144072757,-0.41809400660241636,0.41809400660241636,1.3936466886747494,Serve,103.996633,30.649763,-0.04223171783862877,0.0,0.0,-0.04223171783862877,0.0,0.0,0.0,0.0,-0.09990793528004446,Serve,Serve,False,False,0.4180940066024248,0.0,0.0,False,True,False,False,False,False,,-1,0.0,0.0,0.9890885592724399,0.0,0.791270847417952,0.0,0.0,26,0,1,0,0,0,"[0.996703028678894, 0.8999989032745361, 1.0]","[[1.0, 0.0002614069380797446, 0.877501904964447, 0.22242893278598785, 0.0], [0.5010024905204773, 0.17917971312999725, 0.9052259922027588, 0.24047529697418213, 0.0], [0.947754979133606, 0.3038169741630554, 0.908553957939148, 0.26682427525520325, 0.0], [1.0, 0.39076778292655945, 0.9141542315483093, 0.2746738791465759, 0.44446617364883423], [0.5277774333953857, 0.4396316111087799, 0.8325960636138916, 0.21651926636695862, 0.506066083908081]]","[false, false, false, false, false]","[0.996703028678894, 1.0, 0.0, 0.0, 0.8999989032745361, 1.0, 0.0]","[true, false, true]","[0.996703028678894, 0.8999989032745361, 1.0]","[[1.0, 0.0002614069380797446, 0.877501904964447, 0.22242893278598785, 0.0], [0.5010024905204773, 0.17917971312999725, 0.9052259922027588, 0.24047529697418213, 0.0], [0.947754979133606, 0.3038169741630554, 0.908553957939148, 0.26682427525520325, 0.0], [1.0, 0.39076778292655945, 0.9141542315483093, 0.2746738791465759, 0.44446617364883423], [0.5277774333953857, 0.4396316111087799, 0.8325960636138916, 0.21651926636695862, 0.506066083908081]]","[true, true, true, true, true]","[164, 108, 279, 101, 218]",0.996703028678894,1.0,0.0,0.0,0.8999989032745361,1.0,0.0,True,False,True
4,7,idle,True,103.992555,30.67199,298.2602753547626,-0.7506360859649703,0.7506360859649703,2.5021202865498147,Serve,103.992555,30.67199,-0.07582182686514591,0.0,0.0,-0.07582182686514591,0.0,0.0,0.0,0.0,-0.17572976214519037,Serve,Serve,False,False,0.7506360859649444,0.0,0.0,False,True,False,False,False,False,,-1,0.0,0.0,1.7397246452373842,0.0,1.3917797161899075,0.0,0.0,21,0,1,0,0,0,"[0.9942009449005127, 0.8784539699554443, 1.0]","[[1.0, 0.003986055962741375, 0.8672786355018616, 0.2007109671831131, 0.0], [0.2923884391784668, 0.0501839704811573, 0.890167772769928, 0.0, 0.0], [0.9170079827308655, 0.1721518635749817, 0.8982226848602295, 0.0, 0.0], [1.0, 0.4197969436645508, 0.9112204313278198, 0.2205512672662735, 0.4428177773952484], [0.3991643786430359, 0.451092004776001, 0.8256614804267883, 0.0, 0.0]]","[false, false, false, false, false]","[0.9942009449005127, 1.0, 0.0, 0.0, 0.8784539699554443, 1.0, 0.0]","[true, false, true]","[0.9942009449005127, 0.8784539699554443, 1.0]","[[1.0, 0.003986055962741375, 0.8672786355018616, 0.2007109671831131, 0.0], [0.2923884391784668, 0.0501839704811573, 0.890167772769928, 0.0, 0.0], [0.9170079827308655, 0.1721518635749817, 0.8982226848602295, 0.0, 0.0], [1.0, 0.4197969436645508, 0.9112204313278198, 0.2205512672662735, 0.4428177773952484], [0.3991643786430359, 0.451092004776001, 0.8256614804267883, 0.0, 0.0]]","[true, true, true, true, true]","[297, 214, 22, 272, 61]",0.9942009449005127,1.0,0.0,0.0,0.8784539699554443,1.0,0.0,True,False,True
5,7,idle,True,104.01815324227807,30.671478548300897,297.5256185580412,-0.7346567967214241,0.7346567967214241,2.4488559890714137,Serve,104.01815324227807,30.671478548300897,-0.0742077572445883,0.0,0.0,-0.0742077572445883,0.0,0.0,0.0,0.0,-0.24993751938977865,Serve,Serve,False,False,0.734656796721424,0.0,0.0,False,True,False,False,False,False,,-1,0.0,0.0,2.4743814419588084,0.0,1.9795051535670467,0.0,0.0,36,0,1,0,2,0,"[0.9917520880699158, 0.684260368347168, 1.0]","[[1.0, 0.05162898823618889, 0.9195320010185242, 0.36776280403137207, 0.6251698732376099], [1.0, 0.12291382253170013, 0.9285081028938293, 0.33430901169776917, 0.6349484324455261], [0.48870301246643066, 0.12537015974521637, 0.9315598607063293, 0.314759761095047, 0.6634969711303711], [1.0, 0.20263399183750153, 0.9309569597244263, 0.2968321740627289, 0.6659799814224243], [1.0, 0.25160321593284607, 0.9281389713287354, 0.291033536195755, 0.656623125076294]]","[false, false, false, false, false]","[0.9917520880699158, 0.508483350276947, 0.9902266263961792, 0.8333333134651184, 0.684260368347168, 1.0, 0.0]","[true, true, true]","[0.9917520880699158, 0.684260368347168, 1.0]","[[1.0, 0.05162898823618889, 0.9195320010185242, 0.36776280403137207, 0.6251698732376099], [1.0, 0.12291382253170013, 0.9285081028938293, 0.33430901169776917, 0.6349484324455261], [0.48870301246643066, 0.12537015974521637, 0.9315598607063293, 0.314759761095047, 0.6634969711303711], [1.0, 0.20263399183750153, 0.9309569597244263, 0.2968321740627289, 0.6659799814224243], [1.0, 0.25160321593284607, 0.9281389713287354, 0.291033536195755, 0.656623125076294]]","[true, true, true, true, true]","[272, 111, 144, 236, 21]",0.9917520880699158,0.508483350276947,0.9902266263961792,0.8333333134651184,0.684260368347168,1.0,0.0,True,True,True
6,7,task,False,104.025907,30.673066,297.2969351106588,-0.228683447382366,0.228683447382366,0.7622781579413117,Serve,104.025907,30.673066,-0.02309933811943369,0.0,0.0,-0.02309933811943369,0.0,0.0,0.0,0.0,-0.27303685750921236,Serve,Serve,False,False,0.2286834473823935,0.0,0.0,False,False,True,False,False,False,IEV,164,57.92568536390101,28.962842681950505,2.7995607034529137,57.92568536390101,48.580196853883145,46.26335163983144,0.0,0,0,0,0,2,0,[],[],[],[],[],[],[],[],[],,,,,,,,,,
7,7,task,False,104.02771945754438,30.675502723569494,288.1751444895947,-9.121790621064122,9.121790621064122,0.3216527137057059,,,,0.2158853182433343,0.22563237017381024,0.0,-0.009747051930475939,0.0,0.0,0.0,0.0,-0.05715153926587807,TaskProgress,TaskProgress,False,False,0.09649581411171178,9.02529480695241,0.0,False,False,True,False,False,True,IEV,164,48.90039055694861,24.450195278474304,2.7995607034529137,57.92568536390101,48.580196853883145,46.26335163983144,0.0,0,0,0,0,2,0,[],[],[],[],[],[],[],[],[],,,,,,,,,,
8,7,task,False,104.02771945754438,30.675502723569494,278.1751444895947,-10.0,10.0,0.0,,,,0.25,0.25,0.0,-0.0,0.0,0.0,0.0,0.0,0.19284846073412193,TaskProgress,TaskProgress,False,False,0.0,10.0,0.0,False,False,True,False,False,True,IEV,164,38.90039055694861,19.450195278474304,2.7995607034529137,57.92568536390101,48.580196853883145,46.26335163983144,0.0,0,0,0,0,2,0,[],[],[],[],[],[],[],[],[],,,,,,,,,,
9,7,task,False,104.02771945754438,30.675502723569494,268.1751444895947,-10.0,10.0,0.0,,,,0.25,0.25,0.0,-0.0,0.0,0.0,0.0,0.0,0.44284846073412193,TaskProgress,TaskProgress,False,False,0.0,10.0,0.0,False,False,True,False,False,True,IEV,164,28.900390556948608,14.450195278474304,2.7995607034529137,57.92568536390101,48.580196853883145,46.26335163983144,0.0,0,0,0,0,2,0,[],[],[],[],[],[],[],[],[],,,,,,,,,,
10,7,task,False,104.02771945754438,30.675502723569494,258.1751444895947,-10.0,10.0,0.0,,,,0.25,0.25,0.0,-0.0,0.0,0.0,0.0,0.0,0.6928484607341219,TaskProgress,TaskProgress,False,False,0.0,10.0,0.0,False,False,True,False,False,True,IEV,164,18.900390556948608,9.450195278474304,2.7995607034529137,57.92568536390101,48.580196853883145,46.26335163983144,0.0,0,0,0,0,2,0,[],[],[],[],[],[],[],[],[],,,,,,,,,,
11,7,task,False,104.02771945754438,30.675502723569494,248.1751444895947,-10.0,10.0,0.0,,,,0.25,0.25,0.0,-0.0,0.0,0.0,0.0,0.0,0.9428484607341219,TaskProgress,TaskProgress,False,False,0.0,10.0,0.0,False,False,True,False,False,True,IEV,164,8.900390556948608,4.450195278474304,2.7995607034529137,57.92568536390101,48.580196853883145,46.26335163983144,0.0,0,0,0,0,2,0,[],[],[],[],[],[],[],[],[],,,,,,,,,,
12,7,idle,True,104.02771945754438,30.675502723569494,239.2747539326461,-8.900390556948594,8.900390556948594,0.0,,,,0.22250976392371485,0.22250976392371485,0.0,-0.0,0.0,0.0,0.0,0.0,1.1653582246578367,TaskProgress,TaskProgress,False,False,0.0,8.900390556948594,0.0,False,True,False,False,False,False,,-1,0.0,0.0,2.7995607034529137,57.92568536390101,48.580196853883145,46.26335163983144,0.0,30,0,0,0,2,0,"[0.7975825071334839, 0.6557283401489258, 1.0]","[[0.6962664127349854, 0.09225903451442719, 0.9160640239715576, 0.0, 0.6926760673522949], [1.0, 0.10659893602132797, 0.9127016067504883, 0.0, 0.6912129521369934], [0.9163498878479004, 0.10761242359876633, 0.9163352847099304, 0.0, 0.7129125595092773], [0.7044805288314819, 0.1492774933576584, 0.9128021597862244, 0.0, 0.6785263419151306], [1.0, 0.15167006850242615, 0.9173933863639832, 0.0, 0.7157312035560608]]","[false, false, false, false, false]","[0.7975825071334839, 0.39785903692245483, 0.7963889241218567, 1.0, 0.6557283401489258, 1.0, 0.0]","[true, true, true]","[0.7975825071334839, 0.6557283401489258, 1.0]","[[0.6962664127349854, 0.09225903451442719, 0.9160640239715576, 0.0, 0.6926760673522949], [1.0, 0.10659893602132797, 0.9127016067504883, 0.0, 0.6912129521369934], [0.9163498878479004, 0.10761242359876633, 0.9163352847099304, 0.0, 0.7129125595092773], [0.7044805288314819, 0.1492774933576584, 0.9128021597862244, 0.0, 0.6785263419151306], [1.0, 0.15167006850242615, 0.9173933863639832, 0.0, 0.7157312035560608]]","[true, true, true, true, true]","[247, 21, 51, 16, 229]",0.7975825071334839,0.39785903692245483,0.7963889241218567,1.0,0.6557283401489258,1.0,0.0,True,True,True
13,7,idle,True,104.024041,30.677995,239.14040418584494,-0.1343497468011492,0.1343497468011492,0.4478324893371731,Serve,104.024041,30.677995,-0.013570681495065856,0.0,0.0,-0.013570681495065856,0.0,0.0,0.0,0.0,1.1517875431627709,Serve,Serve,False,False,0.13434974680115194,0.0,0.0,False,True,False,False,False,False,,-1,0.0,0.0,2.9339104502540656,57.92568536390101,48.68767665132407,46.26335163983144,0.0,35,0,0,0,2,0,"[0.7971346974372864, 0.6738331317901611, 1.0]","[[0.7044805288314819, 0.0, 0.920997142791748, 0.0, 0.6785263419151306], [1.0, 0.08696531504392624, 0.9191761016845703, 0.0, 0.6912129521369934], [0.6962664127349854, 0.08723362535238266, 0.920960545539856, 0.0, 0.694818377494812], [0.9163498878479004, 0.16121608018875122, 0.9229671359062195, 0.0, 0.7126615047454834], [1.0, 0.3271433413028717, 0.9142977595329285, 0.0, 0.6639330387115479]]","[false, false, false, false, false]","[0.7971346974372864, 0.5334577560424805, 0.7955343127250671, 1.0, 0.6738331317901611, 1.0, 0.0]","[true, true, true]","[0.7971346974372864, 0.6738331317901611, 1.0]","[[0.7044805288314819, 0.0, 0.920997142791748, 0.0, 0.6785263419151306], [1.0, 0.08696531504392624, 0.9191761016845703, 0.0, 0.6912129521369934], [0.6962664127349854, 0.08723362535238266, 0.920960545539856, 0.0, 0.694818377494812], [0.9163498878479004, 0.16121608018875122, 0.9229671359062195, 0.0, 0.7126615047454834], [1.0, 0.3271433413028717, 0.9142977595329285, 0.0, 0.6639330387115479]]","[true, true, true, true, true]","[16, 21, 247, 51, 77]",0.7971346974372864,0.5334577560424805,0.7955343127250671,1.0,0.6738331317901611,1.0,0.0,True,True,True
14,7,idle,True,104.040881,30.660984,238.39510193392462,-0.7453022519203216,0.7453022519203216,2.4843408397343683,Serve,104.040881,30.660984,-0.07528305574952632,0.0,0.0,-0.07528305574952632,0.0,0.0,0.0,0.0,1.0765044874132446,Serve,Serve,False,False,0.7453022519203104,0.0,0.0,False,True,False,False,False,False,,-1,0.0,0.0,3.679212702174376,57.92568536390101,49.28391845286032,46.26335163983144,0.0,37,0,1,0,2,0,"[0.7946503162384033, 0.667938232421875, 1.0]","[[0.6925243139266968, 0.12338713556528091, 0.9191978573799133, 0.22971880435943604, 0.7225267887115479], [1.0, 0.29729413986206055, 0.8931961059570312, 0.24220997095108032, 0.703513503074646], [0.4138734042644501, 0.32326874136924744, 0.8989567756652832, 0.2547469735145569, 0.6896523237228394], [1.0, 0.36345574259757996, 0.9035055637359619, 0.2115330547094345, 0.7406484484672546], [0.947754979133606, 0.4146730899810791, 0.8978751301765442, 0.38349756598472595, 0.6392979025840759]]","[false, false, false, false, false]","[0.7946503162384033, 0.3156360685825348, 0.7937034368515015, 1.0, 0.667938232421875, 1.0, 0.0]","[true, true, true]","[0.7946503162384033, 0.667938232421875, 1.0]","[[0.6925243139266968, 0.12338713556528091, 0.9191978573799133, 0.22971880435943604, 0.7225267887115479], [1.0, 0.29729413986206055, 0.8931961059570312, 0.24220997095108032, 0.703513503074646], [0.4138734042644501, 0.32326874136924744, 0.8989567756652832, 0.2547469735145569, 0.6896523237228394], [1.0, 0.36345574259757996, 0.9035055637359619, 0.2115330547094345, 0.7406484484672546], [0.947754979133606, 0.4146730899810791, 0.8978751301765442, 0.38349756598472595, 0.6392979025840759]]","[true, true, true, true, true]","[253, 17, 43, 1, 279]",0.7946503162384033,0.3156360685825348,0.7937034368515015,1.0,0.667938232421875,1.0,0.0,True,True,True
15,7,idle,True,104.034009,30.637501,237.58730095100134,-0.8078009829232826,0.8078009829232826,2.692669943077654,Serve,104.034009,30.637501,-0.08159605888114105,0.0,0.0,-0.08159605888114105,0.0,0.0,0.0,0.0,0.9949084285321035,Serve,Serve,False,False,0.8078009829232963,0.0,0.0,False,True,False,False,False,False,,-1,0.0,0.0,4.487013685097672,57.92568536390101,49.93015923919896,46.26335163983144,0.0,25,0,2,0,0,0,"[0.791957676410675, 0.8419832587242126, 1.0]","[[1.0, 0.10304807871580124, 0.8950658440589905, 0.358806848526001, 0.4307895302772522], [1.0, 0.30402031540870667, 0.9039373397827148, 0.4581746459007263, 0.6117119193077087], [0.6912819743156433, 0.3874190151691437, 0.9088375568389893, 0.38890770077705383, 0.4928573668003082], [1.0, 0.4084572196006775, 0.9046882390975952, 0.4177890419960022, 0.4850550889968872], [0.8816985487937927, 0.41534796357154846, 0.908818781375885, 0.43220365047454834, 0.4794875681400299]]","[false, false, false, false, false]","[0.791957676410675, 1.0, 0.0, 0.0, 0.8419832587242126, 1.0, 0.0]","[true, false, true]","[0.791957676410675, 0.8419832587242126, 1.0]","[[1.0, 0.10304807871580124, 0.8950658440589905, 0.358806848526001, 0.4307895302772522], [1.0, 0.30402031540870667, 0.9039373397827148, 0.4581746459007263, 0.6117119193077087], [0.6912819743156433, 0.3874190151691437, 0.9088375568389893, 0.38890770077705383, 0.4928573668003082], [1.0, 0.4084572196006775, 0.9046882390975952, 0.4177890419960022, 0.4850550889968872], [0.8816985487937927, 0.41534796357154846, 0.908818781375885, 0.43220365047454834, 0.4794875681400299]]","[true, true, true, true, true]","[270, 121, 98, 162, 190]",0.791957676410675,1.0,0.0,0.0,0.8419832587242126,1.0,0.0,True,False,True
16,7,idle,True,104.0141185,30.642935,236.98833326345485,-0.5989676875464909,0.5989676875464909,1.996558958488344,Serve,104.0141185,30.642935,-0.06050178662085892,0.0,0.0,-0.06050178662085892,0.0,0.0,0.0,0.0,0.9344066419112446,Serve,Serve,False,False,0.5989676875465032,0.0,0.0,False,True,False,False,False,False,,-1,0.0,0.0,5.085981372644175,57.92568536390101,50.40933338923616,46.26335163983144,0.0,20,0,0,0,1,0,"[0.7899610996246338, 0.7435430288314819, 1.0]","[[0.6868723630905151, 0.0007260728161782026, 0.8759879469871521, 0.0, 0.47115206718444824], [1.0, 0.27643629908561707, 0.8896889686584473, 0.21406230330467224, 0.4779595732688904], [1.0, 0.3755454421043396, 0.8813599944114685, 0.0, 0.48523953557014465], [0.8816985487937927, 0.4130009412765503, 0.8979805111885071, 0.23864386975765228, 0.4827580749988556], [0.4182950258255005, 0.43447303771972656, 0.8907950520515442, 0.0, 0.5111486315727234]]","[false, false, false, false, false]","[0.7899610996246338, 0.7895067930221558, 0.7875925898551941, 1.0, 0.7435430288314819, 1.0, 0.0]","[true, true, true]","[0.7899610996246338, 0.7435430288314819, 1.0]","[[0.6868723630905151, 0.0007260728161782026, 0.8759879469871521, 0.0, 0.47115206718444824], [1.0, 0.27643629908561707, 0.8896889686584473, 0.21406230330467224, 0.4779595732688904], [1.0, 0.3755454421043396, 0.8813599944114685, 0.0, 0.48523953557014465], [0.8816985487937927, 0.4130009412765503, 0.8979805111885071, 0.23864386975765228, 0.4827580749988556], [0.4182950258255005, 0.43447303771972656, 0.8907950520515442, 0.0, 0.5111486315727234]]","[true, true, true, true, true]","[64, 18, 249, 190, 243]",0.7899610996246338,0.7895067930221558,0.7875925898551941,1.0,0.7435430288314819,1.0,0.0,True,True,True
17,7,idle,True,104.003209,30.661212,236.30295577565488,-0.6853774877999683,0.6853774877999683,2.284591625999904,Serve,104.003209,30.661212,-0.06923004927272437,0.0,0.0,-0.06923004927272437,0.0,0.0,0.0,0.0,0.8651765926385202,Serve,Serve,False,False,0.6853774877999712,0.0,0.0,False,True,False,False,False,False,,-1,0.0,0.0,5.771358860444146,57.92568536390101,50.95763537947614,46.26335163983144,0.0,25,0,1,0,1,0,"[0.7876765131950378, 0.6319734454154968, 1.0]","[[0.7897976636886597, 0.14651314914226532, 0.8440799117088318, 0.0, 0.0], [0.5010024905204773, 0.3515852689743042, 0.8360555768013, 0.21380600333213806, 0.0], [0.48870301246643066, 0.3702932596206665, 0.8873468637466431, 0.37780943512916565, 0.5214416980743408], [1.0, 0.41629236936569214, 0.842294454574585, 0.0, 0.0], [1.0, 0.48652809858322144, 0.8633997440338135, 0.42066070437431335, 0.4857070744037628]]","[false, false, false, false, false]","[0.7876765131950378, 0.9502549171447754, 0.7848257422447205, 1.0, 0.6319734454154968, 1.0, 0.0]","[true, true, true]","[0.7876765131950378, 0.6319734454154968, 1.0]","[[0.7897976636886597, 0.14651314914226532, 0.8440799117088318, 0.0, 0.0], [0.5010024905204773, 0.3515852689743042, 0.8360555768013, 0.21380600333213806, 0.0], [0.48870301246643066, 0.3702932596206665, 0.8873468637466431, 0.37780943512916565, 0.5214416980743408], [1.0, 0.41629236936569214, 0.842294454574585, 0.0, 0.0], [1.0, 0.48652809858322144, 0.8633997440338135, 0.42066070437431335, 0.4857070744037628]]","[true, true, true, true, true]","[132, 108, 144, 27, 249]",0.7876765131950378,0.9502549171447754,0.7848257422447205,1.0,0.6319734454154968,1.0,0.0,True,True,True
18,7,idle,True,104.021811,30.661511,235.76908115095625,-0.5338746246986261,0.5338746246986261,1.779582082328707,Serve,104.021811,30.661511,-0.053926729767536576,0.0,0.0,-0.053926729767536576,0.0,0.0,0.0,0.0,0.8112498628709837,Serve,Serve,False,False,0.533874624698612,0.0,0.0,False,True,False,False,False,False,,-1,0.0,0.0,6.305233485142758,57.92568536390101,51.38473507923503,46.26335163983144,0.0,27,0,1,0,2,0,"[0.7858969569206238, 0.5469683408737183, 1.0]","[[1.0, 0.01905835047364235, 0.8742477893829346, 0.2709234058856964, 0.6864650845527649], [1.0, 0.33347564935684204, 0.8585267066955566, 0.23285053670406342, 0.4924750030040741], [0.12503479421138763, 0.37492576241493225, 0.9101570844650269, 0.2626587748527527, 0.768074631690979], [1.0, 0.38607221841812134, 0.8699435591697693, 0.2878364324569702, 0.4845755696296692], [1.0, 0.41708993911743164, 0.9037882089614868, 0.26371344923973083, 0.759617030620575]]","[false, false, false, false, false]","[0.7858969569206238, 0.37525272369384766, 0.784771203994751, 1.0, 0.5469683408737183, 1.0, 0.0]","[true, true, true]","[0.7858969569206238, 0.5469683408737183, 1.0]","[[1.0, 0.01905835047364235, 0.8742477893829346, 0.2709234058856964, 0.6864650845527649], [1.0, 0.33347564935684204, 0.8585267066955566, 0.23285053670406342, 0.4924750030040741], [0.12503479421138763, 0.37492576241493225, 0.9101570844650269, 0.2626587748527527, 0.768074631690979], [1.0, 0.38607221841812134, 0.8699435591697693, 0.2878364324569702, 0.4845755696296692], [1.0, 0.41708993911743164, 0.9037882089614868, 0.26371344923973083, 0.759617030620575]]","[true, true, true, true, true]","[18, 17, 103, 249, 292]",0.7858969569206238,0.37525272369384766,0.784771203994751,1.0,0.5469683408737183,1.0,0.0,True,True,True
19,7,idle,True,104.013727,30.645503,235.18686375580586,-0.5822173951503942,0.5822173951503942,1.9407246505012925,Serve,104.013727,30.645503,-0.05880983789397857,0.0,0.0,-0.05880983789397857,0.0,0.0,0.0,0.0,0.7524400249770051,Serve,Serve,False,False,0.5822173951503877,0.0,0.0,False,True,False,False,False,False,,-1,0.0,0.0,6.887450880293146,57.92568536390101,51.85050899535534,46.26335163983144,0.0,20,0,0,0,2,0,"[0.7839562296867371, 0.506449818611145, 1.0]","[[0.6868723630905151, 0.0934455543756485, 0.8340259194374084, 0.0, 0.47072210907936096], [1.0, 0.2755914032459259, 0.8580278158187866, 0.0, 0.48435115814208984], [0.5601159334182739, 0.34534752368927, 0.8756280541419983, 0.0, 0.5119330286979675], [0.6130913496017456, 0.34590116143226624, 0.8402363657951355, 0.0, 0.6143954992294312], [0.8816985487937927, 0.39541375637054443, 0.8693557381629944, 0.0, 0.4797751009464264]]","[false, false, false, false, false]","[0.7839562296867371, 0.8735558986663818, 0.7813355326652527, 1.0, 0.506449818611145, 1.0, 0.0]","[true, true, true]","[0.7839562296867371, 0.506449818611145, 1.0]","[[0.6868723630905151, 0.0934455543756485, 0.8340259194374084, 0.0, 0.47072210907936096], [1.0, 0.2755914032459259, 0.8580278158187866, 0.0, 0.48435115814208984], [0.5601159334182739, 0.34534752368927, 0.8756280541419983, 0.0, 0.5119330286979675], [0.6130913496017456, 0.34590116143226624, 0.8402363657951355, 0.0, 0.6143954992294312], [0.8816985487937927, 0.39541375637054443, 0.8693557381629944, 0.0, 0.4797751009464264]]","[true, true, true, true, true]","[64, 249, 79, 217, 190]",0.7839562296867371,0.8735558986663818,0.7813355326652527,1.0,0.506449818611145,1.0,0.0,True,True,True
20,7,idle,True,104.003283,30.665569,234.4534592924013,-0.733404463404554,0.733404463404554,2.4446815446818904,Serve,104.003283,30.665569,-0.07408125892975426,0.0,0.0,-0.07408125892975426,0.0,0.0,0.0,0.0,0.6783587660472509,Serve,Serve,False,False,0.7334044634045671,0.0,0.0,False,True,False,False,False,False,,-1,0.0,0.0,7.620855343697714,57.92568536390101,52.437232566079,46.26335163983144,0.0,18,0,0,0,1,0,"[0.7815115451812744, 0.6479867100715637, 1.0]","[[1.0, 0.3123915493488312, 0.8557248115539551, 0.0, 0.5098769068717957], [1.0, 0.3731321096420288, 0.8514360785484314, 0.0, 0.0], [0.9232249855995178, 0.47753259539604187, 0.8548830151557922, 0.0, 0.0], [1.0, 0.5089683532714844, 0.8297608494758606, 0.0, 0.0], [0.5010024905204773, 0.51228928565979, 0.8068743348121643, 0.0, 0.0]]","[false, false, false, false, false]","[0.7815115451812744, 0.9337695837020874, 0.7787102460861206, 1.0, 0.6479867100715637, 1.0, 0.0]","[true, true, true]","[0.7815115451812744, 0.6479867100715637, 1.0]","[[1.0, 0.3123915493488312, 0.8557248115539551, 0.0, 0.5098769068717957], [1.0, 0.3731321096420288, 0.8514360785484314, 0.0, 0.0], [0.9232249855995178, 0.47753259539604187, 0.8548830151557922, 0.0, 0.0], [1.0, 0.5089683532714844, 0.8297608494758606, 0.0, 0.0], [0.5010024905204773, 0.51228928565979, 0.8068743348121643, 0.0, 0.0]]","[true, true, true, true, true]","[68, 222, 128, 17, 108]",0.7815115451812744,0.9337695837020874,0.7787102460861206,1.0,0.6479867100715637,1.0,0.0,True,True,True
21,7,idle,True,104.015331,30.652487,233.89671332506626,-0.556745967335047,0.556745967335047,1.8558198911168495,Serve,104.015331,30.652487,-0.056236966397480305,0.0,0.0,-0.056236966397480305,0.0,0.0,0.0,0.0,0.6221217996497705,Serve,Serve,False,False,0.5567459673350549,0.0,0.0,False,True,False,False,False,False,,-1,0.0,0.0,8.177601311032769,57.92568536390101,52.88262933994704,46.26335163983144,0.0,22,0,0,0,1,0,"[0.7796556949615479, 0.7523521184921265, 1.0]","[[1.0, 0.010303542949259281, 0.8583436608314514, 0.0, 0.4845874011516571], [0.6868723630905151, 0.35549497604370117, 0.8492094874382019, 0.0, 0.47110334038734436], [0.5010024905204773, 0.4346577525138855, 0.8430602550506592, 0.0, 0.0], [0.6912819743156433, 0.48207464814186096, 0.8587444424629211, 0.0, 0.49240899085998535], [1.0, 0.50862717628479, 0.8703548312187195, 0.0, 0.5316818356513977]]","[false, false, false, false, false]","[0.7796556949615479, 0.7340735197067261, 0.7774534821510315, 1.0, 0.7523521184921265, 1.0, 0.0]","[true, true, true]","[0.7796556949615479, 0.7523521184921265, 1.0]","[[1.0, 0.010303542949259281, 0.8583436608314514, 0.0, 0.4845874011516571], [0.6868723630905151, 0.35549497604370117, 0.8492094874382019, 0.0, 0.47110334038734436], [0.5010024905204773, 0.4346577525138855, 0.8430602550506592, 0.0, 0.0], [0.6912819743156433, 0.48207464814186096, 0.8587444424629211, 0.0, 0.49240899085998535], [1.0, 0.50862717628479, 0.8703548312187195, 0.0, 0.5316818356513977]]","[true, true, true, true, true]","[249, 64, 108, 98, 145]",0.7796556949615479,0.7340735197067261,0.7774534821510315,1.0,0.7523521184921265,1.0,0.0,True,True,True
22,7,idle,True,104.020674,30.632717,233.21962284191326,-0.6770904831529947,0.6770904831529947,2.256968277176671,Serve,104.020674,30.632717,-0.06839297809626277,0.0,0.0,-0.06839297809626277,0.0,0.0,0.0,0.0,0.5537288215535078,Serve,Serve,False,False,0.6770904831530012,0.0,0.0,False,True,False,False,False,False,,-1,0.0,0.0,8.85469179418577,57.92568536390101,53.42430172646944,46.26335163983144,0.0,22,0,0,0,1,0,"[0.7773987650871277, 0.69092857837677, 1.0]","[[0.4182950258255005, 0.0018602167256176472, 0.870572566986084, 0.0, 0.5104969143867493], [1.0, 0.06493347883224487, 0.8597124218940735, 0.0, 0.5032313466072083], [0.9024434685707092, 0.31309524178504944, 0.8583346009254456, 0.21146368980407715, 0.45034781098365784], [0.9522392749786377, 0.35761070251464844, 0.833655059337616, 0.23566779494285583, 0.49990034103393555], [0.6868723630905151, 0.4326510429382324, 0.8780506253242493, 0.0, 0.4715571105480194]]","[false, false, false, false, false]","[0.7773987650871277, 0.6241425275802612, 0.7755263447761536, 1.0, 0.69092857837677, 1.0, 0.0]","[true, true, true]","[0.7773987650871277, 0.69092857837677, 1.0]","[[0.4182950258255005, 0.0018602167256176472, 0.870572566986084, 0.0, 0.5104969143867493], [1.0, 0.06493347883224487, 0.8597124218940735, 0.0, 0.5032313466072083], [0.9024434685707092, 0.31309524178504944, 0.8583346009254456, 0.21146368980407715, 0.45034781098365784], [0.9522392749786377, 0.35761070251464844, 0.833655059337616, 0.23566779494285583, 0.49990034103393555], [0.6868723630905151, 0.4326510429382324, 0.8780506253242493, 0.0, 0.4715571105480194]]","[true, true, true, true, true]","[243, 297, 125, 285, 64]",0.7773987650871277,0.6241425275802612,0.7755263447761536,1.0,0.69092857837677,1.0,0.0,True,True,True
23,7,idle,True,103.992511,30.635691,232.40519798472388,-0.8144248571893797,0.8144248571893797,2.714749523964566,Serve,103.992511,30.635691,-0.08226513708983534,0.0,0.0,-0.08226513708983534,0.0,0.0,0.0,0.0,0.47146368446367243,Serve,Serve,False,False,0.8144248571893697,0.0,0.0,False,True,False,False,False,False,,-1,0.0,0.0,9.66911665137514,57.92568536390101,54.075841612220934,46.26335163983144,0.0,11,0,0,0,1,0,"[0.7746840119361877, 0.5513394474983215, 1.0]","[[1.0, 0.005500211380422115, 0.7561094164848328, 0.0, 0.5179112553596497], [0.7897976636886597, 0.18784791231155396, 0.7589728832244873, 0.0, 0.4853518307209015], [1.0, 0.3831666111946106, 0.8473063111305237, 0.0, 0.4905455708503723], [1.0, 0.4647503197193146, 0.7809680700302124, 0.0, 0.6815740466117859], [1.0, 0.4793030023574829, 0.8152815699577332, 0.0, 0.0]]","[false, false, false, false, false]","[0.7746840119361877, 0.5950048565864563, 0.7728989720344543, 1.0, 0.5513394474983215, 1.0, 0.0]","[true, true, true]","[0.7746840119361877, 0.5513394474983215, 1.0]","[[1.0, 0.005500211380422115, 0.7561094164848328, 0.0, 0.5179112553596497], [0.7897976636886597, 0.18784791231155396, 0.7589728832244873, 0.0, 0.4853518307209015], [1.0, 0.3831666111946106, 0.8473063111305237, 0.0, 0.4905455708503723], [1.0, 0.4647503197193146, 0.7809680700302124, 0.0, 0.6815740466117859], [1.0, 0.4793030023574829, 0.8152815699577332, 0.0, 0.0]]","[true, true, true, true, true]","[121, 132, 29, 238, 68]",0.7746840119361877,0.5950048565864563,0.7728989720344543,1.0,0.5513394474983215,1.0,0.0,True,True,True
24,7,idle,True,103.986622,30.635589,232.23613486172079,-0.16906312300309878,0.16906312300309878,0.5635437433436646,Serve,103.986622,30.635589,-0.017077083131626203,0.0,0.0,-0.017077083131626203,0.0,0.0,0.0,0.0,0.4543866013320462,Serve,Serve,False,False,0.1690631230030994,0.0,0.0,False,True,False,False,False,False,,-1,0.0,0.0,9.838179774378238,57.92568536390101,54.21109211062341,46.26335163983144,0.0,13,0,0,0,1,0,"[0.7741204500198364, 0.6191216111183167, 1.0]","[[0.7897976636886597, 0.002712532877922058, 0.8243650197982788, 0.0, 0.4852709174156189], [1.0, 0.18615597486495972, 0.8373147249221802, 0.0, 0.5167578458786011], [0.9615325331687927, 0.23339980840682983, 0.8423752784729004, 0.0, 0.48111820220947266], [1.0, 0.43138909339904785, 0.7786841988563538, 0.0, 0.53128582239151], [1.0, 0.4959256649017334, 0.7968397736549377, 0.0, 0.0]]","[false, false, false, false, false]","[0.7741204500198364, 0.7270277738571167, 0.7719393372535706, 1.0, 0.6191216111183167, 1.0, 0.0]","[true, true, true]","[0.7741204500198364, 0.6191216111183167, 1.0]","[[0.7897976636886597, 0.002712532877922058, 0.8243650197982788, 0.0, 0.4852709174156189], [1.0, 0.18615597486495972, 0.8373147249221802, 0.0, 0.5167578458786011], [0.9615325331687927, 0.23339980840682983, 0.8423752784729004, 0.0, 0.48111820220947266], [1.0, 0.43138909339904785, 0.7786841988563538, 0.0, 0.53128582239151], [1.0, 0.4959256649017334, 0.7968397736549377, 0.0, 0.0]]","[true, true, true, true, true]","[132, 121, 175, 138, 68]",0.7741204500198364,0.7270277738571167,0.7719393372535706,1.0,0.6191216111183167,1.0,0.0,True,True,True
25,7,idle,True,104.014139,30.642857,231.40998168888373,-0.8261531728370528,0.8261531728370528,2.7538439094568696,Serve,104.014139,30.642857,-0.08344981543808698,0.0,0.0,-0.08344981543808698,0.0,0.0,0.0,0.0,0.37093678589395923,Serve,Serve,False,False,0.8261531728370609,0.0,0.0,False,True,False,False,False,False,,-1,0.0,0.0,10.6643329472153,57.92568536390101,54.872014648893064,46.26335163983144,0.0,28,0,0,0,1,0,"[0.7713665962219238, 0.8112759590148926, 1.0]","[[0.6868723630905151, 0.0023066645953804255, 0.9066162109375, 0.0, 0.4719991683959961], [1.0, 0.23096123337745667, 0.8992041349411011, 0.0, 0.5183332562446594], [1.0, 0.3272433876991272, 0.9076165556907654, 0.20336763560771942, 0.4856765866279602], [1.0, 0.37413838505744934, 0.8901861310005188, 0.23967377841472626, 0.4852145314216614], [0.3842298984527588, 0.4033501446247101, 0.9208374619483948, 0.0, 0.4672295153141022]]","[false, false, false, false, false]","[0.7713665962219238, 0.7871047258377075, 0.769005298614502, 1.0, 0.8112759590148926, 1.0, 0.0]","[true, true, true]","[0.7713665962219238, 0.8112759590148926, 1.0]","[[0.6868723630905151, 0.0023066645953804255, 0.9066162109375, 0.0, 0.4719991683959961], [1.0, 0.23096123337745667, 0.8992041349411011, 0.0, 0.5183332562446594], [1.0, 0.3272433876991272, 0.9076165556907654, 0.20336763560771942, 0.4856765866279602], [1.0, 0.37413838505744934, 0.8901861310005188, 0.23967377841472626, 0.4852145314216614], [0.3842298984527588, 0.4033501446247101, 0.9208374619483948, 0.0, 0.4672295153141022]]","[true, true, true, true, true]","[64, 138, 10, 249, 40]",0.7713665962219238,0.7871047258377075,0.769005298614502,1.0,0.8112759590148926,1.0,0.0,True,True,True
26,7,idle,True,104.006723,30.651832,231.04264921072271,-0.36733247816101766,0.36733247816101766,1.2244415938701032,Serve,104.006723,30.651832,-0.03710429072333646,0.0,0.0,-0.03710429072333646,0.0,0.0,0.0,0.0,0.33383249517062275,Serve,Serve,False,False,0.36733247816103093,0.0,0.0,False,True,False,False,False,False,,-1,0.0,0.0,11.03166542537633,57.92568536390101,55.165880631421885,46.26335163983144,0.0,24,0,1,0,1,0,"[0.770142138004303, 0.7559412121772766, 1.0]","[[0.5010024905204773, 0.15946495532989502, 0.8664509654045105, 0.5, 0.0], [0.09547838568687439, 0.2510639727115631, 0.8695325255393982, 0.36292266845703125, 0.4391134977340698], [1.0, 0.2676546275615692, 0.9113100171089172, 0.3049885332584381, 0.48385316133499146], [0.6868723630905151, 0.3764283061027527, 0.9127655029296875, 0.28880253434181213, 0.46684759855270386], [1.0, 0.4328813850879669, 0.920577347278595, 0.26963886618614197, 0.6178979277610779]]","[false, false, false, false, false]","[0.770142138004303, 0.9696091413497925, 0.7672333121299744, 1.0, 0.7559412121772766, 1.0, 0.0]","[true, true, true]","[0.770142138004303, 0.7559412121772766, 1.0]","[[0.5010024905204773, 0.15946495532989502, 0.8664509654045105, 0.5, 0.0], [0.09547838568687439, 0.2510639727115631, 0.8695325255393982, 0.36292266845703125, 0.4391134977340698], [1.0, 0.2676546275615692, 0.9113100171089172, 0.3049885332584381, 0.48385316133499146], [0.6868723630905151, 0.3764283061027527, 0.9127655029296875, 0.28880253434181213, 0.46684759855270386], [1.0, 0.4328813850879669, 0.920577347278595, 0.26963886618614197, 0.6178979277610779]]","[true, true, true, true, true]","[108, 257, 249, 64, 68]",0.770142138004303,0.9696091413497925,0.7672333121299744,1.0,0.7559412121772766,1.0,0.0,True,True,True
27,7,idle,True,104.015041,30.652802,230.80176004595606,-0.24088916476665645,0.24088916476665645,0.8029638825555192,Serve,104.015041,30.652802,-0.024332238865318767,0.0,0.0,-0.024332238865318767,0.0,0.0,0.0,0.0,0.309500256305304,Serve,Serve,False,False,0.24088916476665576,0.0,0.0,False,True,False,False,False,False,,-1,0.0,0.0,11.272554590142986,57.92568536390101,55.35859196323521,46.26335163983144,0.0,34,0,1,0,1,0,"[0.7693392038345337, 0.7944469451904297, 1.0]","[[1.0, 0.0070848953910171986, 0.9179954528808594, 0.20270797610282898, 0.4851614832878113], [1.0, 0.21427956223487854, 0.9266348481178284, 0.0, 0.5162973403930664], [0.9154110550880432, 0.24769937992095947, 0.9319595098495483, 0.0, 0.5136275887489319], [0.6868723630905151, 0.3726577162742615, 0.9290933012962341, 0.0, 0.4861416518688202], [1.0, 0.42114704847335815, 0.9286901354789734, 0.21310634911060333, 0.6335378289222717]]","[false, false, false, false, false]","[0.7693392038345337, 0.7334094643592834, 0.7671389579772949, 1.0, 0.7944469451904297, 1.0, 0.0]","[true, true, true]","[0.7693392038345337, 0.7944469451904297, 1.0]","[[1.0, 0.0070848953910171986, 0.9179954528808594, 0.20270797610282898, 0.4851614832878113], [1.0, 0.21427956223487854, 0.9266348481178284, 0.0, 0.5162973403930664], [0.9154110550880432, 0.24769937992095947, 0.9319595098495483, 0.0, 0.5136275887489319], [0.6868723630905151, 0.3726577162742615, 0.9290933012962341, 0.0, 0.4861416518688202], [1.0, 0.42114704847335815, 0.9286901354789734, 0.21310634911060333, 0.6335378289222717]]","[true, true, true, true, true]","[249, 180, 172, 64, 267]",0.7693392038345337,0.7334094643592834,0.7671389579772949,1.0,0.7944469451904297,1.0,0.0,True,True,True
28,7,idle,True,104.033533,30.637205,230.05854934086878,-0.7432107050872787,0.7432107050872787,2.47736901695764,Serve,104.033533,30.637205,-0.07507178839265577,0.0,0.0,-0.07507178839265577,0.0,0.0,0.0,0.0,0.2344284679126482,Serve,Serve,False,False,0.743210705087292,0.0,0.0,False,True,False,False,False,False,,-1,0.0,0.0,12.015765295230278,57.92568536390101,55.953160527305045,46.26335163983144,0.0,29,0,0,1,0,0,"[0.7668618559837341, 1.0, 1.0]","[[0.6868723630905151, 0.15990163385868073, 0.918862521648407, 0.0, 0.0], [0.9024434685707092, 0.19076436758041382, 0.9302629828453064, 0.0, 0.4509357810020447], [0.8408258557319641, 0.1961020529270172, 0.9370772838592529, 0.0, 0.44419384002685547], [1.0, 0.2008090764284134, 0.9358728528022766, 0.0, 0.449201375246048], [1.0, 0.2818450927734375, 0.9270685911178589, 0.0, 0.0]]","[false, false, false, false, false]","[0.7668618559837341, 1.0, 0.0, 0.0, 1.0, 1.0, 0.0]","[true, false, true]","[0.7668618559837341, 1.0, 1.0]","[[0.6868723630905151, 0.15990163385868073, 0.918862521648407, 0.0, 0.0], [0.9024434685707092, 0.19076436758041382, 0.9302629828453064, 0.0, 0.4509357810020447], [0.8408258557319641, 0.1961020529270172, 0.9370772838592529, 0.0, 0.44419384002685547], [1.0, 0.2008090764284134, 0.9358728528022766, 0.0, 0.449201375246048], [1.0, 0.2818450927734375, 0.9270685911178589, 0.0, 0.0]]","[true, true, true, true, true]","[64, 125, 207, 17, 68]",0.7668618559837341,1.0,0.0,0.0,1.0,1.0,0.0,True,False,True
29,7,idle,True,104.035868,30.617531,229.39884090977398,-0.6597084310947992,0.6597084310947992,2.1990281036493182,Serve,104.035868,30.617531,-0.06663721526210056,0.0,0.0,-0.06663721526210056,0.0,0.0,0.0,0.0,0.16779125265054765,Serve,Serve,False,False,0.6597084310947955,0.0,0.0,False,True,False,False,False,False,,-1,0.0,0.0,12.675473726325073,57.92568536390101,56.48092727218088,46.26335163983144,0.0,16,0,1,1,0,0,"[0.7646628022193909, 0.8405976295471191, 1.0]","[[0.19567745923995972, 0.00033358478685840964, 0.8354352116584778, 0.22907789051532745, 0.0], [1.0, 0.2036709040403366, 0.8506307601928711, 0.21807560324668884, 0.45072516798973083], [1.0, 0.4417235553264618, 0.7270909547805786, 0.29050391912460327, 0.43879610300064087], [0.6229559183120728, 0.47519350051879883, 0.7732604146003723, 0.3391231894493103, 0.45808839797973633], [1.0, 0.5056654810905457, 0.9108337759971619, 0.0, 0.0]]","[false, false, false, false, false]","[0.7646628022193909, 1.0, 0.0, 0.0, 0.8405976295471191, 1.0, 0.0]","[true, false, true]","[0.7646628022193909, 0.8405976295471191, 1.0]","[[0.19567745923995972, 0.00033358478685840964, 0.8354352116584778, 0.22907789051532745, 0.0], [1.0, 0.2036709040403366, 0.8506307601928711, 0.21807560324668884, 0.45072516798973083], [1.0, 0.4417235553264618, 0.7270909547805786, 0.29050391912460327, 0.43879610300064087], [0.6229559183120728, 0.47519350051879883, 0.7732604146003723, 0.3391231894493103, 0.45808839797973633], [1.0, 0.5056654810905457, 0.9108337759971619, 0.0, 0.0]]","[true, true, true, true, true]","[206, 162, 193, 37, 244]",0.7646628022193909,1.0,0.0,0.0,0.8405976295471191,1.0,0.0,True,False,True
30,7,idle,True,104.024635,30.62825,228.91734871441543,-0.48149219535855536,0.48149219535855536,1.6049739845285236,Serve,104.024635,30.62825,-0.04863557528874315,0.0,0.0,-0.04863557528874315,0.0,0.0,0.0,0.0,0.11915567736180449,Serve,Serve,False,False,0.48149219535855703,0.0,0.0,False,True,False,False,False,False,,-1,0.0,0.0,13.15696592168363,57.92568536390101,56.866121028467724,46.26335163983144,0.0,22,0,1,1,1,0,"[0.7630578279495239, 0.6999843120574951, 1.0]","[[0.4182950258255005, 0.2077466994524002, 0.8828151822090149, 0.0, 0.5112812519073486], [1.0, 0.27514174580574036, 0.8652868866920471, 0.23436330258846283, 0.4497342109680176], [0.3056968152523041, 0.33812862634658813, 0.9130427837371826, 0.0, 0.4350775182247162], [0.9522392749786377, 0.3511486053466797, 0.9032880663871765, 0.0, 0.0], [1.0, 0.367570161819458, 0.9053208231925964, 0.0, 0.0]]","[false, false, false, false, false]","[0.7630578279495239, 0.6699039340019226, 0.7610481381416321, 1.0, 0.6999843120574951, 1.0, 0.0]","[true, true, true]","[0.7630578279495239, 0.6999843120574951, 1.0]","[[0.4182950258255005, 0.2077466994524002, 0.8828151822090149, 0.0, 0.5112812519073486], [1.0, 0.27514174580574036, 0.8652868866920471, 0.23436330258846283, 0.4497342109680176], [0.3056968152523041, 0.33812862634658813, 0.9130427837371826, 0.0, 0.4350775182247162], [0.9522392749786377, 0.3511486053466797, 0.9032880663871765, 0.0, 0.0], [1.0, 0.367570161819458, 0.9053208231925964, 0.0, 0.0]]","[true, true, true, true, true]","[243, 267, 36, 285, 244]",0.7630578279495239,0.6699039340019226,0.7610481381416321,1.0,0.6999843120574951,1.0,0.0,True,True,True
31,7,idle,True,104.038983,30.613386,228.27274964478642,-0.6445990696290096,0.6445990696290096,2.148663565430029,Serve,104.038983,30.613386,-0.0651110171342433,0.0,0.0,-0.0651110171342433,0.0,0.0,0.0,0.0,0.054044660227561186,Serve,Serve,False,False,0.6445990696290087,0.0,0.0,False,True,False,False,False,False,,-1,0.0,0.0,13.801564991312638,57.92568536390101,57.38180028417093,46.26335163983144,0.0,16,0,1,1,1,0,"[0.7609091401100159, 0.6659463047981262, 1.0]","[[0.19567745923995972, 0.18174146115779877, 0.8490861058235168, 0.26693129539489746, 0.0], [0.9522392749786377, 0.2960687577724457, 0.8682602643966675, 0.2955954074859619, 0.4118562638759613], [0.6229559183120728, 0.33099257946014404, 0.7416803240776062, 0.21006764471530914, 0.35988205671310425], [1.0, 0.38721176981925964, 0.8575654625892639, 0.28610357642173767, 0.43853265047073364], [0.48870301246643066, 0.4013553857803345, 0.7844525575637817, 0.2079266607761383, 0.4665331542491913]]","[false, false, false, false, false]","[0.7609091401100159, 0.8560664057731628, 0.7583409547805786, 0.6666666865348816, 0.6659463047981262, 1.0, 0.0]","[true, true, true]","[0.7609091401100159, 0.6659463047981262, 1.0]","[[0.19567745923995972, 0.18174146115779877, 0.8490861058235168, 0.26693129539489746, 0.0], [0.9522392749786377, 0.2960687577724457, 0.8682602643966675, 0.2955954074859619, 0.4118562638759613], [0.6229559183120728, 0.33099257946014404, 0.7416803240776062, 0.21006764471530914, 0.35988205671310425], [1.0, 0.38721176981925964, 0.8575654625892639, 0.28610357642173767, 0.43853265047073364], [0.48870301246643066, 0.4013553857803345, 0.7844525575637817, 0.2079266607761383, 0.4665331542491913]]","[true, true, true, true, true]","[206, 285, 37, 267, 144]",0.7609091401100159,0.8560664057731628,0.7583409547805786,0.6666666865348816,0.6659463047981262,1.0,0.0,True,True,True
32,7,idle,True,104.046885,30.636942,227.45487307261192,-0.817876572174498,0.817876572174498,2.726255240581687,Serve,104.046885,30.636942,-0.08261379516914205,0.0,0.0,-0.08261379516914205,0.0,0.0,0.0,0.0,-0.028569134941580865,Serve,Serve,False,False,0.8178765721745062,0.0,0.0,False,True,False,False,False,False,,-1,0.0,0.0,14.619441563487145,57.92568536390101,58.03610154191053,46.26335163983144,0.0,31,0,3,1,0,0,"[0.7581828832626343, 0.7619845271110535, 1.0]","[[1.0, 0.09484688937664032, 0.8904285430908203, 0.47419047355651855, 0.0], [0.9674603939056396, 0.12007004767656326, 0.8919706344604492, 0.3833107650279999, 0.0], [1.0, 0.21298980712890625, 0.9092869162559509, 0.4065259099006653, 0.0], [0.727232813835144, 0.24517327547073364, 0.8966615200042725, 0.49141114950180054, 0.0], [0.5601159334182739, 0.2981387674808502, 0.893288254737854, 0.3769257068634033, 0.0]]","[false, false, false, false, false]","[0.7581828832626343, 1.0, 0.0, 0.0, 0.7619845271110535, 1.0, 0.0]","[true, false, true]","[0.7581828832626343, 0.7619845271110535, 1.0]","[[1.0, 0.09484688937664032, 0.8904285430908203, 0.47419047355651855, 0.0], [0.9674603939056396, 0.12007004767656326, 0.8919706344604492, 0.3833107650279999, 0.0], [1.0, 0.21298980712890625, 0.9092869162559509, 0.4065259099006653, 0.0], [0.727232813835144, 0.24517327547073364, 0.8966615200042725, 0.49141114950180054, 0.0], [0.5601159334182739, 0.2981387674808502, 0.893288254737854, 0.3769257068634033, 0.0]]","[true, true, true, true, true]","[180, 194, 266, 233, 79]",0.7581828832626343,1.0,0.0,0.0,0.7619845271110535,1.0,0.0,True,False,True
33,7,idle,True,104.046318,30.63443,227.36951087036414,-0.08536220224777935,0.08536220224777935,0.2845406741592201,Serve,104.046318,30.63443,-0.008622444671491519,0.0,0.0,-0.008622444671491519,0.0,0.0,0.0,0.0,-0.03719157961307239,Serve,Serve,False,False,0.08536220224776601,0.0,0.0,False,True,False,False,False,False,,-1,0.0,0.0,14.70480376573491,57.92568536390101,58.104391303708745,46.26335163983144,0.0,38,0,2,0,0,0,"[0.7578983902931213, 0.8634473085403442, 1.0]","[[0.5601159334182739, 0.056062567979097366, 0.915903627872467, 0.46121469140052795, 0.0], [0.966292679309845, 0.13448630273342133, 0.91182941198349, 0.4160670340061188, 0.0], [1.0, 0.15885014832019806, 0.9167601466178894, 0.49236610531806946, 0.0], [1.0, 0.1633048951625824, 0.9181318283081055, 0.48725080490112305, 0.0], [1.0, 0.3195314407348633, 0.9106552600860596, 0.46109968423843384, 0.0]]","[false, false, false, false, false]","[0.7578983902931213, 1.0, 0.0, 0.0, 0.8634473085403442, 1.0, 0.0]","[true, false, true]","[0.7578983902931213, 0.8634473085403442, 1.0]","[[0.5601159334182739, 0.056062567979097366, 0.915903627872467, 0.46121469140052795, 0.0], [0.966292679309845, 0.13448630273342133, 0.91182941198349, 0.4160670340061188, 0.0], [1.0, 0.15885014832019806, 0.9167601466178894, 0.49236610531806946, 0.0], [1.0, 0.1633048951625824, 0.9181318283081055, 0.48725080490112305, 0.0], [1.0, 0.3195314407348633, 0.9106552600860596, 0.46109968423843384, 0.0]]","[true, true, true, true, true]","[79, 269, 47, 1, 267]",0.7578983902931213,1.0,0.0,0.0,0.8634473085403442,1.0,0.0,True,False,True
34,7,idle,True,104.047234,30.651755,226.79097761409147,-0.5785332562726637,0.5785332562726637,1.9284441875755847,Serve,104.047234,30.651755,-0.0584377026538056,0.0,0.0,-0.0584377026538056,0.0,0.0,0.0,0.0,-0.09562928226687799,Serve,Serve,False,False,0.5785332562726754,0.0,0.0,False,True,False,False,False,False,,-1,0.0,0.0,15.283337022007586,57.92568536390101,58.56721790872689,46.26335163983144,0.0,49,0,1,0,2,0,"[0.7559699416160583, 0.7757225632667542, 1.0]","[[0.3991643786430359, 0.19835011661052704, 0.9229258894920349, 0.0, 0.6142104268074036], [1.0, 0.2983286678791046, 0.9162030220031738, 0.0, 0.6175976395606995], [1.0, 0.3153970539569855, 0.9189293384552002, 0.0, 0.6591408848762512], [0.16421334445476532, 0.32335013151168823, 0.9130163788795471, 0.0, 0.600604772567749], [0.7044805288314819, 0.3855758011341095, 0.9187318682670593, 0.0, 0.34781208634376526]]","[false, false, false, false, false]","[0.7559699416160583, 0.6945456266403198, 0.7538862824440002, 0.8333333134651184, 0.7757225632667542, 1.0, 0.0]","[true, true, true]","[0.7559699416160583, 0.7757225632667542, 1.0]","[[0.3991643786430359, 0.19835011661052704, 0.9229258894920349, 0.0, 0.6142104268074036], [1.0, 0.2983286678791046, 0.9162030220031738, 0.0, 0.6175976395606995], [1.0, 0.3153970539569855, 0.9189293384552002, 0.0, 0.6591408848762512], [0.16421334445476532, 0.32335013151168823, 0.9130163788795471, 0.0, 0.600604772567749], [0.7044805288314819, 0.3855758011341095, 0.9187318682670593, 0.0, 0.34781208634376526]]","[true, true, true, true, true]","[61, 5, 53, 256, 16]",0.7559699416160583,0.6945456266403198,0.7538862824440002,0.8333333134651184,0.7757225632667542,1.0,0.0,True,True,True
35,7,idle,True,104.041525,30.658704,226.5071202563218,-0.28385735776967636,0.28385735776967636,0.9461911925655634,Serve,104.041525,30.658704,-0.02867246038077465,0.0,0.0,-0.02867246038077465,0.0,0.0,0.0,0.0,-0.12430174264765265,Serve,Serve,False,False,0.283857357769669,0.0,0.0,False,True,False,False,False,False,,-1,0.0,0.0,15.567194379777256,57.92568536390101,58.79430379494262,46.26335163983144,0.0,39,0,1,2,2,0,"[0.755023717880249, 0.7462258338928223, 1.0]","[[0.3991643786430359, 0.031926270574331284, 0.9192972183227539, 0.3502051830291748, 0.6661661267280579], [0.2082584649324417, 0.14857710897922516, 0.9178362488746643, 0.3614613711833954, 0.6914299726486206], [1.0, 0.2684267461299896, 0.9303553104400635, 0.2813193202018738, 0.6577150225639343], [0.4138734042644501, 0.32430335879325867, 0.9367794990539551, 0.2681981921195984, 0.6514793634414673], [1.0, 0.38347089290618896, 0.9106339812278748, 0.3946629464626312, 0.3936057686805725]]","[false, false, false, false, false]","[0.755023717880249, 0.3834969401359558, 0.7538732290267944, 0.8333333134651184, 0.7462258338928223, 1.0, 0.0]","[true, true, true]","[0.755023717880249, 0.7462258338928223, 1.0]","[[0.3991643786430359, 0.031926270574331284, 0.9192972183227539, 0.3502051830291748, 0.6661661267280579], [0.2082584649324417, 0.14857710897922516, 0.9178362488746643, 0.3614613711833954, 0.6914299726486206], [1.0, 0.2684267461299896, 0.9303553104400635, 0.2813193202018738, 0.6577150225639343], [0.4138734042644501, 0.32430335879325867, 0.9367794990539551, 0.2681981921195984, 0.6514793634414673], [1.0, 0.38347089290618896, 0.9106339812278748, 0.3946629464626312, 0.3936057686805725]]","[true, true, true, true, true]","[61, 33, 32, 43, 267]",0.755023717880249,0.3834969401359558,0.7538732290267944,0.8333333134651184,0.7462258338928223,1.0,0.0,True,True,True
36,7,idle,True,104.042746,30.6783,225.8524893988977,-0.6546308574241095,0.6546308574241095,2.1821028580803894,Serve,104.042746,30.6783,-0.06612432903273907,0.0,0.0,-0.06612432903273907,0.0,0.0,0.0,0.0,-0.19042607168039172,Serve,Serve,False,False,0.6546308574241168,0.0,0.0,False,True,False,False,False,False,,-1,0.0,0.0,16.221825237201372,57.92568536390101,59.318008480881915,46.26335163983144,0.0,31,0,0,3,2,0,"[0.7528416514396667, 0.6944926381111145, 1.0]","[[0.1094910278916359, 0.2505519688129425, 0.8646939396858215, 0.0, 0.6852437853813171], [0.5430012345314026, 0.3099137842655182, 0.8871439099311829, 0.0, 0.6620387434959412], [0.2082584649324417, 0.34732210636138916, 0.910677969455719, 0.0, 0.719146728515625], [1.0, 0.39834731817245483, 0.9056966304779053, 0.0, 0.6783869862556458], [0.9806929230690002, 0.4016183614730835, 0.9104807376861572, 0.0, 0.6951929330825806]]","[false, false, false, false, false]","[0.7528416514396667, 0.13803455233573914, 0.7524275183677673, 0.8333333134651184, 0.6944926381111145, 1.0, 0.0]","[true, true, true]","[0.7528416514396667, 0.6944926381111145, 1.0]","[[0.1094910278916359, 0.2505519688129425, 0.8646939396858215, 0.0, 0.6852437853813171], [0.5430012345314026, 0.3099137842655182, 0.8871439099311829, 0.0, 0.6620387434959412], [0.2082584649324417, 0.34732210636138916, 0.910677969455719, 0.0, 0.719146728515625], [1.0, 0.39834731817245483, 0.9056966304779053, 0.0, 0.6783869862556458], [0.9806929230690002, 0.4016183614730835, 0.9104807376861572, 0.0, 0.6951929330825806]]","[true, true, true, true, true]","[84, 251, 33, 236, 205]",0.7528416514396667,0.13803455233573914,0.7524275183677673,0.8333333134651184,0.6944926381111145,1.0,0.0,True,True,True
37,7,idle,True,104.054143,30.673682,225.49103288260727,-0.3614565162904171,0.3614565162904171,1.2048550543013883,Serve,104.054143,30.673682,-0.03651075922125419,0.0,0.0,-0.03651075922125419,0.0,0.0,0.0,0.0,-0.2269368309016459,Serve,Serve,False,False,0.3614565162904165,0.0,0.0,False,True,False,False,False,False,,-1,0.0,0.0,16.58328175349179,57.92568536390101,59.60717369391425,46.26335163983144,0.0,44,0,0,2,2,0,"[0.751636803150177, 0.7675884366035461, 1.0]","[[0.9806929230690002, 0.0, 0.9209668040275574, 0.0, 0.6951929330825806], [0.7044805288314819, 0.20780305564403534, 0.9308104515075684, 0.0, 0.6572245955467224], [1.0, 0.2557101547718048, 0.9355669617652893, 0.0, 0.5463087558746338], [0.6338737607002258, 0.2792905569076538, 0.9380917549133301, 0.0, 0.5377786159515381], [0.25251147150993347, 0.3230624198913574, 0.9079307317733765, 0.0, 0.7261343598365784]]","[false, false, false, false, false]","[0.751636803150177, 0.26714572310447693, 0.7508353590965271, 0.8333333134651184, 0.7675884366035461, 1.0, 0.0]","[true, true, true]","[0.751636803150177, 0.7675884366035461, 1.0]","[[0.9806929230690002, 0.0, 0.9209668040275574, 0.0, 0.6951929330825806], [0.7044805288314819, 0.20780305564403534, 0.9308104515075684, 0.0, 0.6572245955467224], [1.0, 0.2557101547718048, 0.9355669617652893, 0.0, 0.5463087558746338], [0.6338737607002258, 0.2792905569076538, 0.9380917549133301, 0.0, 0.5377786159515381], [0.25251147150993347, 0.3230624198913574, 0.9079307317733765, 0.0, 0.7261343598365784]]","[true, true, true, true, true]","[205, 16, 5, 50, 286]",0.751636803150177,0.26714572310447693,0.7508353590965271,0.8333333134651184,0.7675884366035461,1.0,0.0,True,True,True
38,7,idle,True,104.080599,30.665964,224.68947506434625,-0.801557818261017,0.801557818261017,2.671859394203397,Serve,104.080599,30.665964,-0.08096543618798174,0.0,0.0,-0.08096543618798174,0.0,0.0,0.0,0.0,-0.30790226708962765,Serve,Serve,False,False,0.8015578182610191,0.0,0.0,False,True,False,False,False,False,,-1,0.0,0.0,17.38483957175281,57.92568536390101,60.248419948523065,46.26335163983144,0.0,61,0,1,2,0,0,"[0.7489649057388306, 0.9628295302391052, 1.0]","[[0.6544428467750549, 0.1439451426267624, 0.9490163326263428, 0.2300473302602768, 0.0], [1.0, 0.17160414159297943, 0.9493390321731567, 0.0, 0.0], [0.7706380486488342, 0.24447596073150635, 0.9474051594734192, 0.25163382291793823, 0.4438205063343048], [0.3726555407047272, 0.24518439173698425, 0.9484866857528687, 0.2518056333065033, 0.44388800859451294], [1.0, 0.2502326965332031, 0.94978928565979, 0.0, 0.0]]","[false, false, false, false, false]","[0.7489649057388306, 1.0, 0.0, 0.0, 0.9628295302391052, 1.0, 0.0]","[true, false, true]","[0.7489649057388306, 0.9628295302391052, 1.0]","[[0.6544428467750549, 0.1439451426267624, 0.9490163326263428, 0.2300473302602768, 0.0], [1.0, 0.17160414159297943, 0.9493390321731567, 0.0, 0.0], [0.7706380486488342, 0.24447596073150635, 0.9474051594734192, 0.25163382291793823, 0.4438205063343048], [0.3726555407047272, 0.24518439173698425, 0.9484866857528687, 0.2518056333065033, 0.44388800859451294], [1.0, 0.2502326965332031, 0.94978928565979, 0.0, 0.0]]","[true, true, true, true, true]","[293, 236, 151, 284, 290]",0.7489649057388306,1.0,0.0,0.0,0.9628295302391052,1.0,0.0,True,False,True
39,7,idle,True,104.078055,30.674751,224.38740247411582,-0.30207259023043775,0.30207259023043775,1.0069086341014608,Serve,104.078055,30.674751,-0.030512382851559425,0.0,0.0,-0.030512382851559425,0.0,0.0,0.0,0.0,-0.3384146499411871,Serve,Serve,False,False,0.30207259023043825,0.0,0.0,False,True,False,False,False,False,,-1,0.0,0.0,17.686912161983248,57.92568536390101,60.490078020707415,46.26335163983144,0.0,49,0,2,1,0,0,"[0.7479580044746399, 0.9171258807182312, 1.0]","[[0.3726555407047272, 0.03295961022377014, 0.9446150064468384, 0.4507972300052643, 0.0], [0.9232249855995178, 0.09963031858205795, 0.9441324472427368, 0.4498389661312103, 0.0], [0.3212646543979645, 0.12587836384773254, 0.9411994218826294, 0.4541541337966919, 0.44656962156295776], [0.6868723630905151, 0.18751943111419678, 0.939470112323761, 0.4494904577732086, 0.3485730290412903], [1.0, 0.19745784997940063, 0.9462524652481079, 0.46738365292549133, 0.4429219365119934]]","[false, false, false, false, false]","[0.7479580044746399, 1.0, 0.0, 0.0, 0.9171258807182312, 1.0, 0.0]","[true, false, true]","[0.7479580044746399, 0.9171258807182312, 1.0]","[[0.3726555407047272, 0.03295961022377014, 0.9446150064468384, 0.4507972300052643, 0.0], [0.9232249855995178, 0.09963031858205795, 0.9441324472427368, 0.4498389661312103, 0.0], [0.3212646543979645, 0.12587836384773254, 0.9411994218826294, 0.4541541337966919, 0.44656962156295776], [0.6868723630905151, 0.18751943111419678, 0.939470112323761, 0.4494904577732086, 0.3485730290412903], [1.0, 0.19745784997940063, 0.9462524652481079, 0.46738365292549133, 0.4429219365119934]]","[true, true, true, true, true]","[284, 128, 250, 64, 203]",0.7479580044746399,1.0,0.0,0.0,0.9171258807182312,1.0,0.0,True,False,True
40,7,task,False,104.065066,30.652819,223.56632006916155,-0.821082404954268,0.821082404954268,2.736941349847513,Serve,104.065066,30.652819,-0.08293761666204587,0.0,0.0,-0.08293761666204587,0.0,0.0,0.0,0.0,-0.42135226660323294,Serve,Serve,False,False,0.8210824049542539,0.0,0.0,False,False,True,False,False,False,IEV,146,67.93848943263868,33.96924471631934,18.776252420603996,125.86417479653969,115.71234177371497,100.39953690300918,0.0,0,0,2,3,0,0,[],[],[],[],[],[],[],[],[],,,,,,,,,,
41,7,task,False,104.06569400000001,30.6447955,216.00773851986366,-7.558581549297884,7.558581549297884,0.8941928455549862,,,,0.15516133949517905,0.1822580923907847,0.0,-0.027096752895605647,0.0,0.0,0.0,0.0,-0.2661909271080539,TaskProgress,TaskProgress,False,False,0.26825785366649585,7.290323695631388,0.0,False,False,True,False,False,True,IEV,146,60.64816573700727,30.324082868503634,18.776252420603996,125.86417479653969,115.71234177371497,100.39953690300918,0.0,0,0,0,6,0,0,[],[],[],[],[],[],[],[],[],,,,,,,,,,
42,7,task,False,104.06569400000001,30.6447955,206.00773851986366,-10.0,10.0,0.0,,,,0.25,0.25,0.0,-0.0,0.0,0.0,0.0,0.0,-0.01619092710805392,TaskProgress,TaskProgress,False,False,0.0,10.0,0.0,False,False,True,False,False,True,IEV,146,50.64816573700727,25.324082868503634,18.776252420603996,125.86417479653969,115.71234177371497,100.39953690300918,0.0,0,0,1,4,0,0,[],[],[],[],[],[],[],[],[],,,,,,,,,,
43,7,task,False,104.06569400000001,30.6447955,196.00773851986366,-10.0,10.0,0.0,,,,0.25,0.25,0.0,-0.0,0.0,0.0,0.0,0.0,0.23380907289194608,TaskProgress,TaskProgress,False,False,0.0,10.0,0.0,False,False,True,False,False,True,IEV,146,40.64816573700727,20.324082868503634,18.776252420603996,125.86417479653969,115.71234177371497,100.39953690300918,0.0,0,0,3,2,0,0,[],[],[],[],[],[],[],[],[],,,,,,,,,,
44,7,task,False,104.06569400000001,30.6447955,186.00773851986366,-10.0,10.0,0.0,,,,0.25,0.25,0.0,-0.0,0.0,0.0,0.0,0.0,0.4838090728919461,TaskProgress,TaskProgress,False,False,0.0,10.0,0.0,False,False,True,False,False,True,IEV,146,30.648165737007268,15.324082868503634,18.776252420603996,125.86417479653969,115.71234177371497,100.39953690300918,0.0,0,0,2,1,0,0,[],[],[],[],[],[],[],[],[],,,,,,,,,,
45,7,task,False,104.06569400000001,30.6447955,176.00773851986366,-10.0,10.0,0.0,,,,0.25,0.25,0.0,-0.0,0.0,0.0,0.0,0.0,0.7338090728919461,TaskProgress,TaskProgress,False,False,0.0,10.0,0.0,False,False,True,False,False,True,IEV,146,20.648165737007268,10.324082868503634,18.776252420603996,125.86417479653969,115.71234177371497,100.39953690300918,0.0,0,0,1,1,0,0,[],[],[],[],[],[],[],[],[],,,,,,,,,,
46,7,task,False,104.06569400000001,30.6447955,166.00773851986366,-10.0,10.0,0.0,,,,0.25,0.25,0.0,-0.0,0.0,0.0,0.0,0.0,0.9838090728919461,TaskProgress,TaskProgress,False,False,0.0,10.0,0.0,False,False,True,False,False,True,IEV,146,10.648165737007268,5.324082868503634,18.776252420603996,125.86417479653969,115.71234177371497,100.39953690300918,0.0,0,0,2,1,0,0,[],[],[],[],[],[],[],[],[],,,,,,,,,,
47,7,task,False,104.06569400000001,30.6447955,156.00773851986366,-10.0,10.0,0.0,,,,0.25,0.25,0.0,-0.0,0.0,0.0,0.0,0.0,1.2338090728919462,TaskProgress,TaskProgress,False,False,0.0,10.0,0.0,False,False,True,False,False,True,IEV,146,0.6481657370072682,0.3240828685036341,18.776252420603996,125.86417479653969,115.71234177371497,100.39953690300918,0.0,0,0,2,0,0,0,[],[],[],[],[],[],[],[],[],,,,,,,,,,
48,7,idle,True,104.06569400000001,30.6447955,155.3595727828564,-0.6481657370072753,0.6481657370072753,0.0,,,,0.016204143425181883,0.016204143425181883,0.0,-0.0,0.0,0.0,0.0,0.0,1.250013216317128,TaskProgress,TaskProgress,False,False,0.0,0.6481657370072753,0.0,False,True,False,False,False,False,,-1,0.0,0.0,18.776252420603996,125.86417479653969,115.71234177371497,100.39953690300918,0.0,55,0,4,0,0,0,"[0.5178652405738831, 0.8484496474266052, 1.0]","[[0.9522392749786377, 0.035924673080444336, 0.9428892135620117, 0.5992773771286011, 0.0], [0.013301909901201725, 0.122568279504776, 0.9457350373268127, 0.49109378457069397, 0.0], [1.0, 0.12569792568683624, 0.939612627029419, 0.6148279309272766, 0.0], [0.8248735666275024, 0.13278794288635254, 0.942892849445343, 0.4733251929283142, 0.0], [0.9598159193992615, 0.2015875279903412, 0.9394458532333374, 0.625542938709259, 0.0]]","[false, false, false, false, false]","[0.5178652405738831, 1.0, 0.0, 0.0, 0.8484496474266052, 1.0, 0.0]","[true, false, true]","[0.5178652405738831, 0.8484496474266052, 1.0]","[[0.9522392749786377, 0.035924673080444336, 0.9428892135620117, 0.5992773771286011, 0.0], [0.013301909901201725, 0.122568279504776, 0.9457350373268127, 0.49109378457069397, 0.0], [1.0, 0.12569792568683624, 0.939612627029419, 0.6148279309272766, 0.0], [0.8248735666275024, 0.13278794288635254, 0.942892849445343, 0.4733251929283142, 0.0], [0.9598159193992615, 0.2015875279903412, 0.9394458532333374, 0.625542938709259, 0.0]]","[true, true, true, true, true]","[285, 182, 252, 72, 123]",0.5178652405738831,1.0,0.0,0.0,0.8484496474266052,1.0,0.0,True,False,True
49,7,idle,True,104.09305269607566,30.656710555948198,154.4795585110048,-0.8800142718515929,0.8800142718515929,2.9333809061720166,Serve,104.09305269607566,30.656710555948198,-0.08889033049006112,0.0,0.0,-0.08889033049006112,0.0,0.0,0.0,0.0,1.161122885827067,Serve,Serve,False,False,0.880014271851605,0.0,0.0,False,True,False,False,False,False,,-1,0.0,0.0,19.6562666924556,125.86417479653969,116.41635319119625,100.39953690300918,0.0,33,0,3,1,0,0,"[0.514931857585907, 0.8075551986694336, 1.0]","[[1.0, 0.03519861400127411, 0.8973581194877625, 0.5067123770713806, 0.0], [0.9522392749786377, 0.3356567621231079, 0.9287146925926208, 0.5015721321105957, 0.0], [0.8461048007011414, 0.3385738134384155, 0.9255281686782837, 0.4943084120750427, 0.0], [0.7897976636886597, 0.37721577286720276, 0.9185751080513, 0.41217315196990967, 0.0], [0.5185673832893372, 0.3793487250804901, 0.869193434715271, 0.3230002522468567, 0.0]]","[false, false, false, false, false]","[0.514931857585907, 1.0, 0.0, 0.0, 0.8075551986694336, 1.0, 0.0]","[true, false, true]","[0.514931857585907, 0.8075551986694336, 1.0]","[[1.0, 0.03519861400127411, 0.8973581194877625, 0.5067123770713806, 0.0], [0.9522392749786377, 0.3356567621231079, 0.9287146925926208, 0.5015721321105957, 0.0], [0.8461048007011414, 0.3385738134384155, 0.9255281686782837, 0.4943084120750427, 0.0], [0.7897976636886597, 0.37721577286720276, 0.9185751080513, 0.41217315196990967, 0.0], [0.5185673832893372, 0.3793487250804901, 0.869193434715271, 0.3230002522468567, 0.0]]","[true, true, true, true, true]","[68, 285, 140, 132, 39]",0.514931857585907,1.0,0.0,0.0,0.8075551986694336,1.0,0.0,True,False,True
50,7,idle,True,104.076041,30.649262,153.93177363451738,-0.5477848764874125,0.5477848764874125,1.8259495882914138,Serve,104.076041,30.649262,-0.05533180570580042,0.0,0.0,-0.05533180570580042,0.0,0.0,0.0,0.0,1.1057910801212667,Serve,Serve,False,False,0.5477848764874241,0.0,0.0,False,True,False,False,False,False,,-1,0.0,0.0,20.204051568943022,125.86417479653969,116.85458109238618,100.39953690300918,0.0,44,0,1,1,0,0,"[0.5131059288978577, 0.9381495714187622, 1.0]","[[1.0, 0.13794584572315216, 0.9345502853393555, 0.3196299970149994, 0.0], [0.3212646543979645, 0.16303254663944244, 0.9364020228385925, 0.311524897813797, 0.0], [0.8461048007011414, 0.19837364554405212, 0.935471773147583, 0.3068579435348511, 0.0], [0.013301909901201725, 0.253516286611557, 0.9394117593765259, 0.4442364275455475, 0.0], [0.6338737607002258, 0.25554412603378296, 0.9264761805534363, 0.27810630202293396, 0.0]]","[false, false, false, false, false]","[0.5131059288978577, 1.0, 0.0, 0.0, 0.9381495714187622, 1.0, 0.0]","[true, false, true]","[0.5131059288978577, 0.9381495714187622, 1.0]","[[1.0, 0.13794584572315216, 0.9345502853393555, 0.3196299970149994, 0.0], [0.3212646543979645, 0.16303254663944244, 0.9364020228385925, 0.311524897813797, 0.0], [0.8461048007011414, 0.19837364554405212, 0.935471773147583, 0.3068579435348511, 0.0], [0.013301909901201725, 0.253516286611557, 0.9394117593765259, 0.4442364275455475, 0.0], [0.6338737607002258, 0.25554412603378296, 0.9264761805534363, 0.27810630202293396, 0.0]]","[true, true, true, true, true]","[228, 250, 140, 182, 50]",0.5131059288978577,1.0,0.0,0.0,0.9381495714187622,1.0,0.0,True,False,True
51,7,idle,True,104.08657,30.643673,153.57671092989855,-0.35506270461883105,0.35506270461883105,1.18354234872941,Serve,104.08657,30.643673,-0.03586491965846698,0.0,0.0,-0.03586491965846698,0.0,0.0,0.0,0.0,1.0699261604627996,Serve,Serve,False,False,0.355062704618823,0.0,0.0,False,True,False,False,False,False,,-1,0.0,0.0,20.559114273561846,125.86417479653969,117.13863125608124,100.39953690300918,0.0,47,0,3,1,0,0,"[0.5119223594665527, 0.8202254772186279, 1.0]","[[0.5029310584068298, 0.0, 0.916096568107605, 0.4927881956100464, 0.0], [0.7784866690635681, 0.03423260152339935, 0.912293553352356, 0.5515660047531128, 0.0], [0.6868723630905151, 0.19235898554325104, 0.9068616628646851, 0.49749860167503357, 0.0], [0.7123883962631226, 0.21914470195770264, 0.8851433992385864, 0.37000587582588196, 0.0], [0.007965938188135624, 0.25769999623298645, 0.9083086252212524, 0.4761684238910675, 0.0]]","[false, false, false, false, false]","[0.5119223594665527, 1.0, 0.0, 0.0, 0.8202254772186279, 1.0, 0.0]","[true, false, true]","[0.5119223594665527, 0.8202254772186279, 1.0]","[[0.5029310584068298, 0.0, 0.916096568107605, 0.4927881956100464, 0.0], [0.7784866690635681, 0.03423260152339935, 0.912293553352356, 0.5515660047531128, 0.0], [0.6868723630905151, 0.19235898554325104, 0.9068616628646851, 0.49749860167503357, 0.0], [0.7123883962631226, 0.21914470195770264, 0.8851433992385864, 0.37000587582588196, 0.0], [0.007965938188135624, 0.25769999623298645, 0.9083086252212524, 0.4761684238910675, 0.0]]","[true, true, true, true, true]","[74, 89, 64, 139, 209]",0.5119223594665527,1.0,0.0,0.0,0.8202254772186279,1.0,0.0,True,False,True
52,7,idle,True,104.065657,30.652961,152.90127899449377,-0.675431935404788,0.675431935404788,2.2514397846826446,Serve,104.065657,30.652961,-0.06822544802068621,0.0,0.0,-0.06822544802068621,0.0,0.0,0.0,0.0,1.0017007124421133,Serve,Serve,False,False,0.6754319354047934,0.0,0.0,False,True,False,False,False,False,,-1,0.0,0.0,21.23454620896664,125.86417479653969,117.67897680440508,100.39953690300918,0.0,54,0,2,2,0,0,"[0.5096709132194519, 0.8932843208312988, 1.0]","[[0.9024434685707092, 0.06251700967550278, 0.9339658617973328, 0.38866493105888367, 0.0], [0.4967831075191498, 0.06612379103899002, 0.9350343346595764, 0.47507452964782715, 0.0], [0.12035422027111053, 0.06831282377243042, 0.9338003396987915, 0.47625207901000977, 0.0], [1.0, 0.10288264602422714, 0.9333674311637878, 0.4775921404361725, 0.0], [1.0, 0.11826814711093903, 0.932970404624939, 0.47999903559684753, 0.0]]","[false, false, false, false, false]","[0.5096709132194519, 1.0, 0.0, 0.0, 0.8932843208312988, 1.0, 0.0]","[true, false, true]","[0.5096709132194519, 0.8932843208312988, 1.0]","[[0.9024434685707092, 0.06251700967550278, 0.9339658617973328, 0.38866493105888367, 0.0], [0.4967831075191498, 0.06612379103899002, 0.9350343346595764, 0.47507452964782715, 0.0], [0.12035422027111053, 0.06831282377243042, 0.9338003396987915, 0.47625207901000977, 0.0], [1.0, 0.10288264602422714, 0.9333674311637878, 0.4775921404361725, 0.0], [1.0, 0.11826814711093903, 0.932970404624939, 0.47999903559684753, 0.0]]","[true, true, true, true, true]","[125, 173, 57, 228, 220]",0.5096709132194519,1.0,0.0,0.0,0.8932843208312988,1.0,0.0,True,False,True
53,7,idle,True,104.076979,30.646105,152.503936442041,-0.3973425524527556,0.3973425524527556,1.3244751748425352,Serve,104.076979,30.646105,-0.04013561135886471,0.0,0.0,-0.04013561135886471,0.0,0.0,0.0,0.0,0.9615651010832487,Serve,Serve,False,False,0.39734255245276057,0.0,0.0,False,True,False,False,False,False,,-1,0.0,0.0,21.6318887614194,125.86417479653969,117.9968508463673,100.39953690300918,0.0,50,0,3,1,0,0,"[0.508346438407898, 0.8161464333534241, 1.0]","[[0.5277774333953857, 0.15204064548015594, 0.9213641881942749, 0.5809733271598816, 0.0], [0.9697636961936951, 0.16686883568763733, 0.9200595021247864, 0.578681230545044, 0.0], [0.5029310584068298, 0.220760315656662, 0.9131919145584106, 0.5488027930259705, 0.0], [0.727232813835144, 0.25880712270736694, 0.9209804534912109, 0.5529945492744446, 0.0], [0.013301909901201725, 0.2747039198875427, 0.9222779870033264, 0.5463868379592896, 0.0]]","[false, false, false, false, false]","[0.508346438407898, 1.0, 0.0, 0.0, 0.8161464333534241, 1.0, 0.0]","[true, false, true]","[0.508346438407898, 0.8161464333534241, 1.0]","[[0.5277774333953857, 0.15204064548015594, 0.9213641881942749, 0.5809733271598816, 0.0], [0.9697636961936951, 0.16686883568763733, 0.9200595021247864, 0.578681230545044, 0.0], [0.5029310584068298, 0.220760315656662, 0.9131919145584106, 0.5488027930259705, 0.0], [0.727232813835144, 0.25880712270736694, 0.9209804534912109, 0.5529945492744446, 0.0], [0.013301909901201725, 0.2747039198875427, 0.9222779870033264, 0.5463868379592896, 0.0]]","[true, true, true, true, true]","[218, 248, 74, 233, 182]",0.508346438407898,1.0,0.0,0.0,0.8161464333534241,1.0,0.0,True,False,True
54,7,idle,True,104.071387,30.655672,152.1467191600003,-0.3572172820407218,0.3572172820407218,1.1907242734690922,Serve,104.071387,30.655672,-0.03608255374148764,0.0,0.0,-0.03608255374148764,0.0,0.0,0.0,0.0,0.925482547341761,Serve,Serve,False,False,0.3572172820407276,0.0,0.0,False,True,False,False,False,False,,-1,0.0,0.0,21.98910604346013,125.86417479653969,118.28262467199988,100.39953690300918,0.0,47,0,1,1,0,0,"[0.50715571641922, 0.9359992146492004, 1.0]","[[1.0, 0.017114944756031036, 0.9207039475440979, 0.3340505361557007, 0.0], [0.5185673832893372, 0.11710506677627563, 0.9277693033218384, 0.37513887882232666, 0.0], [1.0, 0.15183326601982117, 0.9254245162010193, 0.39149919152259827, 0.0], [0.297730028629303, 0.2599770128726959, 0.919207751750946, 0.293764591217041, 0.0], [0.564655065536499, 0.274147629737854, 0.9170235395431519, 0.28421449661254883, 0.0]]","[false, false, false, false, false]","[0.50715571641922, 1.0, 0.0, 0.0, 0.9359992146492004, 1.0, 0.0]","[true, false, true]","[0.50715571641922, 0.9359992146492004, 1.0]","[[1.0, 0.017114944756031036, 0.9207039475440979, 0.3340505361557007, 0.0], [0.5185673832893372, 0.11710506677627563, 0.9277693033218384, 0.37513887882232666, 0.0], [1.0, 0.15183326601982117, 0.9254245162010193, 0.39149919152259827, 0.0], [0.297730028629303, 0.2599770128726959, 0.919207751750946, 0.293764591217041, 0.0], [0.564655065536499, 0.274147629737854, 0.9170235395431519, 0.28421449661254883, 0.0]]","[true, true, true, true, true]","[282, 39, 228, 116, 268]",0.50715571641922,1.0,0.0,0.0,0.9359992146492004,1.0,0.0,True,False,True
55,7,idle,True,104.09374,30.642649,151.37196416541866,-0.7747549945816274,0.7747549945816274,2.5825166486054196,Serve,104.09374,30.642649,-0.0782580802607703,0.0,0.0,-0.0782580802607703,0.0,0.0,0.0,0.0,0.8472244670809908,Serve,Serve,False,False,0.7747549945816259,0.0,0.0,False,True,False,False,False,False,,-1,0.0,0.0,22.763861038041757,125.86417479653969,118.90242866766519,100.39953690300918,0.0,31,0,2,1,0,0,"[0.5045732259750366, 0.8399713635444641, 1.0]","[[0.8816985487937927, 0.08534722775220871, 0.8868284821510315, 0.5543048977851868, 0.0], [0.6350913047790527, 0.1753920316696167, 0.8748897910118103, 0.487631618976593, 0.0], [0.28323930501937866, 0.2238779515028, 0.8816303014755249, 0.46373647451400757, 0.0], [0.7784866690635681, 0.23714521527290344, 0.9009493589401245, 0.6529725790023804, 0.0], [0.9697636961936951, 0.2844317555427551, 0.8630048036575317, 0.45695650577545166, 0.0]]","[false, false, false, false, false]","[0.5045732259750366, 1.0, 0.0, 0.0, 0.8399713635444641, 1.0, 0.0]","[true, false, true]","[0.5045732259750366, 0.8399713635444641, 1.0]","[[0.8816985487937927, 0.08534722775220871, 0.8868284821510315, 0.5543048977851868, 0.0], [0.6350913047790527, 0.1753920316696167, 0.8748897910118103, 0.487631618976593, 0.0], [0.28323930501937866, 0.2238779515028, 0.8816303014755249, 0.46373647451400757, 0.0], [0.7784866690635681, 0.23714521527290344, 0.9009493589401245, 0.6529725790023804, 0.0], [0.9697636961936951, 0.2844317555427551, 0.8630048036575317, 0.45695650577545166, 0.0]]","[true, true, true, true, true]","[190, 56, 15, 89, 248]",0.5045732259750366,1.0,0.0,0.0,0.8399713635444641,1.0,0.0,True,False,True
56,7,idle,True,104.117925,30.625783,150.47841441049962,-0.8935497549190359,0.8935497549190359,2.9784991830634255,Serve,104.117925,30.625783,-0.090257551001922,0.0,0.0,-0.090257551001922,0.0,0.0,0.0,0.0,0.7569669160790687,Serve,Serve,False,False,0.8935497549190277,0.0,0.0,False,True,False,False,False,False,,-1,0.0,0.0,23.657410792960786,125.86417479653969,119.61726847160041,100.39953690300918,0.0,16,0,1,0,0,0,"[0.5015947222709656, 0.8684614896774292, 1.0]","[[1.0, 0.08404358476400375, 0.7856624722480774, 0.21496543288230896, 0.0], [0.690947413444519, 0.22090941667556763, 0.754138708114624, 0.0, 0.0], [1.0, 0.49214503169059753, 0.8189838528633118, 0.0, 0.0], [1.0, 0.5076888203620911, 0.8056852221488953, 0.303211510181427, 0.0], [0.20292545855045319, 0.5632422566413879, 0.7761139869689941, 0.0, 0.0]]","[false, false, false, false, false]","[0.5015947222709656, 1.0, 0.0, 0.0, 0.8684614896774292, 1.0, 0.0]","[true, false, true]","[0.5015947222709656, 0.8684614896774292, 1.0]","[[1.0, 0.08404358476400375, 0.7856624722480774, 0.21496543288230896, 0.0], [0.690947413444519, 0.22090941667556763, 0.754138708114624, 0.0, 0.0], [1.0, 0.49214503169059753, 0.8189838528633118, 0.0, 0.0], [1.0, 0.5076888203620911, 0.8056852221488953, 0.303211510181427, 0.0], [0.20292545855045319, 0.5632422566413879, 0.7761139869689941, 0.0, 0.0]]","[true, true, true, true, true]","[5, 11, 18, 4, 264]",0.5015947222709656,1.0,0.0,0.0,0.8684614896774292,1.0,0.0,True,False,True
57,7,task,False,104.114785,30.642417,149.91625767854526,-0.5621567319543601,0.5621567319543601,1.873855773181168,Serve,104.114785,30.642417,-0.056783508278217217,0.0,0.0,-0.056783508278217217,0.0,0.0,0.0,0.0,0.7001834078008515,Serve,Serve,False,False,0.5621567319543503,0.0,0.0,False,False,True,False,False,False,IEV,236,54.841092446100326,27.420546223050163,24.547860053850208,180.70526724264002,164.20250183719222,144.00977683674137,0.0,0,0,2,0,0,0,[],[],[],[],[],[],[],[],[],,,,,,,,,,
58,7,task,False,104.11313949999999,30.652155999999998,142.90405130046952,-7.012206378075746,7.012206378075746,1.0943084297835768,,,,0.13393698471992357,0.1670978462285168,0.0,-0.033160861508593244,0.0,0.0,0.0,0.0,0.8341203925207751,TaskProgress,TaskProgress,False,False,0.32829252893507305,6.683913849140673,0.0,False,False,True,False,False,True,IEV,236,48.15717859695965,24.078589298479827,24.547860053850208,180.70526724264002,164.20250183719222,144.00977683674137,0.0,0,0,1,0,0,0,[],[],[],[],[],[],[],[],[],,,,,,,,,,
59,7,task,False,104.11313949999999,30.652155999999998,132.90405130046952,-10.0,10.0,0.0,,,,0.25,0.25,0.0,-0.0,0.0,0.0,0.0,0.0,1.084120392520775,TaskProgress,TaskProgress,False,False,0.0,10.0,0.0,False,False,True,False,False,True,IEV,236,38.15717859695965,19.078589298479827,24.547860053850208,180.70526724264002,164.20250183719222,144.00977683674137,0.0,0,0,0,0,0,0,[],[],[],[],[],[],[],[],[],,,,,,,,,,
60,7,task,False,104.11313949999999,30.652155999999998,122.90405130046952,-10.0,10.0,0.0,,,,0.25,0.25,0.0,-0.0,0.0,0.0,0.0,0.0,1.334120392520775,TaskProgress,TaskProgress,False,False,0.0,10.0,0.0,False,False,True,False,False,True,IEV,236,28.157178596959653,14.078589298479827,24.547860053850208,180.70526724264002,164.20250183719222,144.00977683674137,0.0,0,0,0,0,0,0,[],[],[],[],[],[],[],[],[],,,,,,,,,,
61,7,task,False,104.11313949999999,30.652155999999998,112.90405130046952,-10.0,10.0,0.0,,,,0.25,0.25,0.0,-0.0,0.0,0.0,0.0,0.0,1.584120392520775,TaskProgress,TaskProgress,False,False,0.0,10.0,0.0,False,False,True,False,False,True,IEV,236,18.157178596959653,9.078589298479827,24.547860053850208,180.70526724264002,164.20250183719222,144.00977683674137,0.0,0,1,0,1,0,0,[],[],[],[],[],[],[],[],[],,,,,,,,,,
62,7,task,False,104.11313949999999,30.652155999999998,102.90405130046952,-10.0,10.0,0.0,,,,0.25,0.25,0.0,-0.0,0.0,0.0,0.0,0.0,1.834120392520775,TaskProgress,TaskProgress,False,False,0.0,10.0,0.0,False,False,True,False,False,True,IEV,236,8.157178596959653,4.078589298479827,24.547860053850208,180.70526724264002,164.20250183719222,144.00977683674137,0.0,0,1,1,1,0,0,[],[],[],[],[],[],[],[],[],,,,,,,,,,
63,7,idle,True,104.11313949999999,30.652155999999998,94.74687270350987,-8.157178596959653,8.157178596959653,0.0,,,,0.20392946492399133,0.20392946492399133,0.0,-0.0,0.0,0.0,0.0,0.0,2.0380498574447663,TaskProgress,TaskProgress,False,False,0.0,8.157178596959653,0.0,False,True,False,False,False,False,,-1,0.0,0.0,24.547860053850208,180.70526724264002,164.20250183719222,144.00977683674137,0.0,21,0,0,1,0,0,"[0.31582289934158325, 1.0, 1.0]","[[0.8408258557319641, 0.12880973517894745, 0.7618110179901123, 0.0, 0.0], [0.684576153755188, 0.195276141166687, 0.8365779519081116, 0.0, 0.0], [0.5865939855575562, 0.30666953325271606, 0.8463045954704285, 0.0, 0.0], [0.23844286799430847, 0.3161463439464569, 0.7757402062416077, 0.0, 0.0], [0.242566779255867, 0.31810617446899414, 0.7776678204536438, 0.0, 0.0]]","[false, false, false, false, false]","[0.31582289934158325, 1.0, 0.0, 0.0, 1.0, 1.0, 0.0]","[true, false, true]","[0.31582289934158325, 1.0, 1.0]","[[0.8408258557319641, 0.12880973517894745, 0.7618110179901123, 0.0, 0.0], [0.684576153755188, 0.195276141166687, 0.8365779519081116, 0.0, 0.0], [0.5865939855575562, 0.30666953325271606, 0.8463045954704285, 0.0, 0.0], [0.23844286799430847, 0.3161463439464569, 0.7757402062416077, 0.0, 0.0], [0.242566779255867, 0.31810617446899414, 0.7776678204536438, 0.0, 0.0]]","[true, true, true, true, true]","[207, 137, 278, 83, 28]",0.31582289934158325,1.0,0.0,0.0,1.0,1.0,0.0,True,False,True
64,7,idle,True,104.128345,30.636293,94.0609730774391,-0.6858996260707642,0.6858996260707642,2.2863320869025623,Serve,104.128345,30.636293,-0.06928279051219888,0.0,0.0,-0.06928279051219888,0.0,0.0,0.0,0.0,1.9687670669325674,Serve,Serve,False,False,0.6858996260707687,0.0,0.0,False,True,False,False,False,False,,-1,0.0,0.0,25.233759679920976,180.70526724264002,164.75122153804884,144.00977683674137,0.0,18,0,0,0,0,0,"[0.3135365843772888, 1.0, 1.0]","[[1.0, 0.1220162957906723, 0.8305671811103821, 0.0, 0.0], [0.8189864754676819, 0.23188722133636475, 0.8277287483215332, 0.0, 0.0], [0.9789483547210693, 0.4087197482585907, 0.8293770551681519, 0.0, 0.0], [0.4839014708995819, 0.4166746437549591, 0.842151403427124, 0.0, 0.0], [1.0, 0.42664697766304016, 0.8273455500602722, 0.0, 0.0]]","[false, false, false, false, false]","[0.3135365843772888, 1.0, 0.0, 0.0, 1.0, 1.0, 0.0]","[true, false, true]","[0.3135365843772888, 1.0, 1.0]","[[1.0, 0.1220162957906723, 0.8305671811103821, 0.0, 0.0], [0.8189864754676819, 0.23188722133636475, 0.8277287483215332, 0.0, 0.0], [0.9789483547210693, 0.4087197482585907, 0.8293770551681519, 0.0, 0.0], [0.4839014708995819, 0.4166746437549591, 0.842151403427124, 0.0, 0.0], [1.0, 0.42664697766304016, 0.8273455500602722, 0.0, 0.0]]","[true, true, true, true, true]","[71, 149, 165, 216, 197]",0.3135365843772888,1.0,0.0,0.0,1.0,1.0,0.0,True,False,True
65,7,idle,True,104.101179,30.633283,93.27479636760499,-0.786176709834109,0.786176709834109,2.620589032780361,Serve,104.101179,30.633283,-0.07941178887213216,0.0,0.0,-0.07941178887213216,0.0,0.0,0.0,0.0,1.8893552780604352,Serve,Serve,False,False,0.7861767098341083,0.0,0.0,False,True,False,False,False,False,,-1,0.0,0.0,26.019936389755085,180.70526724264002,165.38016290591614,144.00977683674137,0.0,21,0,1,2,0,0,"[0.3109159767627716, 0.882248044013977, 1.0]","[[1.0, 0.049150317907333374, 0.8068519234657288, 0.2081926167011261, 0.0], [0.7742483615875244, 0.23290911316871643, 0.8409296274185181, 0.21694275736808777, 0.0], [0.6756892204284668, 0.47665324807167053, 0.8405178189277649, 0.23123429715633392, 0.0], [0.38456907868385315, 0.5389259457588196, 0.8696154952049255, 0.3098301291465759, 0.0], [0.18170084059238434, 0.5562108159065247, 0.8280720710754395, 0.0, 0.0]]","[false, false, false, false, false]","[0.3109159767627716, 1.0, 0.0, 0.0, 0.882248044013977, 1.0, 0.0]","[true, false, true]","[0.3109159767627716, 0.882248044013977, 1.0]","[[1.0, 0.049150317907333374, 0.8068519234657288, 0.2081926167011261, 0.0], [0.7742483615875244, 0.23290911316871643, 0.8409296274185181, 0.21694275736808777, 0.0], [0.6756892204284668, 0.47665324807167053, 0.8405178189277649, 0.23123429715633392, 0.0], [0.38456907868385315, 0.5389259457588196, 0.8696154952049255, 0.3098301291465759, 0.0], [0.18170084059238434, 0.5562108159065247, 0.8280720710754395, 0.0, 0.0]]","[true, true, true, true, true]","[53, 283, 45, 48, 201]",0.3109159767627716,1.0,0.0,0.0,0.882248044013977,1.0,0.0,True,False,True
66,7,idle,True,104.074903,30.642739,92.4573185376448,-0.8174778299601968,0.8174778299601968,2.724926099867326,Serve,104.074903,30.642739,-0.08257351817779778,0.0,0.0,-0.08257351817779778,0.0,0.0,0.0,0.0,1.8067817598826375,Serve,Serve,False,False,0.8174778299601978,0.0,0.0,False,True,False,False,False,False,,-1,0.0,0.0,26.83741421971528,180.70526724264002,166.03414516988428,144.00977683674137,0.0,32,0,2,1,0,0,"[0.30819106101989746, 0.8733876347541809, 1.0]","[[0.3212646543979645, 0.22074082493782043, 0.8751695156097412, 0.47218984365463257, 0.0], [0.1600324809551239, 0.2802519202232361, 0.8810838460922241, 0.5212922096252441, 0.0], [0.8610180616378784, 0.28286662697792053, 0.8703603148460388, 0.5156152248382568, 0.0], [0.38456907868385315, 0.3303993046283722, 0.8832495808601379, 0.328066349029541, 0.0], [0.8111693859100342, 0.36414819955825806, 0.8763331770896912, 0.3840278387069702, 0.0]]","[false, false, false, false, false]","[0.30819106101989746, 1.0, 0.0, 0.0, 0.8733876347541809, 1.0, 0.0]","[true, false, true]","[0.30819106101989746, 0.8733876347541809, 1.0]","[[0.3212646543979645, 0.22074082493782043, 0.8751695156097412, 0.47218984365463257, 0.0], [0.1600324809551239, 0.2802519202232361, 0.8810838460922241, 0.5212922096252441, 0.0], [0.8610180616378784, 0.28286662697792053, 0.8703603148460388, 0.5156152248382568, 0.0], [0.38456907868385315, 0.3303993046283722, 0.8832495808601379, 0.328066349029541, 0.0], [0.8111693859100342, 0.36414819955825806, 0.8763331770896912, 0.3840278387069702, 0.0]]","[true, true, true, true, true]","[250, 152, 291, 48, 124]",0.30819106101989746,1.0,0.0,0.0,0.8733876347541809,1.0,0.0,True,False,True
67,7,idle,True,104.074329,30.648674,92.25865179858329,-0.19866673906150822,0.19866673906150822,0.66222246353834,Serve,104.074329,30.648674,-0.0200673473799497,0.0,0.0,-0.0200673473799497,0.0,0.0,0.0,0.0,1.7867144125026877,Serve,Serve,False,False,0.198666739061502,0.0,0.0,False,True,False,False,False,False,,-1,0.0,0.0,27.036080958776783,180.70526724264002,166.1930785611335,144.00977683674137,0.0,33,0,3,0,0,0,"[0.30752885341644287, 0.8349865078926086, 1.0]","[[0.6756892204284668, 0.05780775472521782, 0.8834519386291504, 0.4154445230960846, 0.0], [0.1600324809551239, 0.08900917321443558, 0.8952685594558716, 0.41572946310043335, 0.0], [0.8610180616378784, 0.09368725121021271, 0.8872685432434082, 0.41424423456192017, 0.0], [0.8111693859100342, 0.2501583993434906, 0.8819612264633179, 0.4981061518192291, 0.0], [0.8466057777404785, 0.2623139023780823, 0.8897782564163208, 0.4182092547416687, 0.0]]","[false, false, false, false, false]","[0.30752885341644287, 1.0, 0.0, 0.0, 0.8349865078926086, 1.0, 0.0]","[true, false, true]","[0.30752885341644287, 0.8349865078926086, 1.0]","[[0.6756892204284668, 0.05780775472521782, 0.8834519386291504, 0.4154445230960846, 0.0], [0.1600324809551239, 0.08900917321443558, 0.8952685594558716, 0.41572946310043335, 0.0], [0.8610180616378784, 0.09368725121021271, 0.8872685432434082, 0.41424423456192017, 0.0], [0.8111693859100342, 0.2501583993434906, 0.8819612264633179, 0.4981061518192291, 0.0], [0.8466057777404785, 0.2623139023780823, 0.8897782564163208, 0.4182092547416687, 0.0]]","[true, true, true, true, true]","[45, 152, 291, 124, 44]",0.30752885341644287,1.0,0.0,0.0,0.8349865078926086,1.0,0.0,True,False,True
68,7,idle,True,104.077817,30.671805,91.4805724970301,-0.7780793015531913,0.7780793015531913,2.5935976718439857,Serve,104.077817,30.671805,-0.07859386884375716,0.0,0.0,-0.07859386884375716,0.0,0.0,0.0,0.0,1.7081205436589306,Serve,Serve,False,False,0.7780793015531957,0.0,0.0,False,True,False,False,False,False,,-1,0.0,0.0,27.814160260329977,180.70526724264002,166.81554200237605,144.00977683674137,0.0,34,0,5,0,0,0,"[0.3049352467060089, 0.7084999084472656, 1.0]","[[1.0, 0.09905046969652176, 0.8461067080497742, 0.5624380707740784, 0.34072670340538025], [0.30040550231933594, 0.16056139767169952, 0.8576946258544922, 0.42673081159591675, 0.3405838906764984], [0.1700962632894516, 0.18322421610355377, 0.8663029074668884, 0.6121124625205994, 0.0], [0.328066349029541, 0.3560903072357178, 0.8816986680030823, 0.5898259282112122, 0.3513714075088501], [0.6229559183120728, 0.42252328991889954, 0.877274215221405, 0.5343044996261597, 0.3922298550605774]]","[false, false, false, false, false]","[0.3049352467060089, 1.0, 0.0, 0.0, 0.7084999084472656, 1.0, 0.0]","[true, false, true]","[0.3049352467060089, 0.7084999084472656, 1.0]","[[1.0, 0.09905046969652176, 0.8461067080497742, 0.5624380707740784, 0.34072670340538025], [0.30040550231933594, 0.16056139767169952, 0.8576946258544922, 0.42673081159591675, 0.3405838906764984], [0.1700962632894516, 0.18322421610355377, 0.8663029074668884, 0.6121124625205994, 0.0], [0.328066349029541, 0.3560903072357178, 0.8816986680030823, 0.5898259282112122, 0.3513714075088501], [0.6229559183120728, 0.42252328991889954, 0.877274215221405, 0.5343044996261597, 0.3922298550605774]]","[true, true, true, true, true]","[189, 281, 93, 30, 37]",0.3049352467060089,1.0,0.0,0.0,0.7084999084472656,1.0,0.0,True,False,True
69,7,idle,True,104.061651,30.675633,90.99949380929755,-0.48107868773254836,0.48107868773254836,1.60359562577518,Serve,104.061651,30.675633,-0.04859380684167213,0.0,0.0,-0.04859380684167213,0.0,0.0,0.0,0.0,1.6595267368172586,Serve,Serve,False,False,0.48107868773255397,0.0,0.0,False,True,False,False,False,False,,-1,0.0,0.0,28.295238948062533,180.70526724264002,167.20040495256208,144.00977683674137,0.0,35,0,3,0,2,0,"[0.3033316433429718, 0.6589269638061523, 1.0]","[[0.5791579484939575, 0.005868170410394669, 0.8736274838447571, 0.5247407555580139, 0.5136584639549255], [0.297730028629303, 0.18227188289165497, 0.8833991885185242, 0.5144023299217224, 0.4019952416419983], [0.30040550231933594, 0.2200380116701126, 0.8667001128196716, 0.4677771329879761, 0.5583999752998352], [0.45554491877555847, 0.22076964378356934, 0.8750113248825073, 0.5141395330429077, 0.5786848664283752], [1.0, 0.2841743230819702, 0.844764769077301, 0.4462275803089142, 0.3788338005542755]]","[false, false, false, false, false]","[0.3033316433429718, 0.4910642206668854, 0.30185845494270325, 0.5, 0.6589269638061523, 1.0, 0.0]","[true, true, true]","[0.3033316433429718, 0.6589269638061523, 1.0]","[[0.5791579484939575, 0.005868170410394669, 0.8736274838447571, 0.5247407555580139, 0.5136584639549255], [0.297730028629303, 0.18227188289165497, 0.8833991885185242, 0.5144023299217224, 0.4019952416419983], [0.30040550231933594, 0.2200380116701126, 0.8667001128196716, 0.4677771329879761, 0.5583999752998352], [0.45554491877555847, 0.22076964378356934, 0.8750113248825073, 0.5141395330429077, 0.5786848664283752], [1.0, 0.2841743230819702, 0.844764769077301, 0.4462275803089142, 0.3788338005542755]]","[true, true, true, true, true]","[183, 116, 281, 274, 189]",0.3033316433429718,0.4910642206668854,0.30185845494270325,0.5,0.6589269638061523,1.0,0.0,True,True,True
70,7,idle,True,104.040905,30.658307,90.16979934984516,-0.8296944594523836,0.8296944594523836,2.7656481981746066,Serve,104.040905,30.658307,-0.08380752115680627,0.0,0.0,-0.08380752115680627,0.0,0.0,0.0,0.0,1.5757192156604523,Serve,Serve,False,False,0.829694459452382,0.0,0.0,False,True,False,False,False,False,,-1,0.0,0.0,29.124933407514916,180.70526724264002,167.864160520124,144.00977683674137,0.0,39,0,1,1,2,0,"[0.3005659878253937, 0.7389691472053528, 1.0]","[[0.5673414468765259, 0.20323508977890015, 0.9010636210441589, 0.41544198989868164, 0.5667017698287964], [0.629826545715332, 0.24369408190250397, 0.9144381284713745, 0.43255677819252014, 0.640889048576355], [0.15760816633701324, 0.24670259654521942, 0.9045150876045227, 0.418084055185318, 0.5559489727020264], [1.0, 0.2624737620353699, 0.9031427502632141, 0.30989304184913635, 0.6584122180938721], [0.3991643786430359, 0.3464537560939789, 0.9074847102165222, 0.6026269793510437, 0.5691802501678467]]","[false, false, false, false, false]","[0.3005659878253937, 0.37937870621681213, 0.29942786693573, 0.6666666865348816, 0.7389691472053528, 1.0, 0.0]","[true, true, true]","[0.3005659878253937, 0.7389691472053528, 1.0]","[[0.5673414468765259, 0.20323508977890015, 0.9010636210441589, 0.41544198989868164, 0.5667017698287964], [0.629826545715332, 0.24369408190250397, 0.9144381284713745, 0.43255677819252014, 0.640889048576355], [0.15760816633701324, 0.24670259654521942, 0.9045150876045227, 0.418084055185318, 0.5559489727020264], [1.0, 0.2624737620353699, 0.9031427502632141, 0.30989304184913635, 0.6584122180938721], [0.3991643786430359, 0.3464537560939789, 0.9074847102165222, 0.6026269793510437, 0.5691802501678467]]","[true, true, true, true, true]","[277, 273, 234, 267, 61]",0.3005659878253937,0.37937870621681213,0.29942786693573,0.6666666865348816,0.7389691472053528,1.0,0.0,True,True,True
71,7,idle,True,104.071124,30.657836,89.30249808618315,-0.8673012636620143,0.8673012636620143,2.8910042122067274,Serve,104.071124,30.657836,-0.08760618824868872,0.0,0.0,-0.08760618824868872,0.0,0.0,0.0,0.0,1.4881130274117635,Serve,Serve,False,False,0.8673012636620182,0.0,0.0,False,True,False,False,False,False,,-1,0.0,0.0,29.992234671176934,180.70526724264002,168.5580015310536,144.00977683674137,0.0,38,0,2,1,0,0,"[0.2976749837398529, 0.8695459365844727, 1.0]","[[0.1700962632894516, 0.277004599571228, 0.9069877862930298, 0.4089897572994232, 0.0], [0.15760816633701324, 0.2826305627822876, 0.9070264101028442, 0.41519883275032043, 0.3392466604709625], [0.8610180616378784, 0.3068404793739319, 0.8978963494300842, 0.354483425617218, 0.0], [0.3808578848838806, 0.3141333758831024, 0.9019931554794312, 0.3554627597332001, 0.0], [0.6229559183120728, 0.33207669854164124, 0.9016345143318176, 0.42149320244789124, 0.5279801487922668]]","[false, false, false, false, false]","[0.2976749837398529, 1.0, 0.0, 0.0, 0.8695459365844727, 1.0, 0.0]","[true, false, true]","[0.2976749837398529, 0.8695459365844727, 1.0]","[[0.1700962632894516, 0.277004599571228, 0.9069877862930298, 0.4089897572994232, 0.0], [0.15760816633701324, 0.2826305627822876, 0.9070264101028442, 0.41519883275032043, 0.3392466604709625], [0.8610180616378784, 0.3068404793739319, 0.8978963494300842, 0.354483425617218, 0.0], [0.3808578848838806, 0.3141333758831024, 0.9019931554794312, 0.3554627597332001, 0.0], [0.6229559183120728, 0.33207669854164124, 0.9016345143318176, 0.42149320244789124, 0.5279801487922668]]","[true, true, true, true, true]","[93, 234, 291, 181, 37]",0.2976749837398529,1.0,0.0,0.0,0.8695459365844727,1.0,0.0,True,False,True
72,7,task,False,104.06631,30.646007,88.88441593425647,-0.41808215192668285,0.41808215192668285,1.3936071730889499,Serve,104.06631,30.646007,-0.04223052039663486,0.0,0.0,-0.04223052039663486,0.0,0.0,0.0,0.0,1.4458825070151287,Serve,Serve,False,False,0.41808215192668496,0.0,0.0,False,False,True,False,False,False,IEV,63,44.15569544653475,22.077847723267375,30.816432432182435,224.86096268917476,204.5419160970858,179.00944070670613,0.0,0,0,1,1,0,0,[],[],[],[],[],[],[],[],[],,,,,,,,,,
73,7,task,False,104.0804315,30.646789,82.58047819466063,-6.303937739595838,6.303937739595838,1.3537186969293793,,,,0.10642377456809593,0.1474455532629256,0.0,-0.04102177869482968,0.0,0.0,0.0,0.0,1.5523062815832245,TaskProgress,TaskProgress,False,False,0.4061156090788138,5.897822130517024,0.0,False,False,True,False,False,True,IEV,63,38.257873316017715,19.128936658008858,30.816432432182435,224.86096268917476,204.5419160970858,179.00944070670613,0.0,0,0,1,1,0,0,[],[],[],[],[],[],[],[],[],,,,,,,,,,
74,7,task,False,104.0804315,30.646789,72.58047819466063,-10.0,10.0,0.0,,,,0.25,0.25,0.0,-0.0,0.0,0.0,0.0,0.0,1.8023062815832245,TaskProgress,TaskProgress,False,False,0.0,10.0,0.0,False,False,True,False,False,True,IEV,63,28.257873316017715,14.128936658008858,30.816432432182435,224.86096268917476,204.5419160970858,179.00944070670613,0.0,0,0,1,1,0,0,[],[],[],[],[],[],[],[],[],,,,,,,,,,
75,7,task,False,104.0804315,30.646789,62.58047819466063,-10.0,10.0,0.0,,,,0.25,0.25,0.0,-0.0,0.0,0.0,0.0,0.0,2.0523062815832245,TaskProgress,TaskProgress,False,False,0.0,10.0,0.0,False,False,True,False,False,True,IEV,63,18.257873316017715,9.128936658008858,30.816432432182435,224.86096268917476,204.5419160970858,179.00944070670613,0.0,0,0,2,1,0,0,[],[],[],[],[],[],[],[],[],,,,,,,,,,
76,7,task,False,104.0804315,30.646789,52.58047819466063,-10.0,10.0,0.0,,,,0.25,0.25,0.0,-0.0,0.0,0.0,0.0,0.0,2.3023062815832245,TaskProgress,TaskProgress,False,False,0.0,10.0,0.0,False,False,True,False,False,True,IEV,63,8.257873316017715,4.128936658008858,30.816432432182435,224.86096268917476,204.5419160970858,179.00944070670613,0.0,0,0,2,1,0,0,[],[],[],[],[],[],[],[],[],,,,,,,,,,
77,7,idle,True,104.0804315,30.646789,44.32260487864291,-8.257873316017715,8.257873316017715,0.0,,,,0.20644683290044288,0.20644683290044288,0.0,-0.0,0.0,0.0,0.0,0.0,2.5087531144836674,TaskProgress,TaskProgress,False,False,0.0,8.257873316017715,0.0,False,True,False,False,False,False,,-1,0.0,0.0,30.816432432182435,224.86096268917476,204.5419160970858,179.00944070670613,0.0,37,0,4,1,0,0,"[0.14774201810359955, 0.7691469192504883, 1.0]","[[0.908754825592041, 0.15081924200057983, 0.8970440030097961, 0.5967441201210022, 0.0], [0.4967831075191498, 0.15861909091472626, 0.8948521614074707, 0.5705317854881287, 0.0], [0.552605152130127, 0.21339446306228638, 0.9008796215057373, 0.6586757302284241, 0.0], [1.0, 0.21574540436267853, 0.8833292722702026, 0.5948404669761658, 0.0], [0.8466057777404785, 0.21809454262256622, 0.8976940512657166, 0.6578656435012817, 0.0]]","[false, false, false, false, false]","[0.14774201810359955, 1.0, 0.0, 0.0, 0.7691469192504883, 1.0, 0.0]","[true, false, true]","[0.14774201810359955, 0.7691469192504883, 1.0]","[[0.908754825592041, 0.15081924200057983, 0.8970440030097961, 0.5967441201210022, 0.0], [0.4967831075191498, 0.15861909091472626, 0.8948521614074707, 0.5705317854881287, 0.0], [0.552605152130127, 0.21339446306228638, 0.9008796215057373, 0.6586757302284241, 0.0], [1.0, 0.21574540436267853, 0.8833292722702026, 0.5948404669761658, 0.0], [0.8466057777404785, 0.21809454262256622, 0.8976940512657166, 0.6578656435012817, 0.0]]","[true, true, true, true, true]","[113, 173, 110, 71, 44]",0.14774201810359955,1.0,0.0,0.0,0.7691469192504883,1.0,0.0,True,False,True
78,7,idle,True,104.060144,30.658178,43.62741001243334,-0.6951948662095759,0.6951948662095759,2.3173162206985816,Serve,104.060144,30.658178,-0.07022170365753279,0.0,0.0,-0.07022170365753279,0.0,0.0,0.0,0.0,2.4385314108261347,Serve,Serve,False,False,0.6951948662095745,0.0,0.0,False,True,False,False,False,False,,-1,0.0,0.0,31.51162729839201,224.86096268917476,205.09807199005346,179.00944070670613,0.0,40,0,5,0,2,0,"[0.14542469382286072, 0.645399808883667, 1.0]","[[0.7742483615875244, 0.18429811298847198, 0.8881257176399231, 0.6337088942527771, 0.49944010376930237], [1.0, 0.19925528764724731, 0.883758008480072, 0.627815306186676, 0.4862840473651886], [0.9522392749786377, 0.2945084273815155, 0.8927232027053833, 0.6884977221488953, 0.44514650106430054], [0.684576153755188, 0.31688711047172546, 0.9028501510620117, 0.7209973931312561, 0.0], [0.1700962632894516, 0.33268770575523376, 0.903978168964386, 0.6699777841567993, 0.4564591646194458]]","[false, false, false, false, false]","[0.14542469382286072, 0.79892897605896, 0.1430279165506363, 0.5, 0.645399808883667, 1.0, 0.0]","[true, true, true]","[0.14542469382286072, 0.645399808883667, 1.0]","[[0.7742483615875244, 0.18429811298847198, 0.8881257176399231, 0.6337088942527771, 0.49944010376930237], [1.0, 0.19925528764724731, 0.883758008480072, 0.627815306186676, 0.4862840473651886], [0.9522392749786377, 0.2945084273815155, 0.8927232027053833, 0.6884977221488953, 0.44514650106430054], [0.684576153755188, 0.31688711047172546, 0.9028501510620117, 0.7209973931312561, 0.0], [0.1700962632894516, 0.33268770575523376, 0.903978168964386, 0.6699777841567993, 0.4564591646194458]]","[true, true, true, true, true]","[283, 29, 285, 137, 93]",0.14542469382286072,0.79892897605896,0.1430279165506363,0.5,0.645399808883667,1.0,0.0,True,True,True
79,7,idle,True,104.039389,30.672566,42.86253924154306,-0.7648707708902762,0.7648707708902762,2.549569236300915,Serve,104.039389,30.672566,-0.07725967382730047,0.0,0.0,-0.07725967382730047,0.0,0.0,0.0,0.0,2.3612717369988343,Serve,Serve,False,False,0.7648707708902744,0.0,0.0,False,True,False,False,False,False,,-1,0.0,0.0,32.27649806928228,224.86096268917476,205.70996860676567,179.00944070670613,0.0,27,0,0,0,2,0,"[0.14287513494491577, 0.7051780223846436, 1.0]","[[0.6130913496017456, 0.3366193473339081, 0.860435426235199, 0.23376724123954773, 0.646777331829071], [0.8408258557319641, 0.34062108397483826, 0.8575587868690491, 0.1971099078655243, 0.654763400554657], [0.5430012345314026, 0.39014726877212524, 0.842461884021759, 0.22626343369483948, 0.6712548136711121], [0.966292679309845, 0.40564945340156555, 0.8291577100753784, 0.0, 0.6072775721549988], [0.007965938188135624, 0.41263946890830994, 0.8546974062919617, 0.23312166333198547, 0.6604593396186829]]","[false, false, false, false, false]","[0.14287513494491577, 0.2555304765701294, 0.14210854470729828, 0.6666666865348816, 0.7051780223846436, 1.0, 0.0]","[true, true, true]","[0.14287513494491577, 0.7051780223846436, 1.0]","[[0.6130913496017456, 0.3366193473339081, 0.860435426235199, 0.23376724123954773, 0.646777331829071], [0.8408258557319641, 0.34062108397483826, 0.8575587868690491, 0.1971099078655243, 0.654763400554657], [0.5430012345314026, 0.39014726877212524, 0.842461884021759, 0.22626343369483948, 0.6712548136711121], [0.966292679309845, 0.40564945340156555, 0.8291577100753784, 0.0, 0.6072775721549988], [0.007965938188135624, 0.41263946890830994, 0.8546974062919617, 0.23312166333198547, 0.6604593396186829]]","[true, true, true, true, true]","[217, 207, 251, 269, 209]",0.14287513494491577,0.2555304765701294,0.14210854470729828,0.6666666865348816,0.7051780223846436,1.0,0.0,True,True,True
80,7,idle,True,104.016276,30.683026,42.1132274200299,-0.7493118215131602,0.7493118215131602,2.4977060717105424,Serve,104.016276,30.683026,-0.07568806277910735,0.0,0.0,-0.07568806277910735,0.0,0.0,0.0,0.0,2.285583674219727,Serve,Serve,False,False,0.7493118215131627,0.0,0.0,False,True,False,False,False,False,,-1,0.0,0.0,33.02580989079544,224.86096268917476,206.3094180639762,179.00944070670613,0.0,17,0,0,0,2,0,"[0.14037743210792542, 0.6889814138412476, 1.0]","[[0.9232249855995178, 0.2304076850414276, 0.7842648029327393, 0.0, 0.44075849652290344], [0.5572604537010193, 0.3819853663444519, 0.814810037612915, 0.0, 0.5407138466835022], [1.0, 0.47421959042549133, 0.7614104151725769, 0.0, 0.0], [0.7123883962631226, 0.5343363285064697, 0.7830834984779358, 0.0, 0.0], [0.8610180616378784, 0.5536102056503296, 0.8166428804397583, 0.0, 0.5449035167694092]]","[false, false, false, false, false]","[0.14037743210792542, 0.8285004496574402, 0.13789191842079163, 0.5, 0.6889814138412476, 1.0, 0.0]","[true, true, true]","[0.14037743210792542, 0.6889814138412476, 1.0]","[[0.9232249855995178, 0.2304076850414276, 0.7842648029327393, 0.0, 0.44075849652290344], [0.5572604537010193, 0.3819853663444519, 0.814810037612915, 0.0, 0.5407138466835022], [1.0, 0.47421959042549133, 0.7614104151725769, 0.0, 0.0], [0.7123883962631226, 0.5343363285064697, 0.7830834984779358, 0.0, 0.0], [0.8610180616378784, 0.5536102056503296, 0.8166428804397583, 0.0, 0.5449035167694092]]","[true, true, true, true, true]","[128, 106, 160, 139, 291]",0.14037743210792542,0.8285004496574402,0.13789191842079163,0.5,0.6889814138412476,1.0,0.0,True,True,True
81,7,idle,True,104.0342725,30.6839985,41.595920879655424,-0.5173065403744772,0.5173065403744772,1.7243551345815802,Serve,104.0342725,30.6839985,-0.05225318589641152,0.0,0.0,-0.05225318589641152,0.0,0.0,0.0,0.0,2.2333304883233156,Serve,Serve,False,False,0.517306540374474,0.0,0.0,False,True,False,False,False,False,,-1,0.0,0.0,33.54311643116992,224.86096268917476,206.7232632962758,179.00944070670613,0.0,23,0,0,0,2,0,"[0.13865306973457336, 0.7260088324546814, 1.0]","[[0.966292679309845, 0.2677377164363861, 0.8229051232337952, 0.0, 0.47894543409347534], [0.744387686252594, 0.34350574016571045, 0.8272817134857178, 0.0, 0.46641871333122253], [0.25251147150993347, 0.3780996799468994, 0.8345240354537964, 0.0, 0.5079615116119385], [0.727232813835144, 0.37919050455093384, 0.7903574705123901, 0.0, 0.5962724685668945], [0.5572604537010193, 0.4371486008167267, 0.7898585796356201, 0.0, 0.5407138466835022]]","[false, false, false, false, false]","[0.13865306973457336, 0.48084521293640137, 0.13721053302288055, 0.5, 0.7260088324546814, 1.0, 0.0]","[true, true, true]","[0.13865306973457336, 0.7260088324546814, 1.0]","[[0.966292679309845, 0.2677377164363861, 0.8229051232337952, 0.0, 0.47894543409347534], [0.744387686252594, 0.34350574016571045, 0.8272817134857178, 0.0, 0.46641871333122253], [0.25251147150993347, 0.3780996799468994, 0.8345240354537964, 0.0, 0.5079615116119385], [0.727232813835144, 0.37919050455093384, 0.7903574705123901, 0.0, 0.5962724685668945], [0.5572604537010193, 0.4371486008167267, 0.7898585796356201, 0.0, 0.5407138466835022]]","[true, true, true, true, true]","[269, 178, 286, 233, 106]",0.13865306973457336,0.48084521293640137,0.13721053302288055,0.5,0.7260088324546814,1.0,0.0,True,True,True
82,7,idle,True,104.010797,30.696826,40.7980473194498,-0.7978735602056233,0.7978735602056233,2.659578534018736,Serve,104.010797,30.696826,-0.08059328890965868,0.0,0.0,-0.08059328890965868,0.0,0.0,0.0,0.0,2.152737199413657,Serve,Serve,False,False,0.7978735602056208,0.0,0.0,False,True,False,False,False,False,,-1,0.0,0.0,34.340989991375544,224.86096268917476,207.3615621444403,179.00944070670613,0.0,9,0,0,0,0,0,"[0.13599349558353424, 1.0, 1.0]","[[0.7123883962631226, 0.028482889756560326, 0.6299993991851807, 0.0, 0.0], [0.4184494614601135, 0.47288838028907776, 0.7269257307052612, 0.0, 0.0], [0.8370055556297302, 0.47458159923553467, 0.5010355710983276, 0.0, 0.0], [0.966292679309845, 0.5581927299499512, 0.7629948258399963, 0.0, 0.0], [0.6868723630905151, 0.6538525223731995, 0.7954639196395874, 0.0, 0.2201283872127533]]","[false, false, false, false, false]","[0.13599349558353424, 1.0, 0.0, 0.0, 1.0, 1.0, 0.0]","[true, false, true]","[0.13599349558353424, 1.0, 1.0]","[[0.7123883962631226, 0.028482889756560326, 0.6299993991851807, 0.0, 0.0], [0.4184494614601135, 0.47288838028907776, 0.7269257307052612, 0.0, 0.0], [0.8370055556297302, 0.47458159923553467, 0.5010355710983276, 0.0, 0.0], [0.966292679309845, 0.5581927299499512, 0.7629948258399963, 0.0, 0.0], [0.6868723630905151, 0.6538525223731995, 0.7954639196395874, 0.0, 0.2201283872127533]]","[true, true, true, true, true]","[139, 42, 34, 269, 64]",0.13599349558353424,1.0,0.0,0.0,1.0,1.0,0.0,True,False,True
83,7,idle,True,104.010372,30.697502,40.77241271909776,-0.025634600352042014,0.025634600352042014,0.08544866784013488,Serve,104.010372,30.697502,-0.0025893535709131782,0.0,0.0,-0.0025893535709131782,0.0,0.0,0.0,0.0,2.1501478458427434,Serve,Serve,False,False,0.025634600352040463,0.0,0.0,False,True,False,False,False,False,,-1,0.0,0.0,34.366624591727586,224.86096268917476,207.38206982472195,179.00944070670613,0.0,8,0,0,0,0,0,"[0.13590803742408752, 1.0, 1.0]","[[0.7123883962631226, 0.000654439500067383, 0.6428741812705994, 0.0, 0.0], [0.4184494614601135, 0.13921765983104706, 0.710398256778717, 0.0, 0.0], [0.966292679309845, 0.3022516667842865, 0.5784269571304321, 0.0, 0.0], [0.4256661534309387, 0.7164082527160645, 0.598967969417572, 0.0, 0.0], [0.6868723630905151, 0.827240526676178, 0.8090625405311584, 0.24487709999084473, 0.24487709999084473]]","[false, false, false, false, false]","[0.13590803742408752, 1.0, 0.0, 0.0, 1.0, 1.0, 0.0]","[true, false, true]","[0.13590803742408752, 1.0, 1.0]","[[0.7123883962631226, 0.000654439500067383, 0.6428741812705994, 0.0, 0.0], [0.4184494614601135, 0.13921765983104706, 0.710398256778717, 0.0, 0.0], [0.966292679309845, 0.3022516667842865, 0.5784269571304321, 0.0, 0.0], [0.4256661534309387, 0.7164082527160645, 0.598967969417572, 0.0, 0.0], [0.6868723630905151, 0.827240526676178, 0.8090625405311584, 0.24487709999084473, 0.24487709999084473]]","[true, true, true, true, true]","[139, 42, 269, 150, 64]",0.13590803742408752,1.0,0.0,0.0,1.0,1.0,0.0,True,False,True
84,7,idle,True,104.035666,30.692497,40.02789622272406,-0.7445164963736985,0.7445164963736985,2.4817216545789855,Serve,104.035666,30.692497,-0.07520368650239351,0.0,0.0,-0.07520368650239351,0.0,0.0,0.0,0.0,2.07494415934035,Serve,Serve,False,False,0.7445164963736957,0.0,0.0,False,True,False,False,False,False,,-1,0.0,0.0,35.111141088101284,224.86096268917476,207.97768302182092,179.00944070670613,0.0,23,0,1,1,1,0,"[0.13342632353305817, 0.8056090474128723, 1.0]","[[0.9232249855995178, 0.010429240763187408, 0.8063254356384277, 0.24346719682216644, 0.24346719682216644], [0.947754979133606, 0.35642123222351074, 0.7650737166404724, 0.23281385004520416, 0.37071847915649414], [0.744387686252594, 0.3589598536491394, 0.8163638114929199, 0.3261849880218506, 0.44847366213798523], [0.25251147150993347, 0.4059445559978485, 0.8280169367790222, 0.32284075021743774, 0.4300563633441925], [0.4184494614601135, 0.5344828367233276, 0.7909528017044067, 0.0, 0.0]]","[false, false, false, false, false]","[0.13342632353305817, 0.6945604085922241, 0.13134263455867767, 0.3333333432674408, 0.8056090474128723, 1.0, 0.0]","[true, true, true]","[0.13342632353305817, 0.8056090474128723, 1.0]","[[0.9232249855995178, 0.010429240763187408, 0.8063254356384277, 0.24346719682216644, 0.24346719682216644], [0.947754979133606, 0.35642123222351074, 0.7650737166404724, 0.23281385004520416, 0.37071847915649414], [0.744387686252594, 0.3589598536491394, 0.8163638114929199, 0.3261849880218506, 0.44847366213798523], [0.25251147150993347, 0.4059445559978485, 0.8280169367790222, 0.32284075021743774, 0.4300563633441925], [0.4184494614601135, 0.5344828367233276, 0.7909528017044067, 0.0, 0.0]]","[true, true, true, true, true]","[128, 279, 178, 286, 42]",0.13342632353305817,0.6945604085922241,0.13134263455867767,0.3333333432674408,0.8056090474128723,1.0,0.0,True,True,True
85,7,task,False,104.035358,30.692592,40.01850990637055,-0.00938631635351328,0.00938631635351328,0.03128772117837404,Serve,104.035358,30.692592,-0.0009481127629810318,0.0,0.0,-0.0009481127629810318,0.0,0.0,0.0,0.0,2.0739960465773692,Serve,Serve,False,False,0.009386316353512213,0.0,0.0,False,False,True,False,False,False,IEV,269,38.96598647915692,19.48299323957846,35.30182769811986,263.8269491683317,239.3030214931613,210.0371896550996,0.0,0,0,0,1,0,1,[],[],[],[],[],[],[],[],[],,,,,,,,,,
86,7,task,False,104.02949475,30.69462125,31.66852571033239,-8.349984196038157,8.349984196038157,0.6043343122168783,,,,0.14424656513472023,0.20421709755932732,0.0,-0.01831316097626904,0.0,0.0,0.0,-0.04165737144833806,2.2182426117120895,TaskProgress,TaskProgress,False,False,0.18130029366506348,8.168683902373093,0.0,False,False,True,False,False,True,IEV,269,30.79730257678382,15.39865128839191,35.30182769811986,263.8269491683317,239.3030214931613,210.0371896550996,0.0,0,1,0,1,1,0,[],[],[],[],[],[],[],[],[],,,,,,,,,,
87,7,task,False,104.02949475,30.69462125,21.66852571033239,-10.0,10.0,0.0,,,,0.2,0.25,0.0,-0.0,0.0,0.0,0.0,-0.05,2.4182426117120897,TaskProgress,TaskProgress,False,False,0.0,10.0,0.0,False,False,True,False,False,True,IEV,269,20.79730257678382,10.39865128839191,35.30182769811986,263.8269491683317,239.3030214931613,210.0371896550996,0.0,0,0,0,1,0,1,[],[],[],[],[],[],[],[],[],,,,,,,,,,
88,7,task,False,104.02949475,30.69462125,11.66852571033239,-10.0,10.0,0.0,,,,0.2,0.25,0.0,-0.0,0.0,0.0,0.0,-0.05,2.61824261171209,TaskProgress,TaskProgress,False,False,0.0,10.0,0.0,False,False,True,False,False,True,IEV,269,10.79730257678382,5.39865128839191,35.30182769811986,263.8269491683317,239.3030214931613,210.0371896550996,0.0,0,0,2,0,1,0,[],[],[],[],[],[],[],[],[],,,,,,,,,,
89,7,task,False,104.02949475,30.69462125,1.6685257103323892,-10.0,10.0,0.0,,,,0.2,0.25,0.0,-0.0,0.0,0.0,0.0,-0.05,2.81824261171209,TaskProgress,TaskProgress,False,False,0.0,10.0,0.0,False,False,True,False,False,True,IEV,269,0.7973025767838209,0.39865128839191044,35.30182769811986,263.8269491683317,239.3030214931613,210.0371896550996,0.0,0,0,0,0,0,1,[],[],[],[],[],[],[],[],[],,,,,,,,,,
90,7,idle,True,104.02949475,30.69462125,0.8712231335485683,-0.7973025767838209,0.7973025767838209,0.0,,,,0.01594605153567641,0.01993256441959552,0.0,-0.0,0.0,0.0,0.0,-0.0039865128839191135,2.834188663247766,TaskProgress,TaskProgress,False,False,0.0,0.7973025767838209,0.0,False,True,False,False,False,False,,-1,0.0,0.0,35.30182769811986,263.8269491683317,239.3030214931613,210.0371896550996,0.0,15,1,1,0,0,1,"[0.002904077060520649, 0.8480818867683411, 1.0]","[[0.5311001539230347, 0.5420938730239868, 0.7847627401351929, 0.29509153962135315, 0.0], [0.13786563277244568, 0.546561598777771, 0.707920253276825, 0.0, 0.0], [0.5277774333953857, 0.5604414939880371, 0.6611769795417786, 0.21876654028892517, 0.0], [0.6819167137145996, 0.6313340067863464, 0.6222221851348877, 0.0, 0.0], [0.7123883962631226, 0.6718800067901611, 0.7900193929672241, 0.3337143659591675, 0.45141592621803284]]","[false, false, false, false, false]","[0.002904077060520649, 1.0, 0.0, 0.0, 0.8480818867683411, 1.0, 0.28812891244888306]","[true, false, true]","[0.002904077060520649, 0.8480818867683411, 1.0]","[[0.5311001539230347, 0.5420938730239868, 0.7847627401351929, 0.29509153962135315, 0.0], [0.13786563277244568, 0.546561598777771, 0.707920253276825, 0.0, 0.0], [0.5277774333953857, 0.5604414939880371, 0.6611769795417786, 0.21876654028892517, 0.0], [0.6819167137145996, 0.6313340067863464, 0.6222221851348877, 0.0, 0.0], [0.7123883962631226, 0.6718800067901611, 0.7900193929672241, 0.3337143659591675, 0.45141592621803284]]","[true, true, true, true, true]","[119, 142, 218, 25, 139]",0.002904077060520649,1.0,0.0,0.0,0.8480818867683411,1.0,0.28812891244888306,True,False,True
91,7,idle,True,104.057389,30.689595,0.05367880847315809,-0.8175443250754102,0.8175443250754102,2.7251477502513675,Serve,104.057389,30.689595,-0.0866679564814791,0.0,0.0,-0.08258023485610205,0.0,0.0,0.0,-0.00408772162537705,2.747520706766287,Serve,Serve,False,False,0.8175443250754102,0.0,0.0,False,True,False,False,False,False,,-1,0.0,0.0,36.11937202319527,263.8269491683317,239.95705695322164,210.0371896550996,0.0,23,0,2,0,1,0,"[0.00017892936011776328, 0.714648962020874, 1.0]","[[0.6925243139266968, 0.004773237276822329, 0.8232762813568115, 0.3356347978115082, 0.26045146584510803], [0.5185673832893372, 0.01752941869199276, 0.8273112773895264, 0.3331080973148346, 0.25834929943084717], [0.013381410390138626, 0.10672998428344727, 0.823016881942749, 0.3225100338459015, 0.25304296612739563], [0.242566779255867, 0.17506133019924164, 0.8467497229576111, 0.3536301851272583, 0.26266399025917053], [0.4967831075191498, 0.30584198236465454, 0.836155116558075, 0.33876001834869385, 0.5152928829193115]]","[false, false, false, false, false]","[0.00017892936011776328, 1.0, 0.0, 0.3333333432674408, 0.714648962020874, 1.0, 0.0]","[true, false, true]","[0.00017892936011776328, 0.714648962020874, 1.0]","[[0.6925243139266968, 0.004773237276822329, 0.8232762813568115, 0.3356347978115082, 0.26045146584510803], [0.5185673832893372, 0.01752941869199276, 0.8273112773895264, 0.3331080973148346, 0.25834929943084717], [0.013381410390138626, 0.10672998428344727, 0.823016881942749, 0.3225100338459015, 0.25304296612739563], [0.242566779255867, 0.17506133019924164, 0.8467497229576111, 0.3536301851272583, 0.26266399025917053], [0.4967831075191498, 0.30584198236465454, 0.836155116558075, 0.33876001834869385, 0.5152928829193115]]","[true, true, true, true, true]","[253, 39, 280, 28, 173]",0.00017892936011776328,1.0,0.0,0.3333333432674408,0.714648962020874,1.0,0.0,True,False,True
92,7,broken,False,104.05910843911727,30.690229958565457,0.0,-0.05367880847315809,0.05367880847315809,0.178933473549583,Serve,104.0733375,30.6954845,-2.0056906205135654,0.0,0.0,-0.005422226471199486,0.0,0.0,-2.0,-0.0002683940423657827,0.7418300862527216,Serve,Serve,False,False,0.0536800420648749,0.0,0.0,True,False,False,False,True,False,,-1,0.0,0.0,36.17305083166843,263.8269491683317,240.00000000000017,210.0371896550996,0.0,0,0,0,0,0,0,[],[],[],[],[],[],[],[],[],,,,,,,,,,
93,7,broken,False,104.05910843911727,30.690229958565457,0.0,0.0,0.0,0.0,,,,0.0,0.0,0.0,-0.0,0.0,0.0,0.0,0.0,0.7418300862527216,Inactive,Inactive,False,False,0.0,0.0,0.0,False,False,False,False,True,False,,-1,0.0,0.0,36.17305083166843,263.8269491683317,240.00000000000017,210.0371896550996,0.0,0,0,0,0,0,0,[],[],[],[],[],[],[],[],[],,,,,,,,,,
94,7,broken,False,104.05910843911727,30.690229958565457,0.0,0.0,0.0,0.0,,,,0.0,0.0,0.0,-0.0,0.0,0.0,0.0,0.0,0.7418300862527216,Inactive,Inactive,False,False,0.0,0.0,0.0,False,False,False,False,True,False,,-1,0.0,0.0,36.17305083166843,263.8269491683317,240.00000000000017,210.0371896550996,0.0,0,0,0,0,0,0,[],[],[],[],[],[],[],[],[],,,,,,,,,,
95,7,broken,False,104.05910843911727,30.690229958565457,0.0,0.0,0.0,0.0,,,,0.0,0.0,0.0,-0.0,0.0,0.0,0.0,0.0,0.7418300862527216,Inactive,Inactive,False,False,0.0,0.0,0.0,False,False,False,False,True,False,,-1,0.0,0.0,36.17305083166843,263.8269491683317,240.00000000000017,210.0371896550996,0.0,0,0,0,0,0,0,[],[],[],[],[],[],[],[],[],,,,,,,,,,
96,7,broken,False,104.05910843911727,30.690229958565457,0.0,0.0,0.0,0.0,,,,0.0,0.0,0.0,-0.0,0.0,0.0,0.0,0.0,0.7418300862527216,Inactive,Inactive,False,False,0.0,0.0,0.0,False,False,False,False,True,False,,-1,0.0,0.0,36.17305083166843,263.8269491683317,240.00000000000017,210.0371896550996,0.0,0,0,2,0,0,0,[],[],[],[],[],[],[],[],[],,,,,,,,,,
97,7,broken,False,104.05910843911727,30.690229958565457,0.0,0.0,0.0,0.0,,,,0.0,0.0,0.0,-0.0,0.0,0.0,0.0,0.0,0.7418300862527216,Inactive,Inactive,False,False,0.0,0.0,0.0,False,False,False,False,True,False,,-1,0.0,0.0,36.17305083166843,263.8269491683317,240.00000000000017,210.0371896550996,0.0,0,0,1,0,0,0,[],[],[],[],[],[],[],[],[],,,,,,,,,,
98,7,broken,False,104.05910843911727,30.690229958565457,0.0,0.0,0.0,0.0,,,,0.0,0.0,0.0,-0.0,0.0,0.0,0.0,0.0,0.7418300862527216,Inactive,Inactive,False,False,0.0,0.0,0.0,False,False,False,False,True,False,,-1,0.0,0.0,36.17305083166843,263.8269491683317,240.00000000000017,210.0371896550996,0.0,0,0,1,0,0,0,[],[],[],[],[],[],[],[],[],,,,,,,,,,
99,7,broken,False,104.05910843911727,30.690229958565457,0.0,0.0,0.0,0.0,,,,0.0,0.0,0.0,-0.0,0.0,0.0,0.0,0.0,0.7418300862527216,Inactive,Inactive,False,False,0.0,0.0,0.0,False,False,False,False,True,False,,-1,0.0,0.0,36.17305083166843,263.8269491683317,240.00000000000017,210.0371896550996,0.0,0,0,1,0,0,0,[],[],[],[],[],[],[],[],[],,,,,,,,,,
100,7,broken,False,104.05910843911727,30.690229958565457,0.0,0.0,0.0,0.0,,,,0.0,0.0,0.0,-0.0,0.0,0.0,0.0,0.0,0.7418300862527216,Inactive,Inactive,False,False,0.0,0.0,0.0,False,False,False,False,True,False,,-1,0.0,0.0,36.17305083166843,263.8269491683317,240.00000000000017,210.0371896550996,0.0,0,0,0,0,0,0,[],[],[],[],[],[],[],[],[],,,,,,,,,,
101,7,broken,False,104.05910843911727,30.690229958565457,0.0,0.0,0.0,0.0,,,,0.0,0.0,0.0,-0.0,0.0,0.0,0.0,0.0,0.7418300862527216,Inactive,Inactive,False,False,0.0,0.0,0.0,False,False,False,False,True,False,,-1,0.0,0.0,36.17305083166843,263.8269491683317,240.00000000000017,210.0371896550996,0.0,0,0,2,0,0,0,[],[],[],[],[],[],[],[],[],,,,,,,,,,
102,7,broken,False,104.05910843911727,30.690229958565457,0.0,0.0,0.0,0.0,,,,0.0,0.0,0.0,-0.0,0.0,0.0,0.0,0.0,0.7418300862527216,Inactive,Inactive,False,False,0.0,0.0,0.0,False,False,False,False,True,False,,-1,0.0,0.0,36.17305083166843,263.8269491683317,240.00000000000017,210.0371896550996,0.0,0,0,2,0,0,0,[],[],[],[],[],[],[],[],[],,,,,,,,,,
103,7,broken,False,104.05910843911727,30.690229958565457,0.0,0.0,0.0,0.0,,,,0.0,0.0,0.0,-0.0,0.0,0.0,0.0,0.0,0.7418300862527216,Inactive,Inactive,False,False,0.0,0.0,0.0,False,False,False,False,True,False,,-1,0.0,0.0,36.17305083166843,263.8269491683317,240.00000000000017,210.0371896550996,0.0,0,0,0,1,0,0,[],[],[],[],[],[],[],[],[],,,,,,,,,,
104,7,broken,False,104.05910843911727,30.690229958565457,0.0,0.0,0.0,0.0,,,,0.0,0.0,0.0,-0.0,0.0,0.0,0.0,0.0,0.7418300862527216,Inactive,Inactive,False,False,0.0,0.0,0.0,False,False,False,False,True,False,,-1,0.0,0.0,36.17305083166843,263.8269491683317,240.00000000000017,210.0371896550996,0.0,0,0,0,2,0,0,[],[],[],[],[],[],[],[],[],,,,,,,,,,
105,7,broken,False,104.05910843911727,30.690229958565457,0.0,0.0,0.0,0.0,,,,0.0,0.0,0.0,-0.0,0.0,0.0,0.0,0.0,0.7418300862527216,Inactive,Inactive,False,False,0.0,0.0,0.0,False,False,False,False,True,False,,-1,0.0,0.0,36.17305083166843,263.8269491683317,240.00000000000017,210.0371896550996,0.0,0,0,0,2,0,0,[],[],[],[],[],[],[],[],[],,,,,,,,,,
106,7,broken,False,104.05910843911727,30.690229958565457,0.0,0.0,0.0,0.0,,,,0.0,0.0,0.0,-0.0,0.0,0.0,0.0,0.0,0.7418300862527216,Inactive,Inactive,False,False,0.0,0.0,0.0,False,False,False,False,True,False,,-1,0.0,0.0,36.17305083166843,263.8269491683317,240.00000000000017,210.0371896550996,0.0,0,0,0,2,0,0,[],[],[],[],[],[],[],[],[],,,,,,,,,,
107,7,broken,False,104.05910843911727,30.690229958565457,0.0,0.0,0.0,0.0,,,,0.0,0.0,0.0,-0.0,0.0,0.0,0.0,0.0,0.7418300862527216,Inactive,Inactive,False,False,0.0,0.0,0.0,False,False,False,False,True,False,,-1,0.0,0.0,36.17305083166843,263.8269491683317,240.00000000000017,210.0371896550996,0.0,0,0,0,2,0,0,[],[],[],[],[],[],[],[],[],,,,,,,,,,
108,7,broken,False,104.05910843911727,30.690229958565457,0.0,0.0,0.0,0.0,,,,0.0,0.0,0.0,-0.0,0.0,0.0,0.0,0.0,0.7418300862527216,Inactive,Inactive,False,False,0.0,0.0,0.0,False,False,False,False,True,False,,-1,0.0,0.0,36.17305083166843,263.8269491683317,240.00000000000017,210.0371896550996,0.0,0,0,2,0,0,0,[],[],[],[],[],[],[],[],[],,,,,,,,,,
109,7,broken,False,104.05910843911727,30.690229958565457,0.0,0.0,0.0,0.0,,,,0.0,0.0,0.0,-0.0,0.0,0.0,0.0,0.0,0.7418300862527216,Inactive,Inactive,False,False,0.0,0.0,0.0,False,False,False,False,True,False,,-1,0.0,0.0,36.17305083166843,263.8269491683317,240.00000000000017,210.0371896550996,0.0,0,0,0,0,0,0,[],[],[],[],[],[],[],[],[],,,,,,,,,,
110,7,broken,False,104.05910843911727,30.690229958565457,0.0,0.0,0.0,0.0,,,,0.0,0.0,0.0,-0.0,0.0,0.0,0.0,0.0,0.7418300862527216,Inactive,Inactive,False,False,0.0,0.0,0.0,False,False,False,False,True,False,,-1,0.0,0.0,36.17305083166843,263.8269491683317,240.00000000000017,210.0371896550996,0.0,0,0,0,0,0,0,[],[],[],[],[],[],[],[],[],,,,,,,,,,
111,7,broken,False,104.05910843911727,30.690229958565457,0.0,0.0,0.0,0.0,,,,0.0,0.0,0.0,-0.0,0.0,0.0,0.0,0.0,0.7418300862527216,Inactive,Inactive,False,False,0.0,0.0,0.0,False,False,False,False,True,False,,-1,0.0,0.0,36.17305083166843,263.8269491683317,240.00000000000017,210.0371896550996,0.0,0,0,0,0,0,0,[],[],[],[],[],[],[],[],[],,,,,,,,,,
112,7,broken,False,104.05910843911727,30.690229958565457,0.0,0.0,0.0,0.0,,,,0.0,0.0,0.0,-0.0,0.0,0.0,0.0,0.0,0.7418300862527216,Inactive,Inactive,False,False,0.0,0.0,0.0,False,False,False,False,True,False,,-1,0.0,0.0,36.17305083166843,263.8269491683317,240.00000000000017,210.0371896550996,0.0,0,0,0,0,0,0,[],[],[],[],[],[],[],[],[],,,,,,,,,,
113,7,broken,False,104.05910843911727,30.690229958565457,0.0,0.0,0.0,0.0,,,,0.0,0.0,0.0,-0.0,0.0,0.0,0.0,0.0,0.7418300862527216,Inactive,Inactive,False,False,0.0,0.0,0.0,False,False,False,False,True,False,,-1,0.0,0.0,36.17305083166843,263.8269491683317,240.00000000000017,210.0371896550996,0.0,0,0,1,0,0,0,[],[],[],[],[],[],[],[],[],,,,,,,,,,
114,7,broken,False,104.05910843911727,30.690229958565457,0.0,0.0,0.0,0.0,,,,0.0,0.0,0.0,-0.0,0.0,0.0,0.0,0.0,0.7418300862527216,Inactive,Inactive,False,False,0.0,0.0,0.0,False,False,False,False,True,False,,-1,0.0,0.0,36.17305083166843,263.8269491683317,240.00000000000017,210.0371896550996,0.0,0,0,1,0,0,0,[],[],[],[],[],[],[],[],[],,,,,,,,,,
115,7,broken,False,104.05910843911727,30.690229958565457,0.0,0.0,0.0,0.0,,,,0.0,0.0,0.0,-0.0,0.0,0.0,0.0,0.0,0.7418300862527216,Inactive,Inactive,False,False,0.0,0.0,0.0,False,False,False,False,True,False,,-1,0.0,0.0,36.17305083166843,263.8269491683317,240.00000000000017,210.0371896550996,0.0,0,0,1,0,0,0,[],[],[],[],[],[],[],[],[],,,,,,,,,,
116,7,broken,False,104.05910843911727,30.690229958565457,0.0,0.0,0.0,0.0,,,,0.0,0.0,0.0,-0.0,0.0,0.0,0.0,0.0,0.7418300862527216,Inactive,Inactive,False,False,0.0,0.0,0.0,False,False,False,False,True,False,,-1,0.0,0.0,36.17305083166843,263.8269491683317,240.00000000000017,210.0371896550996,0.0,0,0,2,0,0,0,[],[],[],[],[],[],[],[],[],,,,,,,,,,
117,7,broken,False,104.05910843911727,30.690229958565457,0.0,0.0,0.0,0.0,,,,0.0,0.0,0.0,-0.0,0.0,0.0,0.0,0.0,0.7418300862527216,Inactive,Inactive,False,False,0.0,0.0,0.0,False,False,False,False,True,False,,-1,0.0,0.0,36.17305083166843,263.8269491683317,240.00000000000017,210.0371896550996,0.0,0,0,0,0,0,0,[],[],[],[],[],[],[],[],[],,,,,,,,,,
118,7,broken,False,104.05910843911727,30.690229958565457,0.0,0.0,0.0,0.0,,,,0.0,0.0,0.0,-0.0,0.0,0.0,0.0,0.0,0.7418300862527216,Inactive,Inactive,False,False,0.0,0.0,0.0,False,False,False,False,True,False,,-1,0.0,0.0,36.17305083166843,263.8269491683317,240.00000000000017,210.0371896550996,0.0,0,0,0,0,0,0,[],[],[],[],[],[],[],[],[],,,,,,,,,,
119,7,broken,False,104.05910843911727,30.690229958565457,0.0,0.0,0.0,0.0,,,,0.0,0.0,0.0,-0.0,0.0,0.0,0.0,0.0,0.7418300862527216,Inactive,Inactive,False,False,0.0,0.0,0.0,False,False,False,False,True,False,,-1,0.0,0.0,36.17305083166843,263.8269491683317,240.00000000000017,210.0371896550996,0.0,0,0,1,0,0,0,[],[],[],[],[],[],[],[],[],,,,,,,,,,
120,7,broken,False,104.05910843911727,30.690229958565457,0.0,0.0,0.0,0.0,,,,0.0,0.0,0.0,-0.0,0.0,0.0,0.0,0.0,0.7418300862527216,Inactive,Inactive,False,False,0.0,0.0,0.0,False,False,False,False,True,False,,-1,0.0,0.0,36.17305083166843,263.8269491683317,240.00000000000017,210.0371896550996,0.0,0,0,0,0,0,0,[],[],[],[],[],[],[],[],[],,,,,,,,,,
121,7,broken,False,104.05910843911727,30.690229958565457,0.0,0.0,0.0,0.0,,,,0.0,0.0,0.0,-0.0,0.0,0.0,0.0,0.0,0.7418300862527216,Inactive,Inactive,False,False,0.0,0.0,0.0,False,False,False,False,True,False,,-1,0.0,0.0,36.17305083166843,263.8269491683317,240.00000000000017,210.0371896550996,0.0,0,0,1,0,0,0,[],[],[],[],[],[],[],[],[],,,,,,,,,,
122,7,broken,False,104.05910843911727,30.690229958565457,0.0,0.0,0.0,0.0,,,,0.0,0.0,0.0,-0.0,0.0,0.0,0.0,0.0,0.7418300862527216,Inactive,Inactive,False,False,0.0,0.0,0.0,False,False,False,False,True,False,,-1,0.0,0.0,36.17305083166843,263.8269491683317,240.00000000000017,210.0371896550996,0.0,0,0,0,1,0,0,[],[],[],[],[],[],[],[],[],,,,,,,,,,
123,7,broken,False,104.05910843911727,30.690229958565457,0.0,0.0,0.0,0.0,,,,0.0,0.0,0.0,-0.0,0.0,0.0,0.0,0.0,0.7418300862527216,Inactive,Inactive,False,False,0.0,0.0,0.0,False,False,False,False,True,False,,-1,0.0,0.0,36.17305083166843,263.8269491683317,240.00000000000017,210.0371896550996,0.0,0,0,0,1,0,0,[],[],[],[],[],[],[],[],[],,,,,,,,,,
124,7,broken,False,104.05910843911727,30.690229958565457,0.0,0.0,0.0,0.0,,,,0.0,0.0,0.0,-0.0,0.0,0.0,0.0,0.0,0.7418300862527216,Inactive,Inactive,False,False,0.0,0.0,0.0,False,False,False,False,True,False,,-1,0.0,0.0,36.17305083166843,263.8269491683317,240.00000000000017,210.0371896550996,0.0,0,0,1,1,0,0,[],[],[],[],[],[],[],[],[],,,,,,,,,,
125,7,broken,False,104.05910843911727,30.690229958565457,0.0,0.0,0.0,0.0,,,,0.0,0.0,0.0,-0.0,0.0,0.0,0.0,0.0,0.7418300862527216,Inactive,Inactive,False,False,0.0,0.0,0.0,False,False,False,False,True,False,,-1,0.0,0.0,36.17305083166843,263.8269491683317,240.00000000000017,210.0371896550996,0.0,0,0,0,1,0,0,[],[],[],[],[],[],[],[],[],,,,,,,,,,
126,7,broken,False,104.05910843911727,30.690229958565457,0.0,0.0,0.0,0.0,,,,0.0,0.0,0.0,-0.0,0.0,0.0,0.0,0.0,0.7418300862527216,Inactive,Inactive,False,False,0.0,0.0,0.0,False,False,False,False,True,False,,-1,0.0,0.0,36.17305083166843,263.8269491683317,240.00000000000017,210.0371896550996,0.0,0,0,1,0,0,0,[],[],[],[],[],[],[],[],[],,,,,,,,,,
127,7,broken,False,104.05910843911727,30.690229958565457,0.0,0.0,0.0,0.0,,,,0.0,0.0,0.0,-0.0,0.0,0.0,0.0,0.0,0.7418300862527216,Inactive,Inactive,False,False,0.0,0.0,0.0,False,False,False,False,True,False,,-1,0.0,0.0,36.17305083166843,263.8269491683317,240.00000000000017,210.0371896550996,0.0,0,0,0,0,0,0,[],[],[],[],[],[],[],[],[],,,,,,,,,,
128,7,broken,False,104.05910843911727,30.690229958565457,0.0,0.0,0.0,0.0,,,,0.0,0.0,0.0,-0.0,0.0,0.0,0.0,0.0,0.7418300862527216,Inactive,Inactive,False,False,0.0,0.0,0.0,False,False,False,False,True,False,,-1,0.0,0.0,36.17305083166843,263.8269491683317,240.00000000000017,210.0371896550996,0.0,0,0,0,0,0,0,[],[],[],[],[],[],[],[],[],,,,,,,,,,
129,7,broken,False,104.05910843911727,30.690229958565457,0.0,0.0,0.0,0.0,,,,0.0,0.0,0.0,-0.0,0.0,0.0,0.0,0.0,0.7418300862527216,Inactive,Inactive,False,False,0.0,0.0,0.0,False,False,False,False,True,False,,-1,0.0,0.0,36.17305083166843,263.8269491683317,240.00000000000017,210.0371896550996,0.0,0,0,0,0,0,0,[],[],[],[],[],[],[],[],[],,,,,,,,,,
130,7,broken,False,104.05910843911727,30.690229958565457,0.0,0.0,0.0,0.0,,,,0.0,0.0,0.0,-0.0,0.0,0.0,0.0,0.0,0.7418300862527216,Inactive,Inactive,False,False,0.0,0.0,0.0,False,False,False,False,True,False,,-1,0.0,0.0,36.17305083166843,263.8269491683317,240.00000000000017,210.0371896550996,0.0,0,0,0,0,0,0,[],[],[],[],[],[],[],[],[],,,,,,,,,,
131,7,broken,False,104.05910843911727,30.690229958565457,0.0,0.0,0.0,0.0,,,,0.0,0.0,0.0,-0.0,0.0,0.0,0.0,0.0,0.7418300862527216,Inactive,Inactive,False,False,0.0,0.0,0.0,False,False,False,False,True,False,,-1,0.0,0.0,36.17305083166843,263.8269491683317,240.00000000000017,210.0371896550996,0.0,0,0,1,0,0,0,[],[],[],[],[],[],[],[],[],,,,,,,,,,
132,7,broken,False,104.05910843911727,30.690229958565457,0.0,0.0,0.0,0.0,,,,0.0,0.0,0.0,-0.0,0.0,0.0,0.0,0.0,0.7418300862527216,Inactive,Inactive,False,False,0.0,0.0,0.0,False,False,False,False,True,False,,-1,0.0,0.0,36.17305083166843,263.8269491683317,240.00000000000017,210.0371896550996,0.0,0,0,0,1,0,0,[],[],[],[],[],[],[],[],[],,,,,,,,,,
133,7,broken,False,104.05910843911727,30.690229958565457,0.0,0.0,0.0,0.0,,,,0.0,0.0,0.0,-0.0,0.0,0.0,0.0,0.0,0.7418300862527216,Inactive,Inactive,False,False,0.0,0.0,0.0,False,False,False,False,True,False,,-1,0.0,0.0,36.17305083166843,263.8269491683317,240.00000000000017,210.0371896550996,0.0,0,0,1,1,0,0,[],[],[],[],[],[],[],[],[],,,,,,,,,,
134,7,broken,False,104.05910843911727,30.690229958565457,0.0,0.0,0.0,0.0,,,,0.0,0.0,0.0,-0.0,0.0,0.0,0.0,0.0,0.7418300862527216,Inactive,Inactive,False,False,0.0,0.0,0.0,False,False,False,False,True,False,,-1,0.0,0.0,36.17305083166843,263.8269491683317,240.00000000000017,210.0371896550996,0.0,0,0,3,0,0,0,[],[],[],[],[],[],[],[],[],,,,,,,,,,
135,7,broken,False,104.05910843911727,30.690229958565457,0.0,0.0,0.0,0.0,,,,0.0,0.0,0.0,-0.0,0.0,0.0,0.0,0.0,0.7418300862527216,Inactive,Inactive,False,False,0.0,0.0,0.0,False,False,False,False,True,False,,-1,0.0,0.0,36.17305083166843,263.8269491683317,240.00000000000017,210.0371896550996,0.0,0,0,3,0,0,0,[],[],[],[],[],[],[],[],[],,,,,,,,,,
136,7,broken,False,104.05910843911727,30.690229958565457,0.0,0.0,0.0,0.0,,,,0.0,0.0,0.0,-0.0,0.0,0.0,0.0,0.0,0.7418300862527216,Inactive,Inactive,False,False,0.0,0.0,0.0,False,False,False,False,True,False,,-1,0.0,0.0,36.17305083166843,263.8269491683317,240.00000000000017,210.0371896550996,0.0,0,0,2,0,0,0,[],[],[],[],[],[],[],[],[],,,,,,,,,,
137,7,broken,False,104.05910843911727,30.690229958565457,0.0,0.0,0.0,0.0,,,,0.0,0.0,0.0,-0.0,0.0,0.0,0.0,0.0,0.7418300862527216,Inactive,Inactive,False,False,0.0,0.0,0.0,False,False,False,False,True,False,,-1,0.0,0.0,36.17305083166843,263.8269491683317,240.00000000000017,210.0371896550996,0.0,0,0,2,0,0,0,[],[],[],[],[],[],[],[],[],,,,,,,,,,
138,7,broken,False,104.05910843911727,30.690229958565457,0.0,0.0,0.0,0.0,,,,0.0,0.0,0.0,-0.0,0.0,0.0,0.0,0.0,0.7418300862527216,Inactive,Inactive,False,False,0.0,0.0,0.0,False,False,False,False,True,False,,-1,0.0,0.0,36.17305083166843,263.8269491683317,240.00000000000017,210.0371896550996,0.0,0,0,2,0,0,0,[],[],[],[],[],[],[],[],[],,,,,,,,,,
139,7,broken,False,104.05910843911727,30.690229958565457,0.0,0.0,0.0,0.0,,,,0.0,0.0,0.0,-0.0,0.0,0.0,0.0,0.0,0.7418300862527216,Inactive,Inactive,False,False,0.0,0.0,0.0,False,False,False,False,True,False,,-1,0.0,0.0,36.17305083166843,263.8269491683317,240.00000000000017,210.0371896550996,0.0,0,0,2,0,0,0,[],[],[],[],[],[],[],[],[],,,,,,,,,,
140,7,broken,False,104.05910843911727,30.690229958565457,0.0,0.0,0.0,0.0,,,,0.0,0.0,0.0,-0.0,0.0,0.0,0.0,0.0,0.7418300862527216,Inactive,Inactive,False,False,0.0,0.0,0.0,False,False,False,False,True,False,,-1,0.0,0.0,36.17305083166843,263.8269491683317,240.00000000000017,210.0371896550996,0.0,0,0,2,0,0,0,[],[],[],[],[],[],[],[],[],,,,,,,,,,
141,7,broken,False,104.05910843911727,30.690229958565457,0.0,0.0,0.0,0.0,,,,0.0,0.0,0.0,-0.0,0.0,0.0,0.0,0.0,0.7418300862527216,Inactive,Inactive,False,False,0.0,0.0,0.0,False,False,False,False,True,False,,-1,0.0,0.0,36.17305083166843,263.8269491683317,240.00000000000017,210.0371896550996,0.0,0,0,4,0,0,0,[],[],[],[],[],[],[],[],[],,,,,,,,,,
142,7,broken,False,104.05910843911727,30.690229958565457,0.0,0.0,0.0,0.0,,,,0.0,0.0,0.0,-0.0,0.0,0.0,0.0,0.0,0.7418300862527216,Inactive,Inactive,False,False,0.0,0.0,0.0,False,False,False,False,True,False,,-1,0.0,0.0,36.17305083166843,263.8269491683317,240.00000000000017,210.0371896550996,0.0,0,0,3,0,0,0,[],[],[],[],[],[],[],[],[],,,,,,,,,,
143,7,broken,False,104.05910843911727,30.690229958565457,0.0,0.0,0.0,0.0,,,,0.0,0.0,0.0,-0.0,0.0,0.0,0.0,0.0,0.7418300862527216,Inactive,Inactive,False,False,0.0,0.0,0.0,False,False,False,False,True,False,,-1,0.0,0.0,36.17305083166843,263.8269491683317,240.00000000000017,210.0371896550996,0.0,0,0,3,0,0,0,[],[],[],[],[],[],[],[],[],,,,,,,,,,
144,7,broken,False,104.05910843911727,30.690229958565457,0.0,0.0,0.0,0.0,,,,0.0,0.0,0.0,-0.0,0.0,0.0,0.0,0.0,0.7418300862527216,Inactive,Inactive,False,False,0.0,0.0,0.0,False,False,False,False,True,False,,-1,0.0,0.0,36.17305083166843,263.8269491683317,240.00000000000017,210.0371896550996,0.0,0,0,1,0,0,0,[],[],[],[],[],[],[],[],[],,,,,,,,,,
145,7,broken,False,104.05910843911727,30.690229958565457,0.0,0.0,0.0,0.0,,,,0.0,0.0,0.0,-0.0,0.0,0.0,0.0,0.0,0.7418300862527216,Inactive,Inactive,False,False,0.0,0.0,0.0,False,False,False,False,True,False,,-1,0.0,0.0,36.17305083166843,263.8269491683317,240.00000000000017,210.0371896550996,0.0,0,0,1,0,0,0,[],[],[],[],[],[],[],[],[],,,,,,,,,,
146,7,broken,False,104.05910843911727,30.690229958565457,0.0,0.0,0.0,0.0,,,,0.0,0.0,0.0,-0.0,0.0,0.0,0.0,0.0,0.7418300862527216,Inactive,Inactive,False,False,0.0,0.0,0.0,False,False,False,False,True,False,,-1,0.0,0.0,36.17305083166843,263.8269491683317,240.00000000000017,210.0371896550996,0.0,0,0,1,0,0,0,[],[],[],[],[],[],[],[],[],,,,,,,,,,
147,7,broken,False,104.05910843911727,30.690229958565457,0.0,0.0,0.0,0.0,,,,0.0,0.0,0.0,-0.0,0.0,0.0,0.0,0.0,0.7418300862527216,Inactive,Inactive,False,False,0.0,0.0,0.0,False,False,False,False,True,False,,-1,0.0,0.0,36.17305083166843,263.8269491683317,240.00000000000017,210.0371896550996,0.0,0,0,0,0,0,0,[],[],[],[],[],[],[],[],[],,,,,,,,,,
148,7,broken,False,104.05910843911727,30.690229958565457,0.0,0.0,0.0,0.0,,,,0.0,0.0,0.0,-0.0,0.0,0.0,0.0,0.0,0.7418300862527216,Inactive,Inactive,False,False,0.0,0.0,0.0,False,False,False,False,True,False,,-1,0.0,0.0,36.17305083166843,263.8269491683317,240.00000000000017,210.0371896550996,0.0,0,0,2,0,0,0,[],[],[],[],[],[],[],[],[],,,,,,,,,,
149,7,broken,False,104.05910843911727,30.690229958565457,0.0,0.0,0.0,0.0,,,,0.0,0.0,0.0,-0.0,0.0,0.0,0.0,0.0,0.7418300862527216,Inactive,Inactive,False,False,0.0,0.0,0.0,False,False,False,False,True,False,,-1,0.0,0.0,36.17305083166843,263.8269491683317,240.00000000000017,210.0371896550996,0.0,0,0,2,0,0,0,[],[],[],[],[],[],[],[],[],,,,,,,,,,
150,7,broken,False,104.05910843911727,30.690229958565457,0.0,0.0,0.0,0.0,,,,0.0,0.0,0.0,-0.0,0.0,0.0,0.0,0.0,0.7418300862527216,Inactive,Inactive,False,False,0.0,0.0,0.0,False,False,False,False,True,False,,-1,0.0,0.0,36.17305083166843,263.8269491683317,240.00000000000017,210.0371896550996,0.0,0,0,2,0,0,0,[],[],[],[],[],[],[],[],[],,,,,,,,,,
151,7,broken,False,104.05910843911727,30.690229958565457,0.0,0.0,0.0,0.0,,,,0.0,0.0,0.0,-0.0,0.0,0.0,0.0,0.0,0.7418300862527216,Inactive,Inactive,False,False,0.0,0.0,0.0,False,False,False,False,True,False,,-1,0.0,0.0,36.17305083166843,263.8269491683317,240.00000000000017,210.0371896550996,0.0,0,0,2,0,0,0,[],[],[],[],[],[],[],[],[],,,,,,,,,,
152,7,broken,False,104.05910843911727,30.690229958565457,0.0,0.0,0.0,0.0,,,,0.0,0.0,0.0,-0.0,0.0,0.0,0.0,0.0,0.7418300862527216,Inactive,Inactive,False,False,0.0,0.0,0.0,False,False,False,False,True,False,,-1,0.0,0.0,36.17305083166843,263.8269491683317,240.00000000000017,210.0371896550996,0.0,0,0,2,0,0,0,[],[],[],[],[],[],[],[],[],,,,,,,,,,
153,7,broken,False,104.05910843911727,30.690229958565457,0.0,0.0,0.0,0.0,,,,0.0,0.0,0.0,-0.0,0.0,0.0,0.0,0.0,0.7418300862527216,Inactive,Inactive,False,False,0.0,0.0,0.0,False,False,False,False,True,False,,-1,0.0,0.0,36.17305083166843,263.8269491683317,240.00000000000017,210.0371896550996,0.0,0,0,2,0,0,0,[],[],[],[],[],[],[],[],[],,,,,,,,,,
154,7,broken,False,104.05910843911727,30.690229958565457,0.0,0.0,0.0,0.0,,,,0.0,0.0,0.0,-0.0,0.0,0.0,0.0,0.0,0.7418300862527216,Inactive,Inactive,False,False,0.0,0.0,0.0,False,False,False,False,True,False,,-1,0.0,0.0,36.17305083166843,263.8269491683317,240.00000000000017,210.0371896550996,0.0,0,0,0,0,0,0,[],[],[],[],[],[],[],[],[],,,,,,,,,,
155,7,broken,False,104.05910843911727,30.690229958565457,0.0,0.0,0.0,0.0,,,,0.0,0.0,0.0,-0.0,0.0,0.0,0.0,0.0,0.7418300862527216,Inactive,Inactive,False,False,0.0,0.0,0.0,False,False,False,False,True,False,,-1,0.0,0.0,36.17305083166843,263.8269491683317,240.00000000000017,210.0371896550996,0.0,0,0,2,0,0,0,[],[],[],[],[],[],[],[],[],,,,,,,,,,
156,7,broken,False,104.05910843911727,30.690229958565457,0.0,0.0,0.0,0.0,,,,0.0,0.0,0.0,-0.0,0.0,0.0,0.0,0.0,0.7418300862527216,Inactive,Inactive,False,False,0.0,0.0,0.0,False,False,False,False,True,False,,-1,0.0,0.0,36.17305083166843,263.8269491683317,240.00000000000017,210.0371896550996,0.0,0,0,3,0,0,0,[],[],[],[],[],[],[],[],[],,,,,,,,,,
157,7,broken,False,104.05910843911727,30.690229958565457,0.0,0.0,0.0,0.0,,,,0.0,0.0,0.0,-0.0,0.0,0.0,0.0,0.0,0.7418300862527216,Inactive,Inactive,False,False,0.0,0.0,0.0,False,False,False,False,True,False,,-1,0.0,0.0,36.17305083166843,263.8269491683317,240.00000000000017,210.0371896550996,0.0,0,0,3,0,0,0,[],[],[],[],[],[],[],[],[],,,,,,,,,,
158,7,broken,False,104.05910843911727,30.690229958565457,0.0,0.0,0.0,0.0,,,,0.0,0.0,0.0,-0.0,0.0,0.0,0.0,0.0,0.7418300862527216,Inactive,Inactive,False,False,0.0,0.0,0.0,False,False,False,False,True,False,,-1,0.0,0.0,36.17305083166843,263.8269491683317,240.00000000000017,210.0371896550996,0.0,0,0,2,0,0,0,[],[],[],[],[],[],[],[],[],,,,,,,,,,
159,7,broken,False,104.05910843911727,30.690229958565457,0.0,0.0,0.0,0.0,,,,0.0,0.0,0.0,-0.0,0.0,0.0,0.0,0.0,0.7418300862527216,Inactive,Inactive,False,False,0.0,0.0,0.0,False,False,False,False,True,False,,-1,0.0,0.0,36.17305083166843,263.8269491683317,240.00000000000017,210.0371896550996,0.0,0,0,1,0,0,0,[],[],[],[],[],[],[],[],[],,,,,,,,,,
160,7,broken,False,104.05910843911727,30.690229958565457,0.0,0.0,0.0,0.0,,,,0.0,0.0,0.0,-0.0,0.0,0.0,0.0,0.0,0.7418300862527216,Inactive,Inactive,False,False,0.0,0.0,0.0,False,False,False,False,True,False,,-1,0.0,0.0,36.17305083166843,263.8269491683317,240.00000000000017,210.0371896550996,0.0,0,0,1,0,0,0,[],[],[],[],[],[],[],[],[],,,,,,,,,,
161,7,broken,False,104.05910843911727,30.690229958565457,0.0,0.0,0.0,0.0,,,,0.0,0.0,0.0,-0.0,0.0,0.0,0.0,0.0,0.7418300862527216,Inactive,Inactive,False,False,0.0,0.0,0.0,False,False,False,False,True,False,,-1,0.0,0.0,36.17305083166843,263.8269491683317,240.00000000000017,210.0371896550996,0.0,0,0,2,0,0,0,[],[],[],[],[],[],[],[],[],,,,,,,,,,
162,7,broken,False,104.05910843911727,30.690229958565457,0.0,0.0,0.0,0.0,,,,0.0,0.0,0.0,-0.0,0.0,0.0,0.0,0.0,0.7418300862527216,Inactive,Inactive,False,False,0.0,0.0,0.0,False,False,False,False,True,False,,-1,0.0,0.0,36.17305083166843,263.8269491683317,240.00000000000017,210.0371896550996,0.0,0,0,2,0,0,0,[],[],[],[],[],[],[],[],[],,,,,,,,,,
163,7,broken,False,104.05910843911727,30.690229958565457,0.0,0.0,0.0,0.0,,,,0.0,0.0,0.0,-0.0,0.0,0.0,0.0,0.0,0.7418300862527216,Inactive,Inactive,False,False,0.0,0.0,0.0,False,False,False,False,True,False,,-1,0.0,0.0,36.17305083166843,263.8269491683317,240.00000000000017,210.0371896550996,0.0,0,0,1,0,0,0,[],[],[],[],[],[],[],[],[],,,,,,,,,,
164,7,broken,False,104.05910843911727,30.690229958565457,0.0,0.0,0.0,0.0,,,,0.0,0.0,0.0,-0.0,0.0,0.0,0.0,0.0,0.7418300862527216,Inactive,Inactive,False,False,0.0,0.0,0.0,False,False,False,False,True,False,,-1,0.0,0.0,36.17305083166843,263.8269491683317,240.00000000000017,210.0371896550996,0.0,0,0,0,0,0,0,[],[],[],[],[],[],[],[],[],,,,,,,,,,
165,7,broken,False,104.05910843911727,30.690229958565457,0.0,0.0,0.0,0.0,,,,0.0,0.0,0.0,-0.0,0.0,0.0,0.0,0.0,0.7418300862527216,Inactive,Inactive,False,False,0.0,0.0,0.0,False,False,False,False,True,False,,-1,0.0,0.0,36.17305083166843,263.8269491683317,240.00000000000017,210.0371896550996,0.0,0,0,1,0,0,0,[],[],[],[],[],[],[],[],[],,,,,,,,,,
166,7,broken,False,104.05910843911727,30.690229958565457,0.0,0.0,0.0,0.0,,,,0.0,0.0,0.0,-0.0,0.0,0.0,0.0,0.0,0.7418300862527216,Inactive,Inactive,False,False,0.0,0.0,0.0,False,False,False,False,True,False,,-1,0.0,0.0,36.17305083166843,263.8269491683317,240.00000000000017,210.0371896550996,0.0,0,0,0,0,0,0,[],[],[],[],[],[],[],[],[],,,,,,,,,,
167,7,broken,False,104.05910843911727,30.690229958565457,0.0,0.0,0.0,0.0,,,,0.0,0.0,0.0,-0.0,0.0,0.0,0.0,0.0,0.7418300862527216,Inactive,Inactive,False,False,0.0,0.0,0.0,False,False,False,False,True,False,,-1,0.0,0.0,36.17305083166843,263.8269491683317,240.00000000000017,210.0371896550996,0.0,0,0,0,0,0,0,[],[],[],[],[],[],[],[],[],,,,,,,,,,
168,7,broken,False,104.05910843911727,30.690229958565457,0.0,0.0,0.0,0.0,,,,0.0,0.0,0.0,-0.0,0.0,0.0,0.0,0.0,0.7418300862527216,Inactive,Inactive,False,False,0.0,0.0,0.0,False,False,False,False,True,False,,-1,0.0,0.0,36.17305083166843,263.8269491683317,240.00000000000017,210.0371896550996,0.0,0,0,0,0,0,0,[],[],[],[],[],[],[],[],[],,,,,,,,,,
169,7,broken,False,104.05910843911727,30.690229958565457,0.0,0.0,0.0,0.0,,,,0.0,0.0,0.0,-0.0,0.0,0.0,0.0,0.0,0.7418300862527216,Inactive,Inactive,False,False,0.0,0.0,0.0,False,False,False,False,True,False,,-1,0.0,0.0,36.17305083166843,263.8269491683317,240.00000000000017,210.0371896550996,0.0,0,0,0,0,0,0,[],[],[],[],[],[],[],[],[],,,,,,,,,,
170,7,broken,False,104.05910843911727,30.690229958565457,0.0,0.0,0.0,0.0,,,,0.0,0.0,0.0,-0.0,0.0,0.0,0.0,0.0,0.7418300862527216,Inactive,Inactive,False,False,0.0,0.0,0.0,False,False,False,False,True,False,,-1,0.0,0.0,36.17305083166843,263.8269491683317,240.00000000000017,210.0371896550996,0.0,0,0,0,0,0,0,[],[],[],[],[],[],[],[],[],,,,,,,,,,
171,7,broken,False,104.05910843911727,30.690229958565457,0.0,0.0,0.0,0.0,,,,0.0,0.0,0.0,-0.0,0.0,0.0,0.0,0.0,0.7418300862527216,Inactive,Inactive,False,False,0.0,0.0,0.0,False,False,False,False,True,False,,-1,0.0,0.0,36.17305083166843,263.8269491683317,240.00000000000017,210.0371896550996,0.0,0,0,0,0,0,0,[],[],[],[],[],[],[],[],[],,,,,,,,,,
172,7,broken,False,104.05910843911727,30.690229958565457,0.0,0.0,0.0,0.0,,,,0.0,0.0,0.0,-0.0,0.0,0.0,0.0,0.0,0.7418300862527216,Inactive,Inactive,False,False,0.0,0.0,0.0,False,False,False,False,True,False,,-1,0.0,0.0,36.17305083166843,263.8269491683317,240.00000000000017,210.0371896550996,0.0,0,0,0,0,0,0,[],[],[],[],[],[],[],[],[],,,,,,,,,,
173,7,broken,False,104.05910843911727,30.690229958565457,0.0,0.0,0.0,0.0,,,,0.0,0.0,0.0,-0.0,0.0,0.0,0.0,0.0,0.7418300862527216,Inactive,Inactive,False,False,0.0,0.0,0.0,False,False,False,False,True,False,,-1,0.0,0.0,36.17305083166843,263.8269491683317,240.00000000000017,210.0371896550996,0.0,0,0,0,0,0,0,[],[],[],[],[],[],[],[],[],,,,,,,,,,
174,7,broken,False,104.05910843911727,30.690229958565457,0.0,0.0,0.0,0.0,,,,0.0,0.0,0.0,-0.0,0.0,0.0,0.0,0.0,0.7418300862527216,Inactive,Inactive,False,False,0.0,0.0,0.0,False,False,False,False,True,False,,-1,0.0,0.0,36.17305083166843,263.8269491683317,240.00000000000017,210.0371896550996,0.0,0,0,0,0,0,0,[],[],[],[],[],[],[],[],[],,,,,,,,,,
175,7,broken,False,104.05910843911727,30.690229958565457,0.0,0.0,0.0,0.0,,,,0.0,0.0,0.0,-0.0,0.0,0.0,0.0,0.0,0.7418300862527216,Inactive,Inactive,False,False,0.0,0.0,0.0,False,False,False,False,True,False,,-1,0.0,0.0,36.17305083166843,263.8269491683317,240.00000000000017,210.0371896550996,0.0,0,0,0,0,0,0,[],[],[],[],[],[],[],[],[],,,,,,,,,,
176,7,broken,False,104.05910843911727,30.690229958565457,0.0,0.0,0.0,0.0,,,,0.0,0.0,0.0,-0.0,0.0,0.0,0.0,0.0,0.7418300862527216,Inactive,Inactive,False,False,0.0,0.0,0.0,False,False,False,False,True,False,,-1,0.0,0.0,36.17305083166843,263.8269491683317,240.00000000000017,210.0371896550996,0.0,0,0,0,0,0,0,[],[],[],[],[],[],[],[],[],,,,,,,,,,
177,7,broken,False,104.05910843911727,30.690229958565457,0.0,0.0,0.0,0.0,,,,0.0,0.0,0.0,-0.0,0.0,0.0,0.0,0.0,0.7418300862527216,Inactive,Inactive,False,False,0.0,0.0,0.0,False,False,False,False,True,False,,-1,0.0,0.0,36.17305083166843,263.8269491683317,240.00000000000017,210.0371896550996,0.0,0,0,0,0,0,0,[],[],[],[],[],[],[],[],[],,,,,,,,,,
178,7,broken,False,104.05910843911727,30.690229958565457,0.0,0.0,0.0,0.0,,,,0.0,0.0,0.0,-0.0,0.0,0.0,0.0,0.0,0.7418300862527216,Inactive,Inactive,False,False,0.0,0.0,0.0,False,False,False,False,True,False,,-1,0.0,0.0,36.17305083166843,263.8269491683317,240.00000000000017,210.0371896550996,0.0,0,0,0,0,0,0,[],[],[],[],[],[],[],[],[],,,,,,,,,,
179,7,broken,False,104.05910843911727,30.690229958565457,0.0,0.0,0.0,0.0,,,,0.0,0.0,0.0,-0.0,0.0,0.0,0.0,0.0,0.7418300862527216,Inactive,Inactive,False,False,0.0,0.0,0.0,False,False,False,False,True,False,,-1,0.0,0.0,36.17305083166843,263.8269491683317,240.00000000000017,210.0371896550996,0.0,0,0,0,0,0,0,[],[],[],[],[],[],[],[],[],,,,,,,,,,
180,7,broken,False,104.05910843911727,30.690229958565457,0.0,0.0,0.0,0.0,,,,0.0,0.0,0.0,-0.0,0.0,0.0,0.0,0.0,0.7418300862527216,Inactive,Inactive,False,False,0.0,0.0,0.0,False,False,False,False,True,False,,-1,0.0,0.0,36.17305083166843,263.8269491683317,240.00000000000017,210.0371896550996,0.0,0,0,0,0,0,0,[],[],[],[],[],[],[],[],[],,,,,,,,,,
181,7,broken,False,104.05910843911727,30.690229958565457,0.0,0.0,0.0,0.0,,,,0.0,0.0,0.0,-0.0,0.0,0.0,0.0,0.0,0.7418300862527216,Inactive,Inactive,False,False,0.0,0.0,0.0,False,False,False,False,True,False,,-1,0.0,0.0,36.17305083166843,263.8269491683317,240.00000000000017,210.0371896550996,0.0,0,0,0,0,0,0,[],[],[],[],[],[],[],[],[],,,,,,,,,,
182,7,broken,False,104.05910843911727,30.690229958565457,0.0,0.0,0.0,0.0,,,,0.0,0.0,0.0,-0.0,0.0,0.0,0.0,0.0,0.7418300862527216,Inactive,Inactive,False,False,0.0,0.0,0.0,False,False,False,False,True,False,,-1,0.0,0.0,36.17305083166843,263.8269491683317,240.00000000000017,210.0371896550996,0.0,0,0,0,0,0,0,[],[],[],[],[],[],[],[],[],,,,,,,,,,
183,7,broken,False,104.05910843911727,30.690229958565457,0.0,0.0,0.0,0.0,,,,0.0,0.0,0.0,-0.0,0.0,0.0,0.0,0.0,0.7418300862527216,Inactive,Inactive,False,False,0.0,0.0,0.0,False,False,False,False,True,False,,-1,0.0,0.0,36.17305083166843,263.8269491683317,240.00000000000017,210.0371896550996,0.0,0,0,0,0,0,0,[],[],[],[],[],[],[],[],[],,,,,,,,,,
184,7,broken,False,104.05910843911727,30.690229958565457,0.0,0.0,0.0,0.0,,,,0.0,0.0,0.0,-0.0,0.0,0.0,0.0,0.0,0.7418300862527216,Inactive,Inactive,False,False,0.0,0.0,0.0,False,False,False,False,True,False,,-1,0.0,0.0,36.17305083166843,263.8269491683317,240.00000000000017,210.0371896550996,0.0,0,0,0,0,0,0,[],[],[],[],[],[],[],[],[],,,,,,,,,,
185,7,broken,False,104.05910843911727,30.690229958565457,0.0,0.0,0.0,0.0,,,,0.0,0.0,0.0,-0.0,0.0,0.0,0.0,0.0,0.7418300862527216,Inactive,Inactive,False,False,0.0,0.0,0.0,False,False,False,False,True,False,,-1,0.0,0.0,36.17305083166843,263.8269491683317,240.00000000000017,210.0371896550996,0.0,0,0,3,0,0,0,[],[],[],[],[],[],[],[],[],,,,,,,,,,
186,7,broken,False,104.05910843911727,30.690229958565457,0.0,0.0,0.0,0.0,,,,0.0,0.0,0.0,-0.0,0.0,0.0,0.0,0.0,0.7418300862527216,Inactive,Inactive,False,False,0.0,0.0,0.0,False,False,False,False,True,False,,-1,0.0,0.0,36.17305083166843,263.8269491683317,240.00000000000017,210.0371896550996,0.0,0,0,3,0,0,0,[],[],[],[],[],[],[],[],[],,,,,,,,,,
187,7,broken,False,104.05910843911727,30.690229958565457,0.0,0.0,0.0,0.0,,,,0.0,0.0,0.0,-0.0,0.0,0.0,0.0,0.0,0.7418300862527216,Inactive,Inactive,False,False,0.0,0.0,0.0,False,False,False,False,True,False,,-1,0.0,0.0,36.17305083166843,263.8269491683317,240.00000000000017,210.0371896550996,0.0,0,0,3,0,0,0,[],[],[],[],[],[],[],[],[],,,,,,,,,,
188,7,broken,False,104.05910843911727,30.690229958565457,0.0,0.0,0.0,0.0,,,,0.0,0.0,0.0,-0.0,0.0,0.0,0.0,0.0,0.7418300862527216,Inactive,Inactive,False,False,0.0,0.0,0.0,False,False,False,False,True,False,,-1,0.0,0.0,36.17305083166843,263.8269491683317,240.00000000000017,210.0371896550996,0.0,0,0,3,0,0,0,[],[],[],[],[],[],[],[],[],,,,,,,,,,
189,7,broken,False,104.05910843911727,30.690229958565457,0.0,0.0,0.0,0.0,,,,0.0,0.0,0.0,-0.0,0.0,0.0,0.0,0.0,0.7418300862527216,Inactive,Inactive,False,False,0.0,0.0,0.0,False,False,False,False,True,False,,-1,0.0,0.0,36.17305083166843,263.8269491683317,240.00000000000017,210.0371896550996,0.0,0,0,3,0,0,0,[],[],[],[],[],[],[],[],[],,,,,,,,,,
190,7,broken,False,104.05910843911727,30.690229958565457,0.0,0.0,0.0,0.0,,,,0.0,0.0,0.0,-0.0,0.0,0.0,0.0,0.0,0.7418300862527216,Inactive,Inactive,False,False,0.0,0.0,0.0,False,False,False,False,True,False,,-1,0.0,0.0,36.17305083166843,263.8269491683317,240.00000000000017,210.0371896550996,0.0,0,0,3,0,0,0,[],[],[],[],[],[],[],[],[],,,,,,,,,,
191,7,broken,False,104.05910843911727,30.690229958565457,0.0,0.0,0.0,0.0,,,,0.0,0.0,0.0,-0.0,0.0,0.0,0.0,0.0,0.7418300862527216,Inactive,Inactive,False,False,0.0,0.0,0.0,False,False,False,False,True,False,,-1,0.0,0.0,36.17305083166843,263.8269491683317,240.00000000000017,210.0371896550996,0.0,0,0,3,0,0,0,[],[],[],[],[],[],[],[],[],,,,,,,,,,
192,7,broken,False,104.05910843911727,30.690229958565457,0.0,0.0,0.0,0.0,,,,0.0,0.0,0.0,-0.0,0.0,0.0,0.0,0.0,0.7418300862527216,Inactive,Inactive,False,False,0.0,0.0,0.0,False,False,False,False,True,False,,-1,0.0,0.0,36.17305083166843,263.8269491683317,240.00000000000017,210.0371896550996,0.0,0,0,3,0,0,0,[],[],[],[],[],[],[],[],[],,,,,,,,,,
193,7,broken,False,104.05910843911727,30.690229958565457,0.0,0.0,0.0,0.0,,,,0.0,0.0,0.0,-0.0,0.0,0.0,0.0,0.0,0.7418300862527216,Inactive,Inactive,False,False,0.0,0.0,0.0,False,False,False,False,True,False,,-1,0.0,0.0,36.17305083166843,263.8269491683317,240.00000000000017,210.0371896550996,0.0,0,0,3,0,0,0,[],[],[],[],[],[],[],[],[],,,,,,,,,,
194,7,broken,False,104.05910843911727,30.690229958565457,0.0,0.0,0.0,0.0,,,,0.0,0.0,0.0,-0.0,0.0,0.0,0.0,0.0,0.7418300862527216,Inactive,Inactive,False,False,0.0,0.0,0.0,False,False,False,False,True,False,,-1,0.0,0.0,36.17305083166843,263.8269491683317,240.00000000000017,210.0371896550996,0.0,0,0,3,0,0,0,[],[],[],[],[],[],[],[],[],,,,,,,,,,
195,7,broken,False,104.05910843911727,30.690229958565457,0.0,0.0,0.0,0.0,,,,0.0,0.0,0.0,-0.0,0.0,0.0,0.0,0.0,0.7418300862527216,Inactive,Inactive,False,False,0.0,0.0,0.0,False,False,False,False,True,False,,-1,0.0,0.0,36.17305083166843,263.8269491683317,240.00000000000017,210.0371896550996,0.0,0,0,3,0,0,0,[],[],[],[],[],[],[],[],[],,,,,,,,,,
196,7,broken,False,104.05910843911727,30.690229958565457,0.0,0.0,0.0,0.0,,,,0.0,0.0,0.0,-0.0,0.0,0.0,0.0,0.0,0.7418300862527216,Inactive,Inactive,False,False,0.0,0.0,0.0,False,False,False,False,True,False,,-1,0.0,0.0,36.17305083166843,263.8269491683317,240.00000000000017,210.0371896550996,0.0,0,0,3,0,0,0,[],[],[],[],[],[],[],[],[],,,,,,,,,,
197,7,broken,False,104.05910843911727,30.690229958565457,0.0,0.0,0.0,0.0,,,,0.0,0.0,0.0,-0.0,0.0,0.0,0.0,0.0,0.7418300862527216,Inactive,Inactive,False,False,0.0,0.0,0.0,False,False,False,False,True,False,,-1,0.0,0.0,36.17305083166843,263.8269491683317,240.00000000000017,210.0371896550996,0.0,0,0,3,0,0,0,[],[],[],[],[],[],[],[],[],,,,,,,,,,
198,7,broken,False,104.05910843911727,30.690229958565457,0.0,0.0,0.0,0.0,,,,0.0,0.0,0.0,-0.0,0.0,0.0,0.0,0.0,0.7418300862527216,Inactive,Inactive,False,False,0.0,0.0,0.0,False,False,False,False,True,False,,-1,0.0,0.0,36.17305083166843,263.8269491683317,240.00000000000017,210.0371896550996,0.0,0,0,3,0,0,0,[],[],[],[],[],[],[],[],[],,,,,,,,,,
199,7,broken,False,104.05910843911727,30.690229958565457,0.0,0.0,0.0,0.0,,,,0.0,0.0,0.0,-0.0,0.0,0.0,0.0,0.0,0.7418300862527216,Inactive,Inactive,False,False,0.0,0.0,0.0,False,False,False,False,True,False,,-1,0.0,0.0,36.17305083166843,263.8269491683317,240.00000000000017,210.0371896550996,0.0,0,0,3,0,0,0,[],[],[],[],[],[],[],[],[],,,,,,,,,,
200,7,broken,False,104.05910843911727,30.690229958565457,0.0,0.0,0.0,0.0,,,,0.0,0.0,0.0,-0.0,0.0,0.0,0.0,0.0,0.7418300862527216,Inactive,Inactive,False,False,0.0,0.0,0.0,False,False,False,False,True,False,,-1,0.0,0.0,36.17305083166843,263.8269491683317,240.00000000000017,210.0371896550996,0.0,0,0,3,0,0,0,[],[],[],[],[],[],[],[],[],,,,,,,,,,
