step,mcs_id,state,is_agent,longitude,latitude,remain_kwh,remain_change_kwh,energy_used_kwh,moved_distance_km,action_mode,action_target_longitude,action_target_latitude,reward,total_reward,is_idle,is_task,is_recharging,is_broken,is_arrive,current_target_type,current_target_id,charge_power_kwh,charge_time_remain_min,total_energy_consumed,total_charged_kwh,total_cost,total_profit,total_idle_time_min,near_quasi_count,near_iev_count,near_idle_mcs_count,near_task_mcs_count,near_available_fcs_count,near_busy_fcs_count,obs_self,obs_tgt,obs_mask
0,11,idle,True,103.98249578074815,30.678154028095552,300.0,0.0,0.0,0.0,,,,0.0,0.0,True,False,False,False,False,,-1,0.0,0.0,0.0,0.0,0.0,0.0,0.0,21,0,0,0,2,0,"[1.0, 2.255503657768495, 0.38614889912897965]","[[33.05101971761738, 0.3108927531017958, 251.71473668716388, 0.0, 2.4939444501915466], [47.18672856391916, 0.346132752585542, 167.41504520885192, 0.0, 1.7604916775761899], [15.78628781440549, 0.35785841620628434, 263.1559259771284, 0.0, 2.271956537114986], [38.05334025297482, 0.38484790123193785, 306.3749800403292, 0.3149365800699785, 2.9103932554667704], [19.6123770996823, 0.385164438003523, 221.26316345808468, 0.0, 1.1201104070778596]]","[false, false, false, false, false]"
1,11,idle,True,103.993436,30.66132,299.35666454686316,-0.6433354531368423,0.6433354531368423,2.144451510456175,Serve,103.993436,30.66132,0.6342316860477301,0.6342316860477301,True,False,False,False,False,,-1,0.0,0.0,0.6433354531368526,0.0,0.5146683625094821,0.0,0.0,35,0,2,0,2,0,"[0.9978555484895438, 3.0489344100352898, 0.5970102630432048]","[[56.96929209169802, 0.33503721376416734, 341.25556739087926, 0.3021886680166424, 2.904240208453255], [48.22524563541414, 0.4014053622154628, 337.75094284610395, 0.5529530417451916, 2.641101069003179], [15.643697857266886, 0.433070714134091, 360.0754399113763, 0.6078066511322298, 1.7246662880445567], [6.703293925936734, 0.44041955227263624, 391.01172596699246, 1.2908396738353753, 0.9160313734997572], [35.787739028706554, 0.4418173841979261, 412.66191346582866, 0.5528948952761518, 2.596479937478466]]","[false, false, false, false, false]"
2,11,idle,True,103.969467,30.669841,298.6124832002532,-0.7441813466099347,0.7441813466099347,2.480604488699688,Serve,103.969467,30.669841,0.6968425600745707,1.3310742461223009,True,False,False,False,False,,-1,0.0,0.0,1.3875167997467588,0.0,1.1100134397974073,0.0,0.0,17,0,0,0,1,0,"[0.995374944000844, 1.9411851541119605, 0.7380043938712539]","[[40.3901704410292, 0.0027787060493984304, 283.84361841417, 0.0, 1.1791226203680367], [50.03385439795645, 0.20341875659350106, 333.102270844141, 0.0, 2.2674965996589598], [43.081255131801626, 0.21467684738193074, 339.09443392720914, 0.0, 1.532532642424217], [7.630367764316489, 0.216294193512139, 374.3866359906033, 0.0, 1.5366757161007076], [76.0198514817589, 0.22123977591754448, 251.47299127747567, 0.0, 1.1304090184588695]]","[false, false, false, false, false]"
3,11,idle,True,103.975815,30.670396,298.42940631931907,-0.1830768809341521,0.1830768809341521,0.6102562697805032,Serve,103.975815,30.670396,0.6978038014347026,2.0288780475570034,True,False,False,False,False,,-1,0.0,0.0,1.5705936806809098,0.0,1.256474944544728,0.0,0.0,17,0,0,0,2,0,"[0.9947646877310635, 3.0192542381025524, 0.5850372183509064]","[[50.03385439795645, 0.0017944972661371771, 291.1324871206768, 0.0, 2.2663337283713987], [34.366402778043266, 0.08606386893768792, 339.61941454445054, 0.0, 2.4939444501915466], [7.630367764316489, 0.14362414209306792, 351.4825526594871, 0.0, 1.5366757161007076], [43.081255131801626, 0.14362588024006542, 316.210744576387, 0.0, 1.532532642424217], [40.3901704410292, 0.2092008199176487, 272.951702122933, 0.0, 1.1731468392683284]]","[false, false, false, false, false]"
4,11,idle,True,103.978512,30.670498,298.35194883727513,-0.07745748204393976,0.07745748204393976,0.25819160681306375,Serve,103.978512,30.670498,0.698236767119663,2.7271148146766664,True,False,False,False,False,,-1,0.0,0.0,1.6480511627248289,0.0,1.3184409301798634,0.0,0.0,20,0,0,0,2,0,"[0.9945064961242505, 3.856977122762105, 0.609983247195393]","[[34.366402778043266, 0.0, 322.22440557450227, 0.0, 2.4939444501915466], [50.03385439795645, 0.08543658286390578, 293.9261136840285, 0.0, 2.2717868786903255], [7.630367764316489, 0.1819287050905375, 322.96431174825875, 0.0, 1.5366757161007076], [43.081255131801626, 0.18275076137287097, 287.67813267148796, 0.0, 1.532532642424217], [40.3901704410292, 0.29388627798430533, 248.20681188143394, 0.0, 1.1742214996491704]]","[false, false, false, false, false]"
5,11,idle,True,103.975032,30.66658,298.18747315203956,-0.16447568523557266,0.16447568523557266,0.5482522841186129,Serve,103.975032,30.66658,0.6984660689275355,3.425580883604202,True,False,False,False,False,,-1,0.0,0.0,1.8125268479604126,0.0,1.4500214783683305,0.0,0.0,21,0,0,0,1,0,"[0.9939582438401319, 3.1131112080462646, 0.7507973009314111]","[[43.081255131801626, 0.0, 307.8263671521871, 0.0, 1.532532642424217], [7.630367764316489, 0.0017783736195168846, 343.1115740642444, 0.0, 1.5366757161007076], [50.03385439795645, 0.1419013275764588, 274.9636447029502, 0.0, 2.2657737801699023], [34.366402778043266, 0.18275076137287097, 297.42948927811636, 0.0, 2.4939444501915466], [40.3901704410292, 0.22447296522444657, 248.90361031470536, 0.0, 1.1693080299441536]]","[false, false, false, false, false]"
6,11,idle,True,103.951994,30.681303,297.36399424368574,-0.8234789083538203,0.8234789083538203,2.7449296945127504,Serve,103.951994,30.681303,0.6071468136109266,4.032727697215129,True,False,False,False,False,,-1,0.0,0.0,2.636005756314238,0.0,2.1088046050513904,0.0,0.0,10,0,0,0,0,0,"[0.9912133141456191, 0.9911142027253466, 0.9999995573441889]","[[59.072686326701955, 0.6320707896855796, 68.30447057846787, 0.0, 0.0], [27.454071752452393, 0.6586654173342216, 257.5370774624929, 0.0, 1.1479220688662228], [40.3901704410292, 0.6960645658703563, 272.8309380532344, 0.0, 1.177017520832811], [28.41451514614681, 0.7436134678254845, 241.82839930179253, 0.0, 1.8523771385988141], [76.0198514817589, 0.8126260852317779, 249.42466737425303, 0.0, 1.133108125710985]]","[false, false, false, false, false]"
7,11,idle,True,103.969279,30.671567,296.77119536808493,-0.5927988756008062,0.5927988756008062,1.9759962520026646,Serve,103.969279,30.671567,0.6911802437213991,4.723907940936527,True,False,False,False,False,,-1,0.0,0.0,3.228804631915037,0.0,2.58304370553203,0.0,0.0,15,0,0,0,1,0,"[0.9892373178936165, 1.8390525915216653, 0.720531155784341]","[[40.3901704410292, 0.06387403266574998, 226.41105365497862, 0.0, 1.180594411328614], [43.081255131801626, 0.2603956012511512, 276.1575281573535, 0.0, 1.532532642424217], [7.630367764316489, 0.2618431693094037, 311.444588488505, 0.0, 1.5366757161007076], [76.0198514817589, 0.276801496519903, 222.84534164942815, 0.0, 1.1278990960917232], [34.366402778043266, 0.2970025689447478, 277.4771920033976, 0.0, 2.4939444501915466]]","[false, false, false, false, false]"
8,11,idle,True,103.969436,30.669849,296.71370873868574,-0.057486629399193134,0.057486629399193134,0.19162209799724994,Serve,103.969436,30.669849,0.690802202929043,5.4147101438655705,True,False,False,False,False,,-1,0.0,0.0,3.286291261314212,0.0,2.62903300905137,0.0,0.0,16,0,0,0,1,0,"[0.9890456957956192, 1.924971376194199, 0.7242190885569535]","[[40.3901704410292, 0.004142100252061602, 223.39179935980917, 0.0, 1.1832584827444104], [76.0198514817589, 0.213204453867935, 205.36176945779332, 0.26477567565844595, 1.127795698002387], [43.081255131801626, 0.21566079033154598, 275.7868335626624, 0.25360148124489074, 1.532532642424217], [7.630367764316489, 0.21727919263580772, 311.0677901151719, 0.25366100902005606, 1.5366757161007076], [34.366402778043266, 0.2903433593993066, 248.14798627885304, 0.0, 2.4939444501915466]]","[false, false, false, false, false]"
9,11,idle,True,103.975032,30.66658,296.5196140273873,-0.19409471129841904,0.19409471129841904,0.646982370994638,Serve,103.975032,30.66658,0.6984072231884817,6.113117367054052,True,False,False,False,False,,-1,0.0,0.0,3.4803859726126034,0.0,2.7843087780900833,0.0,0.0,20,0,0,0,1,0,"[0.9883987134246244, 3.095698568677106, 0.7483892451264883]","[[43.081255131801626, 0.0, 281.1774764588789, 0.0, 1.532532642424217], [7.630367764316489, 0.0017783736195168846, 316.45436155449215, 0.0, 1.5366757161007076], [34.366402778043266, 0.18275076137287097, 269.03628353464205, 0.0, 2.4939444501915466], [40.3901704410292, 0.20523210991172566, 228.4747488595845, 0.0, 1.198759565138995], [76.0198514817589, 0.24582598927551666, 221.21341100480205, 0.0, 1.1257714575316786]]","[false, false, false, false, false]"
10,11,idle,True,103.980786,30.640844,295.64536486802893,-0.874249159358385,0.874249159358385,2.914163864527891,Serve,103.980786,30.640844,0.6374636590099709,6.750581026064022,True,False,False,False,False,,-1,0.0,0.0,4.354635131970971,0.0,3.483708105576777,0.0,0.0,26,0,1,0,1,0,"[0.9854845495600965, 1.0298765418419866, 0.6373856234879801]","[[40.773238769584125, 0.0017207818785200002, 285.9426087235382, 0.6464304160817557, 0.7758699458731186], [14.999309404573296, 0.05311336668646629, 310.37165777015474, 0.5884036751100233, 0.8074005589315352], [45.2077461276205, 0.17973660007484482, 241.28385550759234, 0.5539713342709669, 0.0], [13.624448824920314, 0.18069801050682674, 244.4899629801653, 1.0, 0.0], [61.95713206987117, 0.21329989997962515, 298.10720899780773, 0.47037843686476, 0.9234929145445679]]","[false, false, false, false, false]"
11,11,idle,True,103.975032,30.66658,294.77111570867055,-0.874249159358385,0.874249159358385,2.914163864527891,Serve,103.975032,30.66658,0.6996641836731261,7.450245209737148,True,False,False,False,False,,-1,0.0,0.0,5.228884291329338,0.0,4.183107433063471,0.0,0.0,23,0,0,0,1,0,"[0.9825703856955685, 3.0774440469304065, 0.7737735529725966]","[[43.081255131801626, 0.0, 328.3312379351086, 0.0, 1.532532642424217], [7.630367764316489, 0.0017783736195168846, 363.9081744616236, 0.0, 1.5366757161007076], [11.272606253739184, 0.06491045353636948, 356.094409650712, 0.0, 1.6625405585995972], [34.366402778043266, 0.18275076137287097, 340.5655792901578, 0.0, 2.4939444501915466], [61.95713206987117, 0.2174878110426789, 322.8021270767695, 0.0, 1.816797626930767]]","[false, false, false, false, false]"
12,11,idle,True,103.97673559979712,30.667539000979353,294.71269630048783,-0.05841940818271496,0.05841940818271496,0.19473136060910845,Serve,103.97673559979712,30.667539000979353,0.6976572224025854,8.147902432139734,True,False,False,False,False,,-1,0.0,0.0,5.287303699512071,0.0,4.229842959609657,0.0,0.0,20,0,0,0,1,0,"[0.9823756543349594, 3.6620860758369025, 0.749013182527985]","[[11.272606253739184, 0.013135980206922719, 280.1950371497124, 0.0, 1.629007732563318], [7.630367764316489, 0.07032464264399711, 278.32703693465163, 0.0, 1.5202042839059406], [43.081255131801626, 0.07652372944450493, 242.73208606160784, 0.0, 1.515742669526523], [34.366402778043266, 0.13772360366034955, 257.416120318742, 0.0, 2.4680541742038624], [40.3901704410292, 0.25057690012386763, 166.42662813353704, 0.0, 1.176844168470535]]","[false, false, false, false, false]"
13,11,task,False,104.00646362151825,30.67235847248255,293.84471215452857,-0.8679841459592694,0.8679841459592694,2.893280486530896,Serve,104.00646362151825,30.67235847248255,0.49426844520837865,8.642170877348113,False,True,False,False,False,IEV,215,62.15116963335263,31.075584816676315,6.25636950679496,62.15116963335263,54.726031312118074,49.64007037762321,0.0,0,0,2,0,2,0,[],[],[]
14,11,task,False,104.00891331075913,30.674536236241273,284.7646573752617,-9.080054779266845,9.080054779266845,0.33693887107873416,,,,0.0,8.642170877348113,False,True,False,False,True,IEV,215,53.1721965154094,26.5860982577047,6.25636950679496,62.15116963335263,54.726031312118074,49.64007037762321,0.0,0,0,1,0,2,0,[],[],[]
15,11,task,False,104.00891331075913,30.674536236241273,274.7646573752617,-10.0,10.0,0.0,,,,0.0,8.642170877348113,False,True,False,False,True,IEV,215,43.1721965154094,21.5860982577047,6.25636950679496,62.15116963335263,54.726031312118074,49.64007037762321,0.0,0,0,2,0,2,0,[],[],[]
16,11,task,False,104.00891331075913,30.674536236241273,264.7646573752617,-10.0,10.0,0.0,,,,0.0,8.642170877348113,False,True,False,False,True,IEV,215,33.1721965154094,16.5860982577047,6.25636950679496,62.15116963335263,54.726031312118074,49.64007037762321,0.0,0,0,3,0,2,0,[],[],[]
17,11,task,False,104.00891331075913,30.674536236241273,254.76465737526172,-10.0,10.0,0.0,,,,0.0,8.642170877348113,False,True,False,False,True,IEV,215,23.172196515409397,11.586098257704698,6.25636950679496,62.15116963335263,54.726031312118074,49.64007037762321,0.0,0,0,1,0,2,0,[],[],[]
18,11,task,False,104.00891331075913,30.674536236241273,244.76465737526172,-10.0,10.0,0.0,,,,0.0,8.642170877348113,False,True,False,False,True,IEV,215,13.172196515409397,6.586098257704698,6.25636950679496,62.15116963335263,54.726031312118074,49.64007037762321,0.0,0,0,1,0,2,0,[],[],[]
19,11,task,False,104.00891331075913,30.674536236241273,234.76465737526172,-10.0,10.0,0.0,,,,0.0,8.642170877348113,False,True,False,False,True,IEV,215,3.1721965154093965,1.5860982577046983,6.25636950679496,62.15116963335263,54.726031312118074,49.64007037762321,0.0,0,0,1,1,2,0,[],[],[]
20,11,idle,True,104.00891331075913,30.674536236241273,231.59246085985234,-3.1721965154093823,3.1721965154093823,0.0,,,,0.0,8.642170877348113,True,False,False,False,False,,-1,0.0,0.0,6.25636950679496,62.15116963335263,54.726031312118074,49.64007037762321,0.0,39,0,2,1,2,0,"[0.7719748695328411, 1.6205442789677842, 0.6575877302675877]","[[46.004955827732246, 0.1590840267570844, 522.752805050182, 0.6381705985535867, 2.3287824103526247], [49.695353418464876, 0.1604720578986121, 519.265544197087, 0.6357615906299512, 2.339336130795954], [26.181588262187944, 0.28627023988774947, 500.5129509335662, 0.5573278886226838, 2.4909782194562635], [32.99228251517622, 0.30767460340752006, 692.1207787995818, 0.9201858072240219, 0.9592536423032827], [15.643697857266886, 0.31583685395905486, 649.2661899096995, 0.4861067856436727, 1.2293730493576356]]","[false, false, false, false, false]"
21,11,idle,True,104.035589,30.678071,230.81809437447936,-0.7743664853729797,0.7743664853729797,2.581221617909939,Serve,104.035589,30.678071,0.6999447668702427,9.342115644218355,True,False,False,False,False,,-1,0.0,0.0,7.0307359921679415,62.15116963335263,55.34552450041646,49.64007037762321,0.0,67,0,2,2,0,0,"[0.7693936479149311, 0.7693167162433068, 0.924383972218309]","[[67.94562434526068, 0.07290519004245129, 851.7807881887069, 0.6488040393584837, 0.0], [32.552902533812485, 0.15147106979582878, 790.3538622489255, 0.5601766142011448, 0.0], [21.910397615807533, 0.17313162685856556, 853.6942011404068, 0.6628512547819617, 0.0], [50.03385439795645, 0.20439161377699655, 821.7637638620024, 0.6423105369937979, 0.0], [11.543641277600358, 0.20505799763878185, 742.6581477447637, 0.5689538989732084, 0.7877616848193817]]","[false, false, false, false, false]"
22,11,task,False,104.060294,30.671224,230.073393973853,-0.7447004006263569,0.7447004006263569,2.4823346687545125,Serve,104.060294,30.671224,0.4135242745787648,9.755639918797119,False,True,False,False,False,IEV,391,33.49268920627419,16.746344603137096,7.957560003893632,95.64385883962683,82.88113507481637,76.2885228537631,0.0,0,0,2,1,0,0,[],[],[]
23,11,task,False,104.06548699999999,30.6680845,221.73094280848989,-8.342451165363116,8.342451165363116,0.6070787036644569,,,,0.0,9.755639918797119,False,True,False,False,True,IEV,391,25.332361652010405,12.666180826005203,7.957560003893632,95.64385883962683,82.88113507481637,76.2885228537631,0.0,0,0,2,0,0,0,[],[],[]
24,11,task,False,104.06548699999999,30.6680845,211.73094280848989,-10.0,10.0,0.0,,,,0.0,9.755639918797119,False,True,False,False,True,IEV,391,15.332361652010405,7.666180826005203,7.957560003893632,95.64385883962683,82.88113507481637,76.2885228537631,0.0,0,0,3,1,0,0,[],[],[]
25,11,task,False,104.06548699999999,30.6680845,201.73094280848989,-10.0,10.0,0.0,,,,0.0,9.755639918797119,False,True,False,False,True,IEV,391,5.332361652010405,2.6661808260052027,7.957560003893632,95.64385883962683,82.88113507481637,76.2885228537631,0.0,0,0,3,1,0,0,[],[],[]
26,11,idle,True,104.06548699999999,30.6680845,196.39858115647948,-5.332361652010405,5.332361652010405,0.0,,,,0.0,9.755639918797119,True,False,False,False,False,,-1,0.0,0.0,7.957560003893632,95.64385883962683,82.88113507481637,76.2885228537631,0.0,72,0,1,2,0,0,"[0.6546619371882649, 0.6545964775405109, 0.9657089665416344]","[[40.61593881659727, 0.10174082217411462, 875.180846192029, 0.256818506147, 0.0], [23.024458233454446, 0.12573634835007683, 882.2911285385419, 0.5053907345225528, 0.7588372959559134], [58.293963195710575, 0.2712648976777458, 796.8735577786256, 0.25269609832269874, 0.0], [32.99655394225191, 0.31945020381250416, 811.9961977389859, 0.3175896302379801, 0.0], [0.5431038588081947, 0.3199701815582536, 913.4195103155103, 0.377685443499673, 0.0]]","[false, false, false, false, false]"
27,11,task,False,104.06123,30.680756,195.95858741322309,-0.4399937432563945,0.4399937432563945,1.4666458108546647,Serve,104.06123,30.680756,0.49426844520837865,10.249908364005497,False,True,False,False,False,IEV,150,62.58621869339887,31.293109346699435,8.5618875234317,158.2300775330257,133.43357204516593,126.22603078745685,0.0,0,0,0,2,0,0,[],[],[]
28,11,task,False,104.06446399999999,30.67669,187.45421304701694,-8.50437436620615,8.50437436620615,0.547779254272233,,,,0.0,10.249908364005497,False,True,False,False,True,IEV,150,54.24617810347439,27.123089051737196,8.5618875234317,158.2300775330257,133.43357204516593,126.22603078745685,0.0,0,0,0,1,0,0,[],[],[]
29,11,task,False,104.06446399999999,30.67669,177.45421304701694,-10.0,10.0,0.0,,,,0.0,10.249908364005497,False,True,False,False,True,IEV,150,44.24617810347439,22.123089051737196,8.5618875234317,158.2300775330257,133.43357204516593,126.22603078745685,0.0,0,0,3,1,0,0,[],[],[]
30,11,task,False,104.06446399999999,30.67669,167.45421304701694,-10.0,10.0,0.0,,,,0.0,10.249908364005497,False,True,False,False,True,IEV,150,34.24617810347439,17.123089051737196,8.5618875234317,158.2300775330257,133.43357204516593,126.22603078745685,0.0,0,0,1,2,0,0,[],[],[]
31,11,task,False,104.06446399999999,30.67669,157.45421304701694,-10.0,10.0,0.0,,,,0.0,10.249908364005497,False,True,False,False,True,IEV,150,24.246178103474392,12.123089051737196,8.5618875234317,158.2300775330257,133.43357204516593,126.22603078745685,0.0,0,0,1,2,0,0,[],[],[]
32,11,task,False,104.06446399999999,30.67669,147.45421304701694,-10.0,10.0,0.0,,,,0.0,10.249908364005497,False,True,False,False,True,IEV,150,14.246178103474392,7.123089051737196,8.5618875234317,158.2300775330257,133.43357204516593,126.22603078745685,0.0,0,0,1,3,0,0,[],[],[]
33,11,task,False,104.06446399999999,30.67669,137.45421304701694,-10.0,10.0,0.0,,,,0.0,10.249908364005497,False,True,False,False,True,IEV,150,4.246178103474392,2.123089051737196,8.5618875234317,158.2300775330257,133.43357204516593,126.22603078745685,0.0,0,0,1,4,0,0,[],[],[]
34,11,idle,True,104.06446399999999,30.67669,133.20803494354254,-4.246178103474392,4.246178103474392,0.0,,,,0.0,10.249908364005497,True,False,False,False,False,,-1,0.0,0.0,8.5618875234317,158.2300775330257,133.43357204516593,126.22603078745685,0.0,83,0,3,3,0,0,"[0.4440267831451418, 0.44398238490665115, 0.9029741103314274]","[[49.72642238657429, 0.08003938593347487, 907.834712009333, 1.1935023293313178, 0.0], [30.443187151450857, 0.17602803881009912, 879.5969947020654, 1.18508687034601, 0.0], [28.079390465644053, 0.1815319473186315, 858.9564384258962, 1.1724387114320585, 0.0], [14.869925848776951, 0.18701921751882292, 751.765352218629, 1.1607974482975272, 0.0], [13.05261961249213, 0.18772871167865257, 948.6925117339198, 1.2111944440100317, 0.0]]","[false, false, false, false, false]"
35,11,task,False,104.0427285,30.667101,132.50715516521376,-0.7008797783287832,0.7008797783287832,2.336265927762624,Serve,104.0427285,30.667101,0.49426844520837865,10.744176809213876,False,True,False,False,False,IEV,53,63.073496433258384,31.536748216629192,9.471116652238237,221.3035739662841,184.61975249481787,176.51814845368136,0.0,0,0,2,3,0,0,[],[],[]
36,11,task,False,104.03592524999999,30.664918,124.4033864444136,-8.103768720800161,8.103768720800161,0.6944978349258331,,,,0.0,10.744176809213876,False,True,False,False,True,IEV,53,55.17807706293599,27.589038531467995,9.471116652238237,221.3035739662841,184.61975249481787,176.51814845368136,0.0,0,0,3,1,0,0,[],[],[]
37,11,task,False,104.03592524999999,30.664918,114.4033864444136,-10.0,10.0,0.0,,,,0.0,10.744176809213876,False,True,False,False,True,IEV,53,45.17807706293599,22.589038531467995,9.471116652238237,221.3035739662841,184.61975249481787,176.51814845368136,0.0,0,0,2,2,0,0,[],[],[]
38,11,task,False,104.03592524999999,30.664918,104.4033864444136,-10.0,10.0,0.0,,,,0.0,10.744176809213876,False,True,False,False,True,IEV,53,35.17807706293599,17.589038531467995,9.471116652238237,221.3035739662841,184.61975249481787,176.51814845368136,0.0,0,1,0,1,0,0,[],[],[]
39,11,task,False,104.03592524999999,30.664918,94.4033864444136,-10.0,10.0,0.0,,,,0.0,10.744176809213876,False,True,False,False,True,IEV,53,25.17807706293599,12.589038531467995,9.471116652238237,221.3035739662841,184.61975249481787,176.51814845368136,0.0,0,0,0,2,0,0,[],[],[]
40,11,task,False,104.03592524999999,30.664918,84.4033864444136,-10.0,10.0,0.0,,,,0.0,10.744176809213876,False,True,False,False,True,IEV,53,15.17807706293599,7.589038531467995,9.471116652238237,221.3035739662841,184.61975249481787,176.51814845368136,0.0,0,0,2,2,0,0,[],[],[]
41,11,task,False,104.03592524999999,30.664918,74.4033864444136,-10.0,10.0,0.0,,,,0.0,10.744176809213876,False,True,False,False,True,IEV,53,5.178077062935991,2.5890385314679953,9.471116652238237,221.3035739662841,184.61975249481787,176.51814845368136,0.0,0,0,0,2,0,0,[],[],[]
42,11,task,False,104.03592524999999,30.664918,69.22530938147762,-5.178077062935984,5.178077062935984,0.0,,,,0.0,10.744176809213876,False,True,False,False,False,IEV,54,37.59224008842665,18.796120044213325,9.689628463239284,258.89581405471074,214.86835401436002,206.41713107562185,0.0,0,0,1,1,0,0,[],[],[]
43,11,task,False,104.02872712499999,30.6670565,61.213987580588146,-8.011321800889469,8.011321800889469,0.7283727033368211,,,,0.0,10.744176809213876,False,True,False,False,True,IEV,54,29.79943009853823,14.899715049269115,9.689628463239284,258.89581405471074,214.86835401436002,206.41713107562185,0.0,0,0,0,1,0,0,[],[],[]
44,11,task,False,104.02872712499999,30.6670565,51.213987580588146,-10.0,10.0,0.0,,,,0.0,10.744176809213876,False,True,False,False,True,IEV,54,19.79943009853823,9.899715049269115,9.689628463239284,258.89581405471074,214.86835401436002,206.41713107562185,0.0,0,0,0,2,0,0,[],[],[]
45,11,task,False,104.02872712499999,30.6670565,41.213987580588146,-10.0,10.0,0.0,,,,0.0,10.744176809213876,False,True,False,False,True,IEV,54,9.799430098538231,4.8997150492691155,9.689628463239284,258.89581405471074,214.86835401436002,206.41713107562185,0.0,0,0,1,1,0,0,[],[],[]
46,11,idle,True,104.02872712499999,30.6670565,31.414557482049915,-9.799430098538231,9.799430098538231,0.0,,,,0.0,10.744176809213876,True,False,False,False,False,,-1,0.0,0.0,9.689628463239284,258.89581405471074,214.86835401436002,206.41713107562185,0.0,61,0,1,1,0,0,"[0.10471519160683306, 0.10470472113471958, 0.9535609622581973]","[[34.60895748089757, 0.07598048820709045, 634.008898634159, 0.539853632429938, 0.0], [45.83231058414457, 0.08872532774157925, 631.994870153, 0.5125033864723078, 0.0], [63.501917304393295, 0.15858341653794755, 688.6409308826959, 0.3989061086960006, 0.0], [5.533888817865957, 0.1862095641281991, 551.6926832476618, 0.6101239451529963, 0.2644652941048587], [19.89612236170779, 0.20292091948543278, 597.383559873522, 0.4270767832952134, 0.0]]","[false, false, false, false, false]"
47,11,idle,True,104.041281,30.669669,31.043959517486677,-0.37059796456323824,0.37059796456323824,1.2353265485441218,Serve,104.041281,30.669669,-0.6998799020344091,10.044296907179467,True,False,False,False,False,,-1,0.0,0.0,10.06022642780252,258.89581405471074,215.1648323860106,206.41713107562185,0.0,79,0,4,2,0,0,"[0.10347986505828892, 0.10346951810647827, 0.8761127442222507]","[[38.45112332013138, 0.06299018299546053, 730.7480376812074, 1.709521459728176, 0.0], [14.596690483635072, 0.12582550620887875, 795.5069482867069, 1.9357883455347542, 0.0], [32.701701195781354, 0.13154369480424696, 853.5248229115704, 1.91361390116572, 0.0], [1.008680396226623, 0.1648751406533339, 897.2012837420987, 1.8724679635895582, 0.0], [40.21298980885526, 0.23004200355894347, 915.0662086332259, 1.445463362880561, 0.0]]","[false, false, false, false, false]"
48,11,idle,True,104.032219,30.683549,30.51294242036369,-0.5310170971229873,0.5310170971229873,1.7700569904099612,Serve,104.032219,30.683549,0.6920237455326024,10.736320652712068,True,False,False,False,False,,-1,0.0,0.0,10.59124352492551,258.89581405471074,215.58964606370898,206.41713107562185,0.0,57,0,1,2,1,0,"[0.10170980806787897, 0.102583582263748, 0.8645719844526452]","[[21.910397615807533, 0.04570900402486642, 597.1593758283836, 0.3108274109824076, 0.5153816492687809], [42.939294814486054, 0.07661264033034902, 580.6943276165614, 0.30844170049251135, 0.5249014906974792], [24.55962002215864, 0.08362690871457755, 594.7493992559, 0.3015402063392631, 0.5332587445148493], [6.26241001888436, 0.2104963635597116, 609.7984005767421, 0.6677481915761457, 0.0], [10.476608934186274, 0.30019791792993966, 541.4507808174642, 0.0, 0.63922608023511]]","[false, false, false, false, false]"
49,11,recharging,False,104.00120385050538,30.685542995017173,30.608131793618803,0.09518937325511345,0.0,2.9741469579852695,Recharge,104.00120385050538,30.685542995017173,-0.025281191850484545,10.711039460861583,False,False,True,False,True,FCS,1,39.0125665393493,19.50628326967465,11.48348761232109,258.89581405471074,248.30344133362544,206.41713107562185,0.0,0,0,0,0,0,0,[],[],[]
50,11,recharging,False,104.00120385050538,30.685542995017173,40.6081317936188,10.0,0.0,0.0,,,,0.0,10.711039460861583,False,False,True,False,True,FCS,1,29.0125665393493,14.50628326967465,11.48348761232109,258.89581405471074,248.30344133362544,206.41713107562185,0.0,0,0,0,0,0,0,[],[],[]
51,11,recharging,False,104.00120385050538,30.685542995017173,50.6081317936188,10.0,0.0,0.0,,,,0.0,10.711039460861583,False,False,True,False,True,FCS,1,19.0125665393493,9.50628326967465,11.48348761232109,258.89581405471074,248.30344133362544,206.41713107562185,0.0,0,0,0,0,0,0,[],[],[]
52,11,recharging,False,104.00120385050538,30.685542995017173,60.6081317936188,10.0,0.0,0.0,,,,0.0,10.711039460861583,False,False,True,False,True,FCS,1,9.0125665393493,4.50628326967465,11.48348761232109,258.89581405471074,248.30344133362544,206.41713107562185,0.0,0,0,0,0,0,0,[],[],[]
53,11,idle,True,104.00120385050538,30.685542995017173,69.6206983329681,9.0125665393493,0.0,0.0,,,,0.0,10.711039460861583,True,False,False,False,False,,-1,0.0,0.0,11.48348761232109,258.89581405471074,248.30344133362544,206.41713107562185,0.0,31,0,0,0,2,0,"[0.232068994443227, 2320.68994443227, 0.6768663928009382]","[[38.04433014547099, 0.13438935665345217, 253.6463467258477, 0.0, 2.335230399814717], [32.88885923266743, 0.33009064813533256, 330.06885733184873, 0.2727610893440617, 1.8379369031833384], [34.60895748089757, 0.3913975381581966, 326.8386373865027, 0.25715825050493457, 1.8423916648149263], [37.470084889567296, 0.42393813593271706, 242.64617023679514, 0.0, 0.8803536033290701], [27.487990427345785, 0.5057263169243126, 384.78402658243675, 0.3318562311923332, 0.7945402528437122]]","[false, false, false, false, false]"
54,11,idle,True,104.00636741841704,30.7019422021316,69.05394838279601,-0.5667499501720954,0.5667499501720954,1.8891665005736669,Serve,104.00636741841704,30.7019422021316,0.6995016620755211,11.410541122937104,True,False,False,False,False,,-1,0.0,0.0,12.05023756249319,258.89581405471074,248.75684129376313,206.41713107562185,0.0,20,0,0,0,1,0,"[0.23017982794265335, 0.365467968666448, 0.7887701285811279]","[[38.41212897632126, 0.009834168723440352, 269.73335749409955, 0.0, 0.688789993836422], [38.04433014547099, 0.07815855814706424, 261.8973091249628, 0.0, 0.7495921836715678], [45.83231058414457, 0.14338604570926258, 207.67088815373597, 0.0, 0.6378329395324573], [13.672216505717856, 0.1753940914539552, 275.7059613824751, 0.0, 0.8308225495856858], [36.49350836781352, 0.1935981356226367, 280.1423687307152, 0.0, 0.7986858820183189]]","[false, false, false, false, false]"
55,11,idle,True,104.00318135477085,30.704673638446934,68.92490094165767,-0.12904744113834,0.12904744113834,0.4301581371277878,Serve,104.00318135477085,30.704673638446934,0.6960967342917087,12.106637857228813,True,False,False,False,False,,-1,0.0,0.0,12.179285003631527,258.89581405471074,248.8600792466738,206.41713107562185,0.0,15,0,0,0,1,0,"[0.22974966980552555, 0.32269461428528134, 0.7524293352037564]","[[20.785328871016077, 0.05483330634949718, 220.06270426939008, 0.0, 0.6226917476027426], [45.83231058414457, 0.07044150395850507, 179.0939734016352, 0.0, 0.6101762409202899], [38.04433014547099, 0.1208119237126233, 196.58138133923802, 0.0, 0.5720103359589069], [36.49350836781352, 0.2234239050740795, 197.31136170377738, 0.0, 0.7999407444572678], [37.470084889567296, 0.23311365714769253, 211.6770832566346, 0.0, 0.568761633984958]]","[false, false, false, false, false]"
56,11,idle,True,104.004442,30.698744,68.723819427091,-0.2010815145666669,0.2010815145666669,0.6702717152222385,Serve,104.004442,30.698744,0.6947949192378544,12.801432776466667,True,False,False,False,False,,-1,0.0,0.0,12.3803665181982,258.89581405471074,249.02094445832714,206.41713107562185,0.0,18,0,0,0,1,0,"[0.22907939809030334, 0.45801064888427667, 0.7123601719013337]","[[38.04433014547099, 0.3369523311198299, 162.7198748185829, 0.0, 0.877436086594404], [47.18672856391916, 0.34298591588112276, 234.81159082217516, 0.0, 2.03714810672108], [38.39457290661179, 0.4223121709512565, 220.64186194868375, 0.0, 1.6032256601645518], [8.08011288932618, 0.45092403575177314, 232.77584971920376, 0.0, 1.1997339251721804], [36.49350836781352, 0.5558676881550948, 159.16899011662474, 0.0, 0.7760952051365494]]","[false, false, false, false, false]"
57,11,idle,True,103.981457,30.704036,68.04131603554788,-0.682503391543122,0.682503391543122,2.2750113051437286,Serve,103.981457,30.704036,0.6476560159272569,13.449088792393924,True,False,False,False,False,,-1,0.0,0.0,13.062869909741318,258.89581405471074,249.56694717156162,206.41713107562185,0.0,10,0,0,0,1,0,"[0.2268043867851596, 0.24370250907660207, 0.5819336576645462]","[[27.1258169477823, 0.19053537329653294, 147.44459544804735, 0.0, 0.9048514917676154], [30.293110847983336, 0.27711856636006266, 122.28046131097896, 0.0, 0.8001025204142367], [15.957177558342394, 0.5324868171718998, 55.30053683395177, 0.0, 0.0], [38.41212897632126, 0.5356995370282888, 70.36869719281485, 0.0, 0.0], [9.93788355791763, 0.5752800271940333, 190.45641470707025, 0.0, 1.7395190041061173]]","[false, false, false, false, false]"
58,11,idle,True,104.009152,30.697404,67.21670490791874,-0.8246111276291401,0.8246111276291401,2.7487037587637775,Serve,104.009152,30.697404,0.6997480537164719,14.148836846110397,True,False,False,False,False,,-1,0.0,0.0,13.887481037370451,258.89581405471074,250.22663607366493,206.41713107562185,0.0,27,0,0,0,1,0,"[0.2240556830263958, 0.4414928372785549, 0.8109694956355622]","[[15.643697857266886, 0.10238498363111982, 304.608621711642, 0.0, 0.7535628702666153], [36.49350836781352, 0.10933902880835099, 212.74701357076393, 0.0, 0.8239161193894557], [24.84944568256637, 0.2426947282408253, 244.07674975634978, 0.0, 0.6186268345683479], [47.18672856391916, 0.3028022271238338, 262.4311877353193, 0.029185589755962756, 0.5829904266974435], [38.04433014547099, 0.3113056134500566, 371.7406748004892, 0.030049808748415053, 0.6936839946999399]]","[false, false, false, false, false]"
59,11,task,False,104.036996,30.691643,66.39520509346048,-0.8214998144582637,0.8214998144582637,2.7383327148608783,Serve,104.036996,30.691643,0.49426844520837865,14.643105291318776,False,True,False,False,False,IEV,294,43.88332640167153,21.941663200835766,15.102412806392573,302.77914045638227,286.30524261021986,241.209046633308,0.0,0,0,1,1,0,0,[],[],[]
60,11,task,False,104.0341565,30.6801045,59.97585364275836,-6.419351450702116,6.419351450702116,1.3114398485461967,,,,0.0,14.643105291318776,False,True,False,False,True,IEV,294,37.85740690553328,18.92870345276664,15.102412806392573,302.77914045638227,286.30524261021986,241.209046633308,0.0,0,0,1,1,0,0,[],[],[]
61,11,task,False,104.0341565,30.6801045,49.97585364275836,-10.0,10.0,0.0,,,,0.0,14.643105291318776,False,True,False,False,True,IEV,294,27.85740690553328,13.92870345276664,15.102412806392573,302.77914045638227,286.30524261021986,241.209046633308,0.0,0,1,2,3,0,0,[],[],[]
62,11,task,False,104.0341565,30.6801045,39.97585364275836,-10.0,10.0,0.0,,,,0.0,14.643105291318776,False,True,False,False,True,IEV,294,17.85740690553328,8.92870345276664,15.102412806392573,302.77914045638227,286.30524261021986,241.209046633308,0.0,0,2,2,3,0,0,[],[],[]
63,11,task,False,104.0341565,30.6801045,29.97585364275836,-10.0,10.0,0.0,,,,0.0,14.643105291318776,False,True,False,False,True,IEV,294,7.857406905533281,3.9287034527666407,15.102412806392573,302.77914045638227,286.30524261021986,241.209046633308,0.0,0,1,0,4,0,0,[],[],[]
64,11,idle,True,104.0341565,30.6801045,22.118446737225078,-7.857406905533281,7.857406905533281,0.0,,,,0.0,14.643105291318776,True,False,False,False,False,,-1,0.0,0.0,15.102412806392573,302.77914045638227,286.30524261021986,241.209046633308,0.0,37,2,1,4,0,0,"[0.07372815579075026, 0.07372078371237903, 0.9657703327955902]","[[6.62903516407259, 0.12248136586782195, 381.9648612735182, 0.25107199707071115, 0.2599568305168793], [44.19009413292339, 0.19070272336125674, 329.46022593878405, 0.23020481873207035, 0.27322624210313345], [7.435872322829169, 0.19338236796532682, 377.53695935894103, 0.2545490619133261, 0.2712907990346159], [11.543641277600358, 0.20613074552465724, 386.29495890024486, 0.21919555221580223, 0.2662688742877679], [26.241105847561094, 0.23101206728474288, 444.5242963539707, 0.3538982933761777, 0.0]]","[false, false, false, false, false]"
65,11,idle,True,104.021898,30.663966,21.47538242199307,-0.6430643152320066,0.6430643152320066,2.1435477174400175,Serve,104.021898,30.663966,0.5837204962131398,15.226825787531915,True,False,False,False,False,,-1,0.0,0.0,15.745477121624578,302.77914045638227,286.81969406240546,241.209046633308,0.0,33,0,2,3,0,0,"[0.07158460807331024, 0.07157745032827742, 0.9587880155103065]","[[26.241105847561094, 0.08644507163391901, 318.2334037675417, 0.16001948262408022, 0.0], [6.62903516407259, 0.26817286151248837, 364.96526671431286, 0.02263828743185544, 0.0], [34.687651115792875, 0.270836879532446, 316.0054313783604, 0.45118419824642375, 0.6019314869888888], [27.454071752452393, 0.2716717301317997, 382.0937469175272, 0.189392814521015, 0.0], [30.94062583219152, 0.44573806308820374, 276.05139462133417, 0.3660097071505144, 0.9494482255769418]]","[false, false, false, false, false]"
66,11,idle,True,104.033163,30.646401,20.806181504239248,-0.6692009177538232,0.6692009177538232,2.230669725846077,Serve,104.033163,30.646401,0.6686170511638967,15.895442838695812,True,False,False,False,False,,-1,0.0,0.0,16.4146780393784,302.77914045638227,287.3550547966085,241.209046633308,0.0,46,0,1,4,1,0,"[0.06935393834746416, 0.07274375974303286, 0.8398313619440888]","[[12.063284682218864, 0.025873907911293268, 512.2739651527171, 0.2801478409041938, 0.7923171316030626], [25.055922238063516, 0.03150915983703303, 499.3660327125789, 0.28128566879163636, 0.7956470658371756], [15.705469635929504, 0.09118947567086284, 477.5509765856728, 0.2989176691786754, 0.8195556825762521], [14.637500930840744, 0.1496156335070948, 522.420603186327, 0.3016906170296549, 0.0], [35.460308092064366, 0.1867737447089232, 439.20144927340596, 0.2839391365493133, 0.903578189435179]]","[false, false, false, false, false]"
67,11,recharging,False,104.02641902860705,30.62134443882263,21.28184267511606,0.4756611708768119,0.0,2.8599015592453605,Recharge,104.02641902860705,30.62134443882263,-0.03993767872022909,15.855505159975584,False,False,True,False,True,FCS,5,38.666368361349576,19.333184180674788,17.27264850715201,302.77914045638227,320.04143117082737,241.209046633308,0.0,0,0,1,0,0,0,[],[],[]
68,11,recharging,False,104.02641902860705,30.62134443882263,31.28184267511606,10.0,0.0,0.0,,,,0.0,15.855505159975584,False,False,True,False,True,FCS,5,28.666368361349576,14.333184180674788,17.27264850715201,302.77914045638227,320.04143117082737,241.209046633308,0.0,0,0,0,0,0,0,[],[],[]
69,11,recharging,False,104.02641902860705,30.62134443882263,41.28184267511606,10.0,0.0,0.0,,,,0.0,15.855505159975584,False,False,True,False,True,FCS,5,18.666368361349576,9.333184180674788,17.27264850715201,302.77914045638227,320.04143117082737,241.209046633308,0.0,0,0,0,0,0,0,[],[],[]
70,11,recharging,False,104.02641902860705,30.62134443882263,51.28184267511606,10.0,0.0,0.0,,,,0.0,15.855505159975584,False,False,True,False,True,FCS,5,8.666368361349576,4.333184180674788,17.27264850715201,302.77914045638227,320.04143117082737,241.209046633308,0.0,0,0,0,0,0,0,[],[],[]
71,11,idle,True,104.02641902860705,30.62134443882263,59.948211036465636,8.666368361349576,0.0,0.0,,,,0.0,15.855505159975584,True,False,False,False,False,,-1,0.0,0.0,17.27264850715201,302.77914045638227,320.04143117082737,241.209046633308,0.0,26,0,1,0,1,0,"[0.19982737012155213, 1998.2737012155212, 0.8065570954052245]","[[29.42001124499552, 0.10548858806943177, 294.6175586597276, 0.7596095752641061, 1.5192191505282122], [35.69102463210356, 0.396000155578133, 144.92476054498567, 0.4570382937314929, 0.9140765874629858], [14.637500930840744, 0.4954317250846363, 350.0995654441494, 0.5743336653599195, 0.8044097176819536], [19.294559556125705, 0.5035976880720808, 530.688192896882, 0.6085348723109987, 0.79656106610455], [19.755687850151745, 0.5467090152225709, 336.81335568198045, 0.3787696511199864, 0.7575393022399728]]","[false, false, false, false, false]"
72,11,task,False,104.03937024690252,30.631773676710907,59.43904751992073,-0.5091635165449091,0.5091635165449091,1.6972117218163698,Serve,104.03937024690252,30.631773676710907,0.5987823476913599,16.454287507666944,False,True,False,False,False,IEV,33,50.219020511390546,25.109510255695273,18.142465740351117,352.99816096777283,360.9125013664991,281.0957400690971,0.0,0,1,1,2,1,0,[],[],[]
73,11,task,False,104.04683762345127,30.640468838355453,52.72136063815739,-6.717686881763335,6.717686881763335,1.202179055513984,,,,0.0,16.454287507666944,False,True,False,False,True,IEV,33,43.86198734628141,21.930993673140705,18.142465740351117,352.99816096777283,360.9125013664991,281.0957400690971,0.0,0,2,0,2,1,1,[],[],[]
74,11,task,False,104.04683762345127,30.640468838355453,42.72136063815739,-10.0,10.0,0.0,,,,0.0,16.454287507666944,False,True,False,False,True,IEV,33,33.86198734628141,16.930993673140705,18.142465740351117,352.99816096777283,360.9125013664991,281.0957400690971,0.0,0,1,1,3,1,1,[],[],[]
75,11,task,False,104.04683762345127,30.640468838355453,32.72136063815739,-10.0,10.0,0.0,,,,0.0,16.454287507666944,False,True,False,False,True,IEV,33,23.86198734628141,11.930993673140705,18.142465740351117,352.99816096777283,360.9125013664991,281.0957400690971,0.0,0,1,0,3,1,1,[],[],[]
76,11,task,False,104.04683762345127,30.640468838355453,22.721360638157392,-10.0,10.0,0.0,,,,0.0,16.454287507666944,False,True,False,False,True,IEV,33,13.86198734628141,6.930993673140705,18.142465740351117,352.99816096777283,360.9125013664991,281.0957400690971,0.0,0,0,2,2,1,1,[],[],[]
77,11,task,False,104.04683762345127,30.640468838355453,12.721360638157392,-10.0,10.0,0.0,,,,0.0,16.454287507666944,False,True,False,False,True,IEV,33,3.86198734628141,1.930993673140705,18.142465740351117,352.99816096777283,360.9125013664991,281.0957400690971,0.0,0,2,3,2,0,2,[],[],[]
78,11,idle,True,104.04683762345127,30.640468838355453,8.859373291875983,-3.86198734628141,3.86198734628141,0.0,,,,0.0,16.454287507666944,True,False,False,False,False,,-1,0.0,0.0,18.142465740351117,352.99816096777283,360.9125013664991,281.0957400690971,0.0,40,3,5,0,0,2,"[0.029531244306253274, 0.029528291477105565, 0.896249465341913]","[[12.553462763090337, 0.19535756204867682, 526.5899212472957, 0.8433892908240974, 0.0], [36.02163335761042, 0.2099454279232762, 495.22310753598674, 0.8453506178159473, 0.0], [10.86573786758548, 0.23746453378324853, 469.4103767175064, 0.7433618479546125, 0.0], [28.803141484509013, 0.2380884183764823, 453.40894661455894, 0.7340430874357247, 0.0], [33.22246292560348, 0.28463132671925157, 400.86052227974847, 0.7189998537515052, 0.0]]","[false, false, false, false, false]"
79,11,idle,True,104.023745,30.636505,8.183516337615385,-0.6758569542605972,0.6758569542605972,2.252856514201988,Serve,104.023745,30.636505,0.06036397140687776,16.514651479073823,True,False,False,False,False,,-1,0.0,0.0,18.818322694611712,352.99816096777283,361.4531869299076,281.0957400690971,0.0,32,2,1,0,0,1,"[0.027278387792051283, 0.027275660226028682, 0.9796105471088765]","[[35.67522668476597, 0.16840239613996685, 429.26773909722147, 0.15591248577056385, 0.0], [6.649044736004129, 0.17253027922154474, 360.196884008054, 0.1299170771430384, 0.0], [28.67024385958554, 0.18111497281006397, 412.59896008982764, 0.15842595102629492, 0.0], [17.217350795462707, 0.2383113297006676, 397.13787439785074, 0.3563766107699645, 0.0], [28.360185070213845, 0.30490894242730465, 393.4583205821411, 0.384633734049397, 0.0]]","[false, false, false, false, false]"
80,11,idle,True,104.012317,30.635632,7.854215659616399,-0.32930067799898666,0.32930067799898666,1.0976689266632897,Serve,104.012317,30.635632,0.07859675502574029,16.593248234099562,True,False,False,False,False,,-1,0.0,0.0,19.1476233726107,352.99816096777283,361.71662747230675,281.0957400690971,0.0,25,0,1,0,1,0,"[0.026180718865387996, 0.03767597100384726, 0.8861680412885825]","[[6.649044736004129, 0.17268365416708228, 291.4250339459409, 0.17911619371751047, 0.3317798364016956], [14.596690483635072, 0.17542232695822665, 284.0561948822394, 0.17881115580051793, 0.33475416788410184], [36.02163335761042, 0.3682720819226799, 296.9637739598929, 0.11506011660863148, 0.3704300725882164], [22.236959912909114, 0.37450440682678027, 299.06022010967405, 0.20992680467487823, 0.2625456225793937], [18.074027185776842, 0.3771615685739496, 147.9206039433552, 0.0, 0.3230095297392192]]","[false, false, false, false, false]"
81,11,recharging,False,104.02641902860705,30.62134443882263,10.912615126695487,3.058399467079088,0.0,2.0843750462819846,Recharge,104.02641902860705,30.62134443882263,-0.05619146612423959,16.537056767975322,False,False,True,False,True,FCS,5,36.316288019036314,18.158144009518157,19.772935886495294,352.99816096777283,394.2168774834144,281.0957400690971,0.0,0,0,2,0,0,0,[],[],[]
82,11,recharging,False,104.02641902860705,30.62134443882263,20.912615126695485,9.999999999999998,0.0,0.0,,,,0.0,16.537056767975322,False,False,True,False,True,FCS,5,26.316288019036314,13.158144009518157,19.772935886495294,352.99816096777283,394.2168774834144,281.0957400690971,0.0,0,0,0,1,0,0,[],[],[]
83,11,recharging,False,104.02641902860705,30.62134443882263,30.912615126695485,10.0,0.0,0.0,,,,0.0,16.537056767975322,False,False,True,False,True,FCS,5,16.316288019036314,8.158144009518157,19.772935886495294,352.99816096777283,394.2168774834144,281.0957400690971,0.0,0,0,2,1,0,0,[],[],[]
84,11,recharging,False,104.02641902860705,30.62134443882263,40.912615126695485,10.0,0.0,0.0,,,,0.0,16.537056767975322,False,False,True,False,True,FCS,5,6.316288019036314,3.158144009518157,19.772935886495294,352.99816096777283,394.2168774834144,281.0957400690971,0.0,0,0,2,1,0,0,[],[],[]
85,11,idle,True,104.02641902860705,30.62134443882263,47.2289031457318,6.316288019036314,0.0,0.0,,,,0.0,16.537056767975322,True,False,False,False,False,,-1,0.0,0.0,19.772935886495294,352.99816096777283,394.2168774834144,281.0957400690971,0.0,18,0,1,1,0,1,"[0.15742967715243933, 0.15741393575886345, 0.9462698194953402]","[[52.66409728638174, 0.41164081605431324, 89.64660268179706, 0.12462208183360506, 0.0], [37.470084889567296, 0.4750152177749205, 285.77749183378415, 0.308338621199555, 0.0], [30.443187151450857, 0.4832411400065501, 278.13602831857384, 0.36088925424362167, 0.0], [19.542299826991226, 0.5257911446606751, 319.79963762091035, 0.32628951300601844, 0.0], [23.024458233454446, 0.5352275756748025, 284.35984914438797, 0.29547014664144017, 0.0]]","[false, false, false, false, false]"
86,11,task,False,104.0552730531576,30.61256973957088,46.35036476648701,-0.8785383792447874,0.8785383792447874,2.928461264149303,Serve,104.0552730531576,30.61256973957088,0.3888601100918805,16.925916878067202,False,True,False,False,False,IEV,218,31.517095654274936,15.758547827137468,20.992322660101745,384.5152566220478,420.4060634257195,306.0367378770277,0.0,0,0,1,0,1,0,[],[],[]
87,11,task,False,104.0671430265788,30.61236386978544,39.452436763166816,-6.897928003320196,6.897928003320196,1.1361613145388696,,,,0.0,16.925916878067202,False,True,False,False,True,IEV,218,24.9600160453164,12.4800080226582,20.992322660101745,384.5152566220478,420.4060634257195,306.0367378770277,0.0,0,1,0,0,0,1,[],[],[]
88,11,task,False,104.0671430265788,30.61236386978544,29.452436763166816,-10.0,10.0,0.0,,,,0.0,16.925916878067202,False,True,False,False,True,IEV,218,14.9600160453164,7.4800080226582,20.992322660101745,384.5152566220478,420.4060634257195,306.0367378770277,0.0,0,1,1,0,0,1,[],[],[]
89,11,task,False,104.0671430265788,30.61236386978544,19.452436763166816,-10.0,10.0,0.0,,,,0.0,16.925916878067202,False,True,False,False,True,IEV,218,4.960016045316401,2.4800080226582004,20.992322660101745,384.5152566220478,420.4060634257195,306.0367378770277,0.0,0,3,1,0,0,1,[],[],[]
90,11,idle,True,104.0671430265788,30.61236386978544,14.492420717850415,-4.960016045316401,4.960016045316401,0.0,,,,0.0,16.925916878067202,True,False,False,False,False,,-1,0.0,0.0,20.992322660101745,384.5152566220478,420.4060634257195,306.0367378770277,0.0,23,0,1,0,0,1,"[0.048308069059501385, 0.04830323873562782, 0.9796199200163611]","[[34.60895748089757, 0.2157379329833674, 210.49449660420777, 0.10977228774332311, 0.0], [0.7007856585903198, 0.27709286502613656, 183.665200286497, 0.07294234738135398, 0.0], [37.470084889567296, 0.31550613325487703, 185.90883216429924, 0.07748863927511118, 0.0], [36.6588624883115, 0.3289096737392188, 235.61979726704214, 0.09059364540498245, 0.0], [19.451156824468974, 0.4088311167433414, 262.7274995057981, 0.09413609692910119, 0.0]]","[false, false, false, false, false]"
91,11,idle,True,104.076814,30.61058,14.208465197921026,-0.28395551992938906,0.28395551992938906,0.9465183997646311,Serve,104.076814,30.61058,0.16232608600935883,17.08824296407656,True,False,False,False,False,,-1,0.0,0.0,21.276278180031134,384.5152566220478,420.633227841663,306.0367378770277,0.0,19,3,0,0,0,0,"[0.047361550659736754, 0.04735681497823893, 0.9999997567368036]","[[37.470084889567296, 0.1692816074854621, 257.8632129102935, 0.0, 0.0], [36.6588624883115, 0.31530094451380736, 224.31430707226187, 0.0, 0.0], [29.644844130738164, 0.4103188255807773, 264.4632900727846, 0.0, 0.0], [23.654567519179963, 0.4519918578705748, 258.68393249641724, 0.0, 0.0], [19.451156824468974, 0.46090579611163157, 289.9469794257775, 0.15110707344854316, 0.0]]","[false, false, false, false, false]"
92,11,idle,True,104.093964,30.625551,13.507176598592048,-0.7012885993289775,0.7012885993289775,2.3376286644299245,Serve,104.093964,30.625551,0.5708734112820997,17.65911637535866,True,False,False,False,False,,-1,0.0,0.0,21.97756677936011,384.5152566220478,421.1942587211262,306.0367378770277,0.0,27,3,1,0,0,1,"[0.045023921995306825, 0.04501942005330149, 0.9747691451644205]","[[36.02163335761042, 0.005307644866355886, 298.53862633144934, 0.2218120386003457, 0.0], [7.435872322829169, 0.08145166362371897, 342.0509625111955, 0.2416206441402713, 0.0], [10.9142930398136, 0.13726347176896525, 351.8495476166281, 0.18326606886982882, 0.0], [24.731835736303907, 0.14175566046236437, 328.24707723565456, 0.1766099227836976, 0.0], [23.722549013031795, 0.17714097328420297, 337.12760486348805, 0.20274736800409698, 0.0]]","[false, false, false, false, false]"
93,11,idle,True,104.07196232492734,30.619547079209237,12.844593684977605,-0.6625829136144432,0.6625829136144432,2.208609712048142,Serve,104.07196232492734,30.619547079209237,0.09635930465873928,17.7554756800174,True,False,False,False,False,,-1,0.0,0.0,22.640149692974553,384.5152566220478,421.7243250520177,306.0367378770277,0.0,20,3,0,0,0,1,"[0.04281531228325868, 0.042811031180140666, 0.9999997406865038]","[[25.859152819361697, 0.10070373333199563, 272.2249839528007, 0.0, 0.0], [29.224714105776187, 0.10447196359442311, 272.4682706455065, 0.0, 0.0], [23.654567519179963, 0.16875321291730874, 256.18063067671244, 0.0, 0.0], [24.731835736303907, 0.1857452523184692, 302.5818098074987, 0.08162050984306371, 0.0], [15.957177558342394, 0.1982367766494925, 268.6365649449662, 0.0, 0.0]]","[false, false, false, false, false]"
94,11,idle,True,104.077604,30.620789,12.677422957890983,-0.1671707270866225,0.1671707270866225,0.5572357569554076,Serve,104.077604,30.620789,0.1396079054679016,17.895083585485303,True,False,False,False,False,,-1,0.0,0.0,22.807320420061174,384.5152566220478,421.85806163368704,306.0367378770277,0.0,25,3,2,0,0,1,"[0.04225807652630328, 0.04225385114118916, 0.9665203333563834]","[[19.89612236170779, 0.0300204371969171, 303.83682476510637, 0.1413669773257671, 0.0], [43.75601701532576, 0.17317764022546403, 286.8151190353832, 0.13102080506151048, 0.0], [24.731835736303907, 0.23749022319642207, 287.2076699386495, 0.08873652704923878, 0.0], [29.224714105776187, 0.309398776577762, 262.11312041108295, 0.08537159801075278, 0.0], [15.957177558342394, 0.33275992108897484, 272.51374042639156, 0.10829554478875361, 0.0]]","[false, false, false, false, false]"
95,11,idle,True,104.098962,30.615693,12.041155664565368,-0.6362672933256146,0.6362672933256146,2.120890977752048,Serve,104.098962,30.615693,0.18393403972332492,18.07901762520863,True,False,False,False,False,,-1,0.0,0.0,23.443587713386787,384.5152566220478,422.36707546834754,306.0367378770277,0.0,17,3,0,0,0,0,"[0.040137185548551224, 0.04013317223132809, 0.9999996934187915]","[[9.854234520080439, 0.12248700080978492, 209.09143108155604, 0.0, 0.0], [24.84944568256637, 0.20620855171543315, 233.1768437771986, 0.07323514170288237, 0.0], [27.14133647888898, 0.24573259663888425, 221.51299296871684, 0.0, 0.0], [33.22246292560348, 0.25119921842840137, 249.30883158536702, 0.0, 0.0], [19.451156824468974, 0.5016406502513473, 309.01751792707046, 0.0, 0.0]]","[false, false, false, false, false]"
96,11,idle,True,104.09825,30.639557,11.244826632843223,-0.796329031722145,0.796329031722145,2.6544301057404853,Serve,104.09825,30.639557,0.33899576442810175,18.41801338963673,True,False,False,False,False,,-1,0.0,0.0,24.239916745108932,384.5152566220478,423.0041386937253,306.0367378770277,0.0,38,2,0,0,0,1,"[0.037482755442810746, 0.03747900754205654, 0.999999841700342]","[[37.470084889567296, 0.0007423118597074127, 381.3801246537118, 0.0, 0.0], [22.236959912909114, 0.12566867987695227, 391.33083325225437, 0.0, 0.0], [33.22246292560348, 0.13128958993589876, 375.9883599519026, 0.0, 0.0], [19.451156824468974, 0.1988354485708724, 377.4165445897361, 0.0, 0.0], [18.233836297051397, 0.21842244594563176, 366.8223314170182, 0.0, 0.0]]","[false, false, false, false, false]"
97,11,idle,True,104.092849,30.647694,10.932246358774028,-0.31258027406919453,0.31258027406919453,1.0419342468973132,Serve,104.092849,30.647694,0.5426073401297321,18.96062072976646,True,False,False,False,False,,-1,0.0,0.0,24.552497019178126,384.5152566220478,423.25420291298065,306.0367378770277,0.0,51,5,0,0,0,1,"[0.03644082119591343, 0.03643717747816561, 0.9999998885190943]","[[29.772050020269816, 0.012610351764736941, 489.1746279831245, 0.0, 0.0], [6.26241001888436, 0.13605676935279212, 506.5149132381679, 0.0, 0.0], [19.89612236170779, 0.17530718794506026, 522.2395741336301, 0.0, 0.0], [32.46523845497911, 0.3032361547804416, 466.60109053935906, 0.0, 0.0], [17.069926506846016, 0.3168888330281771, 500.941593527669, 0.0, 0.0]]","[false, false, false, false, false]"
98,11,idle,True,104.075422,30.660412,10.276431187927052,-0.6558151708469762,0.6558151708469762,2.1860505694899217,Serve,104.075422,30.660412,0.43997170444036415,19.400592434206825,True,False,False,False,False,,-1,0.0,0.0,25.208312190025104,384.5152566220478,423.7788550496582,306.0367378770277,0.0,50,7,0,0,0,1,"[0.03425477062642351, 0.03425134549187432, 0.9999998859380753]","[[27.77315836616979, 0.0, 533.4698212754354, 0.0, 0.0], [16.427189553620735, 0.04601102398235626, 537.9387585798835, 0.0, 0.0], [1.008680396226623, 0.09150723319354559, 584.8112033750507, 0.0, 0.0], [29.944598895711508, 0.0973980590678342, 558.5973362048292, 0.0, 0.0], [12.553462763090337, 0.2112433495883412, 574.9538447394903, 0.0, 0.0]]","[false, false, false, false, false]"
99,11,idle,True,104.076714,30.660965,10.235021266342931,-0.04140992158412082,0.04140992158412082,0.13803307194706876,Serve,104.076714,30.660965,0.47755980447655677,19.87815223868338,True,False,False,False,False,,-1,0.0,0.0,25.249722111609223,384.5152566220478,423.8119829869255,306.0367378770277,0.0,47,4,0,0,0,1,"[0.03411673755447644, 0.03411332622185425, 0.9999998515517049]","[[27.77315836616979, 0.04601102398235626, 421.3610502761016, 0.0, 0.0], [7.435872322829169, 0.1396972731113593, 445.26025379989403, 0.056943350557228344, 0.0], [16.427189553620735, 0.20044223528065144, 436.4015801810435, 0.0, 0.0], [19.755687850151745, 0.20728852473084766, 441.8400059495266, 0.057126204978211914, 0.0], [6.62903516407259, 0.2600336929785415, 436.0792159640349, 0.0, 0.0]]","[false, false, false, false, false]"
100,11,idle,True,104.059005,30.672395,9.599745619811278,-0.6352756465316531,0.6352756465316531,2.117585488438845,Serve,104.059005,30.672395,0.3351041567927735,20.213256395476154,True,False,False,False,False,,-1,0.0,0.0,25.884997758140877,384.5152566220478,424.3202035041508,306.0367378770277,0.0,36,4,0,1,0,0,"[0.031999152066037595, 0.03199595247079052, 0.9999998110558289]","[[20.082909855251323, 0.12315286315375834, 334.4999955636571, 0.0, 0.0], [13.05261961249213, 0.1712208963369469, 290.34877937816736, 0.07600375007289496, 0.0], [12.834602024124223, 0.1749610177397597, 290.2662860423027, 0.07613628221945572, 0.0], [20.785328871016077, 0.1927897660389131, 276.7560922535539, 0.0, 0.0], [23.427737114384207, 0.20891508163476524, 275.35539398246016, 0.08184970244963419, 0.0]]","[false, false, false, false, false]"
101,11,idle,True,104.086525,30.661206,8.726337578595242,-0.8734080412160363,0.8734080412160363,2.911360137386789,Serve,104.086525,30.661206,0.4793753361738818,20.692631731650035,True,False,False,False,False,,-1,0.0,0.0,26.758405799356915,384.5152566220478,425.01892993712363,306.0367378770277,0.0,45,4,0,0,0,1,"[0.029087791928650807, 0.029084883440306776, 0.9999998482293337]","[[26.612978389159764, 0.09957525822397195, 376.47362744764786, 0.0, 0.0], [14.637500930840744, 0.10142167053805151, 384.022822435906, 0.0, 0.0], [11.91612413318554, 0.13271591373345173, 389.3886944567501, 0.0, 0.0], [18.233836297051397, 0.22293841990665256, 387.86464363869703, 0.0, 0.0], [21.982020257453748, 0.29104907332781355, 373.0888922288625, 0.0, 0.0]]","[false, false, false, false, false]"
102,11,idle,True,104.092284,30.637329,7.91287065423598,-0.813466924359262,0.813466924359262,2.711556414530875,Serve,104.092284,30.637329,0.3711085691101753,21.06374030076021,True,False,False,False,False,,-1,0.0,0.0,27.571872723716176,384.5152566220478,425.66970347661106,306.0367378770277,0.0,36,2,1,0,0,1,"[0.026376235514119932, 0.0263735981543045, 0.9882110493644859]","[[17.917660451387647, 0.0447086308879678, 263.4446727156367, 0.06663696188172091, 0.0], [22.236959912909114, 0.23510385529352307, 262.1792051389805, 0.0714011215582339, 0.0], [15.78628781440549, 0.30508567107369505, 344.20868980155524, 0.04789069641715017, 0.0], [26.51929244183315, 0.3098694547482846, 311.17282779913705, 0.04900769695007791, 0.0], [31.045167046830898, 0.31327695441719544, 216.01241933245353, 0.08572293457359248, 0.0]]","[false, false, false, false, false]"
103,11,idle,True,104.070738,30.620121,7.0690603275932204,-0.8438103266427595,0.8438103266427595,2.812701088809198,Serve,104.070738,30.620121,0.06988928015064232,21.133629580910853,True,False,False,False,False,,-1,0.0,0.0,28.415683050358936,384.5152566220478,426.34475173792526,306.0367378770277,0.0,11,0,0,0,0,1,"[0.023563534425310735, 0.023561178307479988, 0.9999994263566153]","[[20.023020933602673, 0.1679313439824169, 134.3163808506354, 0.0, 0.0], [1.008680396226623, 0.23027389747156987, 152.75632896105913, 0.0, 0.0], [9.854234520080439, 0.38782723346045583, 155.8164424624204, 0.0, 0.0], [45.15582004509289, 0.3890748040389999, 121.26280661179598, 0.0, 0.0], [37.470084889567296, 0.4894073031138771, 219.12936219216698, 0.0, 0.0]]","[false, false, false, false, false]"
104,11,idle,True,104.094454,30.631396,6.2912931492380455,-0.777767178355175,0.777767178355175,2.5925572611839165,Serve,104.094454,30.631396,0.157709227561935,21.291338808472787,True,False,False,False,False,,-1,0.0,0.0,29.193450228714113,384.5152566220478,426.9669654806094,306.0367378770277,0.0,28,0,1,0,1,0,"[0.020970977164126818, 0.02552254446182139, 0.8933840100703967]","[[29.658528932773955, 0.12594725155810974, 216.14806000796375, 0.03902223267403144, 0.30580754428488044], [1.9599972914063244, 0.16351475477640695, 237.26257170933445, 0.03972067753947927, 0.28438374962907953], [31.045167046830898, 0.2064336074645683, 171.7123352225512, 0.03571672323997986, 0.2503126557263414], [13.170596977183067, 0.213342576318114, 189.021730574668, 0.03571437810718826, 0.0], [22.236959912909114, 0.24730797177401628, 216.6909443433487, 0.039827005192609614, 0.2610610376195203]]","[false, false, false, false, false]"
105,11,recharging,False,104.07001062222452,30.638393968626417,8.08311361739122,1.7918204681531744,0.0,2.46469449090942,Recharge,104.07001062222452,30.638393968626417,-0.060616892851437086,21.23072191562135,False,False,True,False,True,FCS,2,37.468771184574,18.734385592287,29.932858575986938,384.5152566220478,459.55849215842767,306.0367378770277,0.0,0,0,1,0,0,0,[],[],[]
106,11,recharging,False,104.07001062222452,30.638393968626417,18.08311361739122,10.0,0.0,0.0,,,,0.0,21.23072191562135,False,False,True,False,True,FCS,2,27.468771184574003,13.734385592287001,29.932858575986938,384.5152566220478,459.55849215842767,306.0367378770277,0.0,0,0,2,0,0,0,[],[],[]
107,11,recharging,False,104.07001062222452,30.638393968626417,28.08311361739122,10.0,0.0,0.0,,,,0.0,21.23072191562135,False,False,True,False,True,FCS,2,17.468771184574003,8.734385592287001,29.932858575986938,384.5152566220478,459.55849215842767,306.0367378770277,0.0,0,0,1,0,0,0,[],[],[]
108,11,recharging,False,104.07001062222452,30.638393968626417,38.08311361739122,10.0,0.0,0.0,,,,0.0,21.23072191562135,False,False,True,False,True,FCS,2,7.468771184574003,3.7343855922870013,29.932858575986938,384.5152566220478,459.55849215842767,306.0367378770277,0.0,0,0,0,0,0,0,[],[],[]
109,11,task,False,104.07001062222452,30.638393968626417,45.55188480196522,7.468771184574003,0.0,0.0,,,,0.0,21.23072191562135,False,True,False,False,False,IEV,296,20.97105593055251,10.485527965276255,30.043896470896264,405.4863125526003,476.42416721879715,322.7247523055422,0.0,0,2,0,0,0,1,[],[],[]
110,11,task,False,104.06792681111226,30.641198484313207,36.56244180512991,-8.989442996835315,8.989442996835315,0.3701263163644263,,,,0.0,21.23072191562135,False,True,False,False,True,IEV,296,12.092650828626528,6.046325414313264,30.043896470896264,405.4863125526003,476.42416721879715,322.7247523055422,0.0,0,1,0,0,0,1,[],[],[]
111,11,task,False,104.06792681111226,30.641198484313207,26.562441805129907,-10.0,10.0,0.0,,,,0.0,21.23072191562135,False,True,False,False,True,IEV,296,2.092650828626528,1.046325414313264,30.043896470896264,405.4863125526003,476.42416721879715,322.7247523055422,0.0,0,0,1,0,1,0,[],[],[]
112,11,idle,True,104.06792681111226,30.641198484313207,24.46979097650338,-2.092650828626528,2.092650828626528,0.0,,,,0.0,21.23072191562135,True,False,False,False,False,,-1,0.0,0.0,30.043896470896264,405.4863125526003,476.42416721879715,322.7247523055422,0.0,32,0,0,1,0,1,"[0.08156596992167793, 0.0815578141402639, 0.9999997566503684]","[[9.93788355791763, 0.1748068950043101, 220.1818401757648, 0.0, 0.0], [13.669705413217216, 0.19025531784467117, 219.87687352216494, 0.0, 0.0], [13.05261961249213, 0.24526809498670654, 195.24894232969854, 0.0, 0.0], [19.542299826991226, 0.2775519675547126, 158.8420119509642, 0.1981623418444774, 0.0], [6.717278727919123, 0.2954059844793073, 182.50206324401927, 0.1927672052660368, 0.0]]","[false, false, false, false, false]"
113,11,task,False,104.0663,30.646137,24.298561190443174,-0.17122978606020567,0.17122978606020567,0.5707659535340135,Serve,104.0663,30.646137,0.21746345278160617,21.448185368402953,False,True,False,False,False,IEV,269,19.836468854030752,9.918234427015376,30.362653098037768,425.322781406631,492.54834760373495,338.47590591590176,0.0,0,0,1,1,0,1,[],[],[]
114,11,task,False,104.06831650000001,30.650205,15.641204461294185,-8.657356729148988,8.657356729148988,0.4917561369376621,,,,0.0,21.448185368402953,False,True,False,False,True,IEV,269,11.326638965963062,5.663319482981531,30.362653098037768,425.322781406631,492.54834760373495,338.47590591590176,0.0,0,1,0,2,0,1,[],[],[]
115,11,task,False,104.06831650000001,30.650205,5.641204461294185,-10.0,10.0,0.0,,,,0.0,21.448185368402953,False,True,False,False,True,IEV,269,1.3266389659630615,0.6633194829815308,30.362653098037768,425.322781406631,492.54834760373495,338.47590591590176,0.0,0,1,1,2,0,1,[],[],[]
116,11,idle,True,104.06831650000001,30.650205,4.314565495331124,-1.3266389659630615,1.3266389659630615,0.0,,,,0.0,21.448185368402953,True,False,False,False,False,,-1,0.0,0.0,30.362653098037768,425.322781406631,492.54834760373495,338.47590591590176,0.0,23,0,3,1,1,0,"[0.014381884984437078, 0.03259746921553743, 0.7293902555147682]","[[31.045167046830898, 0.10164029217746812, 136.11455722631095, 0.8769013571398464, 0.38153571858143964], [17.692325727077304, 0.16294306448880685, 140.52399612874618, 1.0597743108019744, 0.3736011741035663], [8.08011288932618, 0.2628009632100588, 143.61362050356072, 0.6384141171440685, 0.4080914874442127], [15.78628781440549, 0.3386832154825408, 145.97369650284097, 0.6076107873238178, 0.3971408146139811], [6.62903516407259, 0.35827906893851075, 150.6577477842053, 0.6086625080808669, 0.2973230331413851]]","[false, false, false, false, false]"
117,11,recharging,False,104.07001062222452,30.638393968626417,9.907611794404058,5.593046299072935,0.0,1.3232891003693643,Recharge,104.07001062222452,30.638393968626417,-0.057763858448634624,21.39042150995432,False,False,True,False,True,FCS,2,34.00996697081626,17.00498348540813,30.75963982814858,425.322781406631,524.8659369878236,338.47590591590176,0.0,0,0,1,1,0,0,[],[],[]
118,11,recharging,False,104.07001062222452,30.638393968626417,19.90761179440406,10.0,0.0,0.0,,,,0.0,21.39042150995432,False,False,True,False,True,FCS,2,24.009966970816258,12.004983485408129,30.75963982814858,425.322781406631,524.8659369878236,338.47590591590176,0.0,0,0,1,1,0,0,[],[],[]
119,11,recharging,False,104.07001062222452,30.638393968626417,29.90761179440406,10.0,0.0,0.0,,,,0.0,21.39042150995432,False,False,True,False,True,FCS,2,14.009966970816258,7.004983485408129,30.75963982814858,425.322781406631,524.8659369878236,338.47590591590176,0.0,0,0,2,1,0,0,[],[],[]
120,11,recharging,False,104.07001062222452,30.638393968626417,39.90761179440406,10.000000000000004,0.0,0.0,,,,0.0,21.39042150995432,False,False,True,False,True,FCS,2,4.009966970816258,2.004983485408129,30.75963982814858,425.322781406631,524.8659369878236,338.47590591590176,0.0,0,0,0,1,0,0,[],[],[]
121,11,idle,True,104.07001062222452,30.638393968626417,43.91757876522032,4.009966970816258,0.0,0.0,,,,0.0,21.39042150995432,True,False,False,False,False,,-1,0.0,0.0,30.75963982814858,425.322781406631,524.8659369878236,338.47590591590176,0.0,19,0,2,0,0,1,"[0.14639192921740107, 0.14637729148825224, 0.8376753606818781]","[[4.124654118335172, 0.1907948384546673, 88.45703669930879, 0.04947290785956196, 0.0], [1.008680396226623, 0.2230447590039548, 91.55398678375012, 0.17125578058620777, 0.0], [7.630367764316489, 0.24195698448100242, 82.91057554002748, 0.16533065503352462, 0.0], [18.993199702962812, 0.4217477092576551, 88.49440981502495, 0.20688159412653281, 0.0], [17.692325727077304, 0.4251570628482024, 91.28453446437625, 0.24145953682152013, 0.0]]","[false, false, false, false, false]"
122,11,idle,True,104.041056,30.642468,43.0755113136834,-0.84206745153692,0.84206745153692,2.806891505123066,Serve,104.041056,30.642468,0.6731273228398573,22.063548832794176,True,False,False,False,False,,-1,0.0,0.0,31.6017072796855,425.322781406631,525.5395909490531,338.47590591590176,0.0,12,0,1,0,1,1,"[0.143585037712278, 0.15750068925671315, 0.6348923348122336]","[[17.069926506846016, 0.3549587897227999, 74.9995335742824, 0.3646474766845512, 0.0], [27.080704073044913, 0.37274179479246755, 71.23666538383168, 0.34640362038178474, 0.0], [11.543641277600358, 0.41491493420087666, 48.20794881338589, 0.0, 0.0], [21.13925763573765, 0.47869501661688346, 38.749967596525636, 0.2569647242401496, 0.36834919609628664], [17.692325727077304, 0.5207955106964063, 91.26001741183704, 0.2950386030222247, 0.0]]","[false, false, false, false, false]"
123,11,idle,True,104.0469985,30.6208215,42.333544463355516,-0.7419668503278842,0.7419668503278842,2.4732228344262763,Serve,104.0469985,30.6208215,0.6284699109706171,22.69201874376479,True,False,False,False,False,,-1,0.0,0.0,32.34367413001338,425.322781406631,526.1331644293155,338.47590591590176,0.0,11,0,2,0,1,1,"[0.1411118148778517, 0.21484814318590517, 0.43207382062079974]","[[11.543641277600358, 0.4642745442429241, 68.13257017770005, 1.3604183022710623, 0.8304097263184542], [19.28037272585061, 0.4852696504551481, 39.3447750048783, 1.3661309583978634, 1.2286005184273043], [2.8855373782737956, 0.6388289060268811, 20.233906970225554, 0.24492880532066566, 0.0], [15.78628781440549, 0.6663390871166851, 56.219055468688005, 1.2345141151006078, 0.9092115247018536], [21.13925763573765, 0.7159676420339721, 62.54348144194613, 1.0752295361949102, 0.6639607900847583]]","[false, false, false, false, false]"
124,11,idle,True,104.037132,30.630031,41.91569737353689,-0.41784708981862906,0.41784708981862906,1.3928236327287722,Serve,104.037132,30.630031,0.5820636197957821,23.274082363560574,True,False,False,False,False,,-1,0.0,0.0,32.76152121983201,425.322781406631,526.4674421011704,338.47590591590176,0.0,8,0,1,1,1,0,"[0.13971899124512296, 0.2975383021428888, 0.5575917668327339]","[[15.78628781440549, 0.2695395624327678, 43.773399106510084, 0.4429033533300173, 0.3826535256998696], [19.28037272585061, 0.45502937401157256, 25.61263209134225, 0.4772156394063661, 0.5042368195133965], [21.13925763573765, 0.6411563007992845, 44.62409098438975, 0.2919675791652025, 0.27107664633968453], [28.67024385958554, 0.8326236209191858, 70.14658604126396, 0.38313237257678145, 0.0], [18.233836297051397, 0.9185271778589552, 40.382777693638396, 0.2555341925210724, 0.25709702124761424]]","[false, false, false, false, false]"
125,11,idle,True,104.031243,30.635247,41.67311176734739,-0.24258560618949332,0.24258560618949332,0.8086186872983033,Serve,104.031243,30.635247,0.6057613697856541,23.879843733346227,True,False,False,False,False,,-1,0.0,0.0,33.004106826021506,425.322781406631,526.661510586122,338.47590591590176,0.0,7,0,1,1,1,0,"[0.13891037255782465, 0.2582568965891372, 0.4571138013267462]","[[19.28037272585061, 0.2173527759496854, 37.82291948848224, 0.49994783474750665, 0.6911061231617686], [21.13925763573765, 0.39577581868755923, 57.04013121905506, 0.3168004036938437, 0.5283336221049678], [15.78628781440549, 0.43123243716159454, 38.276628975456156, 0.30637157375883367, 0.8531561570345965], [18.233836297051397, 0.6952722414814235, 26.46151231841117, 0.39937149683202, 0.595631777692707], [1.1726853782616118, 0.7071343592995643, 84.7239778676421, 0.054078686886178645, 0.0]]","[false, false, false, false, false]"
126,11,task,False,104.009514,30.636772,41.04736675001411,-0.6257450173332799,0.6257450173332799,2.0858167244442707,Serve,104.009514,30.636772,0.2941775580192525,24.17402129136548,False,True,False,False,False,IEV,81,23.977353301095956,11.988676650547978,33.86835513197903,449.30013470772695,546.5347918717647,357.46698592587916,0.0,0,0,0,1,1,0,[],[],[]
127,11,task,False,104.00557,30.630479,33.21802288840033,-7.829343861613786,7.829343861613786,0.7950109620808186,,,,0.0,24.17402129136548,False,True,False,False,True,IEV,81,16.38651272810641,8.193256364053205,33.86835513197903,449.30013470772695,546.5347918717647,357.46698592587916,0.0,0,0,0,0,1,0,[],[],[]
128,11,task,False,104.00557,30.630479,23.218022888400327,-10.0,10.0,0.0,,,,0.0,24.17402129136548,False,True,False,False,True,IEV,81,6.3865127281064105,3.1932563640532052,33.86835513197903,449.30013470772695,546.5347918717647,357.46698592587916,0.0,0,0,1,0,1,0,[],[],[]
129,11,idle,True,104.00557,30.630479,16.831510160293917,-6.3865127281064105,6.3865127281064105,0.0,,,,0.0,24.17402129136548,True,False,False,False,False,,-1,0.0,0.0,33.86835513197903,449.30013470772695,546.5347918717647,357.46698592587916,0.0,4,0,0,1,1,0,"[0.05610503386764639, 0.07517687414190373, 0.3119436362426916]","[[1.1726853782616118, 0.3440814206189531, 2.550927489703826, 0.0, 0.0], [9.854234520080439, 0.6830186508304447, 12.693717253406266, 0.09929706989161684, 0.5307115049391155], [21.982020257453748, 0.883981344404659, 10.386427431941872, 0.0, 0.9809250731051596], [14.386256825799833, 0.9373747785361011, 19.150698782545863, 0.12845841684692372, 0.0], [0.0, 0.0, 0.0, 0.0, 0.0]]","[false, false, false, false, true]"
130,11,recharging,False,104.02641902860705,30.62134443882263,19.376223002110557,2.54471284181664,0.0,2.2386212576892714,Recharge,104.02641902860705,30.62134443882263,-0.042928509925836925,24.131092781439644,False,False,True,False,True,FCS,5,36.78370078087658,18.39185039043829,34.53994150928581,449.30013470772695,579.0720609736102,357.46698592587916,0.0,0,0,1,0,0,0,[],[],[]
131,11,recharging,False,104.02641902860705,30.62134443882263,29.376223002110557,10.0,0.0,0.0,,,,0.0,24.131092781439644,False,False,True,False,True,FCS,5,26.78370078087658,13.39185039043829,34.53994150928581,449.30013470772695,579.0720609736102,357.46698592587916,0.0,0,0,0,1,0,0,[],[],[]
132,11,recharging,False,104.02641902860705,30.62134443882263,39.37622300211056,10.0,0.0,0.0,,,,0.0,24.131092781439644,False,False,True,False,True,FCS,5,16.78370078087658,8.39185039043829,34.53994150928581,449.30013470772695,579.0720609736102,357.46698592587916,0.0,0,0,0,1,0,0,[],[],[]
133,11,recharging,False,104.02641902860705,30.62134443882263,49.37622300211056,10.0,0.0,0.0,,,,0.0,24.131092781439644,False,False,True,False,True,FCS,5,6.783700780876579,3.3918503904382895,34.53994150928581,449.30013470772695,579.0720609736102,357.46698592587916,0.0,0,0,1,0,0,0,[],[],[]
134,11,task,False,104.02641902860705,30.62134443882263,56.159923782987136,6.783700780876579,0.0,0.0,,,,0.0,24.131092781439644,False,True,False,False,False,IEV,146,18.82076171387705,9.410380856938525,34.93245040582636,468.120896421604,594.4426774619443,372.2095881797484,0.0,0,0,2,0,0,1,[],[],[]
135,11,task,False,104.03417272182566,30.611653113073878,49.73227883602507,-6.427644946962069,6.427644946962069,1.308362988468483,,,,0.0,24.131092781439644,False,True,False,False,True,IEV,146,12.78562566345553,6.392812831727765,34.93245040582636,468.120896421604,594.4426774619443,372.2095881797484,0.0,0,0,1,0,1,0,[],[],[]
136,11,task,False,104.03417272182566,30.611653113073878,39.73227883602507,-10.0,10.0,0.0,,,,0.0,24.131092781439644,False,True,False,False,True,IEV,146,2.78562566345553,1.392812831727765,34.93245040582636,468.120896421604,594.4426774619443,372.2095881797484,0.0,0,0,1,0,1,0,[],[],[]
137,11,idle,True,104.03417272182566,30.611653113073878,36.94665317256954,-2.7856256634555265,2.7856256634555265,0.0,,,,0.0,24.131092781439644,True,False,False,False,False,,-1,0.0,0.0,34.93245040582636,468.120896421604,594.4426774619443,372.2095881797484,0.0,3,0,1,0,1,0,"[0.1231555105752318, 0.28232366543664456, 0.10411770227056753]","[[8.08011288932618, 0.31220274729226155, 2.1668384070217437, 0.775821763683169, 0.6259289638807016], [4.647430582609587, 0.3191213201305158, 8.33601037991711, 0.5388170740287119, 0.6536138171142225], [9.854234520080439, 0.901005027079747, 20.681174707937814, 0.0, 0.7404361336059122], [0.0, 0.0, 0.0, 0.0, 0.0], [0.0, 0.0, 0.0, 0.0, 0.0]]","[false, false, false, true, true]"
138,11,recharging,False,104.02641902860705,30.62134443882263,42.58940794733662,5.642754774767077,0.0,1.308362988468483,Recharge,104.02641902860705,30.62134443882263,-0.010499212570868546,24.120593568868777,False,False,True,False,True,FCS,5,33.964736328692375,16.982368164346187,35.324959302366906,468.120896421604,626.7566845791767,372.2095881797484,0.0,0,0,1,0,0,0,[],[],[]
139,11,recharging,False,104.02641902860705,30.62134443882263,52.58940794733662,10.0,0.0,0.0,,,,0.0,24.120593568868777,False,False,True,False,True,FCS,5,23.964736328692375,11.982368164346187,35.324959302366906,468.120896421604,626.7566845791767,372.2095881797484,0.0,0,0,0,0,0,0,[],[],[]
140,11,recharging,False,104.02641902860705,30.62134443882263,62.58940794733662,10.0,0.0,0.0,,,,0.0,24.120593568868777,False,False,True,False,True,FCS,5,13.964736328692375,6.9823681643461875,35.324959302366906,468.120896421604,626.7566845791767,372.2095881797484,0.0,0,0,1,0,0,0,[],[],[]
141,11,recharging,False,104.02641902860705,30.62134443882263,72.58940794733661,9.999999999999993,0.0,0.0,,,,0.0,24.120593568868777,False,False,True,False,True,FCS,5,3.964736328692375,1.9823681643461875,35.324959302366906,468.120896421604,626.7566845791767,372.2095881797484,0.0,0,0,1,0,0,0,[],[],[]
142,11,idle,True,104.02641902860705,30.62134443882263,76.55414427602898,3.964736328692368,0.0,0.0,,,,0.0,24.120593568868777,True,False,False,False,False,,-1,0.0,0.0,35.324959302366906,468.120896421604,626.7566845791767,372.2095881797484,0.0,4,0,0,0,1,0,"[0.2551804809200966, 2551.804809200966, 0.12881108632097454]","[[7.630367764316489, 0.3059909313650111, 10.591560739062425, 0.0, 1.5641514880900615], [0.7007856585903198, 0.5188792060005462, 6.552147644435389, 0.0, 1.1734162005896283], [12.834602024124223, 0.8183732352587288, 8.588957825885997, 0.27244883095606953, 0.8682767184548401], [1.008680396226623, 0.8653992756853329, 4.034534119701871, 0.0, 0.834214396502188], [0.0, 0.0, 0.0, 0.0, 0.0]]","[false, false, false, false, true]"
143,11,task,False,104.042572,30.619686,76.08715299062848,-0.4669912854004963,0.4669912854004963,1.5566376180016384,Serve,104.042572,30.619686,0.004926566886016266,24.125520135754794,False,True,False,False,False,IEV,437,1.2099230069788236,0.6049615034894118,36.04686193983996,469.33081942858286,628.3021450947383,372.9735975036734,0.0,0,0,1,0,1,0,[],[],[]
144,11,idle,True,104.0461925,30.6127085,74.62231863157709,-1.4648343590513946,1.4648343590513946,0.8497045069085384,,,,0.0,24.125520135754794,True,False,False,False,False,,-1,0.0,0.0,36.04686193983996,469.33081942858286,628.3021450947383,372.9735975036734,0.0,1,0,0,0,1,0,"[0.24874106210525695, 0.3516254697681044, 0.09238038505087035]","[[12.834602024124223, 0.45633069099089657, 3.842676185789618, 0.3335390745435233, 1.8181742679270945], [0.0, 0.0, 0.0, 0.0, 0.0], [0.0, 0.0, 0.0, 0.0, 0.0], [0.0, 0.0, 0.0, 0.0, 0.0], [0.0, 0.0, 0.0, 0.0, 0.0]]","[false, true, true, true, true]"
145,11,idle,True,104.046878,30.625006,74.21162100968527,-0.41069762189181347,0.41069762189181347,1.3689920729726897,Serve,104.046878,30.625006,0.20589829560191306,24.331418431356706,True,False,False,False,False,,-1,0.0,0.0,36.45755956173176,469.33081942858286,628.6307031922518,372.9735975036734,0.0,2,0,1,0,2,0,"[0.24737207003228426, 0.37108541328635763, 0.05536725756607102]","[[12.834602024124223, 0.36338938921450875, 2.241031823013442, 0.47843040358202793, 0.8778255292268778], [4.647430582609587, 0.9599719698023481, 28.59221596014727, 0.2577375446657108, 1.3027248452892357], [0.0, 0.0, 0.0, 0.0, 0.0], [0.0, 0.0, 0.0, 0.0, 0.0], [0.0, 0.0, 0.0, 0.0, 0.0]]","[false, false, true, true, true]"
146,11,idle,True,104.061589,30.647602,73.34764623686316,-0.8639747728221181,0.8639747728221181,2.8799159094070443,Serve,104.061589,30.647602,0.556927139717451,24.888345571074158,True,False,False,False,False,,-1,0.0,0.0,37.321534334553874,469.33081942858286,629.3218830105094,372.9735975036734,0.0,8,0,2,0,1,0,"[0.2444921541228772, 0.562842176629295, 0.20280236642518698]","[[12.063284682218864, 0.24693464497485088, 32.11346353589445, 1.192165980043967, 1.1457892483782426], [6.717278727919123, 0.2586619434694727, 37.309525124566385, 1.187305916954156, 1.1457474797443312], [4.647430582609587, 0.3683533123490579, 28.536273636819693, 0.8680907545803718, 0.8884920761166651], [10.87026466278489, 0.46999400249067164, 22.995646727042825, 1.038180786152599, 1.0516458050620667], [9.93788355791763, 0.5782671885689311, 6.963682498134471, 0.3656572427555839, 1.5511045018530658]]","[false, false, false, false, false]"
147,11,idle,True,104.073773,30.654738,72.92465163462155,-0.42299460224160157,0.42299460224160157,1.4099820074720149,Serve,104.073773,30.654738,0.5342402571577975,25.422585828231956,True,False,False,False,False,,-1,0.0,0.0,37.744528936795476,469.33081942858286,629.6602786923027,372.9735975036734,0.0,6,0,4,0,1,0,"[0.24308217211540517, 0.3935551747055356, 0.13344782014758147]","[[6.717278727919123, 0.21850415036265333, 27.155037904394128, 0.8431346255117863, 1.2894623787131614], [10.87026466278489, 0.34258325990901123, 17.80413120082507, 0.8738894471539732, 0.7876163196717102], [12.063284682218864, 0.40823963539283037, 29.063372619420097, 0.6853064846228071, 1.3631657951946363], [12.408440453762836, 0.43831569123181785, 31.533512574541604, 0.45387800765569636, 1.027304711900921], [3.6464596201621475, 0.5420420087831778, 37.84756660041676, 0.41616216779071247, 0.9744751522435128]]","[false, false, false, false, false]"
148,11,idle,True,104.075987,30.649159,72.72799789929516,-0.19665373532639308,0.19665373532639308,0.65551245108796,Serve,104.075987,30.649159,0.6459801900443198,26.068566018276275,True,False,False,False,False,,-1,0.0,0.0,37.94118267212186,469.33081942858286,629.8176016805637,372.9735975036734,0.0,8,0,1,0,1,0,"[0.2424266596643172, 0.5481248258631252, 0.330219327221806]","[[10.87026466278489, 0.023524928011873735, 28.194636234683053, 0.3805603848180926, 0.8343936326835222], [3.6464596201621475, 0.1978248711273146, 27.630934311676327, 0.4735208191613042, 0.6978035161392008], [12.408440453762836, 0.2742882027664381, 20.151024568550294, 0.5278958493862143, 0.6835613840507822], [6.717278727919123, 0.5030881857191618, 26.24039251369475, 0.6041130750842976, 0.5214111118339365], [15.643697857266886, 0.566854551133985, 23.216970663743304, 0.0, 0.8407259690372239]]","[false, false, false, false, false]"
149,11,task,False,104.094851,30.629461,71.8765796418798,-0.8514182574153608,0.8514182574153608,2.8380608580512043,Serve,104.094851,30.629461,0.18334368427350586,26.25190970254978,False,True,False,False,False,IEV,397,15.22119911670054,7.61059955835027,39.22791154667527,484.5520185452834,643.0239440735668,384.80230830332334,0.0,0,0,1,0,1,0,[],[],[]
150,11,task,False,104.0858735,30.618944,65.83851339568798,-6.038066246191818,6.038066246191818,1.451035390460176,,,,0.0,26.25190970254978,False,True,False,False,True,IEV,397,9.618443487646775,4.809221743823388,39.22791154667527,484.5520185452834,643.0239440735668,384.80230830332334,0.0,0,0,0,0,1,0,[],[],[]
151,11,idle,True,104.0858735,30.618944,56.22006990804121,-9.618443487646772,9.618443487646772,0.0,,,,0.0,26.25190970254978,True,False,False,False,False,,-1,0.0,0.0,39.22791154667527,484.5520185452834,643.0239440735668,384.80230830332334,0.0,1,0,0,0,0,1,"[0.18740023302680403, 0.1873814948773163, 0.9999784554414458]","[[6.717278727919123, 0.9660837622211683, 17.33623058792888, 0.0, 0.0], [0.0, 0.0, 0.0, 0.0, 0.0], [0.0, 0.0, 0.0, 0.0, 0.0], [0.0, 0.0, 0.0, 0.0, 0.0], [0.0, 0.0, 0.0, 0.0, 0.0]]","[false, true, true, true, true]"
152,11,idle,True,104.081241,30.644702,55.35059452204216,-0.8694753859990527,0.8694753859990527,2.898251286663505,Serve,104.081241,30.644702,0.6171367582796109,26.86904646082939,True,False,False,False,False,,-1,0.0,0.0,40.097386932674326,484.5520185452834,643.719524382366,384.80230830332334,0.0,6,0,1,0,1,0,"[0.1845019817401405, 0.43128341863623854, 0.32205799684965636]","[[12.408440453762836, 0.07080730872988389, 11.886393714546472, 0.4136248796034037, 0.4136248796034037], [6.717278727919123, 0.3000892879969593, 25.301909853924695, 0.3633237696773162, 0.3633237696773162], [6.26241001888436, 0.30619845574154986, 25.707825557097962, 0.3622099825903862, 0.3622099825903862], [1.1726853782616118, 0.3441035721527137, 22.552053717372793, 0.5221521944985504, 0.5221521944985504], [12.063284682218864, 0.5291304871446832, 18.40693969259329, 0.26739398109093776, 0.26739398109093776]]","[false, false, false, false, false]"
153,11,idle,True,104.052968,30.653544,54.48725462590799,-0.8633398961341712,0.8633398961341712,2.877799653780576,Serve,104.052968,30.653544,0.5208089441244381,27.38985540495383,True,False,False,False,False,,-1,0.0,0.0,40.9607268288085,484.5520185452834,644.4101962992734,384.80230830332334,0.0,4,0,4,0,1,0,"[0.18162418208635997, 0.23238859591155198, 0.20061573885463518]","[[11.272606253739184, 0.13512009509225334, 19.78288026380625, 1.138306921675487, 0.2867984233351494], [19.809954679688104, 0.21149302933265088, 13.869928759367241, 0.7933445575455055, 0.35605399928165], [11.91612413318554, 0.501315314310585, 18.751067698143284, 1.1918800754229832, 0.0], [6.26241001888436, 0.6549863422010991, 25.116654697241284, 0.8214596356834795, 0.2738872015681389], [0.0, 0.0, 0.0, 0.0, 0.0]]","[false, false, false, false, true]"
154,11,idle,True,104.055943,30.666825,54.03607084302846,-0.4511837828795251,0.4511837828795251,1.5039459429317548,Serve,104.055943,30.666825,0.4720969193309727,27.861952324284804,True,False,False,False,False,,-1,0.0,0.0,41.41191061168802,484.5520185452834,644.771143325577,384.80230830332334,0.0,4,0,3,0,0,0,"[0.1801202361434282, 0.18010222592083613, 0.32935282204706756]","[[11.272606253739184, 0.07874508623658952, 14.477052027518303, 1.8055551210846414, 0.0], [6.26241001888436, 0.32419671645643383, 11.717457441096782, 1.1315533046449044, 0.0], [11.91612413318554, 0.34881853732899804, 12.73816761292165, 1.090710636064851, 0.0], [19.809954679688104, 0.7889911269992943, 3.2912851489636554, 0.9172111477575732, 0.3480981733420151], [0.0, 0.0, 0.0, 0.0, 0.0]]","[false, false, false, false, true]"
155,11,idle,True,104.052405,30.645757,53.3259788287291,-0.710092014299363,0.710092014299363,2.366973380997883,Serve,104.052405,30.645757,0.33695294571711537,28.19890527000192,True,False,False,False,False,,-1,0.0,0.0,42.122002625987385,484.5520185452834,645.3392169370164,384.80230830332334,0.0,3,0,3,0,1,0,"[0.17775326276243034, 0.28470088512193986, 0.13529322355311107]","[[19.809954679688104, 0.20316846854308687, 2.4600875459205165, 0.9805757426321222, 0.8957304372641793], [12.063284682218864, 0.8873724870899871, 7.146621022327523, 0.7239835384615975, 1.0855632061263878], [7.630367764316489, 0.8884268116605835, 6.38687731679943, 0.2728304198652617, 1.3995283109132455], [0.0, 0.0, 0.0, 0.0, 0.0], [0.0, 0.0, 0.0, 0.0, 0.0]]","[false, false, false, true, true]"
156,11,idle,True,104.046351,30.644049,53.14312720704032,-0.18285162168877633,0.18285162168877633,0.6095054056292606,Serve,104.046351,30.644049,0.1490967195911821,28.3480019895931,True,False,False,False,False,,-1,0.0,0.0,42.30485424767616,484.5520185452834,645.4854982343675,384.80230830332334,0.0,2,0,1,0,1,0,"[0.17714375735680107, 0.22618698353407488, 0.11791419347093136]","[[7.630367764316489, 0.9071961684239015, 6.381139338374181, 0.7004838111159966, 0.0], [9.93788355791763, 0.9620808475458581, 6.2795814137171675, 0.7929380623370084, 0.0], [0.0, 0.0, 0.0, 0.0, 0.0], [0.0, 0.0, 0.0, 0.0, 0.0], [0.0, 0.0, 0.0, 0.0, 0.0]]","[false, false, true, true, true]"
157,11,idle,True,104.024869,30.662276,52.27725444424905,-0.8658727627912697,0.8658727627912697,2.886242542637574,Serve,104.024869,30.662276,0.4591325141512161,28.807134503744315,True,False,False,False,False,,-1,0.0,0.0,43.17072701046743,484.5520185452834,646.1781964446005,384.80230830332334,0.0,4,0,1,0,0,0,"[0.17425751481416352, 0.17424009080508301, 0.33414226185204865]","[[7.630367764316489, 0.1805640351943156, 4.206637031813859, 0.0, 0.0], [1.008680396226623, 0.5391235817299028, 5.8403673147675255, 0.0, 1.6881207293010037], [9.93788355791763, 0.6247375642215539, 3.1647153231257446, 0.0, 0.5109560852809942], [3.6464596201621475, 0.9963540989146306, 13.257472564787836, 0.7332869568837568, 0.0], [0.0, 0.0, 0.0, 0.0, 0.0]]","[false, false, false, false, true]"
158,11,idle,True,104.051584,30.676226,51.380535755225885,-0.8967186890231673,0.8967186890231673,2.989062296743892,Serve,104.051584,30.676226,0.5725364061970009,29.379670909941318,True,False,False,False,False,,-1,0.0,0.0,44.0674456994906,484.5520185452834,646.895571395819,384.80230830332334,0.0,4,0,1,1,0,0,"[0.17126845251741962, 0.17125132738468116, 0.8127984727501352]","[[3.6464596201621475, 0.1391488194904965, 21.43396382206076, 0.061393473511969554, 0.0], [11.91612413318554, 0.15345320383003283, 16.713571711269942, 0.06260741496613924, 0.0], [11.272606253739184, 0.26234812445700967, 16.54667893341965, 0.07120218329444952, 0.0], [6.649044736004129, 0.6251902038726228, 17.18404112542776, 0.0906390203193731, 0.0], [0.0, 0.0, 0.0, 0.0, 0.0]]","[false, false, false, false, true]"
159,11,task,False,104.071183,30.676837,50.81786457174052,-0.5626711834853637,0.5626711834853637,1.8755706116178685,Serve,104.071183,30.676837,0.1999233475041443,29.57959425744546,False,True,False,False,False,IEV,312,6.776784173737329,3.3883920868686643,44.828929780488735,491.3288027190207,652.9261859996074,390.064685324303,0.0,0,1,1,1,0,0,[],[],[]
160,11,idle,True,104.0722635,30.682724,43.84226750049042,-6.9755970712501,6.9755970712501,0.6627096583759031,,,,0.0,29.57959425744546,True,False,False,False,False,,-1,0.0,0.0,44.828929780488735,491.3288027190207,652.9261859996074,390.064685324303,0.0,4,0,1,1,0,0,"[0.1461408916683014, 0.14612627904039738, 0.839288608287273]","[[15.643697857266886, 0.5461240134885611, 5.2492722379735035, 0.0, 0.0], [11.91612413318554, 0.5519837523401602, 8.737874093877355, 0.158758641877457, 0.0], [3.6464596201621475, 0.5732325845120506, 16.46240870440313, 0.16946578710596122, 0.0], [10.87026466278489, 0.7191707391364782, 7.611449878236506, 0.08261320149806814, 0.0], [0.0, 0.0, 0.0, 0.0, 0.0]]","[false, false, false, false, true]"
161,11,idle,True,104.055949,30.676219,43.32635817442958,-0.5159093260608429,0.5159093260608429,1.719697753536152,Serve,104.055949,30.676219,0.5598646224166326,30.139458879862094,True,False,False,False,False,,-1,0.0,0.0,45.34483910654958,491.3288027190207,653.3389134604561,390.064685324303,0.0,3,0,1,1,0,0,"[0.14442119391476527, 0.14440675323944133, 0.7565604180169043]","[[3.6464596201621475, 0.0, 14.211277821722717, 0.15828477874209995, 0.0], [11.91612413318554, 0.021552920177610346, 6.391733196303939, 0.16637218989802446, 0.0], [10.87026466278489, 0.8669350963938741, 4.598153199424066, 0.04614035889242377, 0.0], [0.0, 0.0, 0.0, 0.0, 0.0], [0.0, 0.0, 0.0, 0.0, 0.0]]","[false, false, false, true, true]"
162,11,idle,True,104.056533,30.676512,43.30696054626973,-0.01939762815985091,0.01939762815985091,0.06465876053283104,Serve,104.056533,30.676512,0.48303592283711877,30.62249480269921,True,False,False,False,False,,-1,0.0,0.0,45.36423673470943,491.3288027190207,653.3544315629839,390.064685324303,0.0,2,0,2,0,0,0,"[0.14435653515423244, 0.14434210094413802, 0.2754595641429001]","[[3.6464596201621475, 0.021552920177610346, 9.50154884975174, 0.3942675556587737, 0.0], [11.91612413318554, 0.10560266650002371, 2.9075741258123022, 0.34996146728763755, 0.0], [0.0, 0.0, 0.0, 0.0, 0.0], [0.0, 0.0, 0.0, 0.0, 0.0], [0.0, 0.0, 0.0, 0.0, 0.0]]","[false, false, true, true, true]"
163,11,idle,True,104.054108,30.674571,43.211918146419706,-0.09504239985002272,0.09504239985002272,0.31680799950007116,Serve,104.054108,30.674571,0.47361771669593195,31.096112519395145,True,False,False,False,False,,-1,0.0,0.0,45.45927913455945,491.3288027190207,653.430465482864,390.064685324303,0.0,3,0,2,0,0,0,"[0.14403972715473234, 0.1440253246222701, 0.3067445566137741]","[[3.6464596201621475, 0.08470812922593102, 9.710988897935028, 0.7887649983755893, 0.0], [11.91612413318554, 0.17748107165878882, 3.5276464018028424, 0.6332338452584335, 0.0], [2.8855373782737956, 0.7532958166319768, 4.657934324605335, 0.2869905587614121, 0.0], [0.0, 0.0, 0.0, 0.0, 0.0], [0.0, 0.0, 0.0, 0.0, 0.0]]","[false, false, false, true, true]"
164,11,task,False,104.055949,30.676219,43.13568083011637,-0.07623731630333452,0.07623731630333452,0.25412438767779305,Serve,104.055949,30.676219,0.14679257328429046,31.242905092679436,False,True,False,False,False,IEV,384,12.345199930634417,6.172599965317208,45.76304213031373,503.6740026496551,663.5496358239749,399.7588247252498,0.0,0,0,2,0,0,0,[],[],[]
165,11,task,False,104.05639149999999,30.683028999999998,35.20639433703859,-7.929286493077782,7.929286493077782,0.7584189315031435,,,,0.0,31.242905092679436,False,True,False,False,True,IEV,384,4.643439117007579,2.3217195585037893,45.76304213031373,503.6740026496551,663.5496358239749,399.7588247252498,0.0,0,0,2,0,0,0,[],[],[]
166,11,idle,True,104.05639149999999,30.683028999999998,30.56295522003101,-4.643439117007578,4.643439117007578,0.0,,,,0.0,31.242905092679436,True,False,False,False,False,,-1,0.0,0.0,45.76304213031373,503.6740026496551,663.5496358239749,399.7588247252498,0.0,2,0,2,0,0,0,"[0.10187651740010337, 0.10186633076702667, 0.12382881541278043]","[[3.6464596201621475, 0.25280631050104785, 1.912046040227362, 0.6607766470926922, 0.0], [2.8855373782737956, 0.4036641061221482, 2.4162565801698115, 0.4805917299576895, 0.0], [0.0, 0.0, 0.0, 0.0, 0.0], [0.0, 0.0, 0.0, 0.0, 0.0], [0.0, 0.0, 0.0, 0.0, 0.0]]","[false, false, true, true, true]"
167,11,idle,True,104.052652,30.672624,30.19965752452108,-0.36329769550993163,0.36329769550993163,1.2109923183664446,Serve,104.052652,30.672624,0.2534815062453832,31.49638659892482,True,False,False,False,False,,-1,0.0,0.0,46.12633982582366,503.6740026496551,663.8402739803828,399.7588247252498,0.0,2,0,2,0,0,0,"[0.10066552508173693, 0.10065545953578335, 0.12715891577552602]","[[3.6464596201621475, 0.2729861863134671, 0.7958513187321163, 0.5182900629179712, 0.0], [2.8855373782737956, 0.6176273827344466, 1.3604825879827587, 0.30702452296368515, 0.0], [0.0, 0.0, 0.0, 0.0, 0.0], [0.0, 0.0, 0.0, 0.0, 0.0], [0.0, 0.0, 0.0, 0.0, 0.0]]","[false, false, true, true, true]"
168,11,idle,True,104.060142,30.676194,29.953969956838957,-0.24568756768212197,0.24568756768212197,0.8189585589404013,Serve,104.060142,30.676194,0.14957609771349775,31.645962696638318,True,False,False,False,False,,-1,0.0,0.0,46.37202739350578,503.6740026496551,664.0368240345285,399.7588247252498,0.0,1,0,2,0,0,0,"[0.09984656652279653, 0.09983658286451008, 0.08362260960614504]","[[3.6464596201621475, 0.31267462734724827, 0.27090979768783735, 0.4201907034098491, 0.0], [0.0, 0.0, 0.0, 0.0, 0.0], [0.0, 0.0, 0.0, 0.0, 0.0], [0.0, 0.0, 0.0, 0.0, 0.0], [0.0, 0.0, 0.0, 0.0, 0.0]]","[false, true, true, true, true]"
169,11,idle,True,104.065415,30.669081,29.672562792226433,-0.28140716461252424,0.28140716461252424,0.9380238820417448,Serve,104.065415,30.669081,0.1976895368687169,31.843652233507033,True,False,False,False,False,,-1,0.0,0.0,46.653434558118306,503.6740026496551,664.2619497662185,399.7588247252498,0.0,2,0,2,0,0,0,"[0.09890854264075477, 0.09889865277547723, 0.053781137407808204]","[[3.6464596201621475, 0.47067001190775953, 1.0891375284466966, 1.2357505255778691, 0.971129034206017], [1.008680396226623, 0.4871825608895883, 3.0254426307774667, 1.2350044596380547, 0.9275282159306792], [0.0, 0.0, 0.0, 0.0, 0.0], [0.0, 0.0, 0.0, 0.0, 0.0], [0.0, 0.0, 0.0, 0.0, 0.0]]","[false, false, true, true, true]"
170,11,idle,True,104.060337,30.656684,29.234098487425804,-0.4384643048006289,0.4384643048006289,1.4615476826687648,Serve,104.060337,30.656684,0.20108731940996924,32.044739552917,True,False,False,False,False,,-1,0.0,0.0,47.09189886291894,503.6740026496551,664.612721210059,399.7588247252498,0.0,3,0,4,0,1,0,"[0.09744699495808601, 0.13081872226731714, 0.01877998471926624]","[[1.008680396226623, 0.2694647196385829, 1.828082411941725, 1.9175333337411609, 0.9273449980975391], [3.6464596201621475, 0.7380744089597586, 0.8139298123606656, 1.228754368141749, 0.9063214105149512], [1.1726853782616118, 0.8863542842409081, 1.554134561627209, 1.7352690291847315, 1.6095482619061876], [0.0, 0.0, 0.0, 0.0, 0.0], [0.0, 0.0, 0.0, 0.0, 0.0]]","[false, false, false, true, true]"
171,11,recharging,False,104.07001062222452,30.638393968626417,31.79285956427544,2.5587610768496347,0.0,2.2344029523563425,Recharge,104.07001062222452,30.638393968626417,-0.02341750447900855,32.021322048437995,False,False,True,False,True,FCS,2,36.770918037443465,18.385459018721733,47.76221974862584,503.6740026496551,697.1489779186245,399.7588247252498,0.0,0,0,2,1,0,0,[],[],[]
172,11,recharging,False,104.07001062222452,30.638393968626417,41.79285956427544,10.0,0.0,0.0,,,,0.0,32.021322048437995,False,False,True,False,True,FCS,2,26.770918037443465,13.385459018721733,47.76221974862584,503.6740026496551,697.1489779186245,399.7588247252498,0.0,0,0,1,1,0,0,[],[],[]
173,11,recharging,False,104.07001062222452,30.638393968626417,51.79285956427544,10.0,0.0,0.0,,,,0.0,32.021322048437995,False,False,True,False,True,FCS,2,16.770918037443465,8.385459018721733,47.76221974862584,503.6740026496551,697.1489779186245,399.7588247252498,0.0,0,0,1,1,0,0,[],[],[]
174,11,recharging,False,104.07001062222452,30.638393968626417,61.79285956427544,10.0,0.0,0.0,,,,0.0,32.021322048437995,False,False,True,False,True,FCS,2,6.770918037443465,3.3854590187217326,47.76221974862584,503.6740026496551,697.1489779186245,399.7588247252498,0.0,0,0,1,0,0,0,[],[],[]
175,11,idle,True,104.07001062222452,30.638393968626417,68.5637776017189,6.770918037443458,0.0,0.0,,,,0.0,32.021322048437995,True,False,False,False,False,,-1,0.0,0.0,47.76221974862584,503.6740026496551,697.1489779186245,399.7588247252498,0.0,1,0,1,0,1,0,"[0.22854592533906298, 2285.45925339063, 0.09571182151307765]","[[13.170596977183067, 0.9145508342699338, 0.0, 0.6931878341275257, 0.5342376191430424], [0.0, 0.0, 0.0, 0.0, 0.0], [0.0, 0.0, 0.0, 0.0, 0.0], [0.0, 0.0, 0.0, 0.0, 0.0], [0.0, 0.0, 0.0, 0.0, 0.0]]","[false, true, true, true, true]"
176,11,idle,True,104.097872,30.644242,67.74068185087596,-0.8230957508429384,0.8230957508429384,2.7436525028098013,Serve,104.097872,30.644242,0.2962462962265926,32.317568344664586,True,False,False,False,False,,-1,0.0,0.0,48.58531549946878,503.6740026496551,697.8074545192989,399.7588247252498,0.0,1,0,3,0,1,0,"[0.2258022728362532, 0.24687264732720282, 0.050282796997315214]","[[13.170596977183067, 0.005204271371342037, 0.0, 2.237419281381677, 0.804494652683014], [0.0, 0.0, 0.0, 0.0, 0.0], [0.0, 0.0, 0.0, 0.0, 0.0], [0.0, 0.0, 0.0, 0.0, 0.0], [0.0, 0.0, 0.0, 0.0, 0.0]]","[false, true, true, true, true]"
177,11,idle,True,104.09771,30.644259,67.73599800664175,-0.004683844234207868,0.004683844234207868,0.01561281411402611,Serve,104.09771,30.644259,0.27888736034443123,32.59645570500902,True,False,False,False,False,,-1,0.0,0.0,48.589999343702985,503.6740026496551,697.8112015946862,399.7588247252498,0.0,1,0,3,0,1,0,"[0.22578666002213918, 0.24817638708913461, 0.05030803865398721]","[[13.170596977183067, 0.006084327326009878, 0.0, 2.946222651047173, 0.8007884814282821], [0.0, 0.0, 0.0, 0.0, 0.0], [0.0, 0.0, 0.0, 0.0, 0.0], [0.0, 0.0, 0.0, 0.0, 0.0], [0.0, 0.0, 0.0, 0.0, 0.0]]","[false, true, true, true, true]"
178,11,idle,True,104.0979,30.644244,67.73052211204835,-0.005475894593402586,0.005475894593402586,0.018252981978029634,Serve,104.0979,30.644244,-0.010499212570868546,32.58595649243815,True,False,False,False,False,,-1,0.0,0.0,48.595475238296395,503.6740026496551,697.8155823103609,399.7588247252498,0.0,0,0,2,1,1,0,"[0.22576840704016116, 0.24659700683267655, 0.0]","[[0.0, 0.0, 0.0, 0.0, 0.0], [0.0, 0.0, 0.0, 0.0, 0.0], [0.0, 0.0, 0.0, 0.0, 0.0], [0.0, 0.0, 0.0, 0.0, 0.0], [0.0, 0.0, 0.0, 0.0, 0.0]]","[true, true, true, true, true]"
179,11,idle,True,104.0979,30.644244,67.73052211204835,0.0,0.0,0.0,Serve,104.0979,30.644244,0.05506757551014486,32.641024067948294,True,False,False,False,False,,-1,0.0,0.0,48.595475238296395,503.6740026496551,697.8155823103609,399.7588247252498,0.0,1,0,2,1,1,0,"[0.22576840704016116, 0.24659700683267655, 0.025558942670949387]","[[5.61698180392969, 0.7079107203964198, 0.0, 0.8903242498212078, 1.5060484340901867], [0.0, 0.0, 0.0, 0.0, 0.0], [0.0, 0.0, 0.0, 0.0, 0.0], [0.0, 0.0, 0.0, 0.0, 0.0], [0.0, 0.0, 0.0, 0.0, 0.0]]","[false, true, true, true, true]"
180,11,idle,True,104.07577514453789,30.64580923511028,67.09340246369158,-0.6371196483567729,0.6371196483567729,2.1237321611892592,Serve,104.07577514453789,30.64580923511028,0.13313654452381835,32.77416061247211,True,False,False,False,False,,-1,0.0,0.0,49.232594886653175,503.6740026496551,698.3252780290463,399.7588247252498,0.0,1,0,4,0,1,0,"[0.2236446748789719, 0.6761622400002301, 0.018764068632200672]","[[5.61698180392969, 0.24117244783884964, 0.0, 2.056882404329561, 1.2764862666644563], [0.0, 0.0, 0.0, 0.0, 0.0], [0.0, 0.0, 0.0, 0.0, 0.0], [0.0, 0.0, 0.0, 0.0, 0.0], [0.0, 0.0, 0.0, 0.0, 0.0]]","[false, true, true, true, true]"
181,11,idle,True,104.082832,30.643469,66.8763472606366,-0.21705520305496862,0.21705520305496862,0.723517343516549,Serve,104.082832,30.643469,0.17339144071800575,32.947552053190115,True,False,False,False,False,,-1,0.0,0.0,49.449650089708136,503.6740026496551,698.4989221914904,399.7588247252498,0.0,1,0,4,0,1,0,"[0.22292115753545536, 0.495196376164097, 0.01894807368171752]","[[5.61698180392969, 0.11535594589756104, 0.0, 2.9716184340727323, 1.13487569347217], [0.0, 0.0, 0.0, 0.0, 0.0], [0.0, 0.0, 0.0, 0.0, 0.0], [0.0, 0.0, 0.0, 0.0, 0.0], [0.0, 0.0, 0.0, 0.0, 0.0]]","[false, true, true, true, true]"
182,11,idle,True,104.086382,30.642871,66.7725269093288,-0.1038203513078031,0.1038203513078031,0.3460678376926831,Serve,104.086382,30.642871,0.24974728075554473,33.19729933394566,True,False,False,False,False,,-1,0.0,0.0,49.55347044101594,503.6740026496551,698.5819784725365,399.7588247252498,0.0,1,0,4,0,1,0,"[0.22257508969776268, 0.4062178982460972, 0.01896011481925576]","[[5.61698180392969, 0.007470743236522631, 0.0, 3.9123162690808795, 1.1436062727668466], [0.0, 0.0, 0.0, 0.0, 0.0], [0.0, 0.0, 0.0, 0.0, 0.0], [0.0, 0.0, 0.0, 0.0, 0.0], [0.0, 0.0, 0.0, 0.0, 0.0]]","[false, true, true, true, true]"
183,11,idle,True,104.08615,30.642899,66.76580324041593,-0.00672366891286913,0.00672366891286913,0.022412229709567893,Serve,104.08615,30.642899,-0.00222717321460009,33.19507216073106,True,False,False,False,False,,-1,0.0,0.0,49.56019410992881,503.6740026496551,698.5873574076669,399.7588247252498,0.0,1,0,4,0,1,0,"[0.2225526774680531, 0.41122571070506686, 0.004062740237858029]","[[1.008680396226623, 0.981664138498028, 0.0, 1.4921855517957263, 0.6114881566491829], [0.0, 0.0, 0.0, 0.0, 0.0], [0.0, 0.0, 0.0, 0.0, 0.0], [0.0, 0.0, 0.0, 0.0, 0.0], [0.0, 0.0, 0.0, 0.0, 0.0]]","[false, true, true, true, true]"
184,11,idle,True,104.060035,30.656924,65.88230551576771,-0.8834977246482225,0.8834977246482225,2.944992415494084,Serve,104.060035,30.656924,-0.010499212570868546,33.18457294816019,True,False,False,False,False,,-1,0.0,0.0,50.44369183457703,503.6740026496551,699.2941555873855,399.7588247252498,0.0,0,0,4,1,1,0,"[0.21960768505255904, 0.2901014344298712, 0.0]","[[0.0, 0.0, 0.0, 0.0, 0.0], [0.0, 0.0, 0.0, 0.0, 0.0], [0.0, 0.0, 0.0, 0.0, 0.0], [0.0, 0.0, 0.0, 0.0, 0.0], [0.0, 0.0, 0.0, 0.0, 0.0]]","[true, true, true, true, true]"
185,11,idle,True,104.060035,30.656924,65.88230551576771,0.0,0.0,0.0,Serve,104.060035,30.656924,-0.010499212570868546,33.17407373558932,True,False,False,False,False,,-1,0.0,0.0,50.44369183457703,503.6740026496551,699.2941555873855,399.7588247252498,0.0,0,0,5,0,1,0,"[0.21960768505255904, 0.2901014344298712, 0.0]","[[0.0, 0.0, 0.0, 0.0, 0.0], [0.0, 0.0, 0.0, 0.0, 0.0], [0.0, 0.0, 0.0, 0.0, 0.0], [0.0, 0.0, 0.0, 0.0, 0.0], [0.0, 0.0, 0.0, 0.0, 0.0]]","[true, true, true, true, true]"
186,11,idle,True,104.060035,30.656924,65.88230551576771,0.0,0.0,0.0,Serve,104.060035,30.656924,-0.010499212570868546,33.16357452301845,True,False,False,False,False,,-1,0.0,0.0,50.44369183457703,503.6740026496551,699.2941555873855,399.7588247252498,0.0,0,0,5,0,1,0,"[0.21960768505255904, 0.2901014344298712, 0.0]","[[0.0, 0.0, 0.0, 0.0, 0.0], [0.0, 0.0, 0.0, 0.0, 0.0], [0.0, 0.0, 0.0, 0.0, 0.0], [0.0, 0.0, 0.0, 0.0, 0.0], [0.0, 0.0, 0.0, 0.0, 0.0]]","[true, true, true, true, true]"
187,11,idle,True,104.060035,30.656924,65.88230551576771,0.0,0.0,0.0,Serve,104.060035,30.656924,-0.010499212570868546,33.153075310447576,True,False,False,False,False,,-1,0.0,0.0,50.44369183457703,503.6740026496551,699.2941555873855,399.7588247252498,0.0,0,0,5,0,1,0,"[0.21960768505255904, 0.2901014344298712, 0.0]","[[0.0, 0.0, 0.0, 0.0, 0.0], [0.0, 0.0, 0.0, 0.0, 0.0], [0.0, 0.0, 0.0, 0.0, 0.0], [0.0, 0.0, 0.0, 0.0, 0.0], [0.0, 0.0, 0.0, 0.0, 0.0]]","[true, true, true, true, true]"
188,11,idle,True,104.060035,30.656924,65.88230551576771,0.0,0.0,0.0,Serve,104.060035,30.656924,-0.010499212570868546,33.142576097876706,True,False,False,False,False,,-1,0.0,0.0,50.44369183457703,503.6740026496551,699.2941555873855,399.7588247252498,0.0,0,0,5,0,1,0,"[0.21960768505255904, 0.2901014344298712, 0.0]","[[0.0, 0.0, 0.0, 0.0, 0.0], [0.0, 0.0, 0.0, 0.0, 0.0], [0.0, 0.0, 0.0, 0.0, 0.0], [0.0, 0.0, 0.0, 0.0, 0.0], [0.0, 0.0, 0.0, 0.0, 0.0]]","[true, true, true, true, true]"
189,11,idle,True,104.060035,30.656924,65.88230551576771,0.0,0.0,0.0,Serve,104.060035,30.656924,-0.010499212570868546,33.132076885305835,True,False,False,False,False,,-1,0.0,0.0,50.44369183457703,503.6740026496551,699.2941555873855,399.7588247252498,0.0,0,0,5,0,1,0,"[0.21960768505255904, 0.2901014344298712, 0.0]","[[0.0, 0.0, 0.0, 0.0, 0.0], [0.0, 0.0, 0.0, 0.0, 0.0], [0.0, 0.0, 0.0, 0.0, 0.0], [0.0, 0.0, 0.0, 0.0, 0.0], [0.0, 0.0, 0.0, 0.0, 0.0]]","[true, true, true, true, true]"
190,11,idle,True,104.060035,30.656924,65.88230551576771,0.0,0.0,0.0,Serve,104.060035,30.656924,-0.010499212570868546,33.121577672734965,True,False,False,False,False,,-1,0.0,0.0,50.44369183457703,503.6740026496551,699.2941555873855,399.7588247252498,0.0,0,0,5,0,1,0,"[0.21960768505255904, 0.2901014344298712, 0.0]","[[0.0, 0.0, 0.0, 0.0, 0.0], [0.0, 0.0, 0.0, 0.0, 0.0], [0.0, 0.0, 0.0, 0.0, 0.0], [0.0, 0.0, 0.0, 0.0, 0.0], [0.0, 0.0, 0.0, 0.0, 0.0]]","[true, true, true, true, true]"
191,11,idle,True,104.060035,30.656924,65.88230551576771,0.0,0.0,0.0,Serve,104.060035,30.656924,-0.010499212570868546,33.111078460164094,True,False,False,False,False,,-1,0.0,0.0,50.44369183457703,503.6740026496551,699.2941555873855,399.7588247252498,0.0,0,0,5,0,1,0,"[0.21960768505255904, 0.2901014344298712, 0.0]","[[0.0, 0.0, 0.0, 0.0, 0.0], [0.0, 0.0, 0.0, 0.0, 0.0], [0.0, 0.0, 0.0, 0.0, 0.0], [0.0, 0.0, 0.0, 0.0, 0.0], [0.0, 0.0, 0.0, 0.0, 0.0]]","[true, true, true, true, true]"
192,11,idle,True,104.060035,30.656924,65.88230551576771,0.0,0.0,0.0,Serve,104.060035,30.656924,-0.010499212570868546,33.100579247593224,True,False,False,False,False,,-1,0.0,0.0,50.44369183457703,503.6740026496551,699.2941555873855,399.7588247252498,0.0,0,0,5,0,1,0,"[0.21960768505255904, 0.2901014344298712, 0.0]","[[0.0, 0.0, 0.0, 0.0, 0.0], [0.0, 0.0, 0.0, 0.0, 0.0], [0.0, 0.0, 0.0, 0.0, 0.0], [0.0, 0.0, 0.0, 0.0, 0.0], [0.0, 0.0, 0.0, 0.0, 0.0]]","[true, true, true, true, true]"
193,11,idle,True,104.060035,30.656924,65.88230551576771,0.0,0.0,0.0,Serve,104.060035,30.656924,-0.010499212570868546,33.09008003502235,True,False,False,False,False,,-1,0.0,0.0,50.44369183457703,503.6740026496551,699.2941555873855,399.7588247252498,0.0,0,0,5,0,1,0,"[0.21960768505255904, 0.2901014344298712, 0.0]","[[0.0, 0.0, 0.0, 0.0, 0.0], [0.0, 0.0, 0.0, 0.0, 0.0], [0.0, 0.0, 0.0, 0.0, 0.0], [0.0, 0.0, 0.0, 0.0, 0.0], [0.0, 0.0, 0.0, 0.0, 0.0]]","[true, true, true, true, true]"
194,11,idle,True,104.060035,30.656924,65.88230551576771,0.0,0.0,0.0,Serve,104.060035,30.656924,-0.010499212570868546,33.07958082245148,True,False,False,False,False,,-1,0.0,0.0,50.44369183457703,503.6740026496551,699.2941555873855,399.7588247252498,0.0,0,0,5,0,1,0,"[0.21960768505255904, 0.2901014344298712, 0.0]","[[0.0, 0.0, 0.0, 0.0, 0.0], [0.0, 0.0, 0.0, 0.0, 0.0], [0.0, 0.0, 0.0, 0.0, 0.0], [0.0, 0.0, 0.0, 0.0, 0.0], [0.0, 0.0, 0.0, 0.0, 0.0]]","[true, true, true, true, true]"
195,11,idle,True,104.060035,30.656924,65.88230551576771,0.0,0.0,0.0,Serve,104.060035,30.656924,-0.010499212570868546,33.06908160988061,True,False,False,False,False,,-1,0.0,0.0,50.44369183457703,503.6740026496551,699.2941555873855,399.7588247252498,0.0,0,0,5,0,1,0,"[0.21960768505255904, 0.2901014344298712, 0.0]","[[0.0, 0.0, 0.0, 0.0, 0.0], [0.0, 0.0, 0.0, 0.0, 0.0], [0.0, 0.0, 0.0, 0.0, 0.0], [0.0, 0.0, 0.0, 0.0, 0.0], [0.0, 0.0, 0.0, 0.0, 0.0]]","[true, true, true, true, true]"
196,11,idle,True,104.060035,30.656924,65.88230551576771,0.0,0.0,0.0,Serve,104.060035,30.656924,-0.010499212570868546,33.05858239730974,True,False,False,False,False,,-1,0.0,0.0,50.44369183457703,503.6740026496551,699.2941555873855,399.7588247252498,0.0,0,0,5,0,1,0,"[0.21960768505255904, 0.2901014344298712, 0.0]","[[0.0, 0.0, 0.0, 0.0, 0.0], [0.0, 0.0, 0.0, 0.0, 0.0], [0.0, 0.0, 0.0, 0.0, 0.0], [0.0, 0.0, 0.0, 0.0, 0.0], [0.0, 0.0, 0.0, 0.0, 0.0]]","[true, true, true, true, true]"
197,11,idle,True,104.060035,30.656924,65.88230551576771,0.0,0.0,0.0,Serve,104.060035,30.656924,-0.010499212570868546,33.04808318473887,True,False,False,False,False,,-1,0.0,0.0,50.44369183457703,503.6740026496551,699.2941555873855,399.7588247252498,0.0,0,0,5,0,1,0,"[0.21960768505255904, 0.2901014344298712, 0.0]","[[0.0, 0.0, 0.0, 0.0, 0.0], [0.0, 0.0, 0.0, 0.0, 0.0], [0.0, 0.0, 0.0, 0.0, 0.0], [0.0, 0.0, 0.0, 0.0, 0.0], [0.0, 0.0, 0.0, 0.0, 0.0]]","[true, true, true, true, true]"
198,11,idle,True,104.060035,30.656924,65.88230551576771,0.0,0.0,0.0,Serve,104.060035,30.656924,-0.010499212570868546,33.037583972168,True,False,False,False,False,,-1,0.0,0.0,50.44369183457703,503.6740026496551,699.2941555873855,399.7588247252498,0.0,0,0,5,0,1,0,"[0.21960768505255904, 0.2901014344298712, 0.0]","[[0.0, 0.0, 0.0, 0.0, 0.0], [0.0, 0.0, 0.0, 0.0, 0.0], [0.0, 0.0, 0.0, 0.0, 0.0], [0.0, 0.0, 0.0, 0.0, 0.0], [0.0, 0.0, 0.0, 0.0, 0.0]]","[true, true, true, true, true]"
199,11,idle,True,104.060035,30.656924,65.88230551576771,0.0,0.0,0.0,Serve,104.060035,30.656924,-0.010499212570868546,33.02708475959713,True,False,False,False,False,,-1,0.0,0.0,50.44369183457703,503.6740026496551,699.2941555873855,399.7588247252498,0.0,0,0,5,0,1,0,"[0.21960768505255904, 0.2901014344298712, 0.0]","[[0.0, 0.0, 0.0, 0.0, 0.0], [0.0, 0.0, 0.0, 0.0, 0.0], [0.0, 0.0, 0.0, 0.0, 0.0], [0.0, 0.0, 0.0, 0.0, 0.0], [0.0, 0.0, 0.0, 0.0, 0.0]]","[true, true, true, true, true]"
200,11,idle,True,104.060035,30.656924,65.88230551576771,0.0,0.0,0.0,Serve,104.060035,30.656924,-0.010499212570868546,33.01658554702626,True,False,False,False,False,,-1,0.0,0.0,50.44369183457703,503.6740026496551,699.2941555873855,399.7588247252498,0.0,0,0,5,0,1,0,"[0.21960768505255904, 0.2901014344298712, 0.0]","[[0.0, 0.0, 0.0, 0.0, 0.0], [0.0, 0.0, 0.0, 0.0, 0.0], [0.0, 0.0, 0.0, 0.0, 0.0], [0.0, 0.0, 0.0, 0.0, 0.0], [0.0, 0.0, 0.0, 0.0, 0.0]]","[true, true, true, true, true]"
