step,mcs_id,state,is_agent,longitude,latitude,remain_kwh,remain_change_kwh,energy_used_kwh,moved_distance_km,action_mode,action_target_longitude,action_target_latitude,reward,reward_service,reward_recharge,reward_movement,reward_wait,reward_recharge_match_failure,reward_broken,reward_battery_potential,total_reward,event_mode,event_requested_mode,event_recharge_matched,event_waited,event_movement_energy_kwh,event_service_kwh,event_recharged_kwh,event_newly_broken,is_idle,is_task,is_recharging,is_broken,is_arrive,current_target_type,current_target_id,charge_power_kwh,charge_time_remain_min,total_energy_consumed,total_charged_kwh,total_cost,total_profit,total_idle_time_min,near_quasi_count,near_iev_count,near_idle_mcs_count,near_task_mcs_count,near_available_fcs_count,near_busy_fcs_count,obs_self,obs_tgt,obs_mask,high_state,high_action_mask,low_self_state,low_candidates,low_candidate_mask,candidate_ids,high_remain_ratio,high_nearest_fcs_distance_ratio,high_recharge_margin_ratio,high_local_available_slot_ratio,high_local_need_supply_ratio,high_near_quasi_count_ratio,high_near_iev_demand_ratio,mask_serve_valid,mask_recharge_valid,mask_wait_valid
0,9,task,False,104.08954560816545,30.6545534105055,300.0,0.0,0.0,0.0,,,,0.0,0.0,0.0,0.0,0.0,0.0,0.0,0.0,0.0,,,False,False,0.0,0.0,0.0,False,False,True,False,False,False,IEV,211,81.67150862630022,40.83575431315011,0.07606261557403912,81.67150862630022,65.39805699349942,65.27635680858093,0.0,0,1,1,0,0,0,[],[],[],[],[],[],[],[],[],,,,,,,,,,
1,9,task,False,104.08809930408273,30.65646420525275,290.6922466326486,-9.307753367351381,9.307753367351381,0.25354205191346374,,,,0.2231091763122074,0.23079226879443357,0.0,-0.0076830924822261755,0.0,0.0,0.0,0.0,0.2231091763122074,TaskProgress,TaskProgress,False,False,0.07606261557403912,9.231690751777343,0.0,False,False,True,False,False,True,IEV,211,72.43981787452284,36.21990893726142,0.07606261557403912,81.67150862630022,65.39805699349942,65.27635680858093,0.0,0,1,1,0,0,0,[],[],[],[],[],[],[],[],[],,,,,,,,,,
2,9,task,False,104.08809930408273,30.65646420525275,280.6922466326486,-10.0,10.0,0.0,,,,0.25,0.25,0.0,-0.0,0.0,0.0,0.0,0.0,0.4731091763122074,TaskProgress,TaskProgress,False,False,0.0,10.0,0.0,False,False,True,False,False,True,IEV,211,62.439817874522845,31.219908937261422,0.07606261557403912,81.67150862630022,65.39805699349942,65.27635680858093,0.0,0,0,0,1,0,0,[],[],[],[],[],[],[],[],[],,,,,,,,,,
3,9,task,False,104.08809930408273,30.65646420525275,270.6922466326486,-10.0,10.0,0.0,,,,0.25,0.25,0.0,-0.0,0.0,0.0,0.0,0.0,0.7231091763122074,TaskProgress,TaskProgress,False,False,0.0,10.0,0.0,False,False,True,False,False,True,IEV,211,52.439817874522845,26.219908937261422,0.07606261557403912,81.67150862630022,65.39805699349942,65.27635680858093,0.0,0,0,0,1,0,0,[],[],[],[],[],[],[],[],[],,,,,,,,,,
4,9,task,False,104.08809930408273,30.65646420525275,260.6922466326486,-10.0,10.0,0.0,,,,0.25,0.25,0.0,-0.0,0.0,0.0,0.0,0.0,0.9731091763122074,TaskProgress,TaskProgress,False,False,0.0,10.0,0.0,False,False,True,False,False,True,IEV,211,42.439817874522845,21.219908937261422,0.07606261557403912,81.67150862630022,65.39805699349942,65.27635680858093,0.0,0,0,0,1,0,0,[],[],[],[],[],[],[],[],[],,,,,,,,,,
5,9,task,False,104.08809930408273,30.65646420525275,250.69224663264862,-10.0,10.0,0.0,,,,0.25,0.25,0.0,-0.0,0.0,0.0,0.0,0.0,1.2231091763122075,TaskProgress,TaskProgress,False,False,0.0,10.0,0.0,False,False,True,False,False,True,IEV,211,32.439817874522845,16.219908937261422,0.07606261557403912,81.67150862630022,65.39805699349942,65.27635680858093,0.0,0,0,1,0,0,0,[],[],[],[],[],[],[],[],[],,,,,,,,,,
6,9,task,False,104.08809930408273,30.65646420525275,240.69224663264862,-10.0,10.0,0.0,,,,0.25,0.25,0.0,-0.0,0.0,0.0,0.0,0.0,1.4731091763122075,TaskProgress,TaskProgress,False,False,0.0,10.0,0.0,False,False,True,False,False,True,IEV,211,22.439817874522845,11.219908937261422,0.07606261557403912,81.67150862630022,65.39805699349942,65.27635680858093,0.0,0,0,0,0,0,0,[],[],[],[],[],[],[],[],[],,,,,,,,,,
7,9,task,False,104.08809930408273,30.65646420525275,230.69224663264862,-10.0,10.0,0.0,,,,0.25,0.25,0.0,-0.0,0.0,0.0,0.0,0.0,1.7231091763122075,TaskProgress,TaskProgress,False,False,0.0,10.0,0.0,False,False,True,False,False,True,IEV,211,12.439817874522845,6.2199089372614225,0.07606261557403912,81.67150862630022,65.39805699349942,65.27635680858093,0.0,0,0,0,0,0,0,[],[],[],[],[],[],[],[],[],,,,,,,,,,
8,9,task,False,104.08809930408273,30.65646420525275,220.69224663264862,-10.0,10.0,0.0,,,,0.25,0.25,0.0,-0.0,0.0,0.0,0.0,0.0,1.9731091763122075,TaskProgress,TaskProgress,False,False,0.0,10.0,0.0,False,False,True,False,False,True,IEV,211,2.439817874522845,1.2199089372614225,0.07606261557403912,81.67150862630022,65.39805699349942,65.27635680858093,0.0,0,0,1,0,0,0,[],[],[],[],[],[],[],[],[],,,,,,,,,,
9,9,idle,True,104.08809930408273,30.65646420525275,218.25242875812577,-2.439817874522845,2.439817874522845,0.0,,,,0.06099544686307112,0.06099544686307112,0.0,-0.0,0.0,0.0,0.0,0.0,2.0341046231752786,TaskProgress,TaskProgress,False,False,0.0,2.439817874522845,0.0,False,True,False,False,False,False,,-1,0.0,0.0,0.07606261557403912,81.67150862630022,65.39805699349942,65.27635680858093,0.0,38,0,2,0,0,0,"[0.7275080680847168, 0.857056200504303, 1.0]","[[1.0, 0.0649915337562561, 0.9240434765815735, 0.3728612959384918, 0.0], [0.013301909901201725, 0.08046311885118484, 0.9248349666595459, 0.3563113808631897, 0.0], [0.40866175293922424, 0.13877838850021362, 0.9296008944511414, 0.40334418416023254, 0.0], [1.0, 0.22104232013225555, 0.9043264389038086, 0.3505842983722687, 0.0], [0.9922675490379333, 0.26109057664871216, 0.9093750715255737, 0.2025875747203827, 0.0]]","[false, false, false, false, false]","[0.7275080680847168, 1.0, 0.0, 0.0, 0.857056200504303, 1.0, 0.0]","[true, false, true]","[0.7275080680847168, 0.857056200504303, 1.0]","[[1.0, 0.0649915337562561, 0.9240434765815735, 0.3728612959384918, 0.0], [0.013301909901201725, 0.08046311885118484, 0.9248349666595459, 0.3563113808631897, 0.0], [0.40866175293922424, 0.13877838850021362, 0.9296008944511414, 0.40334418416023254, 0.0], [1.0, 0.22104232013225555, 0.9043264389038086, 0.3505842983722687, 0.0], [0.9922675490379333, 0.26109057664871216, 0.9093750715255737, 0.2025875747203827, 0.0]]","[true, true, true, true, true]","[126, 182, 52, 213, 133]",0.7275080680847168,1.0,0.0,0.0,0.857056200504303,1.0,0.0,True,False,True
10,9,idle,True,104.092125,30.673425,217.6749711793488,-0.577457578776972,0.577457578776972,1.9248585959232836,Serve,104.092125,30.673425,-0.05832904836131163,0.0,0.0,-0.05832904836131163,0.0,0.0,0.0,0.0,1.975775574813967,Serve,Serve,False,False,0.577457578776985,0.0,0.0,False,True,False,False,False,False,,-1,0.0,0.0,0.6535201943510242,81.67150862630022,65.86002305652102,65.27635680858093,0.0,40,0,0,0,0,0,"[0.7255832552909851, 1.0, 1.0]","[[1.0, 0.0055772848427295685, 0.9330445528030396, 0.0, 0.0], [0.3952091634273529, 0.04409955441951752, 0.9358446598052979, 0.0, 0.0], [1.0, 0.252323180437088, 0.9303019046783447, 0.20093002915382385, 0.0], [0.7158929705619812, 0.2821303904056549, 0.9309108853340149, 0.22575128078460693, 0.4622958302497864], [1.0, 0.28767138719558716, 0.9316343665122986, 0.2194301187992096, 0.0]]","[false, false, false, false, false]","[0.7255832552909851, 1.0, 0.0, 0.0, 1.0, 1.0, 0.0]","[true, false, true]","[0.7255832552909851, 1.0, 1.0]","[[1.0, 0.0055772848427295685, 0.9330445528030396, 0.0, 0.0], [0.3952091634273529, 0.04409955441951752, 0.9358446598052979, 0.0, 0.0], [1.0, 0.252323180437088, 0.9303019046783447, 0.20093002915382385, 0.0], [0.7158929705619812, 0.2821303904056549, 0.9309108853340149, 0.22575128078460693, 0.4622958302497864], [1.0, 0.28767138719558716, 0.9316343665122986, 0.2194301187992096, 0.0]]","[true, true, true, true, true]","[117, 129, 104, 163, 111]",0.7255832552909851,1.0,0.0,0.0,1.0,1.0,0.0,True,False,True
11,9,idle,True,104.111163,30.675843,217.1228302859511,-0.5521408933977057,0.5521408933977057,1.8404696446590256,Serve,104.111163,30.675843,-0.05577180741390987,0.0,0.0,-0.05577180741390987,0.0,0.0,0.0,0.0,1.920003767400057,Serve,Serve,False,False,0.5521408933977077,0.0,0.0,False,True,False,False,False,False,,-1,0.0,0.0,1.205661087748732,81.67150862630022,66.30173577123918,65.27635680858093,0.0,40,0,1,1,0,0,"[0.7237427830696106, 0.9405007362365723, 1.0]","[[1.0, 0.11162400990724564, 0.9365542531013489, 0.2129414975643158, 0.0], [0.9749894142150879, 0.11436546593904495, 0.9387528896331787, 0.21310779452323914, 0.0], [1.0, 0.12831303477287292, 0.9338948130607605, 0.241197407245636, 0.0], [1.0, 0.17895057797431946, 0.9335770010948181, 0.24583134055137634, 0.0], [1.0, 0.18922670185565948, 0.9335404634475708, 0.208629310131073, 0.0]]","[false, false, false, false, false]","[0.7237427830696106, 1.0, 0.0, 0.0, 0.9405007362365723, 1.0, 0.0]","[true, false, true]","[0.7237427830696106, 0.9405007362365723, 1.0]","[[1.0, 0.11162400990724564, 0.9365542531013489, 0.2129414975643158, 0.0], [0.9749894142150879, 0.11436546593904495, 0.9387528896331787, 0.21310779452323914, 0.0], [1.0, 0.12831303477287292, 0.9338948130607605, 0.241197407245636, 0.0], [1.0, 0.17895057797431946, 0.9335770010948181, 0.24583134055137634, 0.0], [1.0, 0.18922670185565948, 0.9335404634475708, 0.208629310131073, 0.0]]","[true, true, true, true, true]","[276, 105, 208, 4, 160]",0.7237427830696106,1.0,0.0,0.0,0.9405007362365723,1.0,0.0,True,False,True
12,9,idle,True,104.1094,30.682339,216.90030892409874,-0.22252136185235827,0.22252136185235827,0.7417378728411714,Serve,104.1094,30.682339,-0.02247690523761126,0.0,0.0,-0.02247690523761126,0.0,0.0,0.0,0.0,1.8975268621624457,Serve,Serve,False,False,0.2225213618523514,0.0,0.0,False,True,False,False,False,False,,-1,0.0,0.0,1.4281824496010833,81.67150862630022,66.47975286072106,65.27635680858093,0.0,36,0,1,1,1,0,"[0.7230010032653809, 0.7952616810798645, 1.0]","[[1.0, 0.11472797393798828, 0.9319663047790527, 0.3872795104980469, 0.0], [0.8408258557319641, 0.11613363772630692, 0.9314824342727661, 0.3821769654750824, 0.43343597650527954], [1.0, 0.1278097927570343, 0.9300335049629211, 0.264604777097702, 0.452810138463974], [1.0, 0.2634107768535614, 0.932532787322998, 0.42277687788009644, 0.0], [0.9749894142150879, 0.2699263095855713, 0.9364943504333496, 0.42420145869255066, 0.0]]","[false, false, false, false, false]","[0.7230010032653809, 0.9258055686950684, 0.720223605632782, 1.0, 0.7952616810798645, 1.0, 0.0]","[true, true, true]","[0.7230010032653809, 0.7952616810798645, 1.0]","[[1.0, 0.11472797393798828, 0.9319663047790527, 0.3872795104980469, 0.0], [0.8408258557319641, 0.11613363772630692, 0.9314824342727661, 0.3821769654750824, 0.43343597650527954], [1.0, 0.1278097927570343, 0.9300335049629211, 0.264604777097702, 0.452810138463974], [1.0, 0.2634107768535614, 0.932532787322998, 0.42277687788009644, 0.0], [0.9749894142150879, 0.2699263095855713, 0.9364943504333496, 0.42420145869255066, 0.0]]","[true, true, true, true, true]","[236, 207, 208, 276, 105]",0.7230010032653809,0.9258055686950684,0.720223605632782,1.0,0.7952616810798645,1.0,0.0,True,True,True
13,9,idle,True,104.090139,30.691819,216.26366788046442,-0.6366410436343131,0.6366410436343131,2.122136812114422,Serve,104.090139,30.691819,-0.06430717612467945,0.0,0.0,-0.06430717612467945,0.0,0.0,0.0,0.0,1.8332196860377663,Serve,Serve,False,False,0.6366410436343266,0.0,0.0,False,True,False,False,False,False,,-1,0.0,0.0,2.06482349323541,81.67150862630022,66.98906569562853,65.27635680858093,0.0,38,0,1,0,1,0,"[0.7208788990974426, 0.7846606373786926, 1.0]","[[1.0, 0.18668274581432343, 0.9263985753059387, 0.2577000558376312, 0.5269372463226318], [0.8189864754676819, 0.3264496624469757, 0.9159151315689087, 0.2771674394607544, 0.6996423006057739], [1.0, 0.32922637462615967, 0.9257741570472717, 0.3779923915863037, 0.5588471293449402], [1.0, 0.3764204680919647, 0.9313657879829407, 0.3478606939315796, 0.48734796047210693], [0.690947413444519, 0.4376969039440155, 0.9032243490219116, 0.21490289270877838, 0.6067723035812378]]","[false, false, false, false, false]","[0.7208788990974426, 0.38095560669898987, 0.7197360396385193, 1.0, 0.7846606373786926, 1.0, 0.0]","[true, true, true]","[0.7208788990974426, 0.7846606373786926, 1.0]","[[1.0, 0.18668274581432343, 0.9263985753059387, 0.2577000558376312, 0.5269372463226318], [0.8189864754676819, 0.3264496624469757, 0.9159151315689087, 0.2771674394607544, 0.6996423006057739], [1.0, 0.32922637462615967, 0.9257741570472717, 0.3779923915863037, 0.5588471293449402], [1.0, 0.3764204680919647, 0.9313657879829407, 0.3478606939315796, 0.48734796047210693], [0.690947413444519, 0.4376969039440155, 0.9032243490219116, 0.21490289270877838, 0.6067723035812378]]","[true, true, true, true, true]","[242, 149, 4, 3, 11]",0.7208788990974426,0.38095560669898987,0.7197360396385193,1.0,0.7846606373786926,1.0,0.0,True,True,True
14,9,idle,True,104.065475,30.706138,215.41005777503824,-0.8536101054261849,0.8536101054261849,2.8453670180873263,Serve,104.065475,30.706138,-0.08622324297234324,0.0,0.0,-0.08622324297234324,0.0,0.0,0.0,0.0,1.746996443065423,Serve,Serve,False,False,0.8536101054261979,0.0,0.0,False,True,False,False,False,False,,-1,0.0,0.0,2.9184335986616077,81.67150862630022,67.67195377996948,65.27635680858093,0.0,28,0,0,0,1,0,"[0.7180335521697998, 0.6972798109054565, 1.0]","[[1.0, 0.07357123494148254, 0.8790045976638794, 0.0, 0.46187084913253784], [1.0, 0.22821055352687836, 0.9146550893783569, 0.21100719273090363, 0.469482958316803], [0.8248735666275024, 0.25067952275276184, 0.9151170253753662, 0.2205204963684082, 0.4897496700286865], [1.0, 0.28461527824401855, 0.9080569744110107, 0.2281734198331833, 0.5133123993873596], [0.15760816633701324, 0.3645479679107666, 0.8433411121368408, 0.0, 0.0]]","[false, false, false, false, false]","[0.7180335521697998, 0.8440732955932617, 0.7155013084411621, 1.0, 0.6972798109054565, 1.0, 0.0]","[true, true, true]","[0.7180335521697998, 0.6972798109054565, 1.0]","[[1.0, 0.07357123494148254, 0.8790045976638794, 0.0, 0.46187084913253784], [1.0, 0.22821055352687836, 0.9146550893783569, 0.21100719273090363, 0.469482958316803], [0.8248735666275024, 0.25067952275276184, 0.9151170253753662, 0.2205204963684082, 0.4897496700286865], [1.0, 0.28461527824401855, 0.9080569744110107, 0.2281734198331833, 0.5133123993873596], [0.15760816633701324, 0.3645479679107666, 0.8433411121368408, 0.0, 0.0]]","[true, true, true, true, true]","[75, 222, 72, 174, 234]",0.7180335521697998,0.8440732955932617,0.7155013084411621,1.0,0.6972798109054565,1.0,0.0,True,True,True
15,9,idle,True,104.042709,30.704184,214.75384192078167,-0.6562158542565726,0.6562158542565726,2.1873861808552872,Serve,104.042709,30.704184,-0.06628442972288749,0.0,0.0,-0.06628442972288749,0.0,0.0,0.0,0.0,1.6807120133425355,Serve,Serve,False,False,0.6562158542565861,0.0,0.0,False,True,False,False,False,False,,-1,0.0,0.0,3.5746494529181936,81.67150862630022,68.19692646337475,65.27635680858093,0.0,26,0,0,0,0,0,"[0.7158461213111877, 1.0, 1.0]","[[0.13786563277244568, 0.13056810200214386, 0.8889972567558289, 0.0, 0.44050297141075134], [0.5185673832893372, 0.131998673081398, 0.8693710565567017, 0.0, 0.0], [0.40646836161613464, 0.24327529966831207, 0.8465576767921448, 0.0, 0.0], [0.6426886320114136, 0.3242567479610443, 0.8763784766197205, 0.0, 0.0], [0.5311001539230347, 0.39124542474746704, 0.9169788360595703, 0.0, 0.5028501152992249]]","[false, false, false, false, false]","[0.7158461213111877, 1.0, 0.0, 0.0, 1.0, 1.0, 0.0]","[true, false, true]","[0.7158461213111877, 1.0, 1.0]","[[0.13786563277244568, 0.13056810200214386, 0.8889972567558289, 0.0, 0.44050297141075134], [0.5185673832893372, 0.131998673081398, 0.8693710565567017, 0.0, 0.0], [0.40646836161613464, 0.24327529966831207, 0.8465576767921448, 0.0, 0.0], [0.6426886320114136, 0.3242567479610443, 0.8763784766197205, 0.0, 0.0], [0.5311001539230347, 0.39124542474746704, 0.9169788360595703, 0.0, 0.5028501152992249]]","[true, true, true, true, true]","[142, 39, 118, 188, 119]",0.7158461213111877,1.0,0.0,0.0,1.0,1.0,0.0,True,False,True
16,9,idle,True,104.069388,30.700271,213.97756296328558,-0.7762789574960891,0.7762789574960891,2.5875965249869926,Serve,104.069388,30.700271,-0.07841201590869676,0.0,0.0,-0.07841201590869676,0.0,0.0,0.0,0.0,1.6022999974338388,Serve,Serve,False,False,0.7762789574960978,0.0,0.0,False,True,False,False,False,False,,-1,0.0,0.0,4.350928410414292,81.67150862630022,68.81794962937163,65.27635680858093,0.0,28,0,1,0,1,0,"[0.7132585644721985, 0.6967665553092957, 1.0]","[[0.8248735666275024, 0.0027533278334885836, 0.8994315266609192, 0.43630489706993103, 0.48956140875816345], [1.0, 0.09717947244644165, 0.8895394206047058, 0.5, 0.5133123993873596], [0.15478380024433136, 0.22202102839946747, 0.9120001792907715, 0.37992092967033386, 0.5135276317596436], [0.564655065536499, 0.22510744631290436, 0.9077734351158142, 0.3636628985404968, 0.49164333939552307], [1.0, 0.37515172362327576, 0.8814375400543213, 0.29300615191459656, 0.44482263922691345]]","[false, false, false, false, false]","[0.7132585644721985, 0.7085261940956116, 0.7111329436302185, 1.0, 0.6967665553092957, 1.0, 0.0]","[true, true, true]","[0.7132585644721985, 0.6967665553092957, 1.0]","[[0.8248735666275024, 0.0027533278334885836, 0.8994315266609192, 0.43630489706993103, 0.48956140875816345], [1.0, 0.09717947244644165, 0.8895394206047058, 0.5, 0.5133123993873596], [0.15478380024433136, 0.22202102839946747, 0.9120001792907715, 0.37992092967033386, 0.5135276317596436], [0.564655065536499, 0.22510744631290436, 0.9077734351158142, 0.3636628985404968, 0.49164333939552307], [1.0, 0.37515172362327576, 0.8814375400543213, 0.29300615191459656, 0.44482263922691345]]","[true, true, true, true, true]","[72, 174, 221, 268, 267]",0.7132585644721985,0.7085261940956116,0.7111329436302185,1.0,0.6967665553092957,1.0,0.0,True,True,True
17,9,idle,True,104.041068,30.700829,213.16504151084118,-0.8125214524444004,0.8125214524444004,2.7084048414812973,Serve,104.041068,30.700829,-0.08207287398428176,0.0,0.0,-0.08207287398428176,0.0,0.0,0.0,0.0,1.520227123449557,Serve,Serve,False,False,0.8125214524443892,0.0,0.0,False,True,False,False,False,False,,-1,0.0,0.0,5.1634498628586805,81.67150862630022,69.46796679132714,65.27635680858093,0.0,27,0,1,0,1,0,"[0.7105501294136047, 0.7296832799911499, 1.0]","[[0.13786563277244568, 0.0028988358099013567, 0.8986239433288574, 0.26751434803009033, 0.4418220818042755], [0.5185673832893372, 0.27232348918914795, 0.8735142350196838, 0.2348874807357788, 0.0], [0.5311001539230347, 0.27835148572921753, 0.9146162271499634, 0.33308684825897217, 0.5027477145195007], [1.0, 0.30289632081985474, 0.9008153080940247, 0.28659588098526, 0.4347039461135864], [1.0, 0.37769952416419983, 0.9102064967155457, 0.2893522083759308, 0.6455358266830444]]","[false, false, false, false, false]","[0.7105501294136047, 0.9306352138519287, 0.7077582478523254, 1.0, 0.7296832799911499, 1.0, 0.0]","[true, true, true]","[0.7105501294136047, 0.7296832799911499, 1.0]","[[0.13786563277244568, 0.0028988358099013567, 0.8986239433288574, 0.26751434803009033, 0.4418220818042755], [0.5185673832893372, 0.27232348918914795, 0.8735142350196838, 0.2348874807357788, 0.0], [0.5311001539230347, 0.27835148572921753, 0.9146162271499634, 0.33308684825897217, 0.5027477145195007], [1.0, 0.30289632081985474, 0.9008153080940247, 0.28659588098526, 0.4347039461135864], [1.0, 0.37769952416419983, 0.9102064967155457, 0.2893522083759308, 0.6455358266830444]]","[true, true, true, true, true]","[142, 39, 119, 75, 5]",0.7105501294136047,0.9306352138519287,0.7077582478523254,1.0,0.7296832799911499,1.0,0.0,True,True,True
18,9,task,False,104.037495,30.691113,212.82511194603808,-0.3399295648031,0.3399295648031,1.1330985493436199,Serve,104.037495,30.691113,-0.0343363196770794,0.0,0.0,-0.0343363196770794,0.0,0.0,0.0,0.0,1.4858908037724776,Serve,Serve,False,False,0.33992956480308595,0.0,0.0,False,False,True,False,False,False,IEV,229,63.31894798774739,31.659473993873696,5.911429329464836,144.99045661404762,120.72150875480997,115.6050752773364,0.0,0,0,1,0,2,0,[],[],[],[],[],[],[],[],[],,,,,,,,,,
19,9,task,False,104.028255,30.700413500000003,206.53877822406398,-6.286333721974103,6.286333721974103,1.3601663393435666,,,,0.10573993370598592,0.14695709550427583,0.0,-0.0412171617982899,0.0,0.0,0.0,0.0,1.5916307374784635,TaskProgress,TaskProgress,False,False,0.40804990180306994,5.878283820171033,0.0,False,False,True,False,False,True,IEV,229,57.44066416757638,28.72033208378819,5.911429329464836,144.99045661404762,120.72150875480997,115.6050752773364,0.0,0,0,0,0,0,0,[],[],[],[],[],[],[],[],[],,,,,,,,,,
20,9,task,False,104.028255,30.700413500000003,196.53877822406398,-10.0,10.0,0.0,,,,0.25,0.25,0.0,-0.0,0.0,0.0,0.0,0.0,1.8416307374784635,TaskProgress,TaskProgress,False,False,0.0,10.0,0.0,False,False,True,False,False,True,IEV,229,47.44066416757638,23.72033208378819,5.911429329464836,144.99045661404762,120.72150875480997,115.6050752773364,0.0,0,0,0,0,0,0,[],[],[],[],[],[],[],[],[],,,,,,,,,,
21,9,task,False,104.028255,30.700413500000003,186.53877822406398,-10.0,10.0,0.0,,,,0.25,0.25,0.0,-0.0,0.0,0.0,0.0,0.0,2.0916307374784635,TaskProgress,TaskProgress,False,False,0.0,10.0,0.0,False,False,True,False,False,True,IEV,229,37.44066416757638,18.72033208378819,5.911429329464836,144.99045661404762,120.72150875480997,115.6050752773364,0.0,0,0,0,0,0,0,[],[],[],[],[],[],[],[],[],,,,,,,,,,
22,9,task,False,104.028255,30.700413500000003,176.53877822406398,-10.0,10.0,0.0,,,,0.25,0.25,0.0,-0.0,0.0,0.0,0.0,0.0,2.3416307374784635,TaskProgress,TaskProgress,False,False,0.0,10.0,0.0,False,False,True,False,False,True,IEV,229,27.44066416757638,13.72033208378819,5.911429329464836,144.99045661404762,120.72150875480997,115.6050752773364,0.0,0,0,0,0,0,0,[],[],[],[],[],[],[],[],[],,,,,,,,,,
23,9,task,False,104.028255,30.700413500000003,166.53877822406398,-10.0,10.0,0.0,,,,0.25,0.25,0.0,-0.0,0.0,0.0,0.0,0.0,2.5916307374784635,TaskProgress,TaskProgress,False,False,0.0,10.0,0.0,False,False,True,False,False,True,IEV,229,17.44066416757638,8.72033208378819,5.911429329464836,144.99045661404762,120.72150875480997,115.6050752773364,0.0,0,0,0,0,0,0,[],[],[],[],[],[],[],[],[],,,,,,,,,,
24,9,task,False,104.028255,30.700413500000003,156.53877822406398,-10.0,10.0,0.0,,,,0.25,0.25,0.0,-0.0,0.0,0.0,0.0,0.0,2.8416307374784635,TaskProgress,TaskProgress,False,False,0.0,10.0,0.0,False,False,True,False,False,True,IEV,229,7.440664167576379,3.7203320837881897,5.911429329464836,144.99045661404762,120.72150875480997,115.6050752773364,0.0,0,0,0,0,0,0,[],[],[],[],[],[],[],[],[],,,,,,,,,,
25,9,idle,True,104.028255,30.700413500000003,149.0981140564876,-7.4406641675763865,7.4406641675763865,0.0,,,,0.18601660418940966,0.18601660418940966,0.0,-0.0,0.0,0.0,0.0,0.0,3.027647341667873,TaskProgress,TaskProgress,False,False,0.0,7.4406641675763865,0.0,False,True,False,False,False,False,,-1,0.0,0.0,5.911429329464836,144.99045661404762,120.72150875480997,115.6050752773364,0.0,24,0,0,0,0,0,"[0.4969937205314636, 1.0, 1.0]","[[1.0, 0.07045937329530716, 0.885757327079773, 0.0, 0.0], [0.8836848735809326, 0.10335072875022888, 0.893893301486969, 0.0, 0.33678776025772095], [1.0, 0.2124953269958496, 0.8984243869781494, 0.0, 0.34940099716186523], [1.0, 0.2926725745201111, 0.8515825867652893, 0.0, 0.0], [0.8248735666275024, 0.39955225586891174, 0.8855656981468201, 0.0, 0.3453994393348694]]","[false, false, false, false, false]","[0.4969937205314636, 1.0, 0.0, 0.0, 1.0, 1.0, 0.0]","[true, false, true]","[0.4969937205314636, 1.0, 1.0]","[[1.0, 0.07045937329530716, 0.885757327079773, 0.0, 0.0], [0.8836848735809326, 0.10335072875022888, 0.893893301486969, 0.0, 0.33678776025772095], [1.0, 0.2124953269958496, 0.8984243869781494, 0.0, 0.34940099716186523], [1.0, 0.2926725745201111, 0.8515825867652893, 0.0, 0.0], [0.8248735666275024, 0.39955225586891174, 0.8855656981468201, 0.0, 0.3453994393348694]]","[true, true, true, true, true]","[157, 87, 5, 160, 72]",0.4969937205314636,1.0,0.0,0.0,1.0,1.0,0.0,True,False,True
26,9,idle,True,104.032263,30.718152,148.49532257737164,-0.6027914791159503,0.6027914791159503,2.0093049303864845,Serve,104.032263,30.718152,-0.06088802819352984,0.0,0.0,-0.06088802819352984,0.0,0.0,0.0,0.0,2.966759313474343,Serve,Serve,False,False,0.6027914791159453,0.0,0.0,False,True,False,False,False,False,,-1,0.0,0.0,6.514220808580781,144.99045661404762,121.20374193810274,115.6050752773364,0.0,12,0,0,0,0,0,"[0.4949844181537628, 1.0, 1.0]","[[0.297730028629303, 0.4692097306251526, 0.8538005352020264, 0.0, 0.0], [0.16188710927963257, 0.5361140966415405, 0.8641102910041809, 0.0, 0.0], [0.629826545715332, 0.5598310232162476, 0.8590124845504761, 0.0, 0.0], [1.0, 0.6309751868247986, 0.8490737080574036, 0.0, 0.0], [0.5502795577049255, 0.7030152082443237, 0.553791880607605, 0.0, 0.0]]","[false, false, false, false, false]","[0.4949844181537628, 1.0, 0.0, 0.0, 1.0, 1.0, 0.0]","[true, false, true]","[0.4949844181537628, 1.0, 1.0]","[[0.297730028629303, 0.4692097306251526, 0.8538005352020264, 0.0, 0.0], [0.16188710927963257, 0.5361140966415405, 0.8641102910041809, 0.0, 0.0], [0.629826545715332, 0.5598310232162476, 0.8590124845504761, 0.0, 0.0], [1.0, 0.6309751868247986, 0.8490737080574036, 0.0, 0.0], [0.5502795577049255, 0.7030152082443237, 0.553791880607605, 0.0, 0.0]]","[true, true, true, true, true]","[116, 259, 273, 157, 275]",0.4949844181537628,1.0,0.0,0.0,1.0,1.0,0.0,True,False,True
27,9,idle,True,104.036564,30.692532,147.63182128272285,-0.8635012946487848,0.8635012946487848,2.8783376488292585,Serve,104.036564,30.692532,-0.08722235299482603,0.0,0.0,-0.08722235299482603,0.0,0.0,0.0,0.0,2.879536960479517,Serve,Serve,False,False,0.8635012946487776,0.0,0.0,False,True,False,False,False,False,,-1,0.0,0.0,7.377722103229559,144.99045661404762,121.89454297382176,115.6050752773364,0.0,23,0,1,0,1,0,"[0.4921060800552368, 0.8143408894538879, 1.0]","[[0.629826545715332, 0.2724742591381073, 0.8556731939315796, 0.3528077304363251, 0.2087414413690567], [1.0, 0.2725473642349243, 0.8613750338554382, 0.2946550250053406, 0.20743383467197418], [0.8836848735809326, 0.3192777633666992, 0.8796771168708801, 0.2816183567047119, 0.20271657407283783], [1.0, 0.344990074634552, 0.8838688731193542, 0.2741551995277405, 0.20056384801864624], [0.5430012345314026, 0.36538946628570557, 0.9216914772987366, 0.31824326515197754, 0.5658143162727356]]","[false, false, false, false, false]","[0.4921060800552368, 0.682263195514679, 0.4900592863559723, 0.3333333432674408, 0.8143408894538879, 1.0, 0.0]","[true, true, true]","[0.4921060800552368, 0.8143408894538879, 1.0]","[[0.629826545715332, 0.2724742591381073, 0.8556731939315796, 0.3528077304363251, 0.2087414413690567], [1.0, 0.2725473642349243, 0.8613750338554382, 0.2946550250053406, 0.20743383467197418], [0.8836848735809326, 0.3192777633666992, 0.8796771168708801, 0.2816183567047119, 0.20271657407283783], [1.0, 0.344990074634552, 0.8838688731193542, 0.2741551995277405, 0.20056384801864624], [0.5430012345314026, 0.36538946628570557, 0.9216914772987366, 0.31824326515197754, 0.5658143162727356]]","[true, true, true, true, true]","[273, 174, 87, 5, 251]",0.4921060800552368,0.682263195514679,0.4900592863559723,0.3333333432674408,0.8143408894538879,1.0,0.0,True,True,True
28,9,idle,True,104.02107,30.688138,147.1638110448601,-0.46801023786275664,0.46801023786275664,1.5600341262091555,Serve,104.02107,30.688138,-0.04727376140027745,0.0,0.0,-0.04727376140027745,0.0,0.0,0.0,0.0,2.8322631990792395,Serve,Serve,False,False,0.46801023786274665,0.0,0.0,False,True,False,False,False,False,,-1,0.0,0.0,7.845732341092305,144.99045661404762,122.26895116411195,115.6050752773364,0.0,24,0,1,0,2,0,"[0.4905460476875305, 0.6363966464996338, 1.0]","[[0.7742483615875244, 0.14597386121749878, 0.886172354221344, 0.35067060589790344, 0.524321436882019], [0.8623784184455872, 0.21360014379024506, 0.8775345087051392, 0.313053697347641, 0.4382655918598175], [1.0, 0.29847413301467896, 0.901400089263916, 0.4235185980796814, 0.5558444857597351], [0.629826545715332, 0.35536959767341614, 0.9007459878921509, 0.3761385679244995, 0.5443560481071472], [0.2923884391784668, 0.3775288760662079, 0.8449682593345642, 0.2634226977825165, 0.0]]","[false, false, false, false, false]","[0.4905460476875305, 0.9118444919586182, 0.48781049251556396, 0.6666666865348816, 0.6363966464996338, 1.0, 0.0]","[true, true, true]","[0.4905460476875305, 0.6363966464996338, 1.0]","[[0.7742483615875244, 0.14597386121749878, 0.886172354221344, 0.35067060589790344, 0.524321436882019], [0.8623784184455872, 0.21360014379024506, 0.8775345087051392, 0.313053697347641, 0.4382655918598175], [1.0, 0.29847413301467896, 0.901400089263916, 0.4235185980796814, 0.5558444857597351], [0.629826545715332, 0.35536959767341614, 0.9007459878921509, 0.3761385679244995, 0.5443560481071472], [0.2923884391784668, 0.3775288760662079, 0.8449682593345642, 0.2634226977825165, 0.0]]","[true, true, true, true, true]","[283, 159, 5, 273, 214]",0.4905460476875305,0.9118444919586182,0.48781049251556396,0.6666666865348816,0.6363966464996338,1.0,0.0,True,True,True
29,9,idle,True,104.028455,30.697583,146.7841443655547,-0.37966667930538733,0.37966667930538733,1.2655555976845774,Serve,104.028455,30.697583,-0.03835016962680538,0.0,0.0,-0.03835016962680538,0.0,0.0,0.0,0.0,2.793913029452434,Serve,Serve,False,False,0.3796666793053732,0.0,0.0,False,True,False,False,False,False,,-1,0.0,0.0,8.22539902039768,144.99045661404762,122.57268450755625,115.6050752773364,0.0,23,0,1,0,1,0,"[0.48928049206733704, 0.7987667322158813, 1.0]","[[0.8836848735809326, 0.0028464992064982653, 0.8538529872894287, 0.21780186891555786, 0.20277105271816254], [1.0, 0.18511973321437836, 0.8745600581169128, 0.2230929285287857, 0.0], [0.13786563277244568, 0.19297893345355988, 0.8933479189872742, 0.23882551491260529, 0.21098557114601135], [0.3428976535797119, 0.4384559988975525, 0.8875561356544495, 0.25076574087142944, 0.5126534700393677], [0.564655065536499, 0.449968546628952, 0.7590107321739197, 0.0, 0.0]]","[false, false, false, false, false]","[0.48928049206733704, 0.977147102355957, 0.48634904623031616, 0.3333333432674408, 0.7987667322158813, 1.0, 0.0]","[true, true, true]","[0.48928049206733704, 0.7987667322158813, 1.0]","[[0.8836848735809326, 0.0028464992064982653, 0.8538529872894287, 0.21780186891555786, 0.20277105271816254], [1.0, 0.18511973321437836, 0.8745600581169128, 0.2230929285287857, 0.0], [0.13786563277244568, 0.19297893345355988, 0.8933479189872742, 0.23882551491260529, 0.21098557114601135], [0.3428976535797119, 0.4384559988975525, 0.8875561356544495, 0.25076574087142944, 0.5126534700393677], [0.564655065536499, 0.449968546628952, 0.7590107321739197, 0.0, 0.0]]","[true, true, true, true, true]","[87, 5, 142, 148, 268]",0.48928049206733704,0.977147102355957,0.48634904623031616,0.3333333432674408,0.7987667322158813,1.0,0.0,True,True,True
30,9,idle,True,104.025454,30.693061,146.6104633298208,-0.1736810357339209,0.1736810357339209,0.5789367857796927,Serve,104.025454,30.693061,-0.01754353896302099,0.0,0.0,-0.01754353896302099,0.0,0.0,0.0,0.0,2.776369490489413,Serve,Serve,False,False,0.17368103573390778,0.0,0.0,False,True,False,False,False,False,,-1,0.0,0.0,8.399080056131588,144.99045661404762,122.71162933614337,115.6050752773364,0.0,28,0,1,0,1,0,"[0.48870155215263367, 0.7536848187446594, 1.0]","[[0.8836848735809326, 0.19281496107578278, 0.8776403069496155, 0.24641992151737213, 0.3370254337787628], [0.13786563277244568, 0.22395731508731842, 0.9098319411277771, 0.23996509611606598, 0.5826850533485413], [1.0, 0.23137404024600983, 0.901326060295105, 0.23983971774578094, 0.583716869354248], [1.0, 0.23453642427921295, 0.8721650242805481, 0.24169670045375824, 0.0], [1.0, 0.25690335035324097, 0.900043249130249, 0.24820098280906677, 0.5950592756271362]]","[false, false, false, false, false]","[0.48870155215263367, 0.913220226764679, 0.4859618842601776, 0.6666666865348816, 0.7536848187446594, 1.0, 0.0]","[true, true, true]","[0.48870155215263367, 0.7536848187446594, 1.0]","[[0.8836848735809326, 0.19281496107578278, 0.8776403069496155, 0.24641992151737213, 0.3370254337787628], [0.13786563277244568, 0.22395731508731842, 0.9098319411277771, 0.23996509611606598, 0.5826850533485413], [1.0, 0.23137404024600983, 0.901326060295105, 0.23983971774578094, 0.583716869354248], [1.0, 0.23453642427921295, 0.8721650242805481, 0.24169670045375824, 0.0], [1.0, 0.25690335035324097, 0.900043249130249, 0.24820098280906677, 0.5950592756271362]]","[true, true, true, true, true]","[87, 142, 2, 153, 107]",0.48870155215263367,0.913220226764679,0.4859618842601776,0.6666666865348816,0.7536848187446594,1.0,0.0,True,True,True
31,9,task,False,104.022429,30.669362,145.81515166113738,-0.7953116686834107,0.7953116686834107,2.6510388956113675,Serve,104.022429,30.669362,-0.08033451198822326,0.0,0.0,-0.08033451198822326,0.0,0.0,0.0,0.0,2.69603497850119,Serve,Serve,False,False,0.7953116686834102,0.0,0.0,False,False,True,False,False,False,IEV,219,55.933894466475635,27.966947233237818,9.364802518178243,200.92435108052325,168.2313228789612,160.2158622158263,0.0,0,0,1,0,2,0,[],[],[],[],[],[],[],[],[],,,,,,,,,,
32,9,task,False,104.016693,30.670687,137.3660620128574,-8.449089648279966,8.449089648279966,0.5680359778774802,,,,0.1897537599220853,0.20696697137291803,0.0,-0.017213211450832735,0.0,0.0,0.0,0.0,2.885788738423275,TaskProgress,TaskProgress,False,False,0.17041079336324405,8.278678854916722,0.0,False,False,True,False,False,True,IEV,219,47.65521561155891,23.827607805779454,9.364802518178243,200.92435108052325,168.2313228789612,160.2158622158263,0.0,0,0,1,0,2,0,[],[],[],[],[],[],[],[],[],,,,,,,,,,
33,9,task,False,104.016693,30.670687,127.36606201285741,-10.0,10.0,0.0,,,,0.25,0.25,0.0,-0.0,0.0,0.0,0.0,0.0,3.135788738423275,TaskProgress,TaskProgress,False,False,0.0,10.0,0.0,False,False,True,False,False,True,IEV,219,37.65521561155891,18.827607805779454,9.364802518178243,200.92435108052325,168.2313228789612,160.2158622158263,0.0,0,0,1,0,2,0,[],[],[],[],[],[],[],[],[],,,,,,,,,,
34,9,task,False,104.016693,30.670687,117.36606201285741,-10.0,10.0,0.0,,,,0.25,0.25,0.0,-0.0,0.0,0.0,0.0,0.0,3.385788738423275,TaskProgress,TaskProgress,False,False,0.0,10.0,0.0,False,False,True,False,False,True,IEV,219,27.65521561155891,13.827607805779454,9.364802518178243,200.92435108052325,168.2313228789612,160.2158622158263,0.0,0,0,1,0,2,0,[],[],[],[],[],[],[],[],[],,,,,,,,,,
35,9,task,False,104.016693,30.670687,107.36606201285741,-10.0,10.0,0.0,,,,0.25,0.25,0.0,-0.0,0.0,0.0,0.0,0.0,3.635788738423275,TaskProgress,TaskProgress,False,False,0.0,10.0,0.0,False,False,True,False,False,True,IEV,219,17.65521561155891,8.827607805779454,9.364802518178243,200.92435108052325,168.2313228789612,160.2158622158263,0.0,0,0,2,0,2,0,[],[],[],[],[],[],[],[],[],,,,,,,,,,
36,9,task,False,104.016693,30.670687,97.36606201285741,-10.0,10.0,0.0,,,,0.25,0.25,0.0,-0.0,0.0,0.0,0.0,0.0,3.885788738423275,TaskProgress,TaskProgress,False,False,0.0,10.0,0.0,False,False,True,False,False,True,IEV,219,7.6552156115589085,3.8276078057794543,9.364802518178243,200.92435108052325,168.2313228789612,160.2158622158263,0.0,0,1,1,0,2,0,[],[],[],[],[],[],[],[],[],,,,,,,,,,
37,9,task,False,104.016693,30.670687,89.71084640129851,-7.655215611558901,7.655215611558901,0.0,,,,0.19138039028897252,0.19138039028897252,0.0,-0.0,0.0,0.0,0.0,0.0,4.077169128712248,TaskProgress,TaskProgress,False,False,0.0,7.655215611558901,0.0,False,False,True,False,False,False,IEV,180,79.64109152115309,39.82054576057654,9.658564475271543,280.56544260167635,232.1792056615583,223.69372586707414,0.0,0,0,0,0,2,0,[],[],[],[],[],[],[],[],[],,,,,,,,,,
38,9,task,False,104.0071245,30.673820499999998,82.38437694009716,-7.326469461201356,7.326469461201356,0.9792065236443378,,,,0.14614476264378204,0.17581768760270136,0.0,-0.02967292495891933,0.0,0.0,0.0,0.0,4.22331389135603,TaskProgress,TaskProgress,False,False,0.29376195709330133,7.032707504108054,0.0,False,False,True,False,False,True,IEV,180,72.60838401704501,36.304192008522506,9.658564475271543,280.56544260167635,232.1792056615583,223.69372586707414,0.0,0,0,0,0,1,0,[],[],[],[],[],[],[],[],[],,,,,,,,,,
39,9,task,False,104.0071245,30.673820499999998,72.38437694009716,-10.0,10.0,0.0,,,,0.25,0.25,0.0,-0.0,0.0,0.0,0.0,0.0,4.47331389135603,TaskProgress,TaskProgress,False,False,0.0,10.0,0.0,False,False,True,False,False,True,IEV,180,62.60838401704501,31.304192008522506,9.658564475271543,280.56544260167635,232.1792056615583,223.69372586707414,0.0,0,0,0,0,1,0,[],[],[],[],[],[],[],[],[],,,,,,,,,,
40,9,task,False,104.0071245,30.673820499999998,62.384376940097155,-10.0,10.0,0.0,,,,0.25,0.25,0.0,-0.0,0.0,0.0,0.0,0.0,4.72331389135603,TaskProgress,TaskProgress,False,False,0.0,10.0,0.0,False,False,True,False,False,True,IEV,180,52.60838401704501,26.304192008522506,9.658564475271543,280.56544260167635,232.1792056615583,223.69372586707414,0.0,0,0,0,0,1,0,[],[],[],[],[],[],[],[],[],,,,,,,,,,
41,9,task,False,104.0071245,30.673820499999998,52.384376940097155,-10.0,10.0,0.0,,,,0.25,0.25,0.0,-0.0,0.0,0.0,0.0,0.0,4.97331389135603,TaskProgress,TaskProgress,False,False,0.0,10.0,0.0,False,False,True,False,False,True,IEV,180,42.60838401704501,21.304192008522506,9.658564475271543,280.56544260167635,232.1792056615583,223.69372586707414,0.0,0,0,0,0,1,0,[],[],[],[],[],[],[],[],[],,,,,,,,,,
42,9,task,False,104.0071245,30.673820499999998,42.384376940097155,-10.0,10.0,0.0,,,,0.25,0.25,0.0,-0.0,0.0,0.0,0.0,0.0,5.22331389135603,TaskProgress,TaskProgress,False,False,0.0,10.0,0.0,False,False,True,False,False,True,IEV,180,32.60838401704501,16.304192008522506,9.658564475271543,280.56544260167635,232.1792056615583,223.69372586707414,0.0,0,0,0,0,1,0,[],[],[],[],[],[],[],[],[],,,,,,,,,,
43,9,task,False,104.0071245,30.673820499999998,32.384376940097155,-10.0,10.0,0.0,,,,0.21192188470048579,0.25,0.0,-0.0,0.0,0.0,0.0,-0.03807811529951423,5.4352357760565155,TaskProgress,TaskProgress,False,False,0.0,10.0,0.0,False,False,True,False,False,True,IEV,180,22.60838401704501,11.304192008522506,9.658564475271543,280.56544260167635,232.1792056615583,223.69372586707414,0.0,0,0,0,0,1,0,[],[],[],[],[],[],[],[],[],,,,,,,,,,
44,9,task,False,104.0071245,30.673820499999998,22.384376940097155,-10.0,10.0,0.0,,,,0.2,0.25,0.0,-0.0,0.0,0.0,0.0,-0.05,5.635235776056516,TaskProgress,TaskProgress,False,False,0.0,10.0,0.0,False,False,True,False,False,True,IEV,180,12.608384017045012,6.304192008522506,9.658564475271543,280.56544260167635,232.1792056615583,223.69372586707414,0.0,0,1,0,0,1,0,[],[],[],[],[],[],[],[],[],,,,,,,,,,
45,9,task,False,104.0071245,30.673820499999998,12.384376940097155,-10.0,10.0,0.0,,,,0.2,0.25,0.0,-0.0,0.0,0.0,0.0,-0.04999999999999999,5.835235776056516,TaskProgress,TaskProgress,False,False,0.0,10.0,0.0,False,False,True,False,False,True,IEV,180,2.6083840170450117,1.3041920085225058,9.658564475271543,280.56544260167635,232.1792056615583,223.69372586707414,0.0,0,0,0,0,1,0,[],[],[],[],[],[],[],[],[],,,,,,,,,,
46,9,idle,True,104.0071245,30.673820499999998,9.775992923052144,-2.6083840170450117,2.6083840170450117,0.0,,,,0.052167680340900226,0.0652096004261253,0.0,-0.0,0.0,0.0,0.0,-0.013041920085225069,5.887403456397416,TaskProgress,TaskProgress,False,False,0.0,2.6083840170450117,0.0,False,True,False,False,False,False,,-1,0.0,0.0,9.658564475271543,280.56544260167635,232.1792056615583,223.69372586707414,0.0,14,1,0,0,1,0,"[0.03258664160966873, 0.8597783446311951, 1.0]","[[1.0, 0.17858120799064636, 0.8072584271430969, 0.0, 0.0], [1.0, 0.21809306740760803, 0.8331989645957947, 0.0, 0.25190404057502747], [1.0, 0.47678813338279724, 0.8120139241218567, 0.0, 0.0], [1.0, 0.4963257312774658, 0.8369948267936707, 0.0, 0.35176053643226624], [0.2598439157009125, 0.5700331926345825, 0.7789694666862488, 0.0, 0.0]]","[false, false, false, false, false]","[0.03258664160966873, 0.8664202690124512, 0.029987381771206856, 0.3333333432674408, 0.8597783446311951, 1.0, 0.12826746702194214]","[true, true, true]","[0.03258664160966873, 0.8597783446311951, 1.0]","[[1.0, 0.17858120799064636, 0.8072584271430969, 0.0, 0.0], [1.0, 0.21809306740760803, 0.8331989645957947, 0.0, 0.25190404057502747], [1.0, 0.47678813338279724, 0.8120139241218567, 0.0, 0.0], [1.0, 0.4963257312774658, 0.8369948267936707, 0.0, 0.35176053643226624], [0.2598439157009125, 0.5700331926345825, 0.7789694666862488, 0.0, 0.0]]","[true, true, true, true, true]","[97, 53, 294, 29, 231]",0.03258664160966873,0.8664202690124512,0.029987381771206856,0.3333333432674408,0.8597783446311951,1.0,0.12826746702194214,True,True,True
47,9,recharging,False,104.03257147318989,30.665613108522788,11.119666944193074,1.3436740211409308,0.0,2.599260757983161,Recharge,104.03257147318989,30.665613108522788,-0.01896080119553961,0.0,0.053086306213396973,-0.07876547751464125,0.0,0.0,0.0,0.006718370105704663,5.868442655201876,Recharge,Recharge,True,False,0.7797782273949482,0.0,2.123452248535879,False,False,False,True,False,True,FCS,3,37.87654775146412,18.93827387573206,10.43834270266649,280.56544260167635,264.8030282434743,223.69372586707414,0.0,0,0,0,1,0,0,[],[],[],[],[],[],[],[],[],,,,,,,,,,
48,9,recharging,False,104.03257147318989,30.665613108522788,21.119666944193074,10.0,0.0,0.0,,,,0.3,0.0,0.25,-0.0,0.0,0.0,0.0,0.04999999999999999,6.168442655201876,RechargeProgress,RechargeProgress,False,False,0.0,0.0,10.0,False,False,False,True,False,True,FCS,3,27.876547751464123,13.938273875732062,10.43834270266649,280.56544260167635,264.8030282434743,223.69372586707414,0.0,0,0,0,1,0,0,[],[],[],[],[],[],[],[],[],,,,,,,,,,
49,9,recharging,False,104.03257147318989,30.665613108522788,31.119666944193074,10.0,0.0,0.0,,,,0.3,0.0,0.25,-0.0,0.0,0.0,0.0,0.05,6.4684426552018754,RechargeProgress,RechargeProgress,False,False,0.0,0.0,10.0,False,False,False,True,False,True,FCS,3,17.876547751464123,8.938273875732062,10.43834270266649,280.56544260167635,264.8030282434743,223.69372586707414,0.0,0,0,0,1,0,0,[],[],[],[],[],[],[],[],[],,,,,,,,,,
50,9,recharging,False,104.03257147318989,30.665613108522788,41.11966694419307,9.999999999999996,0.0,0.0,,,,0.29440166527903455,0.0,0.24999999999999992,-0.0,0.0,0.0,0.0,0.044401665279034636,6.76284432048091,RechargeProgress,RechargeProgress,False,False,0.0,0.0,9.999999999999996,False,False,False,True,False,True,FCS,3,7.876547751464123,3.9382738757320617,10.43834270266649,280.56544260167635,264.8030282434743,223.69372586707414,0.0,0,0,1,1,0,0,[],[],[],[],[],[],[],[],[],,,,,,,,,,
51,9,idle,True,104.03257147318989,30.665613108522788,48.996214695657194,7.876547751464123,0.0,0.0,,,,0.1969136937866031,0.0,0.1969136937866031,-0.0,0.0,0.0,0.0,0.0,6.959758014267512,RechargeProgress,RechargeProgress,False,False,0.0,0.0,7.876547751464123,False,True,False,False,False,False,,-1,0.0,0.0,10.43834270266649,280.56544260167635,264.8030282434743,223.69372586707414,0.0,32,0,0,1,2,0,"[0.16332072019577026, 0.8702839612960815, 1.0]","[[1.0, 0.11149699985980988, 0.8953806757926941, 0.0, 0.5204017758369446], [1.0, 0.2299177646636963, 0.8795273900032043, 0.0, 0.4826773703098297], [1.0, 0.3636151850223541, 0.9139003753662109, 0.35831570625305176, 0.44895806908607483], [0.3808578848838806, 0.40501534938812256, 0.9083539843559265, 0.2181878387928009, 0.42096057534217834], [1.0, 0.47662630677223206, 0.9053264260292053, 0.0, 0.5207025408744812]]","[false, false, false, false, false]","[0.16332072019577026, 0.0, 0.16332072019577026, 0.3333333432674408, 0.8702839612960815, 1.0, 0.0]","[true, true, true]","[0.16332072019577026, 0.8702839612960815, 1.0]","[[1.0, 0.11149699985980988, 0.8953806757926941, 0.0, 0.5204017758369446], [1.0, 0.2299177646636963, 0.8795273900032043, 0.0, 0.4826773703098297], [1.0, 0.3636151850223541, 0.9139003753662109, 0.35831570625305176, 0.44895806908607483], [0.3808578848838806, 0.40501534938812256, 0.9083539843559265, 0.2181878387928009, 0.42096057534217834], [1.0, 0.47662630677223206, 0.9053264260292053, 0.0, 0.5207025408744812]]","[true, true, true, true, true]","[47, 77, 249, 181, 254]",0.16332072019577026,0.0,0.16332072019577026,0.3333333432674408,0.8702839612960815,1.0,0.0,True,True,True
52,9,idle,True,104.043083,30.684027,48.311913692161326,-0.6843010034958681,0.6843010034958681,2.281003344986219,Serve,104.043083,30.684027,-0.06912131348443087,0.0,0.0,-0.06912131348443087,0.0,0.0,0.0,0.0,6.890636700783081,Serve,Serve,False,False,0.6843010034958656,0.0,0.0,False,True,False,False,False,False,,-1,0.0,0.0,11.122643706162357,280.56544260167635,265.350469046271,223.69372586707414,0.0,34,0,0,1,2,0,"[0.16103971004486084, 0.8341895341873169, 1.0]","[[0.7742483615875244, 0.25586214661598206, 0.9014575481414795, 0.0, 0.5002772808074951], [1.0, 0.25782662630081177, 0.9058621525764465, 0.0, 0.5388226509094238], [0.9269716143608093, 0.3592345714569092, 0.9085168838500977, 0.0, 0.5247177481651306], [1.0, 0.39386507868766785, 0.9088104963302612, 0.20291858911514282, 0.6199919581413269], [1.0, 0.4540673792362213, 0.8987627029418945, 0.0, 0.5098404288291931]]","[false, false, false, false, false]","[0.16103971004486084, 0.31002917885780334, 0.16010962426662445, 0.5, 0.8341895341873169, 1.0, 0.0]","[true, true, true]","[0.16103971004486084, 0.8341895341873169, 1.0]","[[0.7742483615875244, 0.25586214661598206, 0.9014575481414795, 0.0, 0.5002772808074951], [1.0, 0.25782662630081177, 0.9058621525764465, 0.0, 0.5388226509094238], [0.9269716143608093, 0.3592345714569092, 0.9085168838500977, 0.0, 0.5247177481651306], [1.0, 0.39386507868766785, 0.9088104963302612, 0.20291858911514282, 0.6199919581413269], [1.0, 0.4540673792362213, 0.8987627029418945, 0.0, 0.5098404288291931]]","[true, true, true, true, true]","[283, 288, 232, 169, 254]",0.16103971004486084,0.31002917885780334,0.16010962426662445,0.5,0.8341895341873169,1.0,0.0,True,True,True
53,9,idle,True,104.022944,30.685096,47.73306756623099,-0.5788461259303332,0.5788461259303332,1.9294870864344538,Serve,104.022944,30.685096,-0.058469305649528916,0.0,0.0,-0.058469305649528916,0.0,0.0,0.0,0.0,6.832167395133552,Serve,Serve,False,False,0.5788461259303361,0.0,0.0,False,True,False,False,False,False,,-1,0.0,0.0,11.701489832092694,280.56544260167635,265.81354594701526,223.69372586707414,0.0,24,0,0,0,2,0,"[0.15911021828651428, 0.7588638663291931, 1.0]","[[1.0, 0.28448960185050964, 0.8794698715209961, 0.0, 0.5947879552841187], [0.8610180616378784, 0.30752524733543396, 0.8852859139442444, 0.0, 0.5911109447479248], [1.0, 0.32299384474754333, 0.8742715716362, 0.0, 0.0], [0.8836848735809326, 0.3485570549964905, 0.8763568997383118, 0.0, 0.0], [0.552605152130127, 0.3938096761703491, 0.8722707033157349, 0.0, 0.34307369589805603]]","[false, false, false, false, false]","[0.15911021828651428, 0.7846460938453674, 0.15675628185272217, 0.6666666865348816, 0.7588638663291931, 1.0, 0.0]","[true, true, true]","[0.15911021828651428, 0.7588638663291931, 1.0]","[[1.0, 0.28448960185050964, 0.8794698715209961, 0.0, 0.5947879552841187], [0.8610180616378784, 0.30752524733543396, 0.8852859139442444, 0.0, 0.5911109447479248], [1.0, 0.32299384474754333, 0.8742715716362, 0.0, 0.0], [0.8836848735809326, 0.3485570549964905, 0.8763568997383118, 0.0, 0.0], [0.552605152130127, 0.3938096761703491, 0.8722707033157349, 0.0, 0.34307369589805603]]","[true, true, true, true, true]","[294, 291, 97, 87, 110]",0.15911021828651428,0.7846460938453674,0.15675628185272217,0.6666666865348816,0.7588638663291931,1.0,0.0,True,True,True
54,9,idle,True,104.046117,30.689483,47.052382788484955,-0.6806847777460376,0.6806847777460376,2.2689492591534526,Serve,104.046117,30.689483,-0.06875603815616524,0.0,0.0,-0.06875603815616524,0.0,0.0,0.0,0.0,6.763411356977387,Serve,Serve,False,False,0.6806847777460358,0.0,0.0,False,True,False,False,False,False,,-1,0.0,0.0,12.38217460983873,280.56544260167635,266.3580937692121,223.69372586707414,0.0,23,0,0,0,2,0,"[0.15684127807617188, 0.6384286880493164, 1.0]","[[1.0, 0.17941968142986298, 0.8354835510253906, 0.0, 0.5555290579795837], [0.9024434685707092, 0.19302749633789062, 0.8324094414710999, 0.0, 0.6065263152122498], [0.2598439157009125, 0.2328512817621231, 0.8637762665748596, 0.0, 0.5628501772880554], [0.013381410390138626, 0.30716827511787415, 0.8676949143409729, 0.0, 0.4036135971546173], [0.3952091634273529, 0.49053844809532166, 0.8356459736824036, 0.0, 0.33746007084846497]]","[false, false, false, false, false]","[0.15684127807617188, 0.49530020356178284, 0.15535537898540497, 0.6666666865348816, 0.6384286880493164, 1.0, 0.0]","[true, true, true]","[0.15684127807617188, 0.6384286880493164, 1.0]","[[1.0, 0.17941968142986298, 0.8354835510253906, 0.0, 0.5555290579795837], [0.9024434685707092, 0.19302749633789062, 0.8324094414710999, 0.0, 0.6065263152122498], [0.2598439157009125, 0.2328512817621231, 0.8637762665748596, 0.0, 0.5628501772880554], [0.013381410390138626, 0.30716827511787415, 0.8676949143409729, 0.0, 0.4036135971546173], [0.3952091634273529, 0.49053844809532166, 0.8356459736824036, 0.0, 0.33746007084846497]]","[true, true, true, true, true]","[294, 125, 231, 280, 129]",0.15684127807617188,0.49530020356178284,0.15535537898540497,0.6666666865348816,0.6384286880493164,1.0,0.0,True,True,True
55,9,idle,True,104.06298854571875,30.689762618788784,46.568308207839024,-0.484074580645931,0.484074580645931,1.613581935486425,Serve,104.06298854571875,30.689762618788784,-0.04889642228746743,0.0,0.0,-0.04889642228746743,0.0,0.0,0.0,0.0,6.71451493468992,Serve,Serve,False,False,0.48407458064592745,0.0,0.0,False,True,False,False,False,False,,-1,0.0,0.0,12.866249190484657,280.56544260167635,266.74535343372884,223.69372586707414,0.0,28,0,1,0,1,0,"[0.1552276909351349, 0.7484172582626343, 1.0]","[[0.2082584649324417, 0.07074034959077835, 0.8788774609565735, 0.23317933082580566, 0.3936161994934082], [0.744387686252594, 0.22367919981479645, 0.8830444812774658, 0.26407089829444885, 0.45442312955856323], [0.5221091508865356, 0.23331081867218018, 0.890256404876709, 0.2677970826625824, 0.4552323520183563], [0.013381410390138626, 0.2588948607444763, 0.8443939089775085, 0.0, 0.4038355350494385], [1.0, 0.3144207298755646, 0.8905318379402161, 0.2542359530925751, 0.4159680902957916]]","[false, false, false, false, false]","[0.1552276909351349, 0.7349274754524231, 0.1530229151248932, 0.6666666865348816, 0.7484172582626343, 1.0, 0.0]","[true, true, true]","[0.1552276909351349, 0.7484172582626343, 1.0]","[[0.2082584649324417, 0.07074034959077835, 0.8788774609565735, 0.23317933082580566, 0.3936161994934082], [0.744387686252594, 0.22367919981479645, 0.8830444812774658, 0.26407089829444885, 0.45442312955856323], [0.5221091508865356, 0.23331081867218018, 0.890256404876709, 0.2677970826625824, 0.4552323520183563], [0.013381410390138626, 0.2588948607444763, 0.8443939089775085, 0.0, 0.4038355350494385], [1.0, 0.3144207298755646, 0.8905318379402161, 0.2542359530925751, 0.4159680902957916]]","[true, true, true, true, true]","[33, 178, 161, 280, 288]",0.1552276909351349,0.7349274754524231,0.1530229151248932,0.6666666865348816,0.7484172582626343,1.0,0.0,True,True,True
56,9,idle,True,104.065732,30.669414,45.884961306337324,-0.6833469015017002,0.6833469015017002,2.2778230050056716,Serve,104.065732,30.669414,-0.06902493954562641,0.0,0.0,-0.06902493954562641,0.0,0.0,0.0,0.0,6.645489995144293,Serve,Serve,False,False,0.6833469015017014,0.0,0.0,False,True,False,False,False,False,,-1,0.0,0.0,13.54959609198636,280.56544260167635,267.2920309549302,223.69372586707414,0.0,44,0,2,0,1,0,"[0.15294986963272095, 0.7596482634544373, 1.0]","[[0.8425878882408142, 0.11226030439138412, 0.9071707129478455, 0.38395094871520996, 0.3902960419654846], [0.3409822881221771, 0.16359218955039978, 0.9091945886611938, 0.38791900873184204, 0.38847166299819946], [0.3056968152523041, 0.21389366686344147, 0.9118577837944031, 0.36995255947113037, 0.5277644395828247], [0.2598439157009125, 0.2669336497783661, 0.9131902456283569, 0.36189141869544983, 0.5295570492744446], [1.0, 0.40369418263435364, 0.9105539321899414, 0.35049968957901, 0.5466997623443604]]","[false, false, false, false, false]","[0.15294986963272095, 0.6687613725662231, 0.1509435921907425, 0.6666666865348816, 0.7596482634544373, 1.0, 0.0]","[true, true, true]","[0.15294986963272095, 0.7596482634544373, 1.0]","[[0.8425878882408142, 0.11226030439138412, 0.9071707129478455, 0.38395094871520996, 0.3902960419654846], [0.3409822881221771, 0.16359218955039978, 0.9091945886611938, 0.38791900873184204, 0.38847166299819946], [0.3056968152523041, 0.21389366686344147, 0.9118577837944031, 0.36995255947113037, 0.5277644395828247], [0.2598439157009125, 0.2669336497783661, 0.9131902456283569, 0.36189141869544983, 0.5295570492744446], [1.0, 0.40369418263435364, 0.9105539321899414, 0.35049968957901, 0.5466997623443604]]","[true, true, true, true, true]","[287, 81, 36, 231, 272]",0.15294986963272095,0.6687613725662231,0.1509435921907425,0.6666666865348816,0.7596482634544373,1.0,0.0,True,True,True
57,9,task,False,104.055682,30.647257,45.09156730646316,-0.7933939998741621,0.7933939998741621,2.6446466662471964,Serve,104.055682,30.647257,-0.08014080806809688,0.0,0.0,-0.08014080806809688,0.0,0.0,0.0,0.0,6.565349187076196,Serve,Serve,False,False,0.7933939998741589,0.0,0.0,False,False,True,False,False,False,IEV,232,37.53699649709998,18.76849824854999,14.731696799307691,318.10243909877636,298.2673087184673,253.41235769879637,0.0,0,0,0,2,0,0,[],[],[],[],[],[],[],[],[],,,,,,,,,,
58,9,task,False,104.0505915,30.636459000000002,38.629252896122225,-6.462314410340937,6.462314410340937,1.2956890248239146,,,,0.10572315327041233,0.15184019257234407,0.0,-0.03926330378254287,0.0,0.0,0.0,-0.006853735519388878,6.671072340346608,TaskProgress,TaskProgress,False,False,0.38870670744717434,6.073607702893763,0.0,False,False,True,False,False,True,IEV,232,31.463388794206217,15.731694397103109,14.731696799307691,318.10243909877636,298.2673087184673,253.41235769879637,0.0,0,0,0,2,0,0,[],[],[],[],[],[],[],[],[],,,,,,,,,,
59,9,task,False,104.0505915,30.636459000000002,28.629252896122225,-10.0,10.0,0.0,,,,0.2,0.25,0.0,-0.0,0.0,0.0,0.0,-0.05,6.8710723403466085,TaskProgress,TaskProgress,False,False,0.0,10.0,0.0,False,False,True,False,False,True,IEV,232,21.463388794206217,10.731694397103109,14.731696799307691,318.10243909877636,298.2673087184673,253.41235769879637,0.0,0,0,1,2,0,0,[],[],[],[],[],[],[],[],[],,,,,,,,,,
60,9,task,False,104.0505915,30.636459000000002,18.629252896122225,-10.0,10.0,0.0,,,,0.2,0.25,0.0,-0.0,0.0,0.0,0.0,-0.05,7.071072340346609,TaskProgress,TaskProgress,False,False,0.0,10.0,0.0,False,False,True,False,False,True,IEV,232,11.463388794206217,5.731694397103109,14.731696799307691,318.10243909877636,298.2673087184673,253.41235769879637,0.0,0,0,0,2,0,0,[],[],[],[],[],[],[],[],[],,,,,,,,,,
61,9,task,False,104.0505915,30.636459000000002,8.629252896122225,-10.0,10.0,0.0,,,,0.2,0.25,0.0,-0.0,0.0,0.0,0.0,-0.05,7.271072340346609,TaskProgress,TaskProgress,False,False,0.0,10.0,0.0,False,False,True,False,False,True,IEV,232,1.4633887942062174,0.7316943971031087,14.731696799307691,318.10243909877636,298.2673087184673,253.41235769879637,0.0,0,0,2,0,0,0,[],[],[],[],[],[],[],[],[],,,,,,,,,,
62,9,idle,True,104.0505915,30.636459000000002,7.165864101916007,-1.4633887942062174,1.4633887942062174,0.0,,,,0.029267775884124346,0.036584719855155434,0.0,-0.0,0.0,0.0,0.0,-0.007316943971031087,7.300340116230733,TaskProgress,TaskProgress,False,False,0.0,1.4633887942062174,0.0,False,True,False,False,False,False,,-1,0.0,0.0,14.731696799307691,318.10243909877636,298.2673087184673,253.41235769879637,0.0,34,0,1,1,0,0,"[0.023886213079094887, 0.9179452061653137, 1.0]","[[0.9522392749786377, 0.16227023303508759, 0.8832494616508484, 0.3738722503185272, 0.0], [0.5185673832893372, 0.3054386377334595, 0.8792267441749573, 0.3200666904449463, 0.20514564216136932], [0.7742483615875244, 0.3131732940673828, 0.8959196209907532, 0.4391006827354431, 0.20488165318965912], [1.0, 0.33594322204589844, 0.8627670407295227, 0.3703593611717224, 0.0], [0.5601159334182739, 0.3883824944496155, 0.8653832674026489, 0.3636820614337921, 0.34601110219955444]]","[false, false, false, false, false]","[0.023886213079094887, 1.0, 0.0, 0.0, 0.9179452061653137, 1.0, 0.0]","[true, false, true]","[0.023886213079094887, 0.9179452061653137, 1.0]","[[0.9522392749786377, 0.16227023303508759, 0.8832494616508484, 0.3738722503185272, 0.0], [0.5185673832893372, 0.3054386377334595, 0.8792267441749573, 0.3200666904449463, 0.20514564216136932], [0.7742483615875244, 0.3131732940673828, 0.8959196209907532, 0.4391006827354431, 0.20488165318965912], [1.0, 0.33594322204589844, 0.8627670407295227, 0.3703593611717224, 0.0], [0.5601159334182739, 0.3883824944496155, 0.8653832674026489, 0.3636820614337921, 0.34601110219955444]]","[true, true, true, true, true]","[285, 39, 283, 47, 79]",0.023886213079094887,1.0,0.0,0.0,0.9179452061653137,1.0,0.0,True,False,True
63,9,idle,True,104.021647,30.637862,6.333781082267584,-0.8320830196484232,0.8320830196484232,2.773610065494745,Serve,104.021647,30.637862,-0.08820920496171923,0.0,0.0,-0.08404878986347714,0.0,0.0,0.0,-0.004160415098242098,7.212130911269013,Serve,Serve,False,False,0.8320830196484235,0.0,0.0,False,True,False,False,False,False,,-1,0.0,0.0,15.563779818956116,318.10243909877636,298.93297513418605,253.41235769879637,0.0,21,0,0,0,1,0,"[0.021112604066729546, 0.6668226718902588, 1.0]","[[0.19567745923995972, 0.2856585681438446, 0.8422577977180481, 0.0, 0.43187305331230164], [0.4182950258255005, 0.2939620018005371, 0.6998546719551086, 0.0, 0.5515716671943665], [0.7706380486488342, 0.3184794783592224, 0.8274281620979309, 0.20042377710342407, 0.5742880702018738], [0.6426886320114136, 0.31938526034355164, 0.8401796817779541, 0.21674607694149017, 0.37372615933418274], [0.3409822881221771, 0.3399299383163452, 0.8302143216133118, 0.0, 0.0]]","[false, false, false, false, false]","[0.021112604066729546, 0.7691878080368042, 0.018805040046572685, 1.0, 0.6668226718902588, 1.0, 0.0]","[true, true, true]","[0.021112604066729546, 0.6668226718902588, 1.0]","[[0.19567745923995972, 0.2856585681438446, 0.8422577977180481, 0.0, 0.43187305331230164], [0.4182950258255005, 0.2939620018005371, 0.6998546719551086, 0.0, 0.5515716671943665], [0.7706380486488342, 0.3184794783592224, 0.8274281620979309, 0.20042377710342407, 0.5742880702018738], [0.6426886320114136, 0.31938526034355164, 0.8401796817779541, 0.21674607694149017, 0.37372615933418274], [0.3409822881221771, 0.3399299383163452, 0.8302143216133118, 0.0, 0.0]]","[true, true, true, true, true]","[206, 243, 151, 188, 81]",0.021112604066729546,0.7691878080368042,0.018805040046572685,1.0,0.6668226718902588,1.0,0.0,True,True,True
64,9,recharging,False,104.00442266790424,30.623336156322083,8.64889532594104,2.315114243673457,0.0,2.307563511908789,Recharge,104.00442266790424,30.623336156322083,0.016833986621980546,0.0,0.07518458243115234,-0.06992616702753907,0.0,0.0,0.0,0.011575571218367275,7.228964897890994,Recharge,Recharge,True,False,0.6922690535726367,0.0,3.0073832972460934,False,False,False,True,False,True,FCS,2,36.99261670275391,18.496308351376953,16.25604887252875,318.10243909877636,331.48679037704414,253.41235769879637,0.0,0,0,0,0,0,0,[],[],[],[],[],[],[],[],[],,,,,,,,,,
65,9,recharging,False,104.00442266790424,30.623336156322083,18.64889532594104,10.0,0.0,0.0,,,,0.3,0.0,0.25,-0.0,0.0,0.0,0.0,0.05,7.528964897890994,RechargeProgress,RechargeProgress,False,False,0.0,0.0,10.0,False,False,False,True,False,True,FCS,2,26.992616702753907,13.496308351376953,16.25604887252875,318.10243909877636,331.48679037704414,253.41235769879637,0.0,0,0,0,0,0,0,[],[],[],[],[],[],[],[],[],,,,,,,,,,
66,9,recharging,False,104.00442266790424,30.623336156322083,28.64889532594104,10.0,0.0,0.0,,,,0.3,0.0,0.25,-0.0,0.0,0.0,0.0,0.05,7.828964897890994,RechargeProgress,RechargeProgress,False,False,0.0,0.0,10.0,False,False,False,True,False,True,FCS,2,16.992616702753907,8.496308351376953,16.25604887252875,318.10243909877636,331.48679037704414,253.41235769879637,0.0,0,0,0,0,0,0,[],[],[],[],[],[],[],[],[],,,,,,,,,,
67,9,recharging,False,104.00442266790424,30.623336156322083,38.64889532594104,10.0,0.0,0.0,,,,0.3,0.0,0.25,-0.0,0.0,0.0,0.0,0.049999999999999996,8.128964897890993,RechargeProgress,RechargeProgress,False,False,0.0,0.0,10.0,False,False,False,True,False,True,FCS,2,6.992616702753907,3.4963083513769533,16.25604887252875,318.10243909877636,331.48679037704414,253.41235769879637,0.0,0,0,0,0,0,0,[],[],[],[],[],[],[],[],[],,,,,,,,,,
68,9,idle,True,104.00442266790424,30.623336156322083,45.64151202869495,6.992616702753907,0.0,0.0,,,,0.18157094093914247,0.0,0.17481541756884766,-0.0,0.0,0.0,0.0,0.006755523370294796,8.310535838830136,RechargeProgress,RechargeProgress,False,False,0.0,0.0,6.992616702753907,False,True,False,False,False,False,,-1,0.0,0.0,16.25604887252875,318.10243909877636,331.48679037704414,253.41235769879637,0.0,10,0,0,0,1,0,"[0.1521383672952652, 0.5912548899650574, 1.0]","[[0.8623784184455872, 0.29071715474128723, 0.6769508719444275, 0.0, 0.5165086984634399], [0.5340195894241333, 0.4503948390483856, 0.6872273087501526, 0.0, 0.45964494347572327], [0.16421334445476532, 0.6257436871528625, 0.6608075499534607, 0.0, 0.4100687503814697], [0.9522392749786377, 0.6906083822250366, 0.753715991973877, 0.0, 0.3943353593349457], [1.0, 0.7823464870452881, 0.7109445929527283, 0.0, 0.3740387558937073]]","[false, false, false, false, false]","[0.1521383672952652, 0.0, 0.1521383672952652, 0.6666666865348816, 0.5912548899650574, 1.0, 0.0]","[true, true, true]","[0.1521383672952652, 0.5912548899650574, 1.0]","[[0.8623784184455872, 0.29071715474128723, 0.6769508719444275, 0.0, 0.5165086984634399], [0.5340195894241333, 0.4503948390483856, 0.6872273087501526, 0.0, 0.45964494347572327], [0.16421334445476532, 0.6257436871528625, 0.6608075499534607, 0.0, 0.4100687503814697], [0.9522392749786377, 0.6906083822250366, 0.753715991973877, 0.0, 0.3943353593349457], [1.0, 0.7823464870452881, 0.7109445929527283, 0.0, 0.3740387558937073]]","[true, true, true, true, true]","[159, 200, 256, 285, 228]",0.1521383672952652,0.0,0.1521383672952652,0.6666666865348816,0.5912548899650574,1.0,0.0,True,True,True
69,9,idle,True,103.99056,30.62565,45.23615668401154,-0.4053553446834073,0.4053553446834073,1.3511844822780332,Serve,103.99056,30.62565,-0.04094498431145556,0.0,0.0,-0.04094498431145556,0.0,0.0,0.0,0.0,8.26959085451868,Serve,Serve,False,False,0.40535534468340995,0.0,0.0,False,True,False,False,False,False,,-1,0.0,0.0,16.661404217212162,318.10243909877636,331.81107465279086,253.41235769879637,0.0,7,0,0,0,1,0,"[0.15078718960285187, 0.3702958822250366, 1.0]","[[0.5340195894241333, 0.19961386919021606, 0.5539597272872925, 0.0, 0.5298964977264404], [0.3842298984527588, 0.31010735034942627, 0.3197062611579895, 0.0, 0.4178166091442108], [0.16421334445476532, 0.4531199336051941, 0.6420785188674927, 0.0, 0.373953253030777], [1.0, 0.7520173192024231, 0.6288989782333374, 0.0, 0.3353964686393738], [0.290681928396225, 0.7584171891212463, 0.6525096893310547, 0.0, 0.0]]","[false, false, false, false, false]","[0.15078718960285187, 0.4503948390483856, 0.14943601191043854, 0.6666666865348816, 0.3702958822250366, 1.0, 0.0]","[true, true, true]","[0.15078718960285187, 0.3702958822250366, 1.0]","[[0.5340195894241333, 0.19961386919021606, 0.5539597272872925, 0.0, 0.5298964977264404], [0.3842298984527588, 0.31010735034942627, 0.3197062611579895, 0.0, 0.4178166091442108], [0.16421334445476532, 0.4531199336051941, 0.6420785188674927, 0.0, 0.373953253030777], [1.0, 0.7520173192024231, 0.6288989782333374, 0.0, 0.3353964686393738], [0.290681928396225, 0.7584171891212463, 0.6525096893310547, 0.0, 0.0]]","[true, true, true, true, true]","[200, 40, 256, 228, 55]",0.15078718960285187,0.4503948390483856,0.14943601191043854,0.6666666865348816,0.3702958822250366,1.0,0.0,True,True,True
70,9,idle,True,103.986843,30.617919,44.9570600776297,-0.27909660638184164,0.27909660638184164,0.9303220212727977,Serve,103.986843,30.617919,-0.028191576402205997,0.0,0.0,-0.028191576402205997,0.0,0.0,0.0,0.0,8.241399278116475,Serve,Serve,False,False,0.2790966063818393,0.0,0.0,False,True,False,False,False,False,,-1,0.0,0.0,16.940500823594,318.10243909877636,332.03435193789636,253.41235769879637,0.0,5,0,0,0,1,0,"[0.14985686540603638, 0.25807151198387146, 1.0]","[[0.5185673832893372, 0.5607244372367859, 0.5503951907157898, 0.0, 0.518064022064209], [0.5340195894241333, 0.666455864906311, 0.4980386793613434, 0.0, 0.4086734652519226], [0.3409822881221771, 0.7655178904533386, 0.28439679741859436, 0.0, 0.34094107151031494], [0.3842298984527588, 0.8227765560150146, 0.7177984714508057, 0.0, 0.4909065067768097], [0.290681928396225, 0.9555808305740356, 0.5033599734306335, 0.0, 0.0]]","[false, false, false, false, false]","[0.14985686540603638, 0.5955963730812073, 0.1480700820684433, 0.6666666865348816, 0.25807151198387146, 1.0, 0.0]","[true, true, true]","[0.14985686540603638, 0.25807151198387146, 1.0]","[[0.5185673832893372, 0.5607244372367859, 0.5503951907157898, 0.0, 0.518064022064209], [0.5340195894241333, 0.666455864906311, 0.4980386793613434, 0.0, 0.4086734652519226], [0.3409822881221771, 0.7655178904533386, 0.28439679741859436, 0.0, 0.34094107151031494], [0.3842298984527588, 0.8227765560150146, 0.7177984714508057, 0.0, 0.4909065067768097], [0.290681928396225, 0.9555808305740356, 0.5033599734306335, 0.0, 0.0]]","[true, true, true, true, true]","[39, 200, 81, 40, 55]",0.14985686540603638,0.5955963730812073,0.1480700820684433,0.6666666865348816,0.25807151198387146,1.0,0.0,True,True,True
71,9,idle,True,103.976521,30.642122,44.097037354268465,-0.860022723361233,0.860022723361233,2.8667424112041138,Serve,103.976521,30.642122,-0.08687098215770042,0.0,0.0,-0.08687098215770042,0.0,0.0,0.0,0.0,8.154528295958775,Serve,Serve,False,False,0.8600227233612341,0.0,0.0,False,True,False,False,False,False,,-1,0.0,0.0,17.800523546955233,318.10243909877636,332.72237011658535,253.41235769879637,0.0,7,0,0,0,0,0,"[0.1469901204109192, 1.0, 1.0]","[[0.290681928396225, 0.0007972375606186688, 0.4980560541152954, 0.0, 0.0], [0.5340195894241333, 0.4975019693374634, 0.559238851070404, 0.0, 0.39138856530189514], [0.4138734042644501, 0.5814328789710999, 0.7302186489105225, 0.0, 0.34091275930404663], [0.16188710927963257, 0.6700838804244995, 0.7214040160179138, 0.0, 0.0], [0.5221091508865356, 0.7899557948112488, 0.7480173110961914, 0.0, 0.41675055027008057]]","[false, false, false, false, false]","[0.1469901204109192, 1.0, 0.0, 0.0, 1.0, 1.0, 0.0]","[true, false, true]","[0.1469901204109192, 1.0, 1.0]","[[0.290681928396225, 0.0007972375606186688, 0.4980560541152954, 0.0, 0.0], [0.5340195894241333, 0.4975019693374634, 0.559238851070404, 0.0, 0.39138856530189514], [0.4138734042644501, 0.5814328789710999, 0.7302186489105225, 0.0, 0.34091275930404663], [0.16188710927963257, 0.6700838804244995, 0.7214040160179138, 0.0, 0.0], [0.5221091508865356, 0.7899557948112488, 0.7480173110961914, 0.0, 0.41675055027008057]]","[true, true, true, true, true]","[55, 200, 43, 259, 161]",0.1469901204109192,1.0,0.0,0.0,1.0,1.0,0.0,True,False,True
72,9,idle,True,103.980726,30.659835,43.4939618510628,-0.603075503205666,0.603075503205666,2.0102516773522137,Serve,103.980726,30.659835,-0.06091671749552163,0.0,0.0,-0.06091671749552163,0.0,0.0,0.0,0.0,8.093611578463253,Serve,Serve,False,False,0.603075503205664,0.0,0.0,False,True,False,False,False,False,,-1,0.0,0.0,18.403599050160896,318.10243909877636,333.2048305191499,253.41235769879637,0.0,10,0,0,0,0,0,"[0.14497987926006317, 1.0, 1.0]","[[0.16188710927963257, 0.00429860595613718, 0.6402289867401123, 0.0, 0.0], [0.16421334445476532, 0.12226685881614685, 0.6460817456245422, 0.0, 0.0], [0.2923884391784668, 0.6356146931648254, 0.757857084274292, 0.0, 0.0], [0.5572604537010193, 0.6418068408966064, 0.3426065444946289, 0.0, 0.0], [0.9232249855995178, 0.6566886901855469, 0.6899572014808655, 0.0, 0.0]]","[false, false, false, false, false]","[0.14497987926006317, 1.0, 0.0, 0.0, 1.0, 1.0, 0.0]","[true, false, true]","[0.14497987926006317, 1.0, 1.0]","[[0.16188710927963257, 0.00429860595613718, 0.6402289867401123, 0.0, 0.0], [0.16421334445476532, 0.12226685881614685, 0.6460817456245422, 0.0, 0.0], [0.2923884391784668, 0.6356146931648254, 0.757857084274292, 0.0, 0.0], [0.5572604537010193, 0.6418068408966064, 0.3426065444946289, 0.0, 0.0], [0.9232249855995178, 0.6566886901855469, 0.6899572014808655, 0.0, 0.0]]","[true, true, true, true, true]","[259, 256, 214, 106, 128]",0.14497987926006317,1.0,0.0,0.0,1.0,1.0,0.0,True,False,True
73,9,idle,True,103.967446,30.642107,42.790418751081496,-0.703543099981303,0.703543099981303,2.3451436666043453,Serve,103.967446,30.642107,-0.07106495959407108,0.0,0.0,-0.07106495959407108,0.0,0.0,0.0,0.0,8.022546618869182,Serve,Serve,False,False,0.7035430999813036,0.0,0.0,False,True,False,False,False,False,,-1,0.0,0.0,19.1071421501422,318.10243909877636,333.7676649991349,253.41235769879637,0.0,4,0,0,0,0,0,"[0.14263473451137543, 1.0, 0.800000011920929]","[[0.290681928396225, 0.2921084463596344, 0.4776916801929474, 0.0, 0.0], [0.9697636961936951, 0.583675742149353, 0.5821095108985901, 0.20887896418571472, 0.36368751525878906], [0.16188710927963257, 0.7840601205825806, 0.5947021245956421, 0.0, 0.0], [0.5340195894241333, 0.8935031294822693, 0.7262362241744995, 0.3739263117313385, 0.3718147873878479], [0.0, 0.0, 0.0, 0.0, 0.0]]","[false, false, false, false, true]","[0.14263473451137543, 1.0, 0.0, 0.0, 1.0, 0.800000011920929, 0.0]","[true, false, true]","[0.14263473451137543, 1.0, 0.800000011920929]","[[0.290681928396225, 0.2921084463596344, 0.4776916801929474, 0.0, 0.0], [0.9697636961936951, 0.583675742149353, 0.5821095108985901, 0.20887896418571472, 0.36368751525878906], [0.16188710927963257, 0.7840601205825806, 0.5947021245956421, 0.0, 0.0], [0.5340195894241333, 0.8935031294822693, 0.7262362241744995, 0.3739263117313385, 0.3718147873878479], [0.0, 0.0, 0.0, 0.0, 0.0]]","[true, true, true, true, false]","[55, 248, 259, 200, -1]",0.14263473451137543,1.0,0.0,0.0,1.0,0.800000011920929,0.0,True,False,True
74,9,idle,True,103.985302,30.638649,42.26511058544263,-0.5253081656388687,0.5253081656388687,1.7510272187962375,Serve,103.985302,30.638649,-0.05306143087261326,0.0,0.0,-0.05306143087261326,0.0,0.0,0.0,0.0,7.969485187996568,Serve,Serve,False,False,0.5253081656388712,0.0,0.0,False,True,False,False,False,False,,-1,0.0,0.0,19.63245031578107,318.10243909877636,334.187911531646,253.41235769879637,0.0,7,0,0,0,1,0,"[0.1408836990594864, 0.4061257839202881, 1.0]","[[0.290681928396225, 0.3069862425327301, 0.3157813251018524, 0.0, 0.0], [0.9697636961936951, 0.6499584317207336, 0.34612587094306946, 0.2023618072271347, 0.5399273633956909], [0.16188710927963257, 0.799898087978363, 0.6233324408531189, 0.0, 0.0], [0.5340195894241333, 0.8383268117904663, 0.7390807271003723, 0.22441242635250092, 0.0], [0.3842298984527588, 0.9241920709609985, 0.7932155132293701, 0.34371519088745117, 0.5027344822883606]]","[false, false, false, false, false]","[0.1408836990594864, 0.8330755233764648, 0.13838447630405426, 1.0, 0.4061257839202881, 1.0, 0.0]","[true, true, true]","[0.1408836990594864, 0.4061257839202881, 1.0]","[[0.290681928396225, 0.3069862425327301, 0.3157813251018524, 0.0, 0.0], [0.9697636961936951, 0.6499584317207336, 0.34612587094306946, 0.2023618072271347, 0.5399273633956909], [0.16188710927963257, 0.799898087978363, 0.6233324408531189, 0.0, 0.0], [0.5340195894241333, 0.8383268117904663, 0.7390807271003723, 0.22441242635250092, 0.0], [0.3842298984527588, 0.9241920709609985, 0.7932155132293701, 0.34371519088745117, 0.5027344822883606]]","[true, true, true, true, true]","[55, 248, 259, 200, 40]",0.1408836990594864,0.8330755233764648,0.13838447630405426,1.0,0.4061257839202881,1.0,0.0,True,True,True
75,9,idle,True,104.014731,30.636728,41.418015990884896,-0.8470945945577313,0.8470945945577313,2.8236486485257606,Serve,104.014731,30.636728,-0.0855651105613867,0.0,0.0,-0.0855651105613867,0.0,0.0,0.0,0.0,7.883920077435182,Serve,Serve,False,False,0.8470945945577282,0.0,0.0,False,True,False,False,False,False,,-1,0.0,0.0,20.4795449103388,318.10243909877636,334.8655872072922,253.41235769879637,0.0,20,0,1,0,1,0,"[0.1380600482225418, 0.6806066632270813, 1.0]","[[0.19567745923995972, 0.07880998402833939, 0.8353773951530457, 0.35151514410972595, 0.3983992040157318], [0.3842298984527588, 0.08122693747282028, 0.8234168291091919, 0.3445046544075012, 0.4024540185928345], [0.9598159193992615, 0.08567214012145996, 0.8150237798690796, 0.34414586424827576, 0.4008578658103943], [0.6544428467750549, 0.33151665329933167, 0.8504233360290527, 0.40086373686790466, 0.387393593788147], [0.6426886320114136, 0.4653959572315216, 0.8514074683189392, 0.4803968369960785, 0.2180522084236145]]","[false, false, false, false, false]","[0.1380600482225418, 0.5953741669654846, 0.13627393543720245, 0.6666666865348816, 0.6806066632270813, 1.0, 0.0]","[true, true, true]","[0.1380600482225418, 0.6806066632270813, 1.0]","[[0.19567745923995972, 0.07880998402833939, 0.8353773951530457, 0.35151514410972595, 0.3983992040157318], [0.3842298984527588, 0.08122693747282028, 0.8234168291091919, 0.3445046544075012, 0.4024540185928345], [0.9598159193992615, 0.08567214012145996, 0.8150237798690796, 0.34414586424827576, 0.4008578658103943], [0.6544428467750549, 0.33151665329933167, 0.8504233360290527, 0.40086373686790466, 0.387393593788147], [0.6426886320114136, 0.4653959572315216, 0.8514074683189392, 0.4803968369960785, 0.2180522084236145]]","[true, true, true, true, true]","[206, 40, 123, 293, 188]",0.1380600482225418,0.5953741669654846,0.13627393543720245,0.6666666865348816,0.6806066632270813,1.0,0.0,True,True,True
76,9,idle,True,104.022455,30.651637,40.87350712643659,-0.5445088644483036,0.5445088644483036,1.8150295481610108,Serve,104.022455,30.651637,-0.05500089539881852,0.0,0.0,-0.05500089539881852,0.0,0.0,0.0,0.0,7.828919182036363,Serve,Serve,False,False,0.5445088644483033,0.0,0.0,False,True,False,False,False,False,,-1,0.0,0.0,21.024053774787102,318.10243909877636,335.3011942988509,253.41235769879637,0.0,24,0,1,0,1,0,"[0.1362450271844864, 0.7533148527145386, 1.0]","[[0.15760816633701324, 0.058442920446395874, 0.8558611869812012, 0.28420042991638184, 0.42112353444099426], [1.0, 0.1391395628452301, 0.8233683705329895, 0.24440596997737885, 0.3864400088787079], [0.4982664883136749, 0.14061741530895233, 0.8516395092010498, 0.27075713872909546, 0.38668492436408997], [0.5340195894241333, 0.25984862446784973, 0.8387433886528015, 0.22944393754005432, 0.5177404284477234], [0.9594644904136658, 0.44272035360336304, 0.8611577153205872, 0.38394883275032043, 0.5070658922195435]]","[false, false, false, false, false]","[0.1362450271844864, 0.6102378368377686, 0.13441431522369385, 0.6666666865348816, 0.7533148527145386, 1.0, 0.0]","[true, true, true]","[0.1362450271844864, 0.7533148527145386, 1.0]","[[0.15760816633701324, 0.058442920446395874, 0.8558611869812012, 0.28420042991638184, 0.42112353444099426], [1.0, 0.1391395628452301, 0.8233683705329895, 0.24440596997737885, 0.3864400088787079], [0.4982664883136749, 0.14061741530895233, 0.8516395092010498, 0.27075713872909546, 0.38668492436408997], [0.5340195894241333, 0.25984862446784973, 0.8387433886528015, 0.22944393754005432, 0.5177404284477234], [0.9594644904136658, 0.44272035360336304, 0.8611577153205872, 0.38394883275032043, 0.5070658922195435]]","[true, true, true, true, true]","[234, 5, 166, 200, 295]",0.1362450271844864,0.6102378368377686,0.13441431522369385,0.6666666865348816,0.7533148527145386,1.0,0.0,True,True,True
77,9,idle,True,104.041949,30.642178,40.231198314397936,-0.6423088120386566,0.6423088120386566,2.1410293734621777,Serve,104.041949,30.642178,-0.06487967798370237,0.0,0.0,-0.06487967798370237,0.0,0.0,0.0,0.0,7.76403950405266,Serve,Serve,False,False,0.6423088120386533,0.0,0.0,False,True,False,False,False,False,,-1,0.0,0.0,21.666362586825755,318.10243909877636,335.81504134848177,253.41235769879637,0.0,39,0,4,1,1,0,"[0.13410399854183197, 0.723778486251831, 1.0]","[[1.0, 0.07940531522035599, 0.8778925538063049, 0.5451326370239258, 0.2105398029088974], [0.1700962632894516, 0.09209544956684113, 0.8976967930793762, 0.5609134435653687, 0.22309638559818268], [0.28323930501937866, 0.1478317379951477, 0.8924020528793335, 0.5600165128707886, 0.23146799206733704], [0.8408258557319641, 0.22232010960578918, 0.89276522397995, 0.651279628276825, 0.0], [0.6925243139266968, 0.3364773094654083, 0.8732087016105652, 0.26181361079216003, 0.0]]","[false, false, false, false, false]","[0.13410399854183197, 0.9186455607414246, 0.13134805858135223, 0.3333333432674408, 0.723778486251831, 1.0, 0.0]","[true, true, true]","[0.13410399854183197, 0.723778486251831, 1.0]","[[1.0, 0.07940531522035599, 0.8778925538063049, 0.5451326370239258, 0.2105398029088974], [0.1700962632894516, 0.09209544956684113, 0.8976967930793762, 0.5609134435653687, 0.22309638559818268], [0.28323930501937866, 0.1478317379951477, 0.8924020528793335, 0.5600165128707886, 0.23146799206733704], [0.8408258557319641, 0.22232010960578918, 0.89276522397995, 0.651279628276825, 0.0], [0.6925243139266968, 0.3364773094654083, 0.8732087016105652, 0.26181361079216003, 0.0]]","[true, true, true, true, true]","[2, 93, 15, 207, 253]",0.13410399854183197,0.9186455607414246,0.13134805858135223,0.3333333432674408,0.723778486251831,1.0,0.0,True,True,True
78,9,idle,True,104.044672,30.618342,39.4322332637589,-0.7989650506390333,0.7989650506390333,2.663216835463437,Serve,104.044672,30.618342,-0.08354237414979448,0.0,0.0,-0.080703540468589,0.0,0.0,0.0,-0.0028388336812054864,7.680497129902866,Serve,Serve,False,False,0.798965050639031,0.0,0.0,False,True,False,False,False,False,,-1,0.0,0.0,22.465327637464785,318.10243909877636,336.45421338899297,253.41235769879637,0.0,20,0,1,0,1,0,"[0.13144077360630035, 0.7399443984031677, 1.0]","[[0.38456907868385315, 0.0, 0.7993289232254028, 0.2144320011138916, 0.3667587339878082], [0.23844286799430847, 0.22719062864780426, 0.7700749039649963, 0.0, 0.3590514063835144], [0.09547838568687439, 0.42507436871528625, 0.8725453615188599, 0.4766964316368103, 0.0], [0.9598159193992615, 0.5653942823410034, 0.8193065524101257, 0.2188442349433899, 0.3695335388183594], [0.249294713139534, 0.5933346748352051, 0.8828852772712708, 0.6178774833679199, 0.0]]","[false, false, false, false, false]","[0.13144077360630035, 0.817725419998169, 0.12898759543895721, 0.6666666865348816, 0.7399443984031677, 1.0, 0.0]","[true, true, true]","[0.13144077360630035, 0.7399443984031677, 1.0]","[[0.38456907868385315, 0.0, 0.7993289232254028, 0.2144320011138916, 0.3667587339878082], [0.23844286799430847, 0.22719062864780426, 0.7700749039649963, 0.0, 0.3590514063835144], [0.09547838568687439, 0.42507436871528625, 0.8725453615188599, 0.4766964316368103, 0.0], [0.9598159193992615, 0.5653942823410034, 0.8193065524101257, 0.2188442349433899, 0.3695335388183594], [0.249294713139534, 0.5933346748352051, 0.8828852772712708, 0.6178774833679199, 0.0]]","[true, true, true, true, true]","[48, 83, 257, 123, 210]",0.13144077360630035,0.817725419998169,0.12898759543895721,0.6666666865348816,0.7399443984031677,1.0,0.0,True,True,True
79,9,recharging,False,104.06279930508963,30.602742935469568,41.26241317592374,1.8301799121648372,0.0,2.4531761865201123,Recharge,104.06279930508963,30.602742935469568,-0.007346519434564026,0.0,0.06415331920302178,-0.0743386723187913,0.0,0.0,0.0,0.0028388336812054864,7.673150610468302,Recharge,Recharge,True,False,0.7359528559560337,0.0,2.566132768120871,False,False,False,True,False,True,FCS,5,37.43386723187913,18.716933615939563,23.201280493420818,318.10243909877636,369.0429756737578,253.41235769879637,0.0,0,0,0,0,0,0,[],[],[],[],[],[],[],[],[],,,,,,,,,,
80,9,recharging,False,104.06279930508963,30.602742935469568,51.26241317592374,10.0,0.0,0.0,,,,0.25,0.0,0.25,-0.0,0.0,0.0,0.0,0.0,7.923150610468302,RechargeProgress,RechargeProgress,False,False,0.0,0.0,10.0,False,False,False,True,False,True,FCS,5,27.433867231879127,13.716933615939563,23.201280493420818,318.10243909877636,369.0429756737578,253.41235769879637,0.0,0,0,0,0,0,0,[],[],[],[],[],[],[],[],[],,,,,,,,,,
81,9,recharging,False,104.06279930508963,30.602742935469568,61.26241317592374,10.0,0.0,0.0,,,,0.25,0.0,0.25,-0.0,0.0,0.0,0.0,0.0,8.173150610468301,RechargeProgress,RechargeProgress,False,False,0.0,0.0,10.0,False,False,False,True,False,True,FCS,5,17.433867231879127,8.716933615939563,23.201280493420818,318.10243909877636,369.0429756737578,253.41235769879637,0.0,0,0,0,0,0,0,[],[],[],[],[],[],[],[],[],,,,,,,,,,
82,9,recharging,False,104.06279930508963,30.602742935469568,71.26241317592374,10.0,0.0,0.0,,,,0.25,0.0,0.25,-0.0,0.0,0.0,0.0,0.0,8.423150610468301,RechargeProgress,RechargeProgress,False,False,0.0,0.0,10.0,False,False,False,True,False,True,FCS,5,7.433867231879127,3.7169336159395634,23.201280493420818,318.10243909877636,369.0429756737578,253.41235769879637,0.0,0,0,0,0,0,0,[],[],[],[],[],[],[],[],[],,,,,,,,,,
83,9,idle,True,104.06279930508963,30.602742935469568,78.69628040780287,7.433867231879134,0.0,0.0,,,,0.18584668079697836,0.0,0.18584668079697836,-0.0,0.0,0.0,0.0,0.0,8.608997291265279,RechargeProgress,RechargeProgress,False,False,0.0,0.0,7.433867231879134,False,True,False,False,False,False,,-1,0.0,0.0,23.201280493420818,318.10243909877636,369.0429756737578,253.41235769879637,0.0,10,0,0,0,0,1,"[0.26232093572616577, 1.0, 1.0]","[[0.1700962632894516, 0.31531915068626404, 0.7557433843612671, 0.0, 0.0], [0.9598159193992615, 0.38273918628692627, 0.7020922899246216, 0.0, 0.0], [1.0, 0.4109553098678589, 0.6653335690498352, 0.0, 0.0], [0.2598439157009125, 0.4816356301307678, 0.7324425578117371, 0.0, 0.0], [0.4138734042644501, 0.5706763863563538, 0.7540680170059204, 0.0, 0.0]]","[false, false, false, false, false]","[0.26232093572616577, 1.0, 0.0, 0.0, 1.0, 1.0, 0.0]","[true, false, true]","[0.26232093572616577, 1.0, 1.0]","[[0.1700962632894516, 0.31531915068626404, 0.7557433843612671, 0.0, 0.0], [0.9598159193992615, 0.38273918628692627, 0.7020922899246216, 0.0, 0.0], [1.0, 0.4109553098678589, 0.6653335690498352, 0.0, 0.0], [0.2598439157009125, 0.4816356301307678, 0.7324425578117371, 0.0, 0.0], [0.4138734042644501, 0.5706763863563538, 0.7540680170059204, 0.0, 0.0]]","[true, true, true, true, true]","[93, 123, 126, 231, 43]",0.26232093572616577,1.0,0.0,0.0,1.0,1.0,0.0,True,False,True
84,9,idle,True,104.072132,30.609232,78.35181514083911,-0.3444652669637662,0.3444652669637662,1.1482175565458757,Serve,104.072132,30.609232,-0.03479447141048108,0.0,0.0,-0.03479447141048108,0.0,0.0,0.0,0.0,8.574202819854799,Serve,Serve,False,False,0.3444652669637627,0.0,0.0,False,True,False,False,False,False,,-1,0.0,0.0,23.54574576038458,318.10243909877636,369.3185478873288,253.41235769879637,0.0,8,0,0,1,1,0,"[0.26117271184921265, 0.7338204383850098, 1.0]","[[0.4138734042644501, 0.4081686735153198, 0.6922079920768738, 0.0, 0.24509118497371674], [0.9598159193992615, 0.4303843379020691, 0.5827122330665588, 0.0, 0.4494214355945587], [0.684576153755188, 0.5203791856765747, 0.6385421752929688, 0.0, 0.39611074328422546], [0.3428976535797119, 0.5739474892616272, 0.7082844376564026, 0.0, 0.2053385227918625], [0.6229559183120728, 0.5932804346084595, 0.7851113080978394, 0.0, 0.2123209685087204]]","[false, false, false, false, false]","[0.26117271184921265, 0.38273918628692627, 0.2600244879722595, 0.3333333432674408, 0.7338204383850098, 1.0, 0.0]","[true, true, true]","[0.26117271184921265, 0.7338204383850098, 1.0]","[[0.4138734042644501, 0.4081686735153198, 0.6922079920768738, 0.0, 0.24509118497371674], [0.9598159193992615, 0.4303843379020691, 0.5827122330665588, 0.0, 0.4494214355945587], [0.684576153755188, 0.5203791856765747, 0.6385421752929688, 0.0, 0.39611074328422546], [0.3428976535797119, 0.5739474892616272, 0.7082844376564026, 0.0, 0.2053385227918625], [0.6229559183120728, 0.5932804346084595, 0.7851113080978394, 0.0, 0.2123209685087204]]","[true, true, true, true, true]","[43, 123, 137, 148, 37]",0.26117271184921265,0.38273918628692627,0.2600244879722595,0.3333333432674408,0.7338204383850098,1.0,0.0,True,True,True
85,9,idle,True,104.045923,30.602673,77.5681571886451,-0.7836579521940052,0.7836579521940052,2.6121931739800264,Serve,104.045923,30.602673,-0.07915736890848565,0.0,0.0,-0.07915736890848565,0.0,0.0,0.0,0.0,8.495045450946312,Serve,Serve,False,False,0.7836579521940079,0.0,0.0,False,True,False,False,False,False,,-1,0.0,0.0,24.32940371257859,318.10243909877636,369.945474249084,253.41235769879637,0.0,6,0,0,0,1,0,"[0.25856053829193115, 0.642030656337738, 1.0]","[[0.8461048007011414, 0.734713613986969, 0.3485971689224243, 0.0, 0.0], [1.0, 0.7914087772369385, 0.4236413240432739, 0.0, 0.4790380597114563], [0.684576153755188, 0.80286705493927, 0.6679449081420898, 0.0, 0.3485316038131714], [0.564655065536499, 0.8036500215530396, 0.6804388761520386, 0.0, 0.34911420941352844], [0.9598159193992615, 0.8481872081756592, 0.42128095030784607, 0.0, 0.508599579334259]]","[false, false, false, false, false]","[0.25856053829193115, 0.5384023785591125, 0.25694531202316284, 0.6666666865348816, 0.642030656337738, 1.0, 0.0]","[true, true, true]","[0.25856053829193115, 0.642030656337738, 1.0]","[[0.8461048007011414, 0.734713613986969, 0.3485971689224243, 0.0, 0.0], [1.0, 0.7914087772369385, 0.4236413240432739, 0.0, 0.4790380597114563], [0.684576153755188, 0.80286705493927, 0.6679449081420898, 0.0, 0.3485316038131714], [0.564655065536499, 0.8036500215530396, 0.6804388761520386, 0.0, 0.34911420941352844], [0.9598159193992615, 0.8481872081756592, 0.42128095030784607, 0.0, 0.508599579334259]]","[true, true, true, true, true]","[140, 126, 137, 268, 123]",0.25856053829193115,0.5384023785591125,0.25694531202316284,0.6666666865348816,0.642030656337738,1.0,0.0,True,True,True
86,9,idle,True,104.033177,30.586164,76.90691492296371,-0.6612422656813948,0.6612422656813948,2.204140885604637,Serve,104.033177,30.586164,-0.06679214804862538,0.0,0.0,-0.06679214804862538,0.0,0.0,0.0,0.0,8.428253302897687,Serve,Serve,False,False,0.6612422656813911,0.0,0.0,False,True,False,False,False,False,,-1,0.0,0.0,24.99064597825998,318.10243909877636,370.4744680616291,253.41235769879637,0.0,3,0,0,0,0,0,"[0.2563563883304596, 1.0, 0.6000000238418579]","[[0.8461048007011414, 0.03222748637199402, 0.4331410527229309, 0.0, 0.0], [1.0, 0.21401405334472656, 0.3749246895313263, 0.0, 0.0], [0.1700962632894516, 0.8167388439178467, 0.4587007462978363, 0.0, 0.0], [0.0, 0.0, 0.0, 0.0, 0.0], [0.0, 0.0, 0.0, 0.0, 0.0]]","[false, false, false, true, true]","[0.2563563883304596, 1.0, 0.0, 0.0, 1.0, 0.6000000238418579, 0.0]","[true, false, true]","[0.2563563883304596, 1.0, 0.6000000238418579]","[[0.8461048007011414, 0.03222748637199402, 0.4331410527229309, 0.0, 0.0], [1.0, 0.21401405334472656, 0.3749246895313263, 0.0, 0.0], [0.1700962632894516, 0.8167388439178467, 0.4587007462978363, 0.0, 0.0], [0.0, 0.0, 0.0, 0.0, 0.0], [0.0, 0.0, 0.0, 0.0, 0.0]]","[true, true, true, false, false]","[140, 47, 93, -1, -1]",0.2563563883304596,1.0,0.0,0.0,1.0,0.6000000238418579,0.0,True,False,True
87,9,idle,True,104.02802140475995,30.589857487555975,76.71430227872082,-0.19261264424288527,0.19261264424288527,0.6420421474762641,Serve,104.02802140475995,30.589857487555975,-0.019455822650795887,0.0,0.0,-0.019455822650795887,0.0,0.0,0.0,0.0,8.408797480246891,Serve,Serve,False,False,0.19261264424287922,0.0,0.0,False,True,False,False,False,False,,-1,0.0,0.0,25.18325862250286,318.10243909877636,370.6285581770234,253.41235769879637,0.0,3,0,0,0,0,0,"[0.2557143270969391, 1.0, 0.6000000238418579]","[[1.0, 0.12033089250326157, 0.20171016454696655, 0.0, 0.0], [0.8461048007011414, 0.8586204648017883, 0.4517357647418976, 0.0, 0.2179284542798996], [0.7706380486488342, 0.9586259126663208, 0.402728796005249, 0.0, 0.0], [0.0, 0.0, 0.0, 0.0, 0.0], [0.0, 0.0, 0.0, 0.0, 0.0]]","[false, false, false, true, true]","[0.2557143270969391, 1.0, 0.0, 0.0, 1.0, 0.6000000238418579, 0.0]","[true, false, true]","[0.2557143270969391, 1.0, 0.6000000238418579]","[[1.0, 0.12033089250326157, 0.20171016454696655, 0.0, 0.0], [0.8461048007011414, 0.8586204648017883, 0.4517357647418976, 0.0, 0.2179284542798996], [0.7706380486488342, 0.9586259126663208, 0.402728796005249, 0.0, 0.0], [0.0, 0.0, 0.0, 0.0, 0.0], [0.0, 0.0, 0.0, 0.0, 0.0]]","[true, true, true, false, false]","[47, 140, 151, -1, -1]",0.2557143270969391,1.0,0.0,0.0,1.0,0.6000000238418579,0.0,True,False,True
88,9,idle,True,104.00058112828181,30.57932751256863,75.85153897954628,-0.8627632991745458,0.8627632991745458,2.875877663915162,Serve,104.00058112828181,30.57932751256863,-0.08714780799742916,0.0,0.0,-0.08714780799742916,0.0,0.0,0.0,0.0,8.321649672249462,Serve,Serve,False,False,0.8627632991745485,0.0,0.0,False,True,False,False,False,False,,-1,0.0,0.0,26.046021921677408,318.10243909877636,371.31876881636305,253.41235769879637,0.0,2,0,0,0,0,0,"[0.25283846259117126, 1.0, 0.4000000059604645]","[[0.7706380486488342, 0.9093061089515686, 0.0, 0.0, 0.0], [0.5673414468765259, 0.9568689465522766, 0.5952112674713135, 0.0, 0.0], [0.0, 0.0, 0.0, 0.0, 0.0], [0.0, 0.0, 0.0, 0.0, 0.0], [0.0, 0.0, 0.0, 0.0, 0.0]]","[false, false, true, true, true]","[0.25283846259117126, 1.0, 0.0, 0.0, 1.0, 0.4000000059604645, 0.0]","[true, false, true]","[0.25283846259117126, 1.0, 0.4000000059604645]","[[0.7706380486488342, 0.9093061089515686, 0.0, 0.0, 0.0], [0.5673414468765259, 0.9568689465522766, 0.5952112674713135, 0.0, 0.0], [0.0, 0.0, 0.0, 0.0, 0.0], [0.0, 0.0, 0.0, 0.0, 0.0], [0.0, 0.0, 0.0, 0.0, 0.0]]","[true, true, false, false, false]","[151, 277, -1, -1, -1]",0.25283846259117126,1.0,0.0,0.0,1.0,0.4000000059604645,0.0,True,False,True
89,9,idle,True,103.972518,30.570234,74.99035694499472,-0.8611820345515611,0.8611820345515611,2.8706067818385366,Serve,103.972518,30.570234,-0.08698808429813748,0.0,0.0,-0.08698808429813748,0.0,0.0,0.0,0.0,8.234661587951324,Serve,Serve,False,False,0.861182034551561,0.0,0.0,False,True,False,False,False,False,,-1,0.0,0.0,26.90720395622897,318.10243909877636,372.0077144440043,253.41235769879637,0.0,7,0,0,0,0,0,"[0.24996785819530487, 1.0, 1.0]","[[0.1700962632894516, 0.35303837060928345, 0.7002422213554382, 0.0, 0.0], [0.2598439157009125, 0.45335373282432556, 0.7233145236968994, 0.0, 0.0], [0.629826545715332, 0.4753769040107727, 0.6941753625869751, 0.0, 0.0], [0.8111693859100342, 0.484134316444397, 0.6907598972320557, 0.0, 0.0], [1.0, 0.5079283714294434, 0.6453215479850769, 0.0, 0.0]]","[false, false, false, false, false]","[0.24996785819530487, 1.0, 0.0, 0.0, 1.0, 1.0, 0.0]","[true, false, true]","[0.24996785819530487, 1.0, 1.0]","[[0.1700962632894516, 0.35303837060928345, 0.7002422213554382, 0.0, 0.0], [0.2598439157009125, 0.45335373282432556, 0.7233145236968994, 0.0, 0.0], [0.629826545715332, 0.4753769040107727, 0.6941753625869751, 0.0, 0.0], [0.8111693859100342, 0.484134316444397, 0.6907598972320557, 0.0, 0.0], [1.0, 0.5079283714294434, 0.6453215479850769, 0.0, 0.0]]","[true, true, true, true, true]","[93, 231, 273, 124, 224]",0.24996785819530487,1.0,0.0,0.0,1.0,1.0,0.0,True,False,True
90,9,idle,True,103.956804,30.572411,74.5332214252265,-0.4571355197682152,0.4571355197682152,1.5237850658940708,Serve,103.956804,30.572411,-0.04617530502709306,0.0,0.0,-0.04617530502709306,0.0,0.0,0.0,0.0,8.18848628292423,Serve,Serve,False,False,0.4571355197682212,0.0,0.0,False,True,False,False,False,False,,-1,0.0,0.0,27.36433947599719,318.10243909877636,372.3734228598189,253.41235769879637,0.0,6,0,0,0,0,0,"[0.248444065451622, 1.0, 1.0]","[[0.8111693859100342, 0.05151946097612381, 0.5916529297828674, 0.0, 0.0], [0.629826545715332, 0.0966554582118988, 0.6346491575241089, 0.0, 0.0], [0.2598439157009125, 0.12344182282686234, 0.6741530895233154, 0.0, 0.0], [0.5029310584068298, 0.1831173300743103, 0.6315845847129822, 0.0, 0.0], [1.0, 0.5899672508239746, 0.4786075949668884, 0.0, 0.0]]","[false, false, false, false, false]","[0.248444065451622, 1.0, 0.0, 0.0, 1.0, 1.0, 0.0]","[true, false, true]","[0.248444065451622, 1.0, 1.0]","[[0.8111693859100342, 0.05151946097612381, 0.5916529297828674, 0.0, 0.0], [0.629826545715332, 0.0966554582118988, 0.6346491575241089, 0.0, 0.0], [0.2598439157009125, 0.12344182282686234, 0.6741530895233154, 0.0, 0.0], [0.5029310584068298, 0.1831173300743103, 0.6315845847129822, 0.0, 0.0], [1.0, 0.5899672508239746, 0.4786075949668884, 0.0, 0.0]]","[true, true, true, true, true]","[124, 273, 231, 74, 224]",0.248444065451622,1.0,0.0,0.0,1.0,1.0,0.0,True,False,True
91,9,idle,True,103.958307,30.574675,74.44623151147098,-0.08698991375551657,0.08698991375551657,0.2899663791850548,Serve,103.958307,30.574675,-0.008786859975304692,0.0,0.0,-0.008786859975304692,0.0,0.0,0.0,0.0,8.179699422948927,Serve,Serve,False,False,0.08698991375551644,0.0,0.0,False,True,False,False,False,False,,-1,0.0,0.0,27.451329389752708,318.10243909877636,372.4430147908233,253.41235769879637,0.0,4,0,0,0,0,0,"[0.24815410375595093, 1.0, 0.800000011920929]","[[0.2598439157009125, 0.06282538175582886, 0.5702187418937683, 0.0, 0.0], [0.629826545715332, 0.06671352684497833, 0.4916048049926758, 0.0, 0.0], [0.8111693859100342, 0.1429114043712616, 0.43554818630218506, 0.0, 0.0], [0.1700962632894516, 0.7495768070220947, 0.5403209924697876, 0.0, 0.0], [0.0, 0.0, 0.0, 0.0, 0.0]]","[false, false, false, false, true]","[0.24815410375595093, 1.0, 0.0, 0.0, 1.0, 0.800000011920929, 0.0]","[true, false, true]","[0.24815410375595093, 1.0, 0.800000011920929]","[[0.2598439157009125, 0.06282538175582886, 0.5702187418937683, 0.0, 0.0], [0.629826545715332, 0.06671352684497833, 0.4916048049926758, 0.0, 0.0], [0.8111693859100342, 0.1429114043712616, 0.43554818630218506, 0.0, 0.0], [0.1700962632894516, 0.7495768070220947, 0.5403209924697876, 0.0, 0.0], [0.0, 0.0, 0.0, 0.0, 0.0]]","[true, true, true, true, false]","[231, 273, 124, 93, -1]",0.24815410375595093,1.0,0.0,0.0,1.0,0.800000011920929,0.0,True,False,True
92,9,idle,True,103.957814,30.573034,74.38968866946777,-0.05654284200321058,0.05654284200321058,0.18847614001068644,Serve,103.957814,30.573034,-0.0057113981821420145,0.0,0.0,-0.0057113981821420145,0.0,0.0,0.0,0.0,8.173988024766786,Serve,Serve,False,False,0.05654284200320593,0.0,0.0,False,True,False,False,False,False,,-1,0.0,0.0,27.507872231755915,318.10243909877636,372.4882490644259,253.41235769879637,0.0,5,0,0,0,0,0,"[0.24796563386917114, 1.0, 1.0]","[[0.2598439157009125, 0.009222786873579025, 0.6055321097373962, 0.0, 0.0], [0.629826545715332, 0.0379885733127594, 0.5539377331733704, 0.0, 0.0], [0.8111693859100342, 0.08464264124631882, 0.512648344039917, 0.0, 0.0], [0.1700962632894516, 0.7687410116195679, 0.5885456800460815, 0.0, 0.0], [0.8189864754676819, 0.7882788181304932, 0.45699945092201233, 0.0, 0.0]]","[false, false, false, false, false]","[0.24796563386917114, 1.0, 0.0, 0.0, 1.0, 1.0, 0.0]","[true, false, true]","[0.24796563386917114, 1.0, 1.0]","[[0.2598439157009125, 0.009222786873579025, 0.6055321097373962, 0.0, 0.0], [0.629826545715332, 0.0379885733127594, 0.5539377331733704, 0.0, 0.0], [0.8111693859100342, 0.08464264124631882, 0.512648344039917, 0.0, 0.0], [0.1700962632894516, 0.7687410116195679, 0.5885456800460815, 0.0, 0.0], [0.8189864754676819, 0.7882788181304932, 0.45699945092201233, 0.0, 0.0]]","[true, true, true, true, true]","[231, 273, 124, 93, 149]",0.24796563386917114,1.0,0.0,0.0,1.0,1.0,0.0,True,False,True
93,9,idle,True,103.957227,30.570807,74.31351029107576,-0.07617837839201513,0.07617837839201513,0.25392792797339286,Serve,103.957227,30.570807,-0.007694785696163421,0.0,0.0,-0.007694785696163421,0.0,0.0,0.0,0.0,8.166293239070622,Serve,Serve,False,False,0.07617837839201785,0.0,0.0,False,True,False,False,False,False,,-1,0.0,0.0,27.584050610147933,318.10243909877636,372.54919176713946,253.41235769879637,0.0,5,0,0,0,0,0,"[0.24771170318126678, 1.0, 1.0]","[[0.629826545715332, 0.047509659081697464, 0.5138035416603088, 0.0, 0.0], [0.2598439157009125, 0.06290068477392197, 0.5851221680641174, 0.0, 0.0], [0.8111693859100342, 0.2686196267604828, 0.49750107526779175, 0.0, 0.0], [0.8189864754676819, 0.5757124423980713, 0.4588190019130707, 0.0, 0.0], [0.1700962632894516, 0.7993199229240417, 0.5110049247741699, 0.0, 0.0]]","[false, false, false, false, false]","[0.24771170318126678, 1.0, 0.0, 0.0, 1.0, 1.0, 0.0]","[true, false, true]","[0.24771170318126678, 1.0, 1.0]","[[0.629826545715332, 0.047509659081697464, 0.5138035416603088, 0.0, 0.0], [0.2598439157009125, 0.06290068477392197, 0.5851221680641174, 0.0, 0.0], [0.8111693859100342, 0.2686196267604828, 0.49750107526779175, 0.0, 0.0], [0.8189864754676819, 0.5757124423980713, 0.4588190019130707, 0.0, 0.0], [0.1700962632894516, 0.7993199229240417, 0.5110049247741699, 0.0, 0.0]]","[true, true, true, true, true]","[273, 231, 124, 149, 93]",0.24771170318126678,1.0,0.0,0.0,1.0,1.0,0.0,True,False,True
94,9,idle,True,103.981806,30.574958,73.59412237844951,-0.7193879126262459,0.7193879126262459,2.3979597087541755,Serve,103.981806,30.574958,-0.07266544571982352,0.0,0.0,-0.07266544571982352,0.0,0.0,0.0,0.0,8.093627793350798,Serve,Serve,False,False,0.7193879126262527,0.0,0.0,False,True,False,False,False,False,,-1,0.0,0.0,28.303438522774186,318.10243909877636,373.12470209724046,253.41235769879637,0.0,5,0,0,0,0,0,"[0.24531373381614685, 1.0, 1.0]","[[0.1700962632894516, 0.0015955812996253371, 0.4598866403102875, 0.0, 0.0], [0.8111693859100342, 0.46950528025627136, 0.06607647985219955, 0.0, 0.0], [0.8189864754676819, 0.7608651518821716, 0.3983244299888611, 0.0, 0.0], [0.2598439157009125, 0.7821270227432251, 0.5444245338439941, 0.0, 0.0], [0.629826545715332, 0.7855654358863831, 0.4635351598262787, 0.0, 0.0]]","[false, false, false, false, false]","[0.24531373381614685, 1.0, 0.0, 0.0, 1.0, 1.0, 0.0]","[true, false, true]","[0.24531373381614685, 1.0, 1.0]","[[0.1700962632894516, 0.0015955812996253371, 0.4598866403102875, 0.0, 0.0], [0.8111693859100342, 0.46950528025627136, 0.06607647985219955, 0.0, 0.0], [0.8189864754676819, 0.7608651518821716, 0.3983244299888611, 0.0, 0.0], [0.2598439157009125, 0.7821270227432251, 0.5444245338439941, 0.0, 0.0], [0.629826545715332, 0.7855654358863831, 0.4635351598262787, 0.0, 0.0]]","[true, true, true, true, true]","[93, 124, 149, 231, 273]",0.24531373381614685,1.0,0.0,0.0,1.0,1.0,0.0,True,False,True
95,9,idle,True,103.957441,30.571936,72.88711351061848,-0.7070088678310356,0.7070088678310356,2.3566962261034616,Serve,103.957441,30.571936,-0.07141503715465036,0.0,0.0,-0.07141503715465036,0.0,0.0,0.0,0.0,8.022212756196147,Serve,Serve,False,False,0.7070088678310384,0.0,0.0,False,True,False,False,False,False,,-1,0.0,0.0,29.010447390605226,318.10243909877636,373.69030919150526,253.41235769879637,0.0,4,0,0,0,0,0,"[0.24295704066753387, 1.0, 0.800000011920929]","[[0.2598439157009125, 0.01323034055531025, 0.5646106600761414, 0.0, 0.0], [0.629826545715332, 0.014096399769186974, 0.48328015208244324, 0.0, 0.0], [0.8189864754676819, 0.0868171751499176, 0.4243692457675934, 0.0, 0.0], [0.1700962632894516, 0.7856451272964478, 0.3409963548183441, 0.0, 0.0], [0.0, 0.0, 0.0, 0.0, 0.0]]","[false, false, false, false, true]","[0.24295704066753387, 1.0, 0.0, 0.0, 1.0, 0.800000011920929, 0.0]","[true, false, true]","[0.24295704066753387, 1.0, 0.800000011920929]","[[0.2598439157009125, 0.01323034055531025, 0.5646106600761414, 0.0, 0.0], [0.629826545715332, 0.014096399769186974, 0.48328015208244324, 0.0, 0.0], [0.8189864754676819, 0.0868171751499176, 0.4243692457675934, 0.0, 0.0], [0.1700962632894516, 0.7856451272964478, 0.3409963548183441, 0.0, 0.0], [0.0, 0.0, 0.0, 0.0, 0.0]]","[true, true, true, true, false]","[231, 273, 149, 93, -1]",0.24295704066753387,1.0,0.0,0.0,1.0,0.800000011920929,0.0,True,False,True
96,9,idle,True,103.958496,30.574095,72.80897805163707,-0.07813545898140717,0.07813545898140717,0.2604515299380276,Serve,103.958496,30.574095,-0.007892470604182656,0.0,0.0,-0.007892470604182656,0.0,0.0,0.0,0.0,8.014320285591964,Serve,Serve,False,False,0.07813545898140828,0.0,0.0,False,True,False,False,False,False,,-1,0.0,0.0,29.088582849586633,318.10243909877636,373.75281755869037,253.41235769879637,0.0,4,0,0,0,0,0,"[0.2426965981721878, 1.0, 0.800000011920929]","[[0.8189864754676819, 0.036127038300037384, 0.4397474229335785, 0.0, 0.0], [0.2598439157009125, 0.09832952171564102, 0.5735147595405579, 0.0, 0.0], [0.629826545715332, 0.11066493391990662, 0.4920617640018463, 0.0, 0.0], [0.1700962632894516, 0.7440723776817322, 0.3388233184814453, 0.0, 0.0], [0.0, 0.0, 0.0, 0.0, 0.0]]","[false, false, false, false, true]","[0.2426965981721878, 1.0, 0.0, 0.0, 1.0, 0.800000011920929, 0.0]","[true, false, true]","[0.2426965981721878, 1.0, 0.800000011920929]","[[0.8189864754676819, 0.036127038300037384, 0.4397474229335785, 0.0, 0.0], [0.2598439157009125, 0.09832952171564102, 0.5735147595405579, 0.0, 0.0], [0.629826545715332, 0.11066493391990662, 0.4920617640018463, 0.0, 0.0], [0.1700962632894516, 0.7440723776817322, 0.3388233184814453, 0.0, 0.0], [0.0, 0.0, 0.0, 0.0, 0.0]]","[true, true, true, true, false]","[149, 231, 273, 93, -1]",0.2426965981721878,1.0,0.0,0.0,1.0,0.800000011920929,0.0,True,False,True
97,9,idle,True,103.957179,30.571333,72.70937961099986,-0.0995984406372088,0.0995984406372088,0.33199480212405125,Serve,103.957179,30.571333,-0.010060448549213676,0.0,0.0,-0.010060448549213676,0.0,0.0,0.0,0.0,8.004259837042751,Serve,Serve,False,False,0.09959844063721537,0.0,0.0,False,True,False,False,False,False,,-1,0.0,0.0,29.18818129022385,318.10243909877636,373.83249631120015,253.41235769879637,0.0,4,0,0,0,0,0,"[0.24236460030078888, 1.0, 0.800000011920929]","[[0.2598439157009125, 0.01716843619942665, 0.5759068727493286, 0.0, 0.0], [0.629826545715332, 0.01959717459976673, 0.49804794788360596, 0.0, 0.0], [0.8189864754676819, 0.04132101684808731, 0.4463270604610443, 0.0, 0.0], [0.1700962632894516, 0.7965371608734131, 0.4935564398765564, 0.0, 0.0], [0.0, 0.0, 0.0, 0.0, 0.0]]","[false, false, false, false, true]","[0.24236460030078888, 1.0, 0.0, 0.0, 1.0, 0.800000011920929, 0.0]","[true, false, true]","[0.24236460030078888, 1.0, 0.800000011920929]","[[0.2598439157009125, 0.01716843619942665, 0.5759068727493286, 0.0, 0.0], [0.629826545715332, 0.01959717459976673, 0.49804794788360596, 0.0, 0.0], [0.8189864754676819, 0.04132101684808731, 0.4463270604610443, 0.0, 0.0], [0.1700962632894516, 0.7965371608734131, 0.4935564398765564, 0.0, 0.0], [0.0, 0.0, 0.0, 0.0, 0.0]]","[true, true, true, true, false]","[231, 273, 149, 93, -1]",0.24236460030078888,1.0,0.0,0.0,1.0,0.800000011920929,0.0,True,False,True
98,9,idle,True,103.956976,30.570834,72.69174215325448,-0.017637457745379947,0.017637457745379947,0.058791525817955964,Serve,103.956976,30.570834,-0.0017815613884229083,0.0,0.0,-0.0017815613884229083,0.0,0.0,0.0,0.0,8.002478275654328,Serve,Serve,False,False,0.01763745774538679,0.0,0.0,False,True,False,False,False,False,,-1,0.0,0.0,29.205818747969236,318.10243909877636,373.84660627739646,253.41235769879637,0.0,5,0,0,0,0,0,"[0.24230580031871796, 1.0, 1.0]","[[0.2598439157009125, 0.011916207149624825, 0.6464071869850159, 0.0, 0.0], [0.629826545715332, 0.012769153341650963, 0.5950795412063599, 0.0, 0.0], [0.8189864754676819, 0.03961688280105591, 0.5591760873794556, 0.0, 0.0], [0.8461048007011414, 0.30521103739738464, 0.491409569978714, 0.0, 0.0], [0.1700962632894516, 0.8056150674819946, 0.45634523034095764, 0.0, 0.0]]","[false, false, false, false, false]","[0.24230580031871796, 1.0, 0.0, 0.0, 1.0, 1.0, 0.0]","[true, false, true]","[0.24230580031871796, 1.0, 1.0]","[[0.2598439157009125, 0.011916207149624825, 0.6464071869850159, 0.0, 0.0], [0.629826545715332, 0.012769153341650963, 0.5950795412063599, 0.0, 0.0], [0.8189864754676819, 0.03961688280105591, 0.5591760873794556, 0.0, 0.0], [0.8461048007011414, 0.30521103739738464, 0.491409569978714, 0.0, 0.0], [0.1700962632894516, 0.8056150674819946, 0.45634523034095764, 0.0, 0.0]]","[true, true, true, true, true]","[231, 273, 149, 140, 93]",0.24230580031871796,1.0,0.0,0.0,1.0,1.0,0.0,True,False,True
99,9,idle,True,103.981756,30.574985,71.9666886009139,-0.725053552340583,0.725053552340583,2.416845174468602,Serve,103.981756,30.574985,-0.07323773255965463,0.0,0.0,-0.07323773255965463,0.0,0.0,0.0,0.0,7.929240543094673,Serve,Serve,False,False,0.7250535523405807,0.0,0.0,False,True,False,False,False,False,,-1,0.0,0.0,29.930872300309815,318.10243909877636,374.4266491192689,253.41235769879637,0.0,5,0,0,0,0,0,"[0.2398889660835266, 1.0, 1.0]","[[0.1700962632894516, 0.13985949754714966, 0.45892003178596497, 0.0, 0.0], [0.2598439157009125, 0.21563315391540527, 0.4220992624759674, 0.0, 0.0], [0.8461048007011414, 0.6595317125320435, 0.5323184132575989, 0.0, 0.0], [0.8189864754676819, 0.7958874106407166, 0.5590429306030273, 0.0, 0.0], [0.629826545715332, 0.8026739358901978, 0.5862451195716858, 0.0, 0.0]]","[false, false, false, false, false]","[0.2398889660835266, 1.0, 0.0, 0.0, 1.0, 1.0, 0.0]","[true, false, true]","[0.2398889660835266, 1.0, 1.0]","[[0.1700962632894516, 0.13985949754714966, 0.45892003178596497, 0.0, 0.0], [0.2598439157009125, 0.21563315391540527, 0.4220992624759674, 0.0, 0.0], [0.8461048007011414, 0.6595317125320435, 0.5323184132575989, 0.0, 0.0], [0.8189864754676819, 0.7958874106407166, 0.5590429306030273, 0.0, 0.0], [0.629826545715332, 0.8026739358901978, 0.5862451195716858, 0.0, 0.0]]","[true, true, true, true, true]","[93, 231, 140, 149, 273]",0.2398889660835266,1.0,0.0,0.0,1.0,1.0,0.0,True,False,True
100,9,idle,True,103.98828857613665,30.573497614556423,71.7726187638301,-0.1940698370838021,0.1940698370838021,0.6468994569459945,Serve,103.98828857613665,30.573497614556423,-0.019603013846848323,0.0,0.0,-0.019603013846848323,0.0,0.0,0.0,0.0,7.909637529247825,Serve,Serve,False,False,0.19406983708379835,0.0,0.0,False,True,False,False,False,False,,-1,0.0,0.0,30.124942137393614,318.10243909877636,374.58190498893595,253.41235769879637,0.0,5,0,0,0,0,0,"[0.2392420619726181, 1.0, 1.0]","[[0.629826545715332, 0.0002247476513730362, 0.41563019156455994, 0.0, 0.0], [0.2598439157009125, 0.14053435623645782, 0.4205339252948761, 0.0, 0.0], [0.8461048007011414, 0.7149582505226135, 0.456565797328949, 0.0, 0.0], [0.1700962632894516, 0.7762159705162048, 0.5521836876869202, 0.0, 0.0], [0.8189864754676819, 0.9772064089775085, 0.4197937548160553, 0.0, 0.0]]","[false, false, false, false, false]","[0.2392420619726181, 1.0, 0.0, 0.0, 1.0, 1.0, 0.0]","[true, false, true]","[0.2392420619726181, 1.0, 1.0]","[[0.629826545715332, 0.0002247476513730362, 0.41563019156455994, 0.0, 0.0], [0.2598439157009125, 0.14053435623645782, 0.4205339252948761, 0.0, 0.0], [0.8461048007011414, 0.7149582505226135, 0.456565797328949, 0.0, 0.0], [0.1700962632894516, 0.7762159705162048, 0.5521836876869202, 0.0, 0.0], [0.8189864754676819, 0.9772064089775085, 0.4197937548160553, 0.0, 0.0]]","[true, true, true, true, true]","[273, 231, 140, 93, 149]",0.2392420619726181,1.0,0.0,0.0,1.0,1.0,0.0,True,False,True
101,9,task,False,103.992666,30.573912,71.64613784838393,-0.1264809154461659,0.1264809154461659,0.421603051487197,Serve,103.992666,30.573912,-0.012775850045066579,0.0,0.0,-0.012775850045066579,0.0,0.0,0.0,0.0,7.896861679202758,Serve,Serve,False,False,0.1264809154461591,0.0,0.0,False,False,True,False,False,False,IEV,125,36.0994279386715,18.04971396933575,30.67375706330597,354.20186703744787,403.90049928060307,281.95403284136063,0.0,0,0,0,0,0,0,[],[],[],[],[],[],[],[],[],,,,,,,,,,
102,9,task,False,104.0065615,30.578055,65.48980394363689,-6.156333904747044,6.156333904747044,1.407780034887323,,,,0.10068999629982955,0.14334999735702117,0.0,-0.042660001057191616,0.0,0.0,0.0,0.0,7.997551675502588,TaskProgress,TaskProgress,False,False,0.4223340104661969,5.7339998942808466,0.0,False,False,True,False,False,True,IEV,125,30.365428044390658,15.182714022195329,30.67375706330597,354.20186703744787,403.90049928060307,281.95403284136063,0.0,0,0,0,0,0,0,[],[],[],[],[],[],[],[],[],,,,,,,,,,
103,9,task,False,104.0065615,30.578055,55.489803943636886,-10.0,10.0,0.0,,,,0.25,0.25,0.0,-0.0,0.0,0.0,0.0,0.0,8.247551675502589,TaskProgress,TaskProgress,False,False,0.0,10.0,0.0,False,False,True,False,False,True,IEV,125,20.365428044390658,10.182714022195329,30.67375706330597,354.20186703744787,403.90049928060307,281.95403284136063,0.0,0,0,0,0,0,0,[],[],[],[],[],[],[],[],[],,,,,,,,,,
104,9,task,False,104.0065615,30.578055,45.489803943636886,-10.0,10.0,0.0,,,,0.25,0.25,0.0,-0.0,0.0,0.0,0.0,0.0,8.497551675502589,TaskProgress,TaskProgress,False,False,0.0,10.0,0.0,False,False,True,False,False,True,IEV,125,10.365428044390658,5.182714022195329,30.67375706330597,354.20186703744787,403.90049928060307,281.95403284136063,0.0,0,0,0,0,0,0,[],[],[],[],[],[],[],[],[],,,,,,,,,,
105,9,task,False,104.0065615,30.578055,35.489803943636886,-10.0,10.0,0.0,,,,0.22744901971818443,0.25,0.0,-0.0,0.0,0.0,0.0,-0.02255098028181557,8.725000695220773,TaskProgress,TaskProgress,False,False,0.0,10.0,0.0,False,False,True,False,False,True,IEV,125,0.3654280443906579,0.18271402219532895,30.67375706330597,354.20186703744787,403.90049928060307,281.95403284136063,0.0,0,0,0,0,0,0,[],[],[],[],[],[],[],[],[],,,,,,,,,,
106,9,idle,True,104.0065615,30.578055,35.12437589924623,-0.36542804439065435,0.36542804439065435,0.0,,,,0.007308560887813087,0.009135701109766359,0.0,-0.0,0.0,0.0,0.0,-0.0018271402219532718,8.732309256108586,TaskProgress,TaskProgress,False,False,0.0,0.36542804439065435,0.0,False,True,False,False,False,False,,-1,0.0,0.0,30.67375706330597,354.20186703744787,403.90049928060307,281.95403284136063,0.0,3,0,0,0,0,0,"[0.11708125472068787, 1.0, 0.6000000238418579]","[[0.8189864754676819, 0.32066744565963745, 0.21068871021270752, 0.0, 0.0], [0.3842298984527588, 0.3964391052722931, 0.3155779242515564, 0.0, 0.0], [0.4256661534309387, 0.9544663429260254, 0.2517768442630768, 0.0, 0.0], [0.0, 0.0, 0.0, 0.0, 0.0], [0.0, 0.0, 0.0, 0.0, 0.0]]","[false, false, false, true, true]","[0.11708125472068787, 1.0, 0.0, 0.0, 1.0, 0.6000000238418579, 0.0]","[true, false, true]","[0.11708125472068787, 1.0, 0.6000000238418579]","[[0.8189864754676819, 0.32066744565963745, 0.21068871021270752, 0.0, 0.0], [0.3842298984527588, 0.3964391052722931, 0.3155779242515564, 0.0, 0.0], [0.4256661534309387, 0.9544663429260254, 0.2517768442630768, 0.0, 0.0], [0.0, 0.0, 0.0, 0.0, 0.0], [0.0, 0.0, 0.0, 0.0, 0.0]]","[true, true, true, false, false]","[149, 40, 150, -1, -1]",0.11708125472068787,1.0,0.0,0.0,1.0,0.6000000238418579,0.0,True,False,True
107,9,task,False,104.01798189552515,30.58226583478475,34.767580691274496,-0.3567952079717358,0.3567952079717358,1.1893173599057747,Serve,104.01798189552515,30.58226583478475,-0.037823896037003375,0.0,0.0,-0.0360399199971447,0.0,0.0,0.0,-0.0017839760398586813,8.694485360071582,Serve,Serve,False,False,0.3567952079717324,0.0,0.0,False,False,True,False,False,False,IEV,149,33.047025666841385,16.523512833420693,31.180837779851643,387.24889270428923,430.7437843873127,308.2714249679746,0.0,0,0,0,0,0,0,[],[],[],[],[],[],[],[],[],,,,,,,,,,
108,9,task,False,104.02047404495093,30.58622734808427,26.135330622841366,-8.63225006843313,8.63225006843313,0.5009516952464654,,,,0.15370750925290605,0.21204911399647974,0.0,-0.015180354401408046,0.0,0.0,0.0,-0.04316125034216565,8.848192869324487,TaskProgress,TaskProgress,False,False,0.15028550857393963,8.48196455985919,0.0,False,False,True,False,False,True,IEV,149,24.565061106982192,12.282530553491096,31.180837779851643,387.24889270428923,430.7437843873127,308.2714249679746,0.0,0,2,0,0,0,0,[],[],[],[],[],[],[],[],[],,,,,,,,,,
109,9,task,False,104.02047404495093,30.58622734808427,16.135330622841366,-10.0,10.0,0.0,,,,0.19999999999999998,0.25,0.0,-0.0,0.0,0.0,0.0,-0.05000000000000002,9.048192869324486,TaskProgress,TaskProgress,False,False,0.0,10.0,0.0,False,False,True,False,False,True,IEV,149,14.565061106982192,7.282530553491096,31.180837779851643,387.24889270428923,430.7437843873127,308.2714249679746,0.0,0,1,0,0,0,0,[],[],[],[],[],[],[],[],[],,,,,,,,,,
110,9,task,False,104.02047404495093,30.58622734808427,6.135330622841366,-10.0,10.0,0.0,,,,0.2,0.25,0.0,-0.0,0.0,0.0,0.0,-0.05,9.248192869324486,TaskProgress,TaskProgress,False,False,0.0,10.0,0.0,False,False,True,False,False,True,IEV,149,4.565061106982192,2.282530553491096,31.180837779851643,387.24889270428923,430.7437843873127,308.2714249679746,0.0,0,0,0,0,0,0,[],[],[],[],[],[],[],[],[],,,,,,,,,,
111,9,idle,True,104.02047404495093,30.58622734808427,1.5702695158591737,-4.565061106982192,4.565061106982192,0.0,,,,0.09130122213964385,0.1141265276745548,0.0,-0.0,0.0,0.0,0.0,-0.022825305534910956,9.339494091464129,TaskProgress,TaskProgress,False,False,0.0,4.565061106982192,0.0,False,True,False,False,False,False,,-1,0.0,0.0,31.180837779851643,387.24889270428923,430.7437843873127,308.2714249679746,0.0,0,0,0,0,0,0,"[0.00523423170670867, 0.0, 0.0]","[[0.0, 0.0, 0.0, 0.0, 0.0], [0.0, 0.0, 0.0, 0.0, 0.0], [0.0, 0.0, 0.0, 0.0, 0.0], [0.0, 0.0, 0.0, 0.0, 0.0], [0.0, 0.0, 0.0, 0.0, 0.0]]","[true, true, true, true, true]","[0.00523423170670867, 1.0, 0.0, 0.0, 0.0, 0.0, 0.0]","[false, false, true]","[0.00523423170670867, 0.0, 0.0]","[[0.0, 0.0, 0.0, 0.0, 0.0], [0.0, 0.0, 0.0, 0.0, 0.0], [0.0, 0.0, 0.0, 0.0, 0.0], [0.0, 0.0, 0.0, 0.0, 0.0], [0.0, 0.0, 0.0, 0.0, 0.0]]","[false, false, false, false, false]","[-1, -1, -1, -1, -1]",0.00523423170670867,1.0,0.0,0.0,0.0,0.0,0.0,False,False,True
112,9,idle,True,104.02047404495093,30.58622734808427,1.5702695158591737,0.0,0.0,0.0,Wait,104.02047404495093,30.58622734808427,-0.02,0.0,0.0,-0.0,-0.02,0.0,0.0,0.0,9.31949409146413,Wait,Wait,False,True,0.0,0.0,0.0,False,True,False,False,False,False,,-1,0.0,0.0,31.180837779851643,387.24889270428923,430.7437843873127,308.2714249679746,0.0,2,0,0,0,0,0,"[0.00523423170670867, 1.0, 0.4000000059604645]","[[0.3842298984527588, 0.5640625953674316, 0.3529922068119049, 0.0, 0.0], [0.5673414468765259, 0.8564496636390686, 0.13008703291416168, 0.0, 0.3894933760166168], [0.0, 0.0, 0.0, 0.0, 0.0], [0.0, 0.0, 0.0, 0.0, 0.0], [0.0, 0.0, 0.0, 0.0, 0.0]]","[false, false, true, true, true]","[0.00523423170670867, 1.0, 0.0, 0.0, 1.0, 0.4000000059604645, 0.0]","[true, false, true]","[0.00523423170670867, 1.0, 0.4000000059604645]","[[0.3842298984527588, 0.5640625953674316, 0.3529922068119049, 0.0, 0.0], [0.5673414468765259, 0.8564496636390686, 0.13008703291416168, 0.0, 0.3894933760166168], [0.0, 0.0, 0.0, 0.0, 0.0], [0.0, 0.0, 0.0, 0.0, 0.0], [0.0, 0.0, 0.0, 0.0, 0.0]]","[true, true, false, false, false]","[40, 277, -1, -1, -1]",0.00523423170670867,1.0,0.0,0.0,1.0,0.4000000059604645,0.0,True,False,True
113,9,idle,True,104.003281,30.582689,1.0626131621784403,-0.5076563536807335,0.5076563536807335,1.6921878456024448,Serve,104.003281,30.582689,-0.053816701332114136,0.0,0.0,-0.051278419563710466,0.0,0.0,0.0,-0.002538281768403672,9.265677390132016,Serve,Serve,False,False,0.5076563536807335,0.0,0.0,False,True,False,False,False,False,,-1,0.0,0.0,31.688494133532377,387.24889270428923,431.1499094702573,308.2714249679746,0.0,3,1,0,0,0,0,"[0.0035420439671725035, 1.0, 0.6000000238418579]","[[0.4256661534309387, 0.5027941465377808, 0.3242798149585724, 0.0, 0.0], [0.3842298984527588, 0.64646315574646, 0.34754863381385803, 0.0, 0.43747788667678833], [0.5673414468765259, 0.8491250872612, 0.2669770419597626, 0.0, 0.43661949038505554], [0.0, 0.0, 0.0, 0.0, 0.0], [0.0, 0.0, 0.0, 0.0, 0.0]]","[false, false, false, true, true]","[0.0035420439671725035, 1.0, 0.0, 0.0, 1.0, 0.6000000238418579, 0.03152163326740265]","[true, false, true]","[0.0035420439671725035, 1.0, 0.6000000238418579]","[[0.4256661534309387, 0.5027941465377808, 0.3242798149585724, 0.0, 0.0], [0.3842298984527588, 0.64646315574646, 0.34754863381385803, 0.0, 0.43747788667678833], [0.5673414468765259, 0.8491250872612, 0.2669770419597626, 0.0, 0.43661949038505554], [0.0, 0.0, 0.0, 0.0, 0.0], [0.0, 0.0, 0.0, 0.0, 0.0]]","[true, true, true, false, false]","[150, 40, 277, -1, -1]",0.0035420439671725035,1.0,0.0,0.0,1.0,0.6000000238418579,0.03152163326740265,True,False,True
114,9,idle,True,103.98985025758678,30.57559573444748,0.6100984316295909,-0.4525147305488494,0.4525147305488494,1.5083824351628314,Serve,103.98985025758678,30.57559573444748,-0.04797113229404218,0.0,0.0,-0.04570855864129793,0.0,0.0,0.0,-0.0022625736527442488,9.217706257837973,Serve,Serve,False,False,0.4525147305488494,0.0,0.0,False,True,False,False,False,False,,-1,0.0,0.0,32.14100886408123,387.24889270428923,431.51192125469635,308.2714249679746,0.0,2,1,0,0,0,0,"[0.002033661352470517, 1.0, 0.4000000059604645]","[[0.4256661534309387, 0.3180875778198242, 0.10705754160881042, 0.0, 0.0], [0.1700962632894516, 0.9983687996864319, 0.1441119760274887, 0.0, 0.0], [0.0, 0.0, 0.0, 0.0, 0.0], [0.0, 0.0, 0.0, 0.0, 0.0], [0.0, 0.0, 0.0, 0.0, 0.0]]","[false, false, true, true, true]","[0.002033661352470517, 1.0, 0.0, 0.0, 1.0, 0.4000000059604645, 0.03152163326740265]","[true, false, true]","[0.002033661352470517, 1.0, 0.4000000059604645]","[[0.4256661534309387, 0.3180875778198242, 0.10705754160881042, 0.0, 0.0], [0.1700962632894516, 0.9983687996864319, 0.1441119760274887, 0.0, 0.0], [0.0, 0.0, 0.0, 0.0, 0.0], [0.0, 0.0, 0.0, 0.0, 0.0], [0.0, 0.0, 0.0, 0.0, 0.0]]","[true, true, false, false, false]","[150, 93, -1, -1, -1]",0.002033661352470517,1.0,0.0,0.0,1.0,0.4000000059604645,0.03152163326740265,True,False,True
115,9,idle,True,103.999804,30.57514,0.32381960350021943,-0.28627882812937144,0.28627882812937144,0.9542627604312383,Serve,103.999804,30.57514,-0.030348447487048017,0.0,0.0,-0.02891705334640116,0.0,0.0,0.0,-0.0014313941406468578,9.187357810350925,Serve,Serve,False,False,0.28627882812937144,0.0,0.0,False,True,False,False,False,False,,-1,0.0,0.0,32.4272876922106,387.24889270428923,431.7409443171998,308.2714249679746,0.0,1,0,0,0,0,0,"[0.0010793986730277538, 1.0, 0.20000000298023224]","[[0.4256661534309387, 0.9997410178184509, 0.1946365088224411, 0.0, 0.0], [0.0, 0.0, 0.0, 0.0, 0.0], [0.0, 0.0, 0.0, 0.0, 0.0], [0.0, 0.0, 0.0, 0.0, 0.0], [0.0, 0.0, 0.0, 0.0, 0.0]]","[false, true, true, true, true]","[0.0010793986730277538, 1.0, 0.0, 0.0, 1.0, 0.20000000298023224, 0.0]","[true, false, true]","[0.0010793986730277538, 1.0, 0.20000000298023224]","[[0.4256661534309387, 0.9997410178184509, 0.1946365088224411, 0.0, 0.0], [0.0, 0.0, 0.0, 0.0, 0.0], [0.0, 0.0, 0.0, 0.0, 0.0], [0.0, 0.0, 0.0, 0.0, 0.0], [0.0, 0.0, 0.0, 0.0, 0.0]]","[true, false, false, false, false]","[150, -1, -1, -1, -1]",0.0010793986730277538,1.0,0.0,0.0,1.0,0.20000000298023224,0.0,True,False,True
116,9,broken,False,104.00946952406332,30.580139095210615,0.0,-0.32381960350021943,0.32381960350021943,1.0794350504869825,Serve,104.02666067832973,30.589030513450858,-2.034329251062561,0.0,0.0,-0.03271015304506008,0.0,0.0,-2.0,-0.001619098017501086,7.153028559288364,Serve,Serve,False,False,0.32383051514609473,0.0,0.0,True,False,False,False,True,False,,-1,0.0,0.0,32.75110729571082,387.24889270428923,432.0,308.2714249679746,0.0,0,0,0,0,0,0,[],[],[],[],[],[],[],[],[],,,,,,,,,,
117,9,broken,False,104.00946952406332,30.580139095210615,0.0,0.0,0.0,0.0,,,,0.0,0.0,0.0,-0.0,0.0,0.0,0.0,0.0,7.153028559288364,Inactive,Inactive,False,False,0.0,0.0,0.0,False,False,False,False,True,False,,-1,0.0,0.0,32.75110729571082,387.24889270428923,432.0,308.2714249679746,0.0,0,0,0,0,0,0,[],[],[],[],[],[],[],[],[],,,,,,,,,,
118,9,broken,False,104.00946952406332,30.580139095210615,0.0,0.0,0.0,0.0,,,,0.0,0.0,0.0,-0.0,0.0,0.0,0.0,0.0,7.153028559288364,Inactive,Inactive,False,False,0.0,0.0,0.0,False,False,False,False,True,False,,-1,0.0,0.0,32.75110729571082,387.24889270428923,432.0,308.2714249679746,0.0,0,0,0,0,0,0,[],[],[],[],[],[],[],[],[],,,,,,,,,,
119,9,broken,False,104.00946952406332,30.580139095210615,0.0,0.0,0.0,0.0,,,,0.0,0.0,0.0,-0.0,0.0,0.0,0.0,0.0,7.153028559288364,Inactive,Inactive,False,False,0.0,0.0,0.0,False,False,False,False,True,False,,-1,0.0,0.0,32.75110729571082,387.24889270428923,432.0,308.2714249679746,0.0,0,0,0,0,0,0,[],[],[],[],[],[],[],[],[],,,,,,,,,,
120,9,broken,False,104.00946952406332,30.580139095210615,0.0,0.0,0.0,0.0,,,,0.0,0.0,0.0,-0.0,0.0,0.0,0.0,0.0,7.153028559288364,Inactive,Inactive,False,False,0.0,0.0,0.0,False,False,False,False,True,False,,-1,0.0,0.0,32.75110729571082,387.24889270428923,432.0,308.2714249679746,0.0,0,0,0,0,0,0,[],[],[],[],[],[],[],[],[],,,,,,,,,,
121,9,broken,False,104.00946952406332,30.580139095210615,0.0,0.0,0.0,0.0,,,,0.0,0.0,0.0,-0.0,0.0,0.0,0.0,0.0,7.153028559288364,Inactive,Inactive,False,False,0.0,0.0,0.0,False,False,False,False,True,False,,-1,0.0,0.0,32.75110729571082,387.24889270428923,432.0,308.2714249679746,0.0,0,0,0,0,0,0,[],[],[],[],[],[],[],[],[],,,,,,,,,,
122,9,broken,False,104.00946952406332,30.580139095210615,0.0,0.0,0.0,0.0,,,,0.0,0.0,0.0,-0.0,0.0,0.0,0.0,0.0,7.153028559288364,Inactive,Inactive,False,False,0.0,0.0,0.0,False,False,False,False,True,False,,-1,0.0,0.0,32.75110729571082,387.24889270428923,432.0,308.2714249679746,0.0,0,0,0,0,0,0,[],[],[],[],[],[],[],[],[],,,,,,,,,,
123,9,broken,False,104.00946952406332,30.580139095210615,0.0,0.0,0.0,0.0,,,,0.0,0.0,0.0,-0.0,0.0,0.0,0.0,0.0,7.153028559288364,Inactive,Inactive,False,False,0.0,0.0,0.0,False,False,False,False,True,False,,-1,0.0,0.0,32.75110729571082,387.24889270428923,432.0,308.2714249679746,0.0,0,0,0,0,0,0,[],[],[],[],[],[],[],[],[],,,,,,,,,,
124,9,broken,False,104.00946952406332,30.580139095210615,0.0,0.0,0.0,0.0,,,,0.0,0.0,0.0,-0.0,0.0,0.0,0.0,0.0,7.153028559288364,Inactive,Inactive,False,False,0.0,0.0,0.0,False,False,False,False,True,False,,-1,0.0,0.0,32.75110729571082,387.24889270428923,432.0,308.2714249679746,0.0,0,0,0,0,0,0,[],[],[],[],[],[],[],[],[],,,,,,,,,,
125,9,broken,False,104.00946952406332,30.580139095210615,0.0,0.0,0.0,0.0,,,,0.0,0.0,0.0,-0.0,0.0,0.0,0.0,0.0,7.153028559288364,Inactive,Inactive,False,False,0.0,0.0,0.0,False,False,False,False,True,False,,-1,0.0,0.0,32.75110729571082,387.24889270428923,432.0,308.2714249679746,0.0,0,0,0,0,0,0,[],[],[],[],[],[],[],[],[],,,,,,,,,,
126,9,broken,False,104.00946952406332,30.580139095210615,0.0,0.0,0.0,0.0,,,,0.0,0.0,0.0,-0.0,0.0,0.0,0.0,0.0,7.153028559288364,Inactive,Inactive,False,False,0.0,0.0,0.0,False,False,False,False,True,False,,-1,0.0,0.0,32.75110729571082,387.24889270428923,432.0,308.2714249679746,0.0,0,0,0,0,0,0,[],[],[],[],[],[],[],[],[],,,,,,,,,,
127,9,broken,False,104.00946952406332,30.580139095210615,0.0,0.0,0.0,0.0,,,,0.0,0.0,0.0,-0.0,0.0,0.0,0.0,0.0,7.153028559288364,Inactive,Inactive,False,False,0.0,0.0,0.0,False,False,False,False,True,False,,-1,0.0,0.0,32.75110729571082,387.24889270428923,432.0,308.2714249679746,0.0,0,0,0,0,0,0,[],[],[],[],[],[],[],[],[],,,,,,,,,,
128,9,broken,False,104.00946952406332,30.580139095210615,0.0,0.0,0.0,0.0,,,,0.0,0.0,0.0,-0.0,0.0,0.0,0.0,0.0,7.153028559288364,Inactive,Inactive,False,False,0.0,0.0,0.0,False,False,False,False,True,False,,-1,0.0,0.0,32.75110729571082,387.24889270428923,432.0,308.2714249679746,0.0,0,0,0,0,0,0,[],[],[],[],[],[],[],[],[],,,,,,,,,,
129,9,broken,False,104.00946952406332,30.580139095210615,0.0,0.0,0.0,0.0,,,,0.0,0.0,0.0,-0.0,0.0,0.0,0.0,0.0,7.153028559288364,Inactive,Inactive,False,False,0.0,0.0,0.0,False,False,False,False,True,False,,-1,0.0,0.0,32.75110729571082,387.24889270428923,432.0,308.2714249679746,0.0,0,0,0,0,0,0,[],[],[],[],[],[],[],[],[],,,,,,,,,,
130,9,broken,False,104.00946952406332,30.580139095210615,0.0,0.0,0.0,0.0,,,,0.0,0.0,0.0,-0.0,0.0,0.0,0.0,0.0,7.153028559288364,Inactive,Inactive,False,False,0.0,0.0,0.0,False,False,False,False,True,False,,-1,0.0,0.0,32.75110729571082,387.24889270428923,432.0,308.2714249679746,0.0,0,0,0,0,0,0,[],[],[],[],[],[],[],[],[],,,,,,,,,,
131,9,broken,False,104.00946952406332,30.580139095210615,0.0,0.0,0.0,0.0,,,,0.0,0.0,0.0,-0.0,0.0,0.0,0.0,0.0,7.153028559288364,Inactive,Inactive,False,False,0.0,0.0,0.0,False,False,False,False,True,False,,-1,0.0,0.0,32.75110729571082,387.24889270428923,432.0,308.2714249679746,0.0,0,0,0,0,0,0,[],[],[],[],[],[],[],[],[],,,,,,,,,,
132,9,broken,False,104.00946952406332,30.580139095210615,0.0,0.0,0.0,0.0,,,,0.0,0.0,0.0,-0.0,0.0,0.0,0.0,0.0,7.153028559288364,Inactive,Inactive,False,False,0.0,0.0,0.0,False,False,False,False,True,False,,-1,0.0,0.0,32.75110729571082,387.24889270428923,432.0,308.2714249679746,0.0,0,0,0,0,0,0,[],[],[],[],[],[],[],[],[],,,,,,,,,,
133,9,broken,False,104.00946952406332,30.580139095210615,0.0,0.0,0.0,0.0,,,,0.0,0.0,0.0,-0.0,0.0,0.0,0.0,0.0,7.153028559288364,Inactive,Inactive,False,False,0.0,0.0,0.0,False,False,False,False,True,False,,-1,0.0,0.0,32.75110729571082,387.24889270428923,432.0,308.2714249679746,0.0,0,0,0,0,0,0,[],[],[],[],[],[],[],[],[],,,,,,,,,,
134,9,broken,False,104.00946952406332,30.580139095210615,0.0,0.0,0.0,0.0,,,,0.0,0.0,0.0,-0.0,0.0,0.0,0.0,0.0,7.153028559288364,Inactive,Inactive,False,False,0.0,0.0,0.0,False,False,False,False,True,False,,-1,0.0,0.0,32.75110729571082,387.24889270428923,432.0,308.2714249679746,0.0,0,0,0,0,0,0,[],[],[],[],[],[],[],[],[],,,,,,,,,,
135,9,broken,False,104.00946952406332,30.580139095210615,0.0,0.0,0.0,0.0,,,,0.0,0.0,0.0,-0.0,0.0,0.0,0.0,0.0,7.153028559288364,Inactive,Inactive,False,False,0.0,0.0,0.0,False,False,False,False,True,False,,-1,0.0,0.0,32.75110729571082,387.24889270428923,432.0,308.2714249679746,0.0,0,0,0,0,0,0,[],[],[],[],[],[],[],[],[],,,,,,,,,,
136,9,broken,False,104.00946952406332,30.580139095210615,0.0,0.0,0.0,0.0,,,,0.0,0.0,0.0,-0.0,0.0,0.0,0.0,0.0,7.153028559288364,Inactive,Inactive,False,False,0.0,0.0,0.0,False,False,False,False,True,False,,-1,0.0,0.0,32.75110729571082,387.24889270428923,432.0,308.2714249679746,0.0,0,0,0,0,0,0,[],[],[],[],[],[],[],[],[],,,,,,,,,,
137,9,broken,False,104.00946952406332,30.580139095210615,0.0,0.0,0.0,0.0,,,,0.0,0.0,0.0,-0.0,0.0,0.0,0.0,0.0,7.153028559288364,Inactive,Inactive,False,False,0.0,0.0,0.0,False,False,False,False,True,False,,-1,0.0,0.0,32.75110729571082,387.24889270428923,432.0,308.2714249679746,0.0,0,0,0,0,0,0,[],[],[],[],[],[],[],[],[],,,,,,,,,,
138,9,broken,False,104.00946952406332,30.580139095210615,0.0,0.0,0.0,0.0,,,,0.0,0.0,0.0,-0.0,0.0,0.0,0.0,0.0,7.153028559288364,Inactive,Inactive,False,False,0.0,0.0,0.0,False,False,False,False,True,False,,-1,0.0,0.0,32.75110729571082,387.24889270428923,432.0,308.2714249679746,0.0,0,0,0,0,0,0,[],[],[],[],[],[],[],[],[],,,,,,,,,,
139,9,broken,False,104.00946952406332,30.580139095210615,0.0,0.0,0.0,0.0,,,,0.0,0.0,0.0,-0.0,0.0,0.0,0.0,0.0,7.153028559288364,Inactive,Inactive,False,False,0.0,0.0,0.0,False,False,False,False,True,False,,-1,0.0,0.0,32.75110729571082,387.24889270428923,432.0,308.2714249679746,0.0,0,0,0,0,0,0,[],[],[],[],[],[],[],[],[],,,,,,,,,,
140,9,broken,False,104.00946952406332,30.580139095210615,0.0,0.0,0.0,0.0,,,,0.0,0.0,0.0,-0.0,0.0,0.0,0.0,0.0,7.153028559288364,Inactive,Inactive,False,False,0.0,0.0,0.0,False,False,False,False,True,False,,-1,0.0,0.0,32.75110729571082,387.24889270428923,432.0,308.2714249679746,0.0,0,0,0,0,0,0,[],[],[],[],[],[],[],[],[],,,,,,,,,,
141,9,broken,False,104.00946952406332,30.580139095210615,0.0,0.0,0.0,0.0,,,,0.0,0.0,0.0,-0.0,0.0,0.0,0.0,0.0,7.153028559288364,Inactive,Inactive,False,False,0.0,0.0,0.0,False,False,False,False,True,False,,-1,0.0,0.0,32.75110729571082,387.24889270428923,432.0,308.2714249679746,0.0,0,0,0,0,0,0,[],[],[],[],[],[],[],[],[],,,,,,,,,,
142,9,broken,False,104.00946952406332,30.580139095210615,0.0,0.0,0.0,0.0,,,,0.0,0.0,0.0,-0.0,0.0,0.0,0.0,0.0,7.153028559288364,Inactive,Inactive,False,False,0.0,0.0,0.0,False,False,False,False,True,False,,-1,0.0,0.0,32.75110729571082,387.24889270428923,432.0,308.2714249679746,0.0,0,0,0,0,0,0,[],[],[],[],[],[],[],[],[],,,,,,,,,,
143,9,broken,False,104.00946952406332,30.580139095210615,0.0,0.0,0.0,0.0,,,,0.0,0.0,0.0,-0.0,0.0,0.0,0.0,0.0,7.153028559288364,Inactive,Inactive,False,False,0.0,0.0,0.0,False,False,False,False,True,False,,-1,0.0,0.0,32.75110729571082,387.24889270428923,432.0,308.2714249679746,0.0,0,0,0,0,0,0,[],[],[],[],[],[],[],[],[],,,,,,,,,,
144,9,broken,False,104.00946952406332,30.580139095210615,0.0,0.0,0.0,0.0,,,,0.0,0.0,0.0,-0.0,0.0,0.0,0.0,0.0,7.153028559288364,Inactive,Inactive,False,False,0.0,0.0,0.0,False,False,False,False,True,False,,-1,0.0,0.0,32.75110729571082,387.24889270428923,432.0,308.2714249679746,0.0,0,0,0,0,0,0,[],[],[],[],[],[],[],[],[],,,,,,,,,,
145,9,broken,False,104.00946952406332,30.580139095210615,0.0,0.0,0.0,0.0,,,,0.0,0.0,0.0,-0.0,0.0,0.0,0.0,0.0,7.153028559288364,Inactive,Inactive,False,False,0.0,0.0,0.0,False,False,False,False,True,False,,-1,0.0,0.0,32.75110729571082,387.24889270428923,432.0,308.2714249679746,0.0,0,0,0,0,0,0,[],[],[],[],[],[],[],[],[],,,,,,,,,,
146,9,broken,False,104.00946952406332,30.580139095210615,0.0,0.0,0.0,0.0,,,,0.0,0.0,0.0,-0.0,0.0,0.0,0.0,0.0,7.153028559288364,Inactive,Inactive,False,False,0.0,0.0,0.0,False,False,False,False,True,False,,-1,0.0,0.0,32.75110729571082,387.24889270428923,432.0,308.2714249679746,0.0,0,0,0,0,0,0,[],[],[],[],[],[],[],[],[],,,,,,,,,,
147,9,broken,False,104.00946952406332,30.580139095210615,0.0,0.0,0.0,0.0,,,,0.0,0.0,0.0,-0.0,0.0,0.0,0.0,0.0,7.153028559288364,Inactive,Inactive,False,False,0.0,0.0,0.0,False,False,False,False,True,False,,-1,0.0,0.0,32.75110729571082,387.24889270428923,432.0,308.2714249679746,0.0,0,0,0,0,0,0,[],[],[],[],[],[],[],[],[],,,,,,,,,,
148,9,broken,False,104.00946952406332,30.580139095210615,0.0,0.0,0.0,0.0,,,,0.0,0.0,0.0,-0.0,0.0,0.0,0.0,0.0,7.153028559288364,Inactive,Inactive,False,False,0.0,0.0,0.0,False,False,False,False,True,False,,-1,0.0,0.0,32.75110729571082,387.24889270428923,432.0,308.2714249679746,0.0,0,0,0,0,0,0,[],[],[],[],[],[],[],[],[],,,,,,,,,,
149,9,broken,False,104.00946952406332,30.580139095210615,0.0,0.0,0.0,0.0,,,,0.0,0.0,0.0,-0.0,0.0,0.0,0.0,0.0,7.153028559288364,Inactive,Inactive,False,False,0.0,0.0,0.0,False,False,False,False,True,False,,-1,0.0,0.0,32.75110729571082,387.24889270428923,432.0,308.2714249679746,0.0,0,0,0,0,0,0,[],[],[],[],[],[],[],[],[],,,,,,,,,,
150,9,broken,False,104.00946952406332,30.580139095210615,0.0,0.0,0.0,0.0,,,,0.0,0.0,0.0,-0.0,0.0,0.0,0.0,0.0,7.153028559288364,Inactive,Inactive,False,False,0.0,0.0,0.0,False,False,False,False,True,False,,-1,0.0,0.0,32.75110729571082,387.24889270428923,432.0,308.2714249679746,0.0,0,0,0,0,0,0,[],[],[],[],[],[],[],[],[],,,,,,,,,,
151,9,broken,False,104.00946952406332,30.580139095210615,0.0,0.0,0.0,0.0,,,,0.0,0.0,0.0,-0.0,0.0,0.0,0.0,0.0,7.153028559288364,Inactive,Inactive,False,False,0.0,0.0,0.0,False,False,False,False,True,False,,-1,0.0,0.0,32.75110729571082,387.24889270428923,432.0,308.2714249679746,0.0,0,0,0,0,0,0,[],[],[],[],[],[],[],[],[],,,,,,,,,,
152,9,broken,False,104.00946952406332,30.580139095210615,0.0,0.0,0.0,0.0,,,,0.0,0.0,0.0,-0.0,0.0,0.0,0.0,0.0,7.153028559288364,Inactive,Inactive,False,False,0.0,0.0,0.0,False,False,False,False,True,False,,-1,0.0,0.0,32.75110729571082,387.24889270428923,432.0,308.2714249679746,0.0,0,0,0,0,0,0,[],[],[],[],[],[],[],[],[],,,,,,,,,,
153,9,broken,False,104.00946952406332,30.580139095210615,0.0,0.0,0.0,0.0,,,,0.0,0.0,0.0,-0.0,0.0,0.0,0.0,0.0,7.153028559288364,Inactive,Inactive,False,False,0.0,0.0,0.0,False,False,False,False,True,False,,-1,0.0,0.0,32.75110729571082,387.24889270428923,432.0,308.2714249679746,0.0,0,0,0,0,0,0,[],[],[],[],[],[],[],[],[],,,,,,,,,,
154,9,broken,False,104.00946952406332,30.580139095210615,0.0,0.0,0.0,0.0,,,,0.0,0.0,0.0,-0.0,0.0,0.0,0.0,0.0,7.153028559288364,Inactive,Inactive,False,False,0.0,0.0,0.0,False,False,False,False,True,False,,-1,0.0,0.0,32.75110729571082,387.24889270428923,432.0,308.2714249679746,0.0,0,0,0,0,0,0,[],[],[],[],[],[],[],[],[],,,,,,,,,,
155,9,broken,False,104.00946952406332,30.580139095210615,0.0,0.0,0.0,0.0,,,,0.0,0.0,0.0,-0.0,0.0,0.0,0.0,0.0,7.153028559288364,Inactive,Inactive,False,False,0.0,0.0,0.0,False,False,False,False,True,False,,-1,0.0,0.0,32.75110729571082,387.24889270428923,432.0,308.2714249679746,0.0,0,0,0,0,0,0,[],[],[],[],[],[],[],[],[],,,,,,,,,,
156,9,broken,False,104.00946952406332,30.580139095210615,0.0,0.0,0.0,0.0,,,,0.0,0.0,0.0,-0.0,0.0,0.0,0.0,0.0,7.153028559288364,Inactive,Inactive,False,False,0.0,0.0,0.0,False,False,False,False,True,False,,-1,0.0,0.0,32.75110729571082,387.24889270428923,432.0,308.2714249679746,0.0,0,0,0,0,0,0,[],[],[],[],[],[],[],[],[],,,,,,,,,,
157,9,broken,False,104.00946952406332,30.580139095210615,0.0,0.0,0.0,0.0,,,,0.0,0.0,0.0,-0.0,0.0,0.0,0.0,0.0,7.153028559288364,Inactive,Inactive,False,False,0.0,0.0,0.0,False,False,False,False,True,False,,-1,0.0,0.0,32.75110729571082,387.24889270428923,432.0,308.2714249679746,0.0,0,0,0,0,0,0,[],[],[],[],[],[],[],[],[],,,,,,,,,,
158,9,broken,False,104.00946952406332,30.580139095210615,0.0,0.0,0.0,0.0,,,,0.0,0.0,0.0,-0.0,0.0,0.0,0.0,0.0,7.153028559288364,Inactive,Inactive,False,False,0.0,0.0,0.0,False,False,False,False,True,False,,-1,0.0,0.0,32.75110729571082,387.24889270428923,432.0,308.2714249679746,0.0,0,0,0,0,0,0,[],[],[],[],[],[],[],[],[],,,,,,,,,,
159,9,broken,False,104.00946952406332,30.580139095210615,0.0,0.0,0.0,0.0,,,,0.0,0.0,0.0,-0.0,0.0,0.0,0.0,0.0,7.153028559288364,Inactive,Inactive,False,False,0.0,0.0,0.0,False,False,False,False,True,False,,-1,0.0,0.0,32.75110729571082,387.24889270428923,432.0,308.2714249679746,0.0,0,0,0,0,0,0,[],[],[],[],[],[],[],[],[],,,,,,,,,,
160,9,broken,False,104.00946952406332,30.580139095210615,0.0,0.0,0.0,0.0,,,,0.0,0.0,0.0,-0.0,0.0,0.0,0.0,0.0,7.153028559288364,Inactive,Inactive,False,False,0.0,0.0,0.0,False,False,False,False,True,False,,-1,0.0,0.0,32.75110729571082,387.24889270428923,432.0,308.2714249679746,0.0,0,0,0,0,0,0,[],[],[],[],[],[],[],[],[],,,,,,,,,,
161,9,broken,False,104.00946952406332,30.580139095210615,0.0,0.0,0.0,0.0,,,,0.0,0.0,0.0,-0.0,0.0,0.0,0.0,0.0,7.153028559288364,Inactive,Inactive,False,False,0.0,0.0,0.0,False,False,False,False,True,False,,-1,0.0,0.0,32.75110729571082,387.24889270428923,432.0,308.2714249679746,0.0,0,0,0,0,0,0,[],[],[],[],[],[],[],[],[],,,,,,,,,,
162,9,broken,False,104.00946952406332,30.580139095210615,0.0,0.0,0.0,0.0,,,,0.0,0.0,0.0,-0.0,0.0,0.0,0.0,0.0,7.153028559288364,Inactive,Inactive,False,False,0.0,0.0,0.0,False,False,False,False,True,False,,-1,0.0,0.0,32.75110729571082,387.24889270428923,432.0,308.2714249679746,0.0,0,0,0,0,0,0,[],[],[],[],[],[],[],[],[],,,,,,,,,,
163,9,broken,False,104.00946952406332,30.580139095210615,0.0,0.0,0.0,0.0,,,,0.0,0.0,0.0,-0.0,0.0,0.0,0.0,0.0,7.153028559288364,Inactive,Inactive,False,False,0.0,0.0,0.0,False,False,False,False,True,False,,-1,0.0,0.0,32.75110729571082,387.24889270428923,432.0,308.2714249679746,0.0,0,0,0,0,0,0,[],[],[],[],[],[],[],[],[],,,,,,,,,,
164,9,broken,False,104.00946952406332,30.580139095210615,0.0,0.0,0.0,0.0,,,,0.0,0.0,0.0,-0.0,0.0,0.0,0.0,0.0,7.153028559288364,Inactive,Inactive,False,False,0.0,0.0,0.0,False,False,False,False,True,False,,-1,0.0,0.0,32.75110729571082,387.24889270428923,432.0,308.2714249679746,0.0,0,0,1,0,0,0,[],[],[],[],[],[],[],[],[],,,,,,,,,,
165,9,broken,False,104.00946952406332,30.580139095210615,0.0,0.0,0.0,0.0,,,,0.0,0.0,0.0,-0.0,0.0,0.0,0.0,0.0,7.153028559288364,Inactive,Inactive,False,False,0.0,0.0,0.0,False,False,False,False,True,False,,-1,0.0,0.0,32.75110729571082,387.24889270428923,432.0,308.2714249679746,0.0,0,0,1,0,0,0,[],[],[],[],[],[],[],[],[],,,,,,,,,,
166,9,broken,False,104.00946952406332,30.580139095210615,0.0,0.0,0.0,0.0,,,,0.0,0.0,0.0,-0.0,0.0,0.0,0.0,0.0,7.153028559288364,Inactive,Inactive,False,False,0.0,0.0,0.0,False,False,False,False,True,False,,-1,0.0,0.0,32.75110729571082,387.24889270428923,432.0,308.2714249679746,0.0,0,0,1,0,0,0,[],[],[],[],[],[],[],[],[],,,,,,,,,,
167,9,broken,False,104.00946952406332,30.580139095210615,0.0,0.0,0.0,0.0,,,,0.0,0.0,0.0,-0.0,0.0,0.0,0.0,0.0,7.153028559288364,Inactive,Inactive,False,False,0.0,0.0,0.0,False,False,False,False,True,False,,-1,0.0,0.0,32.75110729571082,387.24889270428923,432.0,308.2714249679746,0.0,0,0,1,0,0,0,[],[],[],[],[],[],[],[],[],,,,,,,,,,
168,9,broken,False,104.00946952406332,30.580139095210615,0.0,0.0,0.0,0.0,,,,0.0,0.0,0.0,-0.0,0.0,0.0,0.0,0.0,7.153028559288364,Inactive,Inactive,False,False,0.0,0.0,0.0,False,False,False,False,True,False,,-1,0.0,0.0,32.75110729571082,387.24889270428923,432.0,308.2714249679746,0.0,0,0,1,0,0,0,[],[],[],[],[],[],[],[],[],,,,,,,,,,
169,9,broken,False,104.00946952406332,30.580139095210615,0.0,0.0,0.0,0.0,,,,0.0,0.0,0.0,-0.0,0.0,0.0,0.0,0.0,7.153028559288364,Inactive,Inactive,False,False,0.0,0.0,0.0,False,False,False,False,True,False,,-1,0.0,0.0,32.75110729571082,387.24889270428923,432.0,308.2714249679746,0.0,0,0,0,0,0,0,[],[],[],[],[],[],[],[],[],,,,,,,,,,
170,9,broken,False,104.00946952406332,30.580139095210615,0.0,0.0,0.0,0.0,,,,0.0,0.0,0.0,-0.0,0.0,0.0,0.0,0.0,7.153028559288364,Inactive,Inactive,False,False,0.0,0.0,0.0,False,False,False,False,True,False,,-1,0.0,0.0,32.75110729571082,387.24889270428923,432.0,308.2714249679746,0.0,0,0,0,0,0,0,[],[],[],[],[],[],[],[],[],,,,,,,,,,
171,9,broken,False,104.00946952406332,30.580139095210615,0.0,0.0,0.0,0.0,,,,0.0,0.0,0.0,-0.0,0.0,0.0,0.0,0.0,7.153028559288364,Inactive,Inactive,False,False,0.0,0.0,0.0,False,False,False,False,True,False,,-1,0.0,0.0,32.75110729571082,387.24889270428923,432.0,308.2714249679746,0.0,0,0,0,0,0,0,[],[],[],[],[],[],[],[],[],,,,,,,,,,
172,9,broken,False,104.00946952406332,30.580139095210615,0.0,0.0,0.0,0.0,,,,0.0,0.0,0.0,-0.0,0.0,0.0,0.0,0.0,7.153028559288364,Inactive,Inactive,False,False,0.0,0.0,0.0,False,False,False,False,True,False,,-1,0.0,0.0,32.75110729571082,387.24889270428923,432.0,308.2714249679746,0.0,0,0,0,0,0,0,[],[],[],[],[],[],[],[],[],,,,,,,,,,
173,9,broken,False,104.00946952406332,30.580139095210615,0.0,0.0,0.0,0.0,,,,0.0,0.0,0.0,-0.0,0.0,0.0,0.0,0.0,7.153028559288364,Inactive,Inactive,False,False,0.0,0.0,0.0,False,False,False,False,True,False,,-1,0.0,0.0,32.75110729571082,387.24889270428923,432.0,308.2714249679746,0.0,0,0,0,0,0,0,[],[],[],[],[],[],[],[],[],,,,,,,,,,
174,9,broken,False,104.00946952406332,30.580139095210615,0.0,0.0,0.0,0.0,,,,0.0,0.0,0.0,-0.0,0.0,0.0,0.0,0.0,7.153028559288364,Inactive,Inactive,False,False,0.0,0.0,0.0,False,False,False,False,True,False,,-1,0.0,0.0,32.75110729571082,387.24889270428923,432.0,308.2714249679746,0.0,0,0,0,0,0,0,[],[],[],[],[],[],[],[],[],,,,,,,,,,
175,9,broken,False,104.00946952406332,30.580139095210615,0.0,0.0,0.0,0.0,,,,0.0,0.0,0.0,-0.0,0.0,0.0,0.0,0.0,7.153028559288364,Inactive,Inactive,False,False,0.0,0.0,0.0,False,False,False,False,True,False,,-1,0.0,0.0,32.75110729571082,387.24889270428923,432.0,308.2714249679746,0.0,0,0,0,0,0,0,[],[],[],[],[],[],[],[],[],,,,,,,,,,
176,9,broken,False,104.00946952406332,30.580139095210615,0.0,0.0,0.0,0.0,,,,0.0,0.0,0.0,-0.0,0.0,0.0,0.0,0.0,7.153028559288364,Inactive,Inactive,False,False,0.0,0.0,0.0,False,False,False,False,True,False,,-1,0.0,0.0,32.75110729571082,387.24889270428923,432.0,308.2714249679746,0.0,0,0,0,0,0,0,[],[],[],[],[],[],[],[],[],,,,,,,,,,
177,9,broken,False,104.00946952406332,30.580139095210615,0.0,0.0,0.0,0.0,,,,0.0,0.0,0.0,-0.0,0.0,0.0,0.0,0.0,7.153028559288364,Inactive,Inactive,False,False,0.0,0.0,0.0,False,False,False,False,True,False,,-1,0.0,0.0,32.75110729571082,387.24889270428923,432.0,308.2714249679746,0.0,0,0,0,0,0,0,[],[],[],[],[],[],[],[],[],,,,,,,,,,
178,9,broken,False,104.00946952406332,30.580139095210615,0.0,0.0,0.0,0.0,,,,0.0,0.0,0.0,-0.0,0.0,0.0,0.0,0.0,7.153028559288364,Inactive,Inactive,False,False,0.0,0.0,0.0,False,False,False,False,True,False,,-1,0.0,0.0,32.75110729571082,387.24889270428923,432.0,308.2714249679746,0.0,0,0,0,0,0,0,[],[],[],[],[],[],[],[],[],,,,,,,,,,
179,9,broken,False,104.00946952406332,30.580139095210615,0.0,0.0,0.0,0.0,,,,0.0,0.0,0.0,-0.0,0.0,0.0,0.0,0.0,7.153028559288364,Inactive,Inactive,False,False,0.0,0.0,0.0,False,False,False,False,True,False,,-1,0.0,0.0,32.75110729571082,387.24889270428923,432.0,308.2714249679746,0.0,0,0,0,0,0,0,[],[],[],[],[],[],[],[],[],,,,,,,,,,
180,9,broken,False,104.00946952406332,30.580139095210615,0.0,0.0,0.0,0.0,,,,0.0,0.0,0.0,-0.0,0.0,0.0,0.0,0.0,7.153028559288364,Inactive,Inactive,False,False,0.0,0.0,0.0,False,False,False,False,True,False,,-1,0.0,0.0,32.75110729571082,387.24889270428923,432.0,308.2714249679746,0.0,0,0,0,0,0,0,[],[],[],[],[],[],[],[],[],,,,,,,,,,
181,9,broken,False,104.00946952406332,30.580139095210615,0.0,0.0,0.0,0.0,,,,0.0,0.0,0.0,-0.0,0.0,0.0,0.0,0.0,7.153028559288364,Inactive,Inactive,False,False,0.0,0.0,0.0,False,False,False,False,True,False,,-1,0.0,0.0,32.75110729571082,387.24889270428923,432.0,308.2714249679746,0.0,0,0,0,0,0,0,[],[],[],[],[],[],[],[],[],,,,,,,,,,
182,9,broken,False,104.00946952406332,30.580139095210615,0.0,0.0,0.0,0.0,,,,0.0,0.0,0.0,-0.0,0.0,0.0,0.0,0.0,7.153028559288364,Inactive,Inactive,False,False,0.0,0.0,0.0,False,False,False,False,True,False,,-1,0.0,0.0,32.75110729571082,387.24889270428923,432.0,308.2714249679746,0.0,0,0,0,0,0,0,[],[],[],[],[],[],[],[],[],,,,,,,,,,
183,9,broken,False,104.00946952406332,30.580139095210615,0.0,0.0,0.0,0.0,,,,0.0,0.0,0.0,-0.0,0.0,0.0,0.0,0.0,7.153028559288364,Inactive,Inactive,False,False,0.0,0.0,0.0,False,False,False,False,True,False,,-1,0.0,0.0,32.75110729571082,387.24889270428923,432.0,308.2714249679746,0.0,0,0,0,0,0,0,[],[],[],[],[],[],[],[],[],,,,,,,,,,
184,9,broken,False,104.00946952406332,30.580139095210615,0.0,0.0,0.0,0.0,,,,0.0,0.0,0.0,-0.0,0.0,0.0,0.0,0.0,7.153028559288364,Inactive,Inactive,False,False,0.0,0.0,0.0,False,False,False,False,True,False,,-1,0.0,0.0,32.75110729571082,387.24889270428923,432.0,308.2714249679746,0.0,0,0,0,0,0,0,[],[],[],[],[],[],[],[],[],,,,,,,,,,
185,9,broken,False,104.00946952406332,30.580139095210615,0.0,0.0,0.0,0.0,,,,0.0,0.0,0.0,-0.0,0.0,0.0,0.0,0.0,7.153028559288364,Inactive,Inactive,False,False,0.0,0.0,0.0,False,False,False,False,True,False,,-1,0.0,0.0,32.75110729571082,387.24889270428923,432.0,308.2714249679746,0.0,0,0,0,0,0,0,[],[],[],[],[],[],[],[],[],,,,,,,,,,
186,9,broken,False,104.00946952406332,30.580139095210615,0.0,0.0,0.0,0.0,,,,0.0,0.0,0.0,-0.0,0.0,0.0,0.0,0.0,7.153028559288364,Inactive,Inactive,False,False,0.0,0.0,0.0,False,False,False,False,True,False,,-1,0.0,0.0,32.75110729571082,387.24889270428923,432.0,308.2714249679746,0.0,0,0,0,0,0,0,[],[],[],[],[],[],[],[],[],,,,,,,,,,
187,9,broken,False,104.00946952406332,30.580139095210615,0.0,0.0,0.0,0.0,,,,0.0,0.0,0.0,-0.0,0.0,0.0,0.0,0.0,7.153028559288364,Inactive,Inactive,False,False,0.0,0.0,0.0,False,False,False,False,True,False,,-1,0.0,0.0,32.75110729571082,387.24889270428923,432.0,308.2714249679746,0.0,0,0,0,0,0,0,[],[],[],[],[],[],[],[],[],,,,,,,,,,
188,9,broken,False,104.00946952406332,30.580139095210615,0.0,0.0,0.0,0.0,,,,0.0,0.0,0.0,-0.0,0.0,0.0,0.0,0.0,7.153028559288364,Inactive,Inactive,False,False,0.0,0.0,0.0,False,False,False,False,True,False,,-1,0.0,0.0,32.75110729571082,387.24889270428923,432.0,308.2714249679746,0.0,0,0,0,0,0,0,[],[],[],[],[],[],[],[],[],,,,,,,,,,
189,9,broken,False,104.00946952406332,30.580139095210615,0.0,0.0,0.0,0.0,,,,0.0,0.0,0.0,-0.0,0.0,0.0,0.0,0.0,7.153028559288364,Inactive,Inactive,False,False,0.0,0.0,0.0,False,False,False,False,True,False,,-1,0.0,0.0,32.75110729571082,387.24889270428923,432.0,308.2714249679746,0.0,0,0,0,0,0,0,[],[],[],[],[],[],[],[],[],,,,,,,,,,
190,9,broken,False,104.00946952406332,30.580139095210615,0.0,0.0,0.0,0.0,,,,0.0,0.0,0.0,-0.0,0.0,0.0,0.0,0.0,7.153028559288364,Inactive,Inactive,False,False,0.0,0.0,0.0,False,False,False,False,True,False,,-1,0.0,0.0,32.75110729571082,387.24889270428923,432.0,308.2714249679746,0.0,0,0,0,0,0,0,[],[],[],[],[],[],[],[],[],,,,,,,,,,
191,9,broken,False,104.00946952406332,30.580139095210615,0.0,0.0,0.0,0.0,,,,0.0,0.0,0.0,-0.0,0.0,0.0,0.0,0.0,7.153028559288364,Inactive,Inactive,False,False,0.0,0.0,0.0,False,False,False,False,True,False,,-1,0.0,0.0,32.75110729571082,387.24889270428923,432.0,308.2714249679746,0.0,0,0,0,0,0,0,[],[],[],[],[],[],[],[],[],,,,,,,,,,
192,9,broken,False,104.00946952406332,30.580139095210615,0.0,0.0,0.0,0.0,,,,0.0,0.0,0.0,-0.0,0.0,0.0,0.0,0.0,7.153028559288364,Inactive,Inactive,False,False,0.0,0.0,0.0,False,False,False,False,True,False,,-1,0.0,0.0,32.75110729571082,387.24889270428923,432.0,308.2714249679746,0.0,0,0,0,0,0,0,[],[],[],[],[],[],[],[],[],,,,,,,,,,
193,9,broken,False,104.00946952406332,30.580139095210615,0.0,0.0,0.0,0.0,,,,0.0,0.0,0.0,-0.0,0.0,0.0,0.0,0.0,7.153028559288364,Inactive,Inactive,False,False,0.0,0.0,0.0,False,False,False,False,True,False,,-1,0.0,0.0,32.75110729571082,387.24889270428923,432.0,308.2714249679746,0.0,0,0,0,0,0,0,[],[],[],[],[],[],[],[],[],,,,,,,,,,
194,9,broken,False,104.00946952406332,30.580139095210615,0.0,0.0,0.0,0.0,,,,0.0,0.0,0.0,-0.0,0.0,0.0,0.0,0.0,7.153028559288364,Inactive,Inactive,False,False,0.0,0.0,0.0,False,False,False,False,True,False,,-1,0.0,0.0,32.75110729571082,387.24889270428923,432.0,308.2714249679746,0.0,0,0,0,0,0,0,[],[],[],[],[],[],[],[],[],,,,,,,,,,
195,9,broken,False,104.00946952406332,30.580139095210615,0.0,0.0,0.0,0.0,,,,0.0,0.0,0.0,-0.0,0.0,0.0,0.0,0.0,7.153028559288364,Inactive,Inactive,False,False,0.0,0.0,0.0,False,False,False,False,True,False,,-1,0.0,0.0,32.75110729571082,387.24889270428923,432.0,308.2714249679746,0.0,0,0,0,0,0,0,[],[],[],[],[],[],[],[],[],,,,,,,,,,
196,9,broken,False,104.00946952406332,30.580139095210615,0.0,0.0,0.0,0.0,,,,0.0,0.0,0.0,-0.0,0.0,0.0,0.0,0.0,7.153028559288364,Inactive,Inactive,False,False,0.0,0.0,0.0,False,False,False,False,True,False,,-1,0.0,0.0,32.75110729571082,387.24889270428923,432.0,308.2714249679746,0.0,0,0,0,0,0,0,[],[],[],[],[],[],[],[],[],,,,,,,,,,
197,9,broken,False,104.00946952406332,30.580139095210615,0.0,0.0,0.0,0.0,,,,0.0,0.0,0.0,-0.0,0.0,0.0,0.0,0.0,7.153028559288364,Inactive,Inactive,False,False,0.0,0.0,0.0,False,False,False,False,True,False,,-1,0.0,0.0,32.75110729571082,387.24889270428923,432.0,308.2714249679746,0.0,0,0,0,0,0,0,[],[],[],[],[],[],[],[],[],,,,,,,,,,
198,9,broken,False,104.00946952406332,30.580139095210615,0.0,0.0,0.0,0.0,,,,0.0,0.0,0.0,-0.0,0.0,0.0,0.0,0.0,7.153028559288364,Inactive,Inactive,False,False,0.0,0.0,0.0,False,False,False,False,True,False,,-1,0.0,0.0,32.75110729571082,387.24889270428923,432.0,308.2714249679746,0.0,0,0,0,0,0,0,[],[],[],[],[],[],[],[],[],,,,,,,,,,
199,9,broken,False,104.00946952406332,30.580139095210615,0.0,0.0,0.0,0.0,,,,0.0,0.0,0.0,-0.0,0.0,0.0,0.0,0.0,7.153028559288364,Inactive,Inactive,False,False,0.0,0.0,0.0,False,False,False,False,True,False,,-1,0.0,0.0,32.75110729571082,387.24889270428923,432.0,308.2714249679746,0.0,0,0,0,0,0,0,[],[],[],[],[],[],[],[],[],,,,,,,,,,
200,9,broken,False,104.00946952406332,30.580139095210615,0.0,0.0,0.0,0.0,,,,0.0,0.0,0.0,-0.0,0.0,0.0,0.0,0.0,7.153028559288364,Inactive,Inactive,False,False,0.0,0.0,0.0,False,False,False,False,True,False,,-1,0.0,0.0,32.75110729571082,387.24889270428923,432.0,308.2714249679746,0.0,0,0,0,0,0,0,[],[],[],[],[],[],[],[],[],,,,,,,,,,
